regime_prob_0,regime_prob_1,regime_prob_2,regime_prob_3,regime_most_likely
2.8087593296845116e-308,6.1070860351611485e-109,1.0,8.804196187969011e-178,2
1.2403925167094373e-06,0.000531745087311801,0.998448247555341,0.00101876696423355,2
2.053610503247525e-06,0.0006626563049980763,0.9990641863947857,0.0002711036893058055,2
2.655776341791701e-06,0.0003891873655702165,0.9992568561466931,0.0003513007104215156,2
2.0238325808200814e-05,1.754580703957922e-05,0.9985663090334874,0.0013959068345766649,2
0.0008110287275933229,4.084122308180835e-07,0.9945383043515341,0.004650258509817706,2
2.2208312785031736e-05,2.156694422641844e-05,0.9997641580330446,0.00019206671085796262,2
3.420711931920939e-06,3.6006287323491893e-06,0.9991733655704206,0.0008196130888836175,2
5.323522614987908e-06,8.420261896343502e-06,0.9995976284253038,0.00038862779172081315,2
5.323772085795027e-06,4.234393191332761e-06,0.9993787636501148,0.0006116781846311535,2
1.0603568809127703e-05,2.1804502371212218e-06,0.9997620466757272,0.000225169305546236,2
9.2936889906144e-06,3.1846513810576435e-06,0.9998112803423983,0.00017624131886448958,2
5.477524347286491e-05,4.073454738707788e-06,0.9998969471914667,4.4204108737952194e-05,2
9.761000810124806e-05,2.2788588181592157e-06,0.9998167967805229,8.331435326110282e-05,2
6.2984630962426e-05,5.352360037601023e-07,0.9990854620528903,0.0008510180812720572,2
0.00030419626307356295,1.7302775652894227e-06,0.9994470368218402,0.0002470366358794056,2
0.0020868812911314346,5.096128955224322e-06,0.9978475284779977,6.0494103647838915e-05,2
0.024737899218014524,2.1021835629715454e-06,0.9748013777275047,0.00045862087006256786,2
0.2758306104134289,1.4871218969872776e-06,0.7237347225684857,0.0004331798976308954,2
0.424107504088414,8.176648154541538e-07,0.5754172438070003,0.0004744344397511884,2
0.5080068719135293,1.4939481529442073e-06,0.4915516935419862,0.00043994059524837006,2
0.5021984652088457,6.072360773185207e-07,0.49683566920845507,0.0009652583475829318,2
0.39721485231652115,1.1017217846535793e-06,0.6023414023882555,0.00044264357236404597,2
0.27281874370691356,8.40427078224353e-07,0.7266272206711158,0.0005531951960885276,2
0.22999368134234133,1.8855480276904107e-06,0.769858924550762,0.00014550855838602386,2
0.19420665127415926,1.487770294023281e-06,0.8055249890053353,0.0002668719491394995,2
0.1247308503402737,1.8940974274661359e-06,0.8750987168051009,0.0001685387585742748,2
0.08889939130034327,1.6698544994322721e-06,0.9108871650056157,0.00021177383924338378,2
0.04982678434143011,1.8678130875586983e-06,0.9499737212947189,0.00019762655071049702,2
0.0032463106773002078,2.4831053585078553e-06,0.9965376326852529,0.0002135735325181358,2
8.433018768183824e-05,1.0224257750607557e-05,0.9998105218981436,9.492365740917625e-05,2
3.9746786609007906e-05,3.720807940378645e-06,0.9999089841898114,4.754821729678093e-05,2
1.8190369700509644e-05,7.833081885110538e-06,0.9999388974834861,3.507906529788285e-05,2
1.9280092289203557e-05,4.619543772214855e-06,0.9999008199885127,7.528037506626227e-05,2
2.728071633933091e-05,3.2966650572309456e-06,0.9998843198094148,8.510280757846765e-05,2
3.1483536756854956e-05,5.110844568797717e-06,0.9999112475695069,5.2158050692184626e-05,2
5.4708499242394264e-05,2.5278134368894433e-06,0.9998458417195855,9.692196931344161e-05,2
0.0001865464564951803,2.8713186943889505e-06,0.9997542119937411,5.6370232472441136e-05,2
0.00021929874111102887,2.7034293904741406e-06,0.9997160719895136,6.192584140222082e-05,2
0.00018050400372826862,2.817149827899601e-06,0.9997601363966271,5.6542450071231384e-05,2
0.0003137648031311438,2.779073748989338e-06,0.999577695419885,0.00010576070474239299,2
0.000972255442283586,2.681685900509017e-06,0.9989363175866894,8.874528683732785e-05,2
0.003158715705884228,1.5960226640442396e-06,0.9963518255911393,0.00048786267952283317,2
0.0008802590726727777,1.3197927986082075e-06,0.9979592790666237,0.0011591420684983816,2
4.653549278831652e-05,1.8648771574705505e-07,0.9938329137556823,0.0061203642620251625,2
3.992468410165893e-05,4.191813502987058e-06,0.9996261337453812,0.0003297497566673517,2
5.64293834980085e-05,3.118403318368693e-06,0.9998464327456211,9.401946921331224e-05,2
4.088137737591809e-06,5.485598671952461e-05,0.9998518714273579,8.918444919230802e-05,2
3.9883986300411735e-06,3.906222063761336e-05,0.9998413608489748,0.00011558853110774798,2
9.758244356759498e-06,3.557164820544111e-06,0.9998108093895461,0.00017587520043424836,2
4.7566751336202684e-05,4.647019160033583e-06,0.9999108936802126,3.689254988259227e-05,2
0.0001282193319392161,2.945079116042785e-06,0.9998242368250687,4.4598764397145165e-05,2
3.672221349187948e-05,3.4071363908350106e-06,0.9999039537394842,5.591690904350399e-05,2
5.7460549033061834e-05,3.0535857195793687e-06,0.9998779429432829,6.154292367892073e-05,2
4.6040619487462094e-05,3.059210563958586e-06,0.999902034484407,4.8865686237803846e-05,2
2.5394384046254733e-05,2.2288426579162468e-06,0.999869797157497,0.00010257961760874273,2
2.396014934986218e-05,2.7653116598313345e-06,0.9998784519945778,9.482254496062155e-05,2
2.5697730407241544e-05,4.672698643878866e-06,0.9999073470896331,6.228247998717109e-05,2
2.2240919552903133e-05,4.328727551324799e-06,0.999888678169902,8.475218234475907e-05,2
1.18989524405101e-05,1.0146685049666815e-05,0.9999252246362023,5.272972797769397e-05,2
2.797999459529608e-06,4.131249356107029e-05,0.9997676344028045,0.00018825510556870527,2
3.897121205469725e-06,5.627966862248247e-05,0.9998412861549341,9.853705667216742e-05,2
3.837617793477838e-06,5.5833471043945025e-05,0.9998673656155856,7.296329716897421e-05,2
8.557744359281921e-06,2.8079766387790845e-05,0.9999048973082553,5.8465179720999764e-05,2
0.00017985230888423992,1.2420865746626895e-06,0.9996655685543527,0.000153337049431885,2
0.0011824396514998978,1.7482186653896768e-06,0.998646488786381,0.00016932334356488428,2
0.0010398694234617831,2.003051348683131e-06,0.9988181457930614,0.00013998173304486508,2
0.002951025490784797,1.14850124697925e-06,0.9968204199066615,0.00022740610054677862,2
0.01930224818518112,1.7739665197470459e-06,0.9805223515562803,0.00017362629330645816,2
0.044448501445810466,2.6522458293966345e-06,0.9553854421475135,0.00016340415957236904,2
0.12723276675706696,1.5598811535225584e-06,0.8723011236342734,0.0004645497259173395,2
0.3164207345266037,3.627358225957759e-07,0.6824752390309686,0.0011036637060826743,2
0.9976124378466317,4.721786909540495e-10,0.0011713586200339315,0.0012162030602032848,0
0.9999250811868835,1.9961842161665277e-10,5.419336957863487e-05,2.0725245450568377e-05,0
0.9999502689785796,4.374385325102323e-12,3.940134462768919e-05,1.032967281248998e-05,0
0.9999917179172458,1.9671581147919483e-13,2.6196140408765436e-06,5.662469406547556e-06,0
0.9999946008938656,4.4505803343441225e-14,1.5682179562217517e-06,3.830887719778941e-06,0
0.9999963202530525,4.3901660105958003e-14,6.523989951477731e-07,3.0273494153685957e-06,0
0.9999924262588457,1.7073608139619154e-14,5.010862274100322e-07,7.07265338917047e-06,0
0.9999930327164174,3.7435053646076906e-13,2.9474152504965074e-06,4.019868113156266e-06,0
0.9999837027553593,1.899365487811074e-13,2.3187178491201366e-06,1.3978525726263642e-05,0
0.9999691416337642,1.285355291573374e-14,4.229985442289683e-07,3.0435368651550177e-05,0
0.9999951718426159,1.3830029357667334e-13,5.311102356584532e-07,4.297045991965665e-06,0
0.9999943741071549,4.2702926580829835e-14,1.1882496639574835e-06,4.437642363225779e-06,0
0.9999956913472542,1.0839307872387806e-14,1.6876344091839068e-07,4.13989077130137e-06,0
0.9999966279522151,1.51865375159907e-14,3.751860463432019e-08,3.334530105439552e-06,0
0.9999878975436541,1.2486299752867299e-14,7.291672825289774e-08,1.2029539654434293e-05,0
0.999982865910531,2.6071395855568045e-13,1.4590324750578562e-09,1.7132631303052767e-05,0
0.9995632000761908,4.667923408406187e-16,4.014785246478748e-09,0.0004367959106354458,0
0.9999943963132528,2.821006695586572e-13,1.3760040061159e-09,5.602310373175561e-06,0
0.9999923832036934,1.850020931672014e-15,7.639191804724816e-10,7.616031305554277e-06,0
0.999994603000244,3.1636381651943704e-15,6.355698582515589e-10,5.39636263468518e-06,0
0.999992984997383,1.0146199298322339e-15,8.683616266957962e-10,7.014135321287147e-06,0
0.9999963410440251,2.5977560174015176e-15,9.141031424329733e-10,3.6580430979053706e-06,0
0.9999937137815545,1.5584891894158984e-15,9.953395091129167e-10,6.285224262168996e-06,0
0.9999946266215132,1.986392021451406e-15,2.2399267071604872e-11,5.373357096388196e-06,0
0.9999824298153889,3.988365102865628e-16,5.489754078119578e-13,1.7570183934768776e-05,0
0.9999883978980529,9.769915865315218e-16,1.1234281451943976e-11,1.1602089257634263e-05,0
0.9999935571530119,1.7370983948726178e-15,1.3378247710917065e-11,6.442834536094447e-06,0
0.9999893283989952,6.966614419377358e-16,2.946998957243424e-11,1.0671570526966152e-05,0
0.9999922547767521,1.0167253025252058e-15,9.681466507815806e-11,7.745125223380696e-06,0
0.9999944892703707,4.294510493408468e-15,1.1112040183147374e-10,5.51061692523963e-06,0
0.999978622944791,8.704404108749812e-16,1.10020105170574e-11,2.1377042763277252e-05,0
0.9999679107078083,1.8606104017365917e-15,2.6800683230314877e-13,3.2089291114960606e-05,0
0.9999797882379304,3.381240444416227e-15,4.492144016333842e-14,2.021176276280406e-05,0
0.9999662610915119,1.3779252342132972e-14,1.2754090321831628e-13,3.373890959453092e-05,0
0.9997932631266635,1.1407341654175777e-15,2.3637449130554316e-13,0.0002067368722530612,0
0.9999639758656997,1.1987828917338498e-14,1.1828637447989571e-12,3.602413317864308e-05,0
0.9999835162901739,2.399339396264119e-14,1.8889586519558024e-12,1.648370762274261e-05,0
0.9999190620488828,1.0192442045883452e-15,9.78845777338784e-14,8.093795151537269e-05,0
0.9999775381596689,2.4257897935261534e-15,2.9691045326680896e-12,2.2461838337040176e-05,0
0.9999928799587633,7.72396979791649e-15,2.4917569893052532e-11,7.120016264898333e-06,0
0.9999804792546387,8.823154784521247e-16,2.3939753469822497e-10,1.9520506895604707e-05,0
0.9999890200108704,1.7131670952904923e-14,2.578624208283181e-11,1.0979962293494571e-05,0
0.9999254902797748,1.0351456839826275e-14,4.908737100790856e-07,7.40188461996207e-05,0
0.9999963772199547,3.682969712449295e-14,4.776651073081608e-09,3.618004169845769e-06,0
0.9999966672677203,1.581789860835725e-15,1.5740984053064772e-09,3.3311581894189173e-06,0
0.9999941920237186,4.576148205873179e-15,2.8584662439282503e-09,5.805116955886135e-06,0
0.9999841960791952,1.2556522270770706e-15,2.322700139825721e-09,1.5801598437129353e-05,0
0.999996773274437,1.0692791802100721e-14,1.1069795171213595e-08,3.215655860423063e-06,0
0.9999963638722589,3.842054588682673e-15,1.2745111144021882e-08,3.623383638754847e-06,0
0.9999939189986701,4.273683416992015e-15,2.6954498296428978e-08,6.054047605113198e-06,0
0.9999951404943044,3.410464974912185e-14,6.03603860679901e-07,4.25590348669776e-06,0
0.9999944424462047,3.2596162130169696e-14,1.0917066541017766e-06,4.465847929637156e-06,0
0.9999941104607108,2.665588695401864e-13,2.203686338483197e-06,3.6858538946478006e-06,0
0.99992131104249,9.778459054260342e-12,7.096801215243458e-05,7.72093465081289e-06,0
0.9993477748235694,9.583741838337377e-11,0.0006177450391691487,3.4480042122835664e-05,0
0.9988492230021451,4.516995387146673e-10,0.0011052214394494633,4.5555105671862035e-05,0
0.9992477776296141,1.274864514556895e-09,0.0007414089166477817,1.0812179132848687e-05,0
0.9986248702155784,1.2921021909710089e-09,0.0013585433827332416,1.658510838934993e-05,0
0.9954723665691075,5.812867977086489e-09,0.004456529775342281,7.109784265286852e-05,0
0.9137770143908813,2.3984032426712612e-08,0.08566844671542569,0.0005545149093601731,0
0.5196703119099663,2.842996133085032e-07,0.47923517346832223,0.0010942303222491782,2
0.1325086252346873,1.462606335865891e-06,0.866935454880792,0.0005544572797865084,2
0.02323831205759039,2.595808448411142e-06,0.9765772939228521,0.00018179821034219017,2
0.0017085891906992818,1.0661515860773792e-06,0.9978923379129727,0.00039800674343379034,2
0.0002198790055045897,4.110747304832389e-06,0.9997271484568481,4.886178898054975e-05,2
0.00019103590267463623,2.673177697199686e-06,0.9995103367782905,0.0002959541429528152,2
0.00014553884135409744,0.00032130109294807905,0.9987096658140716,0.0008234942522396171,2
4.0391957009631886e-06,0.02864174781898773,0.9673575245143441,0.003996688470292198,2
2.0360114486813737e-06,0.1940241084714637,0.7993519300077415,0.006621925508687189,2
1.181832668195323e-06,0.3722633482428909,0.6140083697167511,0.013727100205951774,2
4.4811139361419797e-07,0.6060443971231415,0.3807669471000399,0.013188207665666394,2
3.0179549001255384e-07,0.8412011209051072,0.1532519150064867,0.005546662293747632,1
1.392876280057161e-09,0.9861350291652594,0.00515927888483658,0.008705690558007857,1
1.481458890143948e-11,0.9992446171804571,3.857549912185895e-05,0.0007168073069303084,1
1.1880069878880585e-13,0.9997360824041643,5.593084977996701e-07,0.0002633582864434352,1
3.803019988025454e-14,0.9998028710526532,2.430812609474874e-07,0.00019688586644543723,1
3.7264382052784126e-14,0.9996937262836586,6.429069144988358e-07,0.0003056308099961513,1
7.011426887416738e-14,0.9998446991854255,5.644764959022296e-07,0.00015473633802343576,1
1.1138441526252758e-13,0.9997746436418425,5.124692283545018e-07,0.00022484388835908726,1
6.381863253323e-11,0.9991157642950037,8.794908479534146e-05,0.000796286555653292,1
8.179717425529539e-11,0.9982484343646655,5.993205316620956e-05,0.0016916335020120095,1
9.615780452849194e-10,0.9978134691360757,0.00016406904190663715,0.0020224608607638406,1
2.1022750600912168e-10,0.9952653304129764,0.00014932746506185872,0.004585341912666583,1
2.539039481897246e-10,0.9991614164181403,9.758617019514775e-05,0.000740997158916602,1
6.457641619251728e-11,0.9995422814976559,8.599191972584313e-05,0.000371726516735968,1
4.3791480825705465e-12,0.9996790823847109,1.7318630633010574e-05,0.00030359898055413103,1
5.311573901441515e-13,0.9997543993363512,2.5354387790934303e-06,0.00024306522602952996,1
6.729045641627713e-14,0.9996581989303153,3.8611137771211206e-07,0.00034141495755021995,1
1.8516717489721712e-11,0.9996199506726724,1.5705142709726706e-05,0.00036434416617813967,1
8.403631648590792e-11,0.9937482305994743,0.0003500611747664973,0.005901708140444744,1
8.309327708835279e-08,0.9930099598238861,0.005904575272576152,0.001085381809952534,1
2.41968238968981e-08,0.9872674712535064,0.008749179746354821,0.003983324803152033,1
1.942565325767725e-08,0.9863227748585749,0.008706025603359906,0.004971180111080336,1
2.0225789559904803e-08,0.9935889307429543,0.005580863620509829,0.0008301854099428388,1
1.922912525405726e-09,0.9974056239169556,0.00119935981250131,0.001395014346405523,1
2.2254609016001806e-10,0.9973429441044867,0.0003945013918939076,0.002262554280265404,1
3.435161499358781e-10,0.999264642275026,0.00013212139630794652,0.0006032359853861587,1
2.4667118441736507e-11,0.9988308260405898,4.334173428517838e-05,0.0011258322015446963,1
8.701619577855706e-11,0.9995606181482651,4.131665020613324e-05,0.000398065113192777,1
1.8121455641426224e-11,0.9989548033044424,4.552385972801005e-05,0.0009996728190987095,1
1.2390316913823718e-10,0.9996709521260516,9.126077340277504e-05,0.0002377869755366406,1
2.8034430543857885e-10,0.9990403500466329,0.0005740010817067108,0.0003856485927573706,1
2.372498842990115e-09,0.9956004806596913,0.003258586526642164,0.0011409304429223115,1
1.699497711944941e-08,0.9865982944884595,0.012186451719906287,0.0012152367961678736,1
3.6783242634088484e-08,0.9490526092691327,0.045534367661745206,0.005412986284142565,1
1.797434222643563e-07,0.8732663087849265,0.11788187728980166,0.008851634181914045,1
5.184379467202307e-07,0.5682222421577072,0.4211020168652808,0.010675222537351252,1
7.209004306238086e-06,0.03307684580271669,0.9625954249812911,0.004320520210055968,2
1.0236780870121632e-05,0.0013130846652537596,0.9977343311246113,0.0009423474299630583,2
7.345312507945171e-06,0.00010073866264483176,0.9990969401272962,0.0007949758975790466,2
1.5525887082564338e-05,0.000399113180208554,0.9994599616487118,0.00012539928284699382,2
1.9724743122030136e-06,0.005918733941548788,0.9931645035423724,0.0009147900414176485,2
1.3499956905672137e-06,0.010992830092957855,0.9833190676097204,0.005686752300520934,2
2.313081094414064e-06,0.02246961617251883,0.97656390448305,0.0009641662624845621,2
1.135990197143518e-06,0.0316075880825462,0.9660222312572035,0.00236904467018407,2
1.476165478858617e-06,0.0382633280653273,0.9596718071562799,0.0020633886122374216,2
1.3288773855428045e-06,0.04548772854309448,0.9531838922961968,0.0013270502830702911,2
1.2017377698452427e-06,0.0461818282638245,0.9521447953821922,0.0016721746175097174,2
1.7478328710108149e-06,0.034983120022598464,0.9641655856902915,0.0008495464552739852,2
1.3458215132595602e-06,0.01695665910937883,0.9800959843380487,0.0029460107300215825,2
3.248532625226136e-06,0.003393375373881986,0.995505558871299,0.0010978172228173384,2
4.712490760377564e-06,0.0007267296624063405,0.9991301071905202,0.00013845065513584524,2
4.301960170562578e-06,0.00013807813199622225,0.9997441915629982,0.00011342834647775436,2
4.453142466416304e-06,5.5181734186935726e-05,0.9998587087174508,8.165640541012839e-05,2
8.308706489264879e-06,1.3099869422379711e-05,0.9998867532040648,9.18382202175337e-05,2
9.281387172662595e-05,2.6764108620689893e-06,0.9998369541429116,6.755557422937172e-05,2
0.0005776257752165328,2.70063490327298e-06,0.9993567651687338,6.290842083651069e-05,2
0.001521595946075637,1.221735739851333e-06,0.9981911223751353,0.000286059941527027,2
0.0033028685943955103,8.941079301654396e-07,0.996469605765071,0.00022663153165002525,2
0.006590489902661728,2.5660075892921175e-06,0.9932788657023142,0.0001280783892388819,2
0.006848389806187591,1.2795372889450261e-06,0.9928691374808348,0.0002811931758474591,2
0.004365906392994461,1.6059346952532234e-06,0.995492846338774,0.0001396413344095991,2
0.0029615012818521628,1.5683132276897854e-06,0.9969100841907518,0.00012684621439647406,2
0.002291229368839096,2.55330810168449e-06,0.9976341737444296,7.204357775433846e-05,2
0.0027020397975939868,9.091637884533479e-07,0.9967825568818773,0.0005144941558880898,2
0.0007414883239935447,1.2739131143948282e-06,0.9990719196503789,0.0001853181126267105,2
0.00011249326111808963,2.1287985478593833e-06,0.999796537137994,8.884080231874503e-05,2
5.4728909105358534e-05,8.144768519558264e-07,0.999735310807312,0.000209145806818804,2
6.0017974125942106e-05,3.4878462257466254e-06,0.999877069571567,5.94246065967405e-05,2
6.081727736151689e-05,1.8700855065773506e-06,0.9993297351747333,0.0006075774626619687,2
2.504503850041448e-05,2.766379854457159e-06,0.9997418906780401,0.00023029790482765334,2
2.551509686222409e-05,3.1986033711478265e-06,0.9998985505794383,7.273571899319086e-05,2
4.241117013298752e-05,2.9570711430654046e-06,0.9998554939494226,9.913780869762636e-05,2
1.994030055585719e-05,3.905929548005712e-06,0.9998844603137387,9.169345481425626e-05,2
1.9672229764431264e-05,3.289551562958523e-05,0.9998590101869408,8.842206812853232e-05,2
8.20268892700007e-06,0.0006333922602226931,0.9991809233845518,0.0001774816646698562,2
5.5963454168681415e-06,0.005930260030139519,0.9936322434286615,0.00043190019729592356,2
3.275641797890399e-06,0.037064674940683995,0.958240593826878,0.004691455589380509,2
6.039822407973271e-06,0.15462441227589538,0.8323725151503023,0.012997032750200699,2
2.513035996109644e-07,0.6366444653821326,0.3082174564925564,0.055137826819949005,1
1.8229986287020881e-07,0.850173430186808,0.14188498718264408,0.007941400329655481,1
1.1556196748938723e-07,0.9533872668178149,0.043171476951834195,0.003441140669721859,1
2.2725965792460673e-09,0.9900497937709921,0.004471510066162414,0.005478693890826244,1
1.8546068095027636e-10,0.999105400486507,0.0003584244481063318,0.0005361748811750902,1
8.212036962911908e-12,0.9996881641584394,2.340637884345581e-05,0.0002884294555625751,1
1.3627952674743515e-12,0.9997436634964751,7.772560070132507e-06,0.0002485639412541264,1
2.531547131832886e-13,0.9997646268362054,2.555468240821533e-06,0.00023281769404196766,1
2.843928097159592e-13,0.9998178069244982,1.6572387403846443e-06,0.00018053583689128368,1
1.0489499678922663e-12,0.999633942527182,2.054060745773053e-06,0.0003640034098753013,1
4.867911560280284e-13,0.9982937533084352,3.4965174101406656e-06,0.0017027501741066757,1
2.453492772961636e-13,0.9996300762514799,6.587566948123048e-07,0.0003692649918520505,1
4.17048674184196e-15,0.9998477596882782,2.721497568635058e-08,0.0001522130964977009,1
6.380664731422593e-13,0.9997894777519716,5.821944026202697e-06,0.00020470030283781888,1
1.4466506134248142e-11,0.9996767408483086,1.5376863558093977e-05,0.00030788227441357893,1
8.338910531051683e-11,0.9948129365317429,0.00019529239979296283,0.004991770986090475,1
9.59699841172178e-10,0.9978356237249678,0.00026077178546254296,0.0019036035286080636,1
4.4245649730984813e-10,0.9993165877474578,0.00021717994105035213,0.0004662318674151648,1
6.915508372377829e-11,0.9994722178294932,4.857889757937272e-05,0.00047920320276909046,1
1.3929743246458387e-11,0.9988485165786357,2.9752257675720668e-05,0.0011217311491288418,1
6.031865332012638e-12,0.9994987820968928,1.4542314785124574e-05,0.0004866755824155228,1
3.804701450585527e-12,0.9998030158665993,6.237057882524381e-06,0.00019074707069011339,1
1.8069757668432168e-12,0.9993846920525341,1.3694452406746174e-05,0.0006016134935063289,1
2.959257127577214e-14,0.9996751323280935,1.7806439856309846e-07,0.00032468960627056643,1
1.913572610467592e-14,0.9998458140024609,5.442828641758092e-08,0.00015413156911670171,1
2.329242071208713e-18,0.9994498790359421,2.7028005552408818e-11,0.000550120937932606,1
3.1937499016924934e-18,0.9998610726213146,7.453135365906686e-12,0.00013892737045428696,1
2.485038382183855e-18,0.9998917943314718,1.5985907700523706e-11,0.00010820565086111708,1
2.6915966737767446e-19,0.9998115326359324,1.3315258677762742e-12,0.00018846736176987106,1
6.918615774402106e-19,0.9998154402603636,4.332783220476635e-13,0.00018455973854290223,1
9.29137401660921e-22,0.9993071439930087,2.914390176164671e-16,0.0006928560076096334,1
1.9050477628497237e-20,0.999797900485073,6.505636294228591e-16,0.00020209951577058132,1
1.099005856407374e-22,0.9993803282029231,1.7849441159002576e-17,0.0006196717953038394,1
6.755702582190165e-21,0.999830456385587,7.45399377829743e-16,0.0001695436161889648,1
3.0242673967867255e-20,0.9997958262072245,4.8807753551785875e-15,0.00020417379409601698,1
1.86595896248148e-20,0.9989896840334895,4.656809059956414e-15,0.0010103159649319335,1
1.4616070521436813e-19,0.999575078628398,2.9703125178850926e-15,0.00042492137227893997,1
9.442994062424337e-22,0.999099285844921,9.410610568785284e-17,0.0009007141552887254,1
8.471539959069214e-21,0.9997605799127283,3.1247978260554056e-16,0.0002394200863298628,1
7.5916990266321025e-22,0.9996829311422516,1.682986222156674e-16,0.0003170688579666825,1
1.7645976709061305e-20,0.9997834955075463,2.2626147618449984e-15,0.00021650449371848616,1
3.6779135523457733e-22,0.9994430418509265,7.065901672696186e-18,0.000556958150062954,1
2.1398250832843652e-22,0.9992758739830291,4.433655147571946e-18,0.000724126018423419,1
2.0887107846269012e-21,0.9997341369720391,2.7368803391561845e-17,0.00026586302917997763,1
9.635783768133296e-22,0.999379435309389,5.23296440288404e-17,0.0006205646922773448,1
1.3010664398320792e-21,0.9996104991420207,4.262975657195181e-17,0.00038950085822870586,1
4.780513559160581e-21,0.9997239138866005,7.9870284904311835e-16,0.00027608611296169483,1
6.003953124946302e-21,0.9998159067051339,6.022132264165791e-16,0.00018409329584636713,1
3.458690124505585e-20,0.9995097745132412,6.799385772807862e-15,0.0004902254864668177,1
9.689499561052536e-22,0.9992725443220627,5.3844568345889066e-17,0.0007274556766021703,1
1.639531066231247e-21,0.9997770765949923,5.2763247813341e-17,0.00022292340601127845,1
6.469772980236682e-22,0.9997364224691058,1.0286198092579028e-16,0.00026357752954884924,1
2.6094413202451255e-21,0.9998047676354347,6.187353199834538e-16,0.00019523236411621615,1
1.638590449428951e-21,0.9997964177347318,3.467675597611215e-16,0.00020358226348818174,1
9.550948573321194e-22,0.9997121972021529,1.3961293905446757e-16,0.00028780279801150674,1
3.263027477025021e-21,0.9997188305585807,2.5952560244846544e-16,0.0002811694416054314,1
1.4854100343873223e-22,0.9996238508678789,2.143360354257687e-18,0.0003761491336454745,1
3.1749488112813627e-22,0.9995090346750226,1.9737854846161227e-17,0.0004909653240664582,1
2.372284132568861e-19,0.9997373895531696,7.618694045764045e-14,0.0002626104463306869,1
1.938120469243997e-19,0.9997111113494775,1.0483744671442165e-13,0.00028888865204400327,1
9.906467095672038e-20,0.9996318879727856,9.295504680739176e-14,0.0003681120278137205,1
8.738056626763772e-21,0.9998425484140427,2.241823976998694e-15,0.00015745158470862187,1
3.8513153115798897e-22,0.9998033828482346,8.52271996498702e-17,0.000196617150048004,1
2.124249096951564e-21,0.9997957022465912,1.3992211937945115e-16,0.00020429775259967834,1
1.893336968875568e-20,0.9993746270687538,1.4497360369683648e-16,0.00062537293096561,1
3.9659754180040666e-19,0.993573511526731,5.834581289385652e-16,0.006426488471501279,1
1.75442168546758e-21,0.8954548022631964,4.244453478951838e-20,0.10454519773815019,1
3.2694957960215e-22,0.2924024759614067,7.776413739195053e-22,0.7075975240368473,3
9.965656773788584e-23,0.06280511437578774,1.3812476970180242e-21,0.9371948856224148,3
3.457000824173918e-21,0.8638046842128986,8.769845065846153e-21,0.1361953157880838,1
1.3561713404528561e-21,0.9631879920862881,9.404174638282603e-20,0.036812007914104196,1
1.0790631966607424e-20,0.9976836454415622,3.1818920854804628e-18,0.002316354558201999,1
1.9143492502204485e-22,0.9992464713897803,4.672757863435399e-19,0.0007535286106407774,1
5.07539178684932e-22,0.9996421433236721,6.6324870790473565e-18,0.0003578566748010746,1
1.868998792359832e-21,0.9996708906244376,1.425845653764893e-16,0.0003291093738477663,1
5.1079763923271413e-20,0.9996387454367222,1.839898073297971e-15,0.0003612545616552384,1
1.2428855918735945e-21,0.9980104880185448,1.115862087484697e-16,0.0019895119816835216,1
3.3342835732954366e-20,0.9997398520065566,2.0113087366091925e-16,0.0002601479943893083,1
1.8725617276415342e-20,0.9991631190998618,2.5353927098776483e-14,0.0008368809016221319,1
1.675493558023604e-18,0.9998624561207267,8.519085176698499e-13,0.0001375438791106214,1
2.2604039682198177e-21,0.9997744749613354,2.099648565690197e-15,0.00022552503717430754,1
2.1485254681515388e-21,0.9998336770675054,1.0681937809425598e-15,0.00016632293280177996,1
3.027221253486437e-20,0.9998611813344878,3.236488585050787e-14,0.00013881866378708413,1
6.269659489498318e-20,0.9997676807762573,1.565568331695548e-13,0.00023231922258296162,1
9.447146314991564e-19,0.9998472603536167,8.226342302940452e-13,0.00015273964705837968,1
1.4089533455963944e-19,0.9995283345903678,5.280435945596985e-13,0.0004716654093742377,1
2.237539242348651e-18,0.9998542174551847,1.317407919891809e-12,0.00014578254498148684,1
2.493765881944894e-18,0.9996082810490607,3.031323614897077e-11,0.0003917189222932914,1
2.6231985667753373e-18,0.9998902950182089,6.8560923456721e-12,0.00010970497370917012,1
2.42879338407792e-17,0.9998573675705315,6.157503513592885e-11,0.00014263236784646793,1
7.902941501562882e-17,0.9992136421938568,5.060310683921478e-10,0.0007863572985073569,1
1.1758567937108298e-16,0.9996209919252571,3.7749161937008954e-10,0.00037900769677174046,1
4.3180945226484753e-16,0.9998826929565892,1.7152090693744655e-09,0.00011730532660819396,1
2.6571055437070542e-17,0.9997556431766584,3.413366860606869e-10,0.0002443564802558236,1
2.448798261379829e-17,0.9998135513211287,2.4943927450212107e-10,0.00018644842998165862,1
2.430741813742713e-16,0.9998981729774309,2.053488582795786e-09,0.00010182497074820225,1
5.364259227207475e-16,0.9997529859550848,1.4216593853838434e-08,0.0002469998280557041,1
1.4674364565547629e-15,0.9998046497879405,9.154634965618978e-09,0.00019534105667314014,1
1.5314950325282142e-15,0.9996115982607033,1.323346731464016e-08,0.00038838850465530467,1
2.6909373424178192e-15,0.9997156092900915,1.9122113297060497e-08,0.0002843715860710724,1
8.42794329156777e-14,0.9998378610745113,1.0852714023360328e-06,0.00016105365469450177,1
1.0570823587583594e-14,0.9998384783141449,2.2217993569607044e-07,0.00016129950465815527,1
1.5508337820259577e-14,0.999850255379582,2.853678733499154e-07,0.00014945925109399868,1
1.068556398749987e-14,0.9998243754040715,2.3298145226156252e-07,0.00017539161319723136,1
2.139169175363593e-14,0.9998475346189968,4.1610004538405223e-07,0.00015204928224554228,1
1.1473787740774283e-14,0.9998479861616568,2.42503877446933e-07,0.0001517713334875321,1
6.1119071726984755e-15,0.9998151051152802,1.6328234242724452e-07,0.00018473160060102523,1
2.6765160502621804e-14,0.9998509398212297,5.176104446499258e-07,0.00014854256883138622,1
8.742600667643798e-14,0.9998314005797383,5.883741569461506e-07,0.00016801104511977256,1
3.684686166792574e-13,0.9994473402178922,2.229319237160433e-06,0.000550430461538124,1
2.0787802579937881e-10,0.9993441626628239,0.00022630898750200008,0.00042952814047680064,1
7.143760923835214e-10,0.9983315741312662,0.0010454579259328036,0.0006229672278861462,1
1.4241554381202299e-08,0.9894908876034741,0.009977886549121625,0.0005312116073982499,1
2.6462037913454946e-08,0.9817347442999331,0.017302080182108465,0.0009631490541569277,1
3.710510512769283e-08,0.9718247838780639,0.026201444119691587,0.0019737348975698878,1
5.92596391333612e-08,0.9555333677746518,0.04166096976403887,0.002805603200820338,1
1.814903187493839e-07,0.9327485098555525,0.06596755717850143,0.0012837514748729646,1
1.6494094471480536e-07,0.9101153074753372,0.08730757181317483,0.0025769557696510713,1
1.879945947954607e-07,0.88941404401979,0.107704487626417,0.0028812803590274392,1
1.0443816042293374e-07,0.7894009862354028,0.17387497927722367,0.036723930050716516,1
1.1859846051324335e-06,0.6012531420228281,0.3792978652745489,0.019447806719034323,1
3.4948413454678916e-06,0.08946079658598817,0.9026762806670855,0.007859427904320667,2
5.121107504933252e-05,0.004911095631260974,0.9943510328996888,0.000686660393469037,2
0.0007070991671827656,0.00020418706095698543,0.9989865907119286,0.00010212306127350896,2
0.013085441895421279,6.653151271923249e-06,0.9867457326156803,0.00016217233771524567,2
0.08920294442941414,1.7601276835174228e-06,0.910368280472689,0.0004270149715572211,2
0.34381277194670684,1.012293269312781e-06,0.6555796820756695,0.0006065336844264715,0
0.45396273757595634,1.1809433089988507e-06,0.5457970018802509,0.00023907960181298362,0
0.5016756019342118,1.1393883898456588e-06,0.498160686630686,0.000162572046299807,0
0.562475262426424,6.823865830655845e-07,0.4371218379589081,0.00040221722663801685,0
0.6598284124351982,5.413062040170482e-07,0.3398608100277177,0.0003102362306118969,0
0.8556696042101334,7.070329378109274e-08,0.14376600490080105,0.0005643201869865031,0
0.9705205440251299,1.6452583071139503e-08,0.02933808913943393,0.00014135038116521644,0
0.9964703399857462,2.4802952843472228e-09,0.003492047238810901,3.761029594535579e-05,0
0.9998459820548186,2.5821829406742e-11,0.00013164720204546487,2.2370715697437747e-05,0
0.9999834246364508,1.7118641198861494e-12,1.029639310417245e-05,6.278968406780481e-06,0
0.9999897430405668,1.585340772768419e-13,4.37395247211137e-06,5.883008220339735e-06,0
0.9999946788917131,6.077198541334583e-14,7.627588449121419e-07,4.558350828081032e-06,0
0.9999874848455043,1.8407516798342753e-13,7.039917493294352e-06,5.4752372864032136e-06,0
0.9999918658508018,5.625971646928965e-14,2.2147645252852946e-06,5.919383762128772e-06,0
0.9999951487961317,6.586728420954724e-14,1.619457610626104e-06,3.231746292428901e-06,0
0.9999953198639939,2.0020745115770053e-14,1.0062404160541695e-06,3.673896069761061e-06,0
0.9999963153054195,2.670832235517457e-14,7.248806094709021e-07,2.9598157352189614e-06,0
0.9999949428038782,2.5615307290141187e-14,1.2113985297169852e-06,3.845796479731213e-06,0
0.9999953682670766,2.6881730287912646e-14,9.416342624500485e-07,3.690099857108993e-06,0
0.999995872681543,2.6201685967745955e-14,2.374879436550844e-07,3.889831600288499e-06,0
0.9999891378000618,4.29663101963089e-14,2.282156781986013e-06,8.580043668568948e-06,0
0.9999936021508828,3.846780544060992e-14,5.859524334708541e-07,5.811896201592308e-06,0
0.9999946675776593,6.936804337743844e-14,1.5282339354888056e-06,3.8041901098593297e-06,0
0.9999936056360442,6.143377888896495e-14,1.9046047842897648e-06,4.489759375433683e-06,0
0.9999930895376141,3.510493624834922e-14,1.4114229213888952e-06,5.499039532846299e-06,0
0.999992558756677,6.531948069213101e-13,3.6459039120803566e-06,3.795337345504101e-06,0
0.9999729757669219,3.8161143510598925e-14,4.331997760540285e-06,2.2692234533078785e-05,0
0.9999929435829237,8.919015873335498e-13,3.3214635429871e-06,3.7349510503238024e-06,0
0.9999811443226105,8.364672559048498e-13,1.177989166339408e-05,7.075786168562079e-06,0
0.9999542741365935,6.89107156615088e-13,2.560939290131672e-05,2.011646935116177e-05,0
0.9999828955668265,2.0600526192906162e-12,1.2196695607805756e-05,4.907737027616561e-06,0
0.9999787257264143,8.461998519172072e-13,1.4948840942236255e-05,6.325432398899926e-06,0
0.9999699978787795,2.7556375290412102e-12,2.100856410235533e-05,8.993555177093368e-06,0
0.9998267056431253,4.841933330271277e-11,0.0001614504902404775,1.1843818162208987e-05,0
0.9983699129839894,6.399426300846446e-10,0.001601960143365503,2.812623176890576e-05,0
0.9856278944615708,7.266331137856973e-09,0.014290721103282028,8.137716707584436e-05,0
0.9470322940779727,5.630097770317667e-08,0.05282997908882866,0.00013767053111095654,0
0.8718875967965914,1.2252778624089854e-07,0.12787726096294438,0.00023501971306397301,0
0.7903906968896149,4.082545623591164e-07,0.20937050733732204,0.00023838751736851774,0
0.6266521820764147,5.882930649232772e-07,0.3728624264061045,0.0004848032241477188,0
0.3958294125111575,1.2380047836863374e-06,0.6001104535903992,0.004058895892076342,2
0.2476862593414046,7.112465355431507e-08,0.7249997622965103,0.02731390723902879,2
0.18858818544941616,1.2444448609880971e-05,0.8105394937420347,0.0008598763599811639,2
0.13692930035070092,1.7047212048829042e-06,0.8627210823945886,0.0003479125337469695,2
0.0750732054558118,7.081873061464631e-07,0.924343793012374,0.0005822933435267527,2
0.03284662490161703,2.1929684887394687e-06,0.9669382246234033,0.00021295750596988714,2
0.009135040242791794,4.113735824896411e-07,0.9899988282942663,0.0008657200889943977,2
0.00023489189713426207,6.568170133358901e-06,0.9996133120992708,0.00014522783259485075,2
3.064375723506193e-05,6.457310601020632e-06,0.9999224730931335,4.0425838064513654e-05,2
2.234382642717278e-05,1.516092332518436e-06,0.9997838508939213,0.00019228918913683984,2
6.661071867370729e-06,1.4914894616999367e-05,0.9998718207545747,0.00010660327915833459,2
3.3373759601672247e-06,7.80824730238446e-06,0.9991839073524361,0.0008049470225284202,2
3.9123498708277685e-06,4.0881062720988956e-05,0.9998522384051012,0.0001029681810951953,2
3.3712831160569413e-06,5.288884937292723e-05,0.9998564847775875,8.725508848894049e-05,2
4.769762598751307e-06,3.553607304056645e-05,0.999866551424211,9.314274081957208e-05,2
3.990899602279409e-06,5.439631361722435e-05,0.9998456352779492,9.597750895536493e-05,2
4.026395190325985e-06,4.9665909918456174e-05,0.9998494480805223,9.685961320845247e-05,2
3.518602166825546e-06,4.336510504324671e-05,0.9998108463698797,0.0001422699213634797,2
3.7502058924597194e-06,4.5414629776085444e-05,0.9998584542731834,9.238089295617323e-05,2
3.1113030594233525e-06,2.986842254059782e-05,0.999786691992645,0.00018032828173525858,2
3.4729564362973594e-06,5.155940863944116e-05,0.9998557872154842,8.918042020757956e-05,2
5.739495730516309e-06,2.89738188792854e-05,0.9999061601023751,5.912658301224375e-05,2
5.053181197753072e-06,1.939735243452781e-05,0.9998930765046725,8.247296059300207e-05,2
7.242900104015448e-06,8.504379349489985e-06,0.9998992965516204,8.495616789230107e-05,2
2.239185078705312e-05,5.375098979977439e-06,0.9999239619598759,4.827109111070413e-05,2
6.862175820297335e-06,1.679435320781279e-05,0.9999214409990644,5.4902473512040495e-05,2
4.084111165600062e-06,1.8126784793956386e-05,0.9998807882779509,9.700082594539885e-05,2
8.174725708516414e-06,1.0526811230537105e-05,0.9999114554142752,6.984304779827639e-05,2
1.561737204962996e-05,6.518124984973033e-06,0.9999304833007567,4.738120274765128e-05,2
2.2785161914191418e-05,4.569661153952106e-06,0.9999154016975393,5.72434792154354e-05,2
1.3763528488010578e-05,8.507967685417916e-06,0.9999354653679592,4.226313414165173e-05,2
1.4380711514096293e-05,7.0205534279479865e-06,0.9999285252530518,5.0073481233407175e-05,2
2.0336940732300194e-05,6.130267018061257e-06,0.9999340791847303,3.9453608595721565e-05,2
1.772376971111946e-05,7.137169441640206e-06,0.9999389632468506,3.617581318059535e-05,2
2.7341043960636412e-05,4.679972775168544e-06,0.9999209876625887,4.6991321050070146e-05,2
4.149270986827398e-05,5.4672329737774475e-06,0.9999179627994774,3.5077257931357685e-05,2
0.00022049641555846753,4.343477489581144e-06,0.9997382288257759,3.6931282206274756e-05,2
0.0021248094414053603,3.650680518296535e-06,0.997814020769234,5.7519108892052306e-05,2
0.02038690139385287,3.518370997565737e-06,0.9794155640380396,0.00019401619713360204,2
0.20666472418798107,1.2290375102212093e-06,0.7927688096792619,0.0005652370964593188,2
0.5736985567977883,4.4433188844159504e-07,0.4256659481062445,0.0006350507631619289,0
0.8665828527355345,1.670465291372804e-07,0.13294534051973556,0.0004716396993527832,0
0.9340834676515176,5.138787882722509e-08,0.06577704181537859,0.00013943914602714783,0
0.9864055196528242,4.82106435079242e-09,0.013513905271483443,8.057025435734119e-05,0
0.9992443530264502,4.269238649655937e-10,0.0007374594163055299,1.818713040967343e-05,0
0.9999127175364347,1.507534128735673e-11,7.831963933046675e-05,8.962810079115826e-06,0
0.9999795741545037,1.7662406919225865e-12,1.546806737474779e-05,4.957778030530105e-06,0
0.9999897443029325,7.668754641661244e-14,3.5552334152944685e-06,6.700464113421149e-06,0
0.9999960475803056,2.2773910537054794e-14,3.613111753364167e-07,3.5911070323528493e-06,0
0.9999957872876225,2.568411357223051e-13,9.663530545201802e-07,3.2463600739496195e-06,0
0.999868378211402,5.33303321635478e-11,0.00011260578226763969,1.9015951935602468e-05,0
0.9488490066333077,5.558507286237945e-09,0.05097877399601872,0.000172213812859673,0
0.8261322109618503,1.7984586122514806e-07,0.17366288023467222,0.00020472895924655775,0
0.7266142769663991,4.808377400079889e-07,0.27315675172176224,0.00022849047561514956,0
0.5795244156290645,6.409246466899508e-07,0.42016149354924887,0.00031344989629204155,0
0.47479242877848377,9.95715607239321e-07,0.52483518646199,0.0003713890441819978,0
0.3116153050206146,1.4524815542015016e-06,0.6879958282570133,0.0003874142401717039,0
0.14467696925789658,1.0424535223148448e-06,0.8547322849037529,0.0005897033863404716,2
0.07030570225651828,2.178216540490927e-06,0.9295248297452539,0.00016728978305810357,2
0.03712346620814832,2.5537193059199085e-06,0.9627835890927813,9.03909786318423e-05,2
0.022145557298633798,1.629225042289244e-06,0.9777277830409241,0.000125030435790978,2
0.017276448605467436,3.0404891019577597e-06,0.9826667477076775,5.376319714653762e-05,2
0.022305791644443726,2.98135852863588e-06,0.9776066682989009,8.455869846133539e-05,2
0.04737978097147727,2.1802520761727866e-06,0.9524789356337281,0.00013910314354020063,2
0.08054426423615298,2.100608878855819e-06,0.919278399165362,0.00017523598960334047,2
0.10555155025179676,2.32521764413419e-06,0.8938965298488126,0.0005495946817068159,2
0.10910617595320932,8.631301556655326e-06,0.8872257866153436,0.0036594061294270637,2
0.08271316719653654,0.00017245310697194043,0.8825704313110383,0.03454394838638395,2
0.00019445336569597177,1.389440627615218e-07,0.24011563547315795,0.7596897722167288,3
0.00010697580737486118,1.6306766670639046e-05,0.19839306693716102,0.8014836504874963,3
5.3738673307608316e-05,9.420904578546916e-06,0.103749376167562,0.8961874642563651,3
1.8192504014071724e-07,1.232089227282158e-10,0.020605728404412733,0.9793940895471923,3
0.002318375038900761,0.0005230967270158079,0.9778418679499988,0.01931666028292622,2
0.0003636574833936859,4.127091363503933e-06,0.9934660310326036,0.0061661843939660455,2
0.00011723627277724261,7.371598111904225e-07,0.9973074265545996,0.0025746000137572243,2
8.397931918088434e-05,4.056576682626501e-06,0.9998227790641651,8.918503856623315e-05,2
2.506847438889479e-05,5.655170659841397e-06,0.9999280223749336,4.125398076542191e-05,2
1.9360704692398738e-05,5.500221186560302e-06,0.9999104605302178,6.467854559819646e-05,2
1.5092008489649856e-05,1.2248325514925447e-06,0.9997268724132722,0.00025681074688851935,2
7.0786651335939684e-06,1.8893819173284246e-05,0.9999149329982863,5.909451700097943e-05,2
4.554557311826235e-06,3.713375912265359e-05,0.9998556714971616,0.00010264018717241222,2
3.755351826755188e-06,6.127838885850798e-05,0.9998487372321645,8.622902641870555e-05,2
3.3755150159219865e-06,7.226730163541492e-05,0.9996324287485171,0.00029192843567992416,2
2.1212379718687643e-06,0.00011063186865394881,0.9996466781755389,0.00024056871641618127,2
2.631657792651824e-06,0.0001124870451185416,0.9996354427943381,0.0002494385021032472,2
2.725323502690745e-06,6.579067856349397e-05,0.9996554496967364,0.00027603430119337957,2
3.478540595557708e-06,4.05273646574961e-05,0.9998535914068525,0.00010240268941591985,2
5.26147083936488e-06,2.079208211547679e-05,0.9999003892618965,7.355718569644199e-05,2
7.33884247193251e-06,1.8056031347511434e-05,0.9999261181883431,4.848693831201703e-05,2
5.043992543752104e-06,9.387478169784999e-06,0.9997367429924485,0.00024882553840787155,2
7.186215358234455e-06,1.4241350818014597e-05,0.9998945738759927,8.399855800320695e-05,2
9.675031689756282e-06,8.913607708388536e-06,0.9999179116827943,6.349967631804047e-05,2
6.424817366782154e-06,1.6735802836821174e-05,0.9999198028271995,5.7036551176222624e-05,2
6.12178743276512e-06,2.153048055160057e-05,0.9999154632651236,5.6884466331997824e-05,2
6.466751397843545e-06,2.681591326033121e-05,0.9999184495794307,4.826775705132989e-05,2
5.717074740742428e-06,5.810220191784928e-05,0.9998665595358212,6.96211875187655e-05,2
4.761688582365608e-06,0.0002225406370256694,0.9996852868877161,8.741078759488599e-05,2
3.7836632853625373e-06,0.0010789698731447268,0.9985358410894118,0.00038140537532484247,2
3.423304408968426e-06,0.0049776381819324365,0.9935152763444565,0.0015036621679972917,2
1.3965389373262776e-05,0.01313488720195669,0.9747166687716408,0.012134478635915154,2
3.0447139994674136e-05,0.026734018283384217,0.7638660488773616,0.20936948569871255,2
4.603872209501186e-09,2.096344666714739e-07,0.013249854226746668,0.9867499315346523,3
2.343912701915036e-05,0.2620925033143217,0.5703205403937629,0.16756351716648674,2
3.1089786323264954e-06,0.2757513049292967,0.6508657564646055,0.07337982962912623,2
3.592446647245233e-06,0.27183782977578286,0.7222107372930913,0.005947840483930044,2
1.975129621048946e-06,0.24490908485448637,0.7534974670584899,0.0015914729559385458,2
1.7688608416621507e-06,0.22490946268955928,0.7731996968292423,0.0018890716201616893,2
1.3230238884359104e-06,0.20379225814109844,0.7830603976970343,0.013146021136477682,2
3.248486949024258e-05,0.1595505972148308,0.8020751931623401,0.03834172475332053,2
8.306958777601157e-06,0.00021737590082403257,0.5783695361666621,0.4214047809728204,2
3.977093081395824e-05,0.0024962254581843914,0.4963351110316259,0.5011288925791576,2
1.2184846077052138e-17,6.8679660095446815e-25,1.983345097914293e-10,0.9999999997999112,3
7.385660604542705e-05,0.0019356775114831393,0.92518100976369,0.07280945611933717,2
8.243774552600306e-06,0.00033358899066737767,0.9938068710219458,0.0058512962118131475,2
7.522252279670989e-06,2.4374984036481972e-05,0.9991604884359778,0.0008076143271140849,2
1.8961738841799408e-05,3.3825472021425583e-06,0.998098570309109,0.0018790854060557606,2
9.300042213824007e-06,1.0247126523672613e-07,0.988831429924091,0.011159167562272922,2
1.479307407793377e-05,1.1431622973769586e-05,0.9993834010165198,0.0005903742863099036,2
1.4198024297833636e-05,5.634226462757031e-06,0.9998984162388821,8.175151036279839e-05,2
8.889083444175527e-06,6.327776597390247e-06,0.9997471139027496,0.00023766923583720255,2
8.774178590326087e-06,1.1540904199485854e-06,0.9977226667265016,0.002267405003567716,2
1.2592551423895834e-05,1.4993705329508597e-06,0.9994360758626849,0.0005498322152668465,2
1.3040553327259588e-05,7.365233546048253e-06,0.9999245085538798,5.508565763476758e-05,2
2.58797918032955e-05,2.739090498282488e-06,0.9998901046091175,8.127650720534997e-05,2
3.2474384682850333e-05,9.423338672038924e-06,0.9999050098638964,5.309241149461157e-05,2
2.8397707971697213e-05,0.00010931916428679147,0.9997708286476311,9.145448013759685e-05,2
2.2714455047158997e-05,0.0033238392596409735,0.9961017847789309,0.0005516615054610897,2
1.192206497800119e-05,0.053298180016673476,0.9338280756589776,0.012861822258460907,2
9.427453080793117e-06,0.4152848732370163,0.477128602473885,0.10757709683673176,1
3.6305063310123726e-08,0.5496267314571317,0.024884064039178266,0.4254891681989879,1
1.5107237068968308e-09,0.9147940867410376,0.0006418288646488529,0.08456408288428884,1
1.0564535771546722e-09,0.9918676020041458,0.0001398217408431889,0.00799257519918851,1
8.54722032597886e-11,0.9990712689004607,3.021749952246214e-05,0.0008985135138401347,1
3.219006904761038e-11,0.9995499193709079,1.9033659098622118e-05,0.00043104693709006525,1
6.531404171719002e-11,0.9988662238622914,1.3638997130184594e-05,0.0011201370748627874,1
1.430457186297934e-09,0.9693127579543109,0.00024056254897020623,0.03044667806454102,1
3.62475353966428e-11,0.09863955486014267,1.6240197077445465e-05,0.9013442049049029,3
5.644617404079685e-12,1.705750598853162e-05,1.5587183138596073e-07,0.9999827866148688,3
1.7705316698256386e-12,1.4533258166860803e-08,1.0821625466516145e-08,0.999999974643288,3
9.52452568001034e-16,2.6397098937847283e-08,5.6199875976130796e-09,0.9999999679821491,3
2.671064989097501e-10,0.9786891237479647,1.9396816540261813e-05,0.021291479169576393,1
3.728262483288446e-13,0.9980265965518683,1.3847643417790137e-07,0.001973264971000001,1
5.268125150616492e-14,0.9997915718649611,9.982916584198823e-08,0.0002083283054626212,1
1.4680860466799154e-14,0.9998300406970307,4.404982263799141e-08,0.0001699152530584996,1
1.889626373345523e-15,0.9989828986450965,4.603563053428862e-08,0.0010170553203386096,1
5.949824842158208e-15,0.9998383798936187,1.4395286450621861e-08,0.0001616057128356731,1
8.236637208870438e-16,0.9998166968344601,1.3194251890019791e-08,0.00018328997291215476,1
5.352234848632859e-16,0.9997929322809401,1.3133195886898575e-08,0.00020705458431942024,1
1.4000067313521765e-15,0.9998910982943446,7.032772151489344e-09,0.00010889467443518906,1
7.87348056635581e-16,0.9995652529984893,1.520870563501174e-08,0.00043473179450285705,1
1.8319924958248087e-14,0.9996490990525525,3.917383694347562e-09,0.0003508970290411511,1
5.918824318771041e-15,0.9937881520987893,3.488413824609015e-08,0.006211813018514496,1
5.347207671227068e-14,0.9988610201240212,1.5780982083853795e-08,0.0011389640938640878,1
1.1987717342163216e-13,0.9994081704014477,8.204329298618901e-08,0.0005917475540473282,1
1.0539623782167634e-13,0.9988468178306185,1.0351246660271792e-07,0.0011530786551910298,1
8.426545726777222e-12,0.9988036339646663,3.956187453241505e-07,0.001195970409766027,1
8.301855887775669e-13,0.9474696162421544,1.8212045434458266e-07,0.05253020163797155,1
6.224061542106616e-15,0.40776013884302637,1.6393574446639256e-08,0.5922398447622771,3
1.570797463155967e-12,0.9667781992330307,1.007225633323026e-07,0.03322170004306359,1
2.299616348110005e-13,0.9974804334430624,8.20856891439258e-09,0.002519558348832452,1
8.831507133548855e-14,0.9987167163403541,1.2871333450136646e-08,0.0012832707883710767,1
1.5175480955842991e-12,0.9983149877759788,7.069796099674637e-08,0.00168494152569334,1
4.063749554477669e-14,0.9421983329058028,1.1230676217080995e-06,0.057800544027169304,1
3.465454210488897e-12,0.998393897889921,7.210249444260637e-07,0.0016053810804963346,1
2.421708992425063e-13,0.9997327068673665,1.0531421862488291e-07,0.00026718781952891365,1
5.878919274991905e-13,0.9989314581513342,1.59408733845133e-07,0.0010683824397701746,1
5.062598769501649e-12,0.9777465790715789,8.708243618070814e-07,0.022252550099090797,1
3.79163669224917e-11,0.2895004194314544,8.325048471834782e-06,0.7104912554833142,3
2.9576970414160075e-10,0.04587421125203683,3.1027702822075196e-05,0.9540947607505146,3
1.0394284342411593e-07,0.8587075588909511,0.0019010230668275437,0.13939131409849076,1
4.289601369136669e-07,0.942548883060643,0.00270204558290725,0.054748642394685944,1
6.968370543308872e-08,0.8532516550614127,0.001832079950519023,0.14491619530254474,1
1.4753935418323352e-10,0.12511093423364922,0.0001298800713440025,0.874759185548262,3
1.9216008999632002e-07,0.852225668523405,0.004345493162272352,0.1434286461553857,1
5.906841507120295e-07,0.9393034066607963,0.006715633557527045,0.05398036909749084,1
3.4570139824931427e-07,0.8579013820475928,0.00691303430308991,0.1351852379467011,1
6.083810868096404e-09,0.04991538579595723,0.0005275031600864417,0.9495571049610853,3
3.2407925703180456e-08,0.0430882607345227,0.0003173863599344687,0.9565943204982277,3
1.481966212906068e-07,0.118772304448188,0.0007411036584491282,0.8804864436964913,3
2.3166971364832664e-07,0.31832932397226466,0.000827181257449033,0.6808432630998938,3
7.69750195207426e-08,0.19742249716535562,0.0004220143026530988,0.8021554115567215,3
4.147056801277133e-09,0.014515400209134019,3.2421434697880285e-05,0.9854521742077664,3
2.0430123388046626e-07,0.01806749365867198,0.0005220001520102541,0.9814103018893521,3
4.398034580962492e-11,1.3642775382106735e-08,6.028055561529207e-06,0.9999939582594994,3
4.142135987827457e-06,0.0010110048533640591,0.1304157257589833,0.868569127253025,3
5.588803586940854e-05,0.0015425426184955226,0.8595491219002733,0.13885244744368647,2
0.00017548933376043604,0.00017000701571703606,0.9526870890331706,0.04696741461772312,2
0.011277489428759488,5.2075823740851875e-05,0.9675547689284881,0.021115665818045515,2
0.6689609147024148,7.226519384056959e-07,0.32488404180523844,0.006154320840188092,0
0.9344102777239586,2.812398736912919e-07,0.06139547989837861,0.004193961136587881,0
0.979356141921418,2.450217426453975e-08,0.016912988346644543,0.0037308452305306015,0
0.9901296830230373,1.2531890462657252e-06,0.00800507150502866,0.001863992283359308,0
0.9643963846941247,2.716843630521815e-06,0.011955392312775856,0.023645506150620287,0
0.003769065961024864,1.7719239453992306e-11,2.2322947818102775e-05,0.9962086110752052,3
0.0009421763921365774,1.8335011358379706e-10,6.0676942626942566e-05,0.9989971464817203,3
0.064469977287831,2.8926589803921057e-06,0.03837596255992036,0.8971511674947779,3
0.2190083694518469,0.0001506925267367,0.6851136608294294,0.09572727719367283,2
0.20447311513195754,1.7091378814387593e-05,0.7848766123994454,0.010633181088943953,2
0.19377023371152377,4.36618147633026e-06,0.8051607940543148,0.0010646060516235508,2
0.1555746596003972,2.3080444320261543e-06,0.8436977621150494,0.0007252702386132345,2
0.07756104489581693,1.0451590914157584e-06,0.9184928353467299,0.003945074597309661,2
0.028160359738069785,1.658884830494283e-06,0.9619338199343948,0.009904161444119262,2
0.00923423643774452,1.2460746319344923e-07,0.9602149598963285,0.03055067905828362,2
0.006085035391677086,1.2072217770156641e-05,0.9929208910537778,0.0009820013356707737,2
0.003324081358737887,2.217529339855921e-06,0.9965305010607719,0.00014320005179200784,2
0.0011268911329803597,2.1899862387524546e-06,0.9987446015864676,0.00012631729586453188,2
0.00016056842294863083,4.5117380156411617e-07,0.9986716871728423,0.0011672932318602287,2
7.314716543872372e-05,5.806726401865804e-07,0.9992132214581115,0.0007130507037463895,2
0.00014261280994674156,6.392254271761733e-07,0.9993829450771967,0.00047380288592452043,2
6.165602131574537e-05,1.7416166029857224e-06,0.9998190188498228,0.00011758351190238511,2
2.960718474584661e-05,2.437041468623531e-06,0.9998039535023081,0.0001640022725586782,2
8.2455458836991e-06,1.7012814994683786e-06,0.999651039169618,0.0003390140021510828,2
1.2660347151467465e-05,7.76407766712956e-06,0.9999173502361189,6.222533894557683e-05,2
7.818166820951765e-06,1.622002273283731e-05,0.9999239042440947,5.205756520181585e-05,2
1.7317820678164383e-05,9.337337851863048e-06,0.9998316365356626,0.00014170830502405486,2
1.3495497461554042e-05,0.00014774716546559692,0.9980153877845424,0.0018233695518705601,2
0.00013940062314756277,0.0005990278306050838,0.9462004426612741,0.05306112888371554,2
2.8102448697925347e-10,7.981008188259901e-14,4.6543018414912144e-05,0.9999534567022794,3
2.0148162821604748e-06,1.0387986325708414e-06,0.010091597693445089,0.9899053486915514,3
0.0001445506303271816,0.00038498010435955126,0.13701628514863212,0.8624541841179513,3
2.7429477919396892e-05,0.00011109034580901419,0.14077029558726747,0.8590911845887207,3
2.807436335842367e-05,0.0001002283843468788,0.10360753384908601,0.8962641634040249,3
1.8290625870020886e-09,4.294407549603503e-10,0.0031418216620973075,0.9968581760809251,3
2.555650370865247e-05,0.002208747364986878,0.48873839875529973,0.5090272973763365,2
7.941800579253397e-06,0.003039447161059628,0.6994959737860512,0.29745663725364974,2
1.2379350564648124e-05,0.015450540778858199,0.8619130328320053,0.12262404704027975,2
1.1181285343215819e-06,6.489023461599023e-05,0.858288214911502,0.14164577672498932,2
9.473161836370093e-06,0.0015061170112943521,0.9902926011685227,0.008191808660121253,2
4.202804556463494e-06,0.00045690028962303356,0.9991490729039094,0.0003898240018438796,2
2.769152094071022e-06,4.47000421575269e-05,0.999503879410686,0.0004486513946680915,2
1.1547627729529818e-05,1.2307398590274646e-05,0.9997915314881767,0.0001846134859377806,2
7.227660370354642e-06,9.905577647415813e-05,0.9988280047547845,0.0010657118093269358,2
3.645185719855908e-06,4.113130049072094e-05,0.9754247141836795,0.024530509328455068,2
2.2454223996877075e-06,0.0008829753848424314,0.9684941757274463,0.030620603465134844,2
9.17636666572484e-06,0.012759846967380856,0.9640462973127434,0.02318467935322146,2
1.9881278440323907e-05,0.01731067282564432,0.8582501033179314,0.12441934257971629,2
2.090173165576896e-06,0.0012444775656700324,0.2263142440772026,0.7724391881831699,3
2.33389673511772e-06,0.024293281468482746,0.12420666366586357,0.8514977209671357,3
1.3263556803224918e-06,0.1244452654472817,0.039790677066255394,0.8357627311307816,3
2.990684351762329e-09,0.06364351322785322,0.0005603978808713224,0.9357960859002308,3
2.83203575282001e-07,0.5733813749277776,0.0019883374321806257,0.4246300044370688,1
7.307723381324377e-07,0.5448448792222849,0.004213701266916242,0.45094068873999404,1
2.9596604988986825e-08,0.05188949961591058,0.004820730601771036,0.9432897401850755,3
1.117863342080781e-06,0.10563547444230297,0.05223911814234579,0.8421242895510015,3
1.318216847521904e-05,0.3915687546741196,0.2665473081784455,0.34187075498032177,3
0.0001288471235003594,0.32233313931889557,0.3122252942136982,0.3653127193456695,3
1.3231737392135605e-07,2.5260395324249104e-09,0.006956789477786794,0.9930430756788294,3
0.00010002650714369673,3.611889381361225e-05,0.051599520385569746,0.9482643342121677,3
4.7089743621680455e-06,6.115290597497474e-05,0.061626884104983216,0.9383072540149618,3
4.604327627967022e-05,0.007954337065388006,0.08138608220730774,0.9106135374504402,3
2.405376809626265e-09,3.2890106588152284e-09,0.0011768907997645073,0.9988231035064873,3
5.542411150367778e-06,1.3128416716957565e-05,0.08506691622443281,0.9149144129470373,3
3.116627899405724e-05,0.0013463990375944838,0.3730411178741133,0.62558131680761,3
1.9362999870026356e-05,0.00025413266935770534,0.5358457750693792,0.4638807292623981,3
1.7289287102833396e-05,0.001013378853725361,0.8423376757408003,0.1566316561189491,2
1.5003949581403604e-05,0.00016439893754695878,0.956947302324868,0.04287329478620328,2
6.477818360098553e-06,2.914824701262083e-05,0.9923750559971769,0.007589317936632315,2
5.5703254110500484e-06,9.54384344415033e-06,0.9989852079701568,0.0009996778626388597,2
9.954807258265325e-06,1.2223838730516442e-05,0.9999119259707416,6.58953827104313e-05,2
5.276098726334934e-06,2.0319899636235093e-06,0.9994796717013614,0.0005130202086633046,2
6.264080276115256e-06,4.798990670771916e-06,0.9994205917137371,0.0005683452160725394,2
8.730197595178598e-06,2.5747121360496976e-06,0.9996970730884416,0.0002916220031972294,2
1.3297349623488723e-05,1.0609541432608303e-05,0.9998949078400325,8.118526936211444e-05,2
0.0001630958072980583,4.5732954981328296e-07,0.9991600130024823,0.0006764338606991975,2
0.00021019759648990697,9.147399454461119e-07,0.9993315145115833,0.0004573731534438273,2
0.00023810640854618346,2.134868777920777e-06,0.9996678427734209,9.191595100482418e-05,2
5.098446384135492e-05,4.4673457892614295e-06,0.9999075251558497,3.7023035201322876e-05,2
2.6943139389925366e-05,5.654235870885852e-06,0.999902335253986,6.506737185991766e-05,2
8.292480643841445e-05,4.204375110728211e-05,0.999542079096823,0.00033295234624258334,2
0.00039715020480775927,0.0007498106344147266,0.9791151313984487,0.019737907762447913,2
6.022052703163802e-08,4.705262027700444e-10,0.014681635307927456,0.9853183040010322,3
1.1389473666516571e-05,1.9813305006368386e-05,0.06499643322866437,0.9349723639921587,3
0.00016717362058701055,0.0002488610769636393,0.34083176875867677,0.65875219654552,3
1.5972616988850014e-05,0.00021887514575359636,0.3793099920659098,0.6204551601705561,3
1.2577435439337282e-05,0.010820686327787547,0.384550740768448,0.6046159954685784,3
1.413694730946002e-06,0.5192908410928545,0.2695867320181129,0.2111210131935197,1
1.1911230877261438e-08,0.902746493684845,0.01807514879873263,0.07917834560533979,1
1.6148293749984276e-09,0.9937939571474046,0.0007688273089806267,0.005437213927703196,1
2.7047533232894564e-10,0.9980015418764986,6.513061031299056e-05,0.00193332724163167,1
5.123086144914628e-10,0.9962959378693309,4.137124560696254e-05,0.00366269037145307,1
1.2578258800500147e-11,0.981804954211603,4.440495474199535e-06,0.01819060527911057,1
1.6885088914709299e-10,0.9891196621030173,8.314921245992125e-06,0.010872022808436988,1
3.531101104059447e-10,0.9943102809125206,7.5233031692262836e-06,0.005682195432312071,1
3.621620087466725e-11,0.9868522434181294,6.976151044729913e-06,0.013140780393664534,1
4.01664177040477e-11,0.9950941518334274,3.77347091092831e-07,0.004905470778114116,1
7.957036174348868e-13,0.9774898751571384,1.306878721060032e-06,0.0225088179651594,1
1.5588250759180465e-11,0.9984616732299274,1.5142668274659445e-06,0.0015368124878202326,1
1.076403065147483e-11,0.999248212666418,1.2062793140364715e-06,0.0007505810451412268,1
4.435172145700416e-13,0.9954068721187201,1.8278323557439872e-06,0.004591300046841897,1
3.8283153695157327e-11,0.9994718488823163,6.460475906383508e-06,0.0005216906031818292,1
1.727083226641974e-11,0.9990570313283105,1.1740851511076028e-05,0.0009312278046522282,1
3.562132394556366e-11,0.9976093323489988,2.4462623317339337e-05,0.002366204990559245,1
1.426829501856517e-10,0.9976968957642959,1.1216274751308687e-05,0.0022918878168374374,1
5.278397673591851e-10,0.9827092594332956,0.00018296227627149337,0.01710777776153662,1
6.540467278794341e-10,0.9920176509059984,0.00014256513186437482,0.007839783308161515,1
5.386439289976691e-10,0.9992437308607024,3.476409176227673e-05,0.0007215045102836645,1
3.008736997797885e-11,0.9971408931185907,1.6258220454209926e-05,0.0028428486303488376,1
5.532767732921971e-12,0.9973408088593829,7.433345824024743e-06,0.002651757789862389,1
3.3017211189014155e-12,0.9997169897223112,2.6885524873812606e-06,0.00028032172094033514,1
7.570863226758922e-13,0.9997066507219917,1.6095213199142788e-06,0.0002917397572330011,1
2.4024043466838645e-12,0.9988767180049097,5.40383136997474e-07,0.0011227416090983208,1
1.3501841246707253e-12,0.9751622626889281,1.8008974172915056e-07,0.024837557218787686,1
9.580668619010432e-17,0.00842115453635075,3.6318684237511284e-12,0.9915788454589667,3
5.0647920662259944e-15,0.003908932285706274,8.121761180387512e-13,0.9960910677137054,3
2.8084386420406464e-20,7.984262714323492e-09,7.607342347991504e-18,0.9999999920146365,3
2.7463363818201106e-13,0.045212288251731535,9.287110745595426e-11,0.9547877116533612,3
3.2048302563872666e-14,0.08889962803234226,6.045670516252165e-11,0.9111003719070929,3
5.846163354006782e-10,0.24525994307920387,1.3934527240508204e-06,0.7547386628838112,3
8.934505412198704e-10,0.2921645044603007,1.6758038415809187e-06,0.7078338188423764,3
7.27687977469869e-12,0.16850564137411425,6.610511660083928e-07,0.8314936975681383,3
5.108841558231515e-13,0.802234247801308,1.6503001638159326e-07,0.19776558716685932,1
3.1012627410675493e-13,0.996145045681394,2.630076621336008e-08,0.0038549280192281183,1
5.034996648629893e-15,0.9995210261213782,3.275870791229682e-09,0.0004789706022843748,1
6.806637174087069e-16,0.9997789400341905,1.6709996707322152e-09,0.00022105829428193535,1
2.295590817231488e-17,0.999658716332423,1.2165011678630223e-10,0.00034128354589375067,1
2.498331109728854e-16,0.9998082660973943,2.663542540781254e-10,0.0001917336375794178,1
8.879104975650069e-16,0.9989972698672466,1.1340972056857856e-09,0.0010027289983730863,1
4.025049699420668e-16,0.9973569995278111,5.918601112930247e-10,0.002642999879742193,1
1.2506274061577142e-14,0.9995923523978211,2.404935641184611e-10,0.0004076473618459347,1
7.11752686668626e-15,0.989903742151535,4.7719455791375575e-09,0.010096253077677114,1
6.9919278291928166e-12,0.9881225966162336,5.686708076387942e-08,0.011877346508547644,1
2.2546423929845337e-12,0.8538553026516342,1.0437727400631561e-07,0.14614459296862967,1
1.280363883719496e-14,0.06839573005161666,1.3752824943372917e-08,0.9316042561937474,3
3.031890063340404e-12,0.6401450487647693,2.970563201660236e-08,0.3598549215266429,1
1.2604582923327236e-10,0.9180573047225976,4.5881137139737546e-07,0.08194223633855928,1
1.4338505141605715e-11,0.9141449501156964,2.6893109378329615e-08,0.08585502297843713,1
6.5970524923470566e-15,0.22636280981594514,1.5755496975152233e-08,0.7736371744277771,3
1.9562481382691377e-11,0.9559091539169834,1.4907998109179139e-06,0.04408935526501892,1
7.743884280270505e-13,0.9957224670960468,1.048147186403572e-08,0.004277522420063301,1
2.8398064334850694e-13,0.9949837101526822,5.880602089519603e-08,0.005016231039394371,1
2.5173046545237905e-13,0.9963872686012466,7.607572060697232e-08,0.0036126553218357297,1
3.111104974246941e-13,0.9991879967469187,1.1089735971068717e-07,0.0008118923555804992,1
2.2202269651523335e-11,0.9994756239824133,2.782875172887308e-06,0.0005215931207990601,1
2.7580193848358278e-12,0.9884170235844217,3.184205078634227e-05,0.011551134362152271,1
2.0523229322871014e-11,0.9987818681870946,6.046952607304735e-06,0.0012120848388989247,1
2.023048293986337e-15,0.9995203714281536,8.507749913463002e-09,0.0004796200643102129,1
9.06262844724951e-15,0.9998672960484716,7.542271479857968e-09,0.00013269640959795873,1
3.893051906322297e-13,0.9988155411897082,1.4998268430026306e-07,0.0011843088275396547,1
1.7613325552455295e-11,0.939353788788746,5.899475585811851e-06,0.060640311717704426,1
1.8357769437510706e-14,0.0020737249303170945,5.4040208104286845e-09,0.9979262696652146,3
4.917500026858828e-09,0.19292903660937658,1.135683144950882e-05,0.8070596016427134,3
6.027165111532503e-13,0.00019792638907750512,4.116927945918463e-08,0.9998020324423202,3
4.2626678453768743e-08,0.31783735936688856,9.77864069229225e-05,0.6820648115990228,3
3.638297269285057e-10,0.10030306669823812,8.08774798800605e-06,0.8996888451899698,3
1.0818697962931078e-08,0.15655434444305227,2.891402379455599e-05,0.8434167307162643,3
3.149562789958019e-09,0.05851596856485344,1.064109281225173e-05,0.9414733871911427,3
3.19941386431039e-13,0.0001748241271003886,2.0543120723990683e-07,0.9998249704403184,3
4.3433077781165073e-10,0.9510959773655239,2.356247870311547e-05,0.048880459720751675,1
1.3369599212323926e-09,0.994942786866571,9.428212287438184e-05,0.004962929672721402,1
2.7285767845998395e-09,0.9989145904909998,0.000537328865552601,0.0005480779153803066,1
4.424324750815142e-09,0.9919714793749158,0.006842143517952142,0.001186372681388203,1
3.04760941187173e-08,0.9569438069543523,0.039585658728191676,0.003470503840440719,1
1.5148040727069582e-07,0.8606272967945944,0.13315272094019404,0.006219830786058261,1
3.9562446437390606e-07,0.5198686521311661,0.453536703243951,0.026594249000453832,2
2.4678954143042947e-06,0.298631999023948,0.6875062463843065,0.013859286695661055,2
1.6196583683395854e-06,0.045226682259824125,0.8936237123217784,0.06114798575902877,2
5.255336068044132e-06,0.015327840857599173,0.973937691962487,0.010729211843048253,2
4.039525887599969e-06,0.0074764791612202865,0.9919595118306812,0.0005599694828962187,2
1.7507083974829861e-06,0.003523838822663354,0.9959909806527892,0.00048342981770401497,2
2.173984842174259e-06,0.0011547277532579071,0.9984496120423769,0.00039348621894923143,2
6.264971302231369e-06,0.0001179799211124767,0.99934494996168,0.000530805146454938,2
8.771287511810536e-05,1.91358839544847e-05,0.9998014089181837,9.174232177337862e-05,2
0.003386919325123262,6.569459006432924e-06,0.9951872582078805,0.001419253007807291,2
0.00788794313483958,8.769562265903614e-08,0.9726598583641338,0.019452110805483917,2
0.008173527427245593,5.550654237004024e-06,0.9898633827486536,0.0019575391681452025,2
0.0041270555942758465,1.4143353593056648e-06,0.9953818255530812,0.0004897045173662424,2
0.0015092458565886375,5.981130761889484e-07,0.9971969667218797,0.0012931893070696077,2
0.0013154399612484466,1.3660364873130173e-05,0.997479960772179,0.0011909389016033051,2
0.001150211157876393,0.00048495397277528544,0.9781860512203631,0.02017878364947979,2
1.9387694288176956e-06,5.059368401111357e-08,0.004984402751315397,0.9950136078856061,3
6.877668616558441e-34,9.088034866715747e-50,1.2977866104520585e-27,1.0,3
2.97586543124809e-06,3.387187090561881e-06,0.0005479823594419198,0.9994456545880724,3
1.378461527768067e-06,2.234563992176475e-07,0.0014135779132770606,0.9985848201672499,3
0.0019152902942587335,0.0025272890572303887,0.07438094670460771,0.9211764739453705,3
2.407898965812804e-11,1.0477456550537134e-15,4.1939786932840444e-08,0.9999999580359153,3
1.8893675715301097e-06,4.0871695065651455e-08,0.0007081617325147288,0.9992899080271,3
0.00034913072972855635,6.046006294223124e-05,0.06044669282337794,0.9391437163851448,3
0.0001511043721789834,0.0001222416685238298,0.06369115953365241,0.9360354944260248,3
1.9439390711073227e-09,1.252633221792831e-09,3.053968136154133e-05,0.9999694571205143,3
9.541989150071723e-08,5.129401151061325e-08,4.5222197807353235e-05,0.999954631089729,3
2.1091710786213472e-07,1.4991145344360375e-05,0.00046363249131205545,0.9995211654474183,3
2.6402844494649205e-09,6.913239251951985e-05,2.637352210702772e-05,0.9999044914467303,3
6.552717135702797e-07,0.14179326532117276,0.0015653167398632483,0.8566407626683672,3
1.5034405305719157e-12,1.3969725145822671e-08,1.35330543037531e-08,0.9999999724968806,3
5.0093318413113195e-08,0.00020768208094518268,0.00015087234952481607,0.9996413954777075,3
2.4308680394908146e-14,1.1961499663047494e-15,2.537809666023937e-10,0.9999999997453415,3
1.762854964891618e-11,1.978844996537032e-10,1.0860023612651364e-07,0.9999998911844218,3
1.82296467442619e-14,7.872148688469476e-16,1.9423913893310908e-10,0.9999999998071871,3
5.833957040183003e-10,1.3801975047817843e-06,1.7241831445410097e-06,0.9999968950372022,3
6.398739875493107e-33,2.5461841096491914e-42,7.625351569682333e-26,1.0,3
1.9286435649621892e-17,2.9105655132640346e-15,6.947694218896079e-12,0.999999999992724,3
3.9969073163394624e-10,8.390596627823625e-05,3.09200773702895e-06,0.9999130016269078,3
7.463113117513114e-11,4.610205974035302e-06,4.983757337711287e-07,0.9999948913449296,3
6.560408226685852e-14,3.1597616688202253e-12,7.787938284897722e-10,0.9999999992178346,3
6.328825337557445e-10,2.0468267838104598e-05,1.3551874577852744e-06,0.9999781759123356,3
1.514227942602655e-13,5.2411502427905265e-09,4.4283838156203563e-10,0.9999999943174771,3
1.2505985148154524e-27,4.362065880893076e-27,6.173256547096487e-22,1.0,3
1.5989551140818065e-12,4.952713291488698e-08,6.288348772183422e-09,0.9999999441824927,3
1.3747370328584424e-10,0.0007770250280165061,8.54756424081064e-07,0.9992221200775936,3
5.8483899603070976e-15,4.0071536414565194e-07,5.363021372041497e-11,0.9999995992294209,3
1.8915030125054483e-18,3.783837304906944e-13,3.518992315112141e-14,1.0,3
4.0721026290639495e-12,0.0004911558274718746,2.276023108703949e-08,0.9995088214087081,3
1.144833872152043e-11,0.002889411250695528,3.443812014178278e-08,0.9971105542999728,3
1.7309099376688645e-11,0.019332496260533464,3.9271689294801816e-08,0.98066746445091,3
1.572108113259498e-13,9.372354915728266e-05,2.5966020161097444e-10,0.9999062761903048,3
7.186887582807149e-18,9.55456586784074e-09,2.272725475088543e-15,0.9999999904466677,3
3.153418773513632e-42,2.2513882479026695e-36,1.7337921621722582e-36,1.0,3
3.3672980802663847e-23,1.7606501362478375e-06,2.959489461340315e-22,0.9999982393507746,3
6.090245018498749e-20,0.008225002710896077,6.585697801699356e-20,0.9917749972882176,3
2.184570867034056e-19,0.0021429767612716356,5.495242435274294e-19,0.9978570232373983,3
2.720462526853588e-19,0.003267404650276695,6.684066144502506e-19,0.9967325953515028,3
7.23103537355117e-23,2.6314018744524944e-07,7.860695793966958e-23,0.9999997368613895,3
1.3354651789028615e-21,0.0004551061177008055,3.916982082364552e-22,0.9995448938833312,3
3.776661257358251e-19,0.1055573090036406,2.392995206867145e-19,0.8944426909962145,3
3.389832062155054e-19,0.05268122309263399,3.394345014086303e-19,0.9473187769063267,3
9.148288647398791e-23,9.248743977011971e-07,5.761062833002845e-23,0.9999990751243515,3
9.41147353488009e-34,5.609387011919695e-21,2.5697520087428267e-33,1.0,3
2.597837397704253e-19,0.010792308530070294,2.147367798589152e-19,0.9892076914708952,3
1.939321380655423e-35,7.566655621896436e-25,1.2256062291791036e-33,1.0,3
1.9358480356419313e-39,3.5736979826058154e-26,1.2761399724872318e-38,1.0,3
2.6696401357837922e-24,6.223993030144262e-06,3.6361408945495e-26,0.9999937760051549,3
3.0808288462111924e-22,0.00031389226129519097,1.3410804851646294e-23,0.9996861077396456,3
1.6215831060514407e-25,2.2642599125736907e-06,3.430489554151014e-27,0.9999977357391058,3
5.058255912711661e-21,0.03704067607690411,5.353863860251357e-22,0.9629593239219959,3
2.912890643439717e-25,0.015640831732319116,9.008329667659527e-29,0.9843591682687176,3
1.709828529983781e-27,0.003994880464691462,4.463877842536815e-32,0.9960051195339618,3
1.413661095392455e-28,3.20721220900892e-06,2.483729353967641e-32,0.9999967927884926,3
1.4819276833786723e-24,0.0033459385591962407,1.7975857365802048e-27,0.9966540614398302,3
2.0137495609799446e-25,0.00022704140621210417,3.550595871093189e-28,0.999772958594797,3
5.116870580245033e-29,1.7758423255317176e-08,5.244515115375737e-32,0.9999999822430256,3
3.7495245669625365e-24,0.00032141786265242996,7.727207455173038e-26,0.9996785821378028,3
1.4994310733184677e-26,4.1988853357038386e-08,5.333735981820536e-28,0.9999999580104495,3
8.460517277553342e-37,3.351392673603914e-26,7.817631819336964e-37,1.0,3
2.9326985308506015e-26,5.383995736939209e-10,7.280412853934059e-27,0.9999999994615791,3
1.7767384402333308e-27,4.501559938497713e-10,4.548735829169335e-29,0.9999999995488906,3
4.320248292232806e-23,0.06088535788732463,2.983528643269694e-23,0.939114642114208,3
5.0593812617279155e-21,0.8421827407869925,1.427892521060943e-20,0.15781725921339035,1
2.1734259845249575e-20,0.9593726611426839,5.752030108445968e-20,0.0406273388589834,1
5.331418175761617e-19,0.9673589523428792,1.196580821955322e-17,0.032641047658899656,1
7.190877478396602e-19,0.9181086241842371,1.6075159585739316e-17,0.08189137581690624,1
1.789401244859099e-20,0.00017810898448575706,3.101684412627538e-16,0.9998218910167181,3
1.48405055855113e-18,5.7426233012155634e-05,7.970522983411626e-16,0.9999425737669652,3
1.2227789167596945e-13,0.03797095715624057,2.7659335036865493e-11,0.9620290428155267,3
1.6605823902263972e-17,6.359273223095355e-07,6.093207727124095e-14,0.9999993640742307,3
2.3216518604563313e-12,0.016388510232502856,1.746965479947344e-09,0.983611488018163,3
3.049046157394761e-16,1.2686253520285736e-09,1.2515674460361297e-11,0.9999999987194315,3
6.549181643050748e-11,0.12030577545854979,5.1568630227113e-08,0.8796941729073169,3
3.63556667364584e-17,1.6565728940279423e-05,1.838604190483467e-14,0.9999834342696591,3
4.646533499975009e-16,0.00010504786934056438,3.066286125368967e-13,0.9998949521314083,3
1.8905572931873958e-17,3.7345218860852904e-11,4.2806294299315424e-14,0.9999999999636202,3
4.586071030274411e-13,0.0003173878319068497,1.2907886570627136e-09,0.9996826108761918,3
5.089882709910549e-09,0.02638546570557039,1.7106147342261834e-05,0.9735974230581356,3
3.492483613334603e-07,0.06879857968116981,0.0010040174284862535,0.9301970536425037,3
7.07640948045002e-12,5.897016282234834e-09,7.674954110198435e-08,0.999999917345125,3
5.178972094281192e-07,7.053645612847189e-06,0.0003858120145277347,0.9996066164434273,3
9.568261103418824e-08,6.2618882235258985e-06,0.001437267131909405,0.9985563752959167,3
4.0333817949974206e-05,0.0847043877437955,0.03923775461708673,0.8760175238207063,3
4.671989338064926e-08,0.0005471866928537283,0.0012753053501452494,0.9981774612359371,3
3.16993675827003e-08,9.84631403278436e-07,0.00012289974953756381,0.9998760839210308,3
2.6768481876313537e-07,5.97726709962707e-05,0.0002431469442268008,0.9996968126990098,3
1.055000697294896e-09,1.7710559723917066e-09,0.0001181986234129674,0.9998817985520545,3
8.252277901170395e-06,0.0038381979347375996,0.21613922537855973,0.7800143244077921,3
3.555156149761916e-06,0.0022976981689452826,0.35255284442545004,0.6451459022482778,3
5.244242188018101e-05,0.0021959371962355016,0.9047525022817026,0.09299911809897389,2
1.0359948478850981e-05,0.002012094479078084,0.9778607884571702,0.0201167571151839,2
2.541487441888981e-06,9.008763309878456e-05,0.9719592511547674,0.027948119724610643,2
4.758797920375847e-06,2.801929833299347e-06,0.9727093354002107,0.027283103871128263,2
1.778747533665416e-05,0.0004801205696829217,0.9858101507598241,0.013691941193477261,2
3.2260942685582086e-06,2.4010682785913004e-07,0.9163127849719651,0.08368374882639101,2
5.220011234183714e-06,0.0011058505174609138,0.9460533623422509,0.052835567127584346,2
8.433932340930124e-07,1.9258931164337878e-05,0.9226029411319628,0.07737695654287735,2
5.670741675251322e-06,0.0002429340456196477,0.9736711943130655,0.026080200900575966,2
3.1632739902569425e-06,0.0018314083343969434,0.9903720575543347,0.0077933708386159805,2
3.3358801713159864e-05,3.3146166177734576e-06,0.9839156419532301,0.01604768462676335,2
0.00011671385665067541,9.397410328144121e-07,0.9891518114614967,0.010730534940310925,2
5.5571693872472744e-05,2.262311634985241e-06,0.9966132327560723,0.003328933236704272,2
6.374606369270413e-05,5.09998950327038e-06,0.9948074933424866,0.0051236606039005185,2
3.257594343727751e-05,4.361574084608812e-07,0.9853451432571798,0.014621844640968175,2
2.767028013104491e-05,6.551813276922151e-07,0.9925784818238012,0.0073931927153349205,2
1.1446097261012819e-05,2.0038297437025212e-05,0.9997543292606309,0.00021418634354209234,2
1.3137428539303442e-05,6.8658988947268045e-06,0.9998353343909322,0.00014466228091027978,2
4.120195654732195e-05,2.849821068399793e-05,0.998752185214013,0.0011781146193155286,2
0.000627947781036494,0.0004968371309159191,0.9785926666922893,0.020282548395117294,2
2.798479240656288e-10,1.53533661679634e-15,2.0297620674637448e-06,0.9999979699589545,3
4.329002020496993e-09,8.852286133847456e-17,1.7868619796939119e-06,0.9999982088099967,3
0.014979630619833937,0.00015857204985652803,0.9081368938469544,0.0767249034835751,2
0.016676061483142077,1.0947918144305227e-05,0.9706673829732693,0.012645607625655824,2
0.019717301880028466,1.0003524983055318e-06,0.9769225756924307,0.003359122075232877,2
0.029534844030447427,1.967371143443294e-06,0.9697871536171815,0.0006760349806627116,2
0.037525379561263665,4.972890068775703e-06,0.9614699694892239,0.0009996780601538608,2
0.04026404404013543,1.2916829584559235e-07,0.948546184326858,0.011189642465505653,2
0.04278890771728283,2.551521651162626e-06,0.9551369422181397,0.002071598542534474,2
0.037735887892863425,2.3585595300671834e-06,0.9619776764846065,0.0002840770623794392,2
0.029754264287377787,1.442985644538738e-06,0.9695691891926582,0.0006751035354394689,2
0.0015393857280218274,7.86410453581467e-07,0.9961042398610621,0.0023555880015494915,2
0.0001230624217519123,6.323657784877613e-07,0.9975148019176209,0.002361503293907706,2
0.0005179688050862101,3.5793184260696924e-07,0.9980945921224856,0.0013870811420237735,2
0.008150813045674127,2.249174247182435e-06,0.9914037695648453,0.00044316821597906257,2
0.08176062832544556,1.6048162026107916e-05,0.9172125240948624,0.0010107994179219403,2
0.6192536367355045,4.812114203206188e-07,0.3503597789667622,0.030386103085931843,0
0.9216153149205106,4.1919991056722894e-09,0.059043607251627175,0.019341073635656226,0
0.9944544783476325,2.014624045445767e-07,0.005061903543037972,0.0004834166485572736,0
0.9989960671806531,7.48522611948477e-08,0.0003090850218164415,0.000694772946598057,0
0.9835449895182544,4.153845420203817e-09,0.00013009493708568003,0.016324911392310487,0
0.9095835564122556,3.708174702039461e-13,1.274165665896014e-05,0.09040370193072876,0
0.9989230462934363,5.478318146837383e-09,2.5190240368801175e-05,0.001051757986434801,0
0.9999180201656983,5.365231301858442e-10,2.641948134728193e-05,5.555981774693791e-05,0
0.9999148210999461,2.058333055498733e-11,1.5878862295363127e-05,6.930001703555258e-05,0
0.9998625630189483,4.991193452345617e-12,3.3912149385327405e-06,0.00013404576279749746,0
0.99980673669453,7.259897270889836e-13,4.02707392616884e-06,0.00018923622970850953,0
0.9999858021099689,5.881863741292886e-12,4.6029934779492647e-07,1.3737584515566564e-05,0
0.9999498699413335,4.67951992065477e-13,3.1615308395447496e-06,4.696852621150725e-05,0
0.9999680134919684,3.275425268420365e-13,9.472670576653472e-07,3.103924220868169e-05,0
0.9999805161866793,2.5884946400914614e-13,9.442056400991765e-07,1.853960849092305e-05,0
0.9999880574854695,7.029901247581408e-12,4.846905349029954e-08,1.189403784143585e-05,0
0.9987346224638368,1.2544463421990381e-09,7.684329576084878e-05,0.0011885329850384175,0
0.9096817048756801,3.043573820447875e-09,0.0022403162091146614,0.08807797586987638,0
0.8682813241643977,1.1359223401197688e-10,0.00026537426929866786,0.13145330145205553,0
0.9829418476713919,1.1836389925784046e-08,0.0004872337811745448,0.016570906711830646,0
0.9993902574448186,3.5303260176541094e-09,0.00014616797875480157,0.00046357104784047786,0
0.999923689539672,2.475561593476964e-10,6.026351541698219e-05,1.6046695623513417e-05,0
0.9999269622101796,3.975298704160369e-11,6.1952985589762e-05,1.1084766188317963e-05,0
0.9999127874377363,2.3642148912856653e-12,2.2413851786038703e-05,6.479870909453993e-05,0
0.9999456293200919,2.970979264141386e-10,2.1177472106151262e-05,3.319291117415361e-05,0
0.9993770716752923,1.650239880083972e-09,1.9057454577314386e-05,0.0006038692194718873,0
0.9654591019091436,3.0771347382138264e-09,8.160063687199303e-05,0.03445929437546949,0
0.2371585281123026,5.104623330470104e-09,0.0016005485237833175,0.7612409182605435,3
8.621716018808747e-09,6.141793899457449e-19,5.611232113933263e-10,0.9999999908177415,3
1.2486918603360054e-07,9.246474910111496e-18,4.803008969240276e-10,0.9999998746498101,3
0.11700713136097031,7.395093067135017e-05,0.0008998508006078033,0.8820190669067152,3
0.08661470197783332,4.806700999258571e-06,0.0014093804753049317,0.9119711108443758,3
3.6083044276525006e-13,2.5968455521995124e-21,3.6869891846644405e-11,0.9999999999636202,3
0.0019719973382272024,0.00019852575933789992,0.014183535482985172,0.9836459414185231,3
5.32411410820248e-12,7.708701993394068e-17,9.223626002167824e-10,0.9999999990723154,3
0.0033359266877984067,8.041559929248539e-06,0.05709053603115877,0.9395654957197619,3
0.005790310872508437,4.20553545906391e-06,0.2548424025776416,0.739363081012803,3
0.007459846648975779,7.669071604625031e-05,0.8847148894366447,0.1077485731978006,2
0.0015085094711210353,1.1124444749671383e-06,0.9543097480354861,0.04418063004968097,2
0.00047363382382123085,1.4325573548003376e-05,0.99580949340898,0.003702547195327654,2
7.399547709479714e-05,1.3500399870387874e-06,0.9979898165760411,0.001934837906415964,2
0.00013419274031931181,4.585241471115923e-05,0.998317611957228,0.0015023428875068424,2
0.000613187537085862,0.00022275410908461453,0.9434540641573907,0.055709994197094694,2
9.436382902170178e-08,8.122533720949781e-13,0.014093742895756704,0.9859061627383542,3
0.0009308880194544637,0.00032454174020564333,0.72495526957223,0.27378930066913715,2
0.00027690289192233133,8.495635010994167e-07,0.7794205119464468,0.22030173559973953,2
0.0003637561095864251,2.3761376914117855e-05,0.9546195740897416,0.044992908422932,2
0.00017380535214730878,8.59652986752695e-07,0.9748117410236032,0.02501359397119092,2
0.00033392226446953157,8.781309927255742e-06,0.9988602837893601,0.0007970126359925459,2
0.0004842373966673222,2.0406573284792445e-06,0.9993754741226354,0.00013824782358371726,2
0.0011021720263193096,4.39703610783995e-06,0.9982383719052056,0.0006550590339104995,2
0.0012478225756600782,3.935727052695971e-05,0.9904765566176886,0.008236263537509572,2
0.0007537034352311232,8.398494861663602e-05,0.8160870155471878,0.18307529607075496,2
1.4280477733089456e-06,1.0467343618041659e-09,0.16151790183403575,0.838480669071332,3
0.00018509158809847941,7.494544074076529e-06,0.5199230246053629,0.4798843892630699,3
0.0003980841857435286,0.00016858793014035923,0.9789555428326665,0.020477785050945687,2
8.377067214260182e-05,1.2590216064110866e-05,0.9989248053330779,0.0009788337804328832,2
7.795444701318612e-05,4.043949492098259e-06,0.9998385077515521,7.949385064084798e-05,2
5.504752507803453e-05,3.679342426609169e-06,0.9998662119988541,7.5061132569837e-05,2
1.8642593436609483e-05,9.408606488255713e-07,0.9985559318926314,0.0014244846536265727,2
1.1295297545877283e-05,2.958606124460946e-07,0.9948122235025035,0.005176185339262169,2
1.6596366062708972e-05,9.794928146580771e-06,0.9997561453061339,0.00021746339951284668,2
1.0895867074939636e-05,6.806947110733444e-07,0.9990736285365185,0.0009147949014327619,2
1.5124188044384457e-05,9.03496787682799e-07,0.9991635856365121,0.0008203866799377628,2
1.92818233436618e-05,1.6371908021847356e-06,0.9997334045581847,0.00024567642865044886,2
1.9943688214446398e-05,6.155041527360047e-06,0.9999303833251406,4.35179446814555e-05,2
1.9230193731650575e-05,2.1251388022541176e-06,0.9998675790711655,0.0001110655955277188,2
2.995101287240374e-05,2.6008639041004944e-06,0.9998746672540159,9.278087003154948e-05,2
4.959515323216603e-05,4.233083465007857e-06,0.9999095954748674,3.657628833415421e-05,2
5.239842505372673e-05,2.228913769913841e-06,0.9997670138207366,0.0001783588404185883,2
6.266147763610217e-05,1.2377495586803091e-06,0.9986342767471031,0.0013018240250263755,2
7.608030506258608e-05,4.3648739225946285e-06,0.9998301593004515,8.939551981661816e-05,2
0.0001299553508356441,2.7383607766569667e-07,0.9987972641360647,0.0010725066770982915,2
0.0006864922951018943,9.902601737576902e-07,0.998895765218627,0.00041675222743880287,2
0.0011158591454899127,2.723926396660461e-06,0.9987769317382781,0.00010448518882419665,2
0.0005280695620204769,1.3488574225816665e-06,0.9992489200923863,0.00022166148977735835,2
0.0001980355827343015,4.301174187163813e-06,0.9997026505418333,9.501270238749707e-05,2
0.0014482443594530667,4.040730924305561e-07,0.9973861184563128,0.0011652331107072462,2
0.01108441722893973,1.3872047432849717e-06,0.9885968989493112,0.0003172966153791663,2
0.032754812300719194,2.63895210277863e-06,0.9671162705373318,0.00012627820962395108,2
0.0814414828063157,1.4779034345228718e-06,0.918101181586056,0.00045585770410336816,2
0.17926186283141687,2.079086375846026e-06,0.8200094291400305,0.0007266289429233077,2
0.3936158281731875,5.490479136072654e-06,0.602309697286115,0.004068984061324753,2
0.7157133060350879,1.7850228053715395e-06,0.2598906271832901,0.02439428175792321,0
0.9124501243535054,1.037572046116968e-08,0.061249550168327054,0.02630031510379872,0
0.9868921598663692,3.168704343812371e-08,0.012384315731490802,0.0007234927135796538,0
0.9977754385504838,1.626044012881027e-09,0.0021719383603921536,5.262146405267538e-05,0
0.9994835893333954,2.7919904051109163e-10,0.0005009035134759108,1.550687314798748e-05,0
0.9998353248355356,4.94067936165756e-11,0.00015454800531422688,1.0127109463160153e-05,0
0.9999366245357667,2.1490646275891087e-11,5.3854547730749865e-05,9.520894647677029e-06,0
0.9999613627594195,1.0306903264593365e-12,1.2511418856033285e-05,2.6125820476617248e-05,0
0.9999780789805105,2.290552000948728e-12,8.310209985056207e-06,1.3610805400286765e-05,0
0.999971469303555,4.576350306303206e-12,9.34340004061987e-06,1.9187292619999735e-05,0
0.999952597557545,4.2202708152290656e-15,8.178499579515528e-09,4.7394262648069716e-05,0
0.9999918700417193,5.47211976446305e-13,2.2362646889575395e-08,8.107595332868071e-06,0
0.9999284562382534,4.369925390919565e-12,9.186313373335199e-08,7.14518938774968e-05,0
0.9975682888491686,1.2789721274826295e-13,3.256567727880068e-07,0.002431385495121283,0
0.9995537852420413,8.837021854157577e-14,1.8480340412487916e-09,0.0004462129092899443,0
0.9999877316065489,5.215670564912757e-13,9.870805090614794e-09,1.2258522113283092e-05,0
0.9999897662833753,2.8714457979665167e-15,5.275783629308002e-09,1.022843981688721e-05,0
0.9999957972156249,1.7189285717690256e-14,7.5410609179035e-09,4.195243096508517e-06,0
0.9999876266084982,2.8047028254944804e-15,4.707529114473111e-09,1.2368683490976233e-05,0
0.9999863085714019,6.3071455136735856e-15,3.9544101030316655e-08,1.3651885012117048e-05,0
0.9999965648589634,1.0041717548254955e-14,1.135603798600575e-08,3.4237858798686936e-06,0
0.9999961980319738,1.2280468584015285e-14,1.510741601984223e-08,3.786861782888394e-06,0
0.9999829792279977,4.117052956730431e-15,1.682502459871176e-08,1.700394697236828e-05,0
0.9999901284914561,3.381181531745768e-14,2.3476906312028927e-08,9.84803302807457e-06,0
0.9999804677879535,8.473535807238269e-15,1.3207022220407809e-08,1.951900560443901e-05,0
0.9999875122646077,3.983034853631136e-13,1.8009198624633935e-08,1.2469726811191449e-05,0
0.9998781946461702,1.2700086976030915e-14,5.545774025772139e-08,0.00012174989776401981,0
0.9999925744508009,4.152335276985331e-13,5.079805313203369e-08,7.3747519054841314e-06,0
0.999984673294551,1.152253527997825e-14,3.4245571389427097e-08,1.529245861674209e-05,0
0.9999929216169628,1.1917150825496368e-14,4.0635905691396255e-08,7.037748359946861e-06,0
0.9999952807486295,1.5511289568984823e-14,5.9297089446261356e-08,4.659953923489861e-06,0
0.9999911283587328,3.443082394721566e-15,4.4020094481598955e-08,8.827622514044626e-06,0
0.9999960698155443,2.7171870111223613e-14,2.9491935666118035e-08,3.900693385227906e-06,0
0.999985126849072,1.0841112243951192e-13,3.357501657437897e-06,1.1515650402918832e-05,0
0.9999804000974062,1.369476738679693e-12,2.675581874436338e-06,1.6924318124895407e-05,0
0.999937663157084,8.716798139121098e-14,3.836503045660668e-06,5.850033909860328e-05,0
0.9999915031473308,5.964453774537351e-13,1.4975940346823158e-06,6.999257581539866e-06,0
0.9999925293765792,1.1941220445917937e-13,1.447211273548269e-06,6.023411235497538e-06,0
0.9999912119005405,3.936339462568322e-13,2.4055429749469654e-06,6.382557251663468e-06,0
0.9999681066212512,1.7017600620473946e-13,2.8454940130125826e-06,2.904788345359678e-05,0
0.9999733272371697,4.830254229420907e-13,6.0542028823403316e-06,2.061855871079094e-05,0
0.9999882806000701,1.6653493966035276e-12,4.911217784474937e-06,6.808179916037535e-06,0
0.9999780792751803,8.858558295665745e-13,4.6772838633484995e-06,1.7243440258772493e-05,0
0.9999350454887179,3.2287704552509576e-13,8.743143429601753e-06,5.621136934305924e-05,0
0.9999716313927272,4.864776277891515e-12,1.4938465297947814e-05,1.343013651866037e-05,0
0.9999593721508643,1.5948558476151826e-11,3.313679049941695e-05,7.4910426598504395e-06,0
0.9999193647806585,9.113672243257127e-13,3.785658419218834e-05,4.277863503582924e-05,0
0.9999810248791118,1.522618744908157e-12,8.433464570737569e-06,1.054165506530596e-05,0
0.9999871683962902,3.880713356951371e-12,8.0975880236279e-06,4.734012070546442e-06,0
0.9999509266817405,2.8277788481549648e-12,9.375729730328927e-06,3.9697585597029136e-05,0
0.99979378887701,2.6024619419381193e-11,2.428176648821259e-05,0.00018192933118035994,0
0.9987972526756801,4.603277106545329e-09,0.0006882204903980728,0.0005145222294848177,0
0.9738583365551527,4.6425750490935134e-09,0.020137012559405424,0.006004646242200218,0
0.9209768781531977,2.9249976648002956e-07,0.07566269453134775,0.0033601348156883358,0
0.8065829166737201,7.672193937696795e-07,0.19259775673262552,0.0008185593747962301,0
0.6055265475631443,7.520416444484387e-07,0.39304832521145183,0.0014243751824312132,0
0.08815012329985197,3.7944661029346876e-07,0.8889104320307623,0.022939065221720054,2
0.0068549424457096594,5.5149636332464724e-06,0.9910520679092082,0.002087474679929427,2
0.0015002055940609327,1.2970260677495494e-06,0.9982386162263731,0.0002598811539092623,2
0.00020508942743917768,3.1916387579302835e-06,0.9997037852216266,8.793371298729983e-05,2
6.132715333119715e-05,2.325186146400558e-06,0.9998463197782704,9.002788113362926e-05,2
3.9873301009339296e-05,3.146754276203141e-06,0.9999027820997571,5.419784369405809e-05,2
3.2533905921243514e-05,4.745740400905592e-06,0.9999171727392681,4.554761282388435e-05,2
1.5226540809574025e-05,3.911360350112966e-06,0.9998814432181637,9.941887907517412e-05,2
2.3199284191596677e-05,3.113791608466727e-06,0.9998953632344777,7.832368880161111e-05,2
1.7440314416054786e-05,1.2969105641743454e-06,0.9996803644415316,0.0003008983324445698,2
2.0056131697124617e-05,4.652303362046549e-06,0.9999156586917559,5.9632873270825614e-05,2
1.3408825640984937e-05,3.67705149064226e-06,0.9998402935376813,0.00014262058560548897,2
1.3079722617083653e-05,3.968844733311618e-06,0.9998983476626749,8.460376988861873e-05,2
1.090211203326946e-05,4.234900384268794e-06,0.9998185533274797,0.00016630965837323075,2
5.8571377646291516e-05,4.996711091501089e-07,0.9992347551716606,0.0007061737782136325,2
4.055859414782583e-05,1.656813054444481e-06,0.9998071931327269,0.0001505914616621732,2
1.4670781628332765e-05,2.212701910851206e-06,0.9998273019283701,0.0001558145872482085,2
9.495256315264504e-06,6.035567002763787e-06,0.9998700875286614,0.00011438164682943218,2
5.929367492900334e-06,1.9757171385754242e-05,0.9999184997066916,5.58137557811106e-05,2
1.071534076173268e-05,3.2531922781166066e-06,0.9998627544267393,0.0001232770389744351,2
1.8501483111794857e-05,6.1116109321401665e-06,0.9999312831933509,4.410371325389749e-05,2
9.57067395511871e-06,1.684756852900504e-06,0.9997714330758586,0.00021731149444081466,2
9.564898499272144e-06,7.0868879259105486e-06,0.9999085059993106,7.484221323373655e-05,2
9.58922463528005e-06,2.932135547223021e-06,0.9996901220555152,0.00029735658391571524,2
1.0692794741865986e-05,1.685832824937366e-05,0.9998478869690606,0.00012456190718789184,2
5.8584762910021984e-06,3.495290965917384e-07,0.9963382713857605,0.0036555206105742086,2
4.3038907908189464e-06,2.342161501885427e-06,0.9980657506610551,0.0019276032875357738,2
3.2775997814535185e-06,1.2875356981471432e-05,0.9993585838623082,0.0006252631812925088,2
4.2398496574883734e-06,2.113884126687217e-05,0.9998008485444432,0.00017377276383722512,2
7.682483504195825e-06,8.18185562668492e-06,0.9995021250019381,0.00048201065783607094,2
7.943573392591903e-06,6.9278574408227705e-06,0.9998730981879409,0.00011203037953005007,2
8.614015443906915e-06,1.0489568022846435e-05,0.9999077671282127,7.312928686072155e-05,2
1.5507015529256028e-05,7.055143572483149e-06,0.9998519040624694,0.00012553377714042237,2
1.4931791021105195e-05,5.0123834600285855e-05,0.9980125290453183,0.0019224153303697125,2
5.07955526568232e-05,0.0015427498216763925,0.9741253456300545,0.02428110899385035,2
4.846800757936169e-07,0.005110996661400518,0.4602569156235326,0.5346316030346395,3
1.3213069020588269e-06,0.5365849151526823,0.3637807753550024,0.09963298818455538,1
4.044258091590791e-07,0.7764313049783033,0.19725397329596606,0.026314317299616145,1
1.0485524884590653e-07,0.9176788860511422,0.07318912720562401,0.009131881886777724,1
5.316351020457946e-10,0.9948071919593119,0.0009315143906947375,0.004261293119576088,1
1.815060318985595e-10,0.9990065479391605,3.997970194262649e-05,0.0009534721772902851,1
7.714518839267173e-12,0.9957077758682833,3.5174472277685044e-05,0.0042570496515347105,1
9.118304407230303e-12,0.999713868351884,5.188744348495609e-06,0.0002809428952112617,1
3.922048984947805e-12,0.9997051800687632,1.2604519054190073e-05,0.00028221540924514097,1
7.515810646843925e-11,0.9994250394154635,0.00019080166892286558,0.00038415884146125127,1
2.3769949428101126e-09,0.9935266848554967,0.00417673354397907,0.002296579222383517,1
2.1229491929463933e-08,0.9373715258124938,0.031443390178470365,0.03118506277866643,1
4.3146430014159903e-07,0.8170566544679406,0.14625985944571931,0.036683054621724526,1
1.9991056563111116e-06,0.19051565683368776,0.7855234722130583,0.023958871845843475,2
6.032692199797145e-06,0.03295907524516666,0.9640794226287593,0.0029554694349694047,2
4.141626102401851e-06,0.0020371945573200516,0.9955554522971524,0.0024032115177210277,2
6.1812729914955375e-06,5.1935282912230694e-05,0.9991460178329091,0.0007958656109093646,2
9.189850353629962e-06,1.4381199151426036e-05,0.9998738423769371,0.0001025865723062792,2
5.5723300186500855e-05,3.844830030809698e-06,0.999898283738974,4.2148130180466196e-05,2
6.967846354285077e-05,1.3977771268344924e-06,0.9997953404872062,0.00013358327255263627,2
5.4880784468397376e-05,3.013991250549151e-06,0.9998842592549892,5.784597032303293e-05,2
6.846166156774324e-06,2.0064709034803414e-05,0.9998665575497497,0.0001065315760709294,2
4.7395298687563086e-06,0.00010692824289276213,0.9997062789460456,0.00018205328103118164,2
1.5907366686443042e-05,0.0007028794034574865,0.9966306605428006,0.0026505526885735953,2
8.83091597318457e-05,0.013184487389464743,0.9711044574273469,0.015622746024178335,2
6.903389942118523e-06,0.10186527509524766,0.2681209211756845,0.6300069003386248,3
1.661041648680997e-09,0.08758783136196262,0.005131757862822391,0.9072804091129345,3
4.6493097423603165e-09,0.9697356678693392,0.0004956999886134921,0.02976862749220802,1
5.196622470485968e-10,0.9974568103264508,0.00012043882973757356,0.002422750324229898,1
1.3817958146056106e-11,0.9995062661071994,2.126375859185223e-05,0.00047247012106319127,1
3.29941284474942e-12,0.9997401272026505,3.265267310361436e-06,0.0002566075271210294,1
1.8312456233798357e-12,0.9988500682044238,4.693831448755e-06,0.0011452379641018447,1
1.1778864672721586e-10,0.9982233722100542,0.00010422911346788097,0.0016723985581546062,1
1.1747428567369522e-08,0.9916106643059954,0.006733865130181788,0.0016554588169915624,1
3.9776724709005233e-08,0.9567316507762946,0.040506461672802925,0.0027618477755078064,1
1.3454560560874012e-07,0.8855920045154851,0.10950372551389917,0.00490413542513923,1
3.5109939176949595e-07,0.6708950579049522,0.31934129828935587,0.009763292706402492,1
2.3377009939049837e-06,0.15653812171440093,0.8384737437239732,0.004985796860007872,2
8.244399418722866e-06,0.01267146857154555,0.9857227793119142,0.0015975077176022345,2
9.32319145687555e-06,0.001113656671613256,0.9987071407607665,0.00016987937531842006,2
8.89255399135869e-06,8.443330362209727e-05,0.9998088219068644,9.785223719455675e-05,2
1.2228122947729965e-05,1.151513464501245e-05,0.9999229341240149,5.332261792989158e-05,2
1.2994968854011729e-05,6.183489002115362e-06,0.9999112102507954,6.961129060027116e-05,2
1.3435336759433969e-05,6.198275453423884e-06,0.9998265790597728,0.00015378732825448098,2
2.4587375485716928e-05,1.4968432615846807e-05,0.9998968287038018,6.361548793979681e-05,2
9.46034452521469e-05,0.00012734356681583716,0.9978994942331048,0.0018785587540782638,2
4.616083583135711e-05,7.169454710438963e-09,0.8511118756970235,0.14884195629795519,2
0.00026434183420055214,2.369493898060558e-05,0.9891381690661696,0.010573794159403372,2
0.0002549526585364524,8.490173483881283e-06,0.9994052619668702,0.0003312952010545723,2
0.001772274550656008,3.3538567260230814e-06,0.998102010753021,0.00012236083864387254,2
0.021881559474104438,3.675561179127427e-06,0.9778295966619943,0.00028516830379956377,2
0.24623185875963377,1.260502297647015e-06,0.7528191984738003,0.0009476822628812502,2
0.8887879024447958,1.553772727251069e-08,0.10807712025638157,0.003134961762754559,0
0.9961668639605323,2.5722832402062208e-09,0.003712628375568199,0.0001205050902115545,0
0.9998438451210239,8.865135189688084e-11,0.00013922816427903772,1.6926624485569586e-05,0
0.9999132105742526,2.986436349477502e-11,7.82822721054948e-05,8.507125000563406e-06,0
0.9998997817983262,6.580651452056038e-12,8.376947292837294e-05,1.644872200711822e-05,0
0.9999382424292468,1.539288347234948e-11,5.433511661219784e-05,7.42243867329793e-06,0
0.9998902906276502,2.728566048186318e-11,9.957134283643544e-05,1.0138003952523025e-05,0
0.9996239580206095,1.0855476973292534e-10,0.0003563573699726999,1.96845006908354e-05,0
0.9990722798758946,7.012705308436409e-10,0.0009115449356605774,1.6174486968356892e-05,0
0.9984326737161024,1.529713702443181e-09,0.001548045781934938,1.9278973818219233e-05,0
0.9976859896376326,2.257615241000139e-09,0.0022907369783085186,2.327112748817024e-05,0
0.9985200580812779,1.1994911088042552e-09,0.001454079871718937,2.5860847823160655e-05,0
0.9988040038897095,1.0397788839274278e-09,0.0011727591348426796,2.3235935147695856e-05,0
0.9994070278147743,4.489024978919008e-10,0.0005733614258335664,1.9610310789880177e-05,0
0.999956026647005,5.9435877430014785e-12,1.4507235745780241e-05,2.9466111100343134e-05,0
0.9999665390746839,1.838545894116806e-10,1.7266590584034693e-05,1.6194149750610717e-05,0
0.9993991948968881,2.081018856357786e-12,2.3621251842651605e-05,0.000577183849474634,0
0.9997552179391157,3.883351868081713e-09,0.0001611687582204324,8.360941866394657e-05,0
0.9993989272843734,9.20399574238115e-09,0.0003728373180625819,0.0002282261935331163,0
0.9919565659079524,1.9953712901028561e-07,0.0020053532702387403,0.006037881284031681,0
0.7666568790676589,4.8164518062303336e-08,0.0035030304912143373,0.22984004227605517,0
0.43374157608109815,2.1401253526449547e-06,0.013772645814816728,0.5524836379790392,0
3.831537294947548e-08,3.98316289940528e-20,2.3106925100052345e-10,0.9999999614519773,3
0.49966180385861364,6.507328006371826e-05,0.0022053604736836548,0.49806776238681494,0
0.5042003134316293,1.3022055656492826e-09,4.167679363094198e-05,0.49575800847174106,0
0.8780940310302494,5.3939378464976646e-09,0.0001959608929444531,0.12171000268321813,0
0.9969269109887864,1.1825991627460386e-07,1.646813365547665e-05,0.003056502618108453,0
0.9976792474033729,5.718744291897368e-08,1.4582957091427418e-05,0.0023061124536661857,0
0.9815270440243309,4.346773137307776e-13,1.909267459012814e-05,0.018453863300196684,0
0.9997204685030269,7.32883050556005e-10,3.6362651944674207e-06,0.0002758945001666258,0
0.9999621261382398,3.662942516896255e-12,2.2222090974192304e-06,3.5651647897839445e-05,0
0.9999887615862788,3.048811092440474e-12,5.055239413085182e-06,6.183171909121415e-06,0
0.9999517896083548,2.3289676160322145e-12,3.32903048184327e-05,1.4920086301443123e-05,0
0.9999463332782559,4.3237260188255075e-11,2.23861470924166e-05,3.128052979921742e-05,0
0.999721845461379,4.445778081217803e-12,2.0652959751416343e-05,0.00025750157316675254,0
0.9999551042893787,1.1064862119790474e-09,5.54394842530553e-06,3.9350653942798506e-05,0
0.9987757500716429,2.0910234773726267e-12,2.066251562722161e-05,0.00120358741210433,0
0.997076383706818,8.562013449079754e-08,0.0023668254377321417,0.0005567052342206483,0
0.8117894907041566,6.363003693988296e-08,0.18419952192360173,0.004010923741699126,0
0.28978539520875884,2.174630494704306e-06,0.7057978708476736,0.0044145593138668945,2
0.034445071845436555,7.043641022239332e-07,0.9267235479752354,0.03883067581532345,2
0.003107929717764127,1.9953881175993518e-05,0.994402107157737,0.0024700092447807478,2
0.00016423781505084425,1.6356493278266975e-05,0.9995632531493005,0.000256152541000467,2
6.818927219554005e-05,0.00021147190568900038,0.9981893740727104,0.0015309647497532793,2
4.165565355483054e-05,0.0031122943460058575,0.9118587778692828,0.084987272129541,2
7.826759826239131e-07,0.34317925145611594,0.530982796924677,0.1258371689422375,1
7.954303934865219e-07,0.706718467239476,0.25856377212478915,0.03471696520458701,1
4.598408808688933e-08,0.9118600585624991,0.05462139238348168,0.03351850306900677,1
6.72042884320341e-08,0.9874520952528516,0.008308733926115176,0.0042391036178977895,1
6.68034863301362e-10,0.9861262435741359,0.0014452325914392048,0.012428523167722515,1
8.449967956460434e-10,0.9980773228309273,0.00024531505764660815,0.0016773612647860677,1
5.305646662053139e-12,0.9988089975678074,1.3938212600798043e-05,0.0011770642145604614,1
4.506858963249086e-12,0.9997801632276668,2.961301305167459e-06,0.0002168754678211771,1
1.992994180544426e-12,0.999275407804742,1.2385277759605328e-06,0.0007233536668707194,1
8.752534673125902e-12,0.9936511567515138,8.157810432226544e-07,0.006348027458780668,1
1.5705760419431592e-13,0.815338859650505,1.8787095280293054e-08,0.18466112156190267,1
8.222622357198846e-11,0.777479258301922,1.8106481164571563e-07,0.22252056055047106,1
3.160492129476422e-13,0.039127737485065484,2.3242862500035197e-08,0.9608722392711192,3
2.145068586047088e-09,0.28950073476389143,0.0002955880582962514,0.7102036750336719,3
1.0130010448503416e-11,0.9400371611425654,3.0944000728636147e-06,0.0599597444474387,1
2.9278048370016492e-15,0.998853306815271,5.925352885873655e-10,0.0011466925922426284,1
2.278952102604596e-16,0.9998826141381145,1.6778026848715873e-10,0.00011738569523982365,1
1.2576635454189958e-16,0.9996809371638394,2.863049634620019e-10,0.00031906255164156576,1
3.895991602864458e-18,0.9985806486839878,3.7173012328715725e-12,0.0014193513107100303,1
6.422747231959673e-16,0.9992253371204778,6.162431138922268e-12,0.0007746628744451995,1
9.897832771575751e-18,0.9764153582099004,3.735531174862584e-12,0.02358464178643146,1
1.477491470671354e-17,0.9939162347014843,2.8817917066217234e-13,0.006083765298035278,1
5.94245231527192e-19,0.9996087372802877,2.9285014757000955e-14,0.0003912627178828501,1
3.006643558735845e-20,0.9997999096968045,7.357635003656381e-15,0.0002000903037757485,1
3.265773977580567e-20,0.9996722388602632,4.773634103082869e-15,0.0003277611412065947,1
2.442700424124201e-20,0.999203017618172,2.4325433820055596e-14,0.0007969823811301884,1
9.550492260715655e-17,0.9998597357597998,1.2349668413294412e-10,0.0001402641160936057,1
1.8380035546999824e-17,0.9997288259453907,3.4882311747932857e-10,0.000271173704018896,1
4.562459170675712e-17,0.9998840379714634,3.773259391966642e-10,0.00011596165035824851,1
6.820493934549771e-16,0.9998755898320867,1.1408237837522117e-08,0.000124398760665752,1
3.133438108045462e-15,0.9997291327220997,5.835156512469628e-08,0.00027080892701529085,1
1.704367225313657e-14,0.9997514942477717,3.159627142868193e-08,0.00024847415662962864,1
6.724545186355326e-14,0.9989730764703105,1.063983574765777e-07,0.001026817132685035,1
3.835669037667101e-13,0.9977323584483383,2.6374171793845013e-07,0.0022673778084307808,1
1.4470115949403492e-15,0.9984881403176171,1.381139598366959e-09,0.0015118583028222285,1
6.4311049924095455e-15,0.9997878113678929,2.349034887274656e-09,0.00021218628266215172,1
9.454702501782748e-16,0.9992178060848588,2.1203156166346234e-09,0.0007821917964028562,1
1.0838467186891737e-13,0.9990340473016341,5.47884696089982e-09,0.0009659472187284739,1
1.120689569276043e-12,0.9649801356534264,2.548273175925541e-07,0.035019609519019924,1
5.3938245410384e-16,0.052552583663950235,2.2295630091996883e-11,0.9474474163149048,3
1.0755360175608049e-12,0.19061930749299735,4.531002217693814e-10,0.8093806920539018,3
1.685375620288094e-10,0.18761916588325062,2.1919869704081022e-07,0.812380614748799,3
1.117594681245129e-16,0.005670767141811878,2.3842806999867616e-11,0.9943292328355251,3
1.1049768722284694e-13,0.9681290888579837,8.82928046360379e-09,0.031870902311344734,1
1.599246958800496e-14,0.9986149871307949,1.029061255654442e-09,0.0013850118412335366,1
5.628614591594511e-16,0.9994043997191331,6.899709304993215e-11,0.0005956002111629563,1
3.490567830428014e-15,0.998702130424775,3.036413408539547e-10,0.001297869270238648,1
1.3412577287173634e-13,0.9904131083748186,4.5358016914552885e-09,0.009586887089866117,1
4.1240365337020845e-15,0.7063143782228484,1.584444312490443e-09,0.29368562019367495,1
1.92014328029577e-11,0.871289686590637,2.6409369454844408e-08,0.12871028698226694,1
2.1798634241272308e-11,0.8399447214037119,5.9140494393440806e-08,0.16005521943381393,1
1.710334586608693e-12,0.45372420260308294,8.854306066442248e-08,0.5462757088532105,1
4.005095859412043e-09,0.6518726590234482,7.462802616780584e-06,0.3481198741671325,1
7.339883369026328e-10,0.4708799265649625,4.8779638724796315e-06,0.5291151947378729,1
2.886593242301159e-13,0.0009653967314576914,1.8341207997354946e-09,0.9990346014340815,3
3.044268733440673e-12,9.22457751340641e-06,5.2560278714231216e-08,0.9999907228587428,3
6.125575947365091e-12,0.012620430190896996,2.2067263670998716e-06,0.9873773630758373,3
1.027192286070404e-09,0.9444722950033924,4.066464191320391e-05,0.05548703932830716,1
5.757265938261458e-10,0.9923031036855925,1.761262452175199e-05,0.007679283115972593,1
4.2662888367653816e-10,0.9967362768099073,1.8348557276973775e-05,0.0032453742064083363,1
5.048476022259718e-10,0.9935653881345989,3.8017861682849895e-05,0.006396593497837131,1
3.274683978816327e-10,0.9878381373970746,5.8764005378140846e-05,0.012103098268681183,1
1.2519715648659018e-08,0.9914339975861873,0.00040624984036428355,0.008159740054610549,1
3.1136249003054346e-08,0.9271895142235307,0.0029524206398714547,0.06985803399978449,1
1.7393428123913813e-08,0.07230380342089378,0.009834210529135296,0.9178619686552741,3
5.835431174619e-07,0.04817055628949313,0.03639275024382893,0.9154361099229341,3
8.643905696343202e-06,0.36068533911131223,0.3123852673948235,0.32692074958753436,2
2.4472401612242773e-06,0.2956163190539067,0.4200225616296534,0.28435867207582094,2
1.2274195261236902e-05,0.19913585390041527,0.739976063131402,0.06087580877420624,2
7.182767401350885e-06,0.1274069957636582,0.86194960546028,0.010636216008784704,2
6.041531066998619e-06,0.054483569937774735,0.8902187029360329,0.05529168559442651,2
3.0133170040269914e-06,5.112349350547993e-05,0.8464088990694866,0.15353696411864537,2
2.4692708702559413e-05,9.055433141890748e-06,0.9140804990544653,0.08588575280198038,2
4.228952242747037e-05,1.4207182086277022e-05,0.9797956949201458,0.020147808373734553,2
6.723558187044206e-06,9.239891650978613e-05,0.9992772588030214,0.0006236187208645395,2
5.151796870625158e-06,3.8647871994980174e-05,0.9998793758674674,7.682446315990486e-05,2
8.73868036152835e-06,6.903947839238241e-06,0.9998373694960653,0.00014698787704736549,2
4.646731214916634e-06,9.572370155601875e-06,0.9996751841015361,0.0003105967957917214,2
3.883374022449245e-06,5.13485704105273e-06,0.9993663633556139,0.0006246184115681449,2
3.551986115596606e-06,7.734404642904439e-05,0.9992273673306541,0.0006917366363023545,2
2.1624827735914007e-06,9.915465942257665e-06,0.9942698900009945,0.0057180320512365415,2
1.978679952570485e-06,8.784315712272596e-05,0.9967380652719903,0.0031721128925103503,2
2.4920524955194463e-06,0.00014397317984152593,0.9994262957534142,0.0004272390159990594,2
3.51474740788075e-06,0.00012544809256703816,0.999703118323279,0.00016791883500846602,2
3.069169687303525e-06,0.00015000844313934315,0.9992477791055225,0.000599143281671516,2
2.530765592515371e-06,2.4303293912490833e-05,0.9921600046204955,0.007813161321335206,2
2.7432677651112293e-06,3.23959991072247e-07,0.9843543677346287,0.015642565037177574,2
8.863094063125437e-06,1.4686289412000985e-05,0.998395310250574,0.001581140365253695,2
7.142555734058241e-06,3.595805720006e-05,0.9998432937733713,0.0001136056123901632,2
5.054997163442631e-05,6.162019197431016e-05,0.9991247062892864,0.000763123548406777,2
0.00021680307963557418,0.00013798126690391782,0.9467930663263858,0.05285214932845713,2
4.947283017904427e-06,7.496524218730018e-10,0.37151155652942003,0.6284834954385365,3
0.0017559429819421258,8.889674009682148e-05,0.9550872461670672,0.043067914109263083,2
0.0014608099739642862,1.2220001023242175e-05,0.9965345648548058,0.001992405170170936,2
0.0013500645876660423,4.806545147462952e-06,0.9982958121618317,0.0003493167061378335,2
0.0009991959970139727,6.598583136819035e-08,0.9949871520618278,0.004013585955583284,2
0.0010560492586451115,3.3853151534340703e-06,0.9987121196139723,0.00022844581319064283,2
0.0005157651209276314,3.0747602534254955e-06,0.9991587726730328,0.0003223874442739856,2
0.00032492374707136253,4.581892217072279e-06,0.9931967547021201,0.0064737396587373885,2
0.0001422266945491883,5.875044461628905e-09,0.9416773254429904,0.05818044198914547,2
0.0028044032111768026,1.1567017051655175e-05,0.9911076992244261,0.006076330545926922,2
0.0036419438997919297,1.3109838986501946e-06,0.9941616207193928,0.0021951243967833294,2
0.00871605101686281,8.288371148417438e-07,0.9901367958704929,0.0011463242742368962,2
0.019224921796823197,3.631534460986953e-06,0.9796379724646163,0.0011334742024678025,2
0.034319779161387495,2.946670149239591e-05,0.9520111415431229,0.013639612593171625,2
0.05838937356750403,3.812701588146459e-05,0.7637624634328766,0.17781003598458206,2
0.09469067402210184,1.5572702823851738e-09,0.25322945968042904,0.6520798647392997,3
0.6830477787008161,0.0003208835812006732,0.20415993735960042,0.1124714003573286,0
0.755649760374038,9.589771164816754e-05,0.11374946027596514,0.13050488163953622,0
0.5894015547816742,7.422958676453743e-09,0.0007590638731109138,0.4098393739208293,0
0.5495870375091934,1.378932113825321e-06,0.00026731689354367354,0.4501442666668084,0
0.34249997653665915,6.101486278716297e-08,0.0026032456020677612,0.6548967168461031,0
0.34770773309917413,0.0002158416586517512,0.0263314680239395,0.6257449572189369,0
0.2324603867893875,4.920358527976435e-10,0.022179802406824815,0.7453598103134107,0
0.5116431518105883,0.0001422407887582594,0.34102123912373944,0.14719336827798213,0
0.5262488897713379,2.7596143726207204e-06,0.3624761660623276,0.11127218455114386,0
0.7626628397215832,1.2198486895315237e-05,0.22834068875659552,0.00898427303458685,0
0.8608738551866464,1.9904014099312835e-06,0.12764620778974495,0.011477946621782104,0
0.9402140769684462,1.5518462965355508e-08,0.035978484733223265,0.023807422781585586,0
0.9859726306960769,1.3330015572040544e-10,0.002511440869475285,0.011515928301460362,0
0.999780715042438,5.0512331316836015e-09,8.674204256176941e-05,0.0001325378633116584,0
0.9999292653908648,7.353632435802678e-12,4.9038425847594775e-06,6.583075986966873e-05,0
0.9999476729402437,2.694717752544595e-11,1.0323150956270747e-05,4.200388088783298e-05,0
0.9998097841033411,7.695593054925914e-13,1.626004255515457e-05,0.0001739558536642287,0
0.9999433030709768,7.537546064852681e-11,4.431546865907139e-05,1.2381386116635703e-05,0
0.9999237807477581,2.456331411020314e-11,6.30778642677006e-05,1.3141363858314201e-05,0
0.9995878362220779,9.706660935056753e-11,0.0003754827161920278,3.668096496724158e-05,0
0.9996200121166037,5.3074116749992275e-11,0.00032900256832056385,5.098526039389249e-05,0
0.999907533442399,5.507449830098074e-11,8.251446475936016e-05,9.952037228857291e-06,0
0.999913986153421,7.583171782681928e-11,7.131317056342405e-05,1.4700598698729214e-05,0
0.9997115327131147,1.0526443690955694e-09,0.00012427100919237894,0.00016419522336116307,0
0.9959936054900235,7.185424896796167e-08,0.000580459103907192,0.003425863552569486,0
0.8374089698840238,2.9605537224824665e-14,0.00010487682232883308,0.16248615329463606,0
0.9954735462975622,8.041937788738285e-09,9.959545174303122e-05,0.004426850209898878,0
0.9998754852495763,3.047525248658642e-11,1.0386083005431302e-06,0.00012347611289710334,0
0.9999868225745221,1.8087700364148889e-12,1.3632957913671943e-06,1.1814126080504134e-05,0
0.9999862307088107,3.1127825334809907e-13,1.2007411142691056e-06,1.2568548809245696e-05,0
0.9999771588653144,2.383686063621918e-12,2.843986330672749e-06,1.999714656476205e-05,0
0.9998769726058921,4.264295220749053e-15,1.2417115640656085e-07,0.00012290322265457801,0
0.999994328861868,2.7434728146686444e-12,2.436012367445202e-07,5.427533384266689e-06,0
0.9999727275289015,2.2969131042071594e-14,1.2860502387503597e-07,2.714386721295036e-05,0
0.9999814994772959,1.0881921904806477e-13,2.9912417558064876e-07,1.820139846836319e-05,0
0.9999939260781339,2.0619853952984268e-14,1.690451084557537e-07,5.904876031834797e-06,0
0.9999961829962646,2.4321810198490776e-14,6.052275002234822e-07,3.2117764498059767e-06,0
0.9999969669925642,8.550680437695645e-16,1.2436075836255626e-09,3.0317655440513415e-06,0
0.9999969132488679,6.780368353431995e-16,1.4284343317743037e-09,3.08532203464386e-06,0
0.9999971718065329,2.752934037060742e-14,1.4682093696071156e-08,2.8135120365138986e-06,0
0.9999610472461204,2.2372554710307696e-14,3.5710498057281117e-07,3.859565057039073e-05,0
0.9999624595609764,1.3010818999516483e-12,4.155265477698867e-07,3.712490971812132e-05,0
0.999942304688438,6.711296505671692e-14,8.307250972468364e-07,5.686458497757862e-05,0
0.9999943124728666,1.4259290693865968e-13,3.897677025083979e-08,5.648550449086968e-06,0
0.9999912914842687,4.487126778326314e-15,6.57768650202726e-08,8.64274051896837e-06,0
0.9999969260435999,2.870253230749207e-14,2.2844721682762795e-07,2.8455091930324446e-06,0
0.9999961934554138,2.4799555566231815e-14,3.6372845611359437e-07,3.4428177677872943e-06,0
0.9999899338178748,5.1484477423131276e-14,1.0884233899922032e-06,8.977758607076005e-06,0
0.9999687204453022,4.467064309677891e-12,2.5550787694083297e-05,5.728760933197996e-06,0
0.999888423692545,8.579516570999957e-12,9.737187028362781e-05,1.4204428334318992e-05,0
0.999801482270735,1.8247167578900688e-10,0.00018858799031467815,9.929555869211198e-06,0
0.9967818131442737,2.7078321554461154e-09,0.0031197432335587196,9.84409155344864e-05,0
0.9695260844300502,1.756807230946091e-09,0.02538711545165599,0.00508679836211877,0
0.8737957235781805,1.184994818918848e-06,0.12493202293708217,0.0012710684882153377,0
0.44414871745565854,5.113693770316721e-07,0.554382868690278,0.0014679024833913917,2
0.0369402986720631,1.4162175062437207e-06,0.9608495174578826,0.0022087676537618926,2
0.00997068558094916,8.805691640320322e-07,0.9891100891267767,0.0009183447216834432,2
0.009008740165642274,2.5688794447756396e-06,0.9908731811744534,0.00011550978046290477,2
0.013935666935134565,1.5371986590027234e-06,0.9856903709421165,0.0003724249256798973,2
0.03317263188646301,8.16677412617972e-07,0.9662989097397613,0.0005276416948177157,2
0.04741932969715866,2.65867364990288e-06,0.9524375290852184,0.0001404825435367987,2
0.058914462618971326,7.364262377560573e-07,0.9402363948592745,0.0008484060956674076,2
0.06946189744715207,2.631005110357806e-06,0.9303442189748222,0.0001912525728347387,2
0.07418156915171266,1.5700498280726963e-06,0.9246605659729744,0.001156294824384673,2
0.05828210243931268,1.1556074929335676e-06,0.9411718982477868,0.0005448437069378434,2
0.025141215110803014,2.1564977472674638e-06,0.9746694101637708,0.0001872182274388878,2
0.006584779709959584,3.996480805777394e-06,0.9927377315670387,0.000673492241643584,2
0.00027868578665734477,3.805761350686453e-07,0.9902875306992303,0.009433402938310962,2
0.00011449618217139725,4.15337162232444e-06,0.9994034700933317,0.0004778803512202778,2
8.372239678759262e-05,2.4571116575904133e-06,0.9998439429382777,6.987755282330074e-05,2
5.046473402838384e-05,1.4720911535744e-06,0.9998386053354908,0.00010945783999037368,2
2.837200141138384e-05,1.839769245354867e-06,0.9997860710241159,0.00018371720613415634,2
2.9835216315755738e-05,5.0631426190057975e-06,0.999919365861051,4.573578135247431e-05,2
2.850591216279674e-05,4.095573653588773e-06,0.9999136281489588,5.377036468914071e-05,2
4.517987895398733e-05,2.5631762522797776e-06,0.9998607757271429,9.148121733787423e-05,2
2.8660207085954945e-05,5.6160710872680725e-06,0.9999315334072834,3.419031420945026e-05,2
4.290772954273387e-05,4.0374253453159226e-06,0.9999143497818449,3.8705061724301204e-05,2
4.719858543093575e-05,3.130398685263916e-06,0.9998924869934022,5.7184020888573315e-05,2
8.0785901028622e-05,3.7246441870219853e-06,0.9998710479144189,4.444153893794446e-05,2
0.00023279748627313122,3.1021615670067934e-06,0.9997093443205546,5.4756032472800865e-05,2
0.00026157831468081254,4.3861036130889425e-07,0.9991650332180881,0.000572949856949394,2
0.00016500676934599686,2.558376931402564e-06,0.9997602589489276,7.217590315652536e-05,2
9.847150799297688e-05,2.312626365121179e-06,0.9998315521305812,6.766373387820505e-05,2
4.72938378319035e-05,3.4005068684874452e-06,0.9999022302940028,4.7075361516845464e-05,2
1.847705017691616e-05,7.113783087060463e-06,0.999938671309638,3.573785632413435e-05,2
1.911050369544459e-05,6.623571955583374e-06,0.9999318752120646,4.2390710478837166e-05,2
1.3773535133273404e-05,6.354876281719266e-06,0.9999223554136502,5.751617604580107e-05,2
3.3031833533976754e-05,5.030628040911176e-06,0.9999190990514087,4.283848648756142e-05,2
1.9711015358533233e-05,5.643960734281554e-06,0.999894015101502,8.062992401851078e-05,2
1.5729917692136435e-05,6.103811723866469e-06,0.9999118032543431,6.636301531691808e-05,2
1.476883284027695e-05,3.634298688723974e-05,0.9997712542664398,0.0001776339148136697,2
1.2366420903147664e-05,0.0011354373638312507,0.9981896647293513,0.0006625314853124598,2
4.717824643302119e-06,0.010866888004100196,0.9625446702876469,0.02658372388316366,2
8.258211859474833e-07,0.22442181908662398,0.7457306428390714,0.029846712253487773,2
7.916548452138063e-09,0.9537677469617042,0.03312406904361053,0.013108176079037862,1
2.529993324121254e-11,0.9989872385065244,0.00011260016678647597,0.0009001613009801809,1
7.366515142684073e-13,0.9998210621530196,6.273057214142721e-07,0.0001783105410001469,1
2.5934150951710173e-14,0.9991795348776845,3.3435909197548043e-07,0.0008201307649865646,1
3.6987269756186885e-13,0.9997273929387258,5.2219413561451536e-08,0.0002725548409818175,1
2.2210539183493182e-14,0.9940143974464706,1.0346834041933879e-07,0.005985499083742447,1
2.768028639113824e-14,0.9983948203184618,1.8907692520414287e-08,0.001605160775514439,1
1.3679404845460277e-14,0.9998348710470566,1.6124412507790285e-08,0.00016511282676871748,1
8.98289998358249e-16,0.9997053026834284,4.679190070379405e-10,0.0002946968499765152,1
1.1459765062863648e-16,0.9940586982585804,4.3835330990935445e-10,0.0059413013019934974,1
2.2512127210905408e-13,0.9993442044067022,6.278159914827362e-08,0.0006557328130074052,1
1.4452645590580922e-12,0.9993599655321078,3.3168610956110173e-06,0.0006367176049368768,1
9.406335897662704e-12,0.999670827646294,2.287778344860604e-05,0.00030629455939783993,1
1.9033785294699244e-12,0.999730648938516,1.1139212691778882e-05,0.0002582118469272079,1
1.3488125837759473e-12,0.9997880849695426,7.690363642955897e-06,0.0002042246655753866,1
1.0406347009532558e-13,0.999706452415769,7.623255075972452e-07,0.0002927852601573582,1
1.1153594586146441e-12,0.9996720847623609,1.853599097063641e-06,0.000326061637398592,1
6.177521891984444e-13,0.9988242837356957,3.6786121601056118e-06,0.0011720376507680784,1
6.289827864230615e-13,0.999478960723201,2.4556504030078505e-06,0.0005185836274860386,1
4.433569520728581e-13,0.9998358318936722,1.8107224712941989e-06,0.000162357381816323,1
8.174410204556013e-14,0.9997325403143092,4.347626760101423e-07,0.00026702492185550836,1
1.8467181969481133e-13,0.9993124546481209,2.797237647328502e-07,0.0006872656296831738,1
6.8366607559116645e-15,0.998034262324827,7.0588061609511045e-09,0.0019657306171896737,1
2.6165948395438874e-15,0.9991741278387807,2.394586683640216e-09,0.0008258697650341387,1
1.1535969113784818e-17,0.99973260050312,1.8766217267004364e-11,0.000267399479544879,1
3.424668243465297e-17,0.999846211994255,1.9990364502489103e-11,0.00015378798659912245,1
1.2822996872261974e-17,0.9988690612777585,5.3620706949541264e-11,0.0011309386693823262,1
3.7194160615065255e-17,0.999331555960454,4.422857529444125e-11,0.000668443997101274,1
4.4029383730650115e-16,0.9998589124482371,4.134894221968529e-10,0.0001410871391679559,1
1.4265001049353247e-16,0.9994393125558318,6.430312533787575e-10,0.0005606868024550086,1
2.4041706009610204e-15,0.9994301037209258,2.1845310226455032e-10,0.0005698960604162171,1
4.476334359881954e-15,0.9893050878905325,6.829591475353541e-10,0.0106949114250206,1
2.942169546881261e-15,0.9779038626161197,9.6313898581232e-10,0.02209613642204078,1
6.71242603914642e-16,0.9988788321802681,2.4734497936103868e-11,0.0011211677939701212,1
1.7817412225632325e-17,0.9995802855157557,1.6596313485212493e-11,0.00041971446894268466,1
1.211611148522959e-17,0.9997906560787161,1.5362193141493314e-11,0.00020934390703198158,1
6.338493785619017e-19,0.9995957946815746,2.0333246759657325e-12,0.00040420531605575376,1
1.5613209556376555e-17,0.9997842531893116,7.960924269266288e-12,0.0002157468017162489,1
3.3794348534840095e-18,0.9991273445720148,7.481193626334552e-12,0.0008726554199536529,1
4.1724773204017744e-17,0.9997232617773012,3.479986131343076e-11,0.00027673818879603046,1
6.399409075218962e-17,0.9997662807681217,1.4874292729415673e-11,0.00023371921762168406,1
8.39261349793688e-18,0.9962974474073198,9.251347666265417e-12,0.0037025525846881347,1
3.409661005294412e-17,0.998838745652899,1.2739203690615471e-11,0.0011612543333514283,1
1.228609355248246e-17,0.9997668149496962,1.2614148025236221e-11,0.00023318503945093618,1
8.581407851054187e-18,0.9998581747523116,4.139336842636445e-11,0.00014182520783116622,1
3.8004461115525393e-16,0.9998352222323337,7.832241179069474e-09,0.00016476993604116444,1
1.5820092969539982e-15,0.9998351297665174,6.491101958585359e-09,0.00016486374367897182,1
1.6019603246242226e-15,0.9993140286438997,3.3353713064823632e-09,0.0006859680214226205,1
2.5999190132430064e-15,0.9982638180452271,4.746549449003023e-09,0.0017361772098577243,1
4.797875853658335e-15,0.9995765664178646,4.1359143807453505e-10,0.00042343317026424674,1
8.72333891140137e-17,0.9977928831142574,6.953169761035179e-10,0.002207116192114118,1
1.7609745654714401e-15,0.9997942124141858,3.357667632326006e-09,0.00020578422769386098,1
1.192168108019469e-16,0.9998845303985803,1.61950401696402e-09,0.00011546798119957336,1
6.860759790765869e-16,0.9998722258571482,5.338265999591549e-09,0.0001277688048591549,1
2.8001818776126207e-15,0.9994810461318547,7.7725857512329e-09,0.0005189460966473622,1
1.186869799540181e-14,0.998675779637299,1.13870437861176e-08,0.0013242089765804828,1
1.8862948320123217e-14,0.997801851645044,1.2271375239292163e-08,0.0021981360825151183,1
7.058508627749784e-15,0.9990219009399567,9.188025427739276e-09,0.0009780898726069226,1
5.802102767948158e-14,0.9997591422123303,2.6638363647552357e-08,0.00024083114792381095,1
2.0725347744745468e-13,0.9987839778050659,2.424061963816212e-07,0.0012157797867156993,1
6.756778566992423e-15,0.99686239870562,1.2123223431120813e-08,0.003137589169448099,1
9.187577596527554e-14,0.9996249460846086,1.3736393537934415e-08,0.00037504017724742885,1
1.2925677687766377e-14,0.9986568021702081,3.3897778696083218e-09,0.0013431944386757015,1
1.9790662616664988e-13,0.9935938027465904,1.220343572432977e-08,0.006406185050477588,1
3.919528004748998e-11,0.9714487799566376,1.1562373019014988e-06,0.02855006376816931,1
6.687274154097192e-12,0.014167845430529874,1.4648930737063453e-06,0.9858306896712828,3
1.171058557789768e-16,1.0624365288205919e-13,9.353784238736943e-13,1.0,3
2.1121862191150983e-19,4.618746200922319e-15,4.730180040028137e-15,1.0,3
6.09716768289758e-13,1.5094945998237928e-06,6.238407348795681e-09,0.9999984842663826,3
5.358193014192335e-12,3.726904444921616e-06,2.1242942763799574e-08,0.9999962518483911,3
1.2617693448294883e-12,3.6646328940762657e-06,5.2510394959930465e-09,0.9999963301155769,3
2.8411410923673298e-09,0.08300843167933392,4.571540478075799e-06,0.9169869939389428,3
1.1584261681707777e-10,0.002776607171277971,7.889264121150108e-07,0.9972226037846913,3
1.645037981415172e-10,0.0023179285065515224,4.6591111385818264e-07,0.9976816054176741,3
8.48129935754443e-13,0.004610237213036461,5.530959507925472e-10,0.9953897622327716,3
4.908153483028663e-15,0.015565348553007459,1.1218274404667997e-11,0.984434651437299,3
2.3132029496008293e-14,0.6840797628088143,2.3931452347082426e-10,0.3159202369508296,1
7.095855255275325e-14,0.9704830952565745,5.210965497649963e-10,0.029516904223766918,1
2.880816936444556e-15,0.9930500839322781,1.5560810249884101e-12,0.006949916067098335,1
1.307220177630484e-18,0.9559654056690975,2.2119958688574778e-13,0.04403459433210023,1
5.007210113444484e-16,0.9958844014686089,2.567035658122782e-13,0.004115598531580988,1
3.2224361236863053e-18,0.987921547769818,5.529064402072281e-13,0.012078452230188524,1
2.2380706813566738e-17,0.9992360701606451,1.964471807776372e-12,0.0007639298367476031,1
8.76257881396197e-19,0.9997984123654039,3.6661167171963534e-13,0.00020158763298901017,1
1.0591646009442304e-18,0.9998047237408788,1.556204344194636e-12,0.0001952762590408708,1
2.0814765535163387e-17,0.9995612486931795,2.1894823437903816e-12,0.00043875130603554795,1
4.57470964330769e-18,0.9941625040395453,1.4552762100611812e-12,0.005837495957813996,1
4.123737136432881e-17,0.9984777944725384,6.060587142122098e-13,0.001522205525171509,1
4.0926022576772936e-15,0.9978123157945461,1.5994246896598374e-10,0.0021876840440255927,1
3.5944977468707667e-16,0.9900898251036281,3.0219595062234753e-10,0.009910174593486277,1
4.0719230365040083e-16,0.9993934514619534,9.220280572090993e-11,0.0006065484462783898,1
4.5111236099644073e-17,0.9998578070558096,8.082805840759414e-11,0.00014219286217933912,1
1.0996214494296257e-16,0.999745103433223,1.0667883211772212e-10,0.0002548964602085149,1
1.060348459734305e-15,0.9974957999320027,1.7259897238013918e-10,0.002504199896556563,1
1.89473011111924e-13,0.9789761465238175,4.900207766962927e-09,0.021023848574093597,1
4.151510350702379e-14,0.02768780417401386,9.4692491128623e-09,0.9723121863564764,3
2.6407051322116624e-17,3.0508895800816986e-06,2.3992302756773354e-13,0.9999969491119528,3
4.953553079995041e-13,0.7235442613663807,6.438438451787856e-09,0.27645573219415204,1
2.7245947405137252e-12,0.9463851433485845,8.067714026086575e-09,0.05361484858243159,1
1.3807463149515824e-13,0.9568716942542492,3.766838826055544e-09,0.043128301978148216,1
3.4658951040403354e-13,0.986349314823869,2.9747813539472976e-09,0.013650682200469472,1
8.307745650947236e-13,0.9861610505160712,3.1612767017360216e-09,0.013838946323390068,1
1.0387647026866186e-12,0.7560781495677392,6.105408137332732e-08,0.24392178937843717,1
7.354792146048118e-14,0.5939772230356037,5.242907048249867e-09,0.40602277171983836,1
2.6288289862936184e-14,0.9550240512574256,5.339302824437952e-11,0.04497594868934913,1
2.282514405195949e-16,0.981586753879925,3.6070590917625025e-12,0.018413246115175166,1
2.4664253448662883e-16,0.9973324655277411,1.0307786102999324e-12,0.002667534470418633,1
2.838573510518824e-16,0.9962926775830173,2.4749145989828535e-10,0.003707322168284353,1
1.3087647073580955e-15,0.9996732683041042,1.674826748712123e-11,0.0003267316801889292,1
8.956289581975454e-17,0.9943244019106595,1.8204794476571066e-10,0.00567559790630775,1
1.3792124549395659e-15,0.9985200499261025,1.6393956916994584e-10,0.0014799499104248253,1
1.841565600503951e-16,0.9994984015078533,1.9704214032344873e-10,0.0005015982947796188,1
5.41193639316048e-17,0.999831045503824,2.572972586506827e-10,0.00016895423865937806,1
2.736498869043815e-16,0.9998601693570549,4.638587144127669e-10,0.0001398301807603268,1
2.4804117521393397e-16,0.9989753175286968,1.0923992346573515e-09,0.0010246813807171275,1
2.8825569374610384e-14,0.9992225671428455,9.667400688105214e-09,0.0007774231883715855,1
3.8944897384227565e-13,0.9976363097518967,2.1169550377777024e-08,0.002363669077059815,1
2.1999327022174425e-12,0.9226629354498581,3.602453669690139e-07,0.07733670430202699,1
2.719870961854074e-14,0.014431256935191433,4.840224624686037e-09,0.9855687382230738,3
1.0872959788724387e-09,0.29784106499053725,1.64592821131464e-06,0.7021572879946297,3
6.1070326064959024e-15,2.6847123997722726e-06,1.2145996581459177e-11,0.9999973152771077,3
4.374149887298321e-18,1.1519459611511626e-08,2.054180098448543e-14,0.9999999884821592,3
1.9233247255665047e-10,0.4793842919406874,4.03251028771503e-07,0.5206153046151173,1
2.930123351223461e-13,0.45659204366615275,1.7220284244074237e-08,0.5434079391127211,1
8.277812778882263e-13,0.9031475802776769,3.256740977567315e-08,0.09685238715249316,1
1.7804012071643571e-12,0.9932332846503967,3.568240121555339e-09,0.006766711780437881,1
5.4189976721643e-12,0.9715191702638161,1.1160825510170829e-07,0.028480718120848448,1
2.4107816002384486e-14,0.09836526899871978,1.1977779576884513e-08,0.9016347190233487,3
4.823509652721267e-11,0.5987925969235,5.606547945498933e-07,0.4012068423732123,1
3.9977819724309635e-12,0.8473106959023046,3.364590006305677e-07,0.1526889676356084,1
7.27399139439694e-11,0.9893528128447217,2.290826938812531e-06,0.010644896256980606,1
4.723436341376881e-12,0.9967368196779283,7.28949055904657e-07,0.00326245136836289,1
6.3995499846387e-12,0.998581887838034,7.862138648461977e-07,0.0014173259422523676,1
2.2825243975335166e-12,0.99774947956315,8.594755215103898e-07,0.0022496609578840513,1
1.37538456449054e-11,0.9979604451651716,1.87838721432031e-06,0.0020376764334862837,1
4.712268716260647e-10,0.9931851374989359,3.230664113401912e-05,0.006782555388939845,1
2.1734103259807255e-09,0.9365410765525297,0.00016984949021924494,0.06328907178487345,1
3.9473222616143445e-10,0.13329074420395354,0.000584600995878247,0.8661246544050556,3
5.14746966622722e-07,0.21530743224509455,0.0193558680892245,0.7653361849171572,3
2.244835784149469e-06,0.23701578627444517,0.10629730146325708,0.6566846674264748,3
2.7351271065626448e-06,0.06864905600462386,0.2890472395574419,0.6423009693108035,3
4.089781111702027e-05,0.02896515917835741,0.921296204164814,0.04969773884510189,2
1.4367976453525915e-05,0.003078691061530023,0.9943004751196115,0.002606465842912655,2
4.609511958878535e-06,0.000329935305703044,0.9993509104187108,0.0003145447645616922,2
6.527978417401142e-06,6.159866950902769e-05,0.9998059468313214,0.00012592652225918674,2
2.27790253321153e-06,8.067460627906332e-05,0.9987168845698994,0.0012001629216575847,2
5.22685438136331e-06,3.586033765822463e-05,0.9990866225833255,0.0008722902252436644,2
3.972677548779678e-06,4.179704331211583e-06,0.997716751758531,0.002275095859873971,2
9.471374957594092e-06,2.0098389284295545e-06,0.9971749458601236,0.0028135729250340145,2
1.0240500941337985e-05,2.211573170085987e-06,0.997540082394229,0.002447465532130034,2
9.068940972889988e-06,3.490899771923162e-06,0.996330332373529,0.0036571077852385675,2
1.1322953230044746e-05,6.781216280166301e-06,0.9997253862694947,0.0002565095623697392,2
1.3055735526148649e-05,4.9308285044388905e-06,0.9997983905419314,0.0001836228938843045,2
1.6310558546910317e-05,6.0709062643010444e-06,0.9999282482444425,4.93702899695368e-05,2
2.8681576299613288e-05,5.720626552532415e-06,0.999929097102608,3.650069460331452e-05,2
2.8365802558597328e-05,5.066304885377815e-06,0.999929146888457,3.742100571190635e-05,2
2.394754183525839e-05,2.1917747090811966e-06,0.9998697296817791,0.00010413099990062627,2
1.673035367337406e-05,5.173591917919773e-06,0.9997931678458774,0.00018492820757023935,2
1.2263060711137738e-05,7.56690036554779e-06,0.9999112917124625,6.887832682123731e-05,2
2.210950234224675e-05,2.7391937922010097e-06,0.9998832272803896,9.192402205574938e-05,2
8.067953056152835e-05,1.6447355417906644e-06,0.999730912835555,0.00018676289761859725,2
0.00019126620417354772,7.816159523421916e-07,0.9995072837988713,0.00030066838163468764,2
0.0008341931651018452,1.904899340667218e-06,0.9990581217152049,0.00010578022148456927,2
0.0029239966437235535,2.35589744750932e-06,0.9969977687551244,7.587870491911195e-05,2
0.009932715864308297,1.820420716981338e-06,0.9897984480678457,0.0002670156478686809,2
0.030848768906438933,5.768622438841633e-06,0.9685994117592993,0.0005460507123950368,2
0.14735631909708005,4.549986461232603e-07,0.839914465142009,0.012728760760592085,2
0.9344057013267227,1.6955380917458048e-07,0.06375946125494861,0.001834667863584294,0
0.9988739610799857,5.707433047162538e-12,1.2221577235483118e-05,0.0011138173370650857,0
0.999964689426153,3.313727852873795e-12,6.547684480521219e-08,3.524509358649468e-05,0
0.9999862910911532,5.648894861659176e-14,8.142489774378142e-08,1.3627485432948858e-05,0
0.9999843261057871,1.324692816550749e-14,1.034141038029613e-07,1.5570478859795886e-05,0
0.9999950964204063,3.656089383904161e-13,1.6211081842134367e-06,3.2824708235380235e-06,0
0.9999905347988287,5.92184129891705e-14,2.007682501428743e-06,7.457519414525679e-06,0
0.9999874311641622,9.4304568838856e-12,4.455355483779618e-06,8.11346973975093e-06,0
0.9996920541456403,2.6896305959371078e-15,6.714154504032951e-07,0.0003072744394884411,0
0.9999878389983715,1.3078686359445615e-11,1.277554861304163e-07,1.20332348473877e-05,0
0.9998844298782874,1.2372235545270755e-14,2.059224048237441e-06,0.00011351089750305273,0
0.9999954433218725,2.2478059272505868e-12,6.85004414058162e-07,3.8716702584314845e-06,0
0.9999866897973302,1.687855829717589e-13,1.457523196486187e-06,1.1852678891021041e-05,0
0.9999602019695631,7.930108445454016e-14,1.496480999031757e-06,3.8301549489922176e-05,0
0.999986351906413,1.791699644824714e-12,8.298970653517812e-06,5.349122158361395e-06,0
0.9999928040164993,5.714719438917677e-14,5.090639654096973e-07,6.686917797480587e-06,0
0.9999885668547567,5.712273444124845e-12,5.723461549503849e-06,5.709679746649608e-06,0
0.9961196046203328,3.436799133778625e-10,0.003828058512854957,5.2336523358751575e-05,0
0.987463431931227,1.4436537669702899e-08,0.01247651370406349,6.0039928561263625e-05,0
0.9646844183799276,2.4575437971430016e-08,0.03491370940160994,0.00040184764127338464,0
0.9436044677872372,1.1066801556310079e-07,0.05626599599816799,0.00012942554640863285,0
0.9132029367910439,1.5431480730637727e-07,0.08670257099202952,9.433790245184092e-05,0
0.8666334914755135,1.9535349974775886e-07,0.13323219229959388,0.00013412087091442345,0
0.8281984405167173,2.8693449232911087e-07,0.17168313505764415,0.00011813749175346408,0
0.7914634927479226,2.487633828578615e-07,0.20835990047243558,0.0001763580152665878,0
0.7854077703974521,4.4957368498418266e-07,0.2144640907718838,0.00012768925610834837,0
0.8072220513223433,2.3717044061143532e-07,0.19249693992897574,0.0002807715780814934,0
0.9037405805662097,1.2588648697677043e-07,0.09605216793744743,0.000207125608957629,0
0.966255252588391,5.437192302529915e-09,0.03351127468143597,0.00023346729460617375,0
0.9997115860923285,1.81733247543066e-10,0.00026536541407093454,2.304831197998814e-05,0
0.9999900293174997,8.305182477326042e-13,4.4471169352799255e-07,9.525969998513899e-06,0
0.9999713325012745,1.5292121740861333e-13,2.975817074964078e-09,2.8664523076639855e-05,0
0.9996944323702576,7.436340263638593e-11,3.321677344905369e-08,0.0003055343403274623,0
0.9624981725294534,1.7133141644834824e-10,8.496141212274648e-07,0.03750097768616646,0
0.020256193127487082,9.621111491532496e-20,3.431871992124901e-09,0.9797438034411778,3
0.9088552024000014,2.967427714498723e-10,1.21361811339263e-06,0.0911435836850806,0
0.9989593673316468,2.7634572427261557e-09,4.5911766076273716e-07,0.0010401707858966342,0
0.9996763266420133,2.682620943318583e-13,2.312125954124624e-07,0.000323442144736919,0
0.9999942527084925,8.866470247449127e-13,9.084265906504726e-08,5.656446183253289e-06,0
0.9999950417345785,1.258120085608247e-14,1.1123054084080056e-07,4.84703543343929e-06,0
0.9999911877081944,7.8590304525795e-14,3.538193380695588e-06,5.274099859184491e-06,0
0.9999952874206512,4.6482448098395696e-14,5.319602310503126e-07,4.180620403277759e-06,0
0.9999916626713587,4.23964050797024e-14,4.175056242387538e-07,7.919821666616367e-06,0
0.9999852724351912,1.5141505811084293e-14,3.5011041344739324e-07,1.4377454811108544e-05,0
0.999995044095615,1.146629238876432e-13,4.050423780154805e-07,4.550862665466611e-06,0
0.9999907302437713,3.389971550220225e-12,5.622025473235293e-07,8.707549844168334e-06,0
0.9993071619085468,9.155270771710481e-15,2.4004892181737264e-05,0.0006688331984591603,0
0.9999894382065818,1.1770846348686953e-11,1.2087939423259972e-06,9.352986904775868e-06,0
0.9999880141176429,5.328718891875577e-12,5.0473142919213146e-06,6.938562537351534e-06,0
0.9993231416713534,3.392371272027698e-10,0.0005916549392506087,8.520305071679656e-05,0
0.980197337352029,2.319709603212332e-09,0.016769592077857644,0.003033068250751073,0
0.6148104696637613,5.952041376331467e-07,0.383588166877091,0.001600768255888981,2
0.26929231481060484,1.0399693436022464e-06,0.7286626544151248,0.0020439908061939543,2
0.03264108523844852,3.455860376775103e-06,0.9670700574514424,0.00028540144848590793,2
0.003388027698643776,3.330629254967854e-06,0.9965325281412337,7.611353248845042e-05,2
0.0004439436082092682,3.7705745991479494e-06,0.9995089041720756,4.3381644712877015e-05,2
8.989875138710192e-05,4.391302878225706e-06,0.9998681114408273,3.759850337598752e-05,2
4.754298892707645e-05,3.5564530551908986e-06,0.9998989768601013,4.992369848815629e-05,2
2.2761566514201003e-05,8.268045286197889e-06,0.9999083504353935,6.061995321656241e-05,2
0.00027434157738049687,1.5280836153897141e-06,0.9995959971005575,0.00012813323808290888,2
0.000299787456069087,1.7898645369410675e-06,0.999579234941719,0.0001191877391619477,2
0.00014887147601488906,9.199958330509153e-07,0.9996851245431013,0.00016508398661318466,2
4.636960205891935e-05,2.4107365269774673e-06,0.9998642780225679,8.694163916784771e-05,2
1.1623208237737243e-05,9.079825097819328e-06,0.9999175203667018,6.1776601109436e-05,2
8.50850457700346e-06,1.2262056188810461e-05,0.9999293191600274,4.9910278380584075e-05,2
5.4549377485170545e-06,5.19051057192372e-06,0.9997169380703597,0.00027241648155002754,2
8.801439227248086e-06,1.4121149003137349e-05,0.9999283783292386,4.869908315558906e-05,2
1.54461571782468e-05,7.470954966546344e-06,0.9998615402986529,0.00011554258941312043,2
1.5125791004276946e-05,1.089697810219642e-05,0.9999215108354973,5.2466394590547034e-05,2
4.972873295628963e-06,4.225958370553893e-05,0.9998023847399763,0.0001503828027479144,2
6.236954683245157e-06,7.219407252381324e-05,0.9964178506789803,0.003503718294961401,2
2.099395063328082e-06,4.070265869425787e-06,0.9747236885798253,0.025270141759271583,2
1.4671324126934081e-05,2.2209312800351956e-05,0.9988682290758999,0.0010948902859390186,2
1.4876310417090215e-05,1.1397691792419942e-05,0.9999145849170435,5.914107895986483e-05,2
9.681542494423016e-06,6.710496826195649e-06,0.9997564554519,0.00022715250983250908,2
1.0190458837465964e-05,1.2767937195525231e-05,0.9999228347384607,5.4206864667947406e-05,2
6.299950508332771e-06,4.2578782040811874e-05,0.9997887947418117,0.00016232652689608667,2
5.284809547241155e-06,0.00039877325329948945,0.9986637345412493,0.0009322073970881858,2
5.975623457844433e-06,0.011137605660358048,0.9851189906477875,0.0037374280691367875,2
3.666373309837908e-06,0.08855686794882213,0.9026991545861315,0.00874031109326183,2
2.6417858152362225e-05,0.15997195374278086,0.7728530233220271,0.06714860507548175,2
2.3066602811211434e-07,0.16907380564925376,0.02030186584484829,0.8106240978408016,3
2.2606861704623004e-10,0.4373156585201591,4.654060653643287e-05,0.5626378006464855,3
4.995631989627363e-10,0.9109460568790089,3.729641676524025e-06,0.08905021298087239,1
7.249527369001917e-16,0.9335467616179572,1.2507894418850529e-12,0.06645323838186516,1
1.22211288423531e-18,0.9700597918677588,1.7298398694641719e-15,0.02994020813051895,1
3.8172765867830924e-20,0.9941069427692879,9.295424127819733e-18,0.005893057229213826,1
5.74434704563564e-20,0.9986735180913994,2.4821363761362937e-17,0.001326481910405095,1
7.861385691816212e-21,0.9977716014054776,2.4130735547693058e-17,0.0022283985928126856,1
6.404266195274391e-19,0.9979045937953374,1.9374507069896371e-16,0.002095406205284427,1
1.2972339918905966e-18,0.960050407008671,2.1914888248929167e-15,0.03994959299099343,1
5.052002988734847e-18,0.6538321991303041,2.025872424934599e-15,0.3461678008704937,1
8.816635926115948e-18,0.180053881336108,1.6510955789816697e-14,0.8199461186626873,3
6.749446762130462e-17,0.34560856030315257,1.78237058982963e-15,0.6543914396954877,3
1.139076322180023e-17,0.34632337363360244,1.5287465497066992e-15,0.6536766263648083,3
1.3600720114111376e-18,0.4742664982110144,1.727310246918888e-16,0.5257335017886072,3
1.2419346042605561e-18,0.9129445392091613,1.0599397504822409e-16,0.08705546078967186,1
3.075976452927198e-19,0.9702189442767118,1.2459052811185753e-16,0.029781055721991707,1
5.277159972703835e-21,0.9968411101193593,3.4903990455468317e-19,0.003158889880250088,1
4.7001486529397915e-20,0.9979556212023262,5.5073584019176726e-18,0.002044378796158605,1
2.5483568687321827e-19,0.976914429612812,8.048336493874551e-17,0.023085570386740573,1
9.459103813793545e-22,0.6726572395431218,5.173940610291034e-17,0.3273427604574147,1
1.80397270250937e-17,0.9895164372051943,9.832931034221862e-14,0.010483562794406983,1
1.6742294477137264e-18,0.9993490939386456,1.41098283441848e-15,0.0006509060606199812,1
1.6305098034067914e-19,0.9969351079508468,2.5108366699463168e-14,0.0030648920487399735,1
1.270157596445378e-20,0.9993463168448197,3.323494267895661e-16,0.0006536831555013437,1
7.494474524526972e-19,0.9998182024063069,3.257539108818148e-13,0.00018179759344353477,1
1.1579525272966038e-19,0.9997711013098869,2.9141647878775753e-13,0.0002288986882795549,1
1.3580182023805878e-19,0.999832465855524,3.153032041719226e-13,0.0001675341444594958,1
2.306276081212072e-19,0.9998707624463373,6.135594615584665e-13,0.00012923755251914123,1
2.670826779302889e-19,0.9998271600717092,1.8231194821243896e-12,0.00017283992672856245,1
1.0065824942842155e-18,0.9998770646427118,1.0125485763210684e-12,0.0001229353564040262,1
1.140732243108867e-18,0.9994692662740718,4.093896867371243e-12,0.0005307337203700882,1
9.237408683166248e-18,0.9997507226753952,1.0393567905561535e-11,0.0002492773124630896,1
5.034735652885411e-18,0.9997758342083443,3.6760567405585465e-12,0.00022416578848952944,1
1.1632554962167525e-16,0.9992967146594566,8.163802565737139e-12,0.0007032853306583178,1
3.3480184345979557e-15,0.9802738623903664,3.278441807576724e-10,0.019726137281619052,1
7.407427889281045e-16,0.8749289722147157,2.279401368722692e-10,0.1250710275576636,1
3.6292837860395e-14,0.9872972768342323,3.3402772496036315e-11,0.012702723131824276,1
6.099651500347495e-15,0.9687381971931021,1.0772176872339807e-11,0.03126180279444934,1
1.5167655584831753e-14,0.7464551389369342,1.2143356898532083e-10,0.2535448609433489,1
1.0103145937744625e-14,0.3185402569786274,1.666078994286962e-11,0.6814597430029377,3
2.7529921452982613e-16,0.2941541535598656,9.173281679729372e-12,0.7058458464315668,3
8.345050260710943e-14,0.9703939808184112,1.5218323494432126e-10,0.029606019027753873,1
2.1483234576871392e-16,0.980538557053602,2.5366841920154205e-11,0.019461442919463043,1
1.641083688691444e-16,0.9994206540362027,1.3390578126848784e-11,0.0005793459505728445,1
4.418742442521321e-18,0.9998004594346913,3.726911127401045e-12,0.0001995405622820202,1
4.126338301042122e-18,0.9996790058662038,4.9780323791615215e-12,0.0003209941295164709,1
9.00463653868883e-18,0.9993608733289693,3.0832332445864e-13,0.0006391266702300084,1
2.6767741350063837e-16,0.9876428762175892,1.0585514067700876e-11,0.012357123773533426,1
2.599868148089721e-17,0.8857549181842626,4.105788552744749e-12,0.11424508181131933,1
3.928555670299201e-16,0.984213774496792,4.389061898087931e-12,0.01578622549955871,1
1.168817354046111e-16,0.9985700545027901,4.8608695096546164e-12,0.001429945490843518,1
1.0257550833024702e-16,0.9996229314386446,2.5819071369657624e-11,0.00037706853495812515,1
1.3441833596058976e-15,0.9992965420460816,8.906796916211904e-11,0.0007034578636964949,1
9.034652682166969e-17,0.9797408058588482,5.769798142256448e-10,0.020259193564912414,1
3.61722013789728e-15,0.9991137537611522,3.638277587824114e-10,0.0008862458763321759,1
1.6475732426082562e-16,0.9997224500891219,4.043932592165708e-10,0.00027754950735100467,1
3.4743501922115456e-16,0.9998774887498826,2.5385568109521217e-09,0.00012250871328781476,1
2.284604327691999e-16,0.9998208473506474,4.715563738963112e-09,0.00017914793252638987,1
6.888103899633963e-15,0.9998238252420154,7.33384287466736e-08,0.00017610141856528935,1
2.317189655999785e-14,0.9996909259600364,9.88258031360906e-08,0.0003089752145287081,1
1.2868839257155452e-14,0.9992904770393668,8.679025286074587e-09,0.0007095142817850412,1
1.8353986734056866e-10,0.990788027794927,0.0005146606115971246,0.008697311411450224,1
3.7484335061390444e-08,0.9302525694000624,0.028110638523058337,0.04163675459398343,1
6.835572548817606e-07,0.6978184150426816,0.2287264769738373,0.07345442442654003,1
3.3527785054611325e-06,0.47593039513670155,0.5126748882474228,0.0113913638380636,1
1.7555679392587965e-06,0.19403051416943273,0.7933787858167118,0.012588944444490489,2
2.9322434293632263e-06,0.04885867128876847,0.9426344159759784,0.008503980490020357,2
3.7923790320621198e-06,0.010276671064566026,0.977239303995936,0.012480232562190696,2
1.4653743754530388e-06,0.0002924850651021393,0.972186504440803,0.027519545118783913,2
4.2178917163908675e-06,0.00020478275637404654,0.9979262006470244,0.001864798705990529,2
3.4125884633238295e-06,5.125973330637164e-05,0.9996541854008815,0.0002911422779707113,2
4.171067372734101e-06,3.841609758900516e-05,0.9998678350164041,8.957781963167441e-05,2
1.031297772081012e-05,1.3248698199362303e-05,0.9999023278405093,7.41104838041828e-05,2
1.0205596726575945e-05,9.328235104033055e-06,0.9999272454716632,5.3220695863512586e-05,2
1.0101439994157804e-05,9.121708581010422e-06,0.9998989640193335,8.181283265329871e-05,2
1.5051229514398567e-05,9.910516211331391e-06,0.9999036377968709,7.140045848182783e-05,2
9.360139538169737e-06,4.623406540831669e-06,0.9987628751947701,0.0012231412594346073,2
3.0648652440935105e-06,4.1155295399057105e-05,0.9996805824977679,0.00027519734181521266,2
6.9122727527243065e-06,2.0422245933389307e-05,0.9999188044972258,5.3860984997420836e-05,2
1.553802716260892e-05,8.114381674104157e-06,0.9999365644547183,3.978313471750122e-05,2
1.8033380212500815e-05,4.370187771334631e-06,0.9998789450409628,9.865139020206192e-05,2
7.477304488935329e-05,1.0030415295479115e-06,0.9997110084098774,0.0002132155024855366,2
0.00010315270963526272,3.526650237719919e-06,0.9998523870782485,4.093356344367253e-05,2
0.00012054134936970665,2.774206795258242e-06,0.9998195321522471,5.715229230736228e-05,2
0.00013845874776898846,3.139196890618041e-06,0.9998146456690578,4.3756386421838774e-05,2
0.00010494952158530185,3.1138310688948147e-06,0.9998388696538653,5.30669939343275e-05,2
0.00016184877945173907,2.785456789958206e-06,0.9997767335701171,5.8632192461519083e-05,2
0.000271287342754664,2.350588512521353e-06,0.9996626514607716,6.371060737034378e-05,2
0.00024598915956873616,1.6749514098415593e-06,0.9995562545013759,0.00019608138825866767,2
0.0002839570702849499,2.4683457209659745e-07,0.9979983169121821,0.0017174791814821267,2
0.0004583892098747644,2.5412693486166704e-06,0.9994127355328627,0.0001263339878488575,2
0.0005957619617088638,1.7719431376181484e-06,0.9991532148945608,0.00024925120127297526,2
0.0006523795744403802,1.876096627581068e-06,0.9992490587515992,9.668557646738e-05,2
0.00046338155140048177,2.4076303211738224e-06,0.9994357230541812,9.848776361187159e-05,2
3.5354940005642404e-05,5.837516306481024e-06,0.9999138835530599,4.4923989781028144e-05,2
2.2764675576666137e-05,1.4303311530001179e-06,0.9997679093192124,0.00020789567506076812,2
4.474488056772732e-05,3.937684325614226e-06,0.9998951900193445,5.612741681106131e-05,2
1.5015054245375e-05,6.395822778393493e-06,0.9999324412031488,4.614791817103589e-05,2
2.355574430102939e-05,4.632978900596183e-06,0.9999217468927165,5.006438449115445e-05,2
2.3865296330513556e-05,3.640551061796866e-06,0.999908131972986,6.436218135373221e-05,2
1.1478957242777512e-05,1.0353018270011849e-05,0.9999156849593857,6.248306631226132e-05,2
7.753954873980489e-06,6.883877688728806e-07,0.9988965224129618,0.0010950352442825684,2
7.545397830153942e-06,1.6409742302637775e-05,0.9998790908153252,9.695404510897386e-05,2
7.62654555656552e-06,1.9192394993878827e-05,0.9999089131247286,6.426793320914241e-05,2
7.882410432342327e-06,2.046365955246763e-05,0.9999288190061622,4.283492300511749e-05,2
5.083477651425609e-06,3.097629859552299e-05,0.9999054894677654,5.8450756402133736e-05,2
4.512963930597423e-06,4.5682723607367345e-05,0.999887315732106,6.248858209352937e-05,2
3.8000034758165068e-06,5.652852022123164e-05,0.9998667866754819,7.288480148552881e-05,2
3.670633029014298e-06,7.384402428091043e-05,0.9998456579827079,7.682735971110961e-05,2
3.1444047423273964e-06,6.0150966412776835e-05,0.9997866696747689,0.00015003495460456408,2
2.700556629541836e-06,2.5722691614568443e-05,0.9996302565303056,0.00034132022237933916,2
3.5942033495935867e-06,4.96860158517859e-05,0.9998626253726121,8.409440760739967e-05,2
7.199037726956574e-06,2.1991817622054937e-05,0.9998989063013577,7.19028431702801e-05,2
8.004800937958161e-06,1.3614425253066109e-05,0.99992821904812,5.016172423337304e-05,2
1.583700495231889e-05,8.973470697495751e-06,0.9999053377420218,6.985178350887913e-05,2
0.00020755540374581442,3.92226822314116e-06,0.9997471644833278,4.13578460542306e-05,2
0.0016863976290603729,3.5769500411815875e-06,0.9982535620611585,5.646336058543556e-05,2
0.01503499713434969,1.581605302632384e-06,0.9847905750079815,0.00017284625400780762,2
0.03699905428159214,2.3285054335360744e-06,0.9628798392726805,0.00011877794181563083,2
0.0716456010288463,1.7221000794506566e-06,0.928084358331884,0.0002683185400351647,2
0.08484921734650097,1.6307394938556332e-06,0.9148930893697754,0.0002560625426426333,2
0.08547308585554116,1.004430729640741e-06,0.914049502531097,0.00047640718382345996,2
0.07203919181874732,1.7937659377772394e-06,0.927744524661151,0.00021448975561779617,2
0.04409900768553921,1.041863795192188e-06,0.9554992014321166,0.00040074901791114993,2
0.02221640631047709,4.39642208973658e-07,0.976811881406917,0.0009712726414191429,2
0.011124275390698542,9.19725964096241e-07,0.9881217248024401,0.000753080082560269,2
0.0015004092188845826,3.788917915581081e-06,0.9984302387604982,6.556310103824888e-05,2
0.00012431866081750716,3.0534422860543547e-06,0.9998078984483443,6.472944887460714e-05,2
4.847083039078061e-05,1.330254966466547e-06,0.9998274643979196,0.00012273451805568377,2
0.00017700495745895582,2.886072424655918e-06,0.9997712087620992,4.89002078546378e-05,2
0.00022893183424002323,2.376763698327528e-06,0.9997033689201824,6.532248244833357e-05,2
0.00017886195911137148,1.0412137130352541e-06,0.9995731644482891,0.0002469323799953393,2
0.00011726981541384603,4.08464235079083e-06,0.9998333647808327,4.528076171194326e-05,2
0.00042275368370343604,2.2692273801152926e-06,0.9995107576645946,6.42194232413522e-05,2
0.0023836593325345687,2.642369682295767e-06,0.9975436478424218,7.00504560537803e-05,2
0.014979036640756033,3.2916809062851165e-06,0.9848823038158941,0.00013536786157985204,2
0.08340774889167181,1.5763175472071668e-06,0.9159253683015038,0.0006653064898894124,2
0.3157855113287424,4.0370854943228886e-07,0.6830569521530007,0.0011571328090361338,2
0.9036010712801004,1.3734755338712324e-07,0.09583466255606976,0.0005641288149959702,0
0.998936168010402,1.2871146886970344e-07,0.0006698103810700483,0.00039389289617871995,0
0.9964605133654295,1.3181187284187825e-13,9.934214178244738e-06,0.0035295524198087243,0
0.9999389921306396,6.158701410520857e-11,7.814862778998529e-07,6.022632025777873e-05,0
0.9999782498781092,2.8536665841745033e-12,2.2985901927567734e-06,1.9451527556910796e-05,0
0.9998976176384669,1.3461183686275535e-11,8.127991705337896e-05,2.1102431527041035e-05,0
0.9998122591454962,6.706486656178626e-11,0.0001774558392331259,1.0284947240665071e-05,0
0.999871852975661,1.6610489654413782e-11,0.00011062651433578552,1.752049480740232e-05,0
0.9999283591766522,2.2792792183348446e-11,6.143923890158583e-05,1.0201561359012095e-05,0
0.9999129148213758,3.8721815680434105e-12,6.907459567607893e-05,1.8010577408750637e-05,0
0.9999619576407335,8.716915535149615e-12,3.0761701869701734e-05,7.2806502197466625e-06,0
0.9999571404640821,9.042035966744969e-13,2.889467491339847e-05,1.3964859368574364e-05,0
0.9999878876739371,7.325028408253279e-13,7.00816785306251e-06,5.104156082837511e-06,0
0.9999898813914914,1.7252517168983265e-13,4.815276919659243e-06,5.3033303588048125e-06,0
0.9999888473397551,2.340236456248771e-13,6.4718638647578235e-06,4.68079745648331e-06,0
0.9999886848403433,2.3832967375038497e-13,5.768936877167171e-06,5.5462226558380265e-06,0
0.9999798386083681,9.65699371613305e-13,1.3770508042937835e-05,6.39088434704854e-06,0
0.999965429674405,4.0223100228709285e-12,2.255542332690555e-05,1.2014897113434668e-05,0
0.9998061945478193,7.58203427843165e-12,0.00016686846147068193,2.6936981309327306e-05,0
0.9999779811865128,1.7630543513929006e-11,1.6947268397330286e-05,5.071528975709097e-06,0
0.9999312137200083,1.3244718036823845e-12,4.107526274286601e-05,2.7711015473839494e-05,0
0.9999799502229518,2.117910436099703e-12,1.279042371873281e-05,7.259351932690287e-06,0
0.9999822266560526,1.7991837786780368e-12,1.2518019042252055e-05,5.255322011824664e-06,0
0.9999151832335912,4.051137005834656e-12,7.210767066626556e-05,1.2709090056391814e-05,0
0.9999351226124997,2.28502014650016e-11,5.355477016837525e-05,1.1322595002639053e-05,0
0.9996637221100881,1.5414151879213887e-10,0.0003269414413577629,9.336292682917477e-06,0
0.9987508521605312,5.453916604424568e-10,0.0012240720332045497,2.5075262248108523e-05,0
0.9975109979380966,1.2451644922456117e-09,0.0024353952391007743,5.360557748072452e-05,0
0.9950203664980111,5.333112764118824e-09,0.004918375604222681,6.125256559391924e-05,0
0.9907668076125891,7.86982810701672e-09,0.009022872751124998,0.0002103117669588889,0
0.9515075696220876,5.7605267169087616e-08,0.048280606543489216,0.0002117662274078762,0
0.8790714225716664,1.2196507612244942e-07,0.12052959285776776,0.0003988626049086289,0
0.7338057032132286,4.643053203906623e-07,0.26545256032057873,0.0007412721597372621,0
0.042280642218627866,1.6209778289889328e-06,0.9569365055129012,0.0007812312903088618,2
0.002268744688805703,5.015104969054215e-06,0.9976276593333422,9.858087274709564e-05,2
0.0001275124509186866,5.644545032577114e-06,0.9997661269212333,0.00010071608169373145,2
3.3316977874354906e-05,2.8915875638846436e-06,0.9996733317842785,0.0002904596494547623,2
2.9691631461191483e-05,4.5248606941084876e-06,0.9998765218140228,8.926169235886952e-05,2
6.8760044153506805e-06,6.118029739930223e-05,0.9997950795193193,0.0001368641801818652,2
4.603365360545691e-06,0.0004457835283426362,0.9992805162305229,0.0002690968758190301,2
5.136645873601481e-06,0.003353958544872577,0.9956717752762717,0.0009691295332108201,2
8.290011798323156e-06,0.03990426609491158,0.9570607355295637,0.003026708362228931,2
1.648033895231979e-06,0.17209396298894325,0.7670821007751637,0.06082228820125459,2
4.40953772571121e-07,0.6067810827791662,0.3793120682286645,0.013906408038140963,1
2.5164323701928227e-07,0.9543121208118776,0.03591789553483,0.009769732009158297,1
4.8685468411637405e-08,0.9746990759513302,0.0026242510877563185,0.022676624273696818,1
1.6013988287553256e-12,0.8833282706513409,2.9989886670173825e-06,0.11666873035721159,1
2.1935915241740353e-11,0.9941298496152332,6.62308449690525e-07,0.005869488055659203,1
5.003538540118602e-13,0.997362664130679,4.492022902847132e-07,0.002636886666862083,1
3.721053880649925e-12,0.9997063039061609,5.151009852801024e-06,0.0002885450800687641,1
1.248493047600797e-13,0.9998365022996936,1.158941614872944e-06,0.00016233875963559977,1
5.048818639756502e-14,0.9998198779852708,4.4789494200062977e-07,0.00017967411971804033,1
4.5687322018909534e-14,0.9995956419591464,1.2954667741326283e-07,0.00040422849371457266,1
2.4256930662031162e-14,0.9987214527493582,2.844314514406068e-07,0.0012782628203334605,1
3.001612375884918e-14,0.9998416738292514,7.564225920327879e-08,0.0001582505286661189,1
2.2961230150355924e-15,0.9998320382501154,7.98398339018273e-08,0.0001678819106061886,1
7.493376319755136e-16,0.9998903951062195,1.869439997492719e-08,0.00010958619836294207,1
6.134480416678517e-17,0.9998758286720859,2.310299501245001e-09,0.00012416901633320227,1
8.389418139421021e-17,0.9999006694275153,2.5098317973840462e-09,9.932806095475192e-05,1
6.795098399697917e-17,0.9998896503592667,1.3406940273259815e-09,0.0001103482996564757,1
5.0700990300288e-16,0.9998140745178458,1.823871176616567e-08,0.0001859072420671218,1
1.794667647613293e-15,0.9998669250275826,1.2742835003266357e-08,0.00013306223010965153,1
1.3686045145396137e-13,0.9996677048380017,2.0509960219970336e-07,0.00033209006075672897,1
1.8588396038211884e-14,0.996684027773018,2.6238012201696355e-07,0.0033157098470176856,1
1.5999654773956903e-12,0.9995587872469838,3.843140580958146e-07,0.00044082843854648747,1
1.0433326309064065e-12,0.9989047104223799,3.7309414487281516e-07,0.0010949164828172604,1
3.7982164612851404e-11,0.9924523633897979,3.2251729642501325e-06,0.007544411398499874,1
9.2641249824088e-13,0.764251689603304,1.4682962444836462e-07,0.2357481635650565,1
1.5105189761458477e-14,0.01799309141379606,2.3956151173204657e-09,0.9820069061895236,3
1.6684813035101933e-11,0.6950814160192468,6.647099925007346e-08,0.30491851749344623,1
6.948041513180599e-14,0.7997601586013721,2.1773746709874433e-08,0.20023981962447035,1
4.7962054618430726e-14,0.9961552972456728,1.1094631246435093e-09,0.003844701645257173,1
6.134700456562949e-15,0.9990609943058971,1.2100623797461927e-10,0.0009390055727216282,1
1.969051800201976e-14,0.9954315917191652,4.370923939323531e-09,0.004568403908166452,1
2.7056275085270833e-14,0.9952606206484645,2.4377264521823727e-09,0.004739376915354944,1
1.9420681741745406e-12,0.996252987475346,1.861825545670553e-08,0.003746993903750583,1
7.67773299242503e-15,0.8525879279317906,2.4021968904296886e-08,0.14741204804778216,1
5.334279899670869e-13,0.9759710319143974,1.7901841164210356e-08,0.02402895018258705,1
8.946447300414601e-12,0.9967119089793088,6.204314547707785e-08,0.0032880289686534137,1
1.551178455872382e-11,0.9829095785874201,5.001746403279675e-07,0.017089921222653157,1
6.48790273223136e-15,0.0003483652822093765,1.4522923671823078e-08,0.9996516201959207,3
3.534794612196196e-11,0.5131762922160624,1.1850226049938042e-06,0.48682252272745313,1
5.632733586036036e-12,0.9320181010354855,5.001594290113915e-07,0.06798139880030292,1
1.721002111184247e-11,0.9961532296336226,4.2434877662378446e-07,0.0038463459989967336,1
3.898693502460691e-12,0.9977459964685306,3.437543848315684e-07,0.0022536597713924563,1
2.592419370158782e-12,0.9963093733057681,4.569023238183525e-07,0.0036901697897911887,1
2.459053127039858e-11,0.995626721692442,6.053924380709259e-07,0.00437267288950831,1
2.6146550312063005e-11,0.9662807363783231,3.307880342773194e-05,0.03368618479382356,1
1.4263265465787915e-07,0.9754627162917674,0.009135040696523085,0.015402100379034582,1
1.461301105930844e-07,0.9783305546950599,0.01875969773283463,0.0029096014430334705,1
4.613211511680788e-08,0.9589035317862159,0.03262195827586057,0.008474463804867504,1
1.5498801875872256e-07,0.8810774828125205,0.09716927265483752,0.021753089543042267,1
1.284859370722286e-06,0.6673454157009622,0.3080719173006184,0.02458138213954195,1
5.395125200125906e-06,0.5193332174660155,0.3838223464753634,0.09683904093462962,1
2.6639776377353477e-06,0.004039894426485915,0.3488986231323579,0.6470588184642351,3
1.5695713376238165e-06,3.148155547024515e-06,0.31905870884577653,0.680936573427364,3
5.92885243227816e-06,1.1272435402320834e-05,0.4004684289960882,0.5995143697160334,3
2.2506440151066843e-05,1.2910371087918776e-05,0.614326796764461,0.3856377864234739,3
0.0001506418265710251,0.00036742413493682716,0.9931281410273636,0.006353793011270698,2
9.539166376226113e-06,2.2304872712938135e-05,0.9994322675924534,0.0005358883666612809,2
8.76150581454581e-06,3.0721745036895064e-06,0.9997529651146156,0.0002352012061001566,2
1.4797115486511703e-05,5.1448863740797596e-06,0.9999143349474381,6.57230514910608e-05,2
5.0596945016982746e-05,3.859673915869692e-06,0.9998906599511841,5.4883428103961626e-05,2
4.107147204548661e-05,1.8759982199680825e-06,0.999258122128471,0.0006989304018931861,2
1.4765835817855152e-05,0.0001322680580767606,0.9991940152573587,0.0006589508495350718,2
0.00013916340346971403,0.0011503122349758833,0.9809490745701837,0.017761449793024294,2
3.5588850638615044e-07,2.1345521234978153e-09,0.15011531795335287,0.8498843240229925,3
4.107627702244381e-06,2.9982904691201184e-05,0.23874585595273023,0.761220053515677,3
1.1582252937684973e-05,0.0010979323727872577,0.49720200852935204,0.5016884768454528,3
3.889142345750365e-05,0.017042325840882052,0.680065280836032,0.3028535019008475,3
1.0101598897937484e-06,2.6619099085303876e-05,0.6327164579203275,0.3672559128220126,3
1.8837073520333914e-05,0.01247476363249309,0.9492085613990464,0.03829783789530997,2
2.5338702641248384e-06,0.007480752525368052,0.9844531224427432,0.008063591163368609,2
2.7643521479081967e-06,0.00362773181814528,0.9947150516572484,0.0016544521735141645,2
1.3855574841695875e-06,0.0019561357441643243,0.9963259472494636,0.0017165314480021125,2
1.660485448618425e-06,0.0016521622749822384,0.9976405410986595,0.0007056361405292041,2
1.910999371284619e-06,0.0016635015411584956,0.9980213837211929,0.00031320373933796435,2
1.9014358543297846e-06,0.0011424690022181305,0.9984007173535854,0.0004549122090881435,2
2.0118818808395165e-06,0.0007739228187632291,0.9988679510092268,0.0003561142916527349,2
5.57127764467747e-06,7.969915107371215e-06,0.9990390557082984,0.0009474030975449418,2
1.082929576960078e-05,2.574436571951712e-06,0.9994008929118704,0.0005857033565483589,2
1.773708588124711e-05,7.892447326658774e-06,0.9999319316187227,4.243884875785594e-05,2
1.200334840660775e-05,1.009499464483513e-05,0.9999262023795075,5.1699276849254677e-05,2
1.666889421424765e-05,4.0013825989437774e-05,0.9996594127023828,0.00028390457762067056,2
0.0002961864966666504,0.0005389437184888105,0.9911267102288555,0.008038159556839621,2
0.00032542332798772094,3.405263934801342e-06,0.3655236138555598,0.634147557551297,3
1.2270842968055447e-06,3.187368550081639e-14,0.0003567602286517643,0.9996420126869718,3
0.7909716525313591,5.915831443249719e-05,0.15272163256341703,0.05624755659147078,0
0.9723471326273573,2.5255155121180577e-08,0.02177991146986653,0.005872930647649194,0
0.9985918171357562,5.416631519423665e-10,0.0012665705368109566,0.00014161178571854885,0
0.999977677858565,5.328408954626357e-12,1.4973125440854453e-05,7.349009732137551e-06,0
0.9999909581501429,9.614525334655016e-13,5.218892500949096e-06,3.822954717851321e-06,0
0.9999738931316667,1.5154875125846212e-11,1.1838558340474159e-05,1.4268294254052497e-05,0
0.9995402318115771,5.961073376581772e-14,2.1871112924133184e-05,0.00043789707711595617,0
0.9999649232417358,8.808412540774478e-10,1.7184173101801742e-05,1.789170497069336e-05,0
0.999768592038682,1.48296682040736e-11,2.91622616200372e-05,0.00020224568342658533,0
0.9994492549387827,1.0583751448044047e-11,7.15093684443233e-05,0.0004792356836431064,0
0.9998384392922128,2.0041588792525808e-10,9.067363501346362e-05,7.088687166536705e-05,0
0.9998952131944784,3.3991428874912566e-11,7.440210074942601e-05,3.0384672401139765e-05,0
0.9998848358880843,2.4519189139754636e-11,8.642609872981874e-05,2.873798780098059e-05,0
0.9999333051942185,7.30464914374593e-12,4.209017853371989e-05,2.4604618897392892e-05,0
0.9999038571895295,3.228336314142499e-11,8.370785707521286e-05,1.2434920718707086e-05,0
0.9997760493429393,4.9752145633064083e-11,0.00020055109743350808,2.339950883208465e-05,0
0.9997688918806599,7.216699299173748e-11,0.00019642859817546108,3.46794498773639e-05,0
0.9996971764957641,8.1148460431869e-11,0.0002738650793850753,2.8958345068404114e-05,0
0.9998616663699101,8.296351835903977e-11,0.00012506545942909923,1.3268087393921871e-05,0
0.9999051810400182,1.0292690606588854e-11,7.051522589678032e-05,2.4303725502184975e-05,0
0.9998908197828698,2.222288656833182e-11,9.682504103417581e-05,1.2355152094025411e-05,0
0.9999505398199445,2.3078250251762637e-11,3.604398882278778e-05,1.3416168678077756e-05,0
0.9998665901562406,1.0566896951537665e-11,6.053286232313914e-05,7.287696959948855e-05,0
0.9999202830020056,3.3581337888220944e-11,1.1254659432815181e-05,6.846230627352139e-05,0
0.9997169237953348,8.278448267072732e-14,1.9460140539716337e-06,0.0002811301891460683,0
0.999985905849105,1.5760286706945864e-12,9.95722897830359e-07,1.309842766139585e-05,0
0.9999910011688543,3.806510245021815e-13,2.3271938224637215e-06,6.671638316962993e-06,0
0.9999854818269134,3.7290256942067825e-14,2.2800674623779917e-06,1.2238105304793313e-05,0
0.99999690223674,9.950253300963158e-15,2.7074416279036057e-08,3.070689005791553e-06,0
0.9999971296424787,8.051217913728511e-15,1.5292764877008172e-07,2.7174301047009858e-06,0
0.9999960939425253,3.050461876763909e-14,3.95230482842042e-07,3.5108253117506973e-06,0
0.9999872678682733,1.9149695680142994e-12,8.385866410481373e-07,1.189354395497452e-05,0
0.9995329215574534,1.141841021462993e-15,1.5218786366493776e-06,0.00046555656262484515,0
0.9999911505538449,5.315982072602188e-12,3.2940914442976006e-07,8.52003040280895e-06,0
0.9999867102570509,4.286913032103579e-14,5.179878139098893e-07,1.277175556013171e-05,0
0.9999942295965462,1.164654927002057e-13,6.419960621920629e-07,5.128409062419672e-06,0
0.9999924634205184,5.301706389389313e-13,8.464009366656804e-07,6.690177617456406e-06,0
0.9999174337062847,2.186030945094263e-14,8.661911648668536e-07,8.170010363770787e-05,0
0.9999900294302759,6.523728292006942e-14,1.1324295839284885e-07,9.85732728049047e-06,0
0.9999961127107848,1.5372519421360868e-13,7.009299391190247e-07,3.186359252007637e-06,0
0.9999892282719781,1.2874636119217666e-14,1.0319151207098026e-06,9.739814592331764e-06,0
0.9999947713722845,7.586475923638895e-14,1.2159847018283323e-06,4.01264116644739e-06,0
0.9999936316838063,1.1299899000369186e-13,2.4496845177642347e-06,3.9186320427962085e-06,0
0.9999907968581859,1.3762709265581794e-13,2.759930684206702e-06,6.443209745701761e-06,0
0.9999854186434167,5.630532267467104e-13,4.023923006691816e-06,1.055743137263002e-05,0
0.9999467396333143,6.307785448298803e-12,2.8635432839444167e-05,2.462492909510299e-05,0
0.9993417096985947,8.499604807140155e-10,0.0006333566700787465,2.4932780302170603e-05,0
0.9877516346260932,5.314059417845198e-10,0.011422409212074644,0.0008259556299671975,0
0.9214736834759504,2.37890749850145e-07,0.0777700428059546,0.000756035827074162,0
0.6369815707989752,4.959073278532009e-07,0.3618360155080815,0.0011819177857061384,0
0.320250133113883,5.172895793344767e-08,0.6634721313450495,0.01627768381214829,2
0.08181289103857287,6.358588793873298e-06,0.9167995883032353,0.0013811620685328528,2
0.010622664818651022,4.179017944024368e-06,0.9892599406919836,0.00011321547037158819,2
0.0010535438167620786,3.816912336045796e-06,0.9988953363058625,4.730296365889828e-05,2
7.600763739937686e-05,4.154357257700234e-06,0.9998688226194221,5.1015387512891735e-05,2
2.139503579876428e-05,7.007870467718013e-06,0.9999249921431138,4.660495093881115e-05,2
8.07236660512047e-06,1.574895689142364e-05,0.9999220084102189,5.41702650560371e-05,2
4.520923477997153e-06,1.809352825560805e-05,0.9998083622853025,0.00016902326356155433,2
3.431527676452629e-06,2.720036227165588e-06,0.9979999644293183,0.0019938840070639796,2
1.6328773551114735e-06,9.675513304868282e-05,0.9989492281699549,0.0009523838188191864,2
2.51071514779338e-06,0.00010346182365496055,0.9996930134075371,0.00020101405433497474,2
1.3581670055115187e-05,1.6510225915178965e-05,0.9998913290225996,7.857908135378839e-05,2
1.495278956085543e-05,3.287430727238953e-07,0.9990424013935315,0.0009423170744600083,2
2.310975189218141e-05,5.941799304254624e-06,0.9999201659339115,5.078251576455018e-05,2
1.8077196652737866e-05,4.2002507101341255e-06,0.999917404386597,6.0318167109702934e-05,2
1.985259516632072e-05,2.094481385905565e-06,0.9998538827481463,0.00012417017666644246,2
8.882658069485144e-06,7.569446393241365e-06,0.9998971825626549,8.636533257157616e-05,2
4.853405953960598e-06,2.0126365246214523e-05,0.9998824204639649,9.259976365504915e-05,2
3.846757896786663e-06,2.4183935304827794e-05,0.9998408903184414,0.00013107898922968685,2
3.2818618335972144e-06,2.5285289268656638e-05,0.9997475542124606,0.00022387863621168273,2
3.1702314314975454e-06,6.244994966724347e-06,0.9995083475293822,0.0004822372453948229,2
5.0274770867325326e-06,1.4623000165044758e-05,0.9998738962231449,0.00010645329864856265,2
5.761377450180962e-06,1.860118525645893e-05,0.9998765916327682,9.904580427938143e-05,2
4.582217261572307e-06,3.359912771813937e-05,0.9998830967358605,7.872191836549062e-05,2
3.6943800490630088e-06,3.9995914617637295e-05,0.9997934332543198,0.00016287645253423288,2
5.020904379187444e-06,2.3265731799372854e-05,0.999883593971362,8.811939400692469e-05,2
5.925207894860634e-06,2.7136212755679484e-05,0.999912213283956,5.472529410868267e-05,2
4.633063995292404e-06,3.276405375511949e-05,0.9998932431754145,6.935970768386423e-05,2
3.4943159724270127e-06,6.777958668008295e-06,0.9994812454878284,0.0005084822382246453,2
3.0483937671442555e-06,5.1567165714303095e-05,0.9998067646469944,0.00013861979228332183,2
5.356395700125807e-06,7.080830104715103e-06,0.9997489750347582,0.00023858773843290162,2
2.7019329730914156e-05,4.160726848820594e-06,0.9998776414862721,9.117845572649459e-05,2
0.00015315224097351435,6.077925856473918e-07,0.9994008279292322,0.0004454120374496284,2
6.705420372959603e-05,3.5540939156873935e-06,0.999880147379082,4.9244321693842366e-05,2
3.3451593871831305e-05,3.6080781420274883e-06,0.9998966146199475,6.632570962633622e-05,2
3.941665857675391e-05,4.671320911202918e-06,0.999917830151472,3.8081870603816276e-05,2
1.1206481847784428e-05,8.183048932038127e-06,0.9999289835584332,5.16269106317131e-05,2
1.1938941119521423e-05,9.746567856427922e-06,0.9999370017812444,4.1312711208362074e-05,2
5.7378512788445724e-05,3.536059500801048e-06,0.9998939226193359,4.51628067466986e-05,2
0.00021967316949060792,2.719559450564346e-06,0.9997206737513545,5.6933521451109125e-05,2
0.0001693069983391191,9.190818643439707e-07,0.9995759191393182,0.0002538547820177904,2
0.00018144552684186375,1.6789248536695929e-06,0.9997271427613277,8.973278679308713e-05,2
0.0007858727332140691,2.55435178258779e-06,0.9991528874193639,5.868549591088477e-05,2
0.0018498098768999363,2.5989942726613066e-06,0.998090041555919,5.7549574394656005e-05,2
0.005663759375138858,2.0795442892806074e-06,0.994249639378234,8.452170135150286e-05,2
0.012813263519004874,2.3653867544262976e-06,0.9870950967945269,8.927430053085901e-05,2
0.022688756572939176,1.455996418297237e-06,0.9770849756670181,0.0002248117620831352,2
0.043250062195872414,1.4130610856311031e-06,0.9564580472662443,0.0002904774783064415,2
0.09436886575503421,9.703220735073473e-07,0.9050723450552527,0.0005578188680090807,2
0.19095851816031786,1.67696048058794e-06,0.8087381571977001,0.0003016476830596963,2
0.28720820663642826,1.6619740957214587e-06,0.712534002365378,0.000256129024516399,2
0.38271539443210845,1.0815362230773438e-06,0.6166363527219039,0.0006471713093509491,2
0.5745929968876103,5.25548422297856e-07,0.4228310743810889,0.002575403181909344,0
0.735273884110663,2.4394983026466373e-06,0.2640402629288098,0.0006834134623003255,0
0.8055009284536434,3.6320878559950394e-05,0.18919722434658934,0.005265526322363285,0
0.8242109703290701,9.344660247391359e-11,0.03832675085820938,0.13746227871766054,0
0.9806904203154335,3.983644870967725e-07,0.01584926625191991,0.0034599150690035035,0
0.9962050670699332,7.146502722327578e-09,0.0036040920840273013,0.00019083369910894313,0
0.9994517234017639,5.3337006761666593e-11,0.0005258225803052934,2.245396455440351e-05,0
0.9999965323319072,3.55227681626837e-13,5.324674318227185e-07,2.9352018697275253e-06,0
0.9999960674799712,1.1396749797068242e-14,3.796716588236713e-07,3.552848419045093e-06,0
0.9999966990380839,1.2774426168143183e-14,3.63584115518423e-07,2.93737955923504e-06,0
0.9999964066947526,3.988201499399187e-14,4.4986068675499867e-07,3.143444681067091e-06,0
0.9999643969466657,2.6298843614155305e-12,2.9323971137113055e-05,6.279080564927641e-06,0
0.9999009734378018,1.2421088643604631e-11,6.761089150810686e-05,3.1415658916263725e-05,0
0.9984579904622712,2.1336521361247924e-09,0.001521490312045501,2.0517093172123442e-05,0
0.9759719194771712,9.810367810493944e-09,0.02389076586902545,0.00013730484304891576,0
0.8083752584913118,1.0150924791417514e-07,0.190914169227628,0.0007104707727965224,0
0.22535666909780405,7.643401841824238e-07,0.7739656469074055,0.0006769196538536567,2
0.043786501720689416,2.466323841486152e-06,0.9559882775126761,0.00022275444110187104,2
0.0027072083858305333,3.7175349248215343e-06,0.9971930320415295,9.604203686484638e-05,2
0.00021614967139734983,3.888384271348745e-06,0.9997300598539756,4.9902091513093386e-05,2
3.0164786674894004e-05,5.5904789625960645e-06,0.9999191845006211,4.5060233900749056e-05,2
0.00011931169092425666,3.602290997192139e-06,0.9998048567230574,7.2229294048499e-05,2
0.0001351388315029324,9.678068332681484e-05,0.999680025192121,8.80552934640012e-05,2
7.74949478547011e-05,0.0036938994864302277,0.995405570599242,0.0008230349657786412,2
2.6234808980196252e-06,0.12068784220442795,0.8745994213858568,0.004710112927491755,2
1.0214475483611185e-06,0.366020770702557,0.6268825146991674,0.00709569315235331,1
5.989284298612998e-07,0.6055547009798449,0.389194634850661,0.005250065241022261,1
2.7543138868369326e-07,0.788177275815372,0.20728911936531194,0.004533329386896199,1
1.1439768696042741e-07,0.9116206646750655,0.08460944367956391,0.003769777249356949,1
8.48938579784985e-08,0.9468084703562284,0.05124429512929949,0.0019471496188965493,1
5.959106652431775e-08,0.9632107127507105,0.035591110362278425,0.001198117297569435,1
9.009967344844362e-08,0.9705690789793139,0.028330536440572453,0.0011002944821878265,1
1.9903850444316445e-07,0.9787268830552472,0.01828099457134898,0.0029919233331243693,1
3.29716475668074e-09,0.9791817719202174,0.006866202919072278,0.01395202186223218,1
5.461201248552987e-11,0.9987143747654768,0.00020905962079389233,0.0010765655593876278,1
8.830711712495247e-15,0.9997880059621165,1.594460682929859e-08,0.00021197809479098697,1
3.6226354337938047e-16,0.9996894014645705,6.5995490946626326e-09,0.0003105919367958016,1
3.6640032131192853e-16,0.999831626161894,5.779607298563051e-09,0.00016836805951966875,1
4.2053981357058045e-16,0.9998971094031507,3.2889370312463803e-09,0.0001028873063033888,1
3.316094370182007e-15,0.9996791078933058,4.829039854089661e-09,0.00032088727667256117,1
4.3061534355954647e-17,0.9968538185561981,1.3412499389764682e-11,0.0031461814294405414,1
1.2920356318208916e-17,0.9972804944239484,3.7511839702884326e-12,0.0027195055720481225,1
1.2937381027446913e-17,0.9997858753936669,7.611611755020047e-13,0.0002141246065520952,1
3.017544581157753e-17,0.9992794071623714,1.769691900373485e-12,0.0007205928357891652,1
6.340631139447155e-18,0.9807460952029134,2.9721587490524103e-12,0.019253904793148775,1
5.003904687152527e-17,0.9969699880455448,5.734545983175088e-12,0.0030300119470602744,1
5.998980361058427e-18,0.9997605439890151,8.205876482998556e-13,0.00023945601086970448,1
4.735609302113269e-20,0.9997784071373339,6.342365514816244e-14,0.00022159286187627448,1
6.38485633783569e-20,0.9998541961397369,8.133278399022468e-14,0.0001458038618550829,1
4.2799897893773783e-20,0.9998035606085931,6.851369521904296e-14,0.00019643938990091656,1
9.652949427835485e-20,0.9998167232959049,1.0971388167242263e-13,0.0001832767029954331,1
1.984823712391025e-20,0.9997927177137566,8.272854506031995e-16,0.00020728228713034162,1
4.181100388188753e-20,0.9979390887649972,7.708825496780634e-15,0.0020609112354195423,1
1.1264502915607998e-19,0.9991509707472684,6.321330702279805e-17,0.0008490292521223608,1
7.259446390105423e-21,0.9902718560245007,1.9326528378218155e-16,0.009728143974094298,1
4.469053153766927e-20,0.9976672347134236,5.303179871722541e-17,0.0023327652875010686,1
3.831840559649606e-21,0.9990794096200727,1.798398040423202e-17,0.0009205903807961478,1
4.162203136798496e-21,0.9994833646078891,1.3538301538953293e-17,0.0005166353927789564,1
3.7798814085655124e-23,0.9980520545148364,1.924267862962519e-20,0.0019479454834719005,1
6.880421435320345e-23,0.9980201724027359,3.033736389018395e-20,0.001979827596483431,1
4.4151783070720646e-23,0.9993220186936846,1.5775877502278943e-20,0.0006779813049640254,1
1.115100028010138e-23,0.9992897332809241,1.1098303599202015e-20,0.000710266720493861,1
1.0951759870472485e-23,0.9994590538200169,1.2961715925140917e-20,0.0005409461787577686,1
3.0887314180487767e-23,0.9994168176141183,9.510927904744788e-20,0.0005831823845194067,1
1.297173814831538e-22,0.999481824044709,2.365804792124483e-18,0.0005181759547619438,1
5.313873878219128e-23,0.999711002816283,9.81172103121198e-19,0.00028899718206563686,1
1.0185780273463245e-20,0.9998116920948775,4.9874687346841606e-15,0.00018830790420589543,1
1.7257517593148836e-20,0.9998493243205742,1.6524647370902482e-14,0.00015067567926068802,1
1.4601587482325987e-20,0.9998349554415061,1.9376504437371083e-14,0.00016504455874920116,1
6.920541675054828e-20,0.9998495751068994,1.510838965609214e-13,0.0001504248912472268,1
8.726031628617537e-21,0.9998368350476378,3.965231965083178e-15,0.0001631649508014345,1
5.1890673789304e-22,0.9996773761870487,1.1440911481801998e-16,0.0003226238137942672,1
9.6232319070036e-21,0.9997889473228015,4.034221205897567e-16,0.00021105267720714115,1
7.078073099128514e-19,0.9991960965418373,2.8545729300355816e-12,0.0008039034540858447,1
2.4727281768023154e-18,0.99985511524334,2.5315093248759883e-12,0.0001448847551139631,1
1.4412965081776387e-19,0.9998395543096,3.0368808703304836e-13,0.00016044569100257973,1
1.2816603195172256e-19,0.9997455486084255,4.149638642331939e-13,0.0002544513909744055,1
1.6743675212358882e-19,0.99984707548524,1.6613211027226526e-13,0.00015292451405808473,1
4.0707526559760433e-20,0.9997419551700322,3.56092787931967e-15,0.00025804482961729904,1
6.149096417055401e-20,0.9985249161873558,7.067286943959031e-15,0.001475083812907523,1
4.6246229516001506e-18,0.9991045827611136,1.1608659679715156e-12,0.0008954172376509852,1
5.434917521826025e-18,0.999757085171071,5.533335415614066e-12,0.00024291482373892478,1
1.294374575410744e-16,0.9998604681170692,1.5940259834131734e-09,0.00013953029045818982,1
5.463194449634995e-16,0.9998559217176358,1.8305665017277606e-09,0.0001440764509268134,1
1.4979720067684769e-16,0.9992016491244017,4.824316268258527e-09,0.000798346050969988,1
2.537692008617508e-16,0.9998360231654002,1.5010187620732735e-09,0.00016397533235093149,1
1.052869788298189e-16,0.9999041277200379,7.80974465590951e-10,9.587149739769981e-05,1
2.4924208477931492e-15,0.9997262799958435,2.4669291245095166e-09,0.0002737175386060324,1
2.0030134138742127e-16,0.9949229474725361,3.2340895508717415e-09,0.005077049292579515,1
6.303386078688719e-16,0.9997891791150112,3.026036575716238e-10,0.00021082058369828368,1
1.8337682193492287e-16,0.9998587441281711,5.595105830654889e-10,0.00014125531068675802,1
8.797431331410776e-15,0.99951455828151,3.3037958366275755e-08,0.0004854086793919469,1
5.843029957685119e-14,0.9987254244855897,1.358144944480833e-07,0.0012744396996096335,1
2.1442288731287434e-16,0.9990845074266061,1.8034898640361608e-10,0.0009154923933886719,1
1.4334255060185914e-14,0.9997086392526714,1.9707847203924116e-09,0.0002913587774499769,1
1.3971212629360593e-15,0.9962316867727357,2.5294827280097216e-08,0.003768287931518013,1
1.771064376327547e-14,0.9997482178889171,1.9542216409445013e-08,0.00025176256834252646,1
2.0628811791169537e-15,0.999828624302581,2.6997410885249537e-08,0.00017134870028707623,1
2.365445950935192e-15,0.999817694804239,3.8163657082467244e-08,0.00018226703343829985,1
2.7650023114259137e-14,0.9997679524156197,3.5140296409638074e-07,0.00023169618040095284,1
2.8080978192462332e-14,0.999764437585827,3.2556244534169657e-07,0.0002352368502802609,1
3.165235724617334e-13,0.9998107998998552,1.351838791762789e-06,0.00018784826102080022,1
2.3982409208478296e-13,0.9994754025857023,2.877324232957605e-06,0.000521720089806109,1
1.0794755141756597e-12,0.9996757758558833,1.9938210849417657e-06,0.0003222303203568757,1
5.134509219803685e-13,0.9994100371342951,5.452424780098426e-06,0.0005845104396972613,1
6.619178666309212e-13,0.9998267795613215,3.6245778576806753e-06,0.00016959586037129353,1
1.9174587824789603e-13,0.9998452646361142,2.117154238960953e-06,0.00015261820957628982,1
1.7038760625524357e-12,0.9997656457838741,4.462716489750878e-06,0.00022989149691846568,1
1.3560149443953948e-13,0.9987933491760216,2.1359519081821333e-06,0.0012045148723605766,1
4.376606198501575e-13,0.9998294369390185,1.282631257479085e-06,0.00016928042964342908,1
5.658020222285005e-14,0.9998402780423669,6.125715828265057e-07,0.00015910938779771166,1
5.513547993425533e-12,0.9997350450796936,1.0010921270483954e-05,0.00025494399208052666,1
2.3435847433692012e-11,0.9970775152135037,9.634370134368072e-05,0.0028261410622943193,1
1.5743387735025666e-08,0.9930604236497109,0.005018139464812345,0.0019214211403044688,1
3.613570812383404e-08,0.9876022220253707,0.011267891882782103,0.0011298499550811301,1
3.661506383158405e-08,0.986222105782967,0.013306661967970214,0.00047119563298276385,1
3.9487777870850965e-08,0.9851586451166748,0.014139512945507004,0.0007018024485736078,1
3.506240071477548e-08,0.9847612010347251,0.013403060417171535,0.0018357034874358002,1
8.059654028471718e-09,0.9903350178950692,0.009019347188794078,0.0006456268549949792,1
1.4798209540181905e-10,0.9992666356848326,0.0004314133398664802,0.0003019508268630204,1
6.62228163518077e-12,0.9997738723825814,2.4866317592642552e-05,0.0002012612916908282,1
4.585362601950665e-13,0.9998125204634105,4.349447663107361e-06,0.00018313008752540006,1
3.0960443694253797e-13,0.9998190238365892,3.3010624143373917e-06,0.00017767510124452497,1
1.8281644579934537e-12,0.9997758025868471,4.8698085701252574e-06,0.00021932760101724198,1
1.7916141957006388e-13,0.9989888417767865,2.818188303689546e-06,0.001008340035445317,1
3.73635285182697e-13,0.9998419034403307,1.3651526842306312e-06,0.00015673140765369375,1
1.52669992461464e-14,0.9998490378402145,4.3370612014088767e-07,0.0001505284550455287,1
3.3643152087067303e-15,0.9998877333723872,1.233800490797495e-07,0.000112143247920243,1
2.466771854257879e-16,0.9999041740088811,6.802578883528388e-09,9.581918944323443e-05,1
9.482834014749976e-16,0.9998606330873139,4.284105865692838e-08,0.0001393240714523127,1
7.107714942221014e-16,0.9998757634621401,2.121672849947116e-08,0.00012421532036488921,1
5.501205535060855e-15,0.9998914732527944,6.877201994003661e-08,0.00010845797547974656,1
5.704055773770758e-14,0.9996573171533062,1.311131475035259e-07,0.00034255173243770545,1
1.0988915273287699e-13,0.9976786332025985,1.1709425902867001e-06,0.0023201958531552077,1
1.2857203057600864e-12,0.9996179483684491,8.856792909104583e-07,0.0003811659513013937,1
3.6184412832435175e-14,0.9995049720560962,5.514131557506332e-07,0.0004944765290034612,1
3.8178661850214325e-14,0.9998714689089657,5.849590217666396e-08,0.0001284725948203258,1
1.5743728131745383e-14,0.9993021442325469,1.512682185226221e-07,0.0006977045002184347,1
7.238060577846235e-13,0.9994857953214092,9.695005132866491e-07,0.0005132351756699739,1
6.179183934316025e-13,0.9993717844251341,1.6062585007973183e-06,0.0006266093144802975,1
2.0349321954643255e-13,0.999536921992991,1.8416436702309305e-06,0.00046123636151885225,1
2.2423493516439113e-14,0.9998523785702722,2.3129136698989665e-07,0.00014739013950005412,1
7.631793765270094e-15,0.9998693312113858,1.4596197719931079e-07,0.0001305228276087324,1
1.1671987535472329e-14,0.9998156717568187,3.582084377255009e-08,0.0001842924231617035,1
5.0915543349254705e-15,0.998728207425917,3.526991082773212e-08,0.0012717573032991808,1
4.4691624867511525e-14,0.9994925994919234,1.5407208670272294e-07,0.0005072464372875136,1
3.166647922144497e-14,0.9998243494771132,1.4648539564396348e-07,0.00017550403737070968,1
1.3749716096076233e-14,0.9997482410970153,2.0571288972934675e-07,0.00025155318893144276,1
2.4076215429532052e-14,0.9997977563374834,3.042988044578859e-07,0.00020193936292210097,1
3.830407073765908e-14,0.9997896311441643,3.4973397540458006e-07,0.0002100191206403718,1
1.1513004767356673e-13,0.9997218087898425,1.0271737094433586e-06,0.0002771640354153397,1
1.2615233334337027e-11,0.9997187685012038,2.0426032473757706e-05,0.00026080545264724805,1
1.3174894308402778e-11,0.9990032953770811,2.960780584652622e-05,0.0009670968036053957,1
1.0422199132751952e-11,0.9992977401756867,2.02609247276934e-05,0.0006819988873494749,1
3.717152664032118e-12,0.9997450908490249,7.175176332024455e-06,0.0002477339711139622,1
4.0851851812971526e-11,0.9996464679055835,3.892080128399277e-05,0.00031461125154971006,1
1.8763366806586273e-10,0.9969515454765083,0.0001270388457549799,0.002921415489994851,1
1.9867094796913296e-10,0.9962172091597291,1.33953571962851e-05,0.0037693952834797362,1
7.620025102299231e-11,0.9789279790480965,8.108553565437596e-05,0.020990935340017922,1
2.5085040733573834e-10,0.996244984905256,2.860247079336881e-05,0.003726412373066613,1
1.5850098428848303e-11,0.9986993734185637,5.362785589919665e-06,0.0012952637793074455,1
3.744397705953089e-12,0.9991070422746364,3.193675346769816e-06,0.0008897640480016797,1
1.7536208653883405e-12,0.9991906923613234,3.9297370574214115e-06,0.0008053779015749015,1
2.6790859050804362e-20,0.999591828080722,2.42159045765324e-16,0.0004081719205365649,1
3.520359379480993e-21,0.9983345180340137,7.233322342145946e-16,0.00166548196597994,1
3.8539979733934507e-20,0.9997769550372141,6.098584420400094e-16,0.0002230449643709893,1
1.9779717885458006e-19,0.9994655776228909,3.21765010784227e-15,0.0005344223755610373,1
9.006314144529883e-21,0.9925958906024298,2.7506864194488e-15,0.007404109396159925,1
1.3297742831326707e-19,0.9994089044385767,6.966251689921073e-16,0.0005910955625438699,1
2.93818472932625e-20,0.9994396634567341,2.5207995726446948e-15,0.0005603365421726853,1
4.1330259380665084e-20,0.9996267838093664,8.393355545736094e-15,0.0003732161922331335,1
1.851751913480038e-20,0.9997808230158006,6.800933522370619e-15,0.00021917698521227856,1
3.4849498961760025e-20,0.999833970727279,1.6826281385150025e-14,0.00016602927235204377,1
4.900865860694689e-20,0.9997222224658006,3.9855532768579244e-14,0.000277777535670715,1
1.113974701121165e-19,0.9997501629992844,9.16524501460799e-15,0.00024983699964686114,1
3.097934271442874e-19,0.9988473035040776,1.334777559999045e-14,0.0011526964955537867,1
1.3917833441856104e-17,0.9970891617455828,3.467691135603776e-14,0.0029108382539002604,1
2.052215413386252e-17,0.9433488808295161,2.0431400851859467e-12,0.056651119168502254,1
2.491644911957889e-16,0.9711011075388428,3.9393339304247114e-13,0.02889889246094235,1
1.3113554706487583e-17,0.9861223169414257,4.558459895613175e-14,0.01387768305881406,1
1.2095103566165303e-16,0.997575642877372,9.102159817292075e-14,0.002424357123059039,1
1.030814611580694e-12,0.9847634137968589,2.750645087112797e-08,0.015236558696602131,1
2.1307957500333135e-12,0.5490602293859606,2.47670124690874e-07,0.45093952294234263,1
1.8439653452129147e-31,1.8160683380836956e-27,3.8449665802700103e-25,1.0,3
7.333893499624244e-12,0.00034456258209755595,1.0276484922696437e-07,0.9996553346453001,3
2.1279408708504015e-11,0.1408448634548783,3.784419348959685e-06,0.8591513521052798,3
2.8106190153465266e-11,0.9225766650251986,9.211757812627471e-06,0.07741412318857395,1
5.2696911619579e-12,0.9980377465673747,8.707396104264732e-07,0.0019613826874928164,1
3.013373397915565e-12,0.9996853602717529,1.4145397207813564e-06,0.00031322518685365097,1
1.9541399478800335e-11,0.9990663410818134,5.732060271305696e-05,0.000876338294383247,1
3.5092453502859507e-10,0.9993856520920438,0.00023752004165943433,0.00037682751440442925,1
7.776540576124142e-10,0.9961975439858264,0.0018843422298419387,0.0019181130067937383,1
1.8496717825497978e-08,0.9698754856887188,0.02265220315110326,0.007472292663824237,1
1.640642565543192e-07,0.7934806150877962,0.1758383170043905,0.030680903843800195,1
1.9872831457386845e-06,0.33575752553769156,0.6448242505559693,0.019416236623637412,2
1.6101480947710075e-06,0.09673222965287083,0.8593393275892349,0.04392683261107825,2
7.424439493910617e-06,0.04676966946475568,0.9485297828594355,0.004693123236443767,2
2.07383863869454e-06,0.04298572834178688,0.9555027159247454,0.001509481893639508,2
1.5474602564688618e-06,0.03570533939479715,0.9607317805141244,0.0035613326311420457,2
1.240330029415591e-06,0.032688212549934204,0.963546282999761,0.0037642641208413792,2
1.318615865778926e-06,0.03142457569985665,0.9661279290754335,0.002446176608893302,2
1.8142300987796556e-06,0.02676431499415479,0.9726430415461442,0.0005908292304235294,2
2.201212560214139e-06,0.018640735536388977,0.9809965303687508,0.0003605328839281382,2
2.4588021199180124e-06,0.011625483308339027,0.988117428962287,0.0002546289260807828,2
2.9274072237738893e-06,0.007078964098383392,0.992705207105285,0.00021290138826753416,2
3.9646727662483365e-06,0.004337068682798173,0.9955269481253278,0.00013201851745988706,2
1.535166741759367e-06,0.0037663668465871816,0.9958208943226748,0.000411203663320114,2
2.802767713930877e-06,0.002042837387054775,0.9977334706415342,0.00022088920306457047,2
3.064681423369216e-06,0.0013082881100212268,0.9985225591913235,0.00016608801543445357,2
1.804235943028691e-06,0.0015279516973103185,0.9980372384895155,0.0004330055757530298,2
1.826641108524517e-06,0.001048345752035574,0.9985652397447814,0.0003845878608053378,2
5.617312499496946e-06,0.00013911514977070583,0.9995873714983057,0.00026789603765447524,2
8.171254924992057e-06,1.6948117051675143e-05,0.999864610765206,0.00011026986172119715,2
6.0107857448465926e-06,6.428977304222108e-06,0.9997991630931435,0.00018839714212937406,2
0.00014340232298142637,3.0590416922331245e-06,0.9997929243517886,6.061428333288831e-05,2
0.0012337142777458206,5.889480171120078e-06,0.9986935066899174,6.688955092633557e-05,2
0.02009188350234848,1.9219875048531985e-06,0.9786524704388625,0.0012537240713825864,2
0.13553042990708866,2.2630240260460515e-05,0.8600008436143015,0.00444609623720445,2
0.21782061750936046,1.20714389593193e-05,0.6934765771836502,0.08869073386788696,2
0.2261172965562603,0.0001436776203879961,0.5778190449671291,0.1959199808565234,2
0.0021470095854648034,2.631034230205795e-07,0.02716172950872371,0.9706909978023839,3
5.87175194835388e-14,2.5617535861444796e-22,8.96784464089456e-12,0.999999999992724,3
9.585186602004205e-12,4.516632808772213e-21,1.718944421037153e-11,0.9999999999745341,3
0.5471886185537382,9.02341088508584e-06,0.0013076105025676462,0.4514947475327713,0
0.6017088173647978,5.609011233075283e-10,9.204770054845107e-05,0.39819913437219767,0
0.9801510489329841,7.070555299616305e-09,0.00028648294639987417,0.019562461050467002,0
0.9997906064707117,4.808744983689246e-10,1.7378210592396808e-05,0.00019201483823173634,0
0.999992001240729,5.330649618104085e-12,2.6454560863087296e-06,5.35329758457057e-06,0
0.9999924479301215,4.132958269038128e-14,1.05655995603903e-06,6.495510284044534e-06,0
0.9999950193356543,4.659105330957042e-13,8.383003131715069e-07,4.14236228653711e-06,0
0.9999538611285549,2.1621467110289635e-11,6.814545131662822e-07,4.54573951239121e-05,0
0.9938415805864756,5.8417873435249025e-09,6.615720966094596e-05,0.006092256363284712,0
0.002414168371552723,1.4279799104965455e-15,1.027921715866649e-05,0.9975755524096994,3
0.8893758690325951,9.043246341583313e-06,0.0438089739145151,0.06680611380658341,0
0.9193543667948936,7.505110400536653e-06,0.0768240390232614,0.0038140890726586782,0
0.9109818008663507,2.993158578335384e-07,0.08827993825998881,0.0007379615562460568,0
0.8836296885619395,4.4569282036670034e-07,0.11614432226447126,0.00022554347963042688,0
0.7876663730756867,4.0850177494958335e-07,0.2117597684640151,0.0005734499585670164,0
0.27119504444320824,3.76085947809408e-07,0.7254863978875733,0.0033181815822226762,2
0.006196928208674566,1.0150029618222486e-05,0.9930934970240535,0.0006994247360945918,2
5.648169023376243e-05,7.23902902315439e-06,0.998819448246266,0.0011168310362330758,2
4.579672116401411e-06,6.542017954140283e-05,0.9998018778843023,0.00012812226399405154,2
5.608861163166596e-06,5.771500573240246e-05,0.9992124488870955,0.0007242272478010876,2
3.269245889342453e-06,1.2275807367321604e-05,0.9860599588260428,0.013924496121264293,2
8.190753273982647e-06,4.6565785793932146e-05,0.9718951356018531,0.028050107860190042,2
2.4912127247982176e-06,7.42513115774407e-06,0.9109177252564815,0.08907235840136657,2
9.297106950734951e-06,0.0006991785151570889,0.9931028667751484,0.006188657602094988,2
3.2157303658085365e-06,0.0008634146241637496,0.9973084099015993,0.0018249597452473945,2
4.748283733608043e-06,0.0008806423528302117,0.9950138874240474,0.004100721938071018,2
2.081197870675679e-06,2.87548853983963e-06,0.9495054069154049,0.050489636398251485,2
1.3636346761035668e-05,5.585480125462396e-05,0.9977826623435946,0.0021478465071438184,2
3.8114016279963667e-06,4.1973166534459826e-05,0.9995982191264269,0.0003559963063710612,2
3.2370409527921473e-06,5.972329955215579e-06,0.999297575181982,0.0006932154457393167,2
5.9698460336134285e-06,1.9975264861024532e-05,0.9998949062722284,7.914861587337129e-05,2
4.130801073859532e-06,6.698142236632544e-06,0.9997787755902663,0.0002103954680410575,2
5.004310555024293e-06,1.3848379371580632e-05,0.9998516967611457,0.00012945055005508563,2
4.798651364412948e-06,3.621469738516018e-06,0.9991269516097855,0.0008646282683474019,2
8.350990343142291e-06,1.3579536775034016e-05,0.9999076658926058,7.040357928855077e-05,2
5.352052848701638e-06,1.6763524860526757e-05,0.9998648953621718,0.00011298906080751457,2
4.070048444588816e-06,5.162238482069318e-06,0.9989412486743264,0.0010495190378811924,2
1.4165542220022664e-05,1.1038848268400214e-05,0.9999240136188859,5.0781990465546996e-05,2
9.335101581776983e-06,1.3961404566628849e-05,0.9999306369837749,4.606650905193042e-05,2
5.99538639562307e-06,1.1586252458567708e-05,0.9998815440400729,0.00010087432259056666,2
6.509229780553213e-06,4.914982974067223e-06,0.9996134354008901,0.00037514038779457156,2
8.620566342335134e-06,3.4092110091881014e-06,0.9996043318285929,0.00038363839360470634,2
4.133049494978735e-06,3.201064273084703e-05,0.9998433325408742,0.00012052376787355872,2
2.8302282332945945e-06,3.628032158054345e-05,0.999474745915252,0.0004861435351959224,2
2.7498817729618174e-06,0.00024181707003326325,0.997503373427625,0.002252059621173044,2
1.2101358837793126e-06,7.979628231330694e-06,0.9812965836159601,0.01869422662023935,2
5.11216261762802e-06,0.003013245354927539,0.9934086910525581,0.0035729514314321808,2
4.525279446471126e-06,0.005567646397415664,0.9806921445799186,0.013735683742374103,2
4.457670244890168e-06,0.023662102306655913,0.9492838845636511,0.02704955545935447,2
5.684851144533773e-06,0.12577356327947245,0.8514997813972996,0.02272097047096068,2
2.6322414992587443e-06,0.2353376839432509,0.6514774069132407,0.11318227690248564,2
4.203933617683838e-06,0.5331689924377563,0.33638627406649374,0.1304405295632223,1
3.32627581633114e-06,0.5678973281503814,0.13678767517234028,0.29531167040052,1
2.7190329412837198e-11,2.423877069706768e-07,3.972252932367554e-06,0.9999957853303982,3
1.2166229963286917e-08,4.960805991218592e-05,3.580392057342537e-05,0.9999145758519747,3
2.653599608847202e-08,0.00034803049647499115,0.0012202050184332274,0.9984317379475705,3
2.7099142294632156e-06,0.02237851403812501,0.13243918924258488,0.8451795868062425,3
6.020785018363332e-05,0.02194762263793842,0.9485925062249282,0.029399663288325197,2
4.674654653954235e-06,0.011344379572109044,0.9871951590977753,0.0014557866752802553,2
2.648865426875453e-06,0.0038018818277193306,0.9957466960226695,0.000448773283359461,2
2.261359563382414e-06,0.0016582810985311276,0.9981200033877664,0.00021945415444777047,2
3.6520003410758046e-06,0.0002538371165360766,0.9994406480298609,0.00030186285481942804,2
3.4636653070319044e-06,0.0001494515778397451,0.99976035441207,8.673034556936512e-05,2
3.474365160153789e-06,8.275687655657295e-05,0.9997988840253169,0.00011488473155811406,2
8.550883822509256e-06,1.1584495007130046e-05,0.999801085100579,0.00017877952174646591,2
3.5185761547966046e-06,7.1696596728379955e-06,0.9992224455325274,0.0007668662329337791,2
6.581451022614985e-06,1.810547427837787e-05,0.9999060970257442,6.921604779637593e-05,2
4.909024882493209e-06,1.5212646856520267e-05,0.9998230362528163,0.00015684207416495562,2
3.983996235519085e-06,3.6406701502888734e-05,0.9998498722814649,0.00010973702105216119,2
3.210695614269643e-06,6.5398246083056145e-06,0.9995306176351809,0.0004596318457687132,2
5.856364804590365e-06,2.2650394486907365e-05,0.9999020056889883,6.948755029785036e-05,2
1.2378491989492246e-05,7.183649189425513e-06,0.9999229774344535,5.7460425240598636e-05,2
1.2074990843941793e-05,8.830197683408119e-06,0.9998381998391511,0.00014089497102406383,2
1.1655530844648003e-05,0.000172804589130766,0.9996344913482927,0.0001810485333847901,2
2.309002688391484e-06,0.0038390613988927296,0.9947447835640202,0.0014138460361107497,2
2.7385695447549003e-06,0.015035067948207508,0.9832679035139323,0.0016942899698862276,2
2.3963231096054165e-06,0.0378170760999214,0.959715359690564,0.0024651678856715486,2
2.665067393812713e-06,0.10047520763326098,0.8948976261966246,0.004624501102869474,2
2.4130247415486367e-06,0.2345725356910975,0.7439960147441563,0.0214290365404115,2
3.176087904429631e-07,0.6510727624531781,0.3066844827519269,0.042242437185250024,2
5.835213540721209e-07,0.7276775652760853,0.26294684656140843,0.009375004642239722,2
1.9220989715466848e-06,0.7424447462869613,0.24332147027475368,0.01423186133985008,2
1.5001803560853195e-06,0.6718892908532014,0.19155786906813269,0.1365513398977972,2
2.116996843968259e-07,0.3901260209159234,0.14175670086787479,0.4681170665180818,2
1.9494381775785034e-06,0.27624646060823094,0.1854397114523158,0.5383118785000099,2
1.4019715894930484e-06,0.09150691670934426,0.2173883276074037,0.6911033537105804,2
4.081791082525237e-06,0.06770326803272425,0.248236183270124,0.6840564669067956,2
7.13060780038957e-07,0.01106603046608687,0.2412597163393658,0.7476735401328896,2
3.86955644875851e-06,0.0023129294106780936,0.35002711008013565,0.6476560909530054,2
2.993303863300536e-05,0.008794982354332452,0.8156461301452302,0.17552895446143832,2
2.908765960975642e-06,0.0004010420825050876,0.8435682882890492,0.15602776086341355,2
3.5424027985519037e-06,0.00032091215931968095,0.8771183424978769,0.12255720294038616,2
2.020908438467902e-06,0.0001336185355518432,0.8833649987378149,0.11649936181907317,2
5.245498184579737e-06,0.0009206161055462989,0.9416668835702761,0.05740725482590061,2
9.344960850345802e-06,0.0021035223426565477,0.9686318458687301,0.029255286826960485,2
1.5667548181977417e-06,8.448041309711811e-05,0.9255895199543709,0.07432443287595425,2
3.312998914385734e-06,0.00017762477388230552,0.9655539340083659,0.034265128220093595,2
3.3597287540106e-06,0.00030595676207087924,0.9902242353510011,0.009466448158011235,2
3.086236546768243e-06,0.0007579649897364515,0.9985610292913171,0.0006779194807472665,2
1.7664603380864093e-06,0.0011458402763322932,0.9982293599978275,0.0006230332643344064,2
2.2795144123878624e-06,0.0006252943376885648,0.9959589532338063,0.003413472913052072,2
2.790521387859294e-06,0.00020185809904869036,0.9936864326635844,0.006108918714754624,2
3.4214873828919837e-06,0.0008908797236519281,0.9982366328821957,0.0008690659056939454,2
2.648149531870745e-06,0.001892535337362339,0.997710064487034,0.000394752026645109,2
8.339549513359731e-06,0.003150209451924863,0.9927190069559676,0.0041224440434271155,2
5.388405359205349e-05,0.002853559763011837,0.9087979149009767,0.08829464128292898,2
4.24445414979765e-08,1.6187350076324713e-08,0.0009549313768712385,0.9990450099903626,3
1.7807760274860583e-08,2.249186953471993e-09,0.0006858834876314264,0.9993140964565712,3
0.0005279237926459957,0.0007929351146321587,0.981409015196795,0.01727012589430451,2
5.8274950000710224e-05,7.79752143667669e-06,0.9966116073604945,0.003322320169872076,2
4.928881524041118e-05,1.0742265814017037e-06,0.998644329976712,0.0013053069825645805,2
5.54538194929384e-05,6.5468217754757e-06,0.9998259899187061,0.00011200943892721694,2
4.749294452859566e-05,3.3460506355024254e-07,0.9967364734064859,0.0032156990445933184,2
2.0395832912354295e-05,5.240311425195862e-06,0.9995974264169166,0.0003769374383840488,2
2.1974102493289402e-05,4.896335127117052e-06,0.9998564847193881,0.00011664484273935663,2
2.3596757104736542e-05,5.810416686351459e-06,0.9999334624026373,3.713042346630009e-05,2
1.5634836807489827e-05,8.666826798932458e-06,0.9999365966306002,3.9101706744051286e-05,2
1.190840127602011e-05,3.5624245351152784e-06,0.999794434568954,0.00019009460659834886,2
1.0798410232055283e-05,1.104595800211194e-05,0.9999118547453928,6.630088537626282e-05,2
1.0096988529465907e-05,1.4880396422047198e-05,0.9993518671028112,0.0006231555140107063,2
3.1017328116836577e-06,6.148431092631984e-07,0.9938306024863018,0.006165680937423812,2
2.6520490267719878e-05,2.4888605701178044e-06,0.9994369499254375,0.0005340407243395376,2
2.9977405036856225e-05,5.622770776509145e-06,0.9999091072223394,5.529260276145625e-05,2
4.363734479982719e-05,9.162239799005237e-06,0.9997022419619908,0.0002449584532655637,2
0.00019244961158976698,6.249957424555871e-05,0.991402325953005,0.008342724859860104,2
4.222941171600733e-06,8.780650536691692e-08,0.7482271581707546,0.25176853108240294,2
9.231232625106201e-05,0.00020079591388761863,0.988665856045376,0.01104103571484988,2
2.3837642943298775e-05,7.126744663772617e-07,0.9930404100271311,0.006935039655131689,2
5.877317892097461e-05,2.381937955300421e-06,0.9987631881971629,0.0011756566855612063,2
9.138978121518e-05,3.857290735682041e-06,0.9997793821292232,0.00012537079941748745,2
0.00021475965344789274,2.1593865504058513e-06,0.9991852679884505,0.0005978129724181542,2
0.0004141375870257881,9.996387017493017e-07,0.9956536324199469,0.003931230355451552,2
0.0019754195776004436,5.004831274287663e-06,0.997288453662174,0.0007311219299625566,2
0.005535180108590945,2.3851679398647485e-06,0.9872452493544065,0.007217185367346863,2
0.030222642447110235,3.425967697715682e-07,0.9370688452033252,0.032708169751640724,2
0.13526480600891058,5.897239897844714e-07,0.8459100288690721,0.018824575397296005,2
0.26433470372437173,1.8102447597019056e-06,0.7340539914808525,0.0016094945486248042,2
0.40351592809561143,8.976640665773348e-07,0.5955299618152543,0.000953212423820397,2
0.5429974584372095,5.945407942789972e-07,0.45618631220324,0.0008156348204834033,2
0.6701531301106819,4.663133988385788e-07,0.32923834797185986,0.0006080556047607429,2
0.7580282668905526,5.106775479174034e-07,0.2417422334063296,0.0002289890265351964,2
0.7903080078394839,3.0939799104373874e-07,0.20951571342778397,0.0001759693340109439,2
0.7950124422279276,5.225101512929971e-07,0.20486583724099525,0.00012119801953676115,2
0.7755259356361687,5.1610823137253e-07,0.2242600306829397,0.00021351757352430165,2
0.6571675831835684,3.8181478067034085e-07,0.3423667045709265,0.00046533043247702833,2
0.6139198602258535,7.732691549686979e-07,0.38530576280066203,0.0007736037053538566,2
0.5438128046910008,4.941079515424619e-07,0.45488036225973705,0.0013063389406881743,2
0.4498734451840096,1.7230213186731929e-06,0.5495218641175504,0.0006029676774066742,2
0.27955810340771475,1.1874672679410123e-06,0.7143404267780886,0.006100282345432688,2
0.20039061223968174,1.8533653090400648e-07,0.7778998364710101,0.02170936595210104,2
0.04539784512955934,1.1298190456817017e-05,0.9539696637473158,0.0006211929328183108,2
0.006456104286230511,1.339856558853168e-06,0.9933046980150187,0.00023785784193991528,2
0.0008192262802486735,2.6341318413151247e-06,0.999073398531238,0.00010474105647177386,2
0.00011885822034139146,2.6852845253532373e-06,0.999416321279739,0.0004621352136819394,2
3.2488826411474875e-05,5.275448553579406e-07,0.9989198153532595,0.0010471682754434877,2
4.00014314459107e-05,2.866769393536533e-06,0.9998583320143929,9.879978381777921e-05,2
2.5354483495188518e-05,1.295543520942171e-06,0.999639832967307,0.0003335170074335504,2
2.0913699907948047e-05,8.048565688638198e-06,0.9998746330503891,9.640468222628029e-05,2
1.7467710548973745e-05,1.0167705350077075e-05,0.9971635919705647,0.0028087726139064827,2
0.00010741222890659905,8.718904660388934e-05,0.9821277992687621,0.017677599454222353,2
2.850954455179673e-05,4.859150814406857e-06,0.7344229622912095,0.26554366901438936,2
5.8770028330156805e-06,1.9089840220801114e-08,0.6163733820256831,0.3836207218805256,2
0.00116270814143726,0.00010763117924806074,0.9826863397023292,0.01604332097733998,2
0.0015233901841144514,6.600425749108376e-06,0.9977148318996082,0.000755177490263874,2
0.004068297498440398,4.183216098495104e-06,0.9958220366821999,0.00010548260250577097,2
0.02269504612603964,1.849824031532596e-06,0.9766837964367723,0.0006193076118076928,2
0.2221554953414016,1.4685090031952804e-06,0.7769291010754573,0.0009139350744538267,2
0.6999021869932089,9.140470743743614e-08,0.2976156448917832,0.0024820767086396966,0
0.9305802227303307,1.3069865410542473e-07,0.06911142020907093,0.00030822636171450827,0
0.9591226150917508,1.0265642511422964e-07,0.0407778693041097,9.941294892861818e-05,0
0.9495863519481103,1.0662095259600401e-07,0.05013101664527629,0.00028252478568706346,0
0.7308802674985067,2.104313721716924e-07,0.26865180473354877,0.0004677173367552872,0
0.4899804085877002,7.931291837726981e-07,0.509465947624311,0.0005528506601879712,0
0.1660416741891534,3.348966566911226e-07,0.8312347236505423,0.002723267264823605,2
0.04841212808604558,4.58977998356675e-06,0.9499830655549003,0.001600216579314302,2
0.007742609486192779,9.87263729065126e-07,0.9772394630011899,0.015016940249814714,2
0.0012328916008558775,4.3305226185285463e-07,0.9718218953332183,0.026944780012950666,2
0.00020188369978135865,9.622896480557346e-06,0.9988144117331381,0.0009740816714438731,2
7.507912508662586e-05,3.605329619326923e-06,0.9997238689299608,0.00019744661616715156,2
7.142846037645489e-05,3.287121632408626e-06,0.9998669053414615,5.837907477300095e-05,2
8.188944512792676e-05,1.9613193664536928e-06,0.9998214130351853,9.473620123155588e-05,2
0.00013886696488890724,1.963161587307597e-06,0.9997807694001104,7.840047364878555e-05,2
0.0004279288316469284,3.6726055712861195e-06,0.9994651890363138,0.00010320952544554388,2
0.0015304897632546308,5.703826922866599e-07,0.9966715662723432,0.0017973735813415403,2
0.002705000959859412,2.4467371736678036e-06,0.9971084925876683,0.00018405971395573436,2
0.0031892254534741328,1.9526625310534254e-06,0.9966314664176794,0.00017735546739082296,2
0.0018958490725770303,1.7432911998015393e-06,0.9979901627346708,0.00011224490022203504,2
0.00034320867337587964,2.0124267006253427e-06,0.9995466266691725,0.00010815223082352577,2
0.00018977340899338467,1.0050813153062935e-06,0.9995719510318561,0.0002372704777131128,2
0.00026548982718639836,3.3237485946113015e-06,0.9996860665197373,4.51199032571887e-05,2
0.0013216276236811503,2.8464510349474972e-06,0.9986069612716463,6.856465197564782e-05,2
0.009337995665534083,4.964041628096506e-06,0.9904589215598757,0.00019811873116369323,2
0.055616841337784384,2.69472132351009e-07,0.9386666305501107,0.005716258639265369,2
0.5986794674397785,5.052864580896194e-07,0.4004268274196648,0.000893199855892513,0
0.873203584401514,1.535097170123102e-07,0.1261806294212075,0.0006156326657989543,0
0.9726473668142596,6.814145619980439e-09,0.02682209557475466,0.0005305307959673534,0
0.9967861773312212,2.0888101602990252e-09,0.003179493897925715,3.432668187729867e-05,0
0.9997240566778631,2.685274239395038e-10,0.00026088405290519364,1.5059001618313545e-05,0
0.9999171623027714,9.316548816182388e-12,5.833602934590706e-05,2.45016575522996e-05,0
0.9999857478648385,3.06907631096615e-13,1.8233894129411933e-06,1.2428745336857036e-05,0
0.9999856955368985,1.0351773594760308e-12,9.050755349096974e-06,5.253705131258417e-06,0
0.9999691655818399,1.2939957817327947e-12,2.2781778984357363e-05,8.05263650321024e-06,0
0.9999879370006955,4.317536048448468e-13,6.680752429410409e-07,1.1394922854365098e-05,0
0.9999651514514433,5.9267659014441e-15,1.1882430016249218e-07,3.4729724042388496e-05,0
0.9999953186634665,2.7299816154724303e-14,3.832183710548809e-08,4.6430160257728035e-06,0
0.9999964710503686,4.269719317346369e-15,1.760517739528232e-08,3.5113436626635376e-06,0
0.9999954605548997,1.4911943607913035e-14,1.1417792399982624e-08,4.5280272706252074e-06,0
0.9999721010753186,1.1022377494146381e-15,1.796215820936233e-08,2.788096205269647e-05,0
0.9999967578785606,1.0936306754155089e-13,8.75613591795891e-08,3.154558471519418e-06,0
0.999992723806923,4.847640431773168e-15,8.02779046220854e-08,7.195914457684815e-06,0
0.9999927920330834,3.911253904162577e-12,2.9707602229360357e-06,4.237202139910748e-06,0
0.9989524516461964,3.1298299308823133e-10,0.0009297354853830495,0.00011781255544072755,0
0.7211187937120749,3.4734491768704184e-08,0.27825824405532545,0.0006229274997002191,2
0.4455892418218091,8.006608324682935e-07,0.5535167237556542,0.0008932337626679191,2
0.16832912918177817,9.0174980551557e-07,0.8304917977139952,0.0011781713536070583,2
0.0371380883765763,3.0882666679971713e-06,0.962672739276917,0.00018608408162111643,2
0.005213923727560703,1.0575950718795453e-06,0.9945115584715364,0.00027346020457648775,2
0.0008789969631748005,2.8174806174269012e-06,0.9990593665683071,5.881898924818601e-05,2
0.00032706105939125826,2.150846292676915e-06,0.9996073348655001,6.34532298508468e-05,2
0.0001567495911589336,2.2976595560273904e-06,0.9997717061783741,6.924657194080618e-05,2
0.00011633478695575688,3.4088052019307863e-06,0.9998388141654424,4.144224355508139e-05,2
0.00010016351158770541,3.543573208522269e-06,0.9998566823751674,3.9610541594729576e-05,2
3.838826135269147e-05,5.004530073568365e-06,0.9999085451003678,4.806210641321038e-05,2
9.984044683157978e-06,3.7547927906222336e-05,0.9999021746638339,5.029336336072926e-05,2
1.517917017695722e-05,0.0002246830630387206,0.999078500167073,0.0006816376009608906,2
5.379432899871984e-05,0.0028479032721834526,0.9761081206032982,0.020990181796594558,2
6.174585185385517e-07,6.629089959487178e-07,0.31479626407070715,0.6852024555620044,3
2.7132178209275323e-05,0.026099338360144612,0.8441547130367343,0.12971881642606545,2
8.19306633652957e-06,0.041537119918822224,0.9021545404297413,0.05630014658459217,2
1.0964234509610077e-05,0.06672592355510874,0.9114666197865007,0.0217964924240571,2
2.0783685191603985e-06,0.10067277315150275,0.8447815015393831,0.05454364694216298,2
8.535264232392631e-11,0.9856089501059104,0.00018369971456697152,0.014207350094061044,1
3.345358089648959e-12,0.9990539961143607,1.602079395428047e-07,0.0009458436728911374,1
2.7151889133016458e-11,0.9970666021825285,2.0700466471541456e-06,0.002931327744711068,1
1.9401691125375009e-10,0.9476443727359244,2.887640121056705e-05,0.05232675066909306,1
2.8844412791245345e-11,0.48676287795171325,1.3598886942346944e-05,0.5132235231316247,1
3.118615181192608e-10,0.6463023534039856,2.103475108774167e-05,0.3536766115315892,1
3.0230354487432906e-11,0.9716704716441129,8.310870243720542e-06,0.028321217456979127,1
5.197733118631203e-13,0.9993325776260359,1.4642044001377852e-07,0.0006672759527884656,1
9.605180177265615e-15,0.9997934312938542,8.33602720204456e-08,0.0002064853470527844,1
1.635103808005747e-15,0.9998939281157387,2.172858152784654e-08,0.0001060501570685725,1
3.4812659253725335e-15,0.9998141967530381,2.662615795288478e-08,0.00018577662021802951,1
5.901486252796904e-16,0.9993721452095953,9.653958277344405e-09,0.0006278451375289224,1
7.813066560340941e-15,0.999852064433576,1.7997076239527984e-08,0.00014791756977571282,1
1.187021650887034e-15,0.999615673615578,4.695286192029941e-08,0.0003842794326381397,1
7.623311328008766e-16,0.9998774180871668,9.091921319094494e-09,0.0001225728196439749,1
1.776753607062762e-15,0.9998962559014599,1.2289210615591082e-08,0.00010373180987336253,1
1.3442155642941034e-15,0.9994331754949876,2.317430552066109e-08,0.0005668013293688456,1
2.274750688569583e-15,0.9997421057762347,5.960720056586818e-09,0.00025788826255224916,1
1.7686314509093795e-14,0.9997256872696225,3.6749884539615955e-08,0.0002742759815530294,1
9.523015438365252e-13,0.9990878054428265,3.574700522785649e-06,0.0009086198556826099,1
1.7466980991136925e-11,0.9992900172671055,1.8352443081437862e-05,0.000691630273789319,1
1.9134466522405917e-12,0.999337174612376,8.309192435562744e-06,0.0006545161925180735,1
4.141324604958476e-13,0.9997525767654635,1.355297905915314e-06,0.00024606793593565145,1
8.708341343883075e-14,0.9997624220331478,1.0754953544205281e-06,0.00023650247273295072,1
1.5386470739436112e-14,0.9998211085107639,4.6864728661597823e-08,0.00017884462509585103,1
1.0125467192781701e-16,0.9991157580032307,2.014912346583644e-09,0.0008842399817644256,1
3.3481998930171165e-16,0.9998912285743748,5.394315270246023e-10,0.00010877088449301848,1
8.136760099226243e-16,0.9997660862435949,5.741021655553386e-10,0.0002339131809106919,1
1.176629551528592e-18,0.9935655941000381,4.666987890275259e-12,0.00643440589487234,1
7.69603297432033e-17,0.9996039277764212,1.8551968619107294e-12,0.00039607222202403953,1
1.898830925366932e-20,0.9988498684910497,5.304381518327539e-15,0.0011501315079637108,1
1.495033479726262e-20,0.9995623661178253,1.119439296294002e-16,0.000437633883427732,1
3.647357607698673e-20,0.9990501696990286,1.3711445456206972e-16,0.000949830300339047,1
1.6312636379360063e-18,0.9928958873943408,3.4399144312444895e-15,0.007104112605446547,1
1.771845208584191e-21,0.9054407013349941,4.611038639526801e-20,0.09455929866540448,1
1.3756807393242971e-21,0.40262151101236976,1.4089816610902122e-20,0.5973784889878667,3
7.069120993732027e-19,0.4747213568507925,1.7120236852087723e-18,0.5252786431485167,3
4.552904458123604e-18,0.3878141501670155,1.949483783279263e-17,0.6121858498314997,3
6.107672540086448e-22,5.892369863390978e-05,2.3255886294660297e-20,0.9999410763019372,3
6.2357141044475296e-18,0.10480575901879423,4.764214119709118e-17,0.895194240979878,3
3.655880802744617e-15,0.19355318539929212,2.3977897960614507e-13,0.8064468145993157,3
2.6544085902244723e-15,0.16677608933011187,2.882698781663002e-13,0.833223910671119,3
6.90435529867466e-18,0.0068967716109247425,2.85147360060104e-15,0.9931032283890924,3
5.896698548171138e-16,0.43798775504361154,8.827266255482894e-12,0.5620122449470699,3
7.218290936793076e-17,0.9634660601493509,9.792280054834604e-13,0.03653393984912145,1
2.910622004413965e-15,0.9987335522209886,2.4235310878180907e-11,0.0012664477558452783,1
4.392332301957292e-16,0.9984617400149125,8.432597741716076e-11,0.0015382599012494036,1
4.208543728930587e-18,0.9987248052444168,3.074725574438951e-12,0.0012751947516883436,1
1.4995269624354526e-18,0.9998223009585384,1.5139045043152606e-13,0.00017769904153532295,1
5.958556794206199e-20,0.9995050740872535,1.1644649692930175e-13,0.0004949259133704332,1
4.897087663547451e-17,0.9998681682440133,1.0087454611956821e-11,0.0001318317444311572,1
1.655402435401699e-17,0.9982946556769532,5.432454712393685e-10,0.0017053437807882895,1
5.112888699132783e-17,0.9998676868283842,4.277012127382237e-11,0.0001323131298590556,1
3.644277466369578e-15,0.9998515483790961,2.6377670677749608e-08,0.00014842524332253553,1
1.355369181904477e-15,0.9994465940811277,1.740926272788194e-08,0.0005533885097409344,1
1.1041227930694009e-14,0.9996293499724876,2.4488511487798467e-08,0.00037062553736092184,1
9.217289685268985e-15,0.9995039807544948,8.168243455605364e-08,0.0004959375631135541,1
1.2001300887075055e-12,0.9997631570797106,8.693344988778244e-07,0.0002359735852768147,1
2.702297003273755e-11,0.9971500683380008,9.814049644615677e-05,0.0027517911380141886,1
2.9025160488610856e-09,0.9976785702737447,0.0010768344487441127,0.0012445923746733048,1
1.0538185392576593e-08,0.9820131352771329,0.012741994192106747,0.005244859991256037,1
1.1428561070633701e-07,0.9125851197850359,0.07867994908792933,0.008734816839661857,1
5.474831990246341e-07,0.47596578380535604,0.5043877491626706,0.01964591954762772,2
2.3202555184728145e-06,0.19720111177954783,0.7821516907422063,0.020644877224242596,2
2.1448388991746726e-06,0.004415999159889637,0.8871303830509828,0.10845147295086886,2
1.716321405065237e-05,5.2746403993427185e-05,0.9625824379335582,0.03734765244911468,2
1.8950154559007252e-05,7.286421685540112e-05,0.9991953421266035,0.0007128435035651139,2
7.349205950720438e-06,1.6730375614737553e-05,0.9998976830171677,7.823740285810652e-05,2
1.9804564895411005e-05,7.818709559799316e-06,0.9999303102323239,4.2066492725375786e-05,2
1.9940513594700804e-05,3.717017014379431e-06,0.9998727902248746,0.00010355224331574352,2
7.784739183159716e-06,1.6563901192341896e-05,0.9999198578035655,5.579355571817752e-05,2
7.836648030454651e-06,1.5179522458151679e-05,0.9999327125562433,4.4271273149046916e-05,2
1.3918740625987593e-05,5.9566979766507936e-06,0.9999029445270077,7.718003313384303e-05,2
1.4653747801951653e-05,1.897610611036243e-06,0.9997532348441492,0.00023021379888914968,2
1.3230277155479296e-05,5.743932118724182e-06,0.9998984294579543,8.259633116851223e-05,2
3.757033876240361e-05,4.306506710860656e-06,0.9999203939333317,3.772921951852446e-05,2
2.5164138148521477e-05,5.517322072647361e-06,0.9999329149161316,3.640362231501019e-05,2
3.2919727098924635e-05,4.722472665107327e-06,0.999920706669159,4.165112951792292e-05,2
1.4458810423597374e-05,6.862808791543278e-06,0.9999068378817594,7.184049753691434e-05,2
1.8784205331545666e-05,4.795532472825513e-06,0.9999137229210389,6.269734239691666e-05,2
2.815991548700035e-05,5.228682437795756e-06,0.9999262048604259,4.0406542089751545e-05,2
5.184185661327925e-05,2.907978315656564e-06,0.9998780052178801,6.724494831188427e-05,2
0.00017609707998822089,2.0249902034246644e-06,0.9997419761448423,7.990178551836847e-05,2
0.00023713809750793347,2.0173951326645135e-06,0.999670995090992,8.984941664014961e-05,2
0.00019021233723819504,1.6285245256055346e-06,0.9996658990233475,0.00014226011383774065,2
5.6070237862906906e-05,3.973301606720002e-06,0.9999010997286506,3.8856731960782535e-05,2
2.7807722620525812e-05,4.0931665346850176e-06,0.9999039896865385,6.410942287425634e-05,2
5.278324729278089e-05,3.3015006889695177e-06,0.9998934594010881,5.0455851554092706e-05,2
1.0641294408156935e-05,6.622060240840268e-06,0.9998863478628014,9.63887818219967e-05,2
1.4900047538211524e-05,6.5336660704764e-06,0.999920983675679,5.7582609738216486e-05,2
1.0555353037486809e-05,2.8629158751614316e-06,0.9998511533496891,0.00013542837960934837,2
5.507813756947219e-06,5.615052968337262e-06,0.9998439311021422,0.00014494603203158012,2
7.502086724005055e-06,1.0599867439016961e-05,0.9999060613550745,7.583668988041344e-05,2
6.391505113350124e-06,1.639860430574687e-05,0.9999084589390861,6.875095132237154e-05,2
3.0222125446787875e-05,4.389338236615591e-06,0.9999015090190749,6.387951655227448e-05,2
3.731774105376623e-05,3.811755347109686e-07,0.999155578511734,0.0008067225728033254,2
2.3650552977922586e-05,3.3291378479099664e-06,0.999847058669436,0.00012596163902346645,2
1.970765820833166e-05,5.972635913583944e-06,0.999924171204165,5.014850124544654e-05,2
1.3021435775811633e-05,3.5550867668634596e-06,0.9996566837547812,0.0003267397221633604,2
1.5745303667460327e-05,6.7170877333882264e-06,0.9999134670513579,6.407055762998025e-05,2
6.247999505289122e-06,2.3724686341439145e-05,0.9998753992948447,9.462801812631656e-05,2
2.1876529280403228e-06,5.173766590689599e-05,0.9997383599696857,0.00020771471201330133,2
2.8709898278205104e-06,4.254051937100442e-05,0.999744940769745,0.000209647719833414,2
3.5579230767515686e-06,9.695737407199814e-05,0.9998099982849976,8.948641818537907e-05,2
3.0888325748877e-06,0.00012809375710924102,0.9996944607778273,0.00017435663305239194,2
1.8092076088305468e-06,0.00023061040947457953,0.9995154633643705,0.0002521170195486795,2
4.332361380769623e-06,0.00010174465392046208,0.9996684217510772,0.0002255012331012764,2
2.5123394028757517e-06,0.00011142528709150785,0.999695126401132,0.00019093597131199106,2
5.3623974505965665e-06,4.6435368793813744e-05,0.9998790547782276,6.914745696059639e-05,2
5.477555243465778e-06,3.4266799922416653e-06,0.9996263954146767,0.0003647003515389838,2
1.3005790359499161e-05,8.169206375209672e-06,0.9999337374046597,4.508759905147857e-05,2
1.642728385899373e-05,7.0046813817014874e-06,0.9999329564663388,4.361156742452349e-05,2
1.598424983838815e-05,9.752786103894694e-06,0.9999381103715049,3.615259401632813e-05,2
0.00013844887736848082,2.786000770475859e-06,0.9998024413575652,5.63237656740389e-05,2
0.00029965016098284136,2.475837242481089e-06,0.999642698178899,5.51758213139316e-05,2
0.0007222203650240624,2.2056272905283802e-06,0.9992054654436537,7.010856546745201e-05,2
0.0009707681532392707,2.3598320335768365e-06,0.9989321468300765,9.472518453569842e-05,2
0.003036475953020075,2.4809937985724475e-06,0.9967973295098015,0.00016371354237480618,2
0.0015389292590562498,1.7715518491758856e-06,0.9983211687077852,0.000138130481534568,2
0.0007659391126304413,8.698743605582898e-06,0.9988033813985907,0.00042198074409155147,2
2.3402568187863628e-05,1.1382185897739889e-07,0.9839707432416799,0.01600574036797113,2
1.6574717694629086e-05,2.9434564438302283e-05,0.9996616017129907,0.0002923890040633457,2
5.488353027263998e-06,1.2321954580342334e-05,0.9997756186664334,0.00020657102542086497,2
5.402454876305068e-06,2.034221312624759e-05,0.999877685387667,9.656994535927348e-05,2
4.578017763397695e-06,3.2136242592373394e-05,0.999883041132219,8.024460579797928e-05,2
3.7637828238961815e-06,1.7390356149263602e-05,0.9996382127746044,0.000340633086636433,2
4.873004970595468e-06,1.0306812277585903e-05,0.9995829284961234,0.0004018916852621142,2
4.728298856276345e-06,5.411122110618481e-06,0.9993615717746414,0.0006282888034849959,2
1.7698360732160183e-05,1.469711622338915e-05,0.9998629709149933,0.0001046336069919438,2
3.745335643441048e-05,7.729547132502633e-05,0.9971004965235528,0.0027847546502334044,2
0.00012870647805277,0.000384255466629493,0.9146037826285346,0.08488325542514935,2
5.465145255503217e-07,2.8780992657291438e-08,0.08944266878721766,0.9105567559157127,3
2.3735710513837448e-05,9.819512142585891e-05,0.2548045376474245,0.7450735315208878,3
0.00011903072525874727,0.0008457787371771241,0.9649705107516909,0.034064679784633976,2
1.6109483737838548e-05,2.5207755649353113e-05,0.9945773568731618,0.005381325888378308,2
0.00010881906460394015,2.67738134638672e-05,0.9997145181565099,0.00014988896571410624,2
0.004857144146252694,3.8847130892883145e-06,0.9950065047708085,0.00013246636932689386,2
0.04620955379583757,8.468462035540892e-06,0.95331757826445,0.00046439947734051607,2
0.27976528841508724,3.09237297772609e-07,0.7059725340302082,0.014261868317265464,2
0.775374435698824,1.4113001314089847e-07,0.22349399581974522,0.0011314273512302237,0
0.9583840476737931,2.0668175546598804e-08,0.04139397342083564,0.00022195823810007199,0
0.9988313098930433,6.806649405264717e-10,0.0010984978903578386,7.019153592701297e-05,0
0.9999438170774562,9.730522522269219e-12,2.6438460752937404e-05,2.9744453563808004e-05,0
0.9999824787708107,4.333378622753575e-13,4.799954442437768e-06,1.2721275632799792e-05,0
0.9999913770051334,6.92265468459031e-13,4.002309328651389e-06,4.620686549016391e-06,0
0.9999864207323972,7.060325216569857e-14,2.053286947807837e-06,1.1525978946636898e-05,0
0.9999902543861158,1.4444209935892593e-14,2.129605764724672e-07,9.532653962152933e-06,0
0.9999968747991892,4.8889190425414954e-14,8.605467786765299e-08,3.039147750763123e-06,0
0.9999896441867875,5.434266816928171e-15,2.1702413944506647e-07,1.0138790693018726e-05,0
0.9999965748851987,3.920823546299893e-14,3.1537530625326436e-07,3.109740344900465e-06,0
0.9999962593644272,7.722797092143684e-15,1.37806639463857e-07,3.6028298247660064e-06,0
0.9999955356315304,1.7846253496459234e-15,5.475866534415972e-09,4.458893381994983e-06,0
0.9999963122859084,1.6512251127081158e-15,1.8274816830064643e-09,3.6858849468188966e-06,0
0.9999959790374201,9.204936788909194e-16,1.231576814785363e-09,4.019729206338499e-06,0
0.9999960398241654,3.812331058913777e-15,1.613864373801332e-08,3.9440355337592785e-06,0
0.999994355429877,2.954532939203068e-13,4.584482078116151e-09,5.63998520778791e-06,0
0.9994303607140339,2.352980708409775e-15,1.2197349474212921e-06,0.0005684195505665725,0
0.9999692082285514,3.233262198208332e-11,1.1080956097092189e-06,2.968364361990601e-05,0
0.9999379631225234,7.31055559031158e-15,8.271210257768708e-08,6.195416393395426e-05,0
0.9999958931851072,5.072377075026534e-14,2.6342760880925948e-08,4.080472966360407e-06,0
0.999997036612356,3.464580583065047e-15,9.547148477731885e-09,2.9538395576802287e-06,0
0.9999956995836028,2.8188006638037637e-15,9.562985651309846e-09,4.2908544387799335e-06,0
0.9999943270283371,2.3764352046933095e-15,1.3031245651008529e-08,5.65993963876974e-06,0
0.9999962442705097,5.651356082059916e-15,2.2136737561090758e-08,3.733592827107584e-06,0
0.9999946359456028,1.946740623221485e-15,2.3080700110611932e-08,5.340972196053913e-06,0
0.999996387562691,4.8202484813652016e-15,3.630127684903401e-08,3.576134522052038e-06,0
0.9999971584806543,1.749809542714669e-14,1.874438785077194e-07,2.654076209890812e-06,0
0.9999919417275114,1.8283678368289138e-13,2.3500133348893522e-06,5.708260690990172e-06,0
0.9999687506795988,6.862963413691105e-14,6.2254343315358185e-06,2.5023884869652812e-05,0
0.9999891953668147,3.6230839989903374e-12,6.3651592186273504e-06,4.439470251240452e-06,0
0.9999465731719221,1.4765217087125191e-12,3.863260468695532e-05,1.479422338807572e-05,0
0.9999411985490188,7.926914114250648e-12,4.245693180339515e-05,1.6344512572062775e-05,0
0.9999019907419984,4.025649396782913e-12,7.649654949670475e-05,2.1512705215702847e-05,0
0.9999882506853214,1.2279039989182844e-12,7.33877666253617e-06,4.4105353269043356e-06,0
0.9999883985856229,1.0697010076883913e-12,7.261640003241915e-06,4.33977399241246e-06,0
0.9998920491734452,2.6332721194027344e-11,9.353774557723723e-05,1.4413055811380974e-05,0
0.9982333711767845,4.006639618709427e-10,0.0015997597573602553,0.00016686866382281616,0
0.9701751953195196,4.831762727645853e-08,0.029529812241996786,0.00029494411965918794,0
0.6473077103564032,1.1018543769709005e-07,0.3511284482515644,0.001563731207708108,0
0.19319414853746691,1.3498274780651888e-06,0.8061671355497729,0.0006373660839129622,2
0.023408752645100846,2.392837990322096e-06,0.9763012863347394,0.0002875681828607637,2
0.0014152794526747646,2.0828429296308125e-06,0.9982953610804537,0.0002872766243399609,2
3.1831876540898974e-05,1.503826933499334e-06,0.9989631844626864,0.0010034798350169118,2
5.44642130496429e-06,3.358358283952848e-05,0.9998426419208432,0.00011832807436969291,2
4.608204414069539e-06,1.777825637902826e-05,0.9996715267450049,0.0003060867927008475,2
2.208430580146451e-06,9.568663507188373e-07,0.996159249133283,0.0038375855688965016,2
5.231549732298679e-06,1.5151118250481135e-05,0.9995101591064278,0.000469458226110474,2
4.125162570402212e-06,5.7034627392658465e-06,0.9996551266173828,0.0003350447575056037,2
5.165071128864891e-06,2.3763981249574134e-05,0.9999067415024953,6.432944509403932e-05,2
7.367597675981189e-06,1.768573457859943e-05,0.9999280329170374,4.691375199046483e-05,2
1.454842692875053e-05,9.087568194867246e-06,0.9999089796791284,6.738432563467504e-05,2
4.56481157021688e-06,6.110763774104901e-06,0.9995058687343339,0.00048345569179313784,2
3.5458231270693412e-06,1.2252292406529766e-05,0.999193852719896,0.0007903491663138385,2
6.720342067733614e-06,1.7283934259661008e-05,0.9999019661225713,7.4029602779323e-05,2
1.3088393930693362e-05,9.064684036525639e-06,0.9999277922384346,5.00546845613582e-05,2
1.1726926808099451e-05,9.529053674515197e-06,0.9999322207892911,4.6523231625282216e-05,2
1.2188766468515946e-05,9.319266418749856e-06,0.9999374132071734,4.1078761147589464e-05,2
5.092584788277152e-05,2.5937310113021085e-06,0.9998899566178641,5.652380319639316e-05,2
3.888602828592958e-05,4.337923253043789e-06,0.9999103463806711,4.642966898237486e-05,2
2.8242942802963827e-05,4.330689862974295e-06,0.9999215546042236,4.5871762223684115e-05,2
1.545117167110195e-05,7.493455271050282e-07,0.999651503675694,0.00033229580767350287,2
5.498560981613976e-05,2.2985709140850735e-06,0.9998618066055149,8.090921316247227e-05,2
0.00011409380850429541,2.559772705521074e-06,0.9998128384213947,7.050799758402151e-05,2
0.0005039681420568658,1.5907211251732688e-06,0.9993541899582467,0.0001402511769710524,2
0.00059957976914107,2.0232713580206213e-06,0.9993194541120578,7.894284819070926e-05,2
0.0006222636436862629,2.0042670184061405e-06,0.9992859376123364,8.979447784279321e-05,2
0.00043532382500241365,1.0203815651866525e-06,0.9993913233740371,0.0001723324180642234,2
0.00021930581644216907,2.617294403422613e-06,0.9997226088428351,5.5468046175650615e-05,2
6.0919934586845675e-05,4.350725271620236e-06,0.9998937411434801,4.0988198168510045e-05,2
0.00014657690558882443,9.65734182670623e-06,0.9997959253546463,4.784039669577145e-05,2
0.005014907083890051,3.22822309945253e-06,0.9947811455684515,0.00020071912361572757,2
0.06589679462639461,6.838964125045068e-07,0.9329967447860306,0.001105776691200768,2
0.8816497229472507,6.319694901066718e-08,0.11769192741286626,0.0006582864433038138,0
0.9885744317879642,1.0535838934791363e-08,0.011329994884287544,9.556279090033942e-05,0
0.9988726178344656,7.948963209255033e-09,0.0010909187243092612,3.6455491208019744e-05,0
0.9994286851988388,5.167993040044137e-12,0.00025222929845961095,0.0003190854984482449,0
0.9999736194537037,1.8118000476918097e-11,1.3340067833252164e-05,1.3040460625760612e-05,0
0.9999659283914407,5.478447481641845e-12,2.798071459453862e-05,6.090890120355749e-06,0
0.9999434271626816,4.051911914204191e-12,4.3643841440756734e-05,1.2928992954615844e-05,0
0.9998687959856358,9.139345004792989e-11,0.00011901953012370561,1.2184393629748212e-05,0
0.9968964072580714,5.93800235018058e-10,0.0030266859736825663,7.690617441745327e-05,0
0.983568858330815,3.846472212135728e-08,0.016246900975754857,0.00018420222701256265,0
0.9649380486288206,3.837068766931857e-07,0.03186617752272307,0.003195390141475296,0
0.8943261024431746,8.490544611426806e-06,0.05374288779580011,0.05192251921509032,0
0.022499211985008823,7.954749100697975e-11,0.0007279344898665593,0.9767728534467511,3
0.023538542373196563,9.167528873753897e-11,0.0007618835664775322,0.9756995739704695,3
0.9299327595184005,3.0058883063030596e-05,0.024569012801492634,0.045468168795296214,0
0.9775837185292946,2.1121219848786567e-09,0.004270793517052034,0.018145485840538968,0
0.9994746752809986,9.51756164829826e-10,0.00010148105630722292,0.00042384271123904207,0
0.9999590658746432,6.955546704517384e-11,1.614482010540242e-05,2.478923636743475e-05,0
0.9999726426026061,2.255830228846221e-12,3.3720550244819465e-07,2.7020188027934404e-05,0
0.9998076705655071,8.566153759345734e-15,6.324606296317723e-07,0.0001916969731598394,0
0.9999918844116188,1.8029486079888048e-12,1.2130842597936087e-06,6.90250110620471e-06,0
0.999992789992192,1.031601116095122e-13,6.157174005525691e-07,6.594291744346183e-06,0
0.9999847105687112,2.85181123126384e-15,1.5366176745393943e-08,1.5274063986279074e-05,0
0.9999958430612422,9.664612320661925e-15,1.3143284296185971e-08,4.143796925622132e-06,0
0.9999963730799498,5.499882615588548e-15,1.6186947833033542e-08,3.61073196851586e-06,0
0.9999929943396471,1.0816046835769699e-15,4.500867411436823e-09,7.001158378253452e-06,0
0.9999956266933755,5.114451629447991e-14,1.2115724755107594e-09,4.3720942896886835e-06,0
0.9998876470310204,3.074544968937799e-14,3.957240797702084e-10,0.00011235257206952636,0
0.9991148414802508,7.180189105142098e-16,2.607416533570058e-10,0.0008851582576420733,0
0.9999681918454663,5.724756778960643e-14,3.3465978371812296e-11,3.180812227941017e-05,0
0.9999904877056399,9.071473853616269e-15,1.3161456940905812e-11,9.512281466285268e-06,0
0.9999676459296907,5.647446957926375e-15,1.1958252245394266e-11,3.235405899091753e-05,0
0.9999213682415692,4.57758289455699e-14,1.5889747559213166e-13,7.86317591000851e-05,0
0.9991245098686454,1.8722188164640423e-15,4.5881171086276897e-14,0.0008754901311200504,0
0.999777983806898,8.109744530748104e-14,1.54145682980014e-13,0.00022201619228895834,0
0.999921183253997,2.0246527488162346e-14,5.300095527596858e-13,7.881674498468708e-05,0
0.9999400998936973,4.4766214014031826e-13,3.864267447142009e-13,5.990010613540774e-05,0
0.9988715978782736,4.034815160460031e-14,6.4745695998617624e-12,0.001128402116394351,0
0.9989508966705701,2.2786465282400666e-15,4.488347867898523e-12,0.001049103325333517,0
0.999987579373567,5.273331012283224e-13,5.119557063812499e-10,1.2420115658379153e-05,0
0.9999903572817108,1.1237069477663613e-15,1.1729470943847393e-10,9.642602475977133e-06,0
0.9999955100166363,1.5832514045767852e-15,2.589718281501263e-10,4.489724672557152e-06,0
0.9999961803078086,9.577254642356134e-16,5.203160986836708e-10,3.8191713253540994e-06,0
0.9999956254091746,1.0534891008440836e-15,1.2270110841047073e-09,4.373362559838831e-06,0
0.9999962274085413,8.698926308349883e-16,5.352112604798828e-10,3.7720546839174535e-06,0
0.9999960821191404,7.295024257769457e-15,7.435558020603911e-09,3.910445032681618e-06,0
0.999986740400943,4.281122063442628e-15,3.276478285880835e-09,1.3256321446287766e-05,0
0.9999877399483319,4.853616682248849e-15,5.475255037904249e-09,1.2254575051070799e-05,0
0.9999933568581233,1.4877445814009306e-13,5.767862594628195e-09,6.637373874512278e-06,0
0.9998698732832073,1.9510670928862232e-15,8.570645690471758e-09,0.00013011814668379256,0
0.9999794368127045,3.063978122996905e-12,1.2843343334358286e-09,2.0561901621324203e-05,0
0.9993730162169862,1.006179053276294e-15,2.261222957982181e-09,0.0006269815222800321,0
0.9999335861948264,2.0048579567406275e-13,5.2609796376095996e-08,6.636119387862626e-05,0
0.9999967850250708,2.903710138595974e-13,1.809474663267634e-07,3.0340279990459457e-06,0
0.9999942818085181,1.068675041176652e-15,4.2376775156942874e-09,5.71395380560724e-06,0
0.9999963832626156,7.703568574535968e-15,7.82644596742992e-09,3.6089120575315486e-06,0
0.9999900725180683,1.211172741632314e-15,8.581238383275861e-09,9.918899410006767e-06,0
0.9999957740236077,2.9887623953645345e-14,3.344367560046206e-08,4.192533665540665e-06,0
0.9999873056773063,2.1847932611067446e-12,1.62276014097012e-07,1.2532045551334509e-05,0
0.9990879234820601,8.423328031233457e-14,1.8558475499214612e-06,0.0009102206713642125,0
0.9994870400238149,6.13006767241184e-12,2.4525197194408263e-06,0.0005105074487048945,0
0.9999458254183342,3.748755446151206e-12,2.8665868813205244e-06,5.130799031201372e-05,0
0.9999750212546306,1.4053261913968599e-11,1.8015404459029317e-05,6.963326338519302e-06,0
0.9999774880512757,2.4022286254442723e-13,1.6778427595669404e-06,2.083410511662562e-05,0
0.9999638956402465,6.031498413914883e-13,8.559760538436296e-06,2.7544599990751454e-05,0
0.9999763027342178,3.917700218698318e-12,1.7353318759233274e-05,6.343944403444991e-06,0
0.9999697312811748,2.775979906267263e-12,2.1968064854467056e-05,8.300650171465562e-06,0
0.9999594769313161,7.242480040433651e-13,1.690839883573552e-05,2.3614670889688684e-05,0
0.9999824524650472,1.4360160857923894e-12,2.4728959561303544e-06,1.5074637821556223e-05,0
0.9998140799301517,2.9322287041445914e-11,0.0001748245232584551,1.1095518262896223e-05,0
0.9999068479361961,5.675003238555908e-11,7.835405475088726e-05,1.4797950790630959e-05,0
0.9994842352758815,2.5729156618562097e-10,0.0004963548020714485,1.9409665053918752e-05,0
0.9973483626955096,2.6437903581283194e-09,0.002626766252117061,2.486841003168561e-05,0
0.9801384074051186,1.1627888194965445e-08,0.019749072994746337,0.00011250797271164589,0
0.8646564141987221,6.049846496575288e-08,0.13499872989011086,0.0003447954144358897,0
0.749338570934591,3.1094515342348345e-07,0.2503450754233145,0.00031604269833302145,0
0.7087313813451588,5.606910987545202e-07,0.2910772212128286,0.00019083675196053122,0
0.6561112324219047,4.6644853895607736e-07,0.3434483825145632,0.00043991861586310793,0
0.5540323009179408,8.931187751218059e-07,0.4455266866283302,0.0004401193331701426,0
0.3644311951125828,1.3900581414962016e-06,0.6353018868373055,0.00026552799291748,2
0.33772396327053145,1.5027184247308225e-06,0.6621069083798494,0.0001676256312900925,2
0.2884708443858665,1.4568800638080567e-06,0.7112851085249772,0.00024259020853560908,2
0.18685314104667897,1.3167347972226904e-06,0.8128061861741992,0.0003393560429975175,2
0.07951344559955781,2.2615806843961902e-06,0.9201946213553684,0.0002896714660797655,2
0.003955905250112262,7.2293891866387434e-06,0.9959291468123067,0.00010771854716874982,2
0.00011427933206404332,2.8421692871022005e-05,0.9997902873049676,6.701166976313551e-05,2
1.4112993368914031e-06,0.0001834928938665557,0.9989979119592297,0.0008171838482591119,2
1.3699576511369636e-05,4.574947162526037e-06,0.9997435027826879,0.00023822269316296595,2
1.5076288080520403e-05,2.1513370863161628e-06,0.9996207890648208,0.00036198330940083944,2
7.1160579550694385e-06,1.626938095315905e-05,0.9999168028966667,5.981166279791778e-05,2
3.750157311480419e-06,4.2230399459533526e-05,0.9998774234016023,7.659604141867584e-05,2
3.822823636174953e-06,2.0253220411262224e-05,0.9998468822435524,0.00012904171345515914,2
3.3888085544118765e-06,1.2605794070118513e-05,0.9996931038926676,0.000290901506417562,2
3.896085280909327e-06,2.4648453019528773e-05,0.9997093031178728,0.00026215234367371913,2
3.6736080595063076e-06,6.641395408097486e-05,0.9998291769625051,0.00010073547688147294,2
4.59005349619633e-06,9.950284782554275e-05,0.9994511082043365,0.0004447988940847739,2
6.459571000146807e-06,3.0118400411808864e-07,0.9906638972305546,0.009329342015951236,2
0.00012196446315874683,6.9041238632273245e-06,0.9996733165243061,0.00019781488761923586,2
8.146612540086723e-05,3.687068999871037e-06,0.9998690884189734,4.5758386324740533e-05,2
5.6810451746555724e-05,3.940074731553367e-06,0.9999022517596171,3.699771470038029e-05,2
5.0154590467616473e-05,2.80966766485254e-06,0.999854480908336,9.255483268120416e-05,2
0.0002396725395668837,3.1779883069430243e-06,0.9996839664305771,7.318304171213243e-05,2
0.0019307269515657826,3.6138969390550786e-06,0.9980127748869555,5.288426432115602e-05,2
0.01642741433466302,2.45648231428568e-06,0.983432894385642,0.00013723479878770007,2
0.022024712622598155,1.092267871526934e-06,0.9776894846700254,0.0002847104382494523,2
0.023745313865926897,1.9636476697716895e-06,0.976020790402624,0.00023193208441070283,2
0.020919822039805608,2.3842338169657288e-06,0.9789479035606244,0.00012989016675025148,2
0.011661410047010873,2.3367508093616225e-06,0.9881661415921297,0.0001701116091418069,2
0.00019426012511069787,1.4929202411324107e-05,0.9996364573918228,0.00015435327995449977,2
9.399456778270957e-06,4.056078017402079e-05,0.9998901930823182,5.9846682466522046e-05,2
6.037018675963839e-06,0.00019083178362460114,0.9996077753354792,0.00019535586055044877,2
5.246528184013881e-06,0.0020176046383602792,0.997768492381446,0.00020865645196331342,2
1.1868688192993497e-05,0.011210095356361484,0.9874158829585808,0.0013621529985351128,2
8.211071085846652e-07,0.07067436122792355,0.882405713764491,0.0469191038991605,2
1.4518327282556695e-09,0.9888170978706158,0.0017543370231340334,0.009428563654202783,1
3.655565007856126e-15,0.9984560419452002,2.3384954978006334e-09,0.001543955716345054,1
2.463028592734806e-15,0.9996167319665642,2.27835874656317e-10,0.00038326780683586864,1
2.1824126260439377e-13,0.997779846022126,3.469132609095574e-08,0.0022201192855540535,1
1.526491525095531e-11,0.9517823555360887,1.92300957019855e-06,0.04821572143732842,1
1.9584076024373184e-16,0.0017602730017964433,1.1481145734083093e-08,0.9982397155180253,3
1.633675424956045e-11,0.9729975578701231,2.794059157469206e-06,0.026999648052711742,1
4.657270268221681e-13,0.9988913917917257,1.8161841507608598e-07,0.0011084265901590926,1
7.056147809149287e-14,0.9998520083988048,3.025619606958592e-07,0.00014768903990645073,1
3.975578376418945e-15,0.9998755108432082,1.3441517090739247e-07,0.00012435474218425922,1
1.8916554378582236e-16,0.9998917266978533,6.568349800459813e-09,0.00010826673534671037,1
3.4813188394016365e-16,0.99989021390746,6.3788692739484215e-09,0.00010977971330951746,1
1.5149088488222652e-15,0.9997901695064639,2.2173375410216253e-08,0.000209808320114175,1
2.6772012642700457e-15,0.999662358622307,4.632282051963315e-08,0.0003375950565788836,1
4.897408730603369e-14,0.9998234796440532,5.038756983318855e-08,0.00017646996763074266,1
4.183877057840907e-13,0.998134991020982,4.312214379528752e-06,0.0018606967637089156,1
3.498260357957821e-11,0.9992524614902647,3.514595916008017e-05,0.0007123925156882121,1
1.3874016874615364e-11,0.9997400297119752,2.2881145756935896e-05,0.00023708912680481752,1
1.2648262344527179e-11,0.9996896714933609,2.4331156560925846e-05,0.0002859973356363782,1
3.974671995252593e-12,0.9992532029816452,5.1470173399284586e-06,0.0007416499986372556,1
9.800080389307596e-11,0.9985918071962626,8.862103251034884e-06,0.001399330603171311,1
1.4437827410913684e-10,0.9701582790058818,2.3108989489001738e-05,0.029818611859403498,1
1.5889240563051717e-12,0.706273001135511,3.3387554841763997e-06,0.29372366010752526,1
1.6517492596495585e-13,0.9673696882506051,5.121770739416217e-09,0.0326303066288864,1
3.755725630797283e-15,0.9967189003014417,3.582264355694147e-10,0.0032810993413397343,1
1.1800709941162674e-16,0.9996253207614206,7.431992553969285e-11,0.00037467916278873225,1
2.2339943303159928e-17,0.9998215500170091,7.048830616319742e-11,0.00017844991189252372,1
7.831542440840802e-18,0.9998273550155026,9.698107643393414e-11,0.00017264488784313227,1
1.3900434148825428e-17,0.999880250306998,1.5924667197097952e-10,0.00011974953367701749,1
1.6757634633243128e-18,0.9998806267891485,1.6445711914873443e-11,0.00011937319265124118,1
3.4843657254881516e-19,0.9998664070775738,1.6289717108750183e-12,0.00013359292101667022,1
1.55746417313076e-20,0.9998097185157875,4.339663167346208e-15,0.00019028148291204755,1
3.3039892130684326e-21,0.9994134707186357,1.3091670612931117e-15,0.0005865292805447825,1
1.2835878047774466e-20,0.9997919585306781,1.051749172574383e-15,0.0002080414706369555,1
5.3257872966735217e-20,0.9996800803516918,6.451875723134289e-14,0.00031991964882821294,1
3.784133041576882e-20,0.9998260294966661,2.4021863194735193e-14,0.0001739705046100649,1
1.1524043134041013e-18,0.9998454242350238,7.410266178390458e-12,0.00015457575836413928,1
1.6644294552239126e-18,0.9998534038492329,1.3514674084270638e-11,0.00014659613820688013,1
8.705380950631512e-20,0.9998693751633407,1.7601555813639248e-13,0.00013062483673413546,1
2.7326666199091456e-19,0.999804190488376,4.1980452411178975e-14,0.00019580950998606864,1
6.312891412582155e-20,0.9976315881323696,1.2515463100974796e-15,0.0023684118686690308,1
4.170824194792417e-23,0.9944432472486829,1.1932433632095787e-21,0.0055567527528733295,1
7.843526495145084e-25,0.9936394517643427,5.499769161119516e-25,0.006360548235448727,1
4.649506944902889e-25,0.9908869968725806,1.940439673018313e-25,0.009113003127958442,1
4.14205711297951e-25,0.9914118002707009,2.5145266339457766e-25,0.008588199730525341,1
1.4520335590709469e-24,0.9960612133218958,1.0965211825967514e-24,0.003938786677695012,1
5.03080275222407e-24,0.995681491017804,7.355948527455455e-24,0.004318508981498163,1
4.599334934427121e-25,0.9891623193489534,1.1197832396423948e-25,0.010837680650497863,1
7.156892887495474e-24,0.9733559382642094,1.7851015549676183e-24,0.026644061736812316,1
5.0545524049452265e-24,0.9085611748092577,7.560549027604422e-24,0.09143882519085089,1
1.097493615826745e-22,0.9306962132750021,1.5231078098846892e-22,0.06930378672341488,1
1.1761794531093133e-20,0.9656171632677417,3.897783937438366e-19,0.03438283673260339,1
2.8430568656658567e-21,0.9889751858107616,4.430467437144539e-19,0.011024814190622373,1
8.250546267975186e-19,0.998260366671575,1.6492506665859003e-14,0.0017396333298968978,1
5.924370529885237e-21,0.999733415625603,8.839871050872345e-17,0.0002665843729909426,1
1.4002890104101044e-19,0.9996766401743385,4.076713809936747e-15,0.00032335982643101147,1
1.2749564488187262e-22,0.9972894604680171,5.055301505548322e-18,0.0027105395331478185,1
1.394625800999698e-20,0.9994685783594777,2.0031546768628694e-16,0.0005314216423185607,1
5.949861395781129e-22,0.9996366147681343,3.3463232708211864e-17,0.0003633852315265674,1
1.8685731328633045e-21,0.9997883785468186,1.3148231450979192e-16,0.00021162145202320023,1
1.394958112177625e-21,0.9996739222937462,4.2519686882323406e-16,0.00032607770595393824,1
2.7154007296910165e-20,0.9997824222893986,8.06499192579342e-16,0.00021757771205723386,1
2.8616755852281335e-22,0.9983158598268311,2.07273832119081e-17,0.0016841401748955186,1
2.0114673244915193e-20,0.9995650304582778,2.179339180565775e-17,0.00043496954348795023,1
1.0561125728321329e-22,0.9968167166148005,2.4048330724381304e-18,0.0031832833846362945,1
4.161833235933126e-21,0.9996279111988953,2.3917281746181897e-17,0.00037208880122165995,1
8.810401951487443e-22,0.9996848941242807,5.4895237211205526e-17,0.00031510587689102934,1
1.023355725775287e-21,0.99970682024573,6.038276921199099e-17,0.0002931797558863446,1
1.001979690154395e-21,0.9996625014847861,5.48173930018194e-18,0.0003374985143103404,1
3.1709926688301438e-21,0.9977378186031716,5.926683781943425e-17,0.002262181397149875,1
6.1544214969143114e-21,0.9984293785598848,5.853065771820997e-17,0.0015706214390627576,1
2.169725315807444e-20,0.9994803957808543,3.242329580455943e-16,0.0005196042199058903,1
3.541182590822888e-20,0.9995730156166573,6.1111079835465494e-15,0.00042698438316328733,1
2.679234600870413e-21,0.9997751399141208,1.1080079724066489e-16,0.0002248600863376214,1
8.632447905296961e-20,0.999531588163709,1.857682798376549e-14,0.0004684118372782277,1
8.571752320863841e-20,0.9993834617878428,5.688321953452344e-14,0.00061653821053442,1
1.5269179465250524e-20,0.9998333935742746,4.025783000538596e-15,0.00016660642665658113,1
2.058611420966009e-20,0.9998698330451233,1.9645358464313258e-14,0.0001301669532069212,1
1.2235703231893966e-19,0.9997910740823551,1.7348960092970456e-13,0.00020892591894894433,1
5.2792565183660236e-20,0.9997204169199979,4.059150062597699e-14,0.00027958307849571353,1
6.879592790548476e-20,0.9997768070445217,1.6460235852081164e-14,0.00022319295697759942,1
8.296060592108003e-18,0.9994967260058548,3.2387543870986225e-11,0.0005032739619327014,1
1.165303146214412e-16,0.9996620056357315,3.6375123763862884e-10,0.0003379940019729331,1
1.0468188971865224e-17,0.9997547915306121,4.9989462259801436e-11,0.0002452084200730356,1
4.171271573776789e-18,0.9998682935595062,1.2600044006563118e-11,0.00013170642892827966,1
2.4709011589118847e-18,0.9998061994435897,1.616850229604039e-11,0.00019380053960935277,1
5.6859767938114186e-18,0.9998098522624609,2.670012641809153e-11,0.0001901477126271008,1
5.901643661458296e-18,0.9998077987686923,3.668305308834971e-11,0.00019220119343680265,1
1.0259942583138432e-17,0.9998155958789348,1.0757464147706589e-10,0.0001844040126373723,1
9.982152487628548e-17,0.9998872274592263,2.1687626838701066e-10,0.00011277232524036805,1
3.4452765619559983e-17,0.999316970266788,8.843719162201295e-10,0.000683028848791344,1
1.3409537876645007e-14,0.9998569357059215,1.4827882283846009e-08,0.00014304946583585477,1
1.9697830119891345e-15,0.9992612741283015,2.717992837060621e-08,0.0007386986923208689,1
2.0140947723943878e-14,0.9997410297801764,1.2935049983316671e-07,0.000258840870422651,1
9.952403226845271e-16,0.9998650990869438,1.3941251526439028e-08,0.0001348869701645361,1
5.612497674124737e-16,0.9998588415103867,1.931810387580538e-08,0.00014113917051154337,1
6.102685914143922e-15,0.9998761155165995,1.9130259002783565e-08,0.00012386535477282594,1
5.042439280065669e-16,0.9988803920875792,1.5020073234749118e-08,0.0011195928928495386,1
2.0799069558149705e-13,0.9998324737049671,5.952943107697368e-08,0.00016746676433391234,1
1.851069627073362e-14,0.9979720406460406,3.7388163265449807e-07,0.0020275854722658112,1
5.720729418193293e-12,0.9996968691324134,8.43163344334609e-07,0.0003022876989263395,1
1.441298231758258e-11,0.9966522667942042,6.158401125247162e-05,0.003286149179206175,1
2.6980074703028307e-10,0.9985053078028818,0.00010797353810480314,0.0013867183881426353,1
4.0470401253309395e-11,0.999328643604325,8.528203770155644e-05,0.0005860743164376522,1
7.713589241680863e-14,0.9998199580645888,5.386556945332745e-07,0.0001795032795841704,1
3.0710524951104054e-15,0.9998646987705526,3.619085622975812e-08,0.00013526503892045302,1
1.7016841353337096e-15,0.9997618578513794,4.469357215567522e-08,0.00023809745554652744,1
7.271852423203957e-13,0.9998304524317745,2.1869781198989187e-06,0.00016736058898351324,1
2.4628884780418416e-10,0.9963723992842722,0.0015139817049553367,0.002113618762733301,1
2.6587235786014e-08,0.9457682277351387,0.04445792331087009,0.009773822368351127,1
1.7053590864648253e-06,0.1467474295606709,0.8442506592052603,0.009000205873548725,2
4.11461628626224e-06,0.04407795630103776,0.9537954715479805,0.0021224575332258783,2
2.5030741540467285e-06,0.01475340768939257,0.9844053342856323,0.0008387549514148833,2
1.313019654615398e-05,0.00035666305388788727,0.9987671897632123,0.0008630169849937958,2
0.0007116914313951723,1.9012560358541022e-05,0.9991518058563382,0.00011749015151865932,2
0.01673677589147418,3.709083384435602e-06,0.9831173231032139,0.0001421919223124383,2
0.12573620709994662,1.457287502534772e-06,0.8736310000203645,0.0006313355913711164,2
0.7916064188822449,1.1660126030873062e-07,0.20676458438607173,0.0016288801304612283,0
0.9528956371280066,1.851900538103977e-08,0.04689623654376576,0.00020810780973100292,0
0.9963739764461502,1.0693223637950577e-09,0.003590058801739662,3.596368390090177e-05,0
0.9999165481902537,2.1221745268013244e-11,7.602494947260956e-05,7.426837843432471e-06,0
0.9999887260509017,4.108994199715567e-13,6.367656920826136e-06,4.906293109525545e-06,0
0.9999924386606215,1.6363950153771484e-13,3.7304831385846257e-06,3.83085759167606e-06,0
0.9999884322874681,2.458773173829452e-13,7.0249618372603195e-06,4.5427513338413175e-06,0
0.99998295996159,3.2291249095143585e-13,1.0592589133154718e-05,6.447447480765793e-06,0
0.9999822609324803,1.2884039301232153e-12,1.323440995801269e-05,4.504655759973948e-06,0
0.9999496859416067,3.8148036850685466e-12,4.2648528293176765e-05,7.665526680419153e-06,0
0.999853579988909,4.128321087830361e-11,0.00013447482268207043,1.1945146519654855e-05,0
0.9997613438438686,1.6028449145743787e-11,0.0001886940411633971,4.9962099927287237e-05,0
0.9997792405266893,1.9771146979358162e-10,0.0002104524154089203,1.0306859175620382e-05,0
0.9998027528707545,6.924661807766174e-12,0.00017976737370059537,1.7479749451301355e-05,0
0.9999951330765017,2.1256826349235027e-13,6.025687074781771e-07,4.264353281080775e-06,0
0.9999950405958968,9.088346828171785e-16,5.741294833240822e-09,4.953661577641594e-06,0
0.9999971440779373,6.747652173766757e-15,6.238421711178266e-08,2.793536657027447e-06,0
0.9999971577530606,4.280641451738893e-15,6.594550521552521e-08,2.7763025584875028e-06,0
0.9999963566217935,1.6453499872617224e-14,4.738596202884531e-07,3.1695177986108817e-06,0
0.9999949274480475,4.084703907972067e-15,4.9262852012246947e-08,5.023287300808432e-06,0
0.9999959518727419,4.207319723012373e-15,4.022843978672894e-08,4.007899335119745e-06,0
0.9999966569577228,4.09747080671362e-15,4.000325583400096e-08,3.3030391076460685e-06,0
0.9999971902401196,8.357230939464401e-15,5.130130270751641e-08,2.7584599860642354e-06,0
0.9999933951585105,5.635732005342792e-15,9.588250138737453e-08,6.508960443617145e-06,0
0.9999931275032993,1.1093524013795069e-14,2.916777032577154e-07,6.580817721850132e-06,0
0.9999966323759825,5.651677617315128e-14,3.528193313564553e-07,3.014805396349676e-06,0
0.9999925822032762,1.2634901870345953e-14,2.3193016661136732e-07,7.185868218951906e-06,0
0.9999915171570682,2.0588992396991293e-14,4.690054102887929e-07,8.013838181444886e-06,0
0.9999970687428901,1.1660246478129671e-14,1.0546532990518163e-08,2.920709220731679e-06,0
0.9999922865578893,9.693060634052807e-16,3.2157723628839074e-09,7.710227017875978e-06,0
0.9999953375226606,4.615813250489706e-15,1.0397488273942082e-08,4.6520807352927625e-06,0
0.9999966040944308,1.0976575675116145e-14,1.3648146062565676e-08,3.3822566917177646e-06,0
0.9999870240649815,4.927935514429927e-15,7.421385816413392e-08,1.2901721018643696e-05,0
0.9999883058509853,8.178044303259648e-16,3.7369788886176876e-13,1.1694147725554117e-05,0
0.9999883680487835,5.58820913738161e-16,5.073079259746257e-13,1.1631950827819373e-05,0
0.999990594275583,9.221134843327784e-16,1.3228354019402406e-12,9.405723718621335e-06,0
0.9999904395210701,9.125178791065924e-16,1.7203843968746615e-12,9.560477292682285e-06,0
0.9999901071221797,3.6908264351185496e-16,1.2279120867624623e-11,9.892865798783827e-06,0
0.9999964948099246,3.0168836605777895e-14,3.870550505462972e-09,3.5013188197701973e-06,0
0.9999760900084709,1.242463962144456e-15,9.188398818992668e-09,2.3900804648070025e-05,0
0.999995943359906,1.2786535121270548e-14,8.84557067848481e-09,4.047793030788357e-06,0
0.9999965926821301,1.0099981362013455e-14,1.379137246723657e-07,3.269402448321322e-06,0
0.9999966745800334,4.864926519620702e-15,2.3588159619673737e-08,3.3018330128082738e-06,0
0.9999949800929732,1.9553176597578848e-15,6.890096559241594e-09,5.013018140358023e-06,0
0.9999952628098409,6.60765937471665e-16,2.833131202988065e-10,4.7369071880313645e-06,0
0.9999968027274189,1.4102382330334375e-15,8.62644730418304e-10,3.1964084369806936e-06,0
0.9999958306848898,1.5438358982382082e-15,2.6628206013013077e-10,4.169050544673626e-06,0
0.9999893580773102,3.571935492698905e-16,1.0385273923747099e-09,1.0640884903290353e-05,0
0.9999964168992466,9.144761563007424e-15,3.6708988646682315e-09,3.5794312188699117e-06,0
0.999993239457696,2.5659777275298895e-15,1.0454095391895198e-08,6.7500877888032965e-06,0
0.9999963699440234,3.257616333785138e-14,6.32931974963653e-08,3.5667634155245966e-06,0
0.9999866098465373,5.8964445495372455e-15,1.6304018598728683e-07,1.3227113150538991e-05,0
0.9999928275977085,6.505172422651505e-14,7.108596990076756e-07,6.461541612996524e-06,0
0.999993834816356,5.699012307382876e-14,1.667226795857674e-06,4.49795595139622e-06,0
0.9999968091775348,3.0229069780977015e-14,1.5956750947420934e-07,3.0312539383138444e-06,0
0.9999896689538911,3.045208831374558e-14,2.2577906935195457e-06,8.073256977606833e-06,0
0.9999924260296547,1.5198680667801436e-13,2.784790450849943e-06,4.789180786895133e-06,0
0.9999882969525933,3.4419205880664684e-13,6.1480722717391815e-06,5.554974903470887e-06,0
0.9999524879468076,1.9986254295291734e-12,3.999496711191007e-05,7.51708512376198e-06,0
0.9999520538475167,1.8649262584939575e-12,4.0946435459730365e-05,6.999715967103156e-06,0
0.9999857522994715,8.74705140461489e-13,9.335778458327801e-06,4.9119206316626435e-06,0
0.9999789554853802,9.058782930000346e-12,1.46826671638368e-05,6.361839565462972e-06,0
0.9983428781419103,1.9481264373459664e-10,0.0015250650206555501,0.00013205664372045338,0
0.9678780361499983,1.2400304781462373e-08,0.03073142261993054,0.0013905288301847654,0
0.5153542063928952,4.438469534522921e-07,0.483574112675864,0.0010712370832612502,2
0.15775059341936298,4.5507269095401535e-07,0.839294143550575,0.0029548079584753324,2
0.041778478811717576,2.0633455677735224e-06,0.9577530091697547,0.0004664486716594479,2
0.01258511333559842,2.5653413873719103e-06,0.9873129534070618,9.936791495568617e-05,2
0.003975933474036307,2.4371633149714175e-06,0.9959510713282885,7.055803532262155e-05,2
0.00015261914124744153,3.915578697754461e-06,0.9997556427329334,8.782254587370578e-05,2
1.5419756164800855e-05,6.376295865553564e-06,0.9999023889416727,7.581500499225722e-05,2
4.538232384548864e-06,3.591976129421757e-05,0.9998879209146211,7.162109185858995e-05,2
5.152824039722755e-06,3.193409869533444e-05,0.9998718651758783,9.104790172544876e-05,2
5.898508367917247e-06,3.5500196943957808e-06,0.9990816362548738,0.0009089152188175791,2
6.607832028854585e-06,2.680622814923719e-05,0.9999013893122667,6.519662709970759e-05,2
3.9938403773166396e-06,4.9100310348284704e-05,0.9998206134050732,0.00012629244514341013,2
2.9886104578261597e-06,0.00010304145220774929,0.9996763104582478,0.00021765947895679793,2
1.6125475372350055e-06,0.0006197167885180181,0.9990287506212879,0.00034992004188064314,2
2.1635177498198076e-06,0.0004924045406702819,0.9992800591820937,0.00022537276123825366,2
3.966326569319071e-06,5.406854031617581e-05,0.9993644324439322,0.0005775326882244524,2
3.4713419052365526e-06,1.8527726138558763e-06,0.9988831509707641,0.0011115249148956159,2
1.5415011303452617e-05,1.1253684485990229e-05,0.9998830777478314,9.025355790294116e-05,2
0.00022696113199878348,1.1269363421084406e-06,0.9987933266296019,0.0009785853017750038,2
0.00027067248028014276,3.9637804344272655e-07,0.9981300727515684,0.0015988583918187037,2
0.00015674388714568592,8.735189948812272e-07,0.999447761423086,0.000394621172581705,2
9.072019212088983e-05,2.2076043667887984e-06,0.9998224212524008,8.465094974667376e-05,2
4.112060654950485e-05,1.540865701450597e-06,0.9997877164113377,0.00016962211707800067,2
1.4042302289106021e-05,5.555514803413715e-06,0.9998831743830809,9.722780026817583e-05,2
3.3218082613234036e-05,1.439675540464334e-05,0.9996975272035252,0.0002548579601305347,2
3.0578139119224554e-05,0.0007805683965999316,0.9989102924492523,0.00027856101571358026,2
1.2441455276669466e-05,0.014993671604272799,0.9724904783079512,0.01250340863103399,2
7.512757003684309e-07,0.4505251584666129,0.531496943473592,0.01797714678349336,1
8.151182981609733e-08,0.8331223265776927,0.15453294635295123,0.012344645557572843,1
4.910437920209169e-09,0.9879960500520417,0.009291362169060706,0.0027125828702246964,1
5.37868518918638e-10,0.9987362047928061,0.0006359626519993946,0.0006278320184326816,1
1.1188681080502492e-11,0.9993663989597666,6.4324973010324e-05,0.000569276056410572,1
9.436167354074201e-14,0.9998696591723869,1.883951935006343e-07,0.0001301524310415257,1
5.83186942081552e-14,0.9995407572979577,1.3396001051953966e-06,0.0004579031027068201,1
1.6163108414892266e-12,0.9997758075297518,4.2710411992050695e-06,0.00021992142890811303,1
3.3863416254059513e-13,0.9996049230137007,2.6932661602068346e-06,0.0003923837184949941,1
2.876746284263119e-13,0.9996821907285331,2.2307647556922136e-06,0.00031557850494312595,1
5.180883678436439e-13,0.9997748436164997,2.0858038686528977e-06,0.00022307057787161803,1
1.6337463349293045e-12,0.9995885141602462,6.009904172975187e-06,0.0004054759343600783,1
6.503567557552846e-13,0.9992895180074045,2.2388009690480226e-06,0.0007082431912838822,1
1.1904161923626114e-12,0.9995789589135297,3.9190197169523454e-06,0.00041712206394325956,1
1.3573379235945411e-12,0.9997834879385515,5.991775186595927e-06,0.00021052028532679448,1
2.0367934205812434e-12,0.9997565939123951,4.7442608010539594e-06,0.00023866182486138553,1
1.1167052752338333e-11,0.999023735219131,6.743393180645823e-06,0.0009695213766136056,1
2.2729008241154247e-12,0.992856872643355,6.676578587363355e-06,0.0071364507773578195,1
4.627616337783855e-13,0.9990147747172203,2.230755337919816e-07,0.000985002205843461,1
2.385316066140292e-13,0.9997669103370849,4.6740879574119745e-07,0.00023262225449345404,1
1.828081447388885e-13,0.9996911540308389,1.1131283351398902e-06,0.0003077328407607342,1
5.658780661068229e-13,0.9995492956876396,1.2665696708661996e-06,0.00044943774267194197,1
8.835906107980924e-13,0.9992039812818212,3.895549717746071e-06,0.0007921231666745126,1
7.376310942376428e-13,0.9997047953932623,3.7121418688313834e-06,0.00029149246428546524,1
4.909165133506469e-14,0.9998710741008515,4.222678302898573e-07,0.00012850362978429703,1
1.6569283120174637e-14,0.9997867384397258,5.886106298751131e-07,0.00021267294877147825,1
2.687125698920131e-14,0.9998629126898478,8.696375813352905e-08,0.0001370003450483447,1
2.007167116133791e-15,0.9991505633052553,9.931482064068505e-08,0.0008493373786849332,1
4.105189752526451e-15,0.999847866253923,1.7613679796922907e-08,0.0001521161322095791,1
3.0159116913128778e-15,0.9998504350906643,6.542564083656851e-08,0.00014949948223866319,1
1.750636972976902e-15,0.9998463088223623,6.081542112102311e-08,0.00015363036053149163,1
2.4046678932546674e-15,0.9998929556239324,5.205983215949903e-08,0.00010699231452190374,1
2.3016544591912943e-15,0.9998412566665212,7.885922071643198e-08,0.00015866447477395118,1
1.8661880064298972e-14,0.9998478808181742,2.617379458414471e-07,0.00015185744223331736,1
7.439246433094406e-14,0.9997508714898419,7.879820688432431e-08,0.0002490497108432239,1
8.168967820198359e-13,0.9957612689540446,4.60328519281121e-06,0.004234127759207283,1
6.62844945095888e-11,0.9983142425063624,3.750018565587744e-06,0.0016820074090454261,1
5.533983078710651e-12,0.9938155605947744,2.0149515264180993e-05,0.006164289882634937,1
3.757691864693535e-11,0.999578816724823,8.326469120853462e-06,0.0004128567677650596,1
3.734086618346653e-12,0.9994245277262934,1.0429734307371471e-05,0.0005650425350552739,1
7.289079559764517e-12,0.9995332436482421,7.292499872008391e-06,0.0004594638451690486,1
1.8701459755508754e-12,0.9990336257001844,3.406313173966996e-06,0.0009629679838890258,1
7.390655944218558e-13,0.9992005181152558,3.287171173937565e-06,0.0007961947121917203,1
1.6704155849122145e-14,0.9997632208456511,8.890618495492514e-08,0.00023669024725907708,1
1.182732813845806e-15,0.9998700144220647,2.0002290140820077e-08,0.00012996557499785478,1
2.6901379586185175e-16,0.9998750972529594,3.863382922500572e-09,0.00012489888244263537,1
5.289310038410406e-16,0.9997794186755704,1.7436079109001414e-08,0.00022056388847593815,1
3.2879267202913287e-15,0.9998704777203888,1.0900460041916401e-08,0.0001295113804018846,1
4.442770965811766e-16,0.9993154970384793,1.7230523432401307e-08,0.0006844857306726912,1
1.2253776089855878e-14,0.9998826551624241,2.016041852470697e-08,0.00011732467778871628,1
5.685807397003711e-14,0.9995272645333124,7.578331406643363e-08,0.0004726596844398638,1
1.613862347931512e-14,0.9946148858127893,2.1848164445656989e-07,0.005384895705281461,1
3.4333267273787615e-14,0.9996778615006242,8.035333903468669e-09,0.0003221304645023035,1
1.6865281528146365e-15,0.9995461734808092,1.234148858211205e-08,0.0004538141759751187,1
1.4678696329583104e-15,0.9996912703047443,1.01667101518443e-08,0.000308719526925393,1
1.034147076205539e-15,0.9998639008954637,1.2581377831062209e-08,0.00013608652303568708,1
5.087470614050416e-15,0.999881279012008,1.8500364347476715e-08,0.00011870248701237782,1
1.436461781704374e-16,0.998923445789462,3.803135714411553e-09,0.0010765504082147282,1
1.9403281956471054e-15,0.9998627093583692,2.667243174222448e-09,0.0001372879735004019,1
3.943824529465277e-16,0.9997218581071129,8.035153990157128e-09,0.00027813385797698364,1
8.988841366007856e-15,0.9998588272406106,3.718221289883698e-08,0.00014113557665108877,1
3.9974543720932624e-15,0.9995495305515405,1.3269294265859528e-07,0.0004503367566539362,1
7.46309247969097e-16,0.9998120587596155,9.014702133584669e-09,0.00018793222516444026,1
1.423538459972407e-15,0.9998939085200258,1.0342658743903664e-08,0.00010608113624393233,1
7.785794908790005e-17,0.9996724919188046,2.2732932531763354e-09,0.00032750580834144463,1
1.5756405829076556e-16,0.9998616330724596,9.176406334490674e-10,0.0001383660095107547,1
1.1705858676096105e-17,0.9997979574515835,1.1409044696673086e-10,0.0002020424351441941,1
6.523973578731322e-17,0.999835600934519,5.985929608863106e-10,0.00016439846833723922,1
1.6356242912017063e-16,0.9998113945424696,8.971709594856938e-10,0.00018860456134613902,1
3.1361211041572184e-15,0.9995776712048148,8.640832135784658e-10,0.00042232793177228163,1
2.495540645369761e-15,0.9888296749631285,6.482415487131144e-08,0.011170260212175648,1
2.0725577654040164e-14,0.9996524462352547,1.1900300277223003e-08,0.00034754186505532906,1
1.972914985815408e-15,0.9998939968807976,1.295463116346962e-08,0.00010599016509056487,1
6.322984343455983e-16,0.999790884870617,1.872596747061645e-08,0.00020909640201252302,1
1.09776863779337e-15,0.9998618997249065,1.6902839517182463e-08,0.000138083373674041,1
5.812242294716393e-16,0.9998284782191262,1.115619888588592e-08,0.0001715106254977468,1
1.1709977592060505e-15,0.9998293035061755,2.9216788409958055e-08,0.00017066727766872,1
4.365095150644053e-15,0.9998801867009204,4.302340988839932e-08,0.00011977027693976012,1
1.5377538333243793e-14,0.9997009412562317,1.1217141887375399e-07,0.00029894657114633,1
1.0010878794740948e-14,0.9991692152557883,1.1335987514236149e-07,0.0008306713846838661,1
2.0389141708168215e-14,0.9998232001147722,3.807400072852034e-08,0.0001767618107492572,1
1.9496823268242735e-14,0.9996310531679621,1.4390132452776606e-07,0.0003688029309205014,1
3.071030223757635e-12,0.9995222303635724,4.657627936576724e-06,0.0004731120061866647,1
9.958128686261408e-12,0.9987551329440845,2.1452715037229873e-05,0.0012234143326340906,1
2.2520667420548433e-10,0.9993417867148083,0.0001319651503923525,0.0005262479096663895,1
5.173221329189339e-10,0.9992001764041649,0.000390252084949687,0.0004095709951317189,1
1.6929974667289277e-09,0.9990624811702684,0.0004439745733851403,0.0004935425633431434,1
2.34388089889775e-10,0.995116034570295,0.000450538137043425,0.004433427060050526,1
3.151123322071478e-10,0.999285844408441,0.00019875341724286415,0.0005154018592989299,1
5.860749523437326e-11,0.9996341606096588,7.935855888661123e-05,0.0002864807738840806,1
2.4999709065114744e-11,0.9996193220617615,4.587191772836978e-05,0.0003348059955590918,1
3.9963338642999325e-12,0.9994928750853819,2.3218983766660806e-05,0.0004839059260368927,1
3.236931028402413e-13,0.9998215880671149,1.457980317355292e-06,0.00017695395173955358,1
1.127090798562715e-15,0.9997431308511923,6.924691568299382e-10,0.0002568684552514219,1
2.1337295451177997e-16,0.9970384898274608,7.736674530055352e-10,0.002961509398074059,1
6.860482011250331e-16,0.9992442038548074,8.014277704634149e-10,0.0007557953448308004,1
3.916963451808139e-16,0.9998669260278936,4.841091915318954e-10,0.00013307348875239494,1
4.0414947536736035e-17,0.9996082341229724,2.515335043597889e-10,0.00039176562727932226,1
8.79999241749359e-17,0.9996279589877877,7.531065999791448e-10,0.00037204025971465145,1
5.1582645942648546e-17,0.99989146061219,2.0466238638075107e-10,0.00010853918307009952,1
1.424140979187275e-16,0.9998157752236939,8.615234960088012e-10,0.00018422391307896846,1
1.691705271851103e-16,0.9994181222696096,2.1081502039128951e-10,0.0005818775190930969,1
7.46390841510567e-17,0.9987538199614528,1.8938514591581104e-10,0.0012461798488842318,1
1.2724383929298176e-17,0.999715319098356,6.0651972751640674e-12,0.00028468089645453397,1
2.105633818566732e-20,0.9997388564203528,9.774640481694028e-15,0.0002611435811840769,1
1.3527556563067848e-20,0.9998093735737754,8.400558622130126e-15,0.00019062642478905024,1
7.95157749648023e-21,0.9998452233478075,7.885829703648404e-15,0.00015477665342817008,1
4.003798457995791e-20,0.9998565921735023,1.3812885309840932e-14,0.0001434078250468598,1
3.090641518153306e-19,0.9994006627039946,2.41078226068266e-14,0.0005993372977399894,1
2.0759852711013768e-19,0.9964665821820533,1.225571646333533e-13,0.0035334178186645832,1
1.5527492492070356e-18,0.9997896634571695,2.539014694382444e-13,0.00021033654122946005,1
4.462516142997362e-19,0.9998747339516371,1.4028196770519107e-12,0.0001252660473074139,1
6.824923029456421e-19,0.9998325965934981,5.4401965883185455e-12,0.00016740340067905316,1
9.41348901871019e-18,0.999886421559878,3.898672807687017e-11,0.0001135784017814648,1
2.0151871872861885e-18,0.999693247996074,2.107492122683063e-11,0.0003067519830466068,1
2.118651243145231e-17,0.9998411146405601,5.249052880512203e-11,0.00015888530693746624,1
6.3658083491024276e-18,0.9997377846794738,6.803543570877263e-11,0.0002622152530288043,1
6.102963455959707e-17,0.999868728455423,4.745702426027947e-11,0.00013127149584019686,1
2.2649307733198417e-17,0.9988583438842757,1.5487205647919473e-10,0.001141655962324774,1
5.98680501646292e-17,0.999634268432638,6.846466833784739e-11,0.0003657314996894665,1
2.3064603755719706e-17,0.9998130895077387,1.4821179211556315e-10,0.0001869103450750419,1
1.6766961042454185e-17,0.999883853347278,2.0667399593712872e-10,0.00011614644436849039,1
1.7561874609395073e-17,0.9998802806550211,3.976285384236529e-10,0.00011971894831772928,1
5.449038981401383e-17,0.9998717786649186,8.876515164009377e-10,0.00012822044620083324,1
7.470183978590301e-17,0.999843006923724,1.5049193605546743e-09,0.00015699157315810945,1
1.6552117797187332e-15,0.9998619102335758,4.622106655769647e-08,0.0001380435466188785,1
1.3865576334006407e-15,0.999872612597708,2.428753533635698e-08,0.00012736311475314331,1
8.775721218679742e-16,0.9998003630547692,2.6432841482462722e-08,0.00019961051080204134,1
5.02729934691524e-16,0.9998688426911561,1.053344803687026e-08,0.00013114677527664492,1
5.722213619445835e-16,0.9998783836598172,6.707673417649148e-09,0.00012160963368510983,1
1.9485129647169626e-16,0.999691195149125,5.251115278988803e-09,0.00030879959948952227,1
1.0499651142912306e-18,0.9998602152401038,1.3917957551852252e-12,0.00013978475725553757,1
8.186629890347055e-19,0.9997416569982596,5.000698742452798e-12,0.00025834299673754385,1
1.0310237128839782e-18,0.9998448784590194,2.7273554039251553e-12,0.0001551215371600535,1
8.643306929369716e-19,0.9998226950744873,6.58748076000043e-12,0.00017730491955394314,1
2.6359269656463986e-18,0.9998752532118308,8.996437327065672e-12,0.00012474677814597822,1
2.617417837497463e-18,0.999747582145085,2.5089293129599996e-11,0.00025241782866457934,1
8.04884275965796e-18,0.9998487617629827,4.469094237318741e-11,0.00015123819286276102,1
5.183477620583781e-18,0.9998378902863825,8.138470215835035e-11,0.00016210963308725963,1
8.430905958584939e-18,0.9998891294692375,8.455622867705737e-11,0.00011087044620853914,1
2.336334324689155e-17,0.9998590076079774,1.1066305807766938e-10,0.0001409922805720081,1
2.7833463951309667e-17,0.999523351013583,1.9979105551664828e-10,0.0004766487866726675,1
2.8139728277301405e-17,0.9996888229621008,9.892373656661108e-13,0.0003111770362962492,1
5.216276731364666e-15,0.9936478087222677,7.2244532746767205e-09,0.006352184052980993,1
1.99296644076557e-14,0.9963044746518973,6.678845053199481e-09,0.003695518667915788,1
1.39614190041931e-15,0.9995056312226444,1.1821560570418774e-09,0.0004943675939142586,1
9.51094335967288e-15,0.9998286678126266,2.1495627908797044e-08,0.00017131069088068996,1
3.881630558280983e-16,0.9995753924598839,7.212470785567239e-09,0.0004246003291503243,1
4.929902222123903e-15,0.9998535489105697,2.697740490611299e-08,0.00014642411355765049,1
3.4465925650144742e-15,0.9997507114259317,1.0714196985138253e-07,0.0002491814322680182,1
6.24692325471757e-14,0.9998617008713664,3.428439023159392e-07,0.00013795628422451435,1
7.878751467275982e-14,0.9995719388643897,5.788504811685168e-07,0.00042748228574677224,1
5.625698761143981e-14,0.9992890772523224,5.787408297900123e-07,0.0007103440060991921,1
1.313136718210096e-13,0.9998589344658162,4.403416231713254e-07,0.00014062519253353083,1
1.7621815147951496e-13,0.9997667818081638,1.4707466227409184e-06,0.00023174744644527604,1
2.9419018164992333e-13,0.9994865996652149,1.5803288960488883e-06,0.0005118200038970587,1
1.0893336614385319e-13,0.9995239557139983,3.0880821698723136e-07,0.00047573547762506534,1
2.565507223763121e-12,0.9996099366424346,5.129165857427728e-07,0.00038955043900452827,1
7.560695148046519e-13,0.9899036483137985,1.6738432237705528e-06,0.010094677843597723,1
4.546834126846744e-11,0.9946456379355021,2.031210136939135e-05,0.005334049918147705,1
1.8541379527155163e-11,0.9994284216724502,5.019276784590916e-06,0.0005665590335720794,1
1.6074173535099876e-11,0.999417202604204,7.466134775383991e-06,0.0005753312450526661,1
8.821381743157381e-14,0.9968268626610332,2.482392454836923e-07,0.003172889100990828,1
9.522619576559568e-13,0.9991503282406737,1.286405971087244e-06,0.0008483853512370988,1
5.572043294771239e-13,0.9998079016818862,1.6755769747692897e-06,0.00019042273918255912,1
2.1461803614781398e-12,0.9997789398305088,2.9541806129814588e-06,0.00021810598841468098,1
1.787812665890643e-12,0.9975970520861006,8.511278400419478e-06,0.002394436634189969,1
1.503000642166411e-12,0.9987460126919308,2.204211093228656e-06,0.0012517830948963592,1
2.4744055960491297e-13,0.9996849074459981,4.540827696694705e-07,0.0003146384709737599,1
3.569651291250078e-14,0.9997561128487283,2.311365159258963e-07,0.00024365601496979534,1
4.701866246077438e-14,0.9997208023652722,3.462190991865577e-08,0.00027916301166441186,1
3.2725727000769575e-15,0.996857533848331,9.28738710288791e-08,0.0031423732780930967,1
2.6035180484407062e-14,0.9998400017856839,1.689109387709591e-08,0.00015998132385326732,1
1.505526636437132e-15,0.999703302099427,3.0243791952241995e-08,0.00029666765573416843,1
7.919345047747946e-15,0.999837285712493,8.03269125091926e-09,0.00016270625384394202,1
1.3428925933363906e-16,0.9981691207424559,6.237185227985109e-09,0.001830873020042966,1
2.679285019294524e-15,0.9998557051145096,1.43987034740457e-09,0.0001442934449732683,1
4.3194100169553277e-17,0.9995822655003173,7.248317194937577e-10,0.0004177337751841353,1
1.0357784088084543e-15,0.9998399878399049,4.702172514765131e-09,0.00016000745923094818,1
6.249177229643773e-16,0.9997916214584647,5.485289266343103e-09,0.0002083730562080215,1
8.734416403923994e-14,0.9997208407315965,1.0093933368910347e-07,0.00027905833061035837,1
2.0522719803196583e-12,0.9970972783993888,8.113902224910366e-06,0.002894607697222992,1
2.8769059406069583e-08,0.9948602755196501,0.004494586578141494,0.0006451091346447245,1
1.3860134661581267e-08,0.9898768514299389,0.008408909181369736,0.001714225529064278,1
3.226198588986392e-08,0.9878321956354282,0.011528419837566714,0.0006393522656070105,1
3.344993013498553e-08,0.9854593601128695,0.013370433988146734,0.0011701724485754623,1
3.1814122283481435e-08,0.9851705555599488,0.01323467661673656,0.0015947360086829214,1
1.289366656256023e-08,0.9913814042442931,0.007931489038656408,0.0006870938238394573,1
5.448803855118018e-09,0.9963616850055992,0.002997526673438975,0.0006407828715142061,1
2.10161546321608e-09,0.9969600560250542,0.0015765462015135971,0.0014633956718115074,1
2.6422631967858745e-09,0.9987285726541655,0.0005448976344046812,0.0007265270698027133,1
5.852512476612564e-11,0.9975949122866702,2.286817771188932e-05,0.002382219478444604,1
9.803078935152476e-12,0.9967616653323195,2.2669843794996616e-06,0.0032360676744626862,1
7.662580234860468e-12,0.9968728007290452,1.2608308036851297e-06,0.0031259384311230175,1
4.89690566787991e-12,0.9972821077948789,1.5112675607421564e-06,0.002716380930904215,1
2.8978597976675916e-13,0.9986599291376667,2.1914312014427907e-07,0.001339851719865556,1
1.1656908983443949e-11,0.9995738701224562,3.5934731540648016e-06,0.0004225363922581604,1
2.708910662667866e-12,0.9981779949317301,8.649739064301959e-06,0.0018133553269048875,1
9.883002046381213e-11,0.9991735901644316,6.2365158156509065e-06,0.0008201732221868386,1
6.826396129730978e-12,0.9863349762788701,4.397549653142796e-05,0.013621048219231217,1
2.0525932741938704e-10,0.9991141761960631,4.298191560740051e-05,0.0008428416828012208,1
2.737709801478782e-11,0.9997215131444958,3.11313507470356e-05,0.0002473554770739108,1
4.98890616645951e-11,0.9996487579117574,9.859450380457633e-05,0.00025264753339870573,1
1.979697163551954e-10,0.9990860750625364,0.0004259756043771333,0.0004879491353735659,1
1.645943139150998e-09,0.9977523018243774,0.0018694081398014538,0.0003782883908700778,1
6.1825493380911065e-09,0.9917439754661508,0.0075877381426439966,0.000668280208895134,1
1.8694161785749803e-08,0.9763521666710658,0.021974339435602445,0.0016734752007166837,1
8.755078070546863e-08,0.931291761075086,0.06630211211408714,0.0024060392594297078,1
1.947633390876407e-07,0.8592225796940421,0.13525709832373775,0.005520127218197845,1
2.785957342253974e-07,0.6958599674833653,0.27212270945375333,0.03201704446761702,1
1.8570367849084687e-06,0.49558433813814534,0.4976079412372809,0.0068058635895687876,2
1.491590429129318e-06,0.29945069355396553,0.6961201403144546,0.004427674541697131,2
2.0404985772913243e-06,0.12130577150612194,0.8743619373432022,0.004330250651940712,2
5.466888995686143e-06,0.03316894618732715,0.9653916607641155,0.0014339261597939561,2
0.0002221248677408045,0.000897498209832743,0.9985857415152258,0.000294635407729733,2
0.00027547320825259376,2.2462841443988328e-05,0.9996188308125941,8.323313786328678e-05,2
0.00013298742393501984,3.9618815972932066e-06,0.999812468362773,5.0582330837768535e-05,2
0.00011046753250223206,3.63251277100979e-06,0.9998336504492048,5.224950416750544e-05,2
0.0002364327486952185,4.01316635907965e-06,0.9996560929463746,0.00010346113845681381,2
0.0005550849260877997,0.00011630475035878345,0.9988401362407223,0.0004884740820926546,2
0.00041769903377996954,0.0068978673067889885,0.985698346076315,0.006986087584007043,2
1.7033665981928063e-06,0.37662880583532105,0.6099209621702948,0.01344852862897546,2
1.16663918265466e-07,0.8348125240178885,0.15544740563513473,0.009739953683919098,1
2.4130350270993988e-08,0.9518050926409364,0.04573651467716343,0.002458368550013451,1
4.9928461237038006e-11,0.9988002895804783,0.00022856460896901343,0.0009711457614824402,1
1.8838639798153225e-13,0.9998028368660316,9.955999980715186e-07,0.00019616753522029394,1
1.3596539177309987e-14,0.99987225936229,2.4448753890942614e-07,0.0001274961515326396,1
8.74183362220034e-16,0.9998412383158318,1.7445080337688846e-08,0.00015874423906761263,1
1.5379023268650448e-15,0.9998124086820127,2.3441637166174784e-08,0.00018756787619525665,1
5.605384286402641e-16,0.999764469065117,1.0747897888154258e-08,0.00023552018635953893,1
1.6414452680939776e-18,0.9998456649374498,7.777600965142954e-12,0.0001543350544372681,1
1.5273057661615901e-19,0.9998785743685922,7.69956881615942e-13,0.00012142562909938463,1
4.845558107508863e-18,0.9998899733507252,7.643294076154911e-11,0.0001100265725285589,1
5.465008479519544e-16,0.9998787428775109,2.059655797069809e-09,0.0001212550624873965,1
1.6621833865882372e-17,0.9990907197140407,1.344697961698194e-10,0.000909280151195215,1
2.621452223895423e-17,0.9997491231542651,4.934695910156875e-11,0.00025087679624657294,1
4.072957999060628e-16,0.9998803609283292,6.351946180795974e-09,0.00011963271998555506,1
5.5064448079673083e-17,0.9998822359346545,8.009138298276506e-10,0.00011776326394244294,1
2.827371728197917e-15,0.9998110006855856,4.693084510312763e-08,0.0001889523824267881,1
3.4417955680597726e-15,0.9997170507284993,7.895431406532537e-08,0.0002828703161362259,1
2.5105296627333694e-15,0.999850647091293,3.1606201490455886e-08,0.00014932130268531128,1
6.1840934976642365e-15,0.9998631181020069,1.4084301063844692e-07,0.0001367410550668124,1
1.3740349686088237e-13,0.9998378362747938,7.097761095030605e-07,0.00016145394980881606,1
2.6504540779206655e-12,0.9991280691668412,3.5290657921318854e-06,0.0008684017630392686,1
1.7466894558982233e-09,0.9927424966366889,0.00012422586875891506,0.0071332757480112256,1
2.4726941118407866e-13,0.9426538033171062,2.2210803550784558e-07,0.05734597457490259,1
4.120907398896012e-12,0.9914402949876745,1.155896755159996e-06,0.008558549110662726,1
3.506675207767011e-13,0.999638345116403,5.563674157223755e-08,0.00036159924625891966,1
5.102912486440302e-15,0.9993425669005842,3.6488770651483436e-08,0.0006573966094388447,1
7.618242662008676e-15,0.9997904790626442,2.1681808495375354e-08,0.0002094992557616639,1
1.2752026303245738e-13,0.9997275362469376,8.926287622320999e-08,0.0002723744914918979,1
2.1740092806501728e-17,0.9940544719996017,5.9501711695658e-10,0.0059455274041976735,1
6.4711356941224314e-18,0.9996664293581411,5.769963886386599e-14,0.0003335706433513452,1
5.729825943897361e-24,0.9989625737235018,1.1502403422324259e-20,0.0010374262748945266,1
1.3129087699830233e-23,0.9990925004099429,7.634180309294358e-21,0.0009074995902112538,1
4.2722525458915914e-23,0.9992608844433224,7.169735675426117e-20,0.0007391155577287267,1
2.4330914385071753e-23,0.9993579154309562,5.66988108640457e-20,0.0006420845686185532,1
2.953428301127892e-23,0.9995183257214012,4.795736478419315e-20,0.00048167427913469027,1
6.278152510633621e-24,0.9994089021552763,7.45831880480944e-21,0.0005910978434509095,1
4.297004301524154e-22,0.9993821787956552,1.2780435109923494e-18,0.000617821206054455,1
1.1453132871613678e-22,0.9986726315770058,1.2938285945827891e-18,0.001327368422290327,1
1.7032211600281724e-21,0.9996247740545807,2.036142775005058e-17,0.00037522594647873824,1
1.1733296415235117e-22,0.9996222962617877,1.7541354505886223e-18,0.00037770373739181093,1
1.0723673536368286e-21,0.9996007482691108,9.229139780660042e-18,0.0003992517292654268,1
1.0745093890987647e-22,0.9986509954483936,8.600353136468356e-19,0.0013490045507478263,1
2.2530483626590464e-21,0.9995263044923072,1.0546794184303722e-17,0.000473695506661853,1
2.2701528799887024e-20,0.9994063081332369,5.543967809580189e-15,0.0005936918653546369,1
8.664022612687247e-21,0.9998181751518878,1.2968373083888402e-15,0.00018182484883439736,1
3.294583464303895e-19,0.9997967506730213,7.05916448804243e-13,0.00020324932746446352,1
1.3107725103523293e-18,0.9997826397568489,5.629742192687315e-12,0.00021736023881344042,1
7.793950319919842e-18,0.9998352582169282,4.550981182702828e-12,0.00016474177891952617,1
1.7914400159474817e-16,0.9988756444991836,3.7219361699223908e-09,0.0011243517772471419,1
9.75368307498779e-15,0.9998603135391053,1.766738152285631e-08,0.00013966879368640408,1
8.262107655184077e-16,0.9997217334428051,2.1709449329557187e-08,0.00027824484699876515,1
2.420518326017519e-15,0.9998675108608229,7.378924334374884e-09,0.00013248176137334265,1
1.435682151952998e-14,0.9994067029141743,2.884409575475358e-07,0.0005930086431035971,1
2.6907986453573704e-14,0.9997702314358605,2.2324328087039596e-07,0.00022954531998683445,1
3.7824085552116564e-16,0.9998578826495377,4.712213195657821e-09,0.00014211263710058408,1
1.0650299297566341e-15,0.9998630835241147,2.499234252286933e-08,0.00013689148459723676,1
3.9823244768244395e-14,0.9998538670598366,4.78550280741128e-07,0.00014565439020009226,1
4.039187848415897e-12,0.9997207430791385,2.6934773979170847e-05,0.000252322141824167,1
3.265079359306202e-11,0.9996508154465605,6.355765077616558e-05,0.0002856268705590678,1
3.9399935125902704e-10,0.9994004941920231,8.10035084386985e-05,0.0005185019043881976,1
2.735103384689613e-12,0.9948258847326307,9.007945366170904e-06,0.005165107318963888,1
2.566021924867604e-10,0.9993395395736221,4.4961464822765793e-05,0.0006154987048814393,1
2.9879726840511563e-09,0.9952442414812754,0.0019238220253657162,0.0028319335047484965,1
1.0257943612764473e-07,0.9423215324411488,0.009350682603970468,0.04832768237488904,1
5.426645342743417e-09,0.09912762716092689,0.009687682494181865,0.8911846849165106,3
3.2247798015210404e-06,0.7915249777943653,0.09973691432509917,0.10873488310222826,1
1.4715168560193096e-06,0.8683193008855968,0.1189301382059476,0.012749089390178653,1
4.450485464191903e-07,0.8776798520063621,0.1165586816596574,0.00576102128684664,1
5.031722473056492e-07,0.8880619452883731,0.10270260441738634,0.009234947121455268,1
4.8074666169734e-08,0.9496046985821966,0.04006340046524372,0.010331852879364627,1
1.9622974012935124e-08,0.9754774722488265,0.02079140879537734,0.003731099333639032,1
4.959626768375872e-08,0.9869838102328327,0.01200648157582115,0.0010096585965299577,1
1.1683091029637417e-07,0.9885243268559661,0.006994387775976914,0.004481168536648249,1
3.019101488233257e-10,0.9792486310509811,0.00011632491481195962,0.020635043732578552,1
1.302427917812052e-10,0.990725350801716,1.8316239048945375e-05,0.009256332828037622,1
1.347912592464347e-10,0.998451274031151,9.134290639419049e-06,0.0015395915443329993,1
2.245088175510273e-10,0.996913343715761,5.205727767214027e-05,0.0030345987835811872,1
8.932709674157482e-10,0.8810916981763292,0.006394893347783851,0.11251340758339896,1
5.539923594769198e-07,0.8282867564611591,0.059598091873985966,0.1121145976733332,1
3.80732035828168e-06,0.5941248435541907,0.3764964404543303,0.02937490866963554,1
3.2456040455677095e-06,0.3553542864745535,0.6403694320192586,0.0042730359029481205,2
1.7123804671478755e-06,0.2417275396256335,0.7542563621407883,0.004014385853399986,2
2.468465132319809e-06,0.1282966066985303,0.8698380686443293,0.0018628561933677382,2
1.3583242513983267e-06,0.07406424595450593,0.9226495123946633,0.0032848833247746943,2
6.039159836916784e-06,0.015214582310299046,0.9841156908859694,0.0006636876450106718,2
0.00011247897304056373,0.0001640900148354218,0.9991532620900804,0.0005701689211052431,2
0.00014313482026151835,6.662252616488031e-06,0.9997654278072857,8.477511835363687e-05,2
7.047325307075532e-05,4.589355181557797e-06,0.9998809737418435,4.396365001083814e-05,2
0.00030615304816226414,2.9006743257421702e-06,0.9996424607947086,4.84854815411436e-05,2
0.0012343180192411767,3.3017049603120743e-06,0.9987010383917929,6.134188277293935e-05,2
0.007060651381319471,9.985913850147401e-07,0.9921660132585609,0.0007723367694149234,2
0.03449099273304275,7.951019754332277e-07,0.9645763059597691,0.000931906203494017,2
0.0814601741974478,1.5596145626611568e-06,0.9181919795623337,0.00034628662741372705,2
0.13645957059794492,2.1009751502071675e-06,0.8633389564046646,0.00019937202370132,2
0.1680945504402058,1.6886610406854669e-06,0.8316634544572504,0.00024030644326117882,2
0.1777770101626364,1.8704005058713607e-06,0.8220740249919132,0.00014709444643094572,2
0.18860422389967074,1.0865192086348644e-06,0.8110330552409174,0.00036163434042030783,2
0.18155996937913704,1.93763180043059e-06,0.8181728746287915,0.00026521836051045787,2
0.14493651983464892,1.6281656624981033e-06,0.8547990032130753,0.00026284878689754803,2
0.07775954855020807,1.8873951826203072e-06,0.9219432009991995,0.00029536305696051057,2
0.003300567501916316,6.845513347712238e-06,0.9966010787078814,9.150827854004832e-05,2
0.00024389580137810298,5.784118663753917e-06,0.9997106137305871,3.970634756319245e-05,2
7.952478100063788e-05,3.46250582554402e-06,0.9998728487779717,4.416393546807969e-05,2
4.08482288353235e-05,5.019726272067359e-06,0.999920670106734,3.346193842830076e-05,2
3.868855336815782e-05,5.868434639237861e-06,0.9999085439763351,4.6899034826606286e-05,2
2.2625347052569847e-05,1.2111843308653369e-05,0.9987863933553446,0.0011788694549793005,2
2.873324635500013e-06,3.305601416267313e-06,0.9819187065496742,0.0180751145231876,2
1.4310632892476042e-05,0.00025138096911790734,0.9842507553757938,0.015483553021975306,2
1.458606476803757e-06,9.829604270029024e-06,0.9216975459358393,0.07829116585463966,2
3.3091865615727593e-06,0.010861964490527311,0.9752135604009269,0.013921165923003319,2
1.617305388057952e-06,0.010412755548665265,0.9825429434804902,0.007042683664074104,2
2.2016419917801154e-06,0.00842512849720856,0.9908231728433483,0.0007494970157935033,2
2.762385814762974e-06,0.004920096881158752,0.9948775642964842,0.0001995764355111438,2
4.912989772624228e-06,0.0025428377935435426,0.9970230951057623,0.00042915411023050355,2
1.1386251634062543e-05,0.0018028297878254476,0.9921613220840291,0.006024461877661036,2
2.074686158160381e-06,0.0006785136471134485,0.8954341744113061,0.10388523725619699,2
1.8451642795852335e-06,0.08310898703013248,0.8931055911222803,0.02378357668495235,2
1.0089008185534092e-06,0.0949007746676852,0.8962175952986788,0.008880621131365982,2
1.1401587951079745e-06,0.08531243798713828,0.9108375102270581,0.0038489116257420467,2
1.707666187743231e-06,0.07187682333938197,0.9266500596957817,0.001471409298021244,2
1.7324804275957875e-06,0.0469325105405615,0.951905374248178,0.0011603827315575235,2
4.7531118968697735e-06,0.017158198800668135,0.98145446180561,0.0013825862816128857,2
1.613122825261747e-06,0.0003642994918479011,0.9815467001354542,0.018087387251589947,2
3.424498110150301e-06,0.00023076182581518247,0.9980969741502395,0.0016688395256300862,2
3.484248598921931e-06,0.0001213307438250584,0.9994917639052973,0.00038342110201927514,2
4.2913758298950085e-06,5.842074250976438e-05,0.9998490525681671,8.823531348775661e-05,2
6.439690717191671e-06,1.2163005440686735e-05,0.9998958288907993,8.556841229874724e-05,2
1.219805042726209e-05,7.595096374389411e-06,0.999932401668267,4.780518476921846e-05,2
1.1992829206529998e-05,3.529091153429648e-06,0.999798784011937,0.0001856940691634719,2
3.741794377268787e-05,2.5971061319705037e-06,0.9998736711734426,8.631377509986434e-05,2
3.001721936544644e-05,5.11454326151263e-06,0.9999283489619396,3.651927499256855e-05,2
5.512214328325176e-05,2.993359405081862e-06,0.9998778747358709,6.400976175870262e-05,2
0.00023521483995385,3.2860725885329187e-06,0.999710491537154,5.100755118518673e-05,2
0.002345354328075986,4.639981697715163e-06,0.9975749273453726,7.507834350307507e-05,2
0.024950508192236626,7.598285478118085e-06,0.973669194289003,0.001372699232924654,2
0.0926672583490802,6.305563415638608e-08,0.8824871795273632,0.02484549906874673,2
0.4206571602126855,5.806870118829956e-07,0.5775178676108232,0.0018243914888781785,2
0.9011599018212327,2.3334773355744508e-07,0.09832186879442951,0.0005179960380780527,0
0.9680142108284866,7.806554494914366e-08,0.031396542106647836,0.0005891689997534685,0
0.940765824479564,2.418471974543426e-07,0.05904389474842518,0.00019003892578717252,0
0.7895276552650677,2.2742453958219402e-07,0.20963070837170503,0.0008414089384852431,0
0.02764228308617059,2.760172954811002e-06,0.9716034488513288,0.0007515078901676093,2
0.0006875904109670051,6.813060419146664e-06,0.9991030466963613,0.0002025498326567737,2
3.071844142438633e-05,1.6597543001557639e-06,0.9997196533911002,0.00024796841204345474,2
2.029573753904495e-05,8.279914885125964e-06,0.9999005747439753,7.084960195510783e-05,2
1.324590391434884e-05,2.1270959289576612e-07,0.9976727000105738,0.002313841376973616,2
2.100849975368282e-05,3.737330779329639e-06,0.9998079110406075,0.00016734312925540968,2
6.97345744079629e-06,1.4957057092386605e-05,0.9999155402891778,6.252919731412783e-05,2
7.605705004192968e-06,6.743702340245287e-06,0.9998797802092182,0.00010587038385056226,2
7.20084030001722e-06,1.6200457105704634e-05,0.9999222538637242,5.4344839840242117e-05,2
7.931496080246203e-06,1.4319924637831714e-05,0.9999312792718792,4.646930864880764e-05,2
7.2549060457920414e-06,1.6599001018225345e-05,0.9999277024887067,4.8443605580598895e-05,2
4.4499920701687425e-06,2.1302512032598176e-05,0.9998529449164778,0.00012130258036425956,2
1.048937573209144e-05,9.586210990382002e-06,0.9999234504517898,5.647396059339111e-05,2
8.486161337685472e-06,1.0630043921557782e-05,0.9999142667630072,6.661703320936561e-05,2
9.735350670087361e-06,8.646442166425522e-06,0.9999128696161512,6.874858968374385e-05,2
1.7809205580696216e-05,4.214153835188829e-06,0.9999155046472727,6.247199183796228e-05,2
2.4712681876966017e-05,5.468328807460932e-06,0.9999297297097418,4.008927992527553e-05,2
1.8977699802388548e-05,2.0424248454536085e-06,0.9998517682404676,0.00012721163580453772,2
2.0484217130319417e-05,3.137582420459442e-06,0.9998969855208998,7.939268038116863e-05,2
4.098190283934398e-05,4.971881621291772e-06,0.9999154175759735,3.862864118915642e-05,2
0.0003163814633745157,3.5857383005307376e-06,0.9996338801114097,4.615268574137705e-05,2
0.0030804381142974556,4.40250147590494e-06,0.9968555714751354,5.9587909876786664e-05,2
0.031776397434707816,1.6656577426703523e-06,0.9678922173067729,0.00032971959967995307,2
0.10542229964108545,7.119946328836481e-06,0.8930044571502739,0.0015661232606678358,2
0.28852484278334767,9.5500513150792e-08,0.6886233508520191,0.022851710862458924,2
0.8545432595373385,7.562146235848254e-08,0.14238868531374485,0.0030679795283349836,0
0.9759804479080361,8.51104823953878e-09,0.023543774591441434,0.0004757689896595267,0
0.9955303889330015,2.483790190643984e-08,0.004439992374175793,2.959385633965311e-05,0
0.9938447757942068,1.5364994298107648e-09,0.005932511571421018,0.00022271109628156505,0
0.9950339456596873,5.3222975591316945e-09,0.004906945574877692,5.9103444116580256e-05,0
0.9986135458064219,1.3851625829805773e-10,0.001357320127734214,2.913392551574227e-05,0
0.9999937286826223,5.04062463550812e-13,7.277104954870447e-07,5.543607876697681e-06,0
0.9999947188801642,6.318822361753092e-14,1.242551622247739e-06,4.038567708997474e-06,0
0.9999914147524767,5.738293413333906e-14,2.9924402476968798e-06,5.5928070247831515e-06,0
0.9999947810274299,2.0809267133915978e-13,1.6775241681954285e-06,3.541449414650811e-06,0
0.9999839494390743,1.239537024010301e-13,4.63421224232936e-06,1.141634827708139e-05,0
0.9999901132339236,1.4972988629619596e-13,3.4479979677723143e-06,6.4387662228275865e-06,0
0.9999944316269159,9.217255480414858e-14,1.865193381345767e-06,3.70318088094047e-06,0
0.9999928567086066,7.619557391748219e-14,3.5720733141143516e-06,3.5712198009424686e-06,0
0.9999935490221817,8.506086625076194e-14,2.9488190287889934e-06,3.5021601857140018e-06,0
0.9999944503078332,3.4903253024886016e-13,6.952426185830499e-07,4.854448299993123e-06,0
0.9999362549697149,1.3853271234618962e-14,1.2392956653369787e-07,6.362110223482688e-05,0
0.9999630689470286,1.6607528062831633e-13,8.201224937877306e-07,3.61109303448659e-05,0
0.9999965415978072,1.548855752162882e-13,1.2791265171284392e-07,3.3304875864518135e-06,0
0.9999921727737103,3.7823245013827927e-16,6.831948742956836e-11,7.82715745679958e-06,0
0.999993482145651,2.2813424625262553e-15,3.5434062861352865e-11,6.517820425281297e-06,0
0.9999849933517961,7.342440010866218e-16,1.648256543750018e-11,1.5006630679940955e-05,0
0.999991773803415,5.214824111405201e-15,3.1475541273157893e-12,8.226193448656583e-06,0
0.9999659811839917,2.713006713298781e-16,3.373020682627939e-12,3.401881233214748e-05,0
0.999987461704611,6.574075140213226e-15,6.809060561872531e-11,1.2538226477570344e-05,0
0.9999870069303238,5.469443187385081e-16,8.599637881420282e-11,1.2992985358934807e-05,0
0.9999967024032032,6.594037423246461e-15,4.9396657367812155e-09,3.2926563501063523e-06,0
0.9999957454728712,2.349311815523033e-15,4.683551547774934e-10,4.254059938767884e-06,0
0.9999864320027025,2.3958601606460555e-16,1.207071149985092e-10,1.3567876736573041e-05,0
0.9999969940408551,1.4154976080761811e-14,3.977646556645067e-08,2.9661829602233745e-06,0
0.9999968778587198,2.2502420955714166e-15,1.4435479789846637e-08,3.107706749136079e-06,0
0.9999969257198208,2.9542375995795187e-15,9.127726932870774e-09,3.0651525516716724e-06,0
0.9999948573809335,2.7760758244761935e-15,1.3910585742430526e-08,5.128707033537908e-06,0
0.9999949524990428,8.330473186812616e-15,9.511982381235276e-09,5.037990559885524e-06,0
0.9999852484066953,8.805035399214948e-15,1.9707418182337844e-08,1.4731884750946031e-05,0
0.9999791170882869,2.9807885804740306e-14,7.781953688020103e-08,2.080509341452961e-05,0
0.9999945202766938,1.0914769966484342e-14,9.084969777354897e-09,5.470638513347076e-06,0
0.999996041912357,7.521195212244461e-15,3.4378791489039525e-09,3.954648207964115e-06,0
0.999988307982816,3.424283315861343e-15,1.728012283605763e-08,1.167473761890929e-05,0
0.9999927285762785,1.4791168999575932e-13,6.046053985977258e-07,6.666816459577597e-06,0
0.9999772472589082,6.638873210004874e-13,1.2988853937881158e-05,9.763886663884998e-06,0
0.999931800984167,1.8015062420336113e-12,5.9398759195098365e-05,8.800256359710458e-06,0
0.9999875014672215,6.205491433904728e-13,8.422768964192292e-06,4.075762597522041e-06,0
0.9999940727969387,1.1155347224140903e-12,1.8641839558410493e-06,4.063017752665354e-06,0
0.9998308066708848,9.469765290817133e-12,9.377338141154322e-05,7.541993875167075e-05,0
0.9998349580022206,6.067425415372426e-10,8.45649774083431e-05,8.047641482315375e-05,0
0.9991362970728425,7.671598032332604e-11,0.00039259701022386435,0.0004711058391191957,0
0.9996795499805616,1.636671095695586e-09,0.0002982017556051605,2.224662689885758e-05,0
0.9994852330774378,7.128013534532698e-10,0.0005031309257896695,1.1635284110034604e-05,0
0.9984711684570861,6.122524476701264e-10,0.0014654026945421308,6.342823491884814e-05,0
0.9944021466367571,7.356489932376081e-09,0.005545507386958232,5.2338620369747834e-05,0
0.9947886193376392,1.0904264421312257e-08,0.005175105320312003,3.626443628264161e-05,0
0.9969111116714755,2.406353815070173e-09,0.0029991294432756945,8.975648044206993e-05,0
0.9989663088061417,1.0992010146134607e-09,0.0009672062759057527,6.648381913535977e-05,0
0.9983072225466959,5.522578979427658e-09,0.0016387348873767283,5.4037043504378544e-05,0
0.9513830675130767,1.1813540175374486e-08,0.04780148834164448,0.0008154323328558126,0
0.7281889914594278,3.325148835484657e-07,0.2707958028592377,0.0010148731670101341,0
0.3967160919385571,7.034886200453783e-07,0.602364646936338,0.0009185576352324203,2
0.19106541549783687,1.383217127872671e-06,0.8084529958186117,0.00048020546532191163,2
0.08569945640219612,2.454976402944276e-06,0.9141337413178107,0.00016434730359661773,2
0.03926117510233341,2.7410514556907614e-06,0.9606459134576575,9.017039010353365e-05,2
0.02638077736634337,3.2787683153813764e-06,0.9735010017734359,0.00011494209041367415,2
0.021795594457973393,1.142750873192032e-05,0.9763598636636737,0.0018331143713690404,2
0.019539291691857464,1.9674204038595483e-05,0.944409643219866,0.03603139088473147,2
0.010731566154218938,1.859205949014258e-08,0.7647491896515156,0.22451922560394108,2
0.0612725425788395,0.0002037835205160731,0.9003193230569498,0.038204350843157334,2
0.0741531514965234,9.063428211563143e-05,0.8756291109339973,0.050127103285708983,2
0.06937945700771593,6.445139058218122e-05,0.6515022219600537,0.27905386964110857,2
8.116737363454566e-07,2.641973605665049e-13,0.00016598254695852446,0.9998332057803773,3
0.006415573170396997,3.45863321701011e-05,0.03396648122466994,0.9595833592723648,3
0.020571952464521155,0.0009779641201028684,0.05868115739868049,0.9197689260180699,3
5.021187153548454e-06,2.0496281719409183e-10,6.912610423825716e-05,0.9999258525045889,3
9.931310873281858e-05,1.1890132810256348e-05,0.0021160447889541703,0.9977727519702797,3
4.261075577211439e-25,3.4418183634746232e-34,4.0251527369874126e-21,1.0,3
3.806511451189007e-44,2.1540434659703274e-59,5.4314031199203635e-37,1.0,3
2.5057868513669445e-51,1.091211564920483e-71,1.66765021886512e-44,1.0,3
0.005763570217406982,0.00019544884761979814,0.01367378511146982,0.9803671958243779,3
7.587557645408938e-17,8.36848768664594e-26,8.821794744792053e-15,1.0,3
1.7453150557858e-21,7.545828018329896e-29,1.0023712697351547e-18,1.0,3
9.696880781417056e-07,2.657999223575721e-10,2.690892264220546e-06,0.9999963391522831,3
2.1253515084766485e-16,3.135026782646728e-22,7.319355660743568e-14,1.0,3
7.813174182137736e-13,2.662379991289143e-22,5.548452877923431e-12,0.999999999992724,3
1.5712691579620477e-12,5.805393470445701e-20,1.766198341582563e-10,0.999999999821739,3
2.8516936024666216e-10,1.8707404073060724e-15,4.491531139186839e-09,0.9999999952233338,3
0.00018026011485480322,2.107564310253057e-05,0.0013434032699754224,0.9984552609731633,3
2.3875436155660052e-17,9.378343086770832e-23,3.141689178785093e-13,1.0,3
5.1098388574305015e-22,1.4834120087184188e-26,2.5118165011450205e-17,1.0,3
7.12737362229036e-14,1.8772562398443268e-11,8.277733637221456e-10,0.9999999991523509,3
1.7071304281917934e-09,0.00013746429118836315,1.5872658651797795e-05,0.9998466613429529,3
1.5538445187286522e-06,0.01575636633605307,0.0051452389284441045,0.9790968408911364,3
4.824876022763115e-07,0.009608542225929152,0.0069098863246072765,0.9834810889608752,3
1.7981755559080866e-05,0.004566046293637801,0.01359033126385675,0.9818256406866664,3
6.678548751102401e-11,1.2160951969192434e-05,5.096445360773702e-06,0.9999827425342394,3
3.886724878653546e-12,0.012939576479345747,2.8727336253439584e-08,0.9870603947901593,3
1.0797893422541218e-09,0.19343652991411028,1.7799821604600232e-06,0.8065616890243781,3
6.080395602650617e-13,0.0035143861872430435,9.05950498990806e-09,0.9964856047539122,3
4.348598303033278e-07,0.399640169071078,0.0011393480987123266,0.5992200479709191,3
5.7785452861245984e-09,0.43020175763007795,2.682301038660859e-05,0.5697714135824378,3
6.247659305151815e-10,0.3694765409087065,3.001752359468112e-06,0.6305204567130683,3
5.551724463967853e-15,0.2823976522291736,1.1039270930588564e-10,0.717602347658737,3
9.896223668857216e-17,0.9462749705359804,2.923896000599176e-13,0.05372502946364934,1
1.4002952206759116e-17,0.9962735739949479,5.824878206910834e-14,0.0037264260040723416,1
5.801277279858724e-18,0.999065548823174,1.325528071147124e-14,0.0009344511772435436,1
9.518383376921305e-15,0.9958081361273152,2.439915767058077e-10,0.004191863628581066,1
1.6880829432263675e-13,0.9517776143074359,7.73285844086553e-09,0.048222377961166886,1
6.665274755289552e-29,0.1270251396348108,2.6584476346015936e-31,0.8729748603657109,3
1.1118859092688236e-21,0.08464496149690426,1.1859504231662844e-22,0.9153550385028294,3
4.947284869055376e-28,0.006952505162814048,1.5880371502616124e-32,0.9930474948362512,3
7.573156562659168e-33,0.00014226593796257922,1.3480953578204511e-40,0.9998577340628721,3
1.2495176405354869e-29,3.9110919044237804e-05,8.432389344181499e-35,0.9999608890802516,3
1.195487062029655e-30,0.0004406406552231687,1.8055724470466742e-37,0.9995593593432737,3
1.0287583012883304e-28,0.0008760665120884901,4.876626962870174e-34,0.9991239334886556,3
3.278057812474901e-28,0.00015953009589901175,6.203519140165647e-33,0.9998404699042039,3
7.150101217661737e-35,1.3006948207156414e-05,4.761224072089122e-44,0.9999869930516151,3
5.011545345056086e-26,0.0029045028465201524,5.273479710136537e-30,0.9970954971533666,3
3.060264588145449e-26,0.003285279880310076,6.816630366880606e-30,0.9967147201180668,3
1.7594252822353505e-24,0.008572300539084095,1.6532032481379018e-27,0.9914276994600597,3
7.149238964189356e-26,0.011781662067359276,3.022419945033653e-29,0.9882183379312259,3
1.5524356932264486e-26,0.027151267090156316,1.574162816372973e-29,0.9728487329083287,3
4.224653447167247e-24,0.4048112417525139,2.1923346918350149e-26,0.5951887582488097,1
2.4382196645722944e-24,0.618243537589883,1.152840221475626e-25,0.3817564624116558,1
5.601075349268606e-21,0.8869442591156695,1.994670375061659e-20,0.11305574088562129,1
6.933962254458427e-22,0.9597868047293895,2.9812310702111305e-20,0.0402131952701674,1
4.779025583508854e-21,0.9965544736659532,2.8489153258223755e-19,0.003445526334189397,1
1.7174634110096385e-21,0.9986664228083999,7.42467652566354e-19,0.0013335771910636964,1
8.556179036993006e-22,0.9980521641423712,5.195903018794442e-20,0.0019478358584285379,1
2.492540711892643e-22,0.9858471413062336,2.6029720649390793e-19,0.014152858692466677,1
3.1901387439233757e-20,0.9960988075477145,6.0263693230876595e-19,0.003901192453395569,1
6.552580166835541e-18,0.9827809366114652,2.2094476534328436e-13,0.017219063388724365,1
1.2600720715917539e-17,0.9959024728911414,4.7850064971654215e-14,0.004097527108699357,1
7.26869632945615e-15,0.9975361683518668,1.5024912345408348e-09,0.002463830145049259,1
6.245439791200691e-14,0.9989029937141087,3.2573013177775266e-09,0.0010970030293704892,1
7.187931439424414e-13,0.9950320487115573,2.844211829749765e-08,0.004967922844987719,1
1.4213297470626692e-13,0.8413778944039946,1.213934144721753e-08,0.15862209345509243,1
8.143138700272181e-16,0.04615112056594196,1.7087314839778207e-09,0.953848877724023,3
1.9742028499273283e-12,0.9804584538642376,9.985157614305441e-08,0.019541446282461933,1
2.809425346278341e-11,0.9980523475387744,1.6206900397435122e-06,0.0019460317439488014,1
1.122977020465203e-09,0.9957931355270628,0.0005953805453409059,0.003611482803434442,1
1.477157062377097e-07,0.9702650165051275,0.010147407728714716,0.019587428052080115,1
0.002660288120887397,0.01577931077566212,0.9418743862977711,0.03968601480574104,2
0.07429584622298152,0.0003945786701400315,0.9217430033376267,0.003566571768574171,2
0.4187983212651793,6.916021979442708e-07,0.5791596193879331,0.00204136774614104,2
0.9773521857919133,1.4602949120750119e-08,0.022169782473098042,0.0004780171304414885,0
0.9992629791650053,2.1407518412425084e-10,0.0006812958215215125,5.57248006356921e-05,0
0.9999810947160682,9.874231147954874e-12,1.2112885522182235e-05,6.792387542227485e-06,0
0.9999573831760167,2.130312572558923e-12,3.160144253926051e-05,1.1015379854590476e-05,0
0.9999739914891368,3.2836503421851964e-13,9.997211261506714e-06,1.601129959302461e-05,0
0.9999932290822506,5.332795082741773e-13,2.6214904854018734e-06,4.149427984590876e-06,0
0.9999862211337822,1.3716925933831917e-13,4.865979606594839e-06,8.912886640527862e-06,0
0.9999923808463012,5.896388517051234e-14,1.644699293882588e-06,5.974454685615225e-06,0
0.9999962130967869,2.1555704784609714e-15,1.876538900893426e-09,3.7850282490000708e-06,0
0.9999966947416451,1.6714893135802547e-15,9.402706151512955e-10,3.3043182041420256e-06,0
0.9999931342880832,5.202585208965208e-16,2.335264253459701e-11,6.865687219076567e-06,0
0.9999905100644453,1.4016161620683037e-15,1.1098666905887413e-11,9.489923646927234e-06,0
0.9999835195242837,1.5381156178008457e-16,2.0164096354983312e-12,1.6480475105053343e-05,0
0.9999961953580695,1.3462035332610678e-14,2.200707122613243e-08,3.7826351805868335e-06,0
0.99999696205948,4.219105239553606e-15,5.027804025181113e-08,2.9876609240485967e-06,0
0.999996701431866,6.452982315521007e-15,2.0528555868073992e-08,3.278039315598063e-06,0
0.9999911015579811,5.214901236613949e-16,6.055450590342132e-09,8.892385044538748e-06,0
0.9999971368783978,3.4632828280838265e-15,5.663995068546867e-09,2.8574565411772145e-06,0
0.999997073323092,3.10663476716225e-15,6.090016954135051e-09,2.920586316912584e-06,0
0.9999927759387813,1.6190985149799743e-15,2.893156563502264e-10,7.2237722332922795e-06,0
0.999978234551638,2.5061591640705275e-16,1.9513054010906054e-11,2.1765430619197485e-05,0
0.9999934692418243,4.0639225454904186e-15,8.069064383327314e-12,6.530751220323497e-06,0
0.9999856105803984,5.955398793776608e-16,5.752620542686833e-13,1.4389418551757629e-05,0
0.9999803872010242,6.8101193192842535e-15,1.038019803888053e-13,1.9612800644732836e-05,0
0.9998631212848026,3.692439538001123e-15,8.668764415243153e-16,0.0001368787151728737,0
0.9998332763672211,1.880427443775638e-14,2.380346023238533e-16,0.000166723631151522,0
0.9998360373948397,6.0049541800387014e-15,3.775963901118042e-16,0.00016396260456847387,0
0.9999505462370218,6.7062363405162966e-15,4.30124533004998e-13,4.9453761512344796e-05,0
0.9999800490575833,1.3190779808488019e-14,1.1723336641527918e-13,1.9950941167713396e-05,0
0.999937119091401,2.0625759571554536e-15,3.927817132618643e-14,6.288090847275794e-05,0
0.9999527202171072,6.237778586144208e-16,4.2055420004839186e-14,4.727978241841517e-05,0
0.9999940589872531,1.0836531140836547e-14,2.548729759376063e-10,5.940758453026648e-06,0
0.9999926720606903,1.8376047909268907e-15,1.2104619491347362e-10,7.327817138740667e-06,0
0.9999856461193025,3.7161286861075624e-15,4.4819334080306965e-09,1.434939754367274e-05,0
0.9999937919394031,9.488581714842026e-15,2.6250012460714293e-09,6.205436510872413e-06,0
0.9999890221827199,1.4896930631473225e-15,1.5494417766772701e-09,1.097626881205994e-05,0
0.9999957806956328,4.085640887690465e-15,4.47876411799176e-09,4.2148256270374284e-06,0
0.999996356039719,3.880620206629556e-15,2.315297637844033e-08,3.620806507806256e-06,0
0.9999967944728714,2.0358995928071968e-14,6.573768702702761e-08,3.1397892827402296e-06,0
0.9999874811566399,2.0137031904849295e-15,4.675941943562256e-08,1.2472083395017913e-05,0
0.9999954906299344,2.2011073777774675e-14,6.209295324184841e-08,4.447277839891449e-06,0
0.999994497815936,5.034535222635404e-14,7.494354230237785e-08,5.4272400087597595e-06,0
0.9999653894397512,1.5575780423312496e-15,7.132564069139881e-08,3.45392356118264e-05,0
0.9999966424531499,1.5974669806590538e-13,2.011119377103667e-07,3.156433460976362e-06,0
0.9999895382863268,9.361131422851014e-14,5.411753960784836e-06,5.049960308199069e-06,0
0.999994295949261,3.0807094616127263e-15,5.672616279378122e-09,5.698378710959717e-06,0
0.9999966163907575,4.8705049066900395e-15,4.774923421740583e-09,3.37883293861303e-06,0
0.9999943630695893,2.1812373856193674e-15,6.135662075853547e-09,5.63079362774313e-06,0
0.9999893006669792,4.0624475816112716e-13,4.4804904141342216e-06,6.218843927226673e-06,0
0.9999399089258197,1.2537157831820575e-11,4.413235402032071e-05,1.5958707739616528e-05,0
0.9975987431776632,1.554070504392107e-09,0.00233497935404255,6.62759132628812e-05,0
0.8877641647711219,2.1669998865350333e-08,0.11180035288965427,0.00043546067002308593,0
0.6178943410500051,4.251173852682276e-07,0.38163468795107436,0.0004705458804366259,0
0.3392562260216566,1.2659817004773943e-06,0.6601460969663574,0.0005964110307107993,0
0.0026455457124196116,1.919602876103605e-05,0.9960695838317905,0.0012656744255838425,2
2.4884844880520323e-05,5.28087989921258e-05,0.9997780064301026,0.00014429992724573196,2
3.1869658074634616e-06,6.594442321903416e-05,0.99955129853798,0.0003795700739693489,2
2.782886026852229e-06,6.953095393359473e-05,0.9997344933446844,0.0001931928136663183,2
2.795677084898548e-06,5.263052458121503e-05,0.9995906428171534,0.00035393097961898047,2
3.4277893737794104e-06,0.00011858670209598743,0.9997816826021728,9.630290508255965e-05,2
4.543693058776647e-06,0.00022169532996036523,0.9996914827698742,8.227820756921915e-05,2
5.494259022516576e-06,0.0007216559440639917,0.9990699638254541,0.00020288597036301385,2
3.691320781174616e-06,0.005171971742133834,0.9940435882551464,0.0007807486805306614,2
1.0794568904316199e-05,0.016180528892824834,0.9728830444909957,0.010925632047592485,2
2.738836310891306e-05,0.021923115885640675,0.7803360417112942,0.19771345403829207,2
1.7810662118081123e-11,3.169779182163371e-10,6.467361002060457e-05,0.9999353260569235,3
6.26718037649193e-06,0.8001766685425299,0.10580223661369534,0.09401482766238288,1
6.994081367586657e-07,0.8917821896028514,0.1000859228971378,0.008131188091308085,1
1.6626314845157748e-07,0.9275144714497732,0.07026681004852055,0.002218552239830757,1
5.134014356835023e-08,0.9608361756786505,0.03614679238223585,0.003016980600090531,1
3.047421028918171e-08,0.9851528023762198,0.013550376556925,0.0012967905938021248,1
2.37643524476524e-09,0.9950719106388299,0.0029791249740956476,0.0019489620106589896,1
8.540969680394382e-10,0.9988890212118559,0.00046240998443374963,0.0006485679508050497,1
3.955947352196962e-11,0.998524546663552,7.997399832469632e-05,0.001395479298428415,1
1.925038743422512e-11,0.9995415565078875,2.703661218370684e-05,0.00043140685927876713,1
8.40084425151632e-12,0.9996909566550881,1.923760658035469e-05,0.0002898057317198012,1
3.783675772048186e-12,0.9996035844545731,9.09538186633469e-06,0.0003873201615405857,1
6.236998822201368e-11,0.9994551873699072,7.56684245008606e-05,0.00046914414338518795,1
5.120470202712593e-10,0.9924821441295466,0.0015288247285947974,0.0059890306295723944,1
5.285047810769269e-08,0.9114472574924738,0.05647530388956915,0.03207738576861528,1
2.3932080434610717e-06,0.7750407600278123,0.21812130791417977,0.006835538851528497,1
2.804461910933344e-06,0.7195153499794514,0.2598417446354299,0.020640100921594153,1
1.5755787368615156e-05,0.5404037556907547,0.2530717169223036,0.20650877160007836,1
3.784204346103289e-10,4.156018226855999e-09,0.00016784665125783556,0.9998321488151894,3
9.675510988025806e-07,0.01008858853021802,0.010532804618740876,0.979377639298806,3
3.4486793153848885e-06,0.079977341172258,0.02811289582944787,0.8919063143180188,3
4.5941299691934184e-07,0.09504532528949695,0.025485831760005833,0.8794683835391441,3
1.2538849410696033e-07,0.6299057852552412,0.020395334691743993,0.34969875466294403,1
4.139672248184906e-08,0.9680864600200014,0.009168125591711384,0.022745372991596336,1
1.4182019759886846e-08,0.9923061698573462,0.005917655316789727,0.0017761606427055562,1
6.995289736432941e-09,0.9954619834791424,0.004058917634607014,0.000479091891663967,1
2.134961496916088e-09,0.9965319082585258,0.002964645758583939,0.0005034438481827501,1
8.905176202832567e-13,0.9997981494071424,5.107629356377581e-06,0.00019674296096388043,1
1.6807600760566386e-14,0.999871896014711,2.3627559340534695e-07,0.00012786771050511634,1
5.941519158493028e-14,0.9998138909395724,5.09776472865109e-07,0.00018559928362027464,1
7.92593305142927e-14,0.9994547020299015,9.48877440515801e-07,0.0005443490921254024,1
3.504093442599337e-13,0.9996693349850817,1.4378273095568177e-06,0.0003292271878997223,1
5.082229529827902e-12,0.9996823628520891,2.900983011024481e-06,0.0003147361598111862,1
2.6194113195618595e-13,0.9966378001464399,2.519758771982232e-06,0.003359680093416099,1
5.745007073428397e-14,0.9995329641891962,4.060715141811309e-08,0.00046699520450947706,1
1.9180262174341403e-14,0.9997087273897665,6.813990024939716e-08,0.00029120446855874474,1
1.607533768359634e-13,0.9996433971997511,1.7086980351013557e-07,0.00035643192872735857,1
9.431635075857673e-14,0.9976076006787042,1.4306114048979788e-06,0.0023909687085196373,1
4.3961882962583797e-13,0.9998088706537364,6.555274585176256e-07,0.00019047381945352617,1
8.522812647769528e-14,0.9998339449201051,1.226723036120233e-06,0.0001648283557202128,1
3.9788049422192264e-13,0.9997953994685987,3.2459712202958306e-06,0.00020135455874630486,1
1.5297877209661806e-11,0.9997245767254068,5.086055151171031e-05,0.00022456270745248576,1
5.703408454724289e-10,0.998536518350425,0.0009560221155929618,0.0005074589648627301,1
3.6478901808815333e-09,0.9968998495820791,0.00215276177701028,0.0009473849915826119,1
6.884387660167335e-09,0.9969573960131587,0.002461715129168521,0.0005808819744228721,1
2.5345912436002277e-09,0.9971444619175216,0.0019306112518902815,0.0009249242974979302,1
2.2797386405003317e-09,0.9980916923399055,0.0013886811432529138,0.0005196242362645197,1
1.885041273004139e-09,0.9986851202844167,0.0007256974070715352,0.0005891804231789181,1
9.973573756582298e-13,0.998885836260039,3.887214580739403e-06,0.001110276525267965,1
3.902090797237302e-14,0.9996986379249954,1.6031973903874302e-07,0.00030120175677729786,1
2.4991649895074333e-14,0.9998527459810574,2.2275970667978535e-07,0.00014703125937684465,1
2.4267381817240964e-14,0.9997703985298572,3.16334253396163e-07,0.00022928513731805496,1
5.775948093862575e-14,0.9997051944199954,5.146603380880055e-07,0.00029429092011953563,1
1.5352647292747583e-12,0.9997141064404128,8.932282943612547e-07,0.0002850003297559343,1
4.674971494344779e-11,0.9956746626201927,1.3175891563444998e-05,0.00431216144082285,1
1.3154638394533934e-11,0.9343181263080955,3.21233038197459e-05,0.06564975037549868,1
2.540182774984276e-09,0.9823949257135048,0.00020786309173480326,0.017397208654996322,1
3.2935111962805924e-09,0.9978231917060946,0.00033684390026416955,0.0018399611008784364,1
2.2958384106325164e-09,0.9965697680779821,0.0010631980365710305,0.0023670315903281535,1
8.13276754195612e-09,0.989477230074484,0.0041486186300181945,0.006374143162290709,1
4.022611947207052e-08,0.9771406413416441,0.011909452356945228,0.010949866076138402,1
9.779473360398418e-08,0.977914662288103,0.019627170519457875,0.0024580693970101004,1
5.839355063194482e-08,0.9582041798753362,0.03720838650932248,0.004587375223246882,1
1.2342560766058396e-07,0.9158900535161428,0.07867432540409743,0.005435497652814573,1
2.479202936809277e-07,0.7492382409030011,0.23867096950159436,0.012090541675330345,1
1.9770607764588844e-06,0.23419267397206228,0.7592416228216594,0.006563726146198357,2
3.056876927621567e-06,0.11678881868903687,0.8805414353018775,0.0026666891322085166,2
2.4322539147325627e-06,0.06552556944097779,0.9330917603302648,0.0013802379744168366,2
2.12454404070896e-06,0.03282799712507228,0.9650807480329863,0.0020891302975455934,2
2.2056821851014233e-06,0.017398771828028563,0.9818963672151014,0.0007026552751049837,2
2.718735995233837e-06,0.004031571434720305,0.9954274188105467,0.0005382910188035835,2
2.9957690877066812e-06,0.0011946309012118071,0.9986253885215162,0.0001769848087001338,2
3.3426560637309036e-06,0.00038108999628428064,0.9995124333428356,0.0001031340052153695,2
4.27889935140217e-06,6.769430221546501e-05,0.9998216717111532,0.00010635508646597794,2
6.315394051834817e-06,1.2777619798849706e-05,0.9998945111784027,8.639580910402322e-05,2
9.626007813765804e-06,8.616081476560015e-06,0.9999115307719739,7.022713776232943e-05,2
8.115563108385715e-06,1.660204166914602e-05,0.9999331420999682,4.214029532294502e-05,2
7.683156685799219e-06,1.7208238853398552e-05,0.9999311444140061,4.396418931331621e-05,2
6.7221782760181224e-06,1.1031340354875571e-05,0.9998960533270967,8.619315359108619e-05,2
7.06392380313457e-05,3.6446630794124394e-06,0.9998800771781463,4.5638919084995683e-05,2
0.00027138589697892464,4.317367920052796e-06,0.9996713367303415,5.2960003927040985e-05,2
0.0021250552280803877,1.8316879467514746e-05,0.9972579207217908,0.0005987071711668877,2
0.005582608264216221,0.00021483222575393628,0.9654265740701068,0.02877598544141281,2
0.00020734194670194526,9.444384221934641e-11,0.13781032772987653,0.861982330227984,3
0.01602180591268771,0.00028981515661002824,0.2956669492769743,0.6880214296540053,3
0.013681331418129916,2.401967235590149e-06,0.2848839471190848,0.7014323194941792,3
0.007956238962385783,3.0214671967208877e-07,0.30589465540394706,0.6861488034852203,3
0.0031090183425747124,8.92810388427544e-06,0.7069627545597219,0.28991929899357827,2
0.0013567598542361923,1.3164821408039547e-05,0.9543930430832277,0.044237032240932395,2
0.00053459239999278,1.6261064850486034e-05,0.9982847089381521,0.0011644375955724242,2
6.771838183003094e-05,3.7030450060261593e-06,0.9998066065419015,0.00012197203297150299,2
3.274306706677385e-05,1.2182517542665614e-06,0.9998014021347007,0.00016463654778149758,2
2.8713598368358623e-05,2.3645846662362886e-06,0.999882980690635,8.594112671585386e-05,2
2.3099203604274604e-05,3.821026690615272e-06,0.9998191979696821,0.0001538817999256144,2
1.7112164613381125e-05,1.253158186364468e-07,0.997905698324429,0.0020770641958364356,2
2.8636222489864045e-05,7.468253182926764e-06,0.9999058091140773,5.8086408866688125e-05,2
1.11738858145972e-05,1.342776827532187e-05,0.9999164329014198,5.8965445307694055e-05,2
2.7765440635001063e-06,1.359236902993207e-05,0.9991294480353646,0.0008541830520033121,2
2.226206103962356e-06,1.1060889543136843e-05,0.9991851859716142,0.0008015269326159176,2
5.224541452838596e-06,2.392752672063074e-05,0.9998948328473463,7.601508414485276e-05,2
9.467200812070629e-06,1.2951894106040091e-05,0.9998614551781019,0.00011612572631267198,2
6.108567406306168e-06,1.1173137635248669e-06,0.9982954694672234,0.0016973046516127548,2
1.5562047892765387e-05,9.466066697509678e-06,0.999872229832951,0.000102742051344551,2
1.4390459677381135e-05,7.730209629958378e-06,0.9999379519582591,3.992737129789271e-05,2
1.485689662749416e-05,4.087714511963809e-06,0.9998907272900863,9.032809746191261e-05,2
1.2336197732056963e-05,2.807421446271869e-06,0.9998585137093448,0.00012634266973021052,2
2.531725968493455e-05,2.1719730359666516e-06,0.999886334869418,8.61758989466884e-05,2
1.3397302004428246e-05,5.5751382618926575e-06,0.9998763502645042,0.00010467729363358178,2
0.00010573958102212382,7.148017697004151e-07,0.9996439280753832,0.0002496175431865709,2
9.410410038865943e-05,2.5568130075062996e-06,0.9998408919589088,6.244712802579035e-05,2
0.00011853225383687698,3.212847888848531e-06,0.9998219681099485,5.628678882781793e-05,2
0.0003855789651761029,1.5608797412731868e-06,0.9995122966615333,0.00010056349216295859,2
0.0002558499586095586,1.6754337171790677e-06,0.9996564019773571,8.607263122265956e-05,2
0.00016685219481404453,2.462182638691932e-06,0.9997735570011834,5.7128620500605954e-05,2
0.00015426516903540457,2.2518960626388457e-06,0.9997843546633901,5.912827104280009e-05,2
0.00011850474405547564,2.962827771512016e-06,0.9998345094553679,4.4022972112095675e-05,2
6.105962791592851e-05,3.4675680656907136e-06,0.9998869490688693,4.8523736891310927e-05,2
4.191676913779063e-05,2.8278499859035442e-06,0.9998843585494079,7.089683192257694e-05,2
7.392139332506726e-05,2.241221274520616e-06,0.9998472806104264,7.655677324141303e-05,2
6.150513687668304e-05,3.921073412808556e-06,0.9998950452684372,3.952852301770366e-05,2
3.2851566410359425e-05,4.3194157130791e-06,0.999922068675915,4.076034376512915e-05,2
2.966987774109212e-05,3.9793025092381855e-06,0.999915271916358,5.107890481337474e-05,2
3.290917408577048e-05,3.6733739707767e-06,0.9999170275595702,4.638989069686194e-05,2
5.6104780040204545e-05,2.9323436666045453e-06,0.9998829155420612,5.80473356445952e-05,2
6.426980335907043e-05,3.9625094281386894e-06,0.9998925796245767,3.918806148547902e-05,2
0.00013874391892874038,7.283785552641768e-07,0.9995853338001184,0.0002751939026877155,2
7.067401421213389e-05,3.2594647727650584e-06,0.9998757348020666,5.03317186536744e-05,2
9.221927221584201e-05,3.26437581800383e-06,0.9998510587181246,5.345763543844253e-05,2
5.485130262701436e-05,3.9317751253121796e-06,0.9999042164090995,3.700051426626197e-05,2
4.091714042697352e-05,2.860966641596029e-06,0.9998881942308356,6.802766030941269e-05,2
2.6140670184847112e-05,3.704037559246425e-06,0.9999052704312367,6.488486020753805e-05,2
4.755068234680368e-05,4.2014228926849377e-07,0.9995036615166231,0.00044836765913784475,2
3.527281369886259e-05,4.283140973696765e-06,0.999911739180638,4.870486556493615e-05,2
1.420657630163801e-05,6.630542486827202e-06,0.9999227206966322,5.6442182933347025e-05,2
5.872291341478057e-06,1.454463077984506e-05,0.9998690422190545,0.00011054085735420487,2
4.609023983241589e-06,2.6449025764477845e-05,0.9998802512382091,8.869071123008415e-05,2
3.668166859194952e-06,2.8666032745287953e-05,0.9998542818380244,0.00011338396362585336,2
1.567373947103099e-05,5.8519821637942685e-06,0.9999142624960239,6.421178080209319e-05,2
2.8704082058345075e-05,5.529859956510183e-06,0.9999224496954683,4.3316361587571716e-05,2
1.9778876080413096e-05,6.394954927081682e-06,0.99992969678471,4.412938587787278e-05,2
1.633954384801862e-05,7.27488342493931e-06,0.9999309929462862,4.539262808751907e-05,2
1.6179665978900603e-05,7.643781388616754e-06,0.9999316947333343,4.448181953943712e-05,2
1.8670066828524437e-05,5.291521385074914e-06,0.9999288934957543,4.714491714590699e-05,2
3.101878472169993e-05,4.634695470419689e-06,0.9999268630570387,3.7483462863414846e-05,2
2.615328114762741e-05,5.951302058089843e-06,0.9999293629436464,3.853247181596354e-05,2
2.7323421262099235e-05,1.5000429685777024e-06,0.999825759791141,0.00014541674505204907,2
2.436616680430333e-05,1.5628790917516424e-06,0.9998371802755657,0.00013689067960999127,2
2.4305862140693507e-05,5.7307593767388426e-06,0.9999316439979109,3.831938224174978e-05,2
1.8612915146167126e-05,6.947368960303562e-06,0.9999123977242196,6.204199309191068e-05,2
1.4950754650845936e-05,6.041294359534013e-06,0.9998638126937632,0.00011519525732359357,2
3.1493060886607386e-05,1.730515444187893e-06,0.9998434460353117,0.00012333038951295642,2
6.666927391693196e-05,2.6527269782093737e-06,0.9998387388823344,9.193911856392256e-05,2
9.670619979200436e-05,1.7975257224296326e-06,0.9998220319305625,7.946434418499838e-05,2
7.041221903161014e-05,3.0442959091062866e-06,0.9998758090294398,5.0734456745940595e-05,2
2.7175835632405326e-05,1.35379596487475e-06,0.9996712609397839,0.00030020942877852225,2
1.187469376008566e-05,2.576943032257162e-05,0.9989977707217816,0.0009645851533602626,2
5.008068616978392e-06,0.00029933970168331435,0.9797701588622779,0.019925493367714067,2
3.6588375664914537e-06,0.019519849423687962,0.9764902578400609,0.003986233897465037,2
2.2677221306860987e-06,0.050480772210308646,0.9450084233603357,0.004508536708113237,2
1.7734005860029443e-06,0.15225409785537566,0.8422508035762255,0.005493325167225514,2
1.47367485009298e-06,0.3295992560811251,0.6648715502662568,0.005527719977534572,2
6.635432364453748e-07,0.5249696345100343,0.46523617353133656,0.009793528417171946,2
2.2517509670345563e-07,0.8014846454544846,0.19161269658128077,0.006902432788538574,1
8.624406004072609e-08,0.9163460554971001,0.08077525291670233,0.002878605341945229,1
1.964334561505822e-08,0.9810142589000471,0.01707858062002985,0.001907140837968575,1
2.0907447975942488e-08,0.9955737834767038,0.0032533778648148773,0.0011728177493934,1
2.152790842726618e-09,0.9926378970009543,0.0006865250680641148,0.0066755757780965425,1
1.2923870575220447e-12,0.994955796097735,2.4449747119096094e-06,0.005041758924457504,1
2.9054126731162963e-12,0.9996026736043788,5.829386623607571e-07,0.00039674345579354914,1
3.329669118916938e-14,0.9992698298667161,4.612174919452943e-07,0.0007297089151666485,1
1.5403463921224322e-13,0.999835035467471,1.6569140491339166e-07,0.00016479883921975648,1
6.524470100866427e-13,0.999303899911681,2.9356276352614616e-06,0.0006931644618049943,1
2.774190394237924e-12,0.9989220499434639,2.005337309989129e-06,0.001075944717359009,1
2.0079354292679544e-11,0.9982095346886183,1.5122311949492285e-06,0.0017889530618978632,1
1.4030244477312665e-10,0.9818317073182214,1.0416327033241567e-05,0.0181578762136959,1
3.444205192984638e-15,0.1981425711498384,1.2899299179363532e-07,0.8018572998573692,3
5.1163056989763415e-11,0.9807526036026294,1.4578889034378548e-06,0.01924593845668032,1
5.81245461249089e-13,0.9961600163284507,5.78378929430778e-07,0.003839405293561274,1
9.315923292709346e-14,0.9998282317410824,1.2106137068803305e-07,0.00017164719911136613,1
2.0196712540200046e-14,0.9998699399841463,1.5544489879968981e-07,0.00012990456949097653,1
4.63865760366324e-16,0.9995641812000784,3.768865415024034e-09,0.0004358150325224449,1
2.6495090667364904e-14,0.9995964705486927,3.8300513818076555e-09,0.000403525619626212,1
8.804430727731115e-16,0.9901996618519225,1.9518770605545658e-08,0.009800318629904797,1
1.3263582598023968e-16,0.9994547511412875,2.4122460721387493e-11,0.0005452488359099997,1
1.259188144695545e-17,0.9998272573962884,9.92847012720078e-12,0.0001727425939478667,1
8.445229688906767e-19,0.9996425447183324,4.3892622048067856e-12,0.0003574552770677509,1
1.1397176649386293e-17,0.9998750430793097,2.439783132179228e-11,0.00012495689644924599,1
7.259438155483243e-18,0.9997783510303101,8.641767510536205e-11,0.00022164888159442985,1
2.0897738474503165e-16,0.9998188939042376,6.869350398586543e-11,0.00018110602664635613,1
1.4358658680635983e-17,0.996270528981202,2.1271849743906354e-10,0.0037294708059324414,1
3.2047031651652366e-17,0.9996306149606228,9.190086638885434e-12,0.00036938502966134013,1
2.667714277581999e-17,0.9998554622708441,5.6809681244161526e-12,0.0001445377231695825,1
2.224631493622803e-18,0.9981478906303272,1.837542641056402e-11,0.0018521093506822539,1
3.955289706528097e-17,0.9996462789430506,7.609910534958278e-12,0.0003537210505264147,1
1.0318578362336235e-18,0.9994440165266728,2.8779003602669904e-13,0.0005559834746811107,1
3.148645376012656e-19,0.9992606933107026,4.107852508958853e-14,0.0007393066897945889,1
2.406680108752866e-19,0.9994913069529628,4.930548552138895e-14,0.0005086930463498318,1
7.742691752628517e-20,0.9997382547941455,4.528079501033649e-15,0.00026174520703258126,1
3.2318815100323522e-21,0.9990340001735316,5.974752497084661e-16,0.0009659998266697968,1
4.800048824764065e-20,0.9997769498687992,4.864325124005378e-16,0.00022305012981029893,1
4.436549109666948e-22,0.9987310782105334,1.6937544011684335e-17,0.0012689217899500367,1
4.3612353394498806e-21,0.9993793634057333,3.034721002515882e-17,0.0006206365927754354,1
2.5707851764611348e-21,0.9992293044335777,2.9280190452509426e-17,0.0007706955665473212,1
2.579157311597422e-20,0.9990843519799812,9.156725036920139e-17,0.0009156480211007365,1
5.0444738963426544e-21,0.9957375002519134,2.758585438522772e-16,0.004262499749562434,1
2.4234116503605813e-20,0.9994034199119022,1.628469544072307e-16,0.000596580088293293,1
6.97990249542566e-21,0.9996946803500755,5.144084775873891e-16,0.0003053196493612464,1
2.1154975862924312e-21,0.9996437572567406,1.8953370689832138e-16,0.0003562427415400112,1
2.780826456656888e-21,0.999547952843037,6.347286909430895e-17,0.0004520471565247004,1
3.1573225918887662e-22,0.9990802560566349,1.2695621448491424e-17,0.0009197439450080972,1
1.9780992872938464e-21,0.9996010797676337,2.6186559568955455e-18,0.00039892023121025156,1
4.62154354878188e-22,0.9978335782464727,1.7272003631031453e-17,0.0021664217550605575,1
1.745097965750503e-21,0.9995541801139617,2.1187726592752337e-17,0.000445819887110734,1
2.5816115181588277e-21,0.9997612472822245,1.3073687946780438e-16,0.00023875271874761398,1
1.0396076801308412e-21,0.9996475722715652,7.313259995204697e-17,0.0003524277292498035,1
1.0525794024363159e-20,0.999621260942777,2.6009267187513905e-16,0.000378739056152183,1
7.28577115035714e-21,0.9988534441513883,3.8160428377558515e-15,0.0011465558486380262,1
1.2359889221562888e-18,0.9998334565444726,4.1193314168445105e-14,0.00016654345634986665,1
4.23269594231247e-18,0.9988257362798874,2.435126369196422e-13,0.0011742637203653202,1
6.666421010977086e-20,0.9880051690457735,5.992903962295845e-16,0.011994830953611898,1
3.1646914057303076e-18,0.9902032979089532,9.506229467413275e-15,0.00979670208940424,1
1.1303363728080766e-18,0.9964944568052472,2.31063752074931e-14,0.003505543193159331,1
3.000275836023796e-20,0.9996339484658266,1.1661495882127726e-16,0.00036605153259335445,1
1.164102092287947e-19,0.9993009823320494,4.084675076905268e-14,0.0006990176671492372,1
5.120439103983284e-19,0.9996197234072556,7.80526039740045e-14,0.0003802765920404853,1
9.670449586474488e-20,0.9995632385346495,1.643970587003636e-14,0.00043676146562098765,1
2.5762892172947842e-20,0.9994866914988402,9.591071361697303e-15,0.0005133085012257406,1
1.243590685535321e-19,0.9997353508981388,1.4282066670706335e-15,0.0002646491011772166,1
1.0920627160185693e-19,0.9965698552096202,1.0248251138600482e-14,0.003430144788891318,1
1.4268317457091242e-17,0.9980699966610403,7.306522343280925e-14,0.0019300033395391345,1
3.172070608050993e-17,0.9964164186990617,7.120785560218757e-14,0.0035835813021577144,1
2.5717737575265822e-19,0.9624722664374575,5.241046588125088e-15,0.03752773356186835,1
1.9973942777839553e-18,0.9924300583131507,4.1613363914287586e-15,0.0075699416884997,1
1.2803782705393936e-18,0.9977933503832285,2.0976029006671426e-14,0.002206649618287801,1
8.548719983329127e-19,0.9991660894198805,3.362322001862576e-14,0.0008339105803010306,1
2.0480772126779627e-18,0.9995777933638312,9.590810862151768e-14,0.0004222066367919041,1
1.123438564371382e-16,0.9987117326973531,5.888269069589514e-12,0.0012882672966998561,1
4.6522951167492814e-14,0.9810307461708513,1.9230882857139573e-09,0.018969251905758076,1
7.459141139152854e-17,0.3261881441452485,3.054099210137279e-11,0.6738118558253334,3
1.2882789860378912e-13,0.811571552412551,6.74626765086853e-10,0.18842844691427876,1
7.66595277153924e-15,0.9556901639132641,6.22346143244653e-11,0.04430983602492713,1
3.1208982535592207e-15,0.9943731135960802,2.3621729208321603e-12,0.005626886402250938,1
3.031021177279883e-17,0.985054155015631,1.2991458305464375e-11,0.014945844969837198,1
1.784748341160525e-14,0.9988769416164994,8.110246994660968e-11,0.0011230583012932559,1
6.074616357955799e-16,0.9907811759164759,7.452948980889039e-10,0.00921882333989814,1
1.112352926859498e-15,0.9982316320898553,6.408849025566063e-11,0.0017683678472601167,1
1.7204131950850715e-15,0.9993427769648278,3.4297983036822494e-10,0.000657222693702257,1
2.281144830948438e-14,0.9990417552968185,1.2952980892693671e-09,0.0009582434079485481,1
1.4531862882075053e-14,0.9802154772709457,5.6747412798090514e-08,0.01978446598102336,1
4.128069695697297e-11,0.9980711257914244,2.4905376869720197e-06,0.001926383630857837,1
1.2245298031156132e-11,0.9986258250348172,1.2214792738040624e-05,0.0013619601602549473,1
6.252696834728462e-11,0.9994693807586861,5.97213647091966e-06,0.0005246470426535259,1
2.3030079459007534e-11,0.9895133451744031,6.969854699293037e-05,0.010416956257113731,1
2.4347216240042633e-09,0.9967638195064683,8.646752766170602e-05,0.0031497105305041072,1
8.846730770539735e-10,0.9902749185965222,0.00029294109775217844,0.00943213942055687,1
7.829193455307138e-09,0.9939614700065416,0.0007101050735023868,0.005328417089707774,1
1.4718249529374155e-08,0.9943237057374461,0.0008575783892315909,0.004818701155764745,1
2.4137481312886156e-08,0.966367627945015,0.001288470029126621,0.03234387788909605,1
5.275501241922053e-10,0.4027627631290603,0.0014058302399584648,0.5958314061038689,3
1.5557879499668667e-08,0.9731775680421949,0.0003465975456274945,0.026475818855727664,1
1.7980184541365493e-08,0.987789914811819,0.00036242843648251667,0.01184763877091216,1
3.8857615565615756e-08,0.9135569379430933,0.0018555961975418726,0.08458742700253195,1
8.353181740669344e-09,0.7716728940623486,0.0017901996011039543,0.2265368979832376,1
1.2227553693556051e-06,0.8880702122133233,0.005763403814972882,0.10616516121778118,1
6.884900275530088e-09,0.7980994080102236,0.0044996323164222755,0.1974009527885764,1
1.6196210610715096e-07,0.9786500447730104,0.006124429149584254,0.015225364115656774,1
2.0360767148077888e-08,0.9867351814016211,0.005516567858802965,0.007748230379653218,1
1.0639734798971386e-08,0.9930183280620138,0.003762723864168258,0.0032189374342119427,1
1.0072294932957725e-08,0.9962952178329734,0.0024268214676863202,0.0012779506285662409,1
4.527529785901538e-09,0.9952179341929378,0.0015564516315965157,0.003225609646683458,1
4.119489334832685e-12,0.9975687686496062,4.371407848199089e-06,0.002426859938012985,1
5.801656753622244e-13,0.9987687122019375,1.9134536784855057e-07,0.0012310964520920427,1
1.954535746028949e-13,0.9990276410511577,2.0803341374969357e-07,0.000972150913875404,1
1.980252258100532e-13,0.999423019445881,2.730765691255428e-07,0.0005767074766670205,1
5.329992043372479e-14,0.9994476809263545,4.840696454294603e-07,0.0005518350034111648,1
8.959019168428607e-15,0.9998463545629158,3.973715053327392e-08,0.00015360570066187438,1
5.320375881197155e-14,0.9997687008072683,2.950083713882602e-07,0.0002310041860781884,1
1.025790348678972e-14,0.9992605404649788,1.9484431676148265e-07,0.0007392646903018856,1
3.8348323418659916e-13,0.9998101577727962,1.4819866353091552e-07,0.00018969402987948391,1
2.9649417313706077e-12,0.9974926310348062,9.76048750854906e-07,0.0025063929134500613,1
7.485920060031591e-13,0.9131258797153974,1.0443355631728662e-05,0.0868636769264104,1
7.450035925440513e-11,0.9955566186473019,3.4521726397211652e-06,0.004439929105561837,1
8.284832293680708e-13,0.9981816241607476,1.3537489583534666e-06,0.0018170220909337165,1
2.9713111099153336e-13,0.9997596543383261,9.859328386657418e-08,0.00024024706672307446,1
8.490167961859437e-15,0.9987284785176171,1.130522851076443e-07,0.001271408429978222,1
3.1154471100721244e-14,0.9996640556006172,7.207167453474114e-08,0.0003358723265720143,1
3.068186864147037e-16,0.9998102761228856,1.0671326025922749e-10,0.00018972377048609613,1
1.0551489570662163e-16,0.9976559651999878,1.8573626726670997e-09,0.002344032943295606,1
2.1402960679511862e-15,0.9998041534209942,8.045610320392783e-10,0.0001958457731029793,1
9.45895529205511e-17,0.9995640036931913,2.599639234160295e-10,0.00043599604788087767,1
3.678363409783636e-16,0.9995022329306692,3.115190876224682e-09,0.0004977639557922138,1
3.9851221453922416e-16,0.9998390074164828,1.7967463595917662e-09,0.0001609907871751561,1
3.0771285581518855e-16,0.9998495152529648,2.1545075527055526e-09,0.00015048259271617796,1
1.8073776204618983e-16,0.9996809974040956,3.43777192367475e-09,0.0003189991597071669,1
6.009873015941219e-18,0.9998564291317764,5.2881504513783726e-12,0.00014357086128456709,1
1.0311242639814478e-16,0.9995741121558974,7.967074205332545e-11,0.000425887763718837,1
3.3513332238567824e-19,0.9979870028103802,2.637207703060078e-13,0.0020129971892020662,1
5.421235000975531e-18,0.9997815690820115,2.868444342907171e-12,0.00021843091414429464,1
4.619853650056774e-18,0.999881837637517,2.261016471894751e-11,0.00011816234130498468,1
3.356710097703554e-18,0.9998257964592158,2.8827634324833313e-11,0.00017420351099106082,1
1.97329123012896e-17,0.9998278296244129,3.895488348360523e-11,0.00017217033792996016,1
6.416009240098891e-17,0.9994874410907589,1.845048536210643e-11,0.0005125588923110111,1
1.1655524673332622e-17,0.9940594921051455,1.581241710714338e-11,0.00594050787740372,1
8.44910985690195e-15,0.9982136218928349,2.6328551561469787e-11,0.001786378079570833,1
4.953652483678216e-15,0.9684196445968482,2.588219952235822e-10,0.031580355144085255,1
8.377215940322385e-13,0.937394516492881,3.4765886210993714e-09,0.06260548002991075,1
2.1509809057875662e-13,0.7722719327039286,2.6531188919445336e-09,0.2277280646428414,1
1.3740493452125038e-14,0.7706996209051751,5.378090184148194e-09,0.22930037371830664,1
2.6688306828533663e-12,0.9929776830667908,3.2971324951130227e-07,0.007021987216335284,1
6.015623079016685e-14,0.999409208143006,4.624664228844934e-09,0.0005907872305980881,1
7.419085024140354e-13,0.9989008834995255,3.0613152842298066e-07,0.0010988103673116405,1
7.0355736700503955e-09,0.9593232943420403,0.0017749575010757722,0.038901741121904296,1
2.409084213239728e-08,0.14691939488983438,0.004493475570833947,0.8485871054469348,3
1.178011781500801e-06,0.009191208692338049,0.0077907593714348165,0.9830168539261332,3
2.6727538820907798e-06,0.003575682916922516,0.007675558780057818,0.9887460855489724,3
2.572826699125057e-12,1.1674053312077933e-12,7.27841215806809e-07,0.9999992721534829,3
2.235389642159401e-05,0.0007604622375243658,0.06482821149731495,0.9343889723698614,3
2.729797400693499e-05,0.010746292283112264,0.07416913028074457,0.9150572794612699,3
3.501281410553168e-11,4.497827130820467e-12,2.1571789315153024e-06,0.9999978427827576,3
6.2258597988205945e-06,2.078725286646878e-05,0.003915267535180746,0.9960577193507396,3
1.1972682563349779e-05,8.362133971091195e-05,0.006658172905976309,0.9932462330717006,3
6.772023922206439e-15,3.5046862453225525e-20,2.3535308044500093e-09,0.9999999976462277,3
0.00022872067796320879,0.000285853139331973,0.9135388517870897,0.08594657439654038,2
3.619654593565566e-05,1.776803267062852e-05,0.9863638979094582,0.013582137512791827,2
2.9805238340980883e-05,1.473328177539561e-06,0.9974745899141771,0.0024941315185127463,2
1.1058342647863323e-05,3.1416235991160718e-06,0.9993126700029267,0.0006731300302281094,2
6.611082122359836e-06,6.957070947915936e-06,0.9996103112627089,0.00037612058492228034,2
4.5605460491599235e-06,1.1755062477556878e-06,0.9982932087680259,0.0017010551814835755,2
9.147939954848928e-06,3.6661086032692906e-05,0.9996794415344401,0.00027474944090877246,2
3.978089443980623e-06,6.942125976168444e-07,0.9924842756161208,0.007511052080879424,2
1.3684478369879316e-05,3.5299436008606805e-05,0.9995138382534594,0.0004371778330933487,2
4.181570202223306e-05,0.0001816156313339888,0.9980219676053528,0.0017546010600141173,2
0.0002347640701619079,3.296297775525074e-05,0.886863845334825,0.11286842761767417,2
2.867244984367544e-06,8.23018220079953e-08,0.39033617080476457,0.6096608796497915,3
9.958717241161891e-05,0.00017535358446221552,0.4612280300143295,0.5384970292297818,3
1.2518738777964727e-05,4.5060725893361054e-08,0.4707628918489584,0.5292245443500566,3
0.0002728080460919625,0.00011890056284420476,0.9635417276607615,0.03606656372866809,2
5.771629093909004e-06,6.310149213660175e-05,0.9909787492924736,0.008952377586452488,2
8.406459748545468e-06,1.8677871770705416e-06,0.9945324982908409,0.005457227462730489,2
3.260199165407386e-05,6.313938191464138e-07,0.9961728545936238,0.003793912021124165,2
0.0016035238045961878,7.368946662350154e-06,0.9975649406753996,0.0008241665717412072,2
0.0049900760002403975,9.985849021262161e-05,0.986582730280099,0.008327335229148742,2
0.008163286923454043,1.1209323507588232e-05,0.6796501679288073,0.3121753358236144,2
0.007615984326331763,2.580113232330739e-09,0.16535847601220482,0.8270255370817703,3
0.7176683525603458,7.052304073537296e-05,0.23209974462890762,0.05016137976936218,0
0.8654669659634867,5.567439271949074e-08,0.11758827245832865,0.016944705905370547,0
0.9889984350428134,5.535771187963539e-07,0.009992127520567802,0.001008883858561698,0
0.9955256607944057,7.656337113846728e-09,0.0021388831576907913,0.0023354483901864937,0
0.9973922539849907,3.270991978123683e-10,0.0003967445475132441,0.0022110011389547177,0
0.9999181900344821,3.091602412556064e-10,1.379510732076117e-06,8.043014588541539e-05,0
0.9988153565011918,4.848232765794405e-09,0.001014915164996661,0.0001697234862777439,0
0.8147476395718888,3.5392349524810575e-08,0.1838111178127705,0.0014412072239972085,0
0.5588435492143061,9.891373628017512e-07,0.4394191870232692,0.0017362746263082551,0
0.09116360728528441,2.7479230062278756e-07,0.8782584827888044,0.030577635133007843,2
0.027437630409748826,2.706072956797065e-07,0.9312367351185262,0.04132536386431538,2
0.0003696016758645693,4.997272350553509e-06,0.9618727255972869,0.037752675454552846,2
7.957074038889137e-06,3.038288062184834e-06,0.9834357530464876,0.016553251591884234,2
1.0157765165493521e-05,5.99562799239571e-05,0.9992485329350851,0.0006813530191991045,2
1.0082067365048104e-05,6.976235417279037e-07,0.9986731544346398,0.0013160658729201825,2
3.503389758143666e-05,4.578074935667652e-06,0.999734210719726,0.00022617730729978933,2
1.3216871039385717e-05,1.7312282054763014e-06,0.9988248760873675,0.0011601758124429964,2
6.101464452961027e-06,1.1117517676382354e-05,0.9988435911559483,0.0011391898609211422,2
7.697624836586083e-06,4.6463694225830813e-07,0.9950197807464314,0.00497205699090171,2
1.5579434840304343e-05,4.49155337523583e-06,0.9993381916847046,0.0006417373285171697,2
5.7588363749431185e-06,1.6906596981369719e-06,0.998816413725043,0.0011761367789233754,2
7.431059804378756e-06,9.672073926824768e-06,0.9998561670639823,0.00012672980290284695,2
5.1621810127608e-06,2.376127090442191e-05,0.9997150555182103,0.0002560210307751207,2
2.0688594499618207e-06,0.0001827664519967628,0.9995334608978597,0.0002817037910508849,2
1.4826225269686734e-06,0.00010425001036254725,0.999158104960548,0.0007361624051819337,2
1.8065339739903538e-06,0.00011321864962540817,0.9993812293721712,0.0005037454458808616,2
3.0263207318758677e-06,6.27345904041977e-05,0.9996169627406057,0.0003172763486558535,2
9.922224322285207e-06,4.938422950396267e-05,0.9986006018376623,0.0013400917088860537,2
1.1899268116147894e-06,1.5706720214949066e-06,0.9757083501089507,0.024288889290980508,2
6.255710141676685e-06,8.010004335447617e-05,0.998951080715463,0.0009625635318202642,2
5.57519146100843e-06,1.45185650486609e-05,0.9997606876402301,0.00021921860338892403,2
7.849898904302234e-06,1.5107537630846653e-05,0.9996897630074175,0.0002872795547984031,2
4.615022098265157e-05,3.403250069650041e-05,0.9984147141353147,0.001505103144157282,2
0.0003669634336218962,0.00046055633037104604,0.9523797475570975,0.04679273267842695,2
2.6999884131419163e-06,7.40909469454002e-07,0.015580592403265626,0.9844159666999587,3
6.082721926498004e-22,4.243791819938207e-28,6.331286374001173e-16,1.0,3
0.0009026940210742243,0.0008568202893917992,0.17958962526223488,0.8186508604278537,3
1.80824853994779e-05,9.769461326703848e-07,0.15339853925605484,0.8465824013109747,3
3.574948274911091e-05,0.0010872544799888119,0.25932971081596773,0.7395472852199468,3
2.250427186934609e-05,0.0007334206780617983,0.25603310991003575,0.7432109651395666,3
8.494779191232808e-07,0.010195552084687651,0.19344914647058975,0.7963544519663689,3
2.6467109544963015e-08,0.8975946923603707,0.019888391803062115,0.08251688937047785,1
3.4135522571636174e-08,0.9852173867685969,0.004233689712051677,0.01054888938313304,1
9.905061924666016e-09,0.9815755705078929,0.0024227466597067627,0.016001672927324805,1
5.299114605488109e-08,0.9869452423003762,0.001669114226548695,0.01138559048055436,1
1.3856760530236922e-08,0.9548169102916811,0.0008534589620191864,0.04432961688803879,1
3.6907113557787426e-10,0.915731748773005,8.326765865124889e-06,0.08425992409202913,1
2.4748286601966957e-12,0.8299135641107169,1.3192779065206578e-07,0.17008630395959531,1
1.5249347565376998e-13,0.9453111864636212,6.567134193913043e-09,0.05468880696783971,1
3.9440026516068886e-16,0.9926902937592955,1.0376171754027033e-13,0.007309706240804312,1
3.613040199547468e-16,0.972864705933638,1.2211686239555318e-12,0.027135294064832793,1
2.528516247750238e-16,0.7882213424995523,1.2544544695003505e-12,0.21177865750099473,1
1.7092278336226947e-14,0.8119027954997388,2.199428953365041e-12,0.18809720449818973,1
5.297989599268374e-18,5.219546962446989e-05,1.0662555780612075e-13,0.9999478045299737,3
4.973311462903611e-15,0.3701114739016749,4.0237403362777887e-13,0.6298885260975825,3
6.205354342536407e-17,0.42972570120332504,4.994243678124049e-13,0.5702742987965946,3
3.282665806793219e-16,0.9563431351421848,3.4225771929563875e-13,0.04365686485755388,1
1.2309125355584105e-17,0.9872089701626958,1.0399535102604421e-13,0.012791029836562143,1
5.3260334384303745e-18,0.9990108887210633,2.0514459477495352e-14,0.000989111278108823,1
1.8211919293407373e-18,0.9985693116874188,2.7475802387630076e-14,0.0014306883142701679,1
1.065376254719405e-19,0.9970767617739428,3.6136390464737296e-17,0.0029232382257980602,1
3.7132096586838604e-18,0.9703744851960315,5.064257016783361e-15,0.02962551480357368,1
6.5286845133759e-16,0.877317844811312,4.833596118845967e-13,0.12268215518701493,1
9.98311364778066e-18,0.029032755418857064,2.424316148111635e-13,0.9709672445801083,3
6.335553117459548e-16,0.32890647108031806,3.8040552465703117e-14,0.6710935289179619,3
3.993450376947162e-12,0.39345971323582096,2.9416045917951273e-09,0.6065402838189334,3
1.5462658079044798e-11,0.3203168757148862,2.2971565983071216e-08,0.6796831012967861,3
8.33871381073077e-14,0.044262027684863404,5.608330532881605e-10,0.9557379717526542,3
2.351614842697296e-11,0.4572019539365439,1.8666411694447078e-06,0.5427961793984741,3
6.409029877531984e-13,0.9545308998204153,1.8599861643176536e-09,0.04546909831966122,1
8.655672846875447e-12,0.9719081646069837,2.8513990860247366e-08,0.028091806871855602,1
8.976785749466452e-11,0.9446694451036388,6.973218098248864e-07,0.05532985748592839,1
7.039834310666251e-12,0.17165325681819266,4.820633572803234e-07,0.8283462611104678,3
1.5407844423354167e-13,0.00022439846567158146,1.925451949482899e-09,0.999775599607702,3
1.6858438933769152e-11,0.042241988332965316,2.2116841947930635e-07,0.9577577904815333,3
1.7002668953459611e-09,0.366574271878225,4.9513359988438505e-06,0.6334207750841525,3
3.474265234065402e-12,0.4111789143391059,1.229232414254407e-07,0.5888209627325379,3
4.6198352318059545e-11,0.9350195909584403,1.6005718574572937e-07,0.06498024893726988,1
3.2092682659977725e-10,0.9503507842015197,1.1693080590594228e-06,0.04964804617108797,1
3.630643762686187e-09,0.6151737308018083,0.00021778793046395737,0.38460847763767564,1
1.6541815941719893e-08,0.1707419984281622,0.00022838176019099107,0.8290296032694162,3
5.720530307277467e-11,0.002791770317706404,3.374506360471812e-06,0.9972048551171139,3
2.1674768562164214e-09,0.7781227661282362,0.0001429127849318774,0.22173431891873616,1
1.4610562441462794e-08,0.9769338349787967,9.153442032576841e-05,0.02297461599201357,1
4.430675470441034e-09,0.9575490702580023,0.0002608129286713443,0.04219011238202393,1
2.1819950886878926e-08,0.9519748681446333,0.0007267590038164951,0.047298351031902025,1
1.2161737253428639e-08,0.910476399632225,0.0029863931544935824,0.08653719505287895,1
1.3981822382772675e-06,0.8726696756183464,0.09426891906873677,0.033060007129971064,1
9.233991431187806e-07,0.614470424974489,0.3590083220725609,0.026520329554628155,1
2.457740944645e-06,0.014762548093193158,0.9041385699012269,0.08109642426342167,2
4.066781634526994e-06,0.0008407947780793293,0.9658536115868975,0.033301526854088104,2
4.351569657886176e-05,0.00013326740497808873,0.9971135151119088,0.0027097017854045085,2
0.000858992181121667,3.246029394060108e-07,0.9936686817086683,0.005472001506623124,2
0.006361149355301068,5.83885320004983e-06,0.9885496194869816,0.00508339230286552,2
0.04464421796207811,0.00015636794525396522,0.9244397643174492,0.030759649774010862,2
0.13718719093857373,1.819032356160782e-08,0.16425981420371868,0.6985529766690349,3
0.8064056736010188,1.03829623407275e-05,0.16059086564015176,0.032993077798293816,0
0.8650501868392656,3.574210984690788e-06,0.13081722515626984,0.004129013795013736,0
0.9006312927050455,1.6719049814317402e-05,0.09655522429661736,0.00279676394913334,0
0.9234921011458604,6.672925177981855e-08,0.03266865206730861,0.04383918005913452,0
0.9616499830025637,7.274139164361022e-06,0.00787908081119422,0.030463662048160377,0
0.9307667173636467,2.14273179692656e-08,0.0006761394937329023,0.06855712171409636,0
0.9104719273840578,1.8180789734778666e-05,0.003375383790299787,0.08613450803584301,0
0.017184360766017207,8.307820897013244e-10,4.2729412262177227e-05,0.9827729089918925,3
1.1058411268159745e-06,7.939291800083363e-16,3.453382685355164e-09,0.9999988907044794,3
0.005542976582320445,1.0494375059921303e-07,2.4657984865636037e-05,0.9944322604873508,3
0.00839526894440541,5.035068843810711e-07,5.916224396744926e-05,0.9915450653033568,3
0.00551085959968854,2.1111125755480904e-09,9.310836290341259e-07,0.9944882072063805,3
0.023225536256555233,4.043201672410045e-06,6.060962933535174e-05,0.9767098109122947,3
0.006570674811803663,8.098186256589043e-12,3.56482055645228e-07,0.9934289686966193,3
0.5184564271022611,9.97884977111271e-09,0.00017015553649085552,0.48137340738334583,0
0.9520068447663238,1.0267296955069416e-08,9.354802890393746e-05,0.04789959693798619,0
0.9966619908995721,3.526033846321923e-09,7.91740090879706e-06,0.0033300881735583336,0
0.9996333362873846,6.163870295701006e-09,3.689276838369508e-06,0.0003629682707133214,0
0.9985766830962178,7.201505029699405e-14,8.568639562011286e-07,0.0014224600387687156,0
0.999885100917092,1.1175606891531912e-11,5.063451119122464e-07,0.00011439272486579687,0
0.9999771778333028,2.0540810297700058e-13,3.7996415141408587e-07,2.2442201543250597e-05,0
0.9999916067197128,6.881721649153634e-13,1.4024895568655625e-07,8.25303112417271e-06,0
0.9999174221239167,4.010503501869591e-12,1.3116219740388018e-07,8.244670843955393e-05,0
0.9986501882166394,7.327548321232746e-12,6.144949636666604e-08,0.0013497503258167827,0
0.9935366824345497,3.1860955229358977e-13,2.4517676742760532e-08,0.006463293047895693,0
0.997273376378183,6.254654419354386e-08,1.1341803459569616e-06,0.0027254268953871546,0
0.9720192183860732,1.315154426321722e-13,1.3296877412373122e-06,0.027979451925242038,0
0.9825567788158152,1.3203578791727027e-10,5.3193387101481814e-05,0.017390027664208354,0
0.9986100138515449,4.487105088486923e-09,0.00020637574463128384,0.001183605917359053,0
0.999893160736706,2.6089176768679965e-09,5.561880625449937e-05,5.121784674815247e-05,0
0.9998421898822722,2.8772453835495135e-10,5.7541366401787197e-05,0.0001002684646022027,0
0.9992180294492785,3.339398795207134e-08,0.0001724426485044372,0.0006094945072120463,0
0.9537627334243446,5.766967135786213e-09,0.0011002852432771457,0.04513697556476114,0
0.6891879283909149,1.5506981439869331e-06,0.015404355691317383,0.29540616521787044,0
0.0204205765584217,2.0230229066663054e-13,4.06672146495494e-05,0.979538756224992,3
0.6689901172611783,0.00030888747169540126,0.08941058699297726,0.2412904082724316,0
0.6896388162947495,2.3270151746580297e-05,0.07956034839879912,0.23077756515530629,0
0.6673702347060446,5.985419517754529e-05,0.05558302415548523,0.27698688694184975,0
3.925731100623799e-07,7.061255865173135e-18,4.571238183036524e-07,0.9999991503031169,3
0.0010068422115781805,1.5522174308293281e-06,0.07410309875252065,0.9248885068201607,3
0.012558581788090106,0.00011809793734805306,0.7448114903902325,0.24251182988420905,2
0.004735030760790082,8.804567767555981e-05,0.9860413371672659,0.00913558639302282,2
0.0013605727316523964,7.212418467133104e-06,0.9982723758805906,0.000359838967743749,2
0.0003823435289634697,1.5779966308540009e-06,0.9989975367434686,0.0006185417297409353,2
0.00020124073855771216,3.047407328306681e-06,0.9989185235949951,0.0008771882606875151,2
0.00047764169857996254,1.0270390787501341e-07,0.9892914131278422,0.010230842470071763,2
0.0016419045494053446,1.6351690760080744e-06,0.9963972681088697,0.0019591921723206038,2
0.0014380376275979151,2.6510317945661e-06,0.9982303075498727,0.0003290037893651712,2
0.0008496594127108518,1.0546896870979795e-06,0.9973202082835697,0.0018290776150091015,2
0.0007945143550310126,8.672541988977751e-08,0.9905785811863241,0.00862681773294652,2
0.00339909935106521,7.912940096496544e-06,0.9938825400371796,0.0027104476708343737,2
0.011764578571553563,1.930202549247546e-07,0.9747529648315116,0.013482263577660612,2
0.03179541203641962,4.661769088386452e-06,0.9662511584986561,0.0019487676957759207,2
0.0400308794359017,2.2911907372995743e-06,0.9593083052326303,0.0006585241395005469,2
0.03580748744451096,1.2639381303508728e-05,0.9629547207821236,0.0012251523904315996,2
0.0330068008271088,8.548038905192094e-05,0.932022268321102,0.03488545046410021,2
0.005448810517212611,8.808278631764348e-06,0.36856776778562295,0.6259746134182446,3
0.0005899629492841545,1.680189903880435e-06,0.050215038878575056,0.9491933179819345,3
4.0927567887240737e-07,8.405312018176274e-11,8.899460182005676e-05,0.9999105960400789,3
6.594743071519381e-05,2.374562539316901e-08,0.00429115269594297,0.9956428761276996,3
0.01594061846881448,0.00037159808653540943,0.24006015883113377,0.7436276246146565,3
0.01611878756287441,0.0003759451839127776,0.24012115108304363,0.7433841161699396,3
0.0001240108577466957,1.9864351938126475e-10,0.0039470123918781295,0.9959289765523576,3
0.050645347512386134,4.152770405858699e-06,0.12335540717410233,0.8259950925447379,3
0.4934581065057625,7.516900125367542e-05,0.447272343309419,0.05919438118454536,0
0.5495424494793993,8.788703074143351e-06,0.4446213224964653,0.005827439322079693,0
0.5892461078633386,7.244639997631769e-07,0.4083214776344872,0.002431690038053512,0
0.6487271011578353,2.0598405477767308e-07,0.3489748311939669,0.002297861663266512,0
0.7615502907920257,7.912895670560994e-07,0.23771725065805344,0.00073166726144791,0
0.9080419899812608,2.327351844112246e-06,0.08919800002464813,0.0027576826427245732,0
0.9644442627983503,6.117267606389211e-08,0.014297157712787846,0.021258518317915375,0
0.9695246867375316,6.313814083237814e-09,0.008652352023214465,0.021822954926629244,0
0.9905311756177049,1.0089564991934474e-07,0.006636685109746616,0.0028320383763930958,0
0.9955314233941166,2.522866995347724e-08,0.004262321333542142,0.00020623004497244903,0
0.9968643914212726,6.878546142515978e-09,0.0030486783063205826,8.692339561340599e-05,0
0.9990183464394147,4.284843695123544e-10,0.0008092637095571466,0.00017238942072934777,0
0.9996120319249068,3.778743877624615e-08,0.0002481564987321468,0.00013977379040742066,0
0.9936543779309579,5.400940846667058e-13,0.00027442604038563595,0.006071196027897735,0
0.9997772697213476,2.896398790033577e-09,8.701579773117099e-05,0.0001357115838322023,0
0.9999434268862109,1.0339941891596146e-11,3.332547855359323e-05,2.3247625851128598e-05,0
0.9999812813554217,1.9455140745879604e-12,1.402160192959849e-05,4.697040067947376e-06,0
0.9999895950163764,3.6612295023756464e-12,5.568480358126698e-06,4.8365010169037745e-06,0
0.9998600951272052,8.055808581009847e-13,4.410832749856308e-05,9.579654561505073e-05,0
0.9999677063472897,1.1449678340897433e-11,1.367797333198435e-05,1.8615668400061343e-05,0
0.9999820317075282,1.184283878421262e-14,1.4860973636605806e-09,1.7966805736467225e-05,0
0.9999843105609475,5.1158351019480084e-15,3.262713154185427e-09,1.568617674322642e-05,0
0.9999886858153106,4.140158719619128e-12,3.695690987078454e-08,1.127722189574601e-05,0
0.9992169726182306,4.583162772662623e-15,1.5741022745640164e-10,0.0007830272228709414,0
0.9996253445848906,5.991363008324291e-14,4.733844912199497e-10,0.0003746549417137798,0
0.9999892169470721,3.979574714600864e-14,2.759513896360797e-10,1.078277821795818e-05,0
0.9999952002878353,3.3223741456115246e-15,2.970620522203237e-10,4.799413488443293e-06,0
0.9999925131767807,2.1685249689588043e-14,8.656111839796459e-10,7.485957558459463e-06,0
0.9999228013807697,5.31655364710753e-16,1.4463894932691313e-09,7.719717408353983e-05,0
0.9999953107145201,2.1211423945175544e-14,8.270535570595952e-10,4.688457131295492e-06,0
0.9999955249250067,8.424725399417928e-15,6.390365674148244e-10,4.4744356187614395e-06,0
0.9999695561032613,8.263247351789609e-16,1.5034648945821095e-10,3.044374703449388e-05,0
0.999987795044847,2.0291476054910354e-15,1.7702588806898518e-11,1.2204936210982972e-05,0
0.9999939593254208,1.7613362989211288e-15,2.3869851545414312e-11,6.040651443460809e-06,0
0.9999916666439984,2.7431947810903677e-15,1.1910216837157697e-10,8.333235615236441e-06,0
0.9999820762246759,1.9647788968423736e-13,8.789857644511574e-11,1.7923687848704225e-05,0
0.9990306705116582,6.928334190084673e-16,1.9130709450774272e-10,0.0009693292952829428,0
0.9999844556849317,1.9003968417610508e-13,4.629811418875122e-10,1.5543852228294953e-05,0
0.9999932008881062,2.09933639638001e-14,1.860066927161668e-08,6.780510433096223e-06,0
0.9999928308318484,1.3563242852429677e-14,4.5472231388220264e-09,7.1646202249256025e-06,0
0.9999662545142681,1.311875457977041e-14,2.271102117869343e-10,3.3745260345291044e-05,0
0.9998367053384895,2.334241537052384e-12,6.494118185618985e-10,0.00016329400837329067,0
0.9941905073563738,1.1705867901477094e-11,1.9112547960196365e-08,0.00580947352103222,0
0.9829850069245849,8.298495148229797e-12,1.770815017942333e-09,0.01701499129665209,0
0.9861489033391063,8.645316906984588e-09,1.6527668502367844e-08,0.013851071489689804,0
0.9284279297873762,3.449353051619939e-09,2.334700535927669e-07,0.07157183329424242,0
0.04503452192374201,8.713065574896904e-12,5.1500190471827936e-08,0.9549654265683292,3
1.8187931245177774e-33,9.802774646248488e-62,2.961029656302437e-36,1.0,3
0.001088322160353936,5.814747911119732e-09,1.7348327766861076e-08,0.9989116546750428,3
8.507532398075077e-25,1.2429399917194618e-45,7.667657438797636e-27,1.0,3
1.437561919401704e-22,1.9186129639497277e-38,7.327445636228186e-26,1.0,3
0.00016253388485273616,1.4648832854787563e-12,2.2050216798928002e-09,0.9998374639080909,3
0.023850502437470965,2.93434154743343e-06,5.277624045514289e-06,0.9761412855981445,3
3.9312553247537124e-09,1.546535664515165e-20,2.671267959371617e-14,0.9999999960673449,3
5.531389775269581e-11,2.2587310711542686e-19,1.5991488851991358e-14,0.9999999999454303,3
0.0007341163923938824,1.0831349318243531e-08,4.471483035096819e-07,0.9992654256287273,3
8.143845054286388e-11,3.028460048299528e-23,1.1477638033697957e-15,0.9999999999199645,3
0.16145379294986612,2.0664407972159652e-12,1.2930142968807019e-08,0.8385461941175995,3
0.9739111753214995,2.2036804998452227e-10,4.463747606369254e-08,0.026088779821054287,0
0.9990610138562102,1.1399611312098753e-10,2.5135865193905065e-09,0.000938983517854407,0
0.9995948071082258,4.740683264899316e-14,2.9921018232827977e-09,0.00040518990137182286,0
0.9999741444876438,1.0630881819126391e-12,2.3225066308389015e-09,2.585319058202442e-05,0
0.9999387296847053,1.535454647248079e-11,3.002463662008868e-08,6.124027383923852e-05,0
0.995600535612274,1.9056873855424145e-15,1.3468283462508937e-07,0.004399329704868754,0
0.9994798168539196,7.672380024151438e-12,2.8626455954900593e-07,0.0005198968734899434,0
0.9999568726876132,2.6293163083306142e-11,9.496531226666701e-07,4.2177633210999205e-05,0
0.9998801834198566,1.2290367593974605e-09,1.2983644399139081e-05,0.00010683170696243835,0
0.9919991957710502,1.3067870939908749e-11,2.0927579647191893e-05,0.007979876634456711,0
0.9892126355045019,3.1191327134026047e-11,6.965962279797968e-05,0.010717704842706007,0
0.9996177232454379,1.0286808483607356e-08,9.017334725487979e-05,0.00029209311886664504,0
0.9997509819586504,8.776794327103987e-10,0.0002062100266785036,4.2807138544743297e-05,0
0.9980525056569278,3.999761184749536e-09,0.0019037549991170616,4.3735345793967164e-05,0
0.9891722985390081,6.440506958872575e-08,0.009950020017063438,0.0008776170377198811,0
0.928288501270961,1.615507591925683e-06,0.041267319887699584,0.030442563332194007,0
0.09928997371084458,1.4430937051801511e-08,0.07401994763565102,0.826690064223395,3
0.05241024310207355,7.44451647536882e-07,0.10957490594965064,0.8380141064973333,3
0.02334376022060216,2.9918395494585253e-05,0.7545978406667389,0.22202848071551223,2
0.006693725072893536,5.926575988409102e-05,0.9730024833697994,0.020244525798490617,2
0.0004967671361314484,7.9095918686486e-06,0.9954555023371727,0.00403982093474539,2
2.266899445239613e-05,4.2841027197377193e-07,0.992855446174724,0.0071214564191911375,2
4.169631220384552e-05,1.375585931064248e-05,0.9980565405939245,0.001888007232810231,2
7.5041743523186184e-06,4.773231908161943e-06,0.9846264604596083,0.015361262134971285,2
1.6773703890795304e-05,0.0021897370001942545,0.9804667920832038,0.017326697212113423,2
7.562682148112698e-06,0.0009678050568101264,0.7783404915025721,0.22068414075741452,2
1.8712156903442272e-05,0.011897947424580436,0.5562370797325064,0.43184626068428117,2
1.8299616840347965e-06,0.003620609998112847,0.12470666323823675,0.8716708968014103,3
8.042341363869046e-08,0.020631996184870223,0.0062693682496085925,0.973098555140479,3
7.086109321049078e-07,0.11468822399783764,0.0031190818315534673,0.882191985557955,3
2.238164984851503e-09,0.030756835088955978,0.0001691656483774158,0.9690739970237364,3
1.5361101234213972e-07,0.7428416583715063,0.002127935192249768,0.2550302528263042,1
4.070852457666925e-09,0.923864515418178,0.0002655412874556023,0.07586993922428077,1
3.988987995113839e-10,0.9853890917001218,3.361608577357954e-05,0.01457729181455424,1
6.935597563163032e-10,0.9979365985447707,8.313615839271476e-06,0.0020550871471357634,1
5.983263251575113e-10,0.9818189761026699,4.079815059361243e-05,0.018140225150070237,1
1.5344239520081498e-10,0.36979251516535694,4.699873648831914e-05,0.6301604859456109,3
1.7839213897626616e-07,0.2816795938976932,0.0007524108120403975,0.7175678168977854,3
2.0776746183828237e-07,0.24517112010444994,0.0009312714151684056,0.7538974007129731,3
3.392299815393361e-10,0.01320757134985867,3.646136771507202e-05,0.9867559669418733,3
4.500401059189859e-08,0.6900364329220593,0.002723309213599929,0.3072402128587191,1
4.203591794316589e-09,0.9833157379953743,0.0002173022477527558,0.016466955552208448,1
1.335587749740667e-09,0.9943716933741831,4.094714332276144e-05,0.0055873581462246484,1
3.172232818794048e-10,0.9885579337414055,2.2714329982602596e-05,0.011419351609720027,1
9.085071420123659e-10,0.9830674506054826,0.00011842187743611965,0.016814126607355245,1
1.1196684901128942e-09,0.9953617846349637,6.746691206694289e-05,0.004570747334735457,1
8.397112540277093e-10,0.9975396949336924,7.880398697905359e-05,0.0023815002380164914,1
4.019169265979061e-09,0.9940326172246156,0.00023496192116363352,0.005732416835413551,1
1.2206158698936158e-08,0.9258843988330218,0.0008388488097145337,0.07327674015203907,1
3.014944752779205e-10,0.6547255726542827,0.00026980592886825046,0.3450046211171012,1
1.486423337015277e-08,0.9703764904374574,0.0005798578101732899,0.02904363688791682,1
3.348891793192826e-09,0.9955591320878966,0.00034548041534095223,0.004095384148952869,1
2.9201487141519497e-10,0.9983641489867405,0.000183683936147684,0.0014521667859029403,1
6.443360137198268e-11,0.9995310972412864,2.6213874125647663e-05,0.000442688818677119,1
7.378915796616898e-11,0.9982556619635394,6.377037098206041e-05,0.0016805675933173941,1
7.987376438756499e-10,0.9954782455387314,0.0002095820653737085,0.00431217159755206,1
7.601753856138742e-09,0.9937864250620743,0.00044329643904728386,0.005770270898365193,1
2.7305993799851674e-08,0.9597721339653056,0.0010362668998278438,0.03919157182997188,1
2.1055036742340334e-19,1.7285954994856637e-20,4.597786447784249e-12,0.999999999996362,3
3.6950552032284048e-06,0.005289638539113976,0.07882762624917039,0.9158790401571747,3
2.947292999554167e-05,0.13522762836781987,0.2629507735894476,0.6017921251109507,3
2.3121031875772205e-05,0.10259209470364547,0.25080535369922674,0.6465794305668593,3
1.184834488026403e-08,3.717437828891014e-06,0.024716937283569076,0.9752793334301665,3
2.1266354287777134e-05,0.15774981385608705,0.5635827629183903,0.27864615687225786,2
1.5190992086543122e-05,0.23347711057326923,0.739280330975139,0.027227367457716593,2
3.160123933822368e-06,0.24730293867496594,0.75049652886924,0.002197372330312218,2
1.8885013598903527e-06,0.25415713859097355,0.7441107192693083,0.001730253638967194,2
1.6099350809044828e-06,0.2570381995253935,0.7270149796571029,0.015945210882073454,2
1.2334181194848426e-06,0.27405702612894756,0.6826505374256986,0.043291203026057025,2
6.767351154976268e-07,0.28761247514586125,0.6595557942022993,0.052831053914920635,2
9.086366203185088e-07,0.32419745729061256,0.6474583425895505,0.028343291483566138,2
1.1277526752419312e-06,0.28373106277509613,0.6815133972968711,0.03475441217486229,2
1.0628065968205776e-06,0.01962708523191183,0.8454859161207089,0.13488593584187383,2
1.6873147346549864e-05,0.00024978976847458495,0.9531262122553288,0.046607124830491196,2
1.4557727030323424e-05,5.909623589228053e-06,0.9779130549117836,0.022066477738848896,2
5.280900312809331e-05,2.044403193120289e-05,0.9989911201403733,0.0009356268247987416,2
8.065617889933597e-05,2.131020807445161e-06,0.9963807842587633,0.0035364285407651066,2
0.00021965487672991407,2.574666474587535e-06,0.9739500379181643,0.02582773253972699,2
4.528008643842714e-05,1.1174047302488151e-08,0.9211747365067461,0.07877997223384794,2
0.0002403086832143358,1.364511841842165e-06,0.9680421002531815,0.03171622655316746,2
0.00030574507132212454,2.08621361585664e-06,0.9920693590699806,0.0076228096434576365,2
0.0005488797301747648,1.3507944210747477e-06,0.9954803704548918,0.0039693990223262825,2
0.0004848051105067372,7.700503264050602e-07,0.998571195278878,0.0009432295595277689,2
0.0001978535449921036,1.2993123206262868e-06,0.9995294125610853,0.0002714345830729903,2
0.00012539526407738405,2.0161656535058837e-06,0.9997501315822751,0.00012245698685431298,2
5.076261812598958e-05,6.032480933106182e-07,0.9988403326963016,0.001108301437260283,2
0.0001135923222991756,2.6716615620446766e-06,0.9997894378190115,9.429819867678018e-05,2
0.0006726310730187594,1.473469015513596e-06,0.9990398500284892,0.0002860454300703451,2
0.0030786785341398544,3.610533117609847e-07,0.9949973777593196,0.0019235826550105008,2
0.003552728754364831,5.825239586325291e-06,0.9952165479817674,0.0012248980245521464,2
0.0011887978102363488,5.229098310895298e-08,0.9866483942918329,0.0121627556061929,2
0.0007971759528352186,3.951308749643586e-06,0.998301641783404,0.0008972309557622117,2
8.606097230475769e-05,3.590379430308595e-07,0.9990370788641156,0.0008765011254868748,2
4.685165093398657e-05,3.887749416673117e-06,0.9998671513161524,8.210928325939857e-05,2
2.7646856311116575e-05,7.160202807939182e-07,0.9996180455490192,0.0003535915756505479,2
1.8973667615014977e-05,7.700360194927381e-06,0.9999289670068052,4.435896558653216e-05,2
7.800853758304894e-06,1.2435142137464288e-05,0.9999082805780539,7.148342720838043e-05,2
6.470377253309899e-06,1.9971565376143803e-05,0.9999234025869301,5.0155469599770965e-05,2
6.102054493687634e-06,1.2731776994658713e-05,0.9998668987175838,0.00011426745245961334,2
4.429763160044948e-06,9.744892049368802e-07,0.9985691566188402,0.0014254391292651484,2
1.5995360340009183e-05,8.811528319844635e-06,0.9998478597502065,0.0001273333610744552,2
5.333228763510464e-05,1.0219201964737524e-06,0.9996656188580482,0.00028002693376099865,2
0.00027957190455224365,3.011644205325446e-06,0.999649996980195,6.741946995031606e-05,2
0.00032479096582478645,5.810227202012656e-07,0.9990592759479063,0.0006153520646611488,2
0.0005546377420148729,2.2846796318238325e-06,0.9993433912884725,9.968629021440786e-05,2
0.0005291929932790336,1.8451374380744129e-06,0.9993762940802896,9.266778980345976e-05,2
0.00016524913342502476,1.3489978400732848e-06,0.9996911564784424,0.00014224539101755654,2
0.00019524369286208794,2.5059741958358283e-06,0.9997446209311764,5.762940322489076e-05,2
0.0001734274332532854,2.6837012203070562e-06,0.9997462138765809,7.767499062769641e-05,2
0.00033731383325406487,6.337988213397496e-06,0.9994706331781706,0.00018571500120260047,2
0.001205119370066814,2.872502682799746e-05,0.9913849397993861,0.007381215803636919,2
0.0008169512113331195,2.3522216040497795e-07,0.8463028369522712,0.15287997661603628,2
0.003139566647849187,0.00028487125896182005,0.8046883797884735,0.19188718230366442,2
9.330744952347103e-07,1.972484346593149e-12,0.035882418553071144,0.9641166483689736,3
0.0045954952682627365,0.00046116404749270017,0.9166673286182112,0.07827601206675788,2
0.003634088789336017,3.8759076554405054e-05,0.9364682321597233,0.05985891997417323,2
0.0032114952887258223,2.2239981798508794e-06,0.8811980712082448,0.11558820950446917,2
0.005186866567323794,0.0011096435841818388,0.8776380154699801,0.11606547437956288,2
6.402269587521246e-06,5.467607800009759e-11,0.0007033188390233538,0.9992902788375105,3
2.0197842134247355e-07,5.0306849397071945e-11,6.426843770483307e-06,0.9999933711261815,3
4.033485016501351e-06,3.3573962780482745e-10,0.00025076784483271495,0.9997451983348122,3
0.010710299825729594,0.0012929907430889124,0.5508048396852299,0.4371918697461234,2
0.0012412892316646035,4.847063235085245e-08,0.5472782289538797,0.4514804333438056,2
0.0011376192625231693,6.298704461171917e-05,0.9658617185599004,0.03293767513282187,2
0.00017674541709777224,2.4467567298951597e-05,0.9988555034286789,0.0009432835876291229,2
4.8403088229248415e-05,2.9167010762996147e-06,0.9997819631782673,0.0001667170307508376,2
7.174743275485989e-05,7.175950377955172e-06,0.9997863519178786,0.0001347246977269817,2
2.5578047505680255e-05,2.5408800120841306e-07,0.9930028533834393,0.0069713144793256635,2
6.853703574381639e-05,1.516340106566184e-07,0.9928296152623978,0.007101696069271169,2
8.263202258635059e-05,5.373016324877108e-06,0.9997132645221832,0.0001987304375455716,2
1.8923748431385458e-05,3.906106298978793e-06,0.9998821077692125,9.506237465859217e-05,2
1.0361389103235065e-05,8.756499481352378e-06,0.9996125901890686,0.0003682919228586052,2
1.839562622861542e-06,0.00015389441081148592,0.9989070582615545,0.0009372077649116262,2
3.7227584944359396e-06,0.0011993181195958313,0.998529856207455,0.00026710291480823114,2
8.790963065248062e-06,0.00512761425008292,0.9929094847128294,0.001954110075173062,2
1.2743421577433703e-05,0.02005068901898095,0.918170460234279,0.061766107326604466,2
5.425118806937612e-06,0.026651353229658954,0.5928394161644429,0.3805038054862104,3
3.980969398789515e-06,0.02567200617692354,0.28175827278021603,0.692565740075163,3
3.2787458218804955e-07,0.0015149147613115347,0.07903216661889327,0.9194525907463852,3
6.891044332577929e-07,0.3619728205061657,0.07870458660713524,0.5593219037825516,3
1.2853406811345585e-06,0.8362778523368383,0.06884210065878353,0.0948787616653447,1
1.189391872367159e-06,0.8787941474366757,0.0529611519150769,0.06824351125649278,1
1.0717200797089031e-07,0.8628129973570009,0.025900190830542773,0.11128670464189896,1
1.2104551948144105e-07,0.9539670952491058,0.010140225696107476,0.03589255800956442,1
1.1905258229426755e-07,0.9544386308729433,0.0041835118183744385,0.041377738255366,1
1.673327978157958e-09,0.5310413147094327,0.0001261018535300547,0.4688325817652304,1
1.5575186539304398e-11,0.4147060828769485,5.094805865168893e-06,0.585288822301508,1
3.434225731572237e-09,0.9754405383742153,5.857231749380243e-05,0.024500885875183072,1
2.011379254204884e-12,0.9911681472929053,1.9046250384843788e-07,0.008831662242255383,1
1.0922959186290605e-12,0.997048329322189,1.34308212754492e-07,0.0029515363676940686,1
8.725835374738954e-14,0.9987474389471239,8.153606304008004e-08,0.0012524795171150321,1
1.8242736585773414e-14,0.9997076442685464,3.840733917642055e-08,0.00029231732366446367,1
4.058476597727381e-15,0.9997921910619422,3.687345127643059e-08,0.00020777206398719654,1
3.764828546795254e-15,0.9998078367237055,1.0094846971779613e-08,0.000192153180799088,1
3.3513831020205465e-14,0.9991957063624632,2.8973230764953044e-08,0.000804264664629187,1
8.559566772358312e-13,0.9949649797591846,7.411053473990206e-08,0.005034946130584656,1
2.9026821635979938e-12,0.9555152582819089,2.03285325913928e-07,0.0444845384293941,1
4.478783215182567e-12,0.7878148426682609,1.440203432932603e-07,0.21218501330713482,1
3.022800863606986e-13,0.2972900438524397,1.2304719252528747e-09,0.7027099549168143,3
8.380911587508584e-14,0.015088977078528614,1.460276087664344e-10,0.9849110227763996,3
3.2877362205645213e-11,0.019549690432335887,3.736937968267437e-08,0.9804502721656654,3
7.114125303246737e-11,0.02269315366659097,1.3549063284997032e-07,0.9773067107700606,3
1.3664454474847117e-08,0.024529628847457494,7.087842090917398e-05,0.9753994790678476,3
7.467962092721939e-08,0.07133943156790373,0.00017228603423780048,0.92848820771808,3
1.2293598062735353e-08,0.025849845696362173,5.6929708684809665e-05,0.9740932123028291,3
6.394897571878374e-08,0.06125776800044378,0.0002936179790091361,0.9384485500698473,3
1.7357711235951841e-09,0.23596402596162463,5.9434966160604836e-05,0.7639765373353471,3
1.6596327952522834e-11,0.8487262561647919,2.4199944186660512e-06,0.1512713238255611,1
1.806314840771791e-12,0.9953915527618412,9.719848647710917e-08,0.004608350039371194,1
3.1741243298761667e-13,0.9991301081937289,1.0348717795245334e-07,0.0008697883203870703,1
1.4914067331996757e-13,0.9994295099704562,8.592506625870952e-08,0.0005704041033221506,1
1.581855701069614e-14,0.9985372096920767,1.9293390355586606e-08,0.001462771015628189,1
9.43163441236484e-14,0.9987658383442177,2.6570509635041958e-08,0.0012341350838764524,1
1.7205826140900733e-11,0.9973433195587059,4.141165960098917e-07,0.002656266306571467,1
