regime_prob_0,regime_prob_1,regime_prob_2,regime_prob_3,regime_most_likely
1.0,1.5806221472096698e-89,6.875934727571665e-137,2.6625314384244887e-276,0
0.990324036201595,0.009649908937083295,2.6054862095083503e-05,2.298668179483112e-68,0
0.9826954446165578,0.01689501764463044,0.00040953764231644197,9.650029255251068e-11,0
0.8388229843826642,0.15908390294477456,0.002093112633923025,3.856543496737476e-11,0
0.1584843961781049,0.8413662211088342,0.00014937857081195085,4.142085628482294e-09,1
0.004949802481918833,0.9854369442017253,0.009613249488929491,3.827607029004998e-09,1
0.13290822191320129,0.8621762849350924,0.00491548965858255,3.492307523496084e-09,1
0.0174559284093362,0.9817780289392576,0.0007660238782432464,1.8773549448821568e-08,1
0.03398442129473481,0.9598985289879637,0.006117043579186204,6.138650057472669e-09,1
0.028954934293281272,0.9550003788369685,0.016044465492423676,2.21376806966404e-07,1
0.024305722167296314,0.7549184339984075,0.22077557679926774,2.670351247017508e-07,1
0.011335378288013427,0.41768823899171514,0.5709707847221004,5.597997944510808e-06,1
0.006130283917951355,0.02302402706251138,0.9708431440384153,2.5449815133551664e-06,2
0.00108054636865148,0.0019913252219760113,0.9969193790515886,8.749357848421704e-06,2
1.6925866102570493e-05,0.006460153759960668,0.9934859910277084,3.6929346242607236e-05,2
1.1435886583648982e-05,0.0018218667546212302,0.9981449314693487,2.176589019165415e-05,2
1.2785090680508711e-05,0.0001758077754823542,0.9998070539832346,4.353150873814099e-06,2
4.92053404282697e-06,0.00027865807606499245,0.9997063229690267,1.0098420218609305e-05,2
2.274062181678331e-06,7.498752453362402e-05,0.999891989518854,3.074889360632447e-05,2
1.983415267946272e-06,0.00015623976000816474,0.9997830259935602,5.875083035331716e-05,2
1.5895639635864134e-06,0.00015603969091469597,0.999727096558875,0.00011527418634910403,2
4.4099247354008817e-07,0.00033838026866687623,0.9995363769817378,0.000124801756646085,2
1.1473656224811258e-06,0.00013096601963872732,0.9998454250861791,2.246152915787868e-05,2
1.5941309888210524e-06,0.0002944101514619697,0.9996868887815825,1.7106936868338427e-05,2
2.109154727760375e-06,7.076411234670388e-05,0.9999120795126766,1.504722014341213e-05,2
1.3582049855078206e-06,0.00011170114610401506,0.9998535465826043,3.339406653627303e-05,2
1.3262823273942359e-06,8.318203402545185e-05,0.9998899346414339,2.5557041468039563e-05,2
1.3000382213316294e-06,0.00011195177830994831,0.9998557800478808,3.096813505614823e-05,2
2.00909386881155e-06,9.985743774932948e-05,0.9998712582898136,2.687517826785057e-05,2
4.51133865910408e-06,0.0005824890920163844,0.9993983797651348,1.461980501239782e-05,2
3.3647373390927507e-06,0.00029753405044722204,0.9996928279621426,6.273250822666317e-06,2
2.0337101920340107e-06,0.0001103426924438092,0.9998763602677089,1.1263329186039342e-05,2
2.8671875838365588e-06,8.344707685112363e-05,0.9999065184624709,7.167272500906838e-06,2
2.9731899964682054e-06,0.00029560020935085157,0.9996835315731998,1.7895028337168553e-05,2
2.75437845277639e-06,0.0003390482941757258,0.9996342250565166,2.3972271460105442e-05,2
1.954462583592914e-06,0.00014053243056908653,0.9998432374553738,1.4275652193598643e-05,2
1.4642099869997755e-06,0.00025917926711989674,0.9996999818758026,3.937464653823766e-05,2
1.9751565005665354e-06,0.00010770946951235717,0.9998248877053394,6.542766788034434e-05,2
1.7756776594239721e-06,0.00012384614983745328,0.9997027910660901,0.00017158710615046996,2
1.7205612706589076e-06,0.00011095025541596725,0.9990355411004495,0.000851788082240378,2
1.3220036690638835e-06,0.0003592772918095453,0.9902004414242612,0.009438959280342326,2
2.254673301189324e-06,0.0001857131566423127,0.9618386832183751,0.037973348951727846,2
4.7831179342591235e-06,0.00166806070926873,0.822196952403309,0.17613020376946714,2
9.92540852118375e-06,0.011644685559387571,0.7714682961080453,0.21687709292474716,2
3.024184089202589e-08,0.034925000156269426,0.7462266924457588,0.21884827715523095,2
1.655871778534876e-05,0.002816151796299474,0.8500755594406499,0.1470917300446007,2
3.50023936094731e-06,0.0005989767304816137,0.9299150967766197,0.06948242625271575,2
5.392100280525544e-06,0.0001274444727981091,0.9989324306092474,0.0009347328179364208,2
4.7203668611543155e-06,0.00020286853357587783,0.9997747918215284,1.7619278924823547e-05,2
4.906524690701023e-06,0.0013809816186121158,0.9985995091437091,1.4602712663775082e-05,2
4.866193227034104e-06,0.00010391610860710294,0.9998841919565357,7.02574219179274e-06,2
2.4790040174253685e-06,7.069247790085805e-05,0.9999163734254388,1.0455093393732712e-05,2
2.4895430211878657e-06,0.00021551032666741968,0.9997714464932951,1.0553636257208177e-05,2
1.4569238961546187e-06,0.00015278739029035696,0.9998325660595978,1.3189626599290336e-05,2
1.7725892325326339e-06,0.00012509134438956529,0.9998623360693959,1.0799996420589952e-05,2
1.1393672941361995e-06,0.0003207693805544432,0.999660502852087,1.758839985465476e-05,2
2.354718184535837e-06,0.0002933133285802717,0.9996952606052693,9.071348253171236e-06,2
3.271423767704406e-06,0.00024925908321439153,0.9997313666459543,1.6102847431411064e-05,2
3.1747485069564788e-06,0.00039950126364604924,0.9995751833849458,2.2140602904885238e-05,2
2.2652613321091945e-06,0.00012600989752181707,0.9998615751602149,1.0149680424512389e-05,2
2.915799000612353e-06,0.0002876025935817592,0.9996968133918346,1.2668214832155195e-05,2
2.3696363639702127e-06,9.649426865057889e-05,0.9998605022329121,4.063386214526567e-05,2
1.896408219566119e-06,6.721800066214322e-05,0.9986551356721689,0.001275749918878067,2
8.138163276459135e-08,3.7852906103150844e-06,0.9482583228940065,0.051737810433555374,2
3.610341694932276e-10,6.842816099747675e-07,0.049734173623743,0.9502651417339526,3
7.565738946755076e-11,9.920633554430022e-09,0.00016648721378756336,0.9998335027900331,3
2.448443864425006e-12,4.806369724019541e-10,2.617398047551654e-06,0.9999973821193341,3
6.492522607735842e-14,8.865047665309118e-12,6.646642917057883e-06,0.9999933533474971,3
4.4075837585758825e-14,8.025124850811565e-12,3.3791331156178664e-06,0.9999966208581804,3
3.492051432917428e-13,3.532570170278336e-11,1.159970107900146e-05,0.9999884002627117,3
2.756730410822302e-12,4.5332787029013686e-10,7.566995735058381e-05,0.999924329586126,3
3.347101787417998e-17,6.483160086060901e-15,0.0001438574557320743,0.9998561425438948,3
1.7333225399696521e-18,1.4034295867505612e-14,4.0598911444667e-10,0.9999999995943654,3
3.602524041721468e-19,1.778623645125158e-17,4.357043927790613e-09,0.9999999956435204,3
8.821805050891792e-22,2.0191896729810723e-19,7.685819852402592e-09,0.9999999923147698,3
4.824355863139325e-22,1.433607974348675e-19,2.3748608411865846e-09,0.9999999976243998,3
1.0479645687717006e-22,1.509629614436498e-20,1.3638641291318757e-09,0.999999998635758,3
2.206435683668871e-23,2.8036817995066134e-21,7.053504901266875e-10,0.9999999992942321,3
2.554124805886396e-22,1.6516008206001113e-19,2.8896577395684277e-10,0.9999999997107807,3
5.203891694946335e-23,6.87057972010111e-21,2.1988086561368636e-08,0.9999999780120563,3
6.5865426316715705e-24,7.079278568179405e-21,1.4243475554550723e-09,0.9999999985757313,3
2.834645856614328e-26,1.1259933359388106e-21,1.7316600486545794e-11,0.9999999999818101,3
1.8753509201790795e-29,3.1864122778655225e-27,4.1000019775484233e-11,0.9999999999581632,3
7.119944509386779e-31,2.3172888516425093e-28,3.658193713796907e-14,1.0,3
3.205724481863796e-34,1.0315036813145947e-31,5.000622565199309e-15,1.0,3
6.743658239085408e-36,2.0447715925560774e-33,2.8562024565031576e-15,1.0,3
7.204634587187898e-39,2.663830089967173e-35,7.079923078710459e-16,1.0,3
1.102274578451459e-39,1.9716629039297816e-36,9.525250274862703e-18,1.0,3
5.371539144243862e-44,3.917831519836136e-38,3.849452500025265e-18,1.0,3
2.853856907196249e-43,6.484419714556962e-41,1.4315649015442721e-18,1.0,3
2.579217492963574e-43,2.1434853449734423e-40,1.0159308300924077e-19,1.0,3
5.587315206204912e-47,3.034340564843547e-44,8.722829122890034e-19,1.0,3
3.6213611208136e-45,4.4411840270517214e-42,1.4551788427048582e-21,1.0,3
1.836864651073559e-47,5.2595815634545326e-45,3.4583098378273817e-20,1.0,3
6.38425499425645e-47,4.620900664973283e-44,3.393386286857116e-20,1.0,3
1.0574316264714125e-48,2.4585610269914475e-46,9.667175834577628e-21,1.0,3
4.822710014465704e-48,3.1084215307294804e-45,9.109255615454205e-23,1.0,3
1.071473536202676e-48,5.028831594890481e-46,5.5678334068502606e-21,1.0,3
2.0454886577820236e-45,6.761731841178224e-43,4.596278733572093e-20,1.0,3
3.182247167443469e-44,3.4794346699725424e-41,1.2394333149369301e-18,1.0,3
7.134138201887631e-42,4.441574164515691e-39,3.2701712253777945e-18,1.0,3
1.4973230215969482e-41,7.272582109955717e-39,1.298684353997262e-17,1.0,3
4.485410981520465e-45,3.9028775863948205e-42,7.520519300449203e-18,1.0,3
2.301697526599452e-46,2.8478471033786076e-43,5.735868863319142e-22,1.0,3
7.127366640304533e-49,1.421869842306948e-46,3.1128305176143413e-22,1.0,3
9.365548397952441e-49,7.621984296806015e-46,4.4668325486667306e-21,1.0,3
1.592650175975036e-48,8.407891236304332e-44,1.8908570311572647e-20,1.0,3
2.0704314425001844e-48,5.347044138216891e-45,4.431185807766161e-20,1.0,3
3.184437875758824e-51,1.7848224736543596e-48,1.4570761850508639e-21,1.0,3
6.231010910635367e-51,2.769511436866234e-47,5.269058443183275e-25,1.0,3
5.979737488212116e-54,4.808123080686889e-51,3.5762138184120874e-22,1.0,3
2.6019471092591162e-49,1.330062052180745e-46,8.210167755720145e-23,1.0,3
2.1592106392063786e-52,4.452514479798643e-49,6.422306248256873e-21,1.0,3
7.15472199960507e-48,7.76736636289e-45,2.3984185354351137e-23,1.0,3
4.4080542846899977e-51,1.1434419295964575e-46,2.9429037155637645e-20,1.0,3
7.188246939165001e-48,2.1669757588392722e-45,5.574671404441401e-21,1.0,3
5.212394114901272e-47,1.3912107261292826e-44,9.354438723568826e-22,1.0,3
3.936229054907287e-49,3.3665252513503608e-46,4.0843152904827384e-20,1.0,3
2.3779869074913037e-45,8.785163832987132e-42,2.3451819751194053e-21,1.0,3
1.4852421560220664e-45,5.352369760892349e-43,1.2519334765078255e-18,1.0,3
3.3415370475194536e-42,1.0045823361963698e-39,1.1567007902568681e-18,1.0,3
2.25127671943443e-39,2.0711878867609215e-36,4.278050954652697e-18,1.0,3
1.268143001668142e-37,6.300451462060164e-35,5.5125884799764535e-15,1.0,3
3.271858054862935e-33,8.396165545659426e-31,1.7406495958491516e-14,1.0,3
6.1831875887416665e-30,1.2326328280528386e-27,1.54192273192865e-13,1.0,3
1.826979784458925e-27,4.006334103422532e-25,5.785284059065021e-11,0.9999999999417923,3
2.1321686746942592e-24,1.237774015808278e-21,6.362698023500392e-10,0.9999999993633537,3
1.3158446351412209e-24,1.0582967792043024e-21,1.905354568166396e-09,0.9999999980955181,3
1.5718896247935642e-23,2.6325780448653173e-21,1.3113128122249667e-10,0.9999999998690328,3
5.693757682352576e-26,1.081197415658395e-23,2.797355319689109e-10,0.9999999997198756,3
2.262192070813748e-25,6.591627844634441e-23,1.3375862231232197e-11,0.9999999999872671,3
4.0027679763685446e-25,9.633261569010208e-23,5.775100517925432e-11,0.9999999999417923,3
6.02491042712849e-23,3.095857519705655e-20,1.3121042631098424e-09,0.9999999986885086,3
1.5861027948120767e-20,3.9086490190649e-18,4.404082906577106e-08,0.9999999559586296,3
6.535679496115912e-18,9.038347758296896e-16,1.2808482056189594e-07,0.9999998719158694,3
8.692186682861416e-17,1.228478913563175e-13,6.262291184689059e-07,0.9999993737712571,3
1.4774924755183568e-16,1.894793711502901e-14,3.564943277005094e-06,0.999996435056334,3
2.544712308162893e-15,1.6604208262676624e-11,8.894690905195313e-08,0.9999999110368702,3
8.834768124841021e-14,7.285390365919778e-11,6.050246348827205e-06,0.9999939496811973,3
2.7594875783121582e-11,6.8007614655703185e-09,0.006375548194687763,0.9936244449772781,3
2.651243405574992e-08,3.2078618898593293e-06,0.04841057625967754,0.9515861893653527,3
1.373895176920322e-07,2.0736314428682258e-05,0.19205399082760755,0.8079251354681423,3
5.932062509306527e-07,7.620094972432117e-05,0.4463597926797528,0.5535634131649085,3
1.2905775953100212e-06,6.500651925152965e-05,0.7699394741046189,0.2299942287978881,2
8.254064257924738e-07,0.00016061757317352996,0.9767453647672082,0.023093192252841153,2
1.8991409973631397e-06,0.00013816934057139435,0.9988701720671675,0.0009897594509681185,2
1.6371640579182622e-06,0.0001445400309934169,0.9998190877552229,3.473505023644185e-05,2
2.2631868120734752e-06,0.00014394722650949354,0.9998443753556185,9.414230253935105e-06,2
1.6293368307472334e-06,0.00015753830779859096,0.9998293431133655,1.148924289917983e-05,2
3.5228112883645404e-06,0.00011434689416752158,0.9998761794116017,5.950882149596536e-06,2
5.002530040561917e-06,0.00018493875301870322,0.9998052625204983,4.7961957898426205e-06,2
1.257207969541956e-06,0.00014033760018114305,0.9998422367847882,1.616840725056265e-05,2
1.215656458696132e-06,0.0002991085086907173,0.9996842445407542,1.543129395094246e-05,2
1.4498825437778826e-06,0.00024256372875812793,0.9997350984328852,2.088795508562086e-05,2
7.924447313985979e-07,0.0007616661863573881,0.9992260726318806,1.1468736211557066e-05,2
4.3160150357961935e-06,0.00017733368893468665,0.9998117875156463,6.5627798278776005e-06,2
3.437829236247957e-06,9.40021748442872e-05,0.9998959088125084,6.651182626124258e-06,2
6.828678817904277e-06,0.00017935051262929242,0.999807921328654,5.899479992264691e-06,2
1.6796015840602437e-05,0.0004490394512060692,0.9995286804063018,5.484126278264602e-06,2
3.2319037700500335e-05,0.0008783940603235737,0.9990853454042016,3.941498203063507e-06,2
1.7612381001097306e-05,0.000284939192046808,0.9996931108918092,4.337534777416692e-06,2
1.5244467499321096e-06,0.002412933070756881,0.997565051240179,2.049124278753856e-05,2
4.60682743780556e-06,0.00010851438591411021,0.9998719783170783,1.4900470239056888e-05,2
1.3694376890011405e-06,0.00046879329745397525,0.9995088707845593,2.0966479560234106e-05,2
3.189180490851613e-06,0.0008242836862455194,0.9991475483133099,2.4978820402752616e-05,2
7.486381766999455e-06,0.00012163527936058144,0.9998644342234633,6.444116027343808e-06,2
2.6813560951361356e-05,0.0013061975914631597,0.9986566050622554,1.0383785074502695e-05,2
8.980042930418029e-05,0.0020055347450424693,0.9978896631904095,1.500163557801794e-05,2
0.000555537539492038,0.001257828129280504,0.9981803716243398,6.262706582215181e-06,2
0.001307021918218241,0.0032723189200387134,0.9954166924695722,3.966691472420834e-06,2
0.002879936590924099,0.001911988518501525,0.9952030974038982,4.977487041985284e-06,2
0.003637766840158781,0.0035548857662701227,0.992802549191629,4.798202434720659e-06,2
0.005296984360904806,0.0016270648405575729,0.9930716467650402,4.304032714623473e-06,2
0.005632841071597981,0.0019716431020131175,0.9923901785479087,5.3372780207377666e-06,2
0.0052721274453985355,0.003181852841280923,0.9915375572497835,8.462463277999443e-06,2
0.005211507325101936,0.001430476546800902,0.9933540106666271,4.005461498525115e-06,2
0.004718630400080751,0.003622007121953395,0.9916510644046671,8.298073910178053e-06,2
0.004205206539773403,0.0028565856599181657,0.9929339794400802,4.228359339696493e-06,2
0.002900044459365165,0.0017073288837753824,0.9953874102453996,5.216412164567511e-06,2
0.0002639400926347446,0.00029549787910129803,0.9994318128888618,8.749138853701371e-06,2
1.696854561045251e-05,0.0006165869333764511,0.999352318663391,1.4125856863455985e-05,2
5.6509334451154926e-05,0.003861155952578,0.9960636126192721,1.8722094361789993e-05,2
0.002919239158517009,0.004257809502302338,0.9928167830223585,6.168316401717471e-06,2
0.01506164086623262,0.08245476467724105,0.9024806922790186,2.902177540756435e-06,2
0.032085885634320445,0.6105906685845666,0.35729330735231907,3.0138429186630312e-05,1
0.524037463077984,0.16122018281169,0.314741877737444,4.763732147858785e-07,0
0.6199667046432685,0.2860790991496648,0.09395382707752364,3.6912875716146297e-07,0
0.8105089723155849,0.16788050817759825,0.02161044418489593,7.532116803068396e-08,0
0.9619972093092614,0.03206184727249246,0.005940918394861672,2.5023880821354996e-08,0
0.9869341418676644,0.010159053102224353,0.0029067848904074287,2.013910768171336e-08,0
0.9876999422961458,0.009531820345854557,0.0027682220635443996,1.5294269332885514e-08,0
0.9258747006980319,0.07037843101715571,0.0037468115056721076,5.6779321794722854e-08,0
0.9139726669997983,0.0738396797101715,0.012187506176760695,1.4711397479039295e-07,0
0.9179326148586983,0.024404837385187048,0.057662491858292884,5.589855033300086e-08,0
0.849176618618676,0.04126257645352519,0.1095603089198314,4.960081825983213e-07,0
0.6936811788091788,0.04578301561140247,0.26053531806724345,4.875130132986141e-07,0
0.34533234800970897,0.08238088435087827,0.572285344908788,1.4227298858835416e-06,0
0.029948596335478264,0.01858049635769018,0.951467197623306,3.7096830665719344e-06,2
0.003702901966149344,0.001116323675985818,0.9951759314287145,4.842929014740158e-06,2
0.00019825980166315367,0.001514663961432002,0.9982496203228108,3.745591455603076e-05,2
1.8834575983131636e-05,0.00047072612394142514,0.9994958970081096,1.4542292193620574e-05,2
3.272813750967088e-06,7.975880224490795e-05,0.999903181405585,1.3786977563387879e-05,2
7.203345548558779e-07,0.00017851609799210316,0.9997956307749147,2.51327928205494e-05,2
1.807828691033449e-06,0.00014998884189267904,0.9998351197328075,1.3083597251269537e-05,2
1.283872427901013e-06,0.00016019734561481725,0.999823222262509,1.5296518588800436e-05,2
1.5883745511369155e-06,8.285319941434336e-05,0.999900744822596,1.4813603966712312e-05,2
2.7577240816477627e-07,0.00036463380371048234,0.9995631961797993,7.189424474818981e-05,2
1.9781997364774677e-06,0.000509596794947883,0.9994188780583365,6.954694749245331e-05,2
2.6390676872470143e-06,0.00024651816051905593,0.9997354231747423,1.5419597922918703e-05,2
1.187686653371073e-06,0.0011164365511638723,0.998851205495814,3.1170266054570215e-05,2
6.092506834816626e-06,0.00021431622310318424,0.9997644744062305,1.5116863035997587e-05,2
5.742577238199908e-07,0.005976342338004218,0.9938853795774644,0.00013770382615625902,2
4.990170802223547e-06,0.0012069719921133596,0.9987767682839754,1.1269553169833388e-05,2
1.0187482816998654e-05,0.00037165484320358895,0.9996090627593223,9.094914867955508e-06,2
3.054798225396367e-05,0.0006957908722144935,0.9992560679647973,1.7593180717331113e-05,2
0.0004920817160535553,0.001881689505754456,0.997613051843336,1.3176934223385464e-05,2
0.0035597721423191427,0.006925692541898997,0.9895063577896085,8.177526534097347e-06,2
0.029480893062497855,0.035937950623487584,0.9345750492393041,6.107073963080482e-06,2
0.1188928599631942,0.039356964069737,0.8417472074907384,2.9684758545698875e-06,2
0.23906028110742644,0.1382534841099381,0.6226836980474738,2.536735847778786e-06,2
0.3978984867059937,0.18825971404117203,0.4138417787332854,2.0520177021421008e-08,2
0.7225488341347902,0.27364696402128896,0.003804200615237318,1.2278824903336479e-09,1
0.9800291499014068,0.019935163240640333,3.5686838679193215e-05,1.9131290208937933e-11,0
0.9962117952446483,0.0037849799759781095,3.224779819200683e-06,2.533243120586655e-14,0
0.9881394685554507,0.01186041457697842,1.1686714141247758e-07,4.680974724061945e-16,0
0.9984392707409646,0.001560673279062784,5.598063375511862e-08,2.9496751145130516e-18,0
0.9987550500759935,0.0012449375471814724,1.2377004567779014e-08,1.5958393242428715e-18,0
0.9989390584919016,0.001060926902421977,1.4606003746911498e-08,7.232130607237824e-20,0
0.9990529154470766,0.0009470809652349541,3.5877676274363604e-09,4.0063104777642846e-20,0
0.9992425741410644,0.0007574224671970359,3.3926196418563028e-09,1.3417705826880009e-20,0
0.998590657445281,0.001409335894645528,6.660145715218742e-09,2.4395212536303737e-21,0
0.9939676939634173,0.006032304823340281,1.2129748352289586e-09,1.2576923595572807e-21,0
0.998618586016809,0.0013814136812227728,3.021917725031457e-10,4.938996622462117e-25,0
0.9995156580673972,0.0004843419323048848,1.1690741440126433e-12,2.0559554819845015e-22,0
0.9992179699348662,0.0007820146424785215,1.5422207732271726e-08,1.510316271185122e-22,0
0.9980738952150093,0.0019260001001996107,1.0468443039631648e-07,8.628865714968217e-17,0
0.9665350314402066,0.03345964348785018,5.325071499514392e-06,2.437703083666935e-14,0
0.989094708670665,0.010891776875118392,1.3514453871434139e-05,2.2721352300079527e-13,0
0.9978035731346329,0.002191979530294474,4.447335020249056e-06,1.3184897542562588e-13,0
0.9978476706781717,0.0021517170353425145,6.122868952525785e-07,9.486983793936758e-15,0
0.9952952101993929,0.004704262106461357,5.276945717395266e-07,3.1938351174809075e-16,0
0.9979029888036386,0.002096918470560467,9.272549729409934e-08,1.1722812999074097e-16,0
0.9991555853253669,0.0008443531679454845,6.150602259755718e-08,1.7659141203282172e-17,0
0.9975335298833097,0.0024663852433836294,8.487376446874107e-08,1.6188733973072417e-19,0
0.9977328691894761,0.002267130059196291,7.514438289830802e-10,5.562329333535928e-21,0
0.9992816274793069,0.0007183723700438459,1.5048836122677448e-10,8.901300820237362e-31,0
0.998966800412418,0.0010331995882554548,6.596948176724399e-18,3.258613711962094e-33,0
0.999784522216215,0.0002154777835267054,8.46895325482231e-18,5.607809330745433e-40,0
0.9998219108001608,0.00017808920040562383,2.4815294041261928e-17,3.1855401073945514e-42,0
0.9998163455156535,0.0001836544845428928,4.023746550920641e-19,3.3205042314409374e-43,0
0.9998608000327333,0.00013919996705461172,4.0424924080378734e-20,3.430646766489963e-50,0
0.9997382263344128,0.00026177366505321245,4.743792405044202e-25,8.7395342726757e-52,0
0.9999235250410188,7.647495960532975e-05,1.5434015022284032e-24,6.2319668437808624e-58,0
0.999751625466163,0.00024837453418795043,9.805965338043439e-26,3.9039371696778603e-56,0
0.9999380042491421,6.199575162154908e-05,1.09919114674577e-24,4.47766958974763e-57,0
0.999900763294419,9.923670533078775e-05,5.6218340977786e-24,3.134881958753537e-54,0
0.9986441667293956,0.0013558332714578895,1.3838758323993109e-22,3.1250076698847086e-53,0
0.9996974407021942,0.00030255929820701376,7.599728342719536e-23,8.568389905791005e-56,0
0.9997208952478583,0.0002791047527632783,3.0058536028752145e-26,1.009844058609811e-54,0
0.9999274994350696,7.250056486011485e-05,1.2095084187588654e-24,1.7186728926683278e-59,0
0.9998924033252515,0.0001075966753388973,7.43730810340978e-26,1.0949381685159686e-59,0
0.9999338944585426,6.61055410865174e-05,7.509474488479658e-28,1.6286503210860775e-65,0
0.9999382070830094,6.179291714173195e-05,6.791640799508348e-32,5.5235417694793565e-68,0
0.9999375845780055,6.24154223409683e-05,2.9689091113414136e-31,1.6087224170401935e-70,0
0.9999619783836997,3.802161644234601e-05,8.04451860118573e-30,1.317241599663349e-66,0
0.9997823959070612,0.0002176040937250602,6.8208747498377e-27,8.391260647345328e-65,0
0.9998994565483792,0.00010054345078647406,5.1362696420206046e-27,2.843357508062091e-60,0
0.999881101090511,0.00011889890958480976,2.2063889923863823e-25,1.3563731510002627e-60,0
0.9999470124981511,5.298750118153018e-05,5.423506407442295e-26,7.927726541185047e-57,0
0.9997643561743137,0.00023564382630837736,8.518461229724772e-24,1.14962390706303e-61,0
0.999893146182708,0.00010685381683498442,1.4940600787468843e-28,1.8469825847842424e-59,0
0.9999518626827337,4.8137316507785025e-05,1.174058392502015e-27,1.9906397756315422e-63,0
0.9999298318915719,7.016810919239404e-05,1.0427073108989991e-26,3.4923811138643715e-61,0
0.999940489616192,5.951038306853552e-05,1.3685546287592842e-25,2.1794712051561416e-60,0
0.9999351767748536,6.482322452660885e-05,4.450894252805624e-26,4.645600750909623e-59,0
0.9999018645056014,9.813549418113557e-05,6.988146295481969e-26,1.3986548754244242e-58,0
0.9999025781290428,9.742187031321816e-05,5.782596397926582e-25,4.414980861890052e-56,0
0.9998666855258675,0.0001333144735119896,1.1080790774730116e-22,3.3269357358564944e-54,0
0.9997998183054244,0.00020018169405331993,2.0242124384814701e-22,4.454152700094118e-45,0
0.9995353480897654,0.0004646519105050879,4.779901828895523e-16,5.46834826867914e-43,0
0.9995922946139045,0.00040770538694701063,6.243171330707205e-16,1.3161829224462328e-36,0
0.9993020266442463,0.0006979733565360076,8.894893262407308e-16,3.1363674113886034e-34,0
0.9997299259015751,0.0002700740991532265,1.3815068332453062e-13,2.0776497917312307e-34,0
0.9997396114078,0.0002603885929145052,1.6165822662682484e-14,1.8652833021094256e-32,0
0.9997352134316723,0.0002647865680568565,1.6029619685476886e-14,2.9898256840135725e-33,0
0.9995097742114369,0.0004902257889080923,2.7375280602573053e-14,2.4529244877813114e-33,0
0.9994934394335208,0.0005065605669503861,2.414701860723794e-14,3.6863470606730234e-36,0
0.9951610171906622,0.004838982809650748,1.8768991810062228e-17,1.9062800552179015e-38,0
0.7186746827020998,0.2813253172978358,7.483432547807515e-18,2.387955873433441e-41,0
0.019762121960972157,0.9802378780388576,4.434386149838153e-17,6.164064699743335e-44,1
0.9912842457866708,0.008715754212704825,7.080449373748024e-19,4.3889695414841445e-42,0
0.9991224000875292,0.0008775999129619794,9.135315725375263e-19,6.500970993305161e-41,0
0.9997784410794297,0.00022155891970634286,1.424909120197323e-16,1.6630471537581847e-40,0
0.9996931237735758,0.00030687622716460677,7.525966115416172e-17,1.5083813554793135e-36,0
0.9997484801266371,0.0002515198730243647,3.75486817176884e-15,4.523154407883936e-37,0
0.9995791901206793,0.000420809878696527,1.2934291903493858e-15,5.415164987193544e-34,0
0.9994694472002011,0.0005305528005557495,2.1605176240931278e-14,2.0462320287529617e-34,0
0.9939101779389115,0.006089822061536171,1.3839929343576731e-14,4.073173822442458e-33,0
0.9996884203596097,0.0003115796408930579,1.0246338567242788e-14,8.067056712226978e-32,0
0.9985987250042022,0.0014012749952150242,1.2052008432301471e-12,2.1926914203742563e-27,0
0.9993645605230221,0.0006354363843992488,3.0927114187674855e-09,4.295257901207196e-26,0
0.9993163141403245,0.0006836858122227381,4.815424079835446e-11,5.524210072005232e-23,0
0.9995608568130266,0.0004391431014404857,8.505308843988402e-11,1.6084913659232613e-23,0
0.9994122464049288,0.0005877515983603544,1.995866007616517e-09,2.478361513049413e-22,0
0.9985066256933128,0.0014933693258610819,4.980559867871482e-09,9.520563300281206e-21,0
0.9991664922427556,0.0008335016332462094,6.124324103325282e-09,2.0941676150494412e-20,0
0.9979585580024137,0.002041437566067138,4.431937192762769e-09,6.989428924971148e-20,0
0.9990782375308205,0.0009217493164665818,1.3152013221798264e-08,4.612526277866921e-19,0
0.996434852342123,0.0035650603551802013,8.730349646219419e-08,2.4424228288022308e-18,0
0.9991292454382474,0.0008707131339314503,4.1428622015573335e-08,1.2178397676937557e-16,0
0.9982976619720495,0.0017015890214143834,7.490059808010626e-07,6.21039364399957e-16,0
0.9889392582104418,0.011057007711329815,3.7340785819325728e-06,3.163498234060735e-14,0
0.9932699792541504,0.006720379179721857,9.641563896272153e-06,1.5546090013573357e-12,0
0.9976832540398296,0.0022629763989486175,5.3769533121687746e-05,2.888328836793525e-11,0
0.9933221173914113,0.006287004991074414,0.00039087723721447856,3.809094756600992e-10,0
0.9858830897124781,0.010823320375337056,0.0032935859714445736,3.941640500937475e-09,0
0.958488020778275,0.01316962809737491,0.02834233219323502,1.8931748488677758e-08,0
0.828651341158079,0.04546929773954113,0.12587916815675992,1.9294638545362236e-07,0
0.6261126473790489,0.08021975311868845,0.2936664636567164,1.1358460995130223e-06,0
0.29039658694866083,0.10468237100856345,0.6049199138321261,1.1282114994405058e-06,2
0.10703490277248982,0.05684822355870772,0.8361139924891158,2.8811801338974165e-06,2
0.019868573292269046,0.004144651215264699,0.9759826842873365,4.091204969915129e-06,2
0.0016935918716438135,0.0005132672702248997,0.9977873687754096,5.772082073762149e-06,2
0.00016139172747680456,0.00013900519631236446,0.9996929703361814,6.632739329145829e-06,2
3.820677200179159e-05,0.0002700940712014868,0.9996869283303967,4.770826028496055e-06,2
1.324031603538328e-05,0.00016035239805263992,0.9998217396564809,4.667630080316102e-06,2
1.0363357892262554e-05,0.00018951907757518485,0.9997953637036728,4.753860243871609e-06,2
8.190910079021386e-06,0.0002835499620237458,0.999702501980055,5.757147244041706e-06,2
8.5910614079771e-06,0.000159526310485533,0.9998270427653594,4.8398629683156235e-06,2
8.439057738194668e-06,0.00015959679569703189,0.9998279730615985,3.9910846467322475e-06,2
7.54640748126279e-06,0.000468523676718695,0.9995173525276726,6.5773878276567105e-06,2
2.2638989394096473e-06,0.00011409447133162765,0.9998747925830548,8.849046778278872e-06,2
3.288517683383545e-06,0.00016669532082654655,0.9998238310617561,6.185099147400967e-06,2
1.1583261983574961e-05,0.00018085018699921522,0.9998037539292021,3.8126216319632776e-06,2
1.3653531795041073e-05,0.0003401935312524513,0.9996424345106181,3.718425955677691e-06,2
1.781406561585159e-05,0.0008843209274923678,0.9990913384606096,6.526546537523105e-06,2
6.499461670943006e-05,0.002375340910009966,0.9975419754031475,1.7689070281109684e-05,2
0.00017109678951042105,0.0005163934734421808,0.9993087278107173,3.7819262518367497e-06,2
0.0003310888292408359,0.0022341558063372698,0.9974272209082772,7.534456104111729e-06,2
0.0011347706678887474,0.004094932035006963,0.9947654780752917,4.819220940183089e-06,2
0.0009647670325688112,0.015505463324172635,0.9835098671457274,1.9902497204327562e-05,2
0.001160131048971867,0.005222605494908361,0.993611078788145,6.184667650993382e-06,2
0.0002664871003818599,0.0008353773699712388,0.9988898913693729,8.244160497772419e-06,2
6.18971400773583e-05,0.0002622856766981107,0.9996701926735753,5.62450946162626e-06,2
1.725222926908262e-05,0.00019366968426661938,0.9997834563950119,5.6216908914231726e-06,2
1.5262694206586215e-05,0.0004188051284653331,0.9995604591275471,5.473050297536675e-06,2
8.682425370921144e-06,0.00025932746690795995,0.9997255763526234,6.413755721975576e-06,2
2.411523698698958e-06,0.0001189839005226435,0.9998663794908288,1.2225085477490021e-05,2
2.2267675686038795e-06,8.150603946972644e-05,0.9999061314450679,1.013574878101236e-05,2
2.6063262882617387e-06,9.100122275890093e-05,0.9998993471435356,7.045307102157288e-06,2
1.6426428232548127e-06,0.00025614779951736147,0.9997293241152586,1.2885441516909958e-05,2
3.7469138542652163e-06,0.00010550274123122228,0.9998855705681344,5.179775897665714e-06,2
1.0416283363006459e-06,0.00014723831268861727,0.9998370895573325,1.4630502216042525e-05,2
1.4335552490989674e-06,7.465947067257206e-05,0.9999041764715567,1.9730502545453543e-05,2
1.794498357420745e-06,0.00011732508075310552,0.9998477394969325,3.314092371256825e-05,2
7.150672733003541e-07,0.00023744531508849924,0.9996692984718528,9.254114559705341e-05,2
1.3776393249755963e-06,0.0001090823838376723,0.9998205774882963,6.896248839610105e-05,2
1.3819141481212533e-06,0.00012044245097459162,0.9997726698812838,0.00010550575345511435,2
1.7261886445157696e-06,0.0001804489163049623,0.9995986330385296,0.0002191918572432589,2
1.4098160928610005e-06,0.00010208422997790122,0.9997961767931922,0.000100329160170558,2
1.151653512931995e-06,0.00014830843103545927,0.999479802345935,0.0003707375702486365,2
2.624489415280053e-06,0.00012389745400851645,0.9985074833014528,0.0013659947556587276,2
2.6138073795468466e-06,0.00016716510345145708,0.9966911372104109,0.003139083878608374,2
3.7872483229755788e-06,0.00018224967875043584,0.9948551295909438,0.004958833482334824,2
2.5737274073614633e-06,0.00017142514976534542,0.9935671773374298,0.006258823784890898,2
2.9064227743365428e-06,0.0001964173505257229,0.9912211329130838,0.008579543314413372,2
3.1933212722682414e-06,0.00043232910942783795,0.988899675909108,0.010664801660356051,2
1.1659758377550334e-06,0.0003983534551836759,0.991637870416482,0.007962610152316089,2
1.966492393047638e-06,0.00030891028118832146,0.9939053508615332,0.005783772365381144,2
2.0198622747414538e-06,0.00012840404278799893,0.9975381123647115,0.0023314637294505574,2
1.6083722481646372e-06,0.00013405383734951462,0.9990166512368602,0.0008476865532045956,2
1.7098712062478366e-06,0.00018115523865361522,0.9993912037464864,0.00042593114313146637,2
2.249386699927844e-06,9.997099115445634e-05,0.9996971377812076,0.00020064184092485185,2
4.842721871155826e-07,0.0004950939177998624,0.9991764332057544,0.00032798860433028707,2
2.425092968380238e-06,0.00010109887136203927,0.9997683671672596,0.0001281088689442146,2
1.5601666883304743e-06,0.00012358094050705814,0.9998268863848006,4.7972507210780376e-05,2
7.377072991898213e-07,0.00036113949467850645,0.9995853892890196,5.2733508588227154e-05,2
1.9373882699812504e-06,8.009820904167078e-05,0.9998904673485622,2.7497054412426172e-05,2
1.3896811598806588e-06,0.00010050163846038357,0.9998688169903884,2.9291689267136976e-05,2
1.0954517017800188e-06,0.00014428950031709453,0.9998149655627644,3.9649485407233986e-05,2
1.6335664312396074e-06,0.000125221324983298,0.9998392794353268,3.386567308211786e-05,2
1.8969803829998133e-06,0.00013817098478019848,0.9998348234756086,2.510855966347014e-05,2
2.2999290346936216e-06,0.00013843968034775404,0.9998523072727787,6.953118433749413e-06,2
2.5126421115347042e-06,0.00012494552947908138,0.9998654098139517,7.132014152091509e-06,2
2.0535206278979027e-06,0.00014365357100546474,0.999845260895032,9.032013154373083e-06,2
2.380375987312223e-06,7.985289431298106e-05,0.9999069958353709,1.0770893947157623e-05,2
2.44509074842671e-06,8.886048674734812e-05,0.999897101223997,1.1593198047504964e-05,2
2.0556774591249866e-06,0.0009646788657240171,0.9989461585974226,8.710685889438858e-05,2
1.349380577332512e-08,0.012685743480460821,0.9867245767710296,0.0005896662540317333,2
1.5075747647756461e-05,0.00020832996556357649,0.9997339639030384,4.263038335050683e-05,2
1.3171721254618706e-06,0.00013649003708111594,0.9998291751656505,3.3017624308532394e-05,2
3.0035512793510264e-07,0.00031521042972788816,0.9996490998508086,3.5389364173162576e-05,2
1.8606962025205098e-06,0.00015329411607646395,0.9998145902601813,3.0254926816850156e-05,2
2.420206551875999e-07,0.0012775409299996294,0.9986110215955714,0.00011119545384772016,2
6.935638303551471e-06,0.0009257086152899349,0.999058345649082,9.010098113058337e-06,2
1.134071005661254e-05,0.00022120554192660768,0.9997628186260105,4.635122667110249e-06,2
2.894091590014146e-06,0.0015566509807837898,0.9984189320644395,2.1522862494378904e-05,2
2.037167791364577e-05,0.000742752497918845,0.9992321309642871,4.744860716933218e-06,2
1.0663880552057981e-06,0.004317919188689584,0.9956588055087975,2.2208913924248463e-05,2
3.6120126117972436e-05,0.0004244312202107201,0.9995337641092424,5.684543879040797e-06,2
3.195156525580873e-05,0.0003234006377911113,0.9996398322472466,4.815550038614426e-06,2
3.157838812721402e-05,0.000419297715901937,0.9995448337967294,4.290100044268052e-06,2
3.881240511957682e-05,0.0004951811302702083,0.9994619876705787,4.018794645014394e-06,2
4.663705090509948e-05,0.0005005581101975475,0.9994491192114733,3.6856274709736015e-06,2
3.990804430584434e-05,0.0011362456088363953,0.998814192706697,9.653640702133579e-06,2
4.9415220577266075e-05,0.0007182919002572201,0.9992272468193899,5.046060062534205e-06,2
2.151231944128939e-05,0.0014924965278344986,0.9984770143225803,8.976830988973769e-06,2
2.8455339498004533e-05,0.00039589537492895095,0.9995707149165622,4.934369268875557e-06,2
8.300605883512207e-06,0.00015184892923349557,0.9998351159517521,4.7345128582977185e-06,2
3.8638967305898434e-06,0.0002552772086625312,0.9997332847769396,7.574117721293865e-06,2
2.604838825707063e-06,0.00026690290999431413,0.9997196895061029,1.080274468024857e-05,2
2.4316732083980074e-06,0.00013676726475950085,0.9998539043454896,6.896717192203221e-06,2
4.02207799629715e-06,0.00012399654049305355,0.9998664042421481,5.577139719119028e-06,2
4.590623714100687e-06,0.00029978806804190896,0.9996881997376884,7.421569873926227e-06,2
1.3720451113889048e-06,0.00013683855887288747,0.9998505766232583,1.1212772021053865e-05,2
1.5682665653156405e-06,0.0001008324096645832,0.9998766259328565,2.0973390051843235e-05,2
1.261954872983022e-06,0.00011756560109956914,0.9998530179545337,2.8154489524609137e-05,2
1.785143436973813e-06,9.457322179924347e-05,0.9998476100391704,5.603159508226718e-05,2
1.3593648627789962e-06,0.00011347758350626873,0.9998086934944042,7.64695572958672e-05,2
1.5404006129002167e-06,9.599584317894267e-05,0.9998286192230142,7.384453342346704e-05,2
1.669527774495355e-06,7.249398261482979e-05,0.9999085107173374,1.7325771518058358e-05,2
1.6718269652456856e-06,0.00010074298864560885,0.9998647313988078,3.2853785095205324e-05,2
1.8638894805272115e-06,7.488359186791208e-05,0.9998879865327677,3.526598638670596e-05,2
1.5414522083055712e-06,6.763650923504451e-05,0.9998610685582568,6.975348093585671e-05,2
1.2406409553792817e-06,7.791914088196805e-05,0.9989415625303109,0.0009792776877696103,2
1.3197682795897402e-06,5.61086144765719e-05,0.9853728327922351,0.014569738824829011,2
5.44861000876055e-07,4.046727386169202e-05,0.7743510535244369,0.22560793434072796,2
6.423462095658761e-08,3.7534283472545486e-06,0.30862442371062565,0.6913717586255009,3
2.1293725105977723e-10,3.074346682131064e-08,0.01691606241030447,0.9830839066337029,3
1.5744052701942996e-13,8.331477175905696e-12,2.1114339271888762e-05,0.9999788856522112,3
4.37898107627349e-17,1.6139788818937364e-15,1.0793354171583877e-08,0.999999989206117,3
1.0997856356101757e-19,2.7925748372398264e-18,1.388635525196142e-09,0.9999999986121111,3
2.4947567461320035e-22,5.543810331704998e-20,3.5923535011416927e-09,0.9999999964074959,3
4.3362843095535006e-23,6.2403614059775165e-21,2.7143838258790157e-09,0.9999999972860678,3
5.0071876691546586e-26,2.3015644425231723e-23,1.751744057340535e-10,0.999999999825377,3
6.28763900295836e-27,1.5850107861430529e-24,1.4499790402470427e-12,0.999999999998181,3
7.559059278740998e-28,6.989965715803173e-26,5.048811033133766e-12,0.999999999994543,3
5.9871373940401055e-24,9.183599700512066e-22,9.361800961018401e-12,0.999999999990905,3
4.0019279041302364e-22,6.938295639000182e-20,7.305255339752972e-08,0.9999999269475692,3
7.766923168156856e-18,7.652161228051782e-16,2.667117296146713e-07,0.9999997332888952,3
2.3592797871842874e-18,2.6097132473145606e-16,3.1138448362931153e-07,0.9999996886163475,3
5.613793890152099e-19,1.1002062189870411e-16,2.8421200148126717e-08,0.999999971578291,3
3.876060573433607e-20,8.06409155970109e-18,1.8781405549303567e-08,0.9999999812189346,3
8.54383848501306e-21,1.4374198616264452e-18,1.2134711710227335e-08,0.9999999878655218,3
6.1269207942237965e-21,6.7510459782952375e-18,4.477265142355704e-09,0.9999999955234671,3
1.1172022147414067e-20,2.037329638670926e-18,2.7183974450746133e-08,0.9999999728152037,3
1.6303744112682416e-19,1.8582108397306157e-17,2.3979611750940503e-08,0.999999976020263,3
6.838504081566195e-19,4.445554363825298e-16,4.1566093899015164e-08,0.999999958434274,3
1.4723421528356726e-18,2.0121941199668374e-16,6.20462803603665e-07,0.99999937953745,3
1.890801964656826e-18,2.8822469948347845e-16,1.0416111268657256e-07,0.9999998958392152,3
1.8569170021708492e-19,2.8591583341328326e-17,1.486278962521519e-08,0.9999999851370377,3
2.406835282741464e-21,4.2312753769837926e-19,1.5872868199623226e-08,0.9999999841274986,3
1.6036607791475066e-21,5.276099856930648e-19,1.8140014702527277e-09,0.9999999981864676,3
7.927662252431791e-21,5.479019551859098e-18,3.2163030808253503e-09,0.9999999967840267,3
1.2601709023586996e-19,6.640712129627349e-17,2.0295462807402547e-07,0.999999797046278,3
4.829396055539452e-22,1.2097146710296528e-12,3.770939555651983e-08,0.9999999622887124,3
6.69398955698407e-19,3.985706184903695e-13,1.1608124761559836e-06,0.9999988391871201,3
3.727731049033481e-17,4.1245638588050254e-11,1.039583030127169e-06,0.9999989603753368,3
1.2269557817361771e-23,8.639720960241634e-10,1.0766009669014186e-09,0.9999999980591383,3
2.5866515290170283e-12,5.028321604514173e-11,3.169797838862161e-05,0.9999683019690448,3
3.3567548749123534e-12,9.435312706891523e-08,3.302303774741219e-05,0.9999668826048623,3
1.4130334944044605e-11,5.461285568690553e-07,0.0010388332833917405,0.9989606205748061,3
5.436156845393556e-09,4.4079543375228213e-07,0.10129720587053077,0.8987023478973561,3
1.9383162657712114e-07,1.4467427908062193e-05,0.5151926187386376,0.4847927200020741,2
8.969188163581445e-07,0.00018251360399992937,0.7137650684300421,0.28605152104752596,2
7.686894063033167e-08,0.0009123763993367185,0.8661326748560026,0.13295487187504396,2
2.0146645494774136e-06,8.059010271671453e-05,0.9925546245622728,0.0073627706707292675,2
1.3020762652956575e-06,0.00013325596620419403,0.9995405672808783,0.00032487467734756547,2
2.2813361852520545e-06,8.269954610750525e-05,0.9998969113610688,1.8107756729097656e-05,2
9.257352723866669e-07,0.00034189792386796224,0.9996351982803967,2.1978061105943726e-05,2
1.1673341278372013e-06,0.0001398733578895756,0.9998173630629261,4.159624519756024e-05,2
1.3078028187137083e-06,0.0001470460539689009,0.9998264867420685,2.5159400426190054e-05,2
1.9888181411029064e-06,0.00023926265529002216,0.9997384095205423,2.0339005558302858e-05,2
1.3520383958683796e-06,0.00010916731335007331,0.9998623532328359,2.712741509051516e-05,2
1.105313553597432e-06,0.00010980475355449381,0.9998535375253638,3.555240827387082e-05,2
1.833911388348227e-06,7.190756246764653e-05,0.999913592830874,1.266569568391335e-05,2
6.711119271690599e-07,0.0003981572758724076,0.9995792678897573,2.1903723273513835e-05,2
1.771940151621048e-06,0.0001350930448277457,0.9998518803336296,1.125468113341203e-05,2
1.146431252461007e-06,0.00012803117091653493,0.9998506030383131,2.0219359686788204e-05,2
1.975208206122404e-06,9.036341904634099e-05,0.9998952703411382,1.2391031050680856e-05,2
2.163222458468589e-06,8.542321141572214e-05,0.9999028283667122,9.585199167760054e-06,2
2.7291513218592094e-06,8.091997582125644e-05,0.9999090154190174,7.3354537418290124e-06,2
2.6380727913633232e-06,0.0001070644401475768,0.9998839633397105,6.33414767059542e-06,2
5.618401850627956e-06,0.00013495110741427766,0.9998529840735613,6.44641738481373e-06,2
2.3004044984588884e-05,0.0006135441257551684,0.999356495357113,6.956471688797957e-06,2
0.00034936828805587843,0.005270544124799128,0.9943749605094299,5.127078445976155e-06,2
0.0025252461565994986,0.045396938772678995,0.9520757603686507,2.0547026875365095e-06,2
0.0044297630742228455,0.5872997427926838,0.4082704911211384,3.012701728198159e-09,1
2.9970894967115784e-11,0.9999966059552508,3.314047835166873e-06,7.996700366355039e-08,1
0.563786402672953,0.4313834524159792,0.0048301443685481935,5.433280179570384e-10,0
0.6201266183685396,0.37782596628387244,0.0020474016774399005,1.3669965554810033e-08,0
0.9623692610584523,0.03414319886419992,0.003487529083115546,1.0993466016879432e-08,0
0.9807040763806427,0.014042479131039103,0.005253427148763137,1.733956155586238e-08,0
0.9647280443226302,0.027884683614520372,0.007387228241419736,4.382192992451739e-08,0
0.8110235683812733,0.17455609210750325,0.014420223381636938,1.1612973627203232e-07,0
0.6584695760350504,0.28406536166811464,0.057465026405230435,3.589153161448133e-08,0
8.179719852846995e-05,0.9819595513471281,0.017952473948375007,6.177505163036441e-06,1
0.0014500519054064178,0.9480724302611425,0.0504775173581989,4.746754532336232e-10,1
7.398377236295894e-34,0.999999987496267,4.55761710675441e-15,1.250404571167648e-08,1
0.0007724808817330756,0.10182875216943998,0.8973987663259994,6.225963806600191e-10,2
0.00015636450942667338,0.009572827206390265,0.9902555152361399,1.5293047557593247e-05,2
3.795116336941103e-05,0.004496664450139796,0.995435596477726,2.9787909177162858e-05,2
5.249054533337104e-06,0.023201096251070544,0.9766522629372427,0.0001413917577105699,2
2.712850716325302e-09,0.08706624716445877,0.9123987986428236,0.0005349514804328,2
4.03726311563965e-05,0.008042330751921881,0.991830515013992,8.678160309685698e-05,2
6.5453027735747835e-06,0.0004395881421615321,0.9995370337726791,1.6832782558949452e-05,2
2.5242032019638134e-06,0.0014034977092148547,0.9985739432724842,2.0034814468886443e-05,2
9.053928876011235e-08,0.014864079199458924,0.9850823936508449,5.3436610500678556e-05,2
3.6157227490603937e-06,0.004564780693282972,0.9953555418567126,7.606172679629593e-05,2
6.724455198919561e-06,0.00018372908553944474,0.9997986661869716,1.0880273138791642e-05,2
5.786723525228304e-07,0.00019224925456343933,0.9997817229240018,2.5449148855460747e-05,2
1.5929101848055105e-06,0.00012415816874541597,0.9998500797442761,2.4169176915295458e-05,2
1.8741659972421985e-06,0.00013739593568566204,0.999835818220755,2.4911676959869437e-05,2
3.1987232892875284e-05,0.00031936947251564836,0.999636847719669,1.1795574428920317e-05,2
0.0004108134380241489,0.01431938550806524,0.9852642223002767,5.578753481225555e-06,2
0.007063210801939044,0.30725956426195783,0.6856771420550087,8.288062317068538e-08,2
0.002898764662024309,0.9834457312697267,0.013655311397160804,1.9267195784137249e-07,1
0.2635677225277311,0.7339913995768362,0.002440877522287334,3.7314055042975185e-10,1
0.8080467446666931,0.19187564076492988,7.761456155691133e-05,6.8855050126820486e-12,0
0.9672792098346712,0.03271627838724104,4.511776894693023e-06,5.523458306086971e-13,0
0.9948090146872486,0.005189257462947825,1.7278501393245895e-06,4.2746668998706036e-14,0
0.9938493868542225,0.006149091711698682,1.5214342659305039e-06,1.407360336118792e-13,0
0.9368239194506682,0.06314041125122681,3.5669298213437126e-05,2.4947752544516643e-17,0
0.003708225981491918,0.9962917330699379,4.094931471186736e-08,2.7650403614520267e-19,1
5.466573649269504e-09,0.9999999944229785,1.0969806519937083e-10,8.106839186353456e-22,1
8.905801777689813e-11,0.9999999982956069,1.6153912451860056e-09,2.6682432093878613e-26,1
1.7505980952622086e-11,0.9999999999818101,3.2988255024616617e-13,4.426774420063826e-21,1
0.951949001202867,0.04805019872015245,8.00077827954204e-07,5.952770028432625e-25,0
0.9844579061601016,0.015542089060666859,4.779161265740774e-09,1.393765581868281e-18,0
0.9986251005898864,0.0013748965106368976,2.900310997001307e-09,2.596612997763486e-21,0
0.9990886534312335,0.0009113455941158227,9.74024809419683e-10,1.6056496100392073e-21,0
0.9952597626807944,0.004740236201793855,1.1168885162766209e-09,9.197363525168332e-23,0
0.9988842472310777,0.0011157523377523526,4.3132471036115983e-10,2.898604186864314e-23,0
0.9992864301793265,0.0007135697174226917,1.0348008142154127e-10,1.9039567612687767e-23,0
0.999019294353327,0.0009807054401977694,2.0624501062013215e-10,6.4760818067840935e-24,0
0.9994156602705391,0.0005843394970457027,2.329461836402386e-10,9.142732845632999e-24,0
0.9966455760013434,0.00335442377800475,2.201120394479722e-10,1.7555991073980504e-22,0
0.9963458885855271,0.0036541103523501685,1.0622654520127119e-09,7.520418692981112e-23,0
0.9340979859830656,0.06590201097028366,3.0466073864389646e-09,4.67363035409003e-22,0
0.9792999603615951,0.020700036682787047,2.955449678321807e-09,1.2065370672742563e-19,0
0.9859981354048155,0.014001774934744703,8.966113139758928e-08,2.205393768551863e-18,0
0.9691087858398442,0.03089075681826543,4.573415183294225e-07,2.3299805548968974e-16,0
0.9696571280824593,0.030339603342782948,3.2685745523756925e-06,1.4870297989439979e-16,0
0.604032435518053,0.3959666467645724,9.17717247123824e-07,1.7272936122507689e-18,0
0.0013879760683050315,0.9986120150523036,8.87964312044579e-09,2.1419398786694375e-18,1
0.7598942793838617,0.24010538438928294,3.362276926595949e-07,1.238829394061853e-18,0
0.8410671876284666,0.15893166551113774,1.146860548783085e-06,1.6957836535958384e-16,0
0.7961422110279106,0.2038547858309879,3.0031419117607506e-06,9.477985827744301e-16,0
0.8039334052063772,0.1960597533552619,6.841439071982151e-06,3.2027363449762848e-15,0
0.08941928018293008,0.9105747938300521,5.9259864466937825e-06,2.1197076860571965e-14,1
0.933558811153091,0.06641549914420987,2.5689701840520594e-05,5.0564559273046615e-14,0
0.9879574963927968,0.012037252619651927,5.2509861597636846e-06,1.3739591814054193e-12,0
0.9840970213282909,0.015895135581516846,7.843089601526457e-06,4.2863871797170877e-13,0
0.8967422386657924,0.10322396759776174,3.3793736520037165e-05,1.8853542957560763e-13,0
0.040044878175649765,0.9599096684267048,4.545339505845858e-05,2.4072081302873336e-12,1
9.42055180917429e-06,0.999648193365001,0.0003423848217998623,1.2621639443181654e-09,1
0.4087629224426217,0.5118261733375918,0.07941090262554731,1.5948999700395167e-09,0
0.607370559735416,0.3041391242892676,0.0884901550983936,1.608768941903332e-07,0
0.45852913590436667,0.5012835731896386,0.040186533377251636,7.575290532829289e-07,0
2.200518035143059e-05,0.981735506077261,0.0182355979966697,6.890745883084857e-06,1
0.027860872029325898,0.17049882439136546,0.8016400249249016,2.7865452081974097e-07,2
0.053444505881647224,0.05132093588412212,0.8952320918141425,2.466420651030642e-06,2
0.04440771498244677,0.14277233905057946,0.8128197264288474,2.1953742382520085e-07,2
7.738585639558358e-05,0.97122589421203,0.028695950763132336,7.691677828572287e-07,1
9.104280286486403e-05,0.997164206920797,0.0027439848057936363,7.654707516398094e-07,1
0.0016341588541380742,0.985135199903636,0.013230538762173023,1.0248035126819463e-07,1
0.07173053107687093,0.8981597417586992,0.03010968859563548,3.856913626237735e-08,1
0.003802687723518549,0.9837142517614107,0.0124830081538536,5.236165070972655e-08,1
1.4414064201034762e-05,0.9973522215394983,0.0026333068460881875,5.755022149466743e-08,1
0.000675842367027155,0.9939430639644025,0.0053808782868641335,2.153811107682886e-07,1
2.013974530852885e-12,0.9999724954958734,1.691294702544666e-05,1.0591555227040706e-05,1
6.870762226115954e-06,0.8706177070776193,0.1293647184606067,1.0703700259635536e-05,1
0.00020365612018774005,0.06684809641499315,0.9310212426571558,0.0019270048077670244,2
3.6336375307754784e-06,0.01663741234741197,0.9160931304108946,0.0672658236042833,2
1.1157019064515095e-09,8.678197111135127e-08,0.7682528221237089,0.2317470899789797,2
1.937825769487669e-14,3.062556626385103e-11,6.547981512704808e-05,0.9999345201533666,3
5.467254905633773e-16,1.1203334972076129e-12,8.656650626933094e-10,0.999999999132342,3
1.2534240676144078e-19,1.7188340005065045e-15,1.7692497850335645e-08,0.9999999823066902,3
2.7853818064873014e-21,2.3969280634725126e-19,1.8888827128218936e-09,0.999999998111889,3
5.650221226955187e-25,3.457143329361375e-22,3.643651215001459e-10,0.9999999996362021,3
2.481931451931506e-30,1.1661490210278321e-19,2.272341204315119e-12,0.999999999998181,3
1.0707603846126529e-30,1.741458456131442e-19,2.7869303080080158e-12,0.999999999996362,3
4.854496195542421e-25,2.1141253541690188e-18,5.493947690363319e-11,0.9999999999454303,3
1.97637234013467e-22,9.341764413405388e-20,2.7858212347391136e-06,0.9999972141779532,3
4.810646582906275e-18,6.686478035893692e-15,1.363996959972979e-08,0.9999999863593986,3
1.9850749640250494e-20,3.876955152449875e-18,3.6519200935655485e-08,0.9999999634801504,3
2.0177015703537767e-20,1.1610495203054422e-17,6.444941348988025e-09,0.9999999935553205,3
2.1272457275428476e-21,3.426305450409739e-17,1.3476858367722721e-08,0.9999999865231076,3
1.6125606739892403e-21,5.749082904605113e-17,6.904684915079941e-08,0.9999999309529836,3
1.5790157450194906e-21,1.8662772118295406e-14,1.590915210210675e-08,0.9999999840911188,3
3.796234547954071e-18,5.600999894430368e-16,7.202828552640151e-07,0.9999992797168354,3
1.7516279718987906e-15,3.1602060485735914e-13,6.318740713738424e-07,0.9999993681251176,3
1.099302799876371e-15,2.703364542128716e-13,7.530982211547613e-06,0.9999924690175066,3
6.958111146578213e-16,4.5074057421657096e-11,3.218053238389886e-06,0.999996781901876,3
1.2901403407832278e-14,1.7248165405742442e-10,8.606656246677905e-06,0.9999913931703529,3
1.7777582920725738e-12,1.0222364436126449e-08,3.0961412553494734e-05,0.9999690283633389,3
8.746402184334145e-11,7.486839599302339e-08,0.004616850122871517,0.9953830749218305,3
5.869290197477645e-09,7.232026110033952e-06,0.057370394444133256,0.9426223676596264,3
5.656677740417322e-09,0.00011693128864523969,0.2993401448993932,0.7005429181549339,3
7.296714071303438e-07,6.066743995231183e-05,0.7027764264972626,0.29716217639093756,2
1.427343040294372e-06,8.450820185981287e-05,0.9213795267036717,0.07853453775169464,2
2.839232838512728e-06,0.0005989163426154763,0.9691611892799524,0.030237055143813467,2
9.586527335911015e-06,0.0015964243281934678,0.9956423448631299,0.002751644280951259,2
3.392735007579415e-05,0.06347415422705935,0.9364783575562242,1.3560865750205076e-05,2
9.887058211866914e-19,0.9999764359956893,3.484084545283609e-07,2.3215595710479633e-05,1
3.9530685822169176e-08,0.9998393056191086,0.00013763806432732432,2.301678573484108e-05,1
0.0001582175150558133,0.9736725180818911,0.026148997405855925,2.026699750994269e-05,1
7.273086220369665e-05,0.9701996429774301,0.029694954762388405,3.267139815714384e-05,1
6.199207794273516e-05,0.9768144298486197,0.023084063114099065,3.9514960154694794e-05,1
1.0814684615141614e-13,0.9999376002894554,2.7883302110213156e-06,5.961137940589799e-05,1
0.00024260770950826477,0.7448868698976262,0.2548597015807268,1.0820812513888608e-05,1
0.0014851797380456418,0.6877910234323954,0.31071625154306387,7.545286341646557e-06,1
0.034952997750329534,0.4850992056786285,0.4799460636587804,1.7329127087910054e-06,1
1.3561330694140854e-06,0.6519026998932113,0.34805744003080297,3.8503943763595804e-05,1
0.0033581367591443033,0.028441756543889796,0.9681972426062345,2.8640916178700246e-06,2
0.0019659137534645916,0.004574579025959314,0.993452732618433,6.774602333248616e-06,2
0.0005527145280393642,0.033657382317409036,0.9657660972727309,2.3805881790571862e-05,2
0.003830873695266686,0.14837154462283228,0.8477823513041169,1.5230378158657386e-05,2
0.01365335438366916,0.3316330013593438,0.6547135564365966,8.782118021959113e-08,2
3.054131823391132e-05,0.9821352190611977,0.017834130852254014,1.0876862172619656e-07,1
0.005923674364991072,0.9921832767686265,0.0018930333500096473,1.551710576476347e-08,1
0.3397438250259841,0.6565300796626529,0.003726095156795298,1.538003566713194e-10,1
0.2676971978779231,0.7320713006854301,0.00023150143520515076,1.894375245918646e-12,1
0.00047761979096975853,0.9995215113463235,8.688602148693576e-07,1.6701224640277206e-12,1
0.0032933028854356962,0.9966953147331417,1.13823800173781e-05,2.0492882884124883e-12,1
0.04757951598066007,0.9491131228415195,0.0033073611786371823,1.5230137467163478e-14,1
0.00017729474080303481,0.9998200648036806,2.6404340654022847e-06,2.1893816704728973e-11,1
0.33394151991895904,0.6659305323918834,0.00012794768838887387,5.142911528449451e-13,1
0.25238530322607333,0.7472196484424835,0.00039504833085268455,6.661227700583218e-13,1
0.0001056734586837741,0.9998838883514826,1.043816121774956e-05,2.7756763802700915e-11,1
0.015922133547535015,0.9836285856531175,0.00044928078500378033,1.4018553390256852e-11,1
0.6516015749837857,0.34321840238572826,0.005180022588514816,4.27757726425913e-11,0
0.6548101214824967,0.34497771263600335,0.00021216588076925007,2.517497556730443e-14,0
7.590331104072432e-11,0.9999999864739949,1.3449943090123647e-08,3.239416293156768e-14,1
0.0003536813487641941,0.9996383590684612,7.959582927439317e-06,1.410235445510384e-20,1
2.1498041612592458e-05,0.9999784747439896,2.721426410609337e-08,1.7069317592241914e-16,1
0.024895969217741475,0.975102481044477,1.5497373471823995e-06,2.1380729844425124e-25,1
4.03952313479489e-13,1.0,3.14859072198458e-14,1.4061886733815062e-20,1
4.078894361847893e-06,0.9999958390467493,8.205948641760257e-08,1.1267810901807926e-22,1
0.0007275374038014312,0.999269893234024,2.569361671701955e-06,1.034122163800044e-18,1
3.099375308031922e-05,0.9999683151817651,6.910650681958971e-07,2.540258050459459e-16,1
0.009317706471447492,0.9906729623535994,9.331175744909683e-06,9.178255143077055e-17,1
0.002388404685958443,0.9976019547199999,9.640593995942401e-06,2.847425195405301e-13,1
0.012534715738733446,0.9873943120197304,7.097223765026435e-05,3.103092414060314e-12,1
0.07955665702794286,0.9197558679175798,0.0006874749264526577,1.2793500054511958e-10,1
0.29108488159722395,0.7063790888542713,0.002536028579853353,9.691764299049458e-10,1
0.06080670969338831,0.9366443416816849,0.0025489204778257096,2.8146720286884422e-08,1
0.009306751938428273,0.9598239646243351,0.030869259931536795,2.350547041849388e-08,1
0.013545335580434031,0.8376849242013034,0.14876800498756682,1.735230264706382e-06,1
0.0376936875350017,0.2662766126463559,0.6960290151247435,6.846930507026569e-07,2
0.00048714171199200275,0.09544164223480478,0.9040373077668032,3.390828718719458e-05,2
4.817270196040463e-05,0.0223293623686302,0.977586560858037,3.590407113756146e-05,2
5.417410935905663e-05,0.0007710878179244307,0.9991661240082007,8.614064391678076e-06,2
3.727284725263017e-05,0.00023275898366649422,0.9997251699728757,4.798196216573204e-06,2
5.175145928692168e-05,0.00048442402413854046,0.9994573141830446,6.5103334129643985e-06,2
0.00023660734691631068,0.001624279058473114,0.9981343831012018,4.730492527351441e-06,2
0.001119603356732065,0.06458195109042657,0.9342984446642659,8.878211310668139e-10,2
9.11944442619174e-13,0.9999307916526408,6.917877006934284e-05,2.957613544827218e-08,1
2.1002434235381797e-07,0.9999022852293887,9.748896870763864e-05,1.5777211463814894e-08,1
0.00023758117964026634,0.9904203915370247,0.009342026394912599,8.882801216682215e-10,1
7.73447979571856e-05,0.9952627181056274,0.004659751306205629,1.8578965285152583e-07,1
0.0015915966889252149,0.993464631333816,0.004943760168431381,1.1809384782673098e-08,1
0.4048556471920215,0.5927382386800633,0.0024061140666585277,6.186802260917837e-11,0
0.6020908289420801,0.3978957462975673,1.3424752601081318e-05,7.1103096458765075e-12,0
0.8218870703418824,0.17810123523205243,1.1694426757635191e-05,2.7007798957588934e-14,0
0.7843912420186401,0.21560590706602087,2.8509151805274306e-06,1.1396691431128616e-13,0
0.655789734137271,0.3441920833222462,1.8182540566364223e-05,3.665433536010087e-13,0
0.08033882506021989,0.919221370838301,0.0004398040131157144,8.839667246704494e-11,1
0.050375285366799354,0.9452639841893076,0.0043607289028560975,1.5410812882519856e-09,1
0.03029263303108077,0.9646015548006633,0.005105805647414777,6.520594940079921e-09,1
0.009989824683695617,0.9882797489540421,0.0017304137629083303,1.259945663636646e-08,1
0.042604742608041014,0.9530486345282095,0.004346615644970714,7.219273936244504e-09,1
0.02096309830594959,0.9622865105386316,0.016750368180588553,2.2974616573776375e-08,1
0.15770732908017765,0.6138563234490724,0.22843623981404038,1.0765676147773115e-07,1
0.1280104668677202,0.4962111594988907,0.37577645203624005,1.92159704337908e-06,1
0.010148997254974656,0.5235479677908518,0.4662929189153312,1.0116038110667474e-05,1
0.011273087361461211,0.03335553825285128,0.9553694136106031,1.9607746053727026e-06,2
0.005945835772535874,0.010285394454958744,0.983758638963834,1.0130808084779033e-05,2
0.0019217451133249658,0.006773693992493087,0.9912881007843515,1.6460110249074266e-05,2
0.0012395977880438173,0.00436738731297362,0.9943869229620066,6.091937626799417e-06,2
3.5592939889230525e-05,0.004565106691085282,0.9953909700055753,8.330363114705091e-06,2
2.9161412387628888e-05,0.0033254861695431923,0.9966175113967983,2.784102069503889e-05,2
0.0004345685208362552,0.00197419516953639,0.9975867255759181,4.510734108169137e-06,2
0.0007654530090602289,0.03335926243259776,0.9658639441513779,1.1340406849798663e-05,2
0.011953207120607162,0.10344601942087471,0.8845847902068653,1.5983250943432205e-05,2
0.11865821304826928,0.026418311035478235,0.8549204630443042,3.012871820854773e-06,2
0.16695735957818886,0.07263722125031817,0.7604020578304562,3.361341635328365e-06,2
0.2578112819992012,0.24138492536876682,0.500803408554196,3.8407814854396523e-07,2
0.31260247520657924,0.6329254886102578,0.054472036180756224,2.184159199648041e-12,1
2.165034141312408e-05,0.9999782610064444,8.865181954756177e-08,2.600108648349578e-16,1
0.0008201600192372121,0.9991798135381788,2.6442294715046722e-08,2.0442784048036365e-25,1
2.0860944443054668e-14,1.0,1.382195253430017e-13,3.8602988463912864e-22,1
0.00046362623719222324,0.999535879153466,4.946096100366012e-07,5.996151572617696e-25,1
0.00012067440523386112,0.9998793165701113,9.024658961704446e-09,8.4979662124599e-15,1
0.005896853409427219,0.9936003818838567,0.0005027647071361794,5.2481997274482145e-15,1
0.012660744864031192,0.9859783063108011,0.0013609488243675973,1.2127357392526948e-12,1
4.880453069713969e-05,0.9999470471189614,4.148349851513761e-06,2.445881246232026e-13,1
0.10342181044851972,0.8965778321530425,3.573992667710017e-07,3.41128792165451e-15,1
0.9535750735807021,0.046422919754901856,2.0066635554767515e-06,4.3082783250283604e-17,0
0.9906452326742226,0.009354561113113575,2.0621345221667084e-07,2.3219276577871105e-16,0
0.996791228446307,0.003208718144557891,5.3408526624675794e-08,8.32209265089076e-19,0
0.9964253693459045,0.003574629148313669,1.5055423463066329e-09,2.343995784625089e-19,0
0.9952966759818901,0.004703313122168586,1.0896400916196381e-08,6.102496980583372e-20,0
0.9555840331477434,0.044415905848033475,6.100475594157761e-08,8.387587392207012e-20,0
0.8602797119389688,0.13972026853748643,1.9523111186435798e-08,8.231991896323366e-19,0
0.9555316520683435,0.04446829172374669,5.620756998595605e-08,1.5738380946323455e-19,0
0.7897587589701451,0.21024116660850423,7.442114925670202e-08,1.1585606878113316e-18,0
0.7879031504737934,0.21209665105825076,1.9846804651717506e-07,7.030016770820243e-19,0
0.4630973424578539,0.5369025273572243,1.3018447457985424e-07,2.150072796125676e-23,0
0.00035560149330281785,0.9996443984986783,8.345241837695973e-12,1.8350051892728679e-22,1
0.39126616407231884,0.6087338346189998,1.3082588049578787e-09,1.7172626418459707e-27,1
0.8686088191863516,0.1313911807622545,5.2130441730033886e-11,4.270895069968897e-26,0
0.8679867319402164,0.13201326805610636,3.031755729103235e-12,6.457420772023997e-30,0
0.002637048211232744,0.9973629517890227,2.0477436140940042e-13,1.2773126005105478e-29,1
0.8498239162796969,0.15017608369182392,2.8282121320635886e-11,5.138799107470314e-31,0
0.9285480312232391,0.07145196877601097,2.124622326213882e-13,1.4910430981929027e-28,0
0.8746379619995106,0.1253620379994897,7.127565041736591e-13,4.7415356211951867e-29,0
0.8858281006379274,0.1141718993370003,2.5170660071794187e-11,5.311060414620618e-28,0
0.9750312700448788,0.02496872989039486,6.412689984675118e-11,1.070772551079115e-24,0
0.9955334947606174,0.0044665032807106615,1.9586253262127767e-09,8.092829613329928e-24,0
0.9504722941458237,0.04952770471958784,1.1343143611099508e-09,1.1874225971197291e-22,0
0.9949093201829532,0.00509067960546505,2.1102396457890243e-10,5.275111989939323e-29,0
0.9978981974121492,0.0021018025872779674,1.947384073806331e-16,3.5428496155095834e-31,0
0.9997959459614093,0.00020405403847284834,1.4891545125899574e-16,9.848561254892876e-38,0
0.9994583133957663,0.0005416866046263682,1.680591084884483e-16,1.551440413165578e-35,0
0.9658354962978806,0.03416450370159838,9.921037087002698e-14,8.03607011977527e-38,0
6.4452509447327986e-06,0.9999935547483234,9.887673896181826e-16,1.4218575174510042e-33,1
0.44548646312045276,0.5545135368776436,1.0718124584154442e-12,3.4921725947397947e-37,1
7.67379276107022e-06,0.9999923262079152,9.24802685029299e-17,2.2590764330655155e-29,1
0.5289779014650192,0.47102209834596187,1.8896854316687388e-10,1.030102337711709e-34,0
0.028011006718374212,0.9719889932819593,4.830070909016878e-13,2.277194377639929e-27,1
0.15892105334643555,0.8410789466357782,1.816161112303035e-11,2.8457415055462186e-32,1
0.03371501571168525,0.9662849842886211,5.057455402820362e-14,1.5234227654477543e-34,1
3.730838454848083e-05,0.9999626916153217,4.035625608302374e-17,1.0911146922884357e-34,1
0.9668208465766979,0.03317915342323155,1.2837115915766564e-13,2.0704798554888582e-35,0
0.9948545395591415,0.005145460440326684,3.250508017387377e-13,4.4045755416119295e-31,0
0.9995388603614607,0.0004611396387694603,9.852040998133594e-14,9.226780979846841e-30,0
0.9995049337671437,0.0004950662304655377,2.0270920287253326e-12,3.4480255052961004e-29,0
0.9993529464210815,0.0006470535710263476,7.264160340952677e-12,6.74004318533256e-27,0
0.9993858213941049,0.000614178562285048,4.277105699751419e-11,2.024458728820189e-25,0
0.9927999526343269,0.007200047053216176,3.121475809148385e-10,8.264670681242984e-22,0
0.9940743699680956,0.005925608497055247,2.1534708852678783e-08,8.108832601582393e-22,0
0.9539557808273517,0.046044210277702946,8.894758996799362e-09,9.449960828948266e-21,0
0.9845477231865122,0.015452268653917849,8.16041765970826e-09,1.7137151000270354e-19,0
0.998540167362363,0.00145979852623284,3.4110914690875064e-08,2.2720626059609255e-20,0
0.9957542491416631,0.004245747969213364,2.8892511661425377e-09,8.917951839592272e-19,0
0.9672710464866529,0.03272888545137387,6.806187412796433e-08,2.4887164036373565e-18,0
0.7647496948189971,0.2352465151507471,3.790030687514057e-06,1.1477626566542372e-15,0
0.7982498269911459,0.2016374935309252,0.00011267946360860627,1.3421636709762123e-11,0
0.4740781996227411,0.5192529436509487,0.006668856401433514,3.249975729691468e-10,0
0.0004737800718835788,0.9936371868911883,0.005888454731153967,5.783049100118924e-07,1
0.04913906951083311,0.8620880279859194,0.08877286762585454,3.487802212336098e-08,1
0.032996446174482844,0.8922784162693971,0.07472489891814975,2.3863803699921586e-07,1
0.00864349066287743,0.9665140966270274,0.02484164842572726,7.642845728054731e-07,1
0.2200419932407598,0.7520147048845959,0.02794324302208153,5.885268032992348e-08,1
0.24916062943278708,0.7402191159092352,0.010620254657901446,1.9304298896812033e-14,1
8.87861899679609e-09,0.9999999884348655,2.6858248796953407e-09,2.2731880624178632e-24,1
4.34772317358395e-65,1.0,4.2184559100593863e-35,2.2738429807492762e-24,1
3.5680724881345423e-07,0.9999976954249358,1.947767785035342e-06,6.486528365597591e-26,1
6.598882260844387e-09,0.9999999713363654,2.206254169815132e-08,1.8923644484653643e-12,1
0.011034971118494975,0.9844108826411396,0.004554146240416017,7.31479080391291e-23,1
4.2695748427201687e-20,0.999999999996362,3.074872315895105e-12,6.033119076034606e-18,1
1.9760886464661864e-08,0.9999999556221165,2.4617710114733352e-08,6.732136605247526e-18,1
0.00028589593587476195,0.9987466732019107,0.0009674308620217744,3.215337096627877e-15,1
0.00027726097667152587,0.9995046649772831,0.000218074045248421,2.1148642976402786e-15,1
1.5587700141378982e-12,0.9999999929950718,7.0036751035024805e-09,1.12808871148662e-16,1
3.600888315347422e-08,0.999999897379899,6.661168942655005e-08,6.707648593496325e-17,1
1.6232639191059101e-06,0.999964236426579,3.414030947912464e-05,4.982567836233868e-18,1
6.693967329738835e-06,0.9999932493292848,5.670403647203076e-08,3.791014802854394e-14,1
0.13600955332207984,0.8637331319684918,0.0002573147098014265,2.9759618427648116e-21,1
1.056742075857279e-11,0.9999999999836291,6.640469741240971e-12,1.4470828188403328e-15,1
1.4897785821203864e-07,0.9999973442517125,2.506770647931925e-06,2.4937791804043732e-24,1
2.429129976180181e-21,0.999999999996362,2.8266875709820035e-12,5.747625397775588e-20,1
1.3207507972104647e-13,0.9999999858173397,1.4182388412470647e-08,3.7553880991603976e-28,1
6.771727715556697e-21,1.0,8.34492265607842e-13,3.694431645554319e-22,1
1.3387579066851298e-07,0.9999992473697706,6.187539158916667e-07,1.858456780170778e-36,1
9.073670359918816e-55,1.0,7.668015438034529e-31,1.5625438057547364e-28,1
3.676946054689551e-19,1.0,1.380519545032574e-13,1.472370608584194e-28,1
5.314939520186608e-07,0.9999850734316061,1.439507498057175e-05,9.891076047917124e-22,1
2.1603376208641613e-07,0.9999641882014387,3.5595764179999316e-05,1.4698003059933115e-16,1
4.87164035306014e-16,0.9999999931023922,6.898034227287817e-09,6.562700139948566e-15,1
5.775626016308616e-07,0.9999965880473609,2.8343893016821452e-06,1.531730535163874e-20,1
4.5062532866978965e-11,0.9999999994979589,4.566512075287966e-10,5.284861339795324e-26,1
1.223111468724349e-36,1.0,3.1312100120930477e-21,7.99757860226584e-26,1
2.674442602565253e-09,0.9999999489627966,4.83629521671432e-08,7.59239457815446e-27,1
4.1062493914848786e-05,0.9999253465830539,3.359092321016748e-05,1.1336830792996386e-21,1
4.6926068283118253e-11,0.9999999998017302,1.513917440025308e-10,9.2116308603804e-21,1
1.6987881169994536e-16,1.0,4.274897377208619e-17,9.271236547662907e-21,1
2.0881651231380026e-05,0.9999787795018745,3.3884608804952415e-07,1.450082015924367e-22,1
0.002152150899831409,0.9978461091310078,1.739969081039582e-06,2.302679626309747e-17,1
0.0007906503114918417,0.9992069277716831,2.4219168199277062e-06,5.939884359281264e-18,1
4.621882026849762e-05,0.9999537511611736,3.0019035963542806e-08,1.0531864790786749e-22,1
2.328375128647201e-11,0.9999999999708962,5.290887878649467e-12,5.435713827621896e-48,1
4.0415303050535596e-43,1.0,2.0288007079904383e-39,9.11058918837489e-47,1
4.987424733105982e-06,0.9999950125745044,3.061566332286663e-21,7.935798557194575e-48,1
0.6143873387272872,0.38561266127229804,5.948147910358239e-16,1.6793009207079236e-42,0
0.5969950027577111,0.4030049972415255,2.5628012813288507e-15,2.6176596597533696e-37,0
0.4740221268281412,0.5259778731723959,4.132233355130977e-15,7.4784691805819e-40,0
2.1133097530459027e-06,0.99999788668943,2.5756140764398907e-18,3.5544971880182167e-39,1
0.008678491325431205,0.9913215086742125,4.5813529650175334e-17,1.4005617117611305e-38,1
0.7351530967126246,0.26484690328671934,2.489291020370629e-13,2.206555437057356e-35,0
0.3259840008894142,0.674015999109059,1.2542776607329318e-12,1.9288648389124874e-35,1
1.2435839756603443e-08,0.9999999875635696,5.352673890277668e-16,4.124545275491668e-44,1
6.983095127815482e-29,1.0,3.7806650777629366e-29,1.0075980888816763e-39,1
0.16675959987346203,0.8332404001224402,3.708012972498198e-12,3.4504603010300102e-68,1
6.227591434883893e-28,1.0,3.726470633620769e-35,6.724660498536208e-54,1
8.314936293904142e-33,1.0,4.0378962363801806e-30,1.7129507789731132e-57,1
8.814564113002557e-06,0.9999911854362966,2.4610437005494384e-17,2.600048865089589e-53,1
0.004992222232068297,0.9950077777674011,1.4884415635279227e-15,1.4282868412526226e-42,1
8.367107191047764e-06,0.9999916328929319,2.5260906851129976e-18,6.008028499077721e-42,1
0.9887740598466306,0.011225940153971952,8.776218292735704e-17,3.6546976151467955e-47,0
0.9993820730067904,0.000617926992646381,3.8064163655167284e-23,5.494462687949182e-50,0
0.9987221226207202,0.0012778773789661857,3.39739283880403e-26,1.8938126145342556e-55,0
0.7594385072855496,0.24056149271480592,2.008436569165647e-24,9.392040222404203e-53,0
0.8434920271275063,0.15650797287202753,1.2520212983589165e-17,5.3822454304181685e-49,0
0.05632152369033453,0.943678476309966,4.709987549891463e-18,2.1151512382517545e-45,1
4.964723420963513e-06,0.9999950352771981,3.1426080094566215e-21,1.0032910628254686e-43,1
0.0020788197765899763,0.9979211802227249,2.108185191906642e-17,4.128394380979315e-47,1
2.6312153322713606e-06,0.9999973687843577,2.473473582767068e-19,1.0473586444623113e-58,1
1.1580862358372023e-26,1.0,7.049516805255354e-34,2.430079977478995e-53,1
1.7968618649395832e-09,0.9999999982028385,3.8308815556014967e-19,5.493528053028589e-63,1
4.072024914855625e-11,0.9999999999599822,2.3675012023490637e-21,2.5492858698057015e-44,1
0.8112162469346923,0.1887837530655937,1.3417137595420617e-16,1.9227652926762242e-42,0
0.9968289227212134,0.0031710772781583527,6.6226887339819945e-15,1.4456579902694863e-36,0
0.999559656609764,0.00044034338960817276,5.644406283960348e-15,8.58945182320977e-32,0
0.9976461203384335,0.0023538796588280556,2.907816866081131e-12,4.020634725435487e-29,0
0.977124637923206,0.02287536194540962,1.309745253138113e-10,3.5124604255873585e-31,0
2.3364001548129154e-06,0.999997663599971,2.5744508939846893e-14,3.664750317250661e-27,1
1.137231384633986e-06,0.9999988627684715,1.1955279262065318e-13,4.3333927140663545e-26,1
0.07242383533327032,0.9275752773316039,8.873351133137106e-07,3.747750216349272e-28,1
6.696806385788573e-08,0.9999999329884326,4.268297356414843e-11,6.793994157160439e-18,1
0.02538997854192133,0.9746048244258104,5.1970319448281765e-06,3.6420355937121876e-23,1
2.5817815053614293e-12,0.9999999999090505,8.765660557972626e-11,2.6553306237680477e-15,1
0.0850163526999155,0.9148623744891162,0.00012127281153105972,1.809822195232313e-22,1
1.3325727648973176e-08,0.9999999842857507,2.387784486051002e-09,3.6735877604075676e-20,1
8.299327210401092e-07,0.9999991697317264,3.3539756863717024e-10,9.511590242075017e-22,1
4.12901358017821e-15,0.999999999661668,3.391619298475859e-10,3.2996063548040033e-19,1
3.16822148184416e-07,0.9999757666545084,2.3916523615757404e-05,2.467046412335067e-15,1
0.0003290284955098354,0.8272007257651326,0.17247024542567366,3.1420323698178133e-10,1
0.012307545048425031,0.7050489988555823,0.28264329476123995,1.6133437159343547e-07,1
1.200849597531068e-13,0.9999871079083946,7.79485731533489e-06,5.097234289089923e-06,1
1.7045421640667808e-07,0.9999649740352344,2.962033246969666e-05,5.235178321136488e-06,1
1.662253933982449e-08,0.9989927900883641,0.0010018525379311737,5.340751458669733e-06,1
0.03757391676254449,0.662922500871543,0.29950307187766684,5.10487480304637e-07,1
7.065275202868726e-06,0.9274198179512397,0.07250739230221039,6.572447048989213e-05,1
6.000251515206936e-08,0.9986484193190698,0.0012303273037342372,0.00012119337507222937,1
4.740397484515965e-06,0.9998031185356042,6.816284176471794e-05,0.00012397822563140455,1
5.687217847855832e-12,0.999691668753274,0.00018414976831542144,0.0001241814721313322,1
0.00025730676263217665,0.19844390993732003,0.8012739274067431,2.4855892959978453e-05,2
5.7396492049252914e-06,0.08190198895336727,0.9178890180773539,0.00020325331997108603,2
3.238445314869578e-05,0.01337053437944154,0.9855659554334061,0.001031125734204542,2
9.780630845120141e-05,0.005566757712574559,0.9921661579716055,0.002169278006726469,2
1.0355520619924292e-05,0.09720378584558939,0.8899980459134994,0.012787812720887127,2
2.6780004648379295e-06,0.1823502702025082,0.7834581903292295,0.034188861468214524,2
0.005381398481300591,0.15765526857258208,0.8054764789205541,0.03148685402566972,2
1.2954352429984167e-08,0.8744244846039486,0.08893922467310326,0.03663627776872873,1
0.0024965977612043328,0.5401419835606616,0.44289064883402407,0.014470769844729453,1
1.5758038959843502e-07,0.6069433487661094,0.38005615809912385,0.013000335554634411,1
0.0003002267688501205,0.20641141480903835,0.7793466375438975,0.013941720877466859,2
9.29955205177417e-05,0.0008027672794645361,0.9744214264877841,0.024682810712503164,2
8.192262561585446e-10,0.001944846130037139,0.0264290710233346,0.971626082027549,3
1.8719789417250634e-08,0.0019850267372294277,0.00015480219770477462,0.9978601523454438,3
6.651632931980679e-07,0.0019242203780222027,0.00014106896405320995,0.9979340454947043,3
3.2984088164835376e-07,0.0019411605926485732,1.7329603708496046e-05,0.9980411799629163,3
1.1697234838271769e-09,0.001944926705937195,0.00030053860694921885,0.9977545335179062,3
1.6534649859810308e-07,0.0016908752166490853,0.07847129742467858,0.9198376620114198,3
2.2831255425687126e-06,3.794140585728258e-05,0.9705272934528552,0.029432482015618214,2
1.1595372062714708e-06,0.00030313324489331876,0.9968388624688722,0.002856844748832852,2
8.913425555472526e-06,0.0021736574323295015,0.9971375391822156,0.0006798899595039465,2
0.00025067407646072495,0.021711229544863566,0.9780380962832809,9.594343916979531e-11,2
1.5612431717143429e-13,0.9999999977353582,1.961439807447482e-09,3.023960283310285e-10,1
2.6204054015796485e-19,0.9999999961237336,3.574294445771764e-09,3.0276433800300216e-10,1
0.0007343760562276802,0.08866563567677692,0.9105999879969997,2.6966365032540986e-10,2
4.5746704271150735e-05,0.019185023124226784,0.9729979555976657,0.00777127457389903,2
7.103322757781809e-06,0.006690354579007831,0.9773341008505325,0.015968441247097037,2
5.8435818585743556e-06,0.0006503852354704787,0.9545188651052425,0.04482490607707709,2
6.306583436072021e-06,0.0008695054964618325,0.8685414666922627,0.13058272122808362,2
9.03097375074769e-08,0.010721352977941887,0.6695610038315216,0.31971755288150144,2
6.846675980118287e-06,0.0009308075224378829,0.5041512921558766,0.4949110536449463,2
4.364247991862926e-07,2.155813297778879e-05,0.2808699605581882,0.7191080448832509,3
1.2314662024712801e-08,3.7286140098909606e-06,0.057826215594166654,0.9421700434764693,3
2.00228621775332e-09,8.0203815044173e-06,0.0043351511171602075,0.9956568264988549,3
6.431228783496828e-11,4.262226685993746e-06,0.0002941155303210483,0.999701622178806,3
1.8983770096644158e-11,1.7180722066366743e-06,0.0001324308864217425,0.9998658510214793,3
4.081747458575559e-10,7.4524324592403e-08,0.00010301470487044633,0.9998969103625467,3
2.17780749163412e-12,8.399985244941914e-11,0.0001503142471358245,0.9998496856666379,3
3.7176313707106815e-16,1.64778474285492e-10,2.8964695036590587e-06,0.9999971033654335,3
6.354067028925417e-16,3.006529608636668e-11,8.3756974136589e-07,0.9999991623993862,3
7.507595247742893e-16,5.900833662300716e-14,6.934488638248356e-06,0.9999930655107494,3
3.901109445242542e-17,3.235496521305323e-14,4.824529203129119e-07,0.9999995175477379,3
1.8302019395178592e-19,1.1780123355078355e-14,4.4331705374389765e-08,0.9999999556675913,3
2.82156798022782e-27,7.072534893634627e-14,1.131757908311427e-12,0.999999999998181,3
5.820556138341637e-17,4.076044717726842e-15,9.480022954664637e-08,0.9999999051997337,3
5.751122085490786e-18,9.701340709029785e-15,2.215517857057333e-06,0.9999977844824557,3
3.213761441470035e-18,1.4976435025557895e-14,6.629001506922031e-07,0.9999993371004544,3
4.4585454651631716e-20,4.584401678137261e-15,2.738356536996945e-08,0.9999999726169339,3
6.236664615313174e-20,9.483323890575794e-16,5.3510177672655506e-08,0.9999999464889712,3
1.213808653607039e-19,1.8674753757521385e-16,4.069083433002808e-08,0.9999999593092078,3
1.1965423038252118e-19,1.7233218005146142e-15,8.689249960451609e-08,0.99999991310688,3
1.2469340056915713e-20,2.7700912721535315e-16,3.5879046857226457e-07,0.9999996412098615,3
5.11611420478715e-21,1.4532888081140193e-17,1.596375019335507e-08,0.9999999840365491,3
6.93567192963794e-19,1.3853642796978765e-16,5.092545772595706e-10,0.999999999490683,3
4.0528017811162394e-18,1.39442040046037e-15,1.004886650065115e-06,0.9999989951125419,3
1.881970165880046e-18,4.04404114943893e-12,3.869949081094386e-05,0.9999613005050956,3
5.796749619506041e-19,3.772538360303117e-10,6.573525333881148e-08,0.9999999338870134,3
7.359701400629072e-15,4.501457345097956e-11,1.013285103807937e-06,0.9999989866706205,3
2.484083802699062e-14,5.733981736473283e-12,8.335816186113973e-06,0.9999916641774694,3
5.048932716513218e-13,6.492406631389523e-11,2.3142107558917044e-05,0.9999768578276707,3
1.1172008858647068e-12,1.4313400757384558e-10,3.9191746022449794e-05,0.9999608081092896,3
2.283553451012241e-13,1.3275649441116392e-09,2.9452285938570593e-05,0.9999705463860037,3
9.739514260851276e-14,3.540780748951014e-11,2.842712155428867e-05,0.99997157284294,3
9.50051483026127e-14,3.9260191428826303e-11,3.490786332496321e-06,0.9999965091744336,3
7.900343859961384e-16,7.082766596530046e-13,1.026800902090066e-05,0.9999897319903196,3
6.2936812625677585e-19,3.402195340368691e-11,1.552727562076608e-08,0.9999999844385458,3
8.855120834011905e-34,3.5832977296497857e-11,2.9813596471921504e-13,0.9999999999636202,3
3.115781018647644e-31,3.583297938003559e-11,3.6567037836590506e-15,0.9999999999636202,3
1.4527806903326905e-13,3.5638625830748314e-11,2.0670235467974544e-10,0.9999999997580744,3
5.399189679571399e-15,3.6722423239454964e-11,1.4939099726145144e-07,0.9999998505718507,3
7.258342177411039e-33,3.5453994298783195e-08,8.871632846311136e-12,0.9999999645369833,3
6.556577743235169e-13,1.3507155996100597e-09,1.1078913402857449e-05,0.9999889197347286,3
4.796406337225808e-32,4.1869285816459046e-09,3.502600775038263e-18,0.9999999958126864,3
3.83442804383898e-15,2.9730469591604637e-09,5.04803883147581e-08,0.9999999465471788,3
3.69626059117358e-14,2.4598325253728684e-09,2.5116291299242e-07,0.9999997463765207,3
1.3993019209678849e-12,1.4626816407856808e-09,1.0843032075350747e-05,0.9999891555040935,3
6.928245422712587e-13,6.924981043869221e-08,7.779212146472355e-05,0.9999221386287981,3
3.324352668902558e-10,1.2709867792161755e-07,0.0005529296714461724,0.9994469428975414,3
1.8432558582356876e-10,1.8778586905910455e-06,0.0018172299657381523,0.9981808919909628,3
9.362248124847815e-09,4.931266923531219e-07,0.005456089963698569,0.9945434075467521,3
3.077357652660433e-08,4.1912270217458375e-05,0.004289822853200119,0.9956682341026444,3
1.2038798486683827e-20,0.0006367148642751192,7.941504778501462e-08,0.9993632057198663,3
1.6434595344421205e-07,0.00011597788692955491,0.0007453295105043875,0.9991385282562165,3
6.180622849746899e-11,0.00011480209190703591,7.746121507046485e-05,0.9998077366312286,3
1.276238335134834e-07,4.311521064154388e-05,0.0010985382322281953,0.9988582189333772,3
6.465944116478608e-10,3.341968259300149e-05,0.0012867363108745818,0.9986798433601205,3
2.023118404385239e-08,1.0777059916682242e-06,0.004876825157957105,0.9951220769055033,3
5.0610447278192255e-09,5.070713785905203e-07,0.005517213376146396,0.9944822744912687,3
2.2849256487321006e-09,9.429500024999196e-07,0.0027555940267372904,0.9972434607378832,3
5.845792326794919e-11,2.8235614027469128e-08,0.001547194396590891,0.9984527773089599,3
5.3641597845807255e-14,3.9918716287304955e-09,6.203386337310289e-05,0.9999379621439678,3
5.939132319801658e-20,5.936491984931869e-09,5.759496198549161e-08,0.9999999364681591,3
1.152873414353874e-15,4.4322791578129866e-10,9.464512970189823e-07,0.9999990531055054,3
3.549851919866237e-14,1.2915915274739232e-11,1.618504337520324e-06,0.9999983814827285,3
1.5004747360497877e-15,5.795640260817884e-13,4.043916457380765e-06,0.9999959560836854,3
1.2140125467362081e-14,2.372290730167132e-12,1.7284612747430084e-06,0.9999982715359169,3
4.2192319252605846e-15,8.116856936378575e-13,6.178765617750552e-06,0.9999938212340459,3
2.9293724159971164e-16,2.4293927615623293e-11,3.854635774954743e-06,0.9999961453396904,3
1.9462396098246307e-16,2.2955520570576735e-10,2.6923672437949295e-06,0.9999973074027237,3
1.511318684344942e-14,2.4417799809044913e-12,2.686156763048226e-05,0.9999731384293046,3
2.015008888475078e-16,5.899434454930814e-11,4.081216860249755e-06,0.9999959187236138,3
1.7828752989266474e-15,1.7826042708885844e-11,1.9105293393382143e-06,0.9999980894535899,3
4.9388267789239626e-15,2.1250770085023038e-11,5.211563940388631e-06,0.9999947884143073,3
2.4323409498967495e-13,2.1586673705800506e-11,3.3035279604418975e-05,0.9999669646985957,3
4.9641631206012774e-14,1.3538683843591437e-10,2.4519787536505197e-05,0.9999754800778948,3
4.886953106724316e-14,4.178043710419704e-11,9.412989047793195e-06,0.9999905869687714,3
1.6986186310448154e-14,1.2388290852492554e-12,8.634746257963157e-06,0.9999913652527442,3
8.529827805292972e-17,1.4476982910728955e-13,1.3242193989210245e-06,0.9999986757802289,3
8.099579521628774e-18,1.6083075807959724e-12,2.7322557778777613e-08,0.9999999726751415,3
1.9904590408033465e-17,9.484401738772922e-16,2.986173794348212e-06,0.9999970138259435,3
1.2059546181292516e-17,1.4973275261141117e-13,1.7192195776958793e-07,0.9999998280782313,3
5.210361375672154e-19,4.437965683097383e-16,5.0496131519674456e-08,0.9999999495030364,3
5.548584687719226e-19,6.880133015435863e-17,2.2733208407327453e-08,0.9999999772662707,3
6.884734885825043e-18,1.3346055091742537e-14,3.756483627306319e-08,0.9999999624360505,3
3.5324888196600986e-17,1.0337159105919038e-14,1.0235137765452811e-05,0.999989764862759,3
2.9353618150640954e-15,1.71935628136952e-10,1.663420213182542e-07,0.9999998334860859,3
3.6198370530433736e-14,6.5760465795344915e-12,2.0577788018313268e-05,0.9999794222047012,3
1.116982457345001e-12,9.408646204754118e-11,4.398707400485628e-05,0.9999560128305691,3
5.762605835562573e-13,2.546835901699774e-10,2.7899397506113324e-05,0.9999721003477432,3
2.0761323084506423e-13,4.5626895271374494e-11,2.4626157640546973e-05,0.9999753737969557,3
4.849431026177027e-15,8.582677174809609e-12,7.742847610934699e-06,0.9999922571432389,3
3.2339825690327017e-16,1.709221615972092e-11,6.963403738125969e-07,0.9999993036419861,3
1.0925106548102515e-16,2.331969877310406e-11,1.32174814734702e-06,0.9999986782285855,3
5.772389795514206e-14,6.987327500612253e-12,2.7380524059181015e-05,0.999972619469332,3
4.424833496204192e-13,1.2297496515994835e-10,2.124983538877846e-05,0.9999787500403288,3
1.016762968841704e-12,1.2557050520003705e-10,2.452237502997066e-05,0.9999754774986311,3
2.1427601786527785e-13,2.219424474750789e-11,2.8140188575773616e-05,0.9999718597894972,3
1.0580980778914849e-14,2.249041262580097e-12,5.823824778999002e-06,0.9999941761731371,3
4.202987865211036e-16,6.588315468508392e-13,5.41458666242424e-07,0.9999994585415708,3
1.2880706804111831e-18,8.383857321158266e-16,9.861692263743544e-07,0.9999990138299242,3
2.3274613456376843e-22,5.869388103341579e-19,1.4296721329789404e-08,0.9999999857027434,3
1.8091136139602094e-24,6.596348502118682e-20,1.1093146729464708e-11,0.9999999999890861,3
7.883780681288213e-24,1.4414035272876014e-21,9.444456747823122e-11,0.9999999999054126,3
2.5565361760860414e-25,9.123956294684299e-22,3.859476695671899e-09,0.9999999961401045,3
4.508772359029997e-31,2.6458498413248012e-23,3.911960824142713e-10,0.9999999996089173,3
2.456196115243148e-31,4.477195538341579e-26,2.8694242544102845e-14,1.0,3
3.0800301983618634e-33,7.921407241262972e-31,2.9254837309835333e-14,1.0,3
6.486811469317757e-33,2.0584656659620028e-29,5.005859030395295e-15,1.0,3
9.774944557733042e-33,4.938189365343608e-30,4.1943325768499925e-13,1.0,3
5.073125173771858e-34,2.6384730695774892e-30,4.942692327990598e-13,1.0,3
1.5752403910855475e-33,4.54718368018113e-30,1.8135866905818068e-15,1.0,3
2.472714354439246e-34,6.919428475745287e-32,7.435709103910338e-15,1.0,3
2.3254921981351269e-32,8.218840448007965e-30,5.3283869443800977e-14,1.0,3
4.7257578054056336e-32,2.501886520710397e-28,8.512677335822588e-13,1.0,3
2.5757491666838757e-30,2.2499901794030515e-27,8.23450826859685e-13,1.0,3
7.885467547200414e-31,5.321020576294603e-27,7.150960602885188e-13,1.0,3
2.073086680590934e-28,2.7707716455076035e-25,2.051532579481751e-12,0.999999999998181,3
6.313615424435744e-27,1.1189460633074693e-21,5.908798255609932e-11,0.9999999999417923,3
2.2605485112977853e-23,1.327410659502946e-20,9.977334400366078e-09,0.9999999900228431,3
2.0622699473457046e-19,5.576092378732669e-16,7.40918919910552e-09,0.9999999925912562,3
6.120846641470364e-18,3.8654163740869734e-15,1.127337366699661e-06,0.9999988726619438,3
2.6465909271159976e-15,3.8702982788230576e-13,6.1938315533782395e-06,0.9999938061674499,3
2.6690168246300167e-13,8.15070704523102e-11,1.6598175090044495e-06,0.9999983401007874,3
5.3091321681518174e-12,1.0502692912936301e-09,3.356367799405164e-05,0.9999664352666187,3
7.392077063698428e-11,2.3800551830824107e-08,0.006744748237638236,0.9932552278877121,3
4.713711874277217e-09,4.829173417466052e-06,0.015994360132464615,0.9840008059811026,3
2.541558820954086e-09,3.4771713491263944e-05,0.02861096452907136,0.9713542612152788,3
5.1539044518154786e-08,1.0983339269083106e-05,0.06533699958019969,0.9346519655415246,3
1.8394360585021765e-07,4.604794361568884e-05,0.10154815731715743,0.8984056107953835,3
3.0943646046280405e-07,3.5531034712236336e-05,0.1903492791064497,0.8096148804215548,3
9.862649799389306e-08,0.0002345829491259156,0.26725608662381256,0.7325092318002052,3
1.1397003192069332e-07,0.0001703382168541201,0.45670698146376154,0.5431225663496823,2
6.715498545541363e-07,9.676720612708649e-05,0.6220540045920616,0.3778485566520047,2
9.92969841131366e-07,0.0009041461812768423,0.6896073302772043,0.30948753057171213,2
4.307434034142367e-07,0.003057673300500751,0.7535886495015229,0.24335324645445633,2
2.0768849656042385e-06,0.00028412051444632333,0.9147133301609528,0.0850004724390065,2
2.1704687485131503e-06,0.00011599784817829845,0.9818282124405788,0.018053619242586215,2
3.9387766523122065e-07,0.0006636359174998285,0.9920416361119794,0.007294334092260295,2
1.5269161899836535e-06,0.0002070926720354839,0.9983600400605621,0.0014313403513021214,2
2.3033269283823285e-06,0.00010190549791239692,0.9993752010156497,0.0005205901594536991,2
2.2751025447307626e-07,0.0013103220736683382,0.9975361200914061,0.0011533303239095749,2
8.388966882899888e-08,0.004644907725229013,0.9924373487145126,0.0029176596710881898,2
2.5078643593981666e-06,0.002014173568074787,0.9953142445189117,0.002669074048673717,2
1.298991600864647e-07,0.009576808702428496,0.9871289946519397,0.0032940667463160884,2
6.517049251923176e-06,0.004887160366217663,0.9931585588212368,0.0019477637636919423,2
3.0086548020917352e-05,0.0008253153777045831,0.9989167922505173,0.00022780582443732646,2
0.00018061998865528814,0.012951700524412075,0.9868590493130245,8.630173008894785e-06,2
8.24869301864826e-05,0.7466447023468641,0.2532241431134035,4.8667610064418315e-05,1
0.1149207784643176,0.7048484639075302,0.18022369788435244,7.059743900916545e-06,1
0.4189350152393119,0.46391768927121585,0.11714564348485379,1.6520038514993394e-06,0
0.6850220140016997,0.20930409820782686,0.10567335062932834,5.371604282123276e-07,0
0.7948217203508202,0.12424879286464004,0.08092924404744363,2.4273729336519724e-07,0
0.9072084759908414,0.03611067834095375,0.056680525932054936,3.197358934685473e-07,0
0.9409582125659874,0.01732908780326979,0.041712561052469205,1.3857896108340226e-07,0
0.9400453248668478,0.035488146076765925,0.024466427197628482,1.0185815390718819e-07,0
0.9248359799292862,0.058536806881731476,0.016627191661816258,2.152690418685662e-08,0
0.8777892607721606,0.1193324138697753,0.002878313428588617,1.1929887731598128e-08,0
0.8960085057730213,0.1028791669480717,0.0011123259718023263,1.3074523632828981e-09,0
0.7299982116686939,0.2697915707846139,0.00021021644661925449,1.099968473916236e-09,0
0.6684962941711571,0.33105374070010174,0.0004499649771057932,1.5120198726041468e-10,0
0.49378664964624813,0.5056874369300492,0.0005259133735603933,5.051791507495632e-11,0
0.3803615236079367,0.6195040690950959,0.00013440714815260565,1.492013098722079e-10,0
0.5491388957764107,0.45041967874409955,0.0004414254721344396,7.0955254983316975e-12,0
0.694469956491036,0.30550075238378455,2.9291023210798448e-05,1.0275080293303996e-10,0
0.8384489199733625,0.16126232055767326,0.00028875946042668455,8.817029022124037e-12,0
0.9752783118206593,0.024638672019483845,8.301611558058447e-05,4.3455347967294436e-11,0
0.960892259732773,0.039068531815217335,3.92084191937483e-05,3.2445190860768834e-11,0
0.9701835132413853,0.029766305499734143,5.018125850638148e-05,6.91692537598789e-13,0
0.7926025386703093,0.20738922585002081,8.235478558372427e-06,1.6081704994516854e-12,0
0.8486267075095896,0.15132412538788031,4.9167102191517874e-05,4.574667587576212e-13,0
0.7754914546836164,0.22448280204918167,2.574325091392419e-05,1.7167630529719222e-11,0
0.7412216312782847,0.2582701114188903,0.0005082573018424384,9.079211542955505e-14,0
0.0003263968061170374,0.9996649814374616,8.621755015757531e-06,1.1151484256676655e-12,1
0.0005427176748292224,0.9994388904833916,1.8391841154033583e-05,4.6092505179717874e-14,1
0.039231608980662254,0.9607378057578589,3.058525884347358e-05,3.161268027221367e-12,1
0.11438183688234493,0.8852153277917326,0.00040283531706928694,8.338259476089594e-12,1
0.08017588210001098,0.9192806140980432,0.0005435034919477175,3.1063715001287093e-10,1
0.46345463426715783,0.5328225984451123,0.0037227636650546242,3.6222218516148606e-09,1
0.5980814050834408,0.3924012013046162,0.009517376399726107,1.7212287763879982e-08,1
0.5353493442294059,0.4509812331960654,0.013669389833935513,3.273990102811025e-08,1
0.2535834688392351,0.7395434019544896,0.006873098175254544,3.10319131645761e-08,1
0.2512156393250015,0.7455314822931365,0.003252878380474624,1.0664226446492947e-12,1
0.0017439530033191114,0.9982559801363997,6.68298061865831e-08,2.981533157594636e-11,1
0.783535306555326,0.2164096999196807,5.499352565508378e-05,1.4581977261788955e-13,0
0.915355350324707,0.08461184242341077,3.280725103726695e-05,8.231221486294397e-13,0
0.9791251395460617,0.020865238880782403,9.621572402500942e-06,2.3792549812258293e-14,0
0.9916340001208459,0.008365843823252008,1.5605546182541323e-07,2.8099252223433824e-14,0
0.995389990281921,0.004609245231788453,7.644858425917746e-07,4.957233540530203e-16,0
0.9825863288722795,0.017412982144768434,6.889828703229419e-07,9.223603609574997e-15,0
0.9978494540483861,0.002148445014044527,2.1009372846657474e-06,1.6559738823301077e-13,0
0.9953504461106485,0.004611689122746479,3.786474512834723e-05,2.2182372940778115e-11,0
0.9824294254966051,0.016082229556086926,0.0014883442695429565,6.785462266216026e-10,0
0.8763708954927384,0.08919238559863242,0.034436709928489205,8.979978694385131e-09,0
0.30633218764905756,0.5515002372739948,0.14216716336720842,4.1171046667118533e-07,1
0.22885391662038676,0.3520516222145134,0.4190927410737227,1.7200908835397763e-06,2
0.11713583458172072,0.13380673883351193,0.749053523517322,3.903068327004249e-06,2
0.0543311060112606,0.03587341368356462,0.9097892194311861,6.260874288516608e-06,2
0.0009360510048961342,0.07294321859674696,0.9260621394158421,5.859098313450491e-05,2
3.629495900847436e-05,0.030780670864753206,0.9691477002118704,3.533396508094349e-05,2
8.69677828994187e-05,0.0023700932078463185,0.997531955636334,1.0983373496895341e-05,2
9.930417288757493e-06,0.00011487017286660906,0.999861308074995,1.3891334576281473e-05,2
5.106967023006202e-06,0.0003953534517499321,0.9995739575349297,2.5582046730861768e-05,2
6.151835213299094e-05,0.0005965065772979579,0.9993324562731773,9.51879740215621e-06,2
0.0007866738192082112,0.011793742701841909,0.9874063428217218,1.32406568935374e-05,2
0.0030924804785547456,0.04192285613124983,0.9549780881248495,6.5752654459016686e-06,2
0.003021978312982318,0.2020804796216576,0.7948759821351828,2.1559931017767005e-05,2
0.027366801126439307,0.2684018400642578,0.704231284650062,7.415928015649104e-08,2
0.011228490594379742,0.9763209490362577,0.012450560352581658,1.7159248236509288e-11,1
9.264851886011499e-06,0.9999902674808929,4.676679703257867e-07,1.5836531232525328e-13,1
0.9404332115633428,0.05955767396375698,9.114472212780012e-06,1.2735621751611444e-17,0
0.9943208832322117,0.0056790854128855334,3.135431033979759e-08,1.5307007363636927e-17,0
0.9986671076821924,0.0013328893630892848,2.95382260830633e-09,1.2297400532708777e-19,0
0.9987700584706948,0.0012299373565124278,4.173254394832941e-09,1.1383867789666038e-21,0
0.9883408716535853,0.011659127337186223,1.0100106481364697e-09,4.236342691706358e-21,0
0.9909838715670691,0.009016127297572432,1.1349898387806728e-09,8.677319668345028e-21,0
0.9968789394465863,0.003121036096880177,2.4457384560973085e-08,3.751102074991359e-21,0
0.9985857432862323,0.0014142550143893746,1.698555697439732e-09,1.3887411358088632e-19,0
0.9990046039811851,0.0009953906823781543,5.3370140804001155e-09,2.4623168483429493e-20,0
0.9990577749916991,0.0009422050039400521,2.0004127340520353e-08,1.476418434816479e-17,0
0.998799948732982,0.0011975937278545068,2.4575384898730004e-06,3.979465178901359e-15,0
0.9967867599832402,0.003194854902071957,1.838511308639046e-05,1.7234703190314346e-12,0
0.996948797914519,0.003009559342236315,4.1642715652458564e-05,2.7066075472069652e-11,0
0.9954774261555114,0.004449528345169212,7.304538661530112e-05,1.1253632314143332e-10,0
0.9947307942860545,0.005108138084834279,0.00016106715014317622,4.793385521079614e-10,0
0.9850387919525183,0.014397480170751615,0.0005637267170317514,1.159111598225562e-09,0
0.9525054196988154,0.04546110773588571,0.0020334646008656958,7.96490244672826e-09,0
0.9724172742968302,0.02087875130898683,0.006703966656633413,7.73721279651174e-09,0
0.898421581289055,0.09161778988199841,0.009960601985657937,2.684372378607663e-08,0
1.1639616338952416e-07,0.9997958994156954,0.00020044891844802593,3.535269276497503e-06,1
0.0015026204870415263,0.32486828491241426,0.6736289290002971,1.6559962412449014e-07,2
0.0036413147086244648,0.04347119757945835,0.952881159958839,6.327752219347212e-06,2
0.0011071066067339572,0.00607418481545489,0.992808955837098,9.752739972757831e-06,2
0.00020269522162413866,0.00047781710543350124,0.9993149913203301,4.496352745694015e-06,2
1.8027799962504637e-05,0.00010297697287219963,0.9998680703989269,1.0924827847664705e-05,2
8.03508077605795e-07,0.0003845688156395174,0.9995913887978118,2.3238877668395656e-05,2
1.5924532871938548e-06,8.962108560823171e-05,0.9998876801165395,2.1106345147063573e-05,2
8.651620843984654e-07,0.0001955762930069274,0.9997618698211166,4.1688723312084725e-05,2
1.5798453372147099e-06,8.244608382086474e-05,0.9998826093510964,3.336471973974807e-05,2
1.3875055097911678e-06,0.000186566252257188,0.9997640402958134,4.800594582102443e-05,2
1.780587378433351e-06,8.274645425884889e-05,0.9998832324420788,3.224051708443224e-05,2
1.4284012485236218e-06,0.00011789832246204467,0.9998509955867707,2.9677688734472697e-05,2
1.2732358470213718e-06,0.0001688054883847897,0.9997996392490517,3.0282026840719133e-05,2
1.919918002615598e-06,8.591137613836596e-05,0.9998977220887009,1.4446617043950474e-05,2
1.958049481645528e-06,0.00010529698485577922,0.9998692025874537,2.35423786006869e-05,2
2.0350244088443085e-06,7.791625691700506e-05,0.9998691596285446,5.088908931885878e-05,2
1.0207367056179494e-06,0.00013692412700306845,0.9987363555127342,0.001125699624226074,2
1.1662995915302348e-06,0.00012428901952614608,0.9891432383483202,0.01073130633213684,2
1.078903503430177e-07,9.835947539912379e-06,0.8696644825878939,0.1303255735733865,2
3.64985820709368e-08,7.934249211440082e-05,0.04570711388926795,0.9542135071205917,3
5.144914613642845e-08,3.590686530010939e-06,0.016834801136480566,0.9831615567282395,3
1.7080611853118155e-10,4.5093806754243396e-05,6.226250147293233e-05,0.999892643520631,3
4.9092324353463846e-09,1.5530402330259738e-06,0.0010459999946530435,0.9989524420556275,3
6.159011904712045e-10,9.169570133967738e-08,0.000810268941554526,0.9991896387471108,3
2.8380695733462374e-11,6.406972534745531e-09,0.0003507559776883568,0.9996492375872787,3
1.0397521529818713e-12,8.278005891428889e-08,1.0173619683082472e-06,0.999998899857624,3
2.515066908233567e-12,7.536475509211228e-08,1.0905448757282505e-05,0.9999890191832393,3
4.7351594993070735e-32,1.5044790616018566e-07,2.7036916851968387e-16,0.9999998495513978,3
1.2371402064146338e-14,3.107697118131348e-12,5.10297330449582e-06,0.9999948970237855,3
1.7627200097838607e-20,1.679329149621717e-12,6.767826424798726e-09,0.9999999932297214,3
1.4493625868714098e-19,4.804402171249215e-15,7.733953493349221e-08,0.9999999226602115,3
3.051787570617335e-18,1.0917480095008851e-15,2.4587188972477714e-08,0.9999999754127206,3
1.0431027936639701e-20,1.6979901504200815e-17,5.276333323078928e-07,0.9999994723658829,3
8.019891725337964e-23,5.5222033488624714e-14,3.2290135541491835e-11,0.9999999999672582,3
1.2326954236621492e-20,2.3189164761966172e-18,1.4135258426964149e-07,0.9999998586481624,3
1.584627394306444e-19,4.801650839717986e-16,2.077056939277157e-09,0.9999999979227141,3
3.5384972320562e-20,4.31645578957938e-18,7.312756532789102e-08,0.9999999268729907,3
5.602813676001306e-20,2.0455795132541423e-17,5.733238212556963e-08,0.9999999426672747,3
1.1506049866064602e-22,1.2348652683710626e-19,5.971631202607156e-09,0.9999999940282578,3
7.34879762582073e-24,9.973253693915996e-19,5.096943251946301e-11,0.9999999999490683,3
4.9212851017623827e-26,1.6333825800213707e-23,3.657948386866084e-09,0.9999999963420123,3
1.5736260863103476e-26,4.0700400528826366e-20,1.4290287480467199e-11,0.9999999999854481,3
7.704914252969319e-25,2.438831088878668e-22,1.8720460027022474e-10,0.9999999998126441,3
4.4853769632409146e-23,2.3963334773529145e-19,6.686700973326206e-10,0.9999999993306119,3
1.0441886376314118e-22,4.007647522284637e-20,8.378997935281949e-08,0.9999999162100757,3
6.978033371035975e-22,1.835272272975324e-15,1.1119385750596767e-10,0.9999999998890416,3
1.3682420213031892e-18,4.184571396091979e-16,6.864329470511469e-08,0.9999999313567992,3
1.685616990130309e-14,2.7273384257487898e-12,1.841351958959592e-06,0.9999981586459981,3
6.031780895772047e-11,6.69173933950463e-09,7.401179914448322e-05,0.9999259814486514,3
1.3397906328455607e-10,3.533037195870423e-06,0.00422642244575039,0.9957700443832186,3
4.647122640911094e-09,5.284672305465527e-06,0.6216611970213138,0.37833351365860896,2
6.145930476170648e-07,8.732833591933182e-05,0.9547057834359222,0.045206273635276156,2
9.096270461199606e-07,0.0003559541795906878,0.9966448921241222,0.002998244069513868,2
2.4564141045944454e-06,8.368307471160973e-05,0.9997669519949637,0.00014690851574762542,2
3.587302806677228e-07,0.001048546374369009,0.9988665641473539,8.453074765874308e-05,2
1.9056698610036186e-06,0.0001662356376085675,0.9998042720358932,2.7586657273094566e-05,2
1.2740909949233645e-06,0.00029833292753106064,0.999686546316811,1.3846665258209913e-05,2
1.0431905537465349e-05,0.00011184483487735451,0.9998686002171435,9.12304325324256e-06,2
9.20540419905664e-05,0.0013155881481984337,0.9985844589894992,7.898820734064427e-06,2
0.0006924023708216158,0.03460442785488502,0.964700692368553,2.477406384470533e-06,2
2.0879357366130433e-05,0.6811746997199515,0.3187617010929621,4.2719828903050794e-05,1
0.010145195801891807,0.6862163437010174,0.3036384568252298,3.6726305342426197e-09,1
9.245458785926405e-06,0.9995004323364702,0.0004903205772931522,1.6280293137028403e-09,1
0.012253803432094484,0.9869267179350331,0.0008194783995879569,2.3401394056272247e-10,1
0.6225266152042633,0.3773133089527976,0.00016007584126695007,9.08847203985311e-13,0
0.9798519183247963,0.020146886238575978,1.1954363985067196e-06,5.418157759766753e-14,0
0.9979870092547939,0.002012743490158142,2.472543783128545e-07,7.328357891470199e-16,0
0.994104801702164,0.005894930777134727,2.675212961066815e-07,1.6067798488134945e-18,0
0.9620622940486181,0.03793770301104917,2.9407188949703178e-09,3.844133486689451e-17,0
0.9771964573796458,0.022803349493311264,1.9312782024830262e-07,2.8611702144381e-20,0
0.774162642262461,0.22583730299501303,5.47424060038768e-08,3.039999325518005e-20,0
0.8355640927651493,0.1644358871903155,2.004430361404637e-08,1.0937007007262919e-21,0
0.992498482362086,0.007501517281726988,3.566568068120871e-10,5.856445557565205e-23,0
0.9991084764130052,0.0008915235676574643,1.915446250909261e-11,6.910453442907267e-25,0
0.9992488338843395,0.0007511661026206284,1.321680097343946e-11,2.736638649953936e-25,0
0.9953424471512344,0.0046575527686929215,7.946679902666279e-11,1.0291996154428667e-20,0
0.9978984157639665,0.0020998497222814295,1.7345143382039264e-06,5.422085950444368e-17,0
0.9959651120167174,0.003963557229158225,7.133073667881536e-05,1.763547325610061e-11,0
0.9852157889389207,0.01137834546188665,0.0034058648467275095,7.517976054736772e-10,0
0.8542067496317924,0.04055733880126243,0.10523588823178406,2.3335765383321755e-08,0
0.4920345542824922,0.07611716217506491,0.43184759600291905,6.875403113110421e-07,0
0.16019374923878457,0.032684273963611093,0.8071199924262932,1.984370598296389e-06,2
0.07603709618965146,0.06724788082368409,0.8566974320302203,1.7590955931741556e-05,2
0.04675228904035298,0.09516711897936686,0.8580730761376553,7.515842317722075e-06,2
0.06119643571336896,0.1748257317517719,0.7639664803345471,1.1352199450490353e-05,2
0.18810458766409857,0.05724626932172229,0.7546461142266285,3.0287884108912004e-06,2
0.21072147097028998,0.08231067688793442,0.7069634134680675,4.4386744986084585e-06,2
0.24839802986982762,0.0770714454302817,0.67452768550954,2.8391910070059893e-06,2
0.21513887167751686,0.24311719280041774,0.5417439315667578,3.955073019699287e-09,2
6.78261549690208e-06,0.9998836911850327,0.00010938413105153111,1.4206853116698743e-07,1
0.006752962239608115,0.9902360854662668,0.0030109415912519975,1.0702123455645489e-08,1
0.0033873174505954853,0.9773775468717236,0.019235103933493685,3.174342421713302e-08,1
3.744959510617578e-09,0.9935705624138138,0.006424868163582602,4.5656773093970695e-06,1
0.0017557044280108666,0.040185104733533254,0.9580589790076985,2.1183015308234014e-07,2
0.00023980159149458868,0.0014703395251650562,0.9982815359004309,8.322983079039587e-06,2
2.7364420023425496e-05,0.0008129950660582293,0.9991475967244284,1.2043789360683076e-05,2
2.5258815250104835e-05,0.001180066385639625,0.998784244822337,1.0429977318279127e-05,2
9.468579866825416e-05,0.005388434817867833,0.9945091191023154,7.760280259142083e-06,2
3.5299508650008095e-08,0.13770399662477142,0.8621933092733448,0.00010265880176177632,2
0.00018543942024425628,0.01805692864818683,0.9817402011775085,1.7430754753422647e-05,2
0.00010803411327372448,0.011259330927778683,0.9886193130538595,1.3321904925461623e-05,2
3.5067057058627704e-08,0.06526738324657734,0.9345864730920133,0.00014610859450985957,2
0.0008590871112490056,0.026549129998466918,0.9725701553271118,2.1627562731937133e-05,2
0.0003461512083826443,0.1238605722487478,0.8757928011021135,4.7544037560935917e-07,2
3.309049548100168e-08,0.9955372868112478,0.004456564833565189,6.115264099970236e-06,1
4.998414509151266e-09,0.9999275297790702,6.46046924912562e-05,7.860529681846515e-06,1
6.064352250526945e-07,0.9805121170051135,0.01947987875298739,7.397806458695874e-06,1
0.0008111126097119889,0.029357138565599343,0.9698314094303091,3.3939500895789435e-07,2
4.04105773264058e-05,0.0017838769081950328,0.998162069413945,1.3643101279112412e-05,2
2.252926034285438e-06,0.00042003674862278403,0.9995615840858976,1.612623906588354e-05,2
3.048657078972516e-06,0.0009491051055896173,0.9990020618548733,4.5784382691618365e-05,2
2.199061722434862e-06,0.0013370829001244158,0.9986487688178582,1.1949220953738452e-05,2
5.938572229348616e-06,0.00021568417150149075,0.9997658854905257,1.249176493504589e-05,2
8.053769549425042e-06,0.0009407807151979075,0.999038172771034,1.299274379621324e-05,2
7.901118776190277e-07,0.029445674558981567,0.9704555804778435,9.795485098592291e-05,2
9.001948667897282e-07,0.03063420362550889,0.9692819230533598,8.297312685169445e-05,2
4.897336471181711e-05,0.0006708582037653471,0.9992692987407924,1.0869691550300905e-05,2
1.2759357444733315e-06,0.0011384368543519794,0.9988182387153283,4.2048494460225925e-05,2
3.3118004492376563e-06,0.0004746187150834312,0.9994860917715319,3.597771289195621e-05,2
3.001135208982371e-05,0.0007244651935812933,0.998350921186211,0.0008946022679643474,2
9.874387488127341e-05,0.058042340411884025,0.9223174230230696,0.01954149269049961,2
1.119504364001262e-08,0.81956600958618,0.04733248469603555,0.13310149452313197,1
4.801584674874607e-06,0.7758513296716258,0.09185590621337966,0.13228796252970673,1
0.0001009369500210383,0.431653373841303,0.47578503975017805,0.09246064945937692,1
0.000421550698197176,0.006785813483005008,0.9888795030464403,0.003913132772298406,2
6.095781555147089e-05,0.0002434234000725756,0.9995749402312241,0.00012067855338442563,2
1.31991135024584e-05,0.0023274783845562124,0.9976424931761925,1.6829326308895002e-05,2
3.050391549872006e-05,0.023161091407904344,0.9767931494929399,1.5255184377649826e-05,2
7.019371382376347e-05,0.11973204620349084,0.8801797387628617,1.8021319346538883e-05,2
0.007924908048803117,0.1988583823264325,0.7932162261846737,4.834395489956999e-07,2
0.006394384995223622,0.9004498900860958,0.09314638859629537,9.33632235766013e-06,1
0.20589423342545285,0.6992862280624905,0.09481656512906977,2.9733833602388556e-06,1
0.4682365626672371,0.3419638345861688,0.1897988397916713,7.629551273004631e-07,0
0.5384918423279569,0.2392825939936272,0.22222495336965314,6.10308872000113e-07,0
0.4940787141693071,0.3403433328012532,0.16557782560262302,1.2742751790997738e-07,0
0.0075229604803407745,0.9773083230873072,0.015168324804992833,3.9162749434697215e-07,1
4.486761513239259e-07,0.9946148831767938,0.005383681480611269,9.866672660162025e-07,1
0.009882049755646393,0.35669611461108336,0.6334217789647419,5.6669147378504005e-08,2
0.010068900048662028,0.015769754502735937,0.9741589017965463,2.4436513117943404e-06,2
0.007752802578106398,0.009480036393081688,0.982760424224233,6.736804960150038e-06,2
0.0008059023020566466,0.19818085728324383,0.8009284403134305,8.480010182142731e-05,2
3.1849400654299953e-12,0.9892996834161979,0.007654100657972696,0.003046215921905669,1
0.0005342741797065602,0.09189262907915031,0.9074015364223365,0.00017156031897321765,2
0.0001889481509798942,0.004044326958110891,0.9957407295206133,2.5995369678498148e-05,2
0.00011199889782491888,0.0016952246858575677,0.9981707172200566,2.2059195980207824e-05,2
2.0624315964567423e-07,0.03914154716882814,0.9606749632529874,0.00018328333570733507,2
0.0007414980737430328,0.004154880596637734,0.9950945423787134,9.078951331974384e-06,2
0.0008756577501649423,0.02687933601719158,0.9722403962169549,4.6100159483864424e-06,2
0.00012905710469532033,0.33391572244884726,0.6659524060392773,2.8144074881631235e-06,2
1.019104350116249e-09,0.9520585586461575,0.047910168591566556,3.127174385217425e-05,1
0.001975443448293514,0.11985991558246702,0.8781623795053026,2.261464081527058e-06,2
7.697530726535876e-05,0.05773881391523916,0.9421244393725285,5.9771404911013316e-05,2
2.2386979941793644e-05,0.012118424083062839,0.9878302367747135,2.8952162607326126e-05,2
9.89844651041652e-05,0.003364662404215533,0.9965260047184652,1.0348411340610397e-05,2
0.00019013311054681358,0.024098241275284083,0.9756884918753121,2.3133739633951698e-05,2
0.00026933706978952667,0.40378408088883316,0.5956331998300359,0.00031338221137895526,1
1.3574609652908345e-10,0.7173353862303976,0.2811990410513773,0.0014655725823727384,1
0.007609818563199905,0.0530801621353675,0.9388240581132687,0.00048596118796484874,2
0.005544338679287518,0.0652686885075355,0.9275472682756065,0.0016397045371388753,2
3.971664426430309e-08,0.8610145247910864,0.12555914259673706,0.01342629289463771,1
5.0046831354387236e-05,0.9130123010694647,0.07357561180551217,0.013362040293906606,1
1.0380652910603758e-07,0.9835462087083067,0.003071744021244847,0.013381943463524875,1
0.006066597021585351,0.8666995302859682,0.1232679623891856,0.003965910302585051,1
5.026856970310795e-11,0.979381440678201,0.01664197588946286,0.003976583382164469,1
0.0013087801598230377,0.16459822371446647,0.8338124608514768,0.0002805352749753535,2
5.2345844875365725e-06,0.16466065029197519,0.8353010164323625,3.309869132599802e-05,2
0.000660090109883138,0.015639575132233765,0.9836878433473882,1.2491410043425556e-05,2
5.260270294098122e-05,0.032224389923312294,0.967555635540786,0.0001673718336384839,2
8.458371487932844e-08,0.09004285251332791,0.909496705862362,0.0004603570404953919,2
1.460986939684555e-06,0.09890014797080462,0.900751426622769,0.0003469644200832741,2
0.0001438393168841877,0.0024480457917271763,0.9973698787434623,3.823614775215244e-05,2
9.575587579360457e-07,0.003554840000081738,0.996171133833651,0.00027306860809696016,2
1.2332317175404308e-06,0.0012603355732709763,0.9985261085404425,0.00021232265402933587,2
1.1903326458522125e-07,0.003609900381335548,0.9960061167483368,0.00038386383671397346,2
3.1618391664162955e-06,0.00016187182057304661,0.9998045400697534,3.0426271207248645e-05,2
8.102857022322257e-07,0.00015472369658918946,0.9998169743814059,2.749163662565931e-05,2
7.161457725290709e-07,0.00021678432888284533,0.9997491950954356,3.330443076546378e-05,2
4.098428540680822e-06,0.0004689893711085606,0.9993398883399484,0.0001870238599190818,2
0.0001627291923356365,0.001182634795447483,0.9973332115230009,0.0013214244897747222,2
