regime_prob_0,regime_prob_1,regime_prob_2,regime_prob_3,regime_most_likely
1.1741406519931526e-73,3.8189684388284383e-57,1.5037628410011005e-07,0.9999998496241573,3
4.685888165804327e-13,0.043128750540673486,0.49319798129861897,0.4636732681593586,2
5.670057276464523e-06,0.00668134193205148,0.7691046132061792,0.22420837480384956,2
6.515495027760956e-06,0.00805162527213481,0.9098376380429142,0.08210422118964013,2
0.0005058194746984696,0.039994887652090666,0.9579973373448845,0.0015019555277893072,2
0.020291855212119646,0.0577182143382118,0.9219870189724042,2.9114785556412626e-06,2
0.000658787841736699,0.0015991227579188457,0.9976292472942478,0.00011284210502309393,2
2.398410257008859e-05,0.001986732574800854,0.9979837482125327,5.5351089265893555e-06,2
1.2339143016265409e-05,0.00039743455496343193,0.999582474934928,7.751367881005243e-06,2
6.108552730916646e-06,0.0004074675120708116,0.9995842704240505,2.1535101791479512e-06,2
2.7675644787767465e-05,0.0001970625166528529,0.999773515464874,1.7463723308036934e-06,2
3.065601029304483e-05,0.00019670922450312515,0.9997691527798799,3.4819870404421972e-06,2
0.00011895879802395248,3.928840944216027e-05,0.9998374212415364,4.331551381230225e-06,2
0.00017180729550595044,6.75252145877391e-05,0.999758280935901,2.3865539308559582e-06,2
0.0001724157763230676,0.0008069929796588832,0.9990200494552008,5.417879153645504e-07,2
0.0006058518087144725,0.0002024484485093868,0.9991898734283573,1.8263139727505653e-06,2
0.00452875895816606,5.415800661761531e-05,0.9954113723958907,5.710638281371612e-06,2
0.049386185508145435,0.00048285875458432993,0.9501293594403192,1.5962953966074616e-06,2
0.5261989560417839,0.0003410999485656324,0.47345902029515,9.23714322172647e-07,2
0.749762314942928,0.0002979813348263368,0.2499394785135323,2.2521005802793508e-07,2
0.8828444530553177,0.00015208254243877052,0.11700283323483916,6.311669582888948e-07,2
0.880531760569388,0.00034143470724911626,0.11912653010816909,2.746138838513784e-07,2
0.7646738006424285,0.0003172749492781406,0.23500847444166986,4.4996633365907987e-07,2
0.5740490442486731,0.0004918216394588665,0.4254587632756298,3.708354278799987e-07,2
0.5087177102762661,0.0001123667691453198,0.4911684644833003,1.4584713447235782e-06,2
0.45495101848449065,0.0002330184712150215,0.5448144992613311,1.4637841469314594e-06,2
0.3239850910831758,0.00019443434040354127,0.6758186353761182,1.839198881331447e-06,2
0.24057530414683168,0.00023792352147437293,0.7591851033065614,1.6690253864013558e-06,2
0.13584337720722772,0.00023218069387661525,0.8639224900060956,1.952092618974605e-06,2
0.006557899126946774,0.0002580332136668585,0.9931818816113493,2.186047776538395e-06,2
0.00014266435424792662,9.072133522078722e-05,0.9997526074442227,1.4006867933648622e-05,2
6.791498172009286e-05,4.0411340246439594e-05,0.9998865534543782,5.120223630897521e-06,2
2.4441293424953265e-05,2.9401708708166854e-05,0.9999363329157208,9.824082053630757e-06,2
2.1880284285292674e-05,6.02566918899754e-05,0.9999130422632342,4.8207607444630775e-06,2
3.1098136053161676e-05,6.731543346506479e-05,0.9998981763131178,3.4101168813524846e-06,2
3.4935516351019725e-05,4.1539518984176174e-05,0.9999170783560926,6.4466083761961145e-06,2
6.062277385009291e-05,6.85114526357432e-05,0.9998681113426149,2.7544300774421165e-06,2
0.00017617800631221237,3.847562278629496e-05,0.9997815759999358,3.770371690718191e-06,2
0.00020585296243185258,4.302582242588015e-05,0.9997475566056464,3.564608142941775e-06,2
0.00019434910991402666,4.07769804377419e-05,0.999761338231807,3.5356772947389624e-06,2
0.0004335849512733235,7.968568986014004e-05,0.9994831066375854,3.6227226384943807e-06,2
0.0020323032134575924,6.988619332787628e-05,0.9978942295791623,3.5810155228609297e-06,2
0.009636749719468294,0.0006457441510063427,0.989714190822548,3.3153060651060317e-06,2
0.0031693696566709724,0.0014988188925191923,0.9953298887541941,1.9226966950588817e-06,2
0.0004271183342271089,0.010063899967497267,0.9895087022559883,2.794436068047839e-07,2
0.00011352209680761404,0.0004781687377547059,0.999402746015031,5.563150212186422e-06,2
0.00012668653941249139,0.00011364552713739964,0.9997545695192248,5.098415238374255e-06,2
4.750069187425604e-06,0.00012447408385554058,0.9997350131357922,0.00013576271018025387,2
3.895852800835608e-06,0.00015485093415862388,0.9997408063752234,0.00010044683652014597,2
1.1655060549292042e-05,0.00017764520917622965,0.9998048710866323,5.828643708746074e-06,2
4.663324505715863e-05,3.0037622257579333e-05,0.9999165670006723,6.762132547741463e-06,2
0.00011724928243226563,3.0260859020096648e-05,0.9998485382430198,3.951615402168271e-06,2
4.671133563627081e-05,5.214528334577085e-05,0.9998965867813745,4.556598414850252e-06,2
8.097995593422553e-05,5.735470953224522e-05,0.9998573606448078,4.304691264996652e-06,2
6.530365631468766e-05,4.258201452968501e-05,0.999887532673099,4.581657018612262e-06,2
3.462270051156627e-05,0.00010913448900932225,0.999853052308375,3.1905010186085782e-06,2
2.041970126792191e-05,7.138741132142482e-05,0.9999047394677417,3.453417990725429e-06,2
2.6783653313538346e-05,5.069890388248653e-05,0.9999172138413868,5.303601455705544e-06,2
2.2598701896482104e-05,6.759734185013975e-05,0.9999052825263703,4.521429781379092e-06,2
1.8767887348019578e-05,4.7300974931851224e-05,0.9999194013466733,1.4529789558340442e-05,2
3.6878972977132836e-06,0.0002188341852441939,0.999713781880053,6.369603742156905e-05,2
4.465455896935297e-06,0.00010890618120117646,0.9997903090227838,9.631933907209412e-05,2
6.132886602499207e-06,7.945868461290856e-05,0.9998239958440889,9.041258418267247e-05,2
2.3657174250447463e-05,5.96727727518424e-05,0.9998739412774692,4.27287744048205e-05,2
0.0012299935382967533,0.00020158199968159764,0.9985666817041892,1.7427569475910836e-06,2
0.005308379469195258,0.0001539268010808483,0.9945349902449412,2.703485689343906e-06,2
0.005761219568671355,0.00015149527039097225,0.9940847355631126,2.5495993070843397e-06,2
0.010831431469103717,0.00020806322535191115,0.9889596633185205,8.419864789392969e-07,2
0.07024267208590929,0.00019663302753036317,0.929558520385599,2.1745004975673292e-06,2
0.13144682730250062,0.00016607507679018745,0.8683844704168532,2.627204721169625e-06,2
0.28963481574585437,0.0003610476656859277,0.7100027221090527,1.4144803049031206e-06,2
0.5082182489865709,0.0004964143537327996,0.4912852058525812,1.3080760113549912e-07,2
0.9996343012279327,0.00029893368108337994,6.676499765354121e-05,9.324619649460509e-11,0
0.999989242503598,4.552020521759371e-06,6.205462582108646e-06,1.3188401242256326e-11,0
0.9999789033469666,5.0973545840591594e-06,1.599929709845471e-05,2.423032194442307e-13,0
0.9999969044559002,2.562155244577497e-06,5.333883605098515e-07,2.3907857139809594e-14,0
0.999997820587497,1.7242095187609818e-06,4.552034861246939e-07,5.5035452137543115e-15,0
0.9999984903709018,1.3455048076245767e-06,1.641232842312347e-07,6.63236800618502e-15,0
0.999996191047081,3.689975019082864e-06,1.1897867014809195e-07,2.451555393783575e-15,0
0.9999973385782996,1.7723207976612436e-06,8.890992338152233e-07,6.022426597178975e-14,0
0.999991990392363,6.815091818623126e-06,1.1945146751609173e-06,2.527772468227253e-14,0
0.9999863139191576,1.3664076177567643e-05,2.2003725661290915e-08,1.258003418489073e-15,0
0.999997990920946,1.8520260418220268e-06,1.5705348179319487e-07,1.999931430060891e-14,0
0.9999975131971949,2.182242773787166e-06,3.0456077458200303e-07,6.202212670414123e-15,0
0.9999979809238004,1.9943803178279446e-06,2.4696868077660898e-08,1.476562748057197e-15,0
0.9999986185621758,1.3761812835918321e-06,5.254762429837649e-09,2.1042524879157894e-15,0
0.999994873118749,5.12190493670773e-06,4.976456380358304e-09,9.616623828323127e-16,0
0.9999935211481683,6.478795247368744e-06,5.737245134947651e-11,2.869057864412019e-14,0
0.9998544666240722,0.0001455332548101816,1.2226954291441375e-10,3.6418202672512496e-17,0
0.9999982523201463,1.7475802849865211e-06,9.928750625884144e-11,3.136030389935213e-14,0
0.9999967206876245,3.2792685501995217e-06,4.50601624648332e-11,2.0678023350712507e-16,0
0.9999974920787806,2.507894865078259e-06,2.7876107404314884e-11,4.968230972794822e-16,0
0.9999964695915442,3.530383261092884e-06,2.427944374886632e-11,1.4989204017391818e-16,0
0.9999983625579935,1.6374004137439165e-06,4.300900799561858e-11,4.44174896260521e-16,0
0.9999968358838522,3.1640790859754937e-06,3.75411011497089e-11,2.0360200933006205e-16,0
0.9999977279538488,2.272044369714538e-06,5.134330541621295e-13,3.3555409024702405e-16,0
0.9999918528997026,8.14710174526439e-06,5.0080564708207745e-15,5.756874966020517e-17,0
0.9999954294757883,4.570524516698708e-06,2.9827224399310525e-13,1.225372127109002e-16,0
0.9999974500056622,2.549992265135589e-06,2.818182723803904e-13,1.8875477309895538e-16,0
0.9999956638333394,4.336164786694978e-06,5.45958198203797e-13,8.257315831369215e-17,0
0.9999963621915188,3.6378049735779834e-06,3.4503077671193554e-12,1.4372736274953172e-16,0
0.9999973795418328,2.620454176873395e-06,2.7413540822026955e-12,7.094659131680469e-16,0
0.9999906059970406,9.394002888847788e-06,3.21592330007151e-13,1.6108513688618517e-16,0
0.9999806981985052,1.9301800996389764e-05,1.087708279257467e-15,3.0512117783435303e-16,0
0.9999914724503269,8.527550989853452e-06,2.659500665185825e-16,8.210607492109355e-16,0
0.9999842313161016,1.5768685001531465e-05,5.544201941460861e-16,2.692123717175825e-15,0
0.9999131622187986,8.683778209278899e-05,1.2500182531488845e-15,3.0578940226913645e-16,0
0.999983439497348,1.656050306937775e-05,1.0455999903506218e-14,1.8395116612110367e-15,0
0.999993435881777,6.564119928127836e-06,1.7472101724131445e-14,5.563338786743191e-15,0
0.9999461024027105,5.389759661982454e-05,1.3394356225992568e-16,1.0432652877824507e-16,0
0.9999913011575702,8.69884390000815e-06,4.1487010331638056e-14,5.053115828297215e-16,0
0.9999962867292017,3.7132715610847437e-06,2.448501819617743e-13,1.0968555520741445e-15,0
0.999990259446495,9.740542893343973e-06,9.805155188277097e-12,8.811929773686627e-17,0
0.9999963468065625,3.6531942081525525e-06,5.722968524933413e-13,1.9145008631722642e-15,0
0.9999707891812253,2.914657501328739e-05,6.424409458742389e-08,9.303534420615771e-16,0
0.999998449680171,1.55004632589022e-06,2.7383851395252166e-10,3.941664272387646e-15,0
0.9999986063385838,1.3935519549075036e-06,1.0987913573507884e-10,1.932134343874744e-16,0
0.9999975324493311,2.4674029895332784e-06,1.4826724562886616e-10,6.55811201275537e-16,0
0.9999915805919686,8.419261042998947e-06,1.4642041263163814e-10,1.8156534618331116e-16,0
0.9999985451878852,1.4540360880323122e-06,7.776076429664527e-10,1.6997992228172569e-15,0
0.999998461627275,1.5371010223018046e-06,1.2730011786053893e-09,5.521801209687316e-16,0
0.9999972271291216,2.770399711943914e-06,2.470637432115296e-09,5.173805795523295e-16,0
0.999998086861535,1.8493719370166012e-06,6.37661286057056e-08,3.519848675141648e-15,0
0.9999979047956125,1.9074703440315104e-06,1.8773317264208509e-07,3.0815481848754172e-15,0
0.9999980696029966,1.5921089391705188e-06,3.3828633792580266e-07,1.550818084070361e-14,0
0.9999841215054489,3.1574740944114383e-06,1.2721021184199342e-05,6.795976453757785e-13,0
0.9998093006425703,1.4789499698429338e-05,0.00017590985244394017,4.9209505875685775e-12,0
0.9997036644765146,1.9758899621871927e-05,0.0002765766069000131,1.7678105261696858e-11,0
0.9999393626216936,4.024638949354143e-06,5.661272049086571e-05,2.005608232076657e-11,0
0.9999376129670206,5.031379485611795e-06,5.7355650383657326e-05,3.5899894212779516e-12,0
0.9999357508326873,5.706806641477291e-06,5.8542283646187046e-05,7.613019428351324e-11,0
0.9933184077954904,6.341172250379371e-05,0.006618179560577447,9.214711684885238e-10,0
0.9033808220550688,0.0004343331206513023,0.09618480540286582,3.941993756310949e-08,0
0.5052150424148091,0.0005770455913051125,0.4942074521234313,4.5986997972149724e-07,2
0.17504338379007298,0.00036359092802829636,0.8245914982889463,1.5269924105921418e-06,2
0.0332170380542772,0.000763441305995926,0.9660189202990875,6.003392021270302e-07,2
0.017567623759310712,7.129869560020535e-05,0.9823568007733,4.276770266280884e-06,2
0.016074234617252183,0.0005871712899805769,0.9833373841870262,1.2099056510171792e-06,2
0.009135786472127979,0.00028873453683615736,0.9905608217810524,1.4657210867474817e-05,2
0.00013186229163289414,0.00035573810012507064,0.9984841669023793,0.001028232704731616,2
6.503827373902072e-06,0.0008782359743977944,0.9840898802310083,0.015025379967089919,2
3.822888594752503e-06,0.003921169814577422,0.9458472911596819,0.05022771613822849,2
2.3482235467916885e-06,0.008462029769615062,0.8255033528096977,0.16603226919586087,2
2.575478268730024e-06,0.008745901027072619,0.5115226704102604,0.47972885308570423,2
2.5106828034485245e-08,0.03283095704110399,0.03330533764469219,0.933863680207257,3
3.2199642368339195e-10,0.0029298213735997098,0.0005011614639145907,0.9965690168420988,3
6.258231933798292e-12,0.0005516870309242088,5.247134366872947e-06,0.9994430658300342,3
4.11316006227534e-13,0.00039814850926779257,8.987761826135635e-07,0.9996009527146424,3
3.096894958157328e-13,0.0005198412851084415,2.0184610699819415e-06,0.9994781402522546,3
7.555750834388327e-13,0.0003049355836109831,2.2027581168300847e-06,0.9996928616558449,3
1.549348259159072e-12,0.0003916586591632394,3.231418876117914e-06,0.999605109921043,3
9.84748224847033e-10,0.0016079441362597943,0.0004963652152340548,0.9978956896651112,3
1.3889103387446376e-09,0.004249131349898792,0.0004989472232461241,0.9952519200372714,3
1.0575374538562314e-08,0.0053650264680470605,0.0010260626443914435,0.993608900313826,3
2.108547622181442e-09,0.006874224990492131,0.0009307237193294303,0.9921950491801587,3
2.772288866252497e-09,0.0015273908050890406,0.0007311957482257481,0.9977414106746222,3
1.0563528591286909e-09,0.0007366386929712072,0.0005589842095469098,0.9987043760418345,3
9.390402096297715e-11,0.0006110660729493815,0.00011282336553578697,0.999276110465849,3
2.568120990673985e-11,0.0005046748795891194,1.2691151110892123e-05,0.9994826339449104,3
2.748834539332639e-11,0.0013804154214950841,2.6656052601528148e-05,0.9985929284996417,3
8.299571990693994e-09,0.010299320899014721,0.00488138251983622,0.9848192882806002,3
1.0945261309397523e-07,0.20414448416657188,0.06902762119182332,0.7268277851872054,3
2.063434481376511e-05,0.010758439705600595,0.703133264586206,0.2860876613642583,2
7.480075772496884e-06,0.008696926493075291,0.8325988751813745,0.15869671825040868,2
5.4669885860184715e-06,0.005174971102561667,0.8488213910614661,0.14599817084747724,2
5.781349581328743e-06,0.0014786355064437238,0.8314448994649206,0.16707068367953737,2
2.241006384824757e-06,0.00817077722202032,0.7646797037676868,0.22714727800292064,2
2.0781217828507206e-06,0.010045095922260805,0.7341561538970309,0.25579667205761936,2
2.7585658922918855e-06,0.0026839753807339824,0.71515851783619,0.28215474821843256,2
1.5794847099962702e-06,0.003975681719796565,0.6999189033793067,0.29610383541791896,2
2.132889225481165e-06,0.0014193058925047067,0.6981308447806706,0.3004477164389802,2
1.9810098767040055e-06,0.003156828825721279,0.6997438355613868,0.2970973546017426,2
1.9688480108505244e-06,0.0013212636238160425,0.7088688962147571,0.28980787131221564,2
1.936617220848359e-06,0.0022300614639268047,0.7380632294929041,0.25970477242756995,2
2.1134394658292117e-06,0.004431574620713246,0.7899505206897055,0.2056157912503813,2
2.3735821040785207e-06,0.0023852582512734976,0.8333280905988242,0.16428427756752198,2
2.7780157368718627e-06,0.004184451590618944,0.8908060809282232,0.1050066894662232,2
2.982189971795621e-06,0.002554977265896651,0.9227043407905888,0.07473769975379971,2
3.7522396377120756e-06,0.0011302122244924774,0.9679624339545023,0.03090360158107744,2
2.9415686796304302e-05,0.00026638874633164644,0.998629781495479,0.0010744140716740225,2
4.787761473818608e-05,0.0001799569531354884,0.9997395651356676,3.260029557283032e-05,2
2.1952318441061283e-05,0.0004686966235337878,0.9995072241545089,2.1269052256569343e-06,2
3.865799689025875e-05,4.956446678347089e-05,0.9998960650619965,1.5712475139616753e-05,2
5.003704935060569e-06,0.0002917662297753071,0.9993803048179437,0.00032292524586228724,2
3.240445806307296e-06,0.0017242129566467294,0.9977614365453676,0.0005111100519834013,2
5.249753232403375e-06,0.00028353483958447394,0.9983908508558595,0.0013203645508538032,2
3.976039621216683e-06,0.0009669258791729873,0.9965339964764549,0.0024951016063625734,2
4.107870010627379e-06,0.0010147516977849053,0.9956157198927633,0.0033654205381528487,2
2.6098141391556822e-06,0.0009743235325265301,0.992815494764262,0.00620757188748035,2
3.0975310295723073e-06,0.0012031062265332544,0.9918644324975566,0.006929363745437948,2
3.787554708902476e-06,0.0003655617475362357,0.9954191930126695,0.004211457684599111,2
5.656593889784139e-06,0.0010197590766173883,0.9973353492081881,0.0016392351196903045,2
5.8398698166856185e-06,0.0003105674095612243,0.9994995327341843,0.00018405998639558168,2
7.477640941716528e-06,6.368066108951463e-05,0.9998841026144899,4.47390816830262e-05,2
8.129827015762003e-06,7.637952033992818e-05,0.9998972493017917,1.824135204548361e-05,2
7.792131446684494e-06,5.741410454732383e-05,0.9999105923369476,2.420142791996914e-05,2
3.072304516610786e-05,6.76802373706787e-05,0.9998934716961464,8.125022289672884e-06,2
0.0012137314337772175,7.437965561639634e-05,0.998708671435438,3.2174767697977297e-06,2
0.0058439309584564485,5.707098007079673e-05,0.994095787480467,3.210581161673326e-06,2
0.01560123146324699,0.0002610955848839712,0.984136380320714,1.2926311680643852e-06,2
0.031382125890627895,0.0002135749859996253,0.9684035383992531,7.607245736800997e-07,2
0.06501315394598484,0.0001357431526639115,0.9348474957461832,3.607153991354115e-06,2
0.07275291787766573,0.0003105461848140146,0.9269344957040988,2.0402339906900682e-06,2
0.061971611570229505,0.00013105865739037226,0.9378956247735127,1.7050004217292629e-06,2
0.05458410564129815,0.00011808519849822727,0.9452959085664959,1.9005927170705337e-06,2
0.05202591901988418,7.990565050499751e-05,0.9478909458228407,3.2295072374307506e-06,2
0.052203172399540566,0.0007349618369532499,0.9470598204354863,2.045328839543041e-06,2
0.019767212911354547,0.00030825113576500346,0.9799231320824036,1.4038707291465338e-06,2
0.0024869736935029998,8.969538686796086e-05,0.9974214187087972,1.9122095573965503e-06,2
0.0007632271978929116,0.0002557241089536429,0.9989801082825822,9.404100034469802e-07,2
0.00023660688487774773,4.876708982207135e-05,0.9997112112922595,3.4147334335481355e-06,2
0.00014869817151669148,0.0006147872461242932,0.9992346128974142,1.9016842158858848e-06,2
5.723804873148304e-05,0.00018501947951777146,0.9997546728743012,3.0695982542298424e-06,2
7.905451875038232e-05,6.758512176723254e-05,0.9998501837766955,3.1765833188135456e-06,2
0.00013886917408564395,0.0001117654254230218,0.9997466197138686,2.745686520741469e-06,2
3.90009044833215e-05,7.126411920414025e-05,0.9998875009280292,2.2340468660961633e-06,2
3.0400620543560436e-05,5.874703336627889e-05,0.9999043502229784,6.502123831344949e-06,2
1.2198210084687245e-05,7.719168251047129e-05,0.9998426455655244,6.796454351393807e-05,2
1.1339778638840678e-05,0.00011708049653607339,0.9988948045013865,0.0009767752218290391,2
4.678213506300999e-06,0.0015574550426174596,0.9894255312385527,0.009012335505970661,2
8.573324397266288e-06,0.006484463309935997,0.9300608026990074,0.06344616066630983,2
9.023655368254052e-07,0.05441011462066641,0.5393954821167418,0.4061935008970404,3
6.713118002538918e-07,0.010808434387211335,0.3049012999346233,0.6842895943651243,3
5.548729501153824e-07,0.006761557215942141,0.12098204054328243,0.872255847368199,3
1.4544411241199464e-08,0.013447955414919088,0.023461875107365242,0.9630901549328952,3
3.110830145483908e-09,0.0015317796929539633,0.00283742606433427,0.9956307911314034,3
2.80387524384496e-10,0.000597115291410142,0.0002450742090558006,0.9991578102197919,3
4.061634133527731e-11,0.0005125304401261189,4.6954211575386935e-05,0.9994405153070096,3
3.719704283115895e-12,0.0004867395115613705,1.1043022897041113e-05,0.9995022174624109,3
3.1822555911591975e-12,0.000338797629007546,5.16101231548062e-06,0.999656041355757,3
1.1945535259761438e-11,0.0008243340433885047,6.869982718288079e-06,0.999168795963652,3
1.1985469284246385e-11,0.005028046385765092,2.09374725575381e-05,0.9949510161296975,3
6.190399630884737e-12,0.0009951745961248191,3.6236146239774346e-06,0.9990012017812598,3
1.187457112209128e-13,0.00030243001393247504,1.327021551049704e-07,0.9996974372853472,3
1.3453455727825883e-11,0.00039277121488977236,3.2604833526526346e-05,0.9995746239398344,3
2.72085948543203e-10,0.0008188498681985824,0.00018686555541743568,0.9989942843052201,3
1.3276849569791197e-09,0.012571654961717206,0.001544763114059984,0.9858835805955911,3
1.2922816248292297e-08,0.004758488680509012,0.002053197944045032,0.9931883004512866,3
8.124127054925074e-09,0.0010375655597817958,0.0017537719807954608,0.9972086543339977,3
1.797669988531362e-09,0.0009612716710312233,0.0005619600624445652,0.9984767664704541,3
3.3085750294943724e-10,0.002470899140432465,0.0002373613962247219,0.9972917391318499,3
1.3514449778856181e-10,0.001180364864513208,0.00011233986019007607,0.9987072951386508,3
8.144508882441391e-11,0.0003931363658136322,3.523145475300722e-05,0.9995716320995529,3
2.7944267375223763e-11,0.0014230508217163995,7.150035459038423e-05,0.998505448796344,3
4.749465172667251e-13,0.0006993128723935307,5.74636558895528e-07,0.999300112488976,3
1.9678591684606752e-13,0.00030399414394920144,1.5154381244306743e-07,0.9996958543135904,3
3.085590482766944e-17,0.0011519575096671619,7.699129429229755e-11,0.9988480424127933,3
4.629628328256154e-17,0.00021256038067921426,2.5741469370250606e-11,0.999787439594499,3
2.5709827661709133e-17,0.00016388560720661106,5.292429019834675e-11,0.9998361143400282,3
3.2641899219479906e-18,0.00027849839915368684,5.9326395335464335e-12,0.9997215015934928,3
8.778218173521464e-18,0.00026221632946582974,1.994988851581862e-12,0.9997377836683808,3
8.620424960861157e-21,0.0008563668328098438,4.994180422443427e-16,0.9991436331670498,3
1.8195077954636243e-19,0.00023180307690112977,1.4066163741193116e-15,0.9997681969220246,3
1.2987767720481034e-21,0.0006698063685954101,2.8710588893525865e-17,0.9993301936310248,3
5.0545562214195756e-20,0.00019636919643555858,1.3616079207923185e-15,0.9998036308041567,3
2.758984470859183e-19,0.00027000033926214957,8.340095313198478e-15,0.9997299996616809,3
2.0672003595055715e-19,0.0016004539658014787,1.1313680846211904e-14,0.9983995460333129,3
7.556680612753707e-19,0.00045792600704659816,3.756604305520725e-15,0.9995420739914398,3
4.6566491018216955e-21,0.0012626426935182955,8.557177983979687e-17,0.9987373573056042,3
5.646882469989629e-20,0.00027289302774240887,4.523167105858697e-16,0.9997271069733845,3
6.207638567348629e-21,0.000388288516983171,2.2053197213677254e-16,0.9996117114815497,3
1.916323784967134e-19,0.00026895819772811754,4.37203237263671e-15,0.999731041803579,3
4.123312807400963e-21,0.0007240841340682229,9.665418415310277e-18,0.9992759158658334,3
8.174014267188419e-22,0.0008060807550953629,2.4955660018387994e-18,0.9991939192448761,3
8.612985495826638e-21,0.00029786449462419187,1.6168045180025615e-17,0.9997021355064263,3
2.3956748184617424e-21,0.000629069757052167,2.5415353847699163e-17,0.9993709302411555,3
3.7452042354118894e-21,0.00041487234728965574,2.160160897176475e-17,0.999585127652277,3
1.3919957666258833e-20,0.0003180177409364278,7.134059921939823e-16,0.9996819822586084,3
3.2022167691565085e-20,0.00022526866286867438,5.570063488161554e-16,0.9997747313373863,3
1.0482462169756931e-19,0.0006349051295890664,4.176567123129797e-15,0.9993650948698823,3
1.5222672450679078e-20,0.0010106843015783257,1.5668790759789943e-16,0.9989893156969181,3
1.0799868452296696e-20,0.00024318137215305734,6.74853295645732e-17,0.9997568186265929,3
2.9529897102034422e-21,0.0002809563508484846,1.3441560658954223e-16,0.9997190436478506,3
1.5085547681623192e-20,0.00023434504744441784,1.0086785261119493e-15,0.9997656549530693,3
1.0932147867724069e-20,0.0002383118369906773,5.108904771743502e-16,0.9997616881619124,3
6.383669509064963e-21,0.0003259036364797687,2.0533837380323835e-16,0.9996740963651995,3
1.450247747247891e-20,0.000290227768614823,4.3750427483697103e-16,0.9997097722299082,3
1.2960532793348083e-21,0.00038558366772450134,3.52497760182458e-18,0.9996144163340723,3
2.789810248627824e-21,0.0005956345392644811,2.1750026738348972e-17,0.9994043654625128,3
5.006314937003825e-18,0.00041093119262665005,4.043950727075006e-13,0.9995890688075183,3
1.7853406474859347e-18,0.00039312044753165567,3.101406193850837e-13,0.9996068795513235,3
7.287441689076262e-19,0.0005181268543964493,3.5882478897769356e-13,0.9994818731465195,3
7.783801800735555e-20,0.0001936258207189629,4.9381700620683644e-15,0.9998063741782367,3
3.573102311632929e-21,0.00022306565049252266,1.5464782549151752e-16,0.9997769343490063,3
9.583947764876604e-21,0.00022073391916577803,2.296383995277552e-16,0.999779266081486,3
3.3145958168238215e-20,0.00044322162531574384,1.3829186098813147e-16,0.9995567783743605,3
8.291756118440055e-19,0.0030280585530749263,3.5723279103640987e-16,0.9969719414459989,3
8.136056912886252e-21,0.056344535033671844,2.2308264627394623e-20,0.9436554649660358,3
9.864655430331024e-21,0.6449401915304103,9.197757767006607e-22,0.35505980846945234,1
3.0383218614392826e-21,0.9734664220569208,1.5318807487205617e-21,0.026533577943379377,1
5.466971799115563e-20,0.07870626209683212,1.3251352430183494e-20,0.9212937379022738,3
4.3814257672506705e-21,0.016068640480906435,6.029404719997266e-20,0.9839313595206235,3
3.910912589280733e-20,0.0009952429902011924,2.7181182144529906e-18,0.999004757009457,3
6.539276218138529e-22,0.0006331836820499151,5.292099171192735e-19,0.9993668163170253,3
3.254757333860871e-21,0.0003656341754177639,1.29474637279857e-17,0.9996343658257204,3
1.8152791271753775e-20,0.0003782406507306031,2.427630493791384e-16,0.999621759349973,3
8.18464454696443e-19,0.0004949215966582336,4.671526639361817e-15,0.9995050784033971,3
4.276491978793487e-20,0.003691400362669646,3.848243655282916e-16,0.9963085996381127,3
4.991962274658499e-19,0.00032900923978355543,3.9400130675991984e-16,0.9996709907595848,3
1.6331433056205896e-19,0.0012613811736474252,5.166032512130667e-14,0.9987386188250577,3
1.1242645773720577e-17,0.0002011997468493327,1.4893804613910274e-12,0.9997988002522441,3
1.2810145664701867e-20,0.0002958937413623148,1.5036469509438132e-15,0.9997041062582195,3
1.2640946700222576e-20,0.00020929083928885716,9.187882204291567e-16,0.9997907091602656,3
1.3663917100414906e-19,0.000187998717117931,2.7464747691398157e-14,0.9998120012830803,3
4.2248481705885776e-19,0.0003303173114168258,2.0924554956121855e-13,0.9996696826900081,3
5.397308944706008e-18,0.00022465900170690455,1.0725329379969697e-12,0.9997753409982114,3
7.44317014136348e-19,0.0007188497175394081,5.966429055939482e-13,0.9992811502813662,3
1.941593077955672e-17,0.00022248173071935326,1.949153537036124e-12,0.9997775182672892,3
4.1731667393340216e-17,0.0007668571446161902,1.0998569424793071e-10,0.9992331427459282,3
2.5367075546838462e-17,0.00016767420994224467,1.358401191393572e-11,0.9998323257768039,3
1.1112655405169916e-16,0.00021986729508086426,9.02670835445037e-11,0.9997801326135313,3
2.8484898889546084e-16,0.0011632893454439285,7.263248196820401e-10,0.9988367099277659,3
4.659686225291681e-16,0.0005620096185379789,5.342394135738e-10,0.9994379898457163,3
2.04450682738137e-15,0.0001908629971834112,3.1541246934856492e-09,0.9998091338476038,3
2.3166610386764055e-16,0.0004221167092745191,6.034844022796201e-10,0.9995778826857804,3
2.7052745807880317e-16,0.0003580195461747799,5.391284320312592e-10,0.9996419799132441,3
2.217651813858975e-15,0.0001748047777094051,4.818227354939824e-09,0.9998251904049659,3
3.3633199821208616e-15,0.00043817039869081353,3.181135175456512e-08,0.9995617977907453,3
1.5882503727923566e-14,0.000363067030088982,2.516660965350722e-08,0.9996369078027104,3
1.3199844685839108e-14,0.0006609692330550222,3.574496899935222e-08,0.999338995022645,3
2.882094292041471e-14,0.0005343981152819686,6.635122334471612e-08,0.9994655355321553,3
1.0177488403408142e-12,0.00031658283289081495,4.460873069514917e-06,0.9996789562928338,3
1.6126595577952433e-13,0.00030837565698968965,9.617241977488087e-07,0.9996906626190807,3
2.2697386468581475e-13,0.0002971192267439727,1.2879883909293032e-06,0.9997015927836161,3
1.4497005275290796e-13,0.0003383887397463644,1.1943421048687284e-06,0.9996604169194732,3
2.5332668274492155e-13,0.0002837928485761007,1.9801818808415446e-06,0.9997142269685697,3
1.4096328626635475e-13,0.00029002905045787645,1.056086222338554e-06,0.9997089148620562,3
1.182334288076038e-13,0.00033344623652863613,7.234171235243735e-07,0.9996658303467106,3
5.644632933091133e-13,0.0002862754500238269,2.348304489167552e-06,0.9997113762451516,3
1.0484916520977685e-11,0.000441628159864786,1.7290633145346636e-05,0.9995410811948808,3
5.154333635870651e-10,0.004350191789907055,0.001084084692518125,0.9945657230003567,3
1.8690199364628698e-07,0.0059393180576234345,0.05821417351344387,0.9358463215278667,3
3.683667226313518e-07,0.017740757706608403,0.1597675576242572,0.8224913163039792,3
2.369039693304422e-06,0.005672094034490739,0.6124611652272306,0.3818643716988882,2
3.080185285244559e-06,0.005366490804382472,0.7753826593126956,0.21924776969609808,2
4.793366640231757e-06,0.00755185988788987,0.8620891284807279,0.1303542182635597,2
3.3431114346078656e-06,0.00515024873822783,0.9227052802191923,0.07214112793157089,2
5.408380440666346e-06,0.0009625579525007619,0.9632628742985034,0.0357691593672881,2
5.6527794201444875e-06,0.0009761806226413588,0.9775205217716043,0.021497644825418265,2
3.7124126322113405e-06,0.0006564972300419302,0.9813037192089098,0.01803607114921437,2
2.2867650551928442e-06,0.004246055489367229,0.9842856197682495,0.011466037976229491,2
3.222604558856062e-06,0.0010056536012164488,0.9926352495611315,0.006355874233862418,2
4.2239353049331116e-05,0.00017620281913708092,0.9993201126581939,0.0004614451696935498,2
0.0018177819577578321,5.4643465605400215e-05,0.9981097380678017,1.7836509001407812e-05,2
0.02228926724227784,0.0001365137961132906,0.9775702539574996,3.9650044636990876e-06,2
0.18272058987360812,0.0003978348952131272,0.816880012595337,1.5626371694083028e-06,2
0.5183636181131897,0.0004891154481931826,0.48114688949654133,3.76940506934434e-07,2
0.9097640239045092,0.0002726620156480362,0.08996324812875202,6.595207384822529e-08,0
0.9791563109980496,4.2554904953521136e-05,0.02080109565733117,3.8439899768078945e-08,0
0.9902500856262271,1.76377673832951e-05,0.009732257091842198,1.9514168293867896e-08,0
0.9951881138339598,2.967970457628357e-05,0.004782200484495628,5.975436656586846e-09,0
0.9972675692941771,1.2647106822323437e-05,0.0027197818199315212,1.779928132115712e-09,0
0.9995400160768274,1.1117571600888521e-05,0.0004488662257164637,1.2589054335790678e-10,0
0.9999333142412684,4.272461133036257e-06,6.241328752614634e-05,1.1264720613704085e-11,0
0.999978319489322,4.090015938621368e-06,1.75904950570798e-05,1.2882208965851814e-12,0
0.99999059854653,6.177141683900089e-06,3.224313358567947e-06,4.647043228455122e-14,0
0.9999954965925548,2.5166338095013036e-06,1.9867729234268096e-06,5.0968439014913964e-14,0
0.9999967143029926,2.434764890300876e-06,8.509304939929932e-07,1.2603397981544618e-14,0
0.999997864435961,2.036929502962622e-06,9.863282599029458e-08,5.692476731024062e-15,0
0.9999960306492193,2.4081446171423463e-06,1.5612072699849754e-06,1.965866763160626e-14,0
0.9999968749847256,2.5501515771101115e-06,5.748618930873939e-07,6.127614017166787e-15,0
0.9999980509511155,1.4593068480750588e-06,4.897434577641153e-07,8.297787896359927e-15,0
0.9999981246673392,1.6069018433236047e-06,2.684320516780422e-07,2.625140628954223e-15,0
0.9999984514154843,1.34500482658335e-06,2.035793952725434e-07,3.713640727664309e-15,0
0.9999979849546727,1.7653508617904673e-06,2.496928965204866e-07,3.407545267148738e-15,0
0.999998069821275,1.6721658734915292e-06,2.580135875815182e-07,3.937382949309862e-15,0
0.9999981438903833,1.8226963222424777e-06,3.341346821616904e-08,3.428503654879675e-15,0
0.9999960271604115,3.730442238095326e-06,2.423982305149132e-07,3.872093186355679e-15,0
0.9999974370654047,2.4808813639320836e-06,8.205163505367903e-08,4.652140013289417e-15,0
0.9999980537450778,1.6538353059414335e-06,2.924187193150213e-07,7.577454269692953e-15,0
0.999997678197327,1.970429078921915e-06,3.513728017294935e-07,6.300002177973243e-15,0
0.999997175953817,2.4595206158535444e-06,3.645237493562146e-07,3.707097820691793e-15,0
0.9999973374214255,1.682352719717407e-06,9.80224106116311e-07,6.456607620419686e-14,0
0.999990898400521,8.444132642968662e-06,6.574675306020171e-07,2.6082099422141368e-15,0
0.9999974704255853,1.635362409163894e-06,8.942116288355508e-07,7.922625831815564e-14,0
0.9999935855327021,3.0902447981382076e-06,3.324222854064201e-06,7.288095874219128e-14,0
0.9999871757194476,8.55646264683794e-06,4.267816274914871e-06,3.8968332506178766e-14,0
0.9999946669519303,2.112323323155481e-06,3.2207258563931107e-06,1.5157567562624095e-13,0
0.9999945295971444,2.6792484758868358e-06,2.791154118499404e-06,5.2843758149600495e-14,0
0.9999932925427253,3.7471108299047607e-06,2.9603458657545874e-06,8.358178462510381e-14,0
0.9999823808817969,4.288881629657458e-06,1.3330236782421518e-05,2.8112434078605813e-13,0
0.9999721744549446,5.21001687181935e-06,2.2615527379253924e-05,9.61342159890359e-13,0
0.9999219201597404,6.909841976555761e-06,7.116999164102999e-05,5.899764677640127e-12,0
0.9998352512549838,7.3223353499066585e-06,0.00015742637135051968,3.752337584278965e-11,0
0.999733018264266,1.0657176250390747e-05,0.0002563245248573988,3.5580580801363505e-11,0
0.9998226799722776,5.649441439089762e-06,0.00017167048722124953,9.724724904036704e-11,0
0.9996994922399605,7.721500833863849e-06,0.0002927860149797748,2.444054739977047e-10,0
0.9993289073298077,9.43651390687429e-05,0.0005767247459359856,2.784925865720177e-09,0
0.998205995222036,0.0011605605490616897,0.0006334441558471183,7.263938166785541e-11,0
0.9954408763295052,3.6247860174696344e-05,0.004522728330722008,1.4747819092307456e-07,0
0.987540046185164,6.73361327870909e-05,0.012392595669614748,2.2013848565009425e-08,0
0.9414832929215964,0.0005717014430156635,0.05794497325816255,3.237852806712918e-08,0
0.7325402080116026,0.0006391646620440686,0.26682023811236527,3.892144316390167e-07,0
0.46562818406871603,0.00631398464177611,0.5280576765181311,1.5477091764130058e-07,0
0.03172318516910338,0.0011813403630304695,0.9670891806079092,6.293860495038486e-06,2
0.002337617852468949,6.248646590154365e-05,0.9975934838122122,6.4118694664740695e-06,2
0.0003605781384857736,0.00026451011722055057,0.9993734895558732,1.4221887447493145e-06,2
2.517094701354343e-05,8.883300712964554e-05,0.9998744743598353,1.1521686432887821e-05,2
2.7160709182949383e-05,0.001205063232726778,0.9987627825519815,4.993505705932561e-06,2
8.891360164215985e-06,8.353754324735991e-05,0.9998813883130233,2.6182782104741547e-05,2
7.505574871060892e-06,6.087704805546413e-05,0.999900517324191,3.110005464662822e-05,2
8.568433017889415e-06,6.038571422561567e-05,0.9999139936142738,1.705223979076144e-05,2
6.949751938721916e-06,6.063852743595994e-05,0.9999032053666316,2.920635342804427e-05,2
7.928167647565482e-06,5.986921939352791e-05,0.9999076894681697,2.4513143124367197e-05,2
9.532988272113626e-06,8.960837599291257e-05,0.9998780824791262,2.2776157558515104e-05,2
9.907470155617983e-06,6.0854451565053434e-05,0.9999063764617969,2.286161715286404e-05,2
1.253322196139072e-05,0.0001342862546095415,0.9998350853613954,1.8095160888270526e-05,2
8.18735394708818e-06,5.888516823154015e-05,0.9999006036994078,3.2323779156635114e-05,2
1.4074379006504542e-05,4.49866387234005e-05,0.9999214235526889,1.9515428519776994e-05,2
1.3785689098226957e-05,6.317840193815965e-05,0.9999069097142368,1.6126196476926804e-05,2
1.8734638608651427e-05,7.832818731748498e-05,0.9998957124403226,7.2247344508204826e-06,2
6.43492823922963e-05,4.3744536099375816e-05,0.9998869414408903,4.964740644902045e-06,2
1.2834510055864233e-05,4.1828187315707724e-05,0.9999315495478903,1.3787756554931123e-05,2
9.629528393516391e-06,7.744296095763068e-05,0.99989793144754,1.4996061999309094e-05,2
2.142458179742386e-05,6.31468155278351e-05,0.9999050613327704,1.0367270201814886e-05,2
2.8215597310272946e-05,3.8793577607919617e-05,0.9999264989002338,6.491925906806192e-06,2
4.614318075526747e-05,4.763684415264549e-05,0.9999016791942515,4.540780685721025e-06,2
2.144709848194294e-05,3.292883884701711e-05,0.9999370585483289,8.565515592638295e-06,2
2.7988190420789658e-05,3.844868692644168e-05,0.9999267533036138,6.809820044927082e-06,2
4.112343338152932e-05,3.1161103075416294e-05,0.9999215879545975,6.127508033229466e-06,2
3.953873094896502e-05,3.038218055455007e-05,0.9999228954261795,7.183663750396182e-06,2
4.721836256518262e-05,3.595328042326941e-05,0.9999121472568016,4.68109911069794e-06,2
9.524332326522428e-05,2.742729425150272e-05,0.999871500329788,5.8290538840445055e-06,2
0.0007193629760700773,3.1573257722302115e-05,0.999244131462855,4.9323047943187025e-06,2
0.005667561855823452,5.35747527360132e-05,0.994274569453289,4.2939381672439825e-06,2
0.038794916332102185,0.00017089896778657142,0.9610308903169786,3.294382853710367e-06,2
0.344403105234252,0.000376143126634435,0.655219676956964,1.0746810702792742e-06,2
0.7087094442805923,0.00028755683909449013,0.2910027424422181,2.564374962128918e-07,0
0.9378684592336723,0.0001722837087898726,0.06195913861489877,1.1844405547173908e-07,0
0.9687283263258233,4.0807628485698635e-05,0.03123084331071444,2.273428521357009e-08,0
0.9943223570137866,2.386881351392448e-05,0.00565377195614792,2.2176080209904347e-09,0
0.9996456951596047,7.319621352044044e-06,0.00034698505466190457,1.6272844813685336e-10,0
0.9999545360591248,5.004487795578074e-06,4.0459449646765134e-05,4.933128801510273e-12,0
0.9999818815563003,2.9381714982611646e-06,1.5180271880934692e-05,6.469422015599758e-13,0
0.9999930660218819,3.5444018912370444e-06,3.38957516206769e-06,2.630612542075641e-14,0
0.9999978659275292,1.7591894565141377e-06,3.7488193390196155e-07,8.90125747733434e-15,0
0.9999975019558685,1.709534764915198e-06,7.885101955176836e-07,9.354213526975868e-14,0
0.999922158908951,8.853556975862126e-06,6.898750374546978e-05,3.092717629736869e-11,0
0.9562198808656514,0.00010374564672145908,0.04367637022534534,3.263137278779833e-09,0
0.8519432097079835,0.00011190226889302018,0.14794471714035562,1.7088095926161117e-07,0
0.7869499312057039,0.00010815400245730477,0.2129413686296274,5.461630210507233e-07,0
0.6926007346289956,0.0001397670283537309,0.3072588948603025,6.034831957002616e-07,0
0.6350117575506684,0.0001722392066256862,0.364815045668747,9.575738903407684e-07,0
0.5399753283669142,0.00017867548374418552,0.45984466297800053,1.3331696919558215e-06,0
0.44405838030777584,0.00038203101944314085,0.5555585711468024,1.0175263110672392e-06,0
0.3706511208515816,0.00011884729831400934,0.6292281114939717,1.9203574624579275e-06,0
0.3366827481220754,6.630958675162678e-05,0.6632486926355164,2.2496555307384404e-06,0
0.3269787237039574,0.00011176587757805097,0.6729077036444296,1.8067748095976563e-06,0
0.33045798302313517,7.43200226117181e-05,0.6694651934589827,2.5034965919418996e-06,0
0.3853435210663439,0.00017105588707164483,0.6144837199850892,1.7030610805030932e-06,0
0.5704457293224655,0.00022418612032606587,0.4293291867340334,8.978220833507712e-07,0
0.7318331082086227,0.00015392455834959456,0.26801222104299277,7.461899835099992e-07,0
0.8042022101580205,0.00023011086614345362,0.195566803737067,8.752396064634185e-07,0
0.8105979399365162,0.002088517998808982,0.18730798744623478,5.554617893050406e-06,0
0.705842223170555,0.056971725244564606,0.23711434327698291,7.170830777687924e-05,0
0.007039184786658899,0.9901614981833736,0.002799310125819971,6.905116480340574e-09,1
0.0018698715613699218,0.9953441373756391,0.0027805045813600183,5.486482834514179e-06,1
0.0001846689473854353,0.99832745720008,0.0014846401714022283,3.2336828856429024e-06,1
1.0467234205861488e-06,0.9999830196307035,1.5933643040327554e-05,2.203282638165647e-12,1
0.005211528839717935,0.02161445607645442,0.9725919566168015,0.0005820584660517011,2
0.0025326678117295782,0.010808992693052643,0.986653631467965,4.70802747198379e-06,2
0.0012270753283499204,0.005696605458355012,0.9930755441136313,7.750979314930423e-07,2
0.0003906927055009167,0.00012577843994154196,0.9994782183843509,5.310470200703499e-06,2
8.334752275163164e-05,3.3469357893958516e-05,0.9998778720877457,5.311031612516557e-06,2
6.84132800935456e-05,6.54204927522149e-05,0.9998610364684672,5.129758967629397e-06,2
0.00012953031450973823,0.0004194387430374305,0.9994495290440832,1.5018974253035392e-06,2
2.0412364755758082e-05,4.2307644336536126e-05,0.9999256840313834,1.1595960658540132e-05,2
1.322759056316986e-05,7.226422210437553e-05,0.9998968819801436,1.7626207903656015e-05,2
8.360373029327254e-06,5.210802730909927e-05,0.9999125675811352,2.6964017666627653e-05,2
6.675110325888195e-06,0.0001761459991899465,0.9997871433987117,3.003549220187729e-05,2
5.508128370730525e-06,0.00016723408096523548,0.999782881422564,4.437636720018015e-05,2
6.1055829144186e-06,0.00014329026372692828,0.9998082954757156,4.230867682512684e-05,2
4.923696218422125e-06,0.0001502221122172682,0.9998244156512383,2.043854180551907e-05,2
1.0501988576251062e-05,6.437410570186002e-05,0.9999080168524541,1.7107053771780496e-05,2
1.5812139243760562e-05,5.2163337325037107e-05,0.9999202443224614,1.1780202424584159e-05,2
2.0369744683112247e-05,3.3157744172366403e-05,0.9999351669929627,1.1305517714293178e-05,2
1.728617379906578e-05,0.00019575322388423296,0.9997815203401078,5.440261929477421e-06,2
1.3725016880004979e-05,5.383383990048302e-05,0.9999224088550485,1.003228862225025e-05,2
3.337799514207555e-05,4.884242900384495e-05,0.9999114777713135,6.301804003505006e-06,2
1.735315095549512e-05,3.9626778396265484e-05,0.999933296638263,9.723432986626779e-06,2
1.4671932396467908e-05,3.748542256712891e-05,0.9999363975985057,1.1445046682291951e-05,2
1.919338711875443e-05,3.09957572852541e-05,0.999938864489035,1.0946365236029502e-05,2
1.7737535849367146e-05,4.270473911414715e-05,0.9999275428693882,1.2014854755254485e-05,2
1.2806850339320952e-05,4.5675378760681455e-05,0.9999267404552139,1.4777316256871048e-05,2
1.2496729195565318e-05,0.0001330207823470989,0.999820884829666,3.3597657153047945e-05,2
9.179237058145042e-06,0.00032778389432301636,0.9994146185083036,0.0002484183596828458,2
2.657244076679773e-05,0.0033524652584957797,0.9950674486324809,0.0015535136689634715,2
5.9420495308550295e-05,0.10699744986656373,0.8850685287143367,0.007874600925199487,2
3.2336052247823517e-07,0.9982329184349497,0.0017667579296836511,2.7360579074671353e-10,1
5.86319786093412e-05,0.078633263221211,0.9112298203257903,0.010078284475607496,2
1.1578868905038938e-05,0.02759942744577019,0.968216878671573,0.004172115014629455,2
6.234546163410924e-06,0.0011588248747060519,0.9967052132100517,0.0021297273689790727,2
5.045239932535421e-06,0.00016473122304520412,0.9990497587690002,0.0007804647678924972,2
6.415023632260087e-06,0.00020543494699267346,0.9992217822741692,0.0005663677540535211,2
8.316508465904089e-06,0.0029981505574457738,0.9960260451298949,0.000967487803594559,2
0.00020596854920902047,0.012900982676842067,0.9852060390059394,0.0016870097685234748,2
0.00010315953374425307,0.5866127743487803,0.4132815169834621,2.549134678510394e-06,1
0.00022346996321818177,0.6424627080704544,0.3559952118907841,0.0013186100744201632,1
2.4460170392635234e-15,1.0,5.2604317905847414e-15,1.8862112371049936e-29,1
0.00023232475476708586,0.049243988535288254,0.9493865833833228,0.0011371033277118756,2
2.5831944600375994e-05,0.0035130582681063244,0.996359613644915,0.00010149614107624937,2
3.6893593925688694e-05,0.000910642135162103,0.9990428509625021,9.613308267330248e-06,2
0.00021058109949566973,0.005036922108072208,0.9947456142339738,6.882558851524463e-06,2
0.00028582926428460833,0.028532050305514704,0.9711818713685485,2.490601461701363e-07,2
9.403184352002303e-05,0.0011795652008697991,0.9987120832592379,1.431969485700161e-05,2
8.987598541346056e-05,9.829953470337755e-05,0.9998069280698103,4.896408814442495e-06,2
6.777597289519516e-05,0.00023310928674826113,0.9996951970582387,3.917680874099472e-06,2
1.580551061439915e-05,0.0013954812203150326,0.9985869509480766,1.7623219769220813e-06,2
6.236760054224712e-05,0.0006037387474650759,0.9993331124338704,7.81216780115729e-07,2
6.511157999461872e-05,4.473206486112807e-05,0.9998843911746671,5.765180856517323e-06,2
0.0001764976787283454,9.376672419743775e-05,0.9997269080120836,2.8275859618474167e-06,2
0.00012800570726581755,4.491815453165706e-05,0.9998226638916253,4.4122462791373605e-06,2
0.00017097084323937397,6.800966983543396e-05,0.9997509035615475,1.0115925609442219e-05,2
6.998177776421003e-05,0.00015235905188215926,0.999428040339392,0.0003496188312476656,2
5.194892907180911e-05,0.00664590751850337,0.9831409792097927,0.010161164344050459,2
3.0022687253244136e-05,0.11493046980023651,0.73195627116932,0.15308323634443247,2
8.822116245535955e-07,0.6867503196041452,0.06071357614639829,0.2525352220383507,1
2.275927744127215e-08,0.19484000870455837,0.004747767452679615,0.8004122010828273,3
2.4509520391149556e-08,0.02839605502703467,0.002018997488901105,0.9695849229752884,3
4.48593265211678e-09,0.0033065676903215545,0.0006797008591020047,0.9960137269645224,3
1.4752181833890356e-09,0.0011548386857428022,0.0002954236542650947,0.9985497361862085,3
2.258708294341876e-09,0.0026942962791689476,0.0001443476224855513,0.9971613538410707,3
1.0801565130241353e-08,0.04659634453080421,0.0006334811969073947,0.9527701634704437,3
2.0317120222732341e-10,0.9657715176879229,1.124267040460934e-05,0.03421723943868054,1
4.1353729904235865e-11,0.9999961596259782,6.92723491725996e-08,3.7710619600362393e-06,1
3.245382522320074e-11,0.9999999956708052,2.160827755341841e-09,2.134911733547522e-09,1
7.499757133406218e-15,0.9999999990504875,2.0587835281750727e-10,7.431228732558071e-10,1
1.8522052354146513e-09,0.03018645414634885,5.519445131961427e-05,0.9697583495489572,3
6.507218088905911e-12,0.004393419036318645,6.318899100988213e-07,0.9956059490686487,3
5.962292441797674e-13,0.00043942078239624907,3.765911936186489e-07,0.9995602026264423,3
1.7700204489267368e-13,0.00031726181033709847,1.4095553089788925e-07,0.9996825972344645,3
1.2861166826968942e-14,0.0017214719178840479,1.2381729434979262e-07,0.9982784042634577,3
6.006342112390321e-14,0.00031031339285817947,5.839158579522166e-08,0.9996896282148487,3
1.0472345108578016e-14,0.00034075532464352353,5.116492925568534e-08,0.9996591935088281,3
4.905408179977189e-15,0.0003722723286024665,4.748773540194233e-08,0.999627680182309,3
2.1165748152186407e-14,0.00019678662296828108,2.486047881312818e-08,0.9998031885165383,3
1.6490747060311394e-14,0.0009832532863331017,4.4823120702785085e-08,0.999016701889514,3
4.630743745248079e-13,0.0010618884448995803,2.16757362680165e-08,0.9989380898778816,3
6.508906869846872e-14,0.017973181151672568,5.367953023352834e-08,0.9820267651697668,3
1.1645913965254266e-12,0.004098171693703831,4.646638009085925e-08,0.9959017818374799,3
2.2960983573941765e-12,0.001695303727542487,2.636278817082959e-07,0.9983044326405491,3
1.0592299803217684e-12,0.0019473391309748518,2.416315323375783e-07,0.9980524192380267,3
7.992076701022796e-11,0.0036023980474649024,1.7653052175403607e-06,0.9963958365681409,3
1.845563025151854e-11,0.1251957337281913,5.794106384432042e-07,0.8748036868442818,3
2.6573445343665677e-13,0.9371796961855715,1.0862846302393662e-08,0.06282029295102132,1
1.6473346369577746e-11,0.07409328605162686,3.109235979611285e-07,0.9259064030085186,3
5.156492680011747e-12,0.008250253344299754,3.52013229020509e-08,0.9917497114491449,3
2.1515697112227303e-12,0.003954746891267315,4.128317492585114e-08,0.9960452118233342,3
4.936473556319981e-11,0.010053442519731061,5.305661237960301e-07,0.9899460268657347,3
2.390126372798539e-12,0.2713674394121946,4.368053320845723e-06,0.7286281925323621,3
1.0607113456778757e-10,0.009579828894569688,7.603629822704979e-06,0.9904125673692163,3
1.0784612093469647e-11,0.0009218784770059342,4.852790258631346e-07,0.999077636234922,3
7.076175061835711e-12,0.0024197645433223463,4.3757339942583604e-07,0.9975797978775558,3
4.0739943591214876e-11,0.036339303922485286,1.8222093365859946e-06,0.9636588738281913,3
7.389649896090879e-11,0.820771583327569,5.366519565695219e-06,0.17922305007888226,1
2.7419617771364533e-08,0.9967422676400146,6.440022370181575e-05,0.003193304716310858,1
2.5326092635686623e-06,0.314116171586158,0.027474746451967715,0.6584065493526539,3
5.815461697567811e-06,0.18417405974793105,0.0393254583508102,0.7764946664391633,3
1.614750992434528e-06,0.3484546146143211,0.026534156398154398,0.6250096142381913,3
9.804612403368322e-08,0.9853062530827204,0.0040656750486473174,0.010627973821526335,1
9.606023286305333e-06,0.35714366411068843,0.12364773073288395,0.519198999133645,3
9.607630430608499e-06,0.1758870110197804,0.17085804577223498,0.653245335577879,3
1.1241107441662207e-05,0.29193689026632863,0.15727215365557443,0.5507797149723463,3
3.3100709766815817e-07,0.9931681321281469,0.004068744036425363,0.0027627928272277373,1
2.485397271668775e-07,0.9978100505956305,0.0008827957541012063,0.0013069051104459778,1
2.2279307444069286e-06,0.9802005618274641,0.002054117269124112,0.01774309297187561,1
1.5193506468958393e-06,0.8208524038873596,0.003663037370336261,0.1754830393911184,1
1.1370175374042889e-06,0.8959119742726952,0.001986246262837421,0.1021006424476824,1
4.820874732228618e-08,0.9981713188761407,7.272512153517425e-05,0.0017559077953070153,1
2.215181956430773e-06,0.9895610826375097,0.0013792329815610761,0.009057469198835858,1
2.1364023965098385e-09,0.9999987072778083,1.290385668240539e-06,2.009928735630965e-10,1
1.5720235095598698e-05,0.8310958086068949,0.16852634875860018,0.00036212239793796403,1
0.0004528748171018308,0.12991728444254289,0.8689489367650464,0.0006809039755651377,2
0.0036745131150951564,0.04956325370470904,0.9467261901068975,3.604307505892761e-05,2
0.03849935840825368,0.014436729613427375,0.9470598688844711,4.0430945884163545e-06,2
0.9782756041906506,0.0014618327047058275,0.020262545589805777,1.7515028562290233e-08,0
0.9997556220815376,0.00011553341204190473,0.000128843833389047,6.728344305580182e-10,0
0.9999040766331632,8.975377520100444e-05,6.169583581241561e-06,8.637108559450136e-12,0
0.999952467957064,4.165865464404955e-05,5.8708042057189155e-06,2.5837137618530994e-09,0
0.9929740595297952,0.00659240470065705,0.0004335163434399097,1.942550558094898e-08,0
0.157358821199781,0.8426404913433565,6.874558742448599e-07,1.9721299924628134e-13,1
0.14801759754438437,0.8519821890773347,2.1337459892218548e-07,3.2373607119170415e-12,1
0.4980583800305268,0.5012911130086185,0.0006504604132074197,4.6549061103081704e-08,1
0.9854430272212312,0.011062445060977803,0.0034936979684053225,8.297483781426339e-07,0
0.9973925145107418,0.0008877590362584101,0.0017197176369320554,8.817400523436868e-09,0
0.9997845010531967,1.850676628187616e-05,0.0001969910983855549,1.0831118669349336e-09,0
0.999852042059679,1.9650003732906365e-05,0.00012830722010656205,7.171992067056296e-10,0
0.9991738761640967,0.0004185440184192881,0.0004075788056672267,1.0123845733958199e-09,0
0.9949809103572718,0.0029023075873000816,0.0021167647336107816,1.7321607627891324e-08,0
0.97412375717619,0.01635546731654198,0.009520773310742183,2.1968059806732082e-09,0
0.9402836226545588,0.000733156766804419,0.0589781269858302,5.093593280399927e-06,0
0.842944246931794,0.00029865554840555707,0.15675673567958126,3.618419385075505e-07,0
0.6470332918934087,0.0009159168831279135,0.3520501936464205,5.975781725442657e-07,0
0.39717055277571583,0.015242096146466674,0.5875871248867816,2.2619069293181415e-07,2
0.2166486807047455,0.008583910333753992,0.7747662233845104,1.1855785336781639e-06,2
0.13688519275931504,0.0033656764645980924,0.8597481009414317,1.0298345290584866e-06,2
0.04826183627368171,0.0006022569440982653,0.9511336453212594,2.261459590712422e-06,2
0.005743959085300232,0.0002822062423203018,0.9939718290671316,2.0056063926410458e-06,2
0.0007294072615612329,0.0006269244634827702,0.9986419962263625,1.6720488893940586e-06,2
6.325706783117572e-05,4.836569421307644e-05,0.9998830212129773,5.356024576902555e-06,2
2.2676082193108637e-05,3.722302986548377e-05,0.9999291029848028,1.09979028648586e-05,2
5.731876634491278e-05,0.0001149595280388642,0.9998229651174579,4.756587195677856e-06,2
6.81953627146556e-05,0.0014167399334001688,0.9984012385905678,0.00011382611217254089,2
0.0006596438488476147,0.05119673340824129,0.9474758623817303,0.0006677603622892139,2
7.18555771379458e-09,0.9999999115862049,8.122660522272692e-08,9.459107973933895e-16,1
2.5703216290729687e-06,0.9985854025791587,0.001411339516539422,6.87581693090864e-07,1
0.0003839636945077628,0.9714464340843513,0.0280235877417563,0.00014601448108664947,1
6.778289045309125e-05,0.9723733799781098,0.027523615690233875,3.522144253174134e-05,1
5.891023658971766e-05,0.9820959606798798,0.01780218318098004,4.29459009327946e-05,1
3.2043558729487002e-09,0.9999713919114049,2.8604874693236606e-05,8.537299530907879e-12,1
0.00013447393339351702,0.5614684086982966,0.43767067477446403,0.000726442593366977,2
4.073390766298024e-05,0.2802875107446029,0.7189183453500242,0.0007534099974997321,2
2.8867335831062842e-05,0.09342121866224598,0.8970700829852271,0.009479831017262227,2
1.2825952019207777e-05,0.11495494940247836,0.885006303484011,2.592116070832537e-05,2
1.4176532120957828e-05,0.005093912957703771,0.9942413359039113,0.0006505746059339957,2
8.907871591507456e-06,0.00019213361076763974,0.9996630069496611,0.00013595156939977469,2
1.0939816042758672e-05,0.0003475521164597384,0.9996244099132398,1.709815420905697e-05,2
3.264972246913212e-05,0.00013647051099836184,0.9998228959244412,7.983843465158127e-06,2
1.618717998266788e-05,0.000853551614682532,0.9990498896772168,8.037152944175993e-05,2
1.418959522267439e-05,0.025456367061877108,0.974516013822118,1.3429519454503542e-05,2
1.1008703727304e-05,0.027909958015615816,0.9718244620930544,0.0002545711872065719,2
1.6238947425283862e-05,0.018040425960070633,0.9752679552160575,0.0066753798749600215,2
6.957800318200691e-05,0.11038703665492873,0.8783019075570155,0.011241477786267322,2
5.579332353967872e-06,0.8834608332562612,0.1164636874247652,6.989998576538828e-05,1
3.927770625126341e-06,0.9322082803659875,0.06310055830433858,0.004687233557940457,1
2.883084785713556e-06,0.9161327351230637,0.026065930287428152,0.05779845150519478,1
2.1863932708023268e-08,0.9958061311590085,0.0001709219024590722,0.004022925073030809,1
6.674906452262168e-07,0.6199237203510759,0.00318677540512648,0.37688883675292156,1
3.9128377988922325e-06,0.6606363570476332,0.0069086488923803015,0.3324510812235767,1
5.040813730301325e-07,0.9936001004815321,0.0042480419173647616,0.002151353520816202,1
8.309131716581692e-06,0.890504183470621,0.09172555562121176,0.017761951774767127,1
3.938445534220884e-05,0.3254451275504063,0.483791766977131,0.19072372101590992,2
0.0003132133844906342,0.3286998497429771,0.5270395412394007,0.14394739563238834,2
5.05945374800256e-07,0.999457181279816,0.0005423125888126963,1.8512048766594456e-10,1
9.686935313501294e-05,0.974354432245417,0.02551740351668759,3.129488432445555e-05,1
2.4273805648877282e-05,0.9758203979410606,0.024136184200966315,1.9144053463791423e-05,1
0.00012612144693215495,0.9462898687176907,0.04722179077607025,0.006362219058980856,1
1.2460974066538963e-08,0.9995779403161332,0.000422026887661616,2.033503603919619e-08,1
1.2597684200319161e-05,0.9427654541850434,0.05721373613319712,8.211997097849883e-06,1
3.287255791907261e-05,0.40581593575903574,0.5923796998452752,0.0017714918359547792,2
9.397796397721917e-06,0.24487101039051026,0.7548400457298976,0.00027954608307346687,2
1.0783831494458896e-05,0.06465112301177293,0.9348368473169151,0.0005012458396954746,2
1.4780970846382434e-05,0.015862127428780435,0.9840655480476266,5.7543552187628936e-05,2
1.665577189743237e-05,0.0036200324832543133,0.9963492327148558,1.4079031012653312e-05,2
1.3556281961948866e-05,0.0008615314887619898,0.9991184104488438,6.501781195069128e-06,2
2.1304894653416804e-05,5.158861850913008e-05,0.9999158446422893,1.1261845580757328e-05,2
1.6963541344660756e-05,0.000542018218302578,0.999439026843783,1.9913983533890435e-06,2
1.5900735015510035e-05,0.0005992684066288019,0.9993796746162231,5.156243591037962e-06,2
3.225919934505807e-05,0.0003824470172453243,0.9995829415364744,2.3522466739781815e-06,2
7.419727066357259e-05,7.389945751218113e-05,0.9998411892000042,1.0714071948649867e-05,2
0.002054435806287815,0.0013399565316903758,0.9966050315409517,5.76120995024579e-07,2
0.002654785256890447,0.0007911466485074679,0.99655259820013,1.4698929130900963e-06,2
0.0019350818635709293,0.00010324553592092436,0.9979590128126686,2.6597869117834364e-06,2
0.00037383657220191015,3.404742145729761e-05,0.9995877259931215,4.3900128378667885e-06,2
0.00014130467186924074,5.725405925860773e-05,0.9997965860406683,4.855227119877302e-06,2
0.0002957150864909538,0.0002725172013886547,0.9994023241707278,2.9443542241820983e-05,2
0.0012882635757412073,0.018896609002012996,0.9791642789506864,0.0006508484725840688,2
8.066312752528951e-07,0.9993609784320869,0.0006382149033886349,3.3408209300267536e-11,1
1.6553131453326152e-05,0.9580707278065833,0.04189739825104884,1.5320809449375355e-05,1
0.00024902812705797367,0.7189906544381359,0.280506787600793,0.000253529833643216,1
6.403877646587598e-05,0.6841567212216196,0.31574249234772356,3.6747652836802764e-05,1
3.077263312773433e-05,0.6394426326146921,0.35569834458152383,0.004828250171846245,1
9.33129272494727e-06,0.3292629590335224,0.3253151165499228,0.3454125931245906,3
2.671568646150822e-07,0.20528993836658097,0.10197485543780337,0.6927349390384164,3
2.2891183671608151e-07,0.03123911046135177,0.020495946285566505,0.9482647143419101,3
1.3821068980460414e-07,0.019810467844578534,0.007267870877151165,0.9729215230693069,3
1.8304492678774062e-07,0.043140544758002594,0.003944897807035606,0.9529143743893473,3
2.1704430572037538e-09,0.14385664643921156,9.669215371595122e-05,0.8560466592358534,3
1.1399607259528452e-08,0.10431809579332571,0.0001300644094610168,0.8955518283981514,3
5.5089276367202064e-08,0.06768513344115264,0.00013190658436412067,0.9321829048849526,3
6.315368071222969e-09,0.09850785523530388,8.47885490006666e-05,0.9014073499003339,3
1.4193768799369464e-09,0.032083585917753,4.19932926380503e-06,0.9679122133335727,3
1.584794934746488e-11,0.04260287452468472,3.76803007165654e-06,0.9573933574289284,3
3.298683289518531e-10,0.0044341734814748405,8.058344501721736e-06,0.9955577678458875,3
5.250791527808394e-10,0.003803918531097872,1.236182735047387e-05,0.9961837191153262,3
3.6560284691690454e-11,0.019889415324887538,1.5024359991257628e-05,0.9800955602779571,3
1.3498368703668754e-09,0.0021353664089779328,4.728837864230258e-05,0.997817343864158,3
7.048859465090179e-10,0.0033720017436278614,8.682074619006372e-05,0.9965411768041373,3
1.4365414083569994e-09,0.008504579455400214,0.00015213121484484603,0.9913432878931535,3
3.1575576417018867e-09,0.008894943541372552,0.0001475080618148862,0.9909575452390595,3
5.892669013082564e-09,0.04080019418521945,0.0009928661231213523,0.9582069337995732,3
2.395185234052563e-08,0.031925935118973195,0.0012693861219322967,0.9668046548089196,3
3.294042004826507e-08,0.005016375323683423,0.0006140925084339103,0.9943694992270976,3
5.974220518813047e-09,0.016003032957734996,0.00026242680031382905,0.9837345342672252,3
4.848858663442438e-10,0.015476902765723157,0.00011547171503762317,0.9844076250357188,3
1.2138446946910887e-10,0.0010512908837543797,2.1594426258863256e-05,0.9989271145674541,3
3.053187136472555e-11,0.0006701447535678305,8.327401503877824e-06,0.9993215278160246,3
3.4321872389972463e-11,0.0023367851751853407,2.3323097167516204e-06,0.9976608824797774,3
1.0565683722827917e-11,0.03027002401812042,2.804338343199852e-07,0.969729695536333,3
1.271620947266237e-16,0.9715022731009979,1.8837146137959785e-12,0.028497726897645556,1
2.7287575348253985e-14,0.9928929136081774,4.2199897697399255e-13,0.007107086390610889,1
1.112708466952289e-19,0.9999999991014192,3.2173505588905194e-18,8.979929477558859e-10,1
3.114537753326491e-13,0.9882926653775074,1.034674877702995e-10,0.011707334519674121,1
3.127571937652497e-13,0.9850598198925811,3.999478127225664e-11,0.014940180067038048,1
8.415585158154034e-09,0.9572946094767054,4.524370539135676e-06,0.04270085773686703,1
1.2416032181250215e-08,0.9415466039370636,5.038969175067885e-06,0.058448344677239694,1
3.383066609998528e-11,0.993254069231154,2.4877603144304496e-07,0.006745681958913004,1
1.1076013865225826e-11,0.26109068962774984,8.362580767791588e-07,0.7389084741034542,3
4.421221079191309e-12,0.006797817619271694,1.6588531585506624e-07,0.9932020164912575,3
6.863704332927599e-14,0.0010166599394111115,1.697714718928562e-08,0.9989833230816831,3
1.8208836387943994e-14,0.00040483330052222647,1.1296774685248765e-08,0.9995951554017994,3
4.394445531651443e-16,0.0005467481335234005,1.151244804704528e-09,0.9994532507162691,3
9.112568847485925e-15,0.0003815155153378614,1.822191958951659e-09,0.9996184826635078,3
2.2102685116246162e-14,0.002771946805929706,5.944398515243101e-09,0.9972280472513954,3
5.936456661858761e-14,0.005481234036315407,4.598165774853274e-09,0.9945187613661047,3
5.52748765807765e-13,0.0013778965519673516,2.3546288913294802e-09,0.998622101092364,3
1.5926549703340412e-13,0.03132860755139387,2.0586479063212766e-08,0.9686713718632745,3
3.320502195578832e-10,0.03444572526200382,5.054910374483506e-07,0.9655537689166495,3
6.052374249678998e-11,0.24480725448562085,3.9074130037701063e-07,0.7551923547120621,3
3.5459357094512126e-13,0.9745203319298483,1.6224289644141997e-08,0.025479651845781458,1
1.7871174235360473e-11,0.385902724523318,8.549095014694443e-08,0.6140971899687905,3
1.3015037789425486e-09,0.14676229516086567,2.270643201119304e-06,0.8532354328933353,3
1.791619054155211e-10,0.15523047467321588,1.2537898740860867e-07,0.8447693997684584,3
4.136770520372984e-13,0.9666633471653997,1.568431416001405e-08,0.03333663715102677,1
2.971056860486705e-10,0.08803771033260523,6.394045396910376e-06,0.9119558953234715,3
3.614736283184975e-11,0.012592529911735723,9.036194470769513e-08,0.9874073796912366,3
2.2769201867454298e-11,0.0169828607823186,3.91623733396005e-07,0.9830167475701151,3
1.658082408600696e-11,0.0176740340117793,8.636593877143531e-07,0.9823251023106562,3
1.6880871198542026e-11,0.002588414301015391,9.234344704398737e-07,0.9974106622489092,3
8.288465514080579e-10,0.0020693947380722717,2.550513357340795e-05,0.9979050993007234,3
8.561404486942938e-11,0.035272863823942686,0.000146737135660097,0.9645803989536094,3
5.014127923597436e-10,0.004126806389674249,4.8875117308449266e-05,0.9958243179925156,3
1.7787906272323495e-13,0.000958329546130369,9.089982120076865e-08,0.9990415795545723,3
2.9445562271987764e-13,0.0002714019740967772,7.813215717586685e-08,0.9997285198925371,3
8.426646832692858e-12,0.002519357843078172,1.257473966896804e-06,0.9974793846732042,3
2.1896016324300013e-10,0.09154644047304594,3.8097963239472964e-05,0.9084154613452998,3
7.748593749728381e-13,0.9999038011445804,3.999683464291408e-09,9.61948542053167e-05,1
4.101368005950052e-08,0.8221204145434486,4.3288677924347745e-05,0.17783625576455483,1
5.214968778777217e-12,0.9999930455511173,7.311861350539784e-09,6.947132601901712e-06,1
3.086842341794116e-07,0.7623510795465572,0.0004125487841574728,0.2372360629847655,1
3.819333252449199e-09,0.9830005941449735,1.2820217212623828e-05,0.01698658181989503,1
1.6813722372728444e-07,0.9458238759970778,0.00015959013387816838,0.05401636573313966,1
7.466648058155144e-08,0.9900441694307487,3.078456933884828e-05,0.009924971333622027,1
1.801228279514801e-11,0.9999926528268375,9.099527042031895e-07,6.437201100014123e-06,1
5.320203940621085e-07,0.1810892877009486,0.018378292976278632,0.8005318873025817,3
4.99348769325658e-06,0.06621046487138861,0.10548409041558436,0.8283004512255951,3
2.7856839688964274e-06,0.015718437266271475,0.22343706241405129,0.7608417146371188,3
1.3650111830100563e-06,0.011260251958532202,0.4639922641226097,0.5247461189074171,3
2.2408095279180835e-06,0.008697952944166497,0.7090657454267095,0.28223406081887087,2
3.501130265598161e-06,0.0037638415929963673,0.8504159041628422,0.14581675311371775,2
4.688773694424568e-06,0.0050357574118903535,0.964511201048539,0.030448352766072384,2
5.22323468208785e-06,0.0007765856812338123,0.9916235692288982,0.007594621853937306,2
2.9054259718110375e-06,0.0019209233654410207,0.9977772965202011,0.00029887468823987126,2
5.232611613061374e-06,0.0003353282022347052,0.9996286727557692,3.076643202034076e-05,2
8.075541797632168e-06,5.2454808118423364e-05,0.999903726093025,3.574355723338205e-05,2
5.896064814889909e-06,0.0001302607718294305,0.9998307793070011,3.306385601650136e-05,2
1.5265264717721515e-05,0.00016913112277294794,0.999791665905303,2.393770877324873e-05,2
0.0007819706629599347,0.00046387946556086237,0.9987451120664075,9.037805629986406e-06,2
0.055568181073240186,0.0005662266517952027,0.9438627325936985,2.8596808963247334e-06,2
0.8049642893921874,0.0020856277218599304,0.19294774174468216,2.3411408311273284e-06,0
0.9922454943742424,0.006996035404536889,0.0007584701378991804,8.155497277881059e-11,0
0.9994570362250812,0.0001690413990793291,0.00037388316613219083,3.920965897387282e-08,0
0.998351098423194,0.00012535360442399691,0.0015235383353191228,9.638624169634268e-09,0
0.987507597625421,0.0017467886148180446,0.010745609677188232,4.081910407967825e-09,0
0.9445517152546415,0.00265246991510627,0.05279361768578099,2.1971443695693285e-06,0
0.743872546659927,0.06796674200436198,0.18812419936751323,3.6511967005724725e-05,0
0.000588794673139341,0.9970822048145407,0.002328971369601399,2.9143841582690768e-08,1
3.1009800477963775e-30,1.0,1.1279422891491419e-36,7.290286002979443e-57,1
6.015679367096501e-06,0.9997994013692993,0.00019413506255770523,4.4788871587877643e-07,1
8.479613825874267e-06,0.9991514849862018,0.0008399362760444077,9.912272993807871e-08,1
0.0056652298449670355,0.9488534652980903,0.04372899978037695,0.0017523050778857324,1
6.673847380829628e-11,0.9999999763931559,2.3539767965063014e-08,2.5338529832032807e-14,1
4.723799013564933e-06,0.9995754747305722,0.00041979075492600367,1.0715986616361292e-08,1
0.0021113896824563588,0.978193932862614,0.01963077722575626,6.390022769472872e-05,1
0.0015444127141347687,0.9766432980645189,0.02173323906942309,7.905015368169726e-05,1
2.45555360672706e-08,0.999998459324438,1.5159962047571375e-06,1.2456498293506624e-10,1
1.819930981326521e-07,0.9999715279679291,2.828799338964677e-05,2.047303251855251e-09,1
1.230402145611425e-06,0.9996962092760299,0.0002953650984180592,7.195224378685462e-06,1
3.013780011228619e-08,0.9999506799988961,3.525647976413828e-05,1.4033384769955519e-05,1
2.16435221540394e-06,0.8746881225950113,0.0027855942985732674,0.12252411875555712,1
4.583991759724922e-12,0.9999999931824277,6.743293263521616e-09,6.815113905702035e-11,1
1.3965392094589746e-07,0.999884741195131,6.220222285454486e-05,5.2916928046181596e-05,1
1.127767394304392e-12,0.999999999996362,1.2723157449916368e-12,5.868501628326775e-18,1
2.88743090347415e-10,0.9999999797146304,1.996388526133467e-08,3.347490595958725e-11,1
4.557852059714438e-13,0.999999999996362,4.883952995809514e-12,1.3810666177880911e-17,1
7.670939618746676e-10,0.9999957665512309,3.6002375188003417e-06,6.324428755971182e-07,1
1.5873663522831127e-31,1.0,5.8582472114665515e-34,1.3437214615800059e-49,1
3.383680793133718e-16,1.0,1.5928209182925877e-12,2.5704208995618965e-15,1
3.346307294244206e-09,0.9998291187975252,4.316664790759906e-06,0.00016656119084700383,1
1.1281398696658202e-10,0.9999989340909675,5.987805245264496e-08,1.0059172636496504e-06,1
4.52295781933943e-14,0.9999999999890861,1.1244215178079e-11,2.506866425513842e-13,1
3.7008212293392905e-10,0.9999893766926498,3.529875865189292e-06,7.093059817727444e-06,1
4.171633795567319e-13,0.9999999995488906,3.5685839823544224e-10,9.390965109987346e-11,1
2.4191117724224786e-25,1.0,4.5494687107138495e-26,3.556983774325858e-31,1
2.107862965573028e-11,0.9999999927313183,3.5236157930362615e-09,3.7249958635518883e-09,1
6.980609481560456e-10,0.9992734198231686,7.885746989014708e-07,0.0007257909045966091,1
2.1172833869357598e-14,0.9999997292507399,1.928469604375201e-11,2.7073070676096573e-07,1
1.643776851151384e-18,1.0,3.7517342776103415e-15,5.36469481201331e-15,1
1.4952287483881213e-11,0.9997993759085565,8.434359982315426e-09,0.00020061564123352845,1
4.6363993447164e-11,0.9985675727563106,6.131004906321231e-08,0.0014323658880860493,1
6.803705602900749e-11,0.985976663957808,2.43770710897539e-08,0.014023311596528844,1
1.7867992952348066e-13,0.9999748188352906,1.59842769865064e-10,2.5181006387338312e-05,1
1.8528272261599606e-16,0.9999999997744453,1.6570361694483544e-16,2.256233060246817e-10,1
4.143346545160088e-41,1.0,1.0888615681081907e-43,1.1265855324338894e-40,1
7.766111079434641e-23,0.999999592168107,8.589529054462722e-25,4.0783091840048593e-07,1
1.3530886821750884e-19,0.9896159421731519,1.977603859313391e-21,0.01038405782641908,1
8.351846535984583e-19,0.9981860139914892,1.0171709076377507e-19,0.0018139860076402598,1
1.7534670991300435e-18,0.9963804377086554,8.203671679070125e-20,0.003619562290104346,1
1.285057280735534e-21,0.9999997570485288,2.9150781838458333e-24,2.429506039054908e-07,1
2.1647945037360926e-20,0.9998228067515524,4.620255241486038e-23,0.0001771932490869107,1
7.039123649150315e-19,0.8200667546991056,9.397799616440383e-21,0.17993324530144544,1
4.413245171156518e-19,0.9052253193359409,2.726001594548445e-20,0.09477468066583869,1
1.3398594450983278e-23,0.9999889830712398,3.325553980210163e-24,1.1016928346541429e-05,1
5.2320032242788065e-33,1.0,1.0661042926499844e-35,1.8012671079554417e-23,1
3.883122372877389e-19,0.9790190136026772,6.996180475515053e-21,0.02098098639749945,1
2.1439328421611902e-36,1.0,1.1526115309771798e-40,1.360716825482599e-29,1
2.2795509644444578e-38,1.0,7.747027121912674e-42,2.5412409384212475e-26,1
1.2217327977783222e-23,0.999995227641667,3.3130294202835464e-27,4.772356582945804e-06,1
3.4009790024337083e-22,0.9993286763859576,1.0936639357927183e-24,0.000671323612912586,1
6.829513341591783e-26,0.9999771469548439,2.9242967767561594e-29,2.2853046430297344e-05,1
1.7991434156543615e-20,0.9042555009974556,2.1377348758984873e-23,0.09574449900144442,1
4.814121223967083e-25,0.9402818501082192,3.8392126105255907e-31,0.05971814989104996,1
1.1121017031732175e-26,0.9778496304210138,2.694863424046658e-34,0.022150369577281448,1
7.485728335757343e-29,0.9999886433860448,1.7813940625914214e-35,1.1356615124593226e-05,1
1.1861494276464634e-23,0.9930327320561365,3.039859151142928e-29,0.006967267944509007,1
2.928171203375062e-24,0.9994954120192217,4.063772465916453e-30,0.000504587980807905,1
2.453490914940493e-28,0.9999999762585506,2.402017449325736e-34,2.374195761440454e-08,1
4.6970689567989725e-23,0.9994004177166548,1.8674567075276066e-27,0.0005995822829573216,1
4.2717474199261635e-27,0.9999999920182745,3.0126192669654465e-31,7.983243355683664e-09,1
7.437289496886926e-39,1.0,1.1046803518860743e-43,3.1017536590235287e-30,1
4.539686349537522e-27,0.9999999999563443,6.613139773572425e-31,4.3526319265496095e-11,1
1.0258947432720416e-26,0.9999999999890861,3.763835201758812e-30,1.175742497897645e-11,1
2.6230773780008283e-22,0.9413799853629978,8.222079654106846e-24,0.058620014637917994,1
5.343410698345532e-21,0.10109125180605594,9.462656436293296e-22,0.8989087481946726,3
1.672105398320002e-20,0.016501350885050215,3.907873105463264e-21,0.9834986491151377,3
1.0904624749089468e-18,0.012974004394306607,2.065033518634151e-18,0.9870259956060738,3
1.396034954604485e-18,0.052427215619950875,3.2122707862580574e-18,0.9475727843789106,3
9.223280506238249e-20,0.9999492337200417,1.7456975096283056e-17,5.0766280497709324e-05,1
1.4210887974405092e-17,0.9999665382234253,1.1401703599879988e-16,3.346177715645129e-05,1
4.186859622795766e-13,0.9601349743722113,2.3518077299120676e-11,0.039865025603006074,1
8.15309335675034e-17,0.9999999046704079,9.37386751257333e-15,9.53299627715241e-08,1
9.523335110503002e-12,0.9842621785060024,3.3516810728384394e-09,0.015737818134006206,1
1.0689412514666198e-15,0.9999999999381544,5.69248297630854e-13,6.291095200370798e-11,1
2.2344355937255026e-10,0.8604132828778188,1.1681706938210341e-07,0.1395866000818411,1
2.9756952515136205e-16,0.9999929739234533,1.1616681502452111e-14,7.0260759866154654e-06,1
8.79432810903278e-15,0.9997370299680013,4.1472020622243495e-13,0.00026297003295389684,1
1.263475326794332e-15,0.999999999996362,4.34147365118558e-15,3.977792673062893e-12,1
1.0430627850877965e-11,0.9994530809373784,2.268363606127274e-09,0.0005469167820641114,1
4.0994145880539e-09,0.9771587767000733,1.1996972425798869e-05,0.022829222227845457,1
8.078687300380093e-07,0.9441480608245757,0.001128419896585216,0.05472271141013772,1
1.753455799575434e-10,0.9999999830906746,1.6045376744410852e-08,6.897486867305663e-10,1
1.0208546570356586e-06,0.9993961239835089,0.0005967608116832509,6.094350464336561e-06,1
8.294593879383629e-07,0.9996108582125618,0.00038802427622510144,2.8805036068245166e-07,1
9.398932960186847e-05,0.8714991797597236,0.05696182613230739,0.07144500477742008,1
3.892802478709721e-07,0.9987489560545717,0.0011066464485929154,0.0001440082173939639,1
4.926476691063537e-08,0.999978786508473,2.1073205324943743e-05,9.102252506326345e-08,1
2.657899333072499e-07,0.9993564429748457,0.0006086681269249406,3.4623107345877064e-05,1
1.7340519236064875e-09,0.9999967968957575,3.2013090731529686e-06,6.099889088994307e-11,1
1.0571130689039771e-05,0.8573811094282723,0.1401838399042019,0.0024244795369632844,1
2.1483128025932674e-05,0.7587667542122216,0.24036216186121373,0.0008496007999623403,1
6.119688569881065e-05,0.11685136342762895,0.8808702544008812,0.002217185284927771,2
2.924770613286715e-05,0.040164032787101706,0.9572186167642714,0.0025881027419955207,2
6.33920137507006e-06,0.06379133482774758,0.9361258626019124,7.646336767944642e-05,2
2.034807637541288e-05,0.08105706083107234,0.9189186345620907,3.9565296482950175e-06,2
7.97314855097378e-05,0.062358524351382914,0.9356610340537239,0.0019007101105499309,2
6.7712687600221e-05,0.3149659565107678,0.6849662561846804,7.46165393954714e-08,2
3.036605356628568e-05,0.1827080123496454,0.8132733007674754,0.003988320827720165,2
8.665727417035038e-06,0.2041400510269227,0.7958198922846906,3.139096065341143e-05,2
1.737805782303217e-05,0.047543673593969334,0.9522507084918727,0.0001882398568121896,2
9.523893294309746e-06,0.011577596817344183,0.9861908461291087,0.00222203315856436,2
0.00019287193315068832,0.021501346852318314,0.9783000610246092,5.720189641092135e-06,2
0.00026568814096806516,0.012184541887011941,0.9875477881529977,1.981818729948391e-06,2
0.00012129780381951411,0.0035792983275215076,0.9962966927739585,2.711095225975571e-06,2
0.00013136028217978587,0.0059583540222454216,0.9939051973524757,5.088344182046832e-06,2
0.00017079123882917142,0.021341973844396716,0.9784869591419978,2.7577316934430136e-07,2
7.990636335758766e-05,0.009924557060743744,0.9899953428066541,1.937685497596143e-07,2
2.9282441978433282e-05,0.0001775156313933179,0.9997798237770785,1.3378150689570197e-05,2
6.29100034205583e-05,0.00010831457554623417,0.9998237649931525,5.010429306244575e-06,2
0.00019312474189573056,0.0008329071329857426,0.998957211534315,1.6756591381713938e-05,2
0.001915176238274156,0.01824213060459297,0.9793630744849188,0.00047961867222742836,2
2.892146798092401e-10,0.9999945149761876,5.484734343027361e-06,2.674010120065645e-16,1
2.7373821340460735e-07,0.9999997208179073,5.44489429038644e-09,2.199167716031759e-19,1
0.7605675195369096,0.10070769611283852,0.1386975351192755,2.7249232177884983e-05,0
0.8849692655681785,0.016187301824384544,0.0988422438332839,1.1887742220302656e-06,0
0.9457619636073455,0.003595454793248171,0.05064252809345103,5.350495404222265e-08,0
0.9800558586874552,0.00022723284488558774,0.01971687676162673,3.1706818718151705e-08,0
0.9940492080196226,8.169190307026112e-05,0.005868983355665945,1.1672328532275671e-07,0
0.995777146775806,0.0010889180800729699,0.0031339341118718092,1.031725580501409e-09,0
0.9936190787752406,0.00018089806872054724,0.00619996049850424,6.265827664963478e-08,0
0.9736941776536531,0.00010169625134195663,0.02620406733463978,5.876146592636619e-08,0
0.9118454581089774,0.0012409214530617087,0.08691354266020011,7.777629343082487e-08,0
0.22587777933141356,0.022859466665241898,0.7512626675036176,8.649848202202313e-08,2
0.19763230274986174,0.02424915081157853,0.7781173356819382,1.2107555351724666e-06,2
0.1996339015327711,0.013311577373402002,0.7870534467341915,1.0743592723028351e-06,2
0.2307408389829087,0.0016564558238515998,0.7675996884017249,3.016792943233654e-06,2
0.3668062661493112,0.0005537891384708166,0.6326349304859802,5.014227732314332e-06,2
0.927697268423664,0.007899772286334102,0.06440282064081546,1.3864887176185187e-07,0
0.9960967937754367,0.002082018159744339,0.0018211879560390213,1.0723797028944424e-10,0
0.9998903435617112,2.9761725456602484e-05,7.988395780050252e-05,1.0755576308770164e-08,0
0.9996601559177062,0.00033289040887967585,6.95161037743016e-06,2.0617792136346013e-09,0
0.9701241809960657,0.02985272819210366,2.309033991740996e-05,4.736488381468352e-10,0
0.6883033526564514,0.31167729285507706,1.9354488124648304e-05,3.0667191216469674e-13,0
0.998053946679863,0.0019087646930153754,3.728242440465752e-05,6.200998876726481e-09,0
0.9999539238298665,3.893685419897736e-05,7.139048093564227e-06,2.6760567571168737e-10,0
0.9999493574596164,3.581628735949127e-05,1.4826248683719784e-05,4.9637297221819485e-12,0
0.9999448133188538,5.442099892819166e-05,7.65682705745951e-07,1.1712912444187772e-12,0
0.9998858892968692,0.0001124694633838955,1.6412385337520615e-06,1.0217370312730726e-13,0
0.9999936238294601,6.1037941854472684e-06,2.7237597847994626e-07,1.838015695764111e-12,0
0.9999699579567987,2.6853466335213072e-05,3.1885770262261126e-06,1.0609964810576002e-13,0
0.9999861630397009,1.3640827838264317e-05,1.9613105810232759e-07,8.704129272402869e-14,0
0.9999918316868213,7.946027171696838e-06,2.2228433294223839e-07,1.6954040544269626e-14,0
0.9999972987352626,2.68523273211479e-06,1.603200647153205e-08,9.129571995172533e-13,0
0.9996401119616453,0.00032734038629713633,3.254731489106746e-05,3.3874865521186934e-10,0
0.9573456389249968,0.04152903072180961,0.0011253268150526955,3.5368218583473723e-09,0
0.9103889208813316,0.0886334611536048,0.0009776178280473976,1.3723253597758546e-10,0
0.9893922915432763,0.009878104480031234,0.0007295886281444983,1.5347669966758126e-08,0
0.9995588342071146,0.0002110821064720861,0.00023007974213735068,3.944911075938592e-09,0
0.9998791507656063,9.39077121283264e-06,0.00011145819713104474,2.6505160647964413e-10,0
0.9998544293329421,8.101162153825954e-06,0.00013746947284859782,3.18656368944938e-11,0
0.9999443223389857,3.373514765903604e-05,2.1942509662309546e-05,2.9773989836082744e-12,0
0.9999431343438249,1.5296212767642894e-05,4.1569334447449764e-05,1.082444394457025e-10,0
0.9997439980065868,0.00023281022105510233,2.3190289281538617e-05,1.482053684353296e-09,0
0.9802787656993571,0.01956350922316462,0.00015772206922005073,3.009123160622837e-09,0
0.36269012954414837,0.6366909397660457,0.0006189257244421085,4.966951760870918e-09,1
8.89328270483375e-08,0.9999999110659741,2.9497778759689185e-12,6.85860047033105e-20,1
7.488836782379255e-07,0.999999251115067,1.1439670151036185e-12,2.0023787366792574e-19,1
0.15537812570779524,0.8429878846775786,0.0014834459188138222,0.00015054369492382513,1
0.1127599865011799,0.8836325987773662,0.0036032673543173297,4.147366604680602e-06,1
1.2087523150513116e-12,1.0,9.389492463404596e-14,2.5686400017378862e-23,1
0.0023818170343413167,0.9866351571899026,0.01075580656914862,0.00022721920765406305,1
3.067043328821686e-12,0.9999999997344275,2.622737222512838e-10,3.487889897553686e-18,1
0.0017059786620968439,0.8508473712221147,0.14741065885948745,3.5991256476065065e-05,1
0.004097509725477148,0.6095339738967189,0.3863667077225885,1.8086562130894647e-06,1
0.00745008617448279,0.09775237190865209,0.8946887775497682,0.0001087643653694409,2
0.0007550335871583757,0.04311760631272494,0.9561266114662359,7.486325004254738e-07,2
0.0001661646025999106,0.002400805355022509,0.9974196399970521,1.3390045314506315e-05,2
3.887479496750542e-05,0.001494704158183667,0.9984648098406511,1.6112054107133536e-06,2
0.00010811398538105742,0.0010724671549678102,0.9987513010060545,6.811785295019065e-05,2
0.0007964362462389438,0.052772287722204075,0.9460173578613876,0.00041391817187893306,2
6.740076627613136e-07,0.9999256868833468,7.363910855258836e-05,1.118837515923668e-14,1
0.0007798689825788298,0.3942635159239375,0.6044963952620146,0.00046021983076189005,2
0.00029548246340476515,0.35646792531933563,0.6432355166388735,1.0755790959959928e-06,2
0.00027018895900343177,0.06143681535546595,0.9382481837602759,4.481192496495852e-05,2
0.0003335020581698605,0.04214891839607596,0.9575163375920975,1.2419531655672304e-06,2
0.0002811361023790558,0.0010069838952101082,0.9986965758657714,1.530413718824185e-05,2
0.00023816507795631128,8.426023563261327e-05,0.9996753687381069,2.205947699184846e-06,2
0.0007285260762809993,0.0003898062095106128,0.9988745271881343,7.140526602100356e-06,2
0.0016180106571405865,0.008710573000674902,0.9896148680499202,5.6548290516832834e-05,2
0.0011270578140444626,0.17808162148330234,0.8205759514366507,0.00021536926657257757,2
3.950129444885002e-06,0.9853865262344677,0.014609523285909807,3.4917690720948513e-10,1
0.00028537928886804753,0.765106821428223,0.2346013683999286,6.430882914494366e-06,1
0.0003096450686173196,0.02696817697649403,0.9723434158191497,0.00037876213703075663,2
6.413511195072883e-05,0.0008711481044425888,0.9990477525258571,1.696425670065942e-05,2
7.075539243643293e-05,5.739628352917356e-05,0.999866798533713,5.049790272525534e-06,2
9.81448820863763e-05,0.00011412271215727281,0.999780499219412,7.233187928317154e-06,2
0.00014584139396948243,0.004531447462361761,0.9953205585628732,2.1525811864363152e-06,2
5.708325607252863e-05,0.010273962661152068,0.9896684960494029,4.580334749298855e-07,2
3.269887306142234e-05,0.00047127440847061675,0.9994769611339246,1.9065585908347682e-05,2
0.00010200966762309581,0.0026506964367564345,0.997246170145845,1.1237512729587197e-06,2
2.9945595715473026e-05,0.0014213496559517865,0.9985480125101877,6.922375746531686e-07,2
3.269526406288638e-05,0.0003631484613986463,0.9996018686725938,2.2876027692296032e-06,2
3.204117214846689e-05,3.657151057856357e-05,0.9999242256714926,7.161645275472093e-06,2
6.612224010688253e-05,0.0001289441833718056,0.9998016074833014,3.3260944633694916e-06,2
6.337760984298849e-05,9.334560298880634e-05,0.9998400927860795,3.1840026685705977e-06,2
7.76898899157792e-05,2.8643639144676946e-05,0.9998887405615702,4.925910365441399e-06,2
5.417257578623428e-05,0.00013824877485574033,0.9998046109637412,2.967683938028291e-06,2
3.891636455937021e-05,0.0009292965832844455,0.9990302252513585,1.5618006044888825e-06,2
0.00010906403962457941,5.547084404363975e-05,0.9998310164121859,4.448704320655252e-06,2
0.0003162657996832903,0.0006817502591629533,0.9990017592681631,2.246718692218065e-07,2
0.00359022574943302,0.0003617142427555056,0.9960469021286826,1.1578799172768473e-06,2
0.005935301304419115,0.00010290019693320007,0.9939580167367258,3.7817630058835217e-06,2
0.004995563924711877,0.00030529984387447646,0.9946972973087183,1.8389211746634695e-06,2
0.003299586292509701,0.00012922826616028392,0.9965661237251002,5.061716538171988e-06,2
0.01082253923978621,0.002242738044090736,0.9869344463356938,2.7637920821574594e-07,2
0.03298763594097569,0.0003682818810916785,0.9666421494816677,1.9326965127308583e-06,2
0.06287386700037076,9.178968525513479e-05,0.9370310409875048,3.3023268057864826e-06,2
0.11201845508396277,0.00024074027659198163,0.8877392288510616,1.5757901611521566e-06,2
0.19092593451050396,0.00032069361139743587,0.8087515820557961,1.7898234209530337e-06,2
0.3556162282450375,0.0021639344903580386,0.6422146865625404,5.15070257076355e-06,2
0.6715071984164515,0.014318152365102612,0.3141728129698168,1.8362475322883513e-06,0
0.9537264026723068,0.013548357664463816,0.0327252356440027,4.01819479970539e-09,0
0.9937589800527596,0.00024549166308617546,0.005995517217975763,1.1067586613694257e-08,0
0.9992331604783804,1.6552881149165304e-05,0.0007502862126025376,4.2666461674232566e-10,0
0.9997834473911454,7.819879655655086e-06,0.0002087326674642324,6.087897142010201e-11,0
0.9999160773333229,5.150563616312648e-06,7.877208825764669e-05,1.4719087516490733e-11,0
0.9999466738112337,6.0592843761636855e-06,4.7266896884067446e-05,6.437250147207524e-12,0
0.9999787524140594,1.3766992816037202e-05,7.480594149260886e-06,3.458479883406223e-13,0
0.9999854432030539,7.3008109372376984e-06,7.255984448898587e-06,7.938028682997134e-13,0
0.9999828698794979,1.210564526991003e-05,5.024473346853851e-06,1.195149106400581e-12,0
0.9999733654603942,2.6634078504148223e-05,4.619206820917753e-10,6.719181221529918e-16,0
0.9999968710775485,3.1239714179824325e-06,4.951663340587352e-09,5.43585355868352e-14,0
0.9999853378669165,1.4641801549024891e-05,2.0329280917302075e-08,6.13147326498278e-13,0
0.9991280982053126,0.0008718126604885583,8.913262212072827e-08,9.10685999320657e-15,0
0.9999402624325049,5.973746801259996e-05,1.0111946437217718e-10,3.652753570828313e-15,0
0.9999967624041916,3.2365840293202408e-06,1.0113911355346196e-09,1.9773913916789658e-14,0
0.9999959171338235,4.081918818665213e-06,9.463516228544284e-10,2.998025092541745e-16,0
0.9999980524172182,1.946932927298972e-06,6.513466699959843e-10,2.596341250239226e-15,0
0.999994127104366,5.872564330376152e-06,3.3148699013306683e-10,4.911818313479399e-16,0
0.9999941996670677,5.79613769639496e-06,4.195488475641841e-09,7.727589746908786e-16,0
0.9999985343321723,1.464012915086162e-06,1.6536626072110074e-09,1.5217611739678748e-15,0
0.9999982975365068,1.7006795377925855e-06,1.7844302900063255e-09,1.777996558692696e-15,0
0.9999930167166983,6.981758391461365e-06,1.5231360902403664e-09,6.576735509474383e-16,0
0.999995559216442,4.434477730730307e-06,6.305007388516103e-09,3.380058206504145e-15,0
0.9999934418371093,6.556930649629845e-06,1.232064944929321e-09,7.780533678829331e-16,0
0.9999944220954645,5.575375940859622e-06,2.5281244754240268e-09,5.233570685562402e-14,0
0.9999408523357187,5.914317018412446e-05,4.495318907407763e-09,1.5622184828618077e-15,0
0.9999967954442086,3.1929387148068243e-06,1.161707896033578e-08,8.418131864651427e-14,0
0.9999913884901335,8.605253877451076e-06,6.255923954172284e-09,1.6975239683066293e-15,0
0.9999973437041981,2.6498114262411526e-06,6.484954289924772e-09,1.3843484722561587e-15,0
0.9999979861370135,2.0002607456288914e-06,1.3603087319235337e-08,1.6583584219039082e-15,0
0.9999959812674921,4.011268947701148e-06,7.463255462538271e-09,4.14725242168116e-16,0
0.9999983264038199,1.668922038588527e-06,4.675782652395618e-09,4.388906714504626e-15,0
0.9999925929461481,5.503310563066137e-06,1.9037430137662727e-06,1.0397327672707718e-14,0
0.9999923723953408,6.823322994800632e-06,8.042828390457555e-07,1.8245505879902126e-13,0
0.9999740349145613,2.5170128099691683e-05,7.94957566202965e-07,1.000307339198803e-14,0
0.9999967005078224,3.0211337208734588e-06,2.7836008992285274e-07,8.924153148583247e-14,0
0.9999962853067573,3.1604925729396914e-06,5.542008602103968e-07,2.0217952188219767e-14,0
0.9999961382238314,2.8468702588144126e-06,1.0149073419864438e-06,4.961454146173292e-14,0
0.9999877205654187,1.1662835766305295e-05,6.165995774006364e-07,1.5267798719184008e-14,0
0.9999897287543706,8.849823370136514e-06,1.4214214546860914e-06,5.2169316128046006e-14,0
0.9999956831436474,2.893888610290466e-06,1.4229665263798152e-06,2.30917019331245e-13,0
0.9999911691073728,8.026224086773963e-06,8.046676894405036e-07,8.871713213646794e-14,0
0.9999740301343812,2.510611517825641e-05,8.637491632084394e-07,1.963621146948593e-14,0
0.9999900634886946,5.454398130865455e-06,4.482113418895353e-06,4.73646609300921e-13,0
0.9999826371147144,3.5312955054747303e-06,1.3831589644244936e-05,1.8568654389116727e-12,0
0.9999673095658339,1.9210279303641488e-05,1.3480154649148386e-05,1.0188752996680389e-13,0
0.9999924501092543,4.809639429519438e-06,2.7402496880298014e-06,1.847363880080064e-13,0
0.9999947089885521,2.146797880602977e-06,3.144212804528059e-06,4.410178988473515e-13,0
0.9999832892222195,1.4943271041754435e-05,1.7675064422094527e-06,2.699266354135743e-13,0
0.999948775088891,4.888163698925237e-05,2.343274280941306e-06,3.696043363177737e-13,0
0.9999734281774804,2.206888626749437e-05,4.502886658280781e-06,5.009644981898881e-11,0
0.99950586893796,0.0003231088050347262,0.0001710222364910757,2.0973092834832978e-11,0
0.9964719291568749,0.00020527885399047573,0.0033227890025254196,2.9850516951143403e-09,0
0.983462911538608,0.00011492970126967029,0.016422122038232578,3.672224942096851e-08,0
0.9201312669579986,0.0008859847983821896,0.0789825776193511,1.7062422630461995e-07,0
0.3373686267868287,0.04747540795399039,0.6151558896041236,7.565342780073591e-08,2
0.04462744683444049,0.004318764167588377,0.951048481658035,5.307340941636773e-06,2
0.013640658794979848,0.0004320945637670718,0.9859259209934744,1.3256474291657786e-06,2
0.0018138575778517635,8.678332216293725e-05,0.9980960685399565,3.290561564404676e-06,2
0.0002798746475867945,7.012985369693144e-05,0.9996473399703182,2.65552712912221e-06,2
0.0001392015758835257,5.0738629238007e-05,0.9998067541170809,3.30567851129792e-06,2
8.067094810585698e-05,3.804814458313075e-05,0.9998769856900921,4.295215758505204e-06,2
2.760358788458088e-05,7.025036860146256e-05,0.9998992474147527,2.8986277384543994e-06,2
4.680949892800863e-05,6.876556680926906e-05,0.9998814048165756,3.020117517171145e-06,2
2.2831182522033222e-05,0.00018846365339000902,0.9997879879361159,7.172267654540173e-07,2
4.414222363477854e-05,4.738091692674678e-05,0.9999044888312734,3.988028236537991e-06,2
4.053243608850466e-05,0.00012182754483474519,0.9998337692931205,3.870725160074029e-06,2
4.94669235186659e-05,8.431279993108323e-05,0.9998616018156337,4.618462106600867e-06,2
6.38952234865351e-05,0.00022433563989339471,0.9997077077036237,4.061434368436693e-06,2
0.00017727664012031865,0.0008435189605552992,0.9989788909923709,3.1340624309994997e-07,2
0.0001351182316607,0.00018161604167671536,0.9996816261192538,1.639608346293421e-06,2
5.525519180815299e-05,0.00016709101155651,0.9997753057541171,2.348043331790429e-06,2
3.817021559749674e-05,0.00011738647210904438,0.9998391450663601,5.2982473374263714e-06,2
1.4146610183619752e-05,4.305715133467923e-05,0.9999251491465141,1.7647090656722576e-05,2
4.2839058243343146e-05,0.0001334016535473812,0.9998209557284501,2.8035604209542632e-06,2
3.8823805460770324e-05,3.453159400226875e-05,0.9999211076991356,5.536902250090072e-06,2
5.139225582912875e-05,0.000297283067556261,0.9996497156519702,1.6090260096735534e-06,2
2.9319848540143076e-05,6.625829870167486e-05,0.9998981003634955,6.321489254116168e-06,2
1.8995917163481413e-05,0.00023233489843402772,0.9997468767483578,1.7924351695709095e-06,2
3.263834020321916e-05,0.0002580517299266535,0.9996809745394193,2.833539062754816e-05,2
0.00015887465952599546,0.014651125812223519,0.9851896586336901,3.408957439809182e-07,2
5.4928181279988254e-05,0.006633338184934273,0.9933072590460394,4.474586608388432e-06,2
1.2028403902637194e-05,0.0011826022435904528,0.9987937588269337,1.1610524427463773e-05,2
1.5515976564128415e-05,0.00016086630461934506,0.9998068729432505,1.674477379887553e-05,2
9.642863734819375e-06,0.00033344793054564017,0.9996491716738621,7.73753293904358e-06,2
2.1372289098364064e-05,9.847470784882378e-05,0.9998748795107717,5.273492334065477e-06,2
3.070471115895872e-05,6.289276532360133e-05,0.9998988314975272,7.571026201767264e-06,2
5.832156596517996e-05,9.122879426547656e-05,0.9998463400896224,4.10955122698561e-06,2
7.985058584791824e-05,0.0010116351103602933,0.9988958172642267,1.2697039708655901e-05,2
6.349253805848917e-05,0.009216990924624276,0.9903183970650852,0.0004011194732002254,2
4.376056858844859e-06,0.2745339758330812,0.7248456072004857,0.0006160409101865645,2
5.136882969451243e-06,0.07523285615177801,0.7162346409450691,0.208527366020086,2
1.9172070706881656e-06,0.023937671561214978,0.5749612406937178,0.40109917053866884,2
1.958150031987655e-06,0.01995286376852109,0.35034137527457543,0.6297038028080989,2
2.5685813291150618e-08,0.0253793332852789,0.00919985552921278,0.9654207854983551,3
1.404385955157901e-08,0.00652534469828423,0.0014430448961167525,0.9920315963600769,3
7.579176145396228e-10,0.015426391373331837,0.0009911221350340834,0.9835824857345347,3
9.931121606744035e-10,0.0009320116733014441,0.0002219291670356743,0.9988460581666525,3
1.064731787148689e-09,0.00067402487730918,0.0004682943426679943,0.9988576797156771,3
4.628827998752429e-09,0.0014531209783864298,0.0035537718660588135,0.9949931025267217,3
3.697546761268454e-08,0.006911023583049973,0.03281473996059896,0.9602741994801631,3
1.0932032274564646e-07,0.05910143370390926,0.11346497157725147,0.8274334853978274,3
2.796117248350033e-06,0.050875948768074275,0.3356109897608495,0.6135102653526536,3
6.1488626217764975e-06,0.0173625411420058,0.9155266520439229,0.06710465795021156,2
1.2510990579551564e-05,0.0011027456778399667,0.9925489224248241,0.006335820907664538,2
1.4793006001231452e-05,0.0009999826625509357,0.9987105864343139,0.000274637897317912,2
4.880989193259648e-05,0.0008194918437778174,0.9991268910139919,4.807249074079149e-06,2
2.6876477632852372e-05,7.582185415111638e-05,0.9998908701415509,6.431527957004154e-06,2
0.00022802215411279252,4.144846062083229e-05,0.9997268728969911,3.656487029561494e-06,2
0.00023729199579858426,0.0001122013873591613,0.9996493508869407,1.1557290088100932e-06,2
0.0003050633839862154,7.042598996556493e-05,0.9996216262030445,2.8844243009760576e-06,2
2.4971328783256834e-05,7.199452624604086e-05,0.9998938868254224,9.14731818894819e-06,2
1.3550768770952854e-05,8.531515166182881e-05,0.9998842109045729,1.6923173593933784e-05,2
2.0822451163758877e-05,0.000867584935281598,0.999032384666262,7.920794668102286e-05,2
0.0002018471703607029,0.00811803355037243,0.988274764380759,0.0034053548984097817,2
1.8324220099598448e-05,0.4587970664529788,0.4962352450897896,0.04494936423576923,2
3.5204484842762273e-09,0.9514305977001386,0.009944788213867585,0.03862461056561694,1
4.903960393118101e-08,0.045976921375515005,0.003318205638307596,0.9507048239481845,3
9.523301596676921e-09,0.005534090292409431,0.001782276229105643,0.9926836239557727,3
1.595092715822104e-09,0.0012315518747635533,0.0006603495492664144,0.998108096981675,3
9.263672922840569e-10,0.0008333291483836144,0.0002670915667047375,0.9988995783600073,3
1.4598806713493107e-09,0.006510436878878704,0.0008728736150357264,0.9926166880472383,3
1.8381500495607016e-08,0.020655536844757946,0.009309694982101291,0.9700347497910318,3
1.1696471523089942e-06,0.01647470448813874,0.17968199821709527,0.8038421276470423,3
1.6875568093230983e-06,0.009862629210136767,0.4396411903816699,0.5504944928531255,2
1.7204504076991144e-06,0.006815543972639469,0.6279871773748045,0.3651955582026474,2
2.515251605960993e-06,0.004835331072784419,0.8250985710669868,0.17006358260699914,2
1.0422586225746418e-05,0.0009585370215105634,0.98316782675429,0.015863213639128758,2
2.4375151853647044e-05,0.0001663611177151601,0.9993025070749751,0.0005067566541374912,2
3.0714599217603967e-05,4.463541443190015e-05,0.9999003459015097,2.430408324205964e-05,2
2.27814879245623e-05,5.153855879481677e-05,0.9999209548869901,4.725064655583615e-06,2
4.418718138265689e-05,4.234804491959736e-05,0.9999087914890812,4.673283221151866e-06,2
5.435401549254851e-05,6.06841372760736e-05,0.9998813838788532,3.5779667392035492e-06,2
6.22557840765834e-05,0.000143376223986658,0.9997908031568796,3.564835760211819e-06,2
0.00022542264690458968,0.00011991874047599241,0.9996305079671903,2.4150644215185277e-05,2
0.0016252540747252445,0.00811112701396158,0.9897433790424909,0.0005202398684110256,2
0.0028518404505740226,0.7437032451299243,0.25344491331729047,1.103640883822252e-09,1
0.017069988904891514,0.06935206971991378,0.91342457289597,0.00015336848007394688,2
0.01754315958982891,0.0017161157461997882,0.9807180166282113,2.2708036461773623e-05,2
0.029956845688924438,0.0002088160864161176,0.9698312808158911,3.0574077680073005e-06,2
0.10469782769924732,0.0003212035337780011,0.8949789870353697,1.981730068062218e-06,2
0.5537233752184075,0.0004965604291831794,0.4457798473690133,2.169832812897627e-07,0
0.9926744279539792,0.0005570185377063867,0.006768552828805822,6.78556354396406e-10,0
0.9999673980276765,6.321299668699015e-06,2.628064935251849e-05,2.5016155348407648e-11,0
0.9999946735839303,4.156802560229512e-06,1.169611828782633e-06,9.170992024644632e-14,0
0.9999864447973005,2.9212338844435265e-06,1.0633967235747423e-05,3.7467152343035237e-13,0
0.9999765498308272,6.06504316036363e-06,1.7385124684906592e-05,1.297259991006599e-13,0
0.999989433186224,2.6533763412681964e-06,7.913436340229069e-06,3.514795480144752e-13,0
0.9999834741849021,3.806538692754931e-06,1.2719277312640793e-05,4.2194448859490585e-13,0
0.9999634279077565,6.280517208042553e-06,3.0291575765879837e-05,9.503490541798536e-13,0
0.999938789402108,4.854954305081305e-06,5.6355636447696044e-05,6.307610107926972e-12,0
0.999891516249038,6.3885123974313616e-06,0.00010209522091113549,1.7942045102386687e-11,0
0.9997596697923831,7.261197754897326e-06,0.00023306898152279673,2.838899562812242e-11,0
0.9999099677338409,7.979585617908016e-06,8.205266522287222e-05,1.6580331177896506e-11,0
0.9998708521800421,8.445084092913437e-06,0.00012070271907272049,1.79804202282401e-11,0
0.9999084870107989,7.751634539048227e-06,8.37613410756751e-05,1.1919670370831642e-11,0
0.9999881271919514,1.0978265466395894e-05,8.94540903894051e-07,1.25949650504773e-13,0
0.9999899913410183,5.527990956910466e-06,4.4806459084908e-06,2.19470362856664e-11,0
0.9996369710005532,0.0003599015484705573,3.127450210080553e-06,4.4461750498815274e-14,0
0.9999486596872077,2.0595086762723405e-05,3.074498376628285e-05,2.412871761331243e-10,0
0.9999203289169147,3.5914538070777355e-05,4.3756169302419834e-05,3.752760125880484e-10,0
0.9979880070102778,0.0017322306074303555,0.00027973533415141317,2.7048291804371615e-08,0
0.8762552898180936,0.12336533781265481,0.00037936822641830006,4.14436439362975e-09,0
0.6462009011698164,0.35190512621131753,0.0018936409866045362,3.316338057163658e-07,0
7.171639069318383e-07,0.999999282834581,1.6849382287726425e-13,3.2924453488122315e-24,1
0.864612698250326,0.13444065800263605,0.0009279027796134572,1.8740969212871517e-05,0
0.8736528514593769,0.12633812396463662,9.024416037103602e-06,1.6026131141631978e-10,0
0.9861505656820713,0.013837825804306893,1.1608360812035089e-05,1.5287591153448287e-10,0
0.9998855054357609,0.00011318301491058067,1.3086105941218602e-06,2.9372231082146745e-09,0
0.9998086801146593,0.00018849451397287296,2.8239647482365018e-06,1.4050114209224065e-09,0
0.9914462737449481,0.008552480149491924,1.2461070814806293e-06,2.430424337600772e-15,0
0.9999320766005092,6.699532561022485e-05,9.278855839707987e-07,1.8932411596567474e-10,0
0.9999803574065625,1.83172328387906e-05,1.325358645478196e-06,4.374586439463072e-13,0
0.9999938424196848,2.9911819108013754e-06,3.166395891654486e-06,8.781600058879571e-13,0
0.999960573035978,7.93762219151932e-06,3.14893399607774e-05,5.866925896981283e-13,0
0.9999686912805388,1.6641523498262336e-05,1.4667184680588327e-05,1.2013611832663739e-11,0
0.9998643318864481,0.00012857791331106653,7.090198168058231e-06,4.733785079235814e-13,0
0.9999877345787411,1.0195678176823631e-05,2.0695460604236508e-06,1.9618101189384006e-10,0
0.9994841922753346,0.0005094524727240339,6.355252735922376e-06,2.649020773090777e-13,0
0.9995275950329481,0.00011542660711653889,0.0003569592262328383,1.91321128039652e-08,0
0.9177598259289237,0.0018545131563468022,0.0803856478638183,1.3051513356337991e-08,0
0.42128017858296507,0.0027518640507081995,0.5759668550657756,1.1022987443386983e-06,2
0.023821236787504762,0.034806171067271414,0.9413721753341396,4.1680952763872924e-07,2
0.001527888950551039,0.0015825664318571183,0.996869304324444,2.0240294305788462e-05,2
0.00012045424727127863,0.00014553100686855362,0.9997264638126192,7.55093143754819e-06,2
5.3165146721311346e-05,0.0006131769959165837,0.9992684204495557,6.523740698709135e-05,2
4.2042993682391126e-05,0.04115967697443115,0.9579660873238747,0.0008321927094391519,2
2.0230340326156157e-06,0.1144638669154562,0.6688730411297101,0.2166610689203593,2
2.0985525277962965e-06,0.044644823711046305,0.3654946366145323,0.5898584411220434,3
1.3634644214755805e-07,0.04503201332751654,0.08040876950039676,0.8745590808243853,3
3.578007947206653e-07,0.010526350818052374,0.01710420563525053,0.9723690857456214,3
4.7114472126959935e-09,0.03599061848365991,0.002572214535559531,0.961437162270267,3
2.0059216297651445e-09,0.004180430207821293,0.0004602429309567045,0.9953593248539135,3
1.3047210288431637e-11,0.0017056623676012593,1.9852518179732635e-05,0.9982744851015449,3
1.753479184384955e-11,0.0003967834467635805,5.379307407018353e-06,0.9995978372267432,3
8.669034979735798e-12,0.0017262928466121855,2.0441635441885573e-06,0.9982716629793625,3
2.740010901224541e-11,0.01445111819801934,1.2421531177229335e-06,0.9855476396200802,3
3.7486287559721473e-13,0.3518835462561332,1.8842245371341573e-08,0.6481164349030035,3
1.1261442525680267e-10,0.3555965316944265,1.1113280561480985e-07,0.6444033570589721,3
5.813226534709111e-13,0.985740497557048,7.163972574662573e-09,0.014259495277652773,1
8.073556864545467e-09,0.8079817463130395,0.000232934052778136,0.1917853115610246,1
4.207779396577238e-11,0.09873289765459985,3.524559839319876e-06,0.9012635777428771,3
7.338455490874358e-15,0.0021896829347377938,2.983873978058279e-10,0.9978103167662826,3
6.847925990050059e-16,0.0001993094437517836,8.376878596994472e-11,0.9998006904730211,3
3.541249121424644e-16,0.0005872033172972357,1.442446526503222e-10,0.9994127965386633,3
1.3267618919194553e-17,0.0024310649890814957,1.2475406703004856e-12,0.9975689350091245,3
1.0622730933104219e-15,0.001066677267418687,1.6847811315207256e-12,0.998933322729094,3
6.97619853297278e-18,0.027182600927694936,4.947489559744875e-13,0.9728173990714613,3
2.4910273289674826e-17,0.008587265912225032,1.4132383183193897e-13,0.9914127340873234,3
2.049670410199067e-18,0.0005778883726590281,1.0910574667528466e-14,0.9994221116289261,3
1.411541784587526e-19,0.0002643750329966227,2.783147131458998e-15,0.9997356249655185,3
1.3070692482243136e-19,0.0004784646009764245,2.865659998248135e-15,0.9995215353982205,3
1.1025094844118721e-19,0.0011448553121905197,8.689887878964967e-15,0.9988551446876099,3
2.631997536410353e-16,0.00022070473350601727,5.3516266139882894e-11,0.9997792952116272,3
3.1622917310259164e-17,0.0004563833044641219,1.441145054943374e-10,0.9995436165529177,3
1.1002080959796396e-16,0.00018116818104047119,2.26125741494205e-10,0.9998188315933115,3
2.8408410939395233e-15,0.00021026419875823328,1.2409943127344945e-08,0.9997897233911771,3
1.0139921768356706e-14,0.0004782572696237321,5.8099641876786044e-08,0.9995216846294459,3
7.168381359286428e-14,0.0004552203718635353,3.209073277205644e-08,0.9995447475358807,3
3.1525783611699786e-13,0.002059295375212825,1.3157275815832023e-07,0.9979405730520575,3
1.94480649208318e-12,0.004532587311889184,3.2826726684346905e-07,0.9954670844190572,3
7.180993041371779e-15,0.003934919342402762,1.3080698114538948e-09,0.9960650793504092,3
1.8092904391514838e-14,0.0004088751213187125,1.220760608679787e-09,0.9995911236593761,3
1.4640778725070598e-15,0.0013694500939243136,7.502419644118853e-10,0.9986305491546682,3
2.596694221596613e-13,0.0016877287078464545,4.195735755650561e-09,0.9983122670964005,3
2.1371541426181372e-12,0.048081339942879754,1.1432456328614788e-07,0.9519185457306897,3
2.1682610900076407e-16,0.9713920541348476,1.4195268729770945e-11,0.02860794585099993,1
4.1654515783265746e-12,0.8873507388806525,1.2494551390643318e-10,0.11264926099138121,1
9.563892863896224e-11,0.8767165708218323,5.540951389073389e-08,0.12328337367212187,1
1.182855113270258e-16,0.9982767216728434,1.397719042057076e-12,0.0017232783248901725,1
1.8812292296660616e-13,0.03959033279939023,2.280070685977737e-09,0.960409664919666,3
3.06048183619586e-14,0.0024192611186614975,3.3236264418124973e-10,0.9975807385490548,3
2.155650247677653e-15,0.0013173149055557823,3.6911332837475804e-11,0.9986826850583039,3
1.6974802418827077e-14,0.002746103043575409,2.2008772536340527e-10,0.9972538967374374,3
4.1915301167114333e-13,0.011584109873384795,1.4896569281629282e-09,0.9884158886372276,3
1.8102654753668915e-15,0.23732475047745769,2.5993417910759936e-10,0.7626752492638059,3
1.5829399591233916e-11,0.1322925525642316,7.7003351425535e-09,0.8677074397186059,3
2.5275310030224287e-11,0.1897370211112954,1.6251980300932654e-08,0.810262962609726,3
1.1826060059732407e-11,0.6100631507052834,2.997375118878763e-08,0.38993681931077884,1
3.3762650581319775e-09,0.4142041738671168,3.976387409987554e-06,0.5857918463687557,1
3.7786995237617246e-10,0.6383780007259008,7.578391768729352e-07,0.36162124105639826,1
1.2556569752719893e-12,0.9990480431344139,2.138510747484919e-10,0.0009519566500831956,1
7.878341685685475e-12,0.9999928225482302,1.024627111838289e-08,7.167197944966018e-06,1
1.059731885826966e-11,0.9950405021716168,3.884722426668301e-07,0.0049591093457387716,1
3.576035269276547e-09,0.08269633539779139,3.7672630165049795e-05,0.9172659883954252,3
2.523941612023935e-09,0.01903955173531152,2.4403017519507434e-05,0.9809360427232894,3
4.233956495427012e-09,0.009928478382369195,2.927727282940911e-05,0.9900422401104224,3
1.925101253240001e-09,0.0192476795205372,5.936907884788771e-05,0.9806929494760408,3
6.309308489541693e-10,0.029444804761317424,4.6763816882481356e-05,0.9705084307907464,3
3.284618814456051e-08,0.018757592000841757,0.0003814177330783668,0.9808609574188789,3
1.1878977942485506e-07,0.09454328098983285,0.0015902572938867685,0.9038663429279165,3
9.558745377079953e-09,0.9810996466850659,0.0009903557341951561,0.017909988021906655,1
2.620000657968922e-07,0.980990297148094,0.007887599976573127,0.01112184087651395,1
1.1239064991104324e-05,0.34313900391217705,0.24355585453222683,0.4132939024916134,2
1.8923018709073509e-06,0.3016254787666069,0.33137792560318263,0.3669947033269795,2
1.1790884787332072e-05,0.06760795233804072,0.6671558422792014,0.26522441449815504,2
1.3066787171274796e-05,0.022533547953939928,0.7865003481783022,0.19095303708199746,2
2.562028940811565e-05,0.1265698473591621,0.7905550676419526,0.08284946470794995,2
3.222494355200066e-05,0.38636111041977683,0.6135971416828286,9.52295226422151e-06,2
0.00011503029982118299,0.24582448038861068,0.7540507418011454,9.747510887184908e-06,2
9.61366360030288e-05,0.04428442372932129,0.955571700500701,4.773913455732906e-05,2
1.437456606350152e-05,0.0011619125466820078,0.9986653932823866,0.0001583196057450349,2
8.931928871703532e-06,7.506536157903082e-05,0.9998726909025045,4.331180832958949e-05,2
2.709447382411995e-05,0.00014377141637575942,0.9998214102308046,7.72387776698054e-06,2
1.56750520131149e-05,0.00031737776278357435,0.9996561315538764,1.0815633021621186e-05,2
2.167349207156849e-05,0.000703482446429178,0.9992690879522066,5.756108499410313e-06,2
5.386713895312874e-06,0.00034669940309788906,0.9995861857418246,6.172813957395817e-05,2
2.3643102343747172e-06,0.002891652415373901,0.9971036770995677,2.3061734441362273e-06,2
2.602263689486013e-06,0.0015906738749927136,0.9983780484936109,2.867536760408425e-05,2
7.391032897964216e-06,0.0002617954715456955,0.9996668554271055,6.395806939378519e-05,2
8.506958305502704e-06,0.00015508142093949312,0.9997576841062469,7.872751491722077e-05,2
6.645511866374389e-06,0.001042062120158759,0.9987726897435238,0.0001786026233612622,2
2.421246501963184e-05,0.020282938803567768,0.9796760093268505,1.6839405402813027e-05,2
2.54866365264257e-05,0.03318286287343938,0.9667908163909801,8.340982659323557e-07,2
1.3097077533559022e-05,0.0021640154275110223,0.9978086108686421,1.4276626695526977e-05,2
1.6596753305212454e-05,0.0001010384441830508,0.9998521626590273,3.0202142304060876e-05,2
0.00015466480332944232,0.0008501259757048746,0.9989211367925123,7.407242801196072e-05,2
0.0005196052637205234,0.07015902668459927,0.9290910950057997,0.00023027304693062846,2
0.001552475462353928,0.9862954656678792,0.012152058850585937,1.8750625473145842e-11,1
0.4894347937549584,0.15902377692187988,0.3515125418023997,2.888752059209483e-05,0
0.7748746702621157,0.007721228319867232,0.21740168466216975,2.4167547735168003e-06,0
0.909852259118955,0.0006734480386328922,0.08947186235101402,2.430492015351096e-06,0
0.9796109568797774,0.004248234523743338,0.01614080703554321,1.5597717803849926e-09,0
0.9885521987441197,0.00013313306172967404,0.011314346822178946,3.2137314613383634e-07,0
0.9883776768971647,0.0004080095579581228,0.011213787930314616,5.256132207650087e-07,0
0.9833819393119073,0.007972948751625514,0.008644551289715904,5.606485534016886e-07,0
0.9506412807549153,0.04654460224047221,0.0028141169098877734,9.538105597335217e-11,0
0.9900671864447579,0.0037023395256540743,0.006229276092376359,1.1979370702230655e-06,0
0.9929981910175795,0.0012504783366035692,0.0057512870711878316,4.357613219921909e-08,0
0.9956319092547866,0.0002544013611797423,0.004113677433498478,1.1951893920389639e-08,0
0.9964217712517719,5.835824976887895e-05,0.0035198535004283002,1.699943898667578e-08,0
0.9966923670071542,0.0003780746487825137,0.002929448772925704,1.09572637506543e-07,0
0.9908943455392872,0.0065405233398268085,0.002565046487667748,8.46336985880847e-08,0
0.9772159246355634,0.022729324760802656,5.4750603128484346e-05,5.992635511376239e-13,0
0.9993228712725859,0.0003114183108373501,0.00036564397947483763,6.643743602812093e-08,0
0.9999224149118132,6.446651020440183e-05,1.3106934309214037e-05,1.1641869198798807e-08,0
0.9957839947610877,0.004215683665826663,3.215719745302677e-07,6.612497642290782e-13,0
0.9939671015072566,0.006029330570972123,3.5503638831636293e-06,1.755653767723154e-08,0
0.9689783059956235,0.030893717168420712,0.0001279765848035831,2.506020514470128e-10,0
0.975858558230642,0.023659664891974453,0.000475637727415041,6.139150596158352e-06,0
0.9348339361368053,0.06514844019124685,1.7623672898951522e-05,4.641128177763692e-13,0
0.9817721216999439,0.009546763521378352,0.008673979544102615,7.135234985009142e-06,0
0.9687014896912932,0.010045409993498528,0.021253021085311657,7.922910219359859e-08,0
0.9943332600379619,0.00026071170959735424,0.005405900138542305,1.2811566916357744e-07,0
0.9982048857958311,0.0001906673493586543,0.0016044371838875623,9.670578483775587e-09,0
0.9995100042190019,0.0004623298634642127,2.7665895669006525e-05,2.2635982188360075e-11,0
0.9997202689684074,0.00027800427275466216,1.726759283092362e-06,1.4648663753752157e-13,0
0.9999919391700329,4.048377598403388e-06,4.012417347107864e-06,3.475492089168719e-11,0
0.9999690736347651,2.918491017208913e-05,1.741455483876332e-06,8.316046072595208e-14,0
0.9999845216186368,1.3390897923717379e-05,2.087480360359709e-06,1.4043064512005037e-12,0
0.9999427646262186,5.54116022297424e-05,1.8237721230766948e-06,1.7345687061003154e-14,0
0.9999850382001269,4.317073342669917e-06,1.0644724765484019e-05,3.5699587710448435e-12,0
0.9999836660596658,5.153768076116192e-06,1.1180171438128235e-05,1.1413717678601627e-12,0
0.9999182385757011,1.3106314900810387e-05,6.86551036562824e-05,4.750019170813697e-12,0
0.9998847297149933,1.9720922698302188e-05,9.554935794173283e-05,3.453024591717612e-12,0
0.9999718308720178,4.243125672945006e-06,2.392599732773127e-05,4.238279501010743e-12,0
0.9999676007038024,5.5026514255667245e-06,2.6896643348548203e-05,1.4391942095214852e-12,0
0.9999719720543703,1.637969230687878e-05,1.1648229038260655e-05,2.3652835763086328e-11,0
0.999516664258176,0.0004477908999912678,3.5541646254044904e-05,3.195122854978184e-09,0
0.952620357717172,0.04737925399650337,3.8828793646041473e-07,3.521568376043975e-17,0
0.9994026042476931,0.0005908217923126108,6.5735117827516964e-06,4.482873179744297e-10,0
0.9999885887005698,1.1324683907133176e-05,8.661529101784718e-08,6.085643236771356e-13,0
0.9999959180142108,3.826423258586406e-06,2.5556258837487504e-07,2.7484028867762117e-14,0
0.9999945106615685,5.303790040551647e-06,1.8554935978295755e-07,2.710772352183584e-14,0
0.9999903891064431,8.582280537719831e-06,1.0286142493078098e-06,2.21450852930105e-13,0
0.9999502511970237,4.9725970818270835e-05,2.2831054265453037e-08,7.163497526428224e-16,0
0.999997830224482,2.1345902993927064e-06,3.518516344831942e-08,2.8055145946553794e-13,0
0.9999891425766761,1.084298802112539e-05,1.4436723136543772e-08,2.266900054775305e-15,0
0.9999913291224704,8.64988678429993e-06,2.0992275980247823e-08,7.330663380761403e-15,0
0.999997469985391,2.495036044879907e-06,3.4977403683176484e-08,2.0484718962292137e-15,0
0.9999985126280228,1.3718273903860647e-06,1.1554288606193297e-07,2.630351385484421e-15,0
0.9999986126395544,1.3873126855779376e-06,4.90684223344267e-11,1.0450490241200037e-16,0
0.9999986196935855,1.3802423772245934e-06,6.531136566773736e-11,8.772505095993021e-17,0
0.9999987529307464,1.2461586383218578e-06,9.10088130799139e-10,3.519035503996826e-15,0
0.999981662597623,1.828330349911118e-05,5.4100585277051334e-08,2.1442095268818102e-15,0
0.9999854377425272,1.4545092014732978e-05,1.7165388631575707e-08,7.305970057937376e-14,0
0.9999783774738108,2.157790208207715e-05,4.462234227193813e-08,8.746890435077672e-15,0
0.9999973873707427,2.6109602812931474e-06,1.6694572855338098e-09,9.950898394018327e-15,0
0.9999967275924857,3.269019640916917e-06,3.38903422035872e-09,3.859427344583838e-16,0
0.9999987523959641,1.229905611342947e-06,1.7699073258067565e-08,2.0656932645183295e-15,0
0.9999985604892019,1.4062443277739248e-06,3.3267212210562005e-08,2.190593729256983e-15,0
0.9999953641998351,4.5517153104818955e-06,8.408445822644769e-08,2.220060291645425e-15,0
0.9999947656534118,2.1502810268240563e-06,3.0840656023692134e-06,1.7691440499736047e-13,0
0.9999824439123092,4.831835965271929e-06,1.2724253222595916e-05,6.150170184270058e-14,0
0.999994114717121,2.476703355773927e-06,3.4085790141297864e-06,1.4776397349210146e-13,0
0.9999853040705894,3.827190490157906e-06,1.086873534703999e-05,4.729545454111843e-12,0
0.9997998197948785,0.0001661855149193774,3.399468882183922e-05,3.3570778835666884e-13,0
0.9999248456454313,8.886736749619765e-06,6.626728149374911e-05,3.3674392702837976e-10,0
0.9989741722423853,1.8692947859371758e-05,0.0010071344240656101,3.8682226048424435e-10,0
0.9935585567729257,0.00020872744177473208,0.006232711319544073,4.466632089066167e-09,0
0.9944898932269246,0.0003030534300579894,0.005207050157980671,3.1844309657665e-09,0
0.9956925448977344,3.3116798213152815e-05,0.0042743270777388966,1.1225590275000732e-08,0
0.9979363842234981,6.19441706988315e-05,0.002001670532184083,1.0732847330468909e-09,0
0.9997324718622256,2.2955005274505865e-05,0.0002445730852675533,4.8736564547777805e-11,0
0.9998874471392899,5.110204010141033e-06,0.00010744254950097258,1.0670395301967097e-10,0
0.9999081357524987,3.356961413415182e-05,5.8294628487024855e-05,3.949332158094265e-12,0
0.9999197625798308,5.201845794975216e-06,7.503553181970697e-05,4.395159688590133e-11,0
0.9999416082705621,2.1859219821974973e-05,3.653248525146533e-05,2.3171025467860996e-11,0
0.9982653729064696,3.862072287263475e-05,0.0016960058111913526,5.584716898777367e-10,0
0.9786004593750126,0.00020317021398000634,0.021196348026761524,2.2383726911231238e-08,0
0.8968201346619247,0.00766749206426322,0.09551186878473639,5.044889233375515e-07,0
0.5222167803568921,0.1836988499949154,0.2940843269723216,4.2676718791522916e-08,0
0.3127060874048645,0.008810348516240712,0.6784572742108289,2.6289868935387106e-05,2
0.186598266896643,0.0005556597062799304,0.8128423395881668,3.7338099255932153e-06,2
0.08478922722718181,0.0004525007018093074,0.9147573357596659,9.363120466685095e-07,2
0.034688998526778946,0.0005014770107435811,0.9648078485040178,1.6759574009088369e-06,2
0.011749786617840312,7.338660069104345e-05,0.9881733406835196,3.4860984104642265e-06,2
0.0055853164912007345,6.500147719071677e-05,0.9943467736007878,2.9084318588131496e-06,2
0.004516953511467316,0.00016443590165093577,0.9953166490289527,1.9615568271944756e-06,2
0.003746625333819517,3.7150458930067724e-05,0.9962122766016025,3.947605321471055e-06,2
0.006466366274304633,4.93464047263047e-05,0.9934811238428485,3.1634790124724385e-06,2
0.01434995285490942,8.821137552672034e-05,0.9855592331160503,2.602654455884663e-06,2
0.03191499644143721,8.426656573795772e-05,0.9679975618139494,3.175180407065408e-06,2
0.06269300713923467,0.000160538919070623,0.9371420556069878,4.398334034771666e-06,2
0.07311948592151996,0.002191747953976598,0.9246877703208732,9.95804203611977e-07,2
0.05499917939980173,0.00019741572109424223,0.9447998717099632,3.5331682836368796e-06,2
0.027356787604338354,0.00011890509288654458,0.9725225469543869,1.7603485639105206e-06,2
0.00909924796112827,7.58832132375454e-05,0.9908221205800991,2.748243812070911e-06,2
0.001329062519602761,3.424816499808788e-05,0.998632325757065,4.363559186244007e-06,2
0.0002332960598311058,3.4612042560889905e-05,0.9997280144090843,4.077488771843148e-06,2
7.203507648764987e-05,4.011899154203031e-05,0.9998845644461306,3.2814868460955036e-06,2
0.00014773230463775,3.869679311361651e-05,0.9998097707872342,3.8001154068749525e-06,2
8.867777462674349e-05,6.740118826068047e-05,0.9998407504458727,3.170589968081831e-06,2
5.973106194025301e-05,4.800638709916933e-05,0.9998897411422889,2.521408564449304e-06,2
5.031907434498146e-05,9.396765279431036e-05,0.9998539266448606,1.786626999528331e-06,2
3.715905963145275e-05,0.0001642689275824676,0.9997441414990312,5.443051282687398e-05,2
4.20644898834484e-05,0.010119805582037839,0.9887182280673182,0.001119901861731549,2
3.158883523390111e-06,0.014670634278769364,0.9168339129089716,0.06849229392753971,2
1.0462746482781638e-07,0.018205834795084055,0.15345655756435492,0.8283375030129053,3
1.7489039767670148e-09,0.00308669770043464,0.0029385449518757167,0.9939747555973063,3
1.717007428602081e-10,0.0004809712566646505,5.198538848166755e-05,0.9994670431822473,3
3.889831657628196e-12,0.0021427181581124563,4.735483417190798e-06,0.9978525463536642,3
2.298277525703269e-11,0.0010876296032370262,7.331716284049222e-07,0.9989116372026776,3
2.1786634346009863e-12,0.02428178306492762,3.6935558645840848e-06,0.975714523376581,3
9.573400296532907e-13,0.004547047323496218,3.1879647822545836e-07,0.995452633880827,3
6.826195493929032e-13,0.0003980494248975213,1.8178345889498748e-07,0.9996017687916544,3
4.1842706914340037e-14,0.0006288686696925258,4.488729706006542e-09,0.999371126841126,3
2.6569592426630487e-15,0.010962822266618065,7.356786307750896e-09,0.9890371703775916,3
1.7839428286236005e-11,0.001543984937896683,1.1343738049210775e-06,0.9984548806688726,3
7.703554737876662e-11,0.0015195526833959873,6.14839161184233e-05,0.9984189633233849,3
4.673451995590068e-10,0.000737241240669275,0.00022226625444451425,0.9990404920388054,3
1.4451587294418746e-10,0.0006047516674663377,0.00014342610873783616,0.9992518220810797,3
8.666692717364864e-11,0.000457066195756369,8.313374320793089e-05,0.9994597999733552,3
8.046491798877653e-12,0.000652362085519245,8.629031511340386e-06,0.9993390088741824,3
3.103771216586235e-11,0.0007919561134348912,1.7904179525926497e-05,0.9991901396762811,3
2.2921822885100544e-11,0.0029416738459670014,3.433953662087471e-05,0.9970239865940693,3
2.3899445428963118e-11,0.0011360411581915095,1.822317348198778e-05,0.9988457356432229,3
1.1670664550744791e-11,0.0003470911647951109,1.2359958347212802e-05,0.9996405488639463,3
1.937196169305633e-12,0.0005899407576731526,2.82299222410104e-06,0.9994072362491759,3
3.4303818474853992e-12,0.0014543245985345235,2.0440269399919855e-06,0.9985436313715647,3
7.377631365201516e-14,0.002775186969806107,4.126248984064299e-08,0.997224771768689,3
5.798517181134078e-14,0.001704037890298605,1.696894609868162e-08,0.9982959451394289,3
3.012243940753801e-16,0.00044875891541271585,1.0042577004139396e-10,0.9995512409855265,3
6.236482395189045e-16,0.0002550959739962568,1.259558120563995e-10,0.9997449039009606,3
4.2148531508564463e-16,0.0019236585629327594,2.2198205727468803e-10,0.9980763412166315,3
1.2620694597575104e-15,0.0016113533472636942,4.1407734182810387e-10,0.9983886462384731,3
2.531380775153368e-14,0.0002770379305641255,3.018460219613356e-09,0.9997229590503424,3
1.658804046926619e-14,0.0015508934752867258,8.76025635936227e-09,0.9984490977651235,3
2.4481773001952675e-13,0.0034193890881949744,2.6743998632946252e-09,0.9965806082360097,3
9.518049765207607e-13,0.06661647437081757,9.19427087199214e-09,0.9333835164346659,3
1.6609026056058352e-13,0.11315038183900322,3.158610552940857e-08,0.8868495865751088,3
4.177993839211523e-14,0.005269367902942426,4.551449940110642e-10,0.994730631640482,3
1.0356001032672492e-15,0.0010662496997534353,1.0731263348979808e-10,0.9989337501936272,3
4.22550067275582e-16,0.0003633203194193263,9.607102980178342e-11,0.9996366795842708,3
2.275668237140049e-17,0.0006457322342527937,1.4485413644614646e-11,0.9993542677498112,3
6.39479619924992e-16,0.0003767058121158362,6.411996560134537e-11,0.9996232941248037,3
2.1278418966207498e-16,0.002282930559056215,1.1841772590427303e-10,0.9977170693222494,3
1.194026998956288e-15,0.00048638553609350887,2.903871181223428e-10,0.9995136141720333,3
2.297944989730299e-15,0.0004469986657525397,9.557121888473177e-11,0.9995530012404693,3
3.5414779470292657e-16,0.007944016074444048,6.146548614483029e-11,0.9920559838642865,3
1.1408715746421323e-15,0.00229559790734471,7.404779721208367e-11,0.9977044020198156,3
4.3105708369210883e-16,0.0003901900051837693,8.764567092275611e-11,0.9996098099083348,3
2.0291218461475031e-16,0.0002275909333590855,2.8081744913494e-10,0.9997724087847398,3
7.716218687608647e-15,0.00030663850845528534,6.3961714578335e-08,0.9996932975301472,3
6.539019161536867e-14,0.0003248539452482701,4.979676069519075e-08,0.999675096258342,3
4.3667132697673265e-14,0.001728815235036229,1.7145635271518654e-08,0.9982711676204438,3
8.240321068600966e-14,0.005191164531300083,7.184738419541545e-08,0.9948087636216739,3
1.444373086184295e-13,0.0009650268494977505,2.535742953095726e-09,0.999034970616009,3
2.1865509826211373e-15,0.005007164361023597,4.314626297325753e-09,0.9949928313231939,3
5.773542472387038e-14,0.00042993400630420903,2.2024372532959852e-08,0.9995700439705636,3
2.894507738983951e-15,0.00020781084951634234,8.978396088572465e-09,0.9997921801720971,3
1.072722597961707e-14,0.00023574659455342353,3.016035670942814e-08,0.9997642232466231,3
2.743131574941432e-14,0.0008292955216078334,2.8204363463690107e-08,0.999170676273069,3
2.6652168817497047e-13,0.003163430021343233,5.509880422443363e-08,0.9968365148779317,3
8.499876113109932e-13,0.005223434721634691,7.320729461786982e-08,0.9947764920685882,3
1.4692382917739965e-13,0.002367837563419821,3.997733361060675e-08,0.997632122458159,3
2.9429028983336886e-12,0.000625052032950559,2.007973935623094e-07,0.9993747471669618,3
3.97126087131981e-12,0.003267044056181645,1.274061494394468e-06,0.9967316818776883,3
1.3340107813795482e-13,0.008974469619240848,9.543825119221158e-08,0.9910254349424515,3
1.4504712643220607e-12,0.000963532695159648,7.169397537829732e-08,0.9990363956083551,3
1.5078838514484997e-13,0.002273636154409322,1.2056734458658146e-08,0.9977263517873154,3
8.671799737632655e-13,0.011002475081133854,3.2404872271517176e-08,0.988997492512086,3
3.306215796211898e-10,0.043398288357973595,3.551451723631455e-06,0.9565981598582103,3
4.498750955772088e-11,0.9982220145471288,4.461262213446529e-06,0.0017735241456888857,1
2.6014053772249773e-15,1.0,2.2577985470019666e-13,4.65780224281377e-14,1
3.0167133352654014e-18,1.0,4.3144316529920206e-16,7.388198829273258e-17,1
2.4088881359386404e-12,0.9999997852137543,2.5331351397550926e-09,2.122505612468281e-07,1
8.826407521537879e-12,0.999998055385803,1.597369275839663e-08,1.928630704898431e-06,1
5.7710662074561144e-11,0.9999976765056707,5.972338443324976e-09,2.3174657543250814e-06,1
9.953216012872193e-09,0.9076375658241866,1.322320026518197e-05,0.09234920102327335,1
3.719865307201412e-10,0.9996087322763875,4.1252082686390984e-07,0.00039085483129758345,1
5.115691048174763e-10,0.9990385431045945,4.7147801793265675e-07,0.0009609849063751183,1
3.5038002720163594e-12,0.9961192768022054,1.7317655229609081e-09,0.0038807214639411864,1
8.455792046449419e-14,0.9941747200300177,9.138029399301995e-11,0.005825279879573561,1
8.511106869588116e-13,0.4274642690728009,2.2854443379885385e-09,0.5725357286394205,3
3.3290677170784826e-12,0.05818812901497228,9.515529133232058e-09,0.9418118614658736,3
1.384096988709737e-13,0.010111999422576227,2.495177248879143e-11,0.9898880005518101,3
3.7860595096692e-16,0.0439825706638741,4.595502289557734e-12,0.9560174293319321,3
3.978600037403503e-14,0.006498319886774799,7.333566313530454e-12,0.9935016801055963,3
6.77175576545544e-17,0.026563644966664066,4.136538329663069e-12,0.973436355028159,3
1.0344972737164723e-15,0.0017404292313722143,3.1449902079565534e-11,0.9982595707376758,3
4.099298057807171e-17,0.00029152843002869017,6.9276922221393764e-12,0.9997084715616315,3
3.500716318338594e-17,0.0002689063893344729,2.2894815675289697e-11,0.9997310935871911,3
2.1079240027384138e-16,0.0004706727064372975,2.4487725374189086e-11,0.9995293272688144,3
3.143506053285148e-17,0.004612749541133151,1.0998752751304586e-11,0.9953872504473631,3
7.703227339899653e-16,0.0021657692227432445,2.7472826500684483e-12,0.997834230774846,3
1.0903275244880513e-13,0.0049255119899441705,2.5097656187711273e-09,0.9950744855008368,3
3.7938518332839266e-15,0.018111116850979103,4.9758051655060425e-09,0.9818888781728841,3
5.4524183659153025e-15,0.0009502313943454668,6.69917416312457e-10,0.9990497679352643,3
1.058897192317521e-15,0.00023833112971508938,5.99617718055774e-10,0.999761668270548,3
2.9774921049554986e-15,0.0004155125845403513,8.110446514851129e-10,0.9995844866047279,3
2.7427521347032835e-14,0.0034727292666537793,1.0672309775405731e-09,0.9965272696658197,3
2.903156317076003e-12,0.02651228045445026,2.72708801403597e-08,0.9734876922711457,3
1.6893158729128624e-13,0.9835810304568477,1.818726126598086e-08,0.016418951355834724,1
9.093932952778953e-17,0.9999997624909438,8.736923774744733e-13,2.375098446232049e-07,1
1.1703659615684907e-11,0.24390091819403079,2.963664787134175e-08,0.7560990521577008,3
5.010315396404511e-11,0.06282487686183935,3.4358910361979154e-08,0.937175088727585,3
3.4657807414161766e-12,0.05489994331342775,1.4530300472770096e-08,0.9451000421527659,3
5.396650110915407e-12,0.0294495328146108,1.4752115433492615e-08,0.9705504524263167,3
1.0623339250427147e-11,0.033441432900008575,1.5569103444570148e-08,0.9665585515199753,3
6.239889289649176e-12,0.4431355355622595,4.654070030117597e-07,0.5568639990233091,1
3.3474373381579463e-13,0.6598518508850485,2.911318529132013e-08,0.34014811999990857,1
2.5380032804846573e-13,0.07789770705258654,1.6546837423894446e-10,0.9221022927806992,3
3.8680967344959996e-15,0.02759265802554308,7.945433762029031e-12,0.9724073419676421,3
2.779995670845103e-15,0.00397718820116063,2.1021856358122626e-12,0.9960228117979336,3
3.200222730591051e-15,0.004884918780166557,4.413058064996385e-10,0.9951150807790897,3
4.667266160436292e-15,0.00048513502512098237,1.8969804330664154e-11,0.9995148649561068,3
9.504347239964004e-16,0.007279706445208679,2.1007672003980378e-10,0.9927202933445111,3
2.6304870906481116e-15,0.0021379580308044364,2.8601117335647876e-10,0.99786204168356,3
4.3403592100017366e-16,0.0006206563093085365,1.8757442664350163e-10,0.9993793435037971,3
2.3779835774378813e-16,0.00028344142493683295,3.6002234697347253e-10,0.9997165582165639,3
1.5733804564139877e-15,0.00023077469674346975,7.552515267822264e-10,0.9997692245479091,3
2.8695730806038683e-15,0.001854916550363412,1.8593593028000126e-09,0.9981450815898594,3
1.9485041095899913e-13,0.001892653586666863,1.5558046944371827e-08,0.998107330853371,3
1.8458069893865676e-12,0.004243734034146662,3.185364593469606e-08,0.9957562341105196,3
1.830155383013119e-11,0.10828727782834799,4.313826770904364e-07,0.8917122907699617,3
1.3197154218486783e-13,0.9887404191883131,5.57271291155951e-09,0.011259575238962516,1
2.3167698299633753e-09,0.688589904293559,1.294501522504483e-06,0.3114087988878353,1
1.5710011986803651e-15,0.9999970870964395,3.268709423195506e-11,2.9128715896683376e-06,1
2.5028070560979824e-18,0.9999999941865099,1.7793696820515545e-14,5.812153128826221e-09,1
3.1733113698018526e-10,0.5536501643202503,2.062139324717469e-07,0.44634962914716586,1
1.348021673726401e-12,0.5572131663608656,1.5543500901942126e-08,0.4427868180925557,1
9.502193906788153e-13,0.08900327012567288,2.641894209628737e-08,0.9109967034555703,3
4.3933468888536074e-12,0.007707957484799157,3.4663966583146583e-09,0.9922920390430094,3
1.5687215246472465e-11,0.0382686248168759,1.23313321554309e-07,0.9617312518558272,3
4.13976250894212e-14,0.9868501117487846,2.610411583773839e-08,0.013149862147770053,1
3.674068813284083e-10,0.47424607853419976,7.574198072860655e-07,0.5257531636774545,3
2.797754314213663e-11,0.2063867846497017,5.633893821723688e-07,0.7936126519320839,3
4.800107326971529e-10,0.023595198561281772,6.621890846727535e-06,0.9763981790672938,3
3.931013804640346e-11,0.009607712517371704,1.739899301988185e-06,0.9903905475426144,3
5.773399177249753e-11,0.003670553527482389,1.7869535688927203e-06,0.9963276594599716,3
5.7616158277424334e-11,0.008716205267028558,2.962032874192886e-06,0.9912808326408914,3
2.674454542268683e-10,0.005954860049004717,4.812728210856636e-06,0.9940403269568606,3
2.949020017465136e-09,0.016870767143333375,7.457728339011502e-05,0.9830546526252951,3
8.327908103503456e-09,0.10497540676084309,0.00021174809495045493,0.8948128368166223,3
4.01013717010502e-09,0.917327017396006,0.000998245466834303,0.08167473312722587,1
1.5505928706358539e-06,0.8060324979317447,0.029944671178041296,0.1640212802959583,1
5.80547507986491e-06,0.6693681235590373,0.14469386768545442,0.1859322032812645,1
5.788141411417823e-06,0.6153025189376436,0.3479060879501704,0.03678560497232102,1
4.496489709306691e-05,0.03516522618857354,0.9520622678827911,0.012727541031562116,2
1.4727310504983507e-05,0.001348166681113582,0.9977355140382409,0.0009015919692494727,2
1.130856742445497e-05,0.0002109266853813814,0.9997138304368075,6.393431060621505e-05,2
1.618404302576743e-05,0.00010109069933789385,0.9998600733714983,2.2651886400206236e-05,2
2.6380615112370414e-06,0.0010096749087667501,0.9989008245636356,8.686246452668323e-05,2
5.277648941199152e-06,0.000567888870152043,0.999398198839145,2.8634642118449152e-05,2
2.4706480994749744e-05,0.002242695670615959,0.9977267589861145,5.838862187302979e-06,2
1.1177803800002081e-05,0.0021221286183927823,0.9978650948796389,1.5986999038757692e-06,2
1.6435950841614033e-05,0.0019411114264126102,0.9980404737169378,1.9789049957909672e-06,2
7.98330492892662e-06,0.002293857247645547,0.9976929436093946,5.215839300317067e-06,2
2.537063912337445e-05,0.00018866251764748147,0.9997809827644597,4.984080141183649e-06,2
2.2109758198416155e-05,0.00014052746361690059,0.9998320096458557,5.353132370280096e-06,2
3.291150376495774e-05,4.012772932811085e-05,0.9999212037960443,5.756971834633482e-06,2
4.924264409437237e-05,2.8685782550399614e-05,0.9999162616469807,5.80992498831897e-06,2
5.3157229844782956e-05,3.0170942543990923e-05,0.9999115457918596,5.126036054269106e-06,2
0.00010521284245711905,0.00012800976925498764,0.9997640085619386,2.768825500597896e-06,2
2.0858348131076493e-05,0.00013394056052622858,0.9998408148351201,4.386256217638223e-06,2
2.137405540863554e-05,5.035062037347644e-05,0.9999209173205533,7.358003761593522e-06,2
0.00016204632516552745,8.638406021697815e-05,0.9997484727852238,3.096829579789649e-06,2
0.0011157828297271698,0.00018966657956022735,0.9986931114386259,1.4391510254227019e-06,2
0.005734372272949543,0.0005071295374842444,0.9937575932165029,9.049719396071734e-07,2
0.014805362690317393,0.00013291426707454074,0.9850597518000915,1.971243988000477e-06,2
0.029074543786120226,9.408460121663693e-05,0.970828471992189,2.8996222134892405e-06,2
0.04676608182432448,0.0002538974477494405,0.9529778751457849,2.145583387541105e-06,2
0.08429841660488067,0.0003117399164204286,0.9153861685166916,3.6749615386515847e-06,2
0.2136635932320905,0.007387463187704099,0.7789487252459585,2.1833349339852581e-07,2
0.9587845281190869,0.0006543595653595416,0.04056106296716473,4.934950340142667e-08,0
0.9997394939880628,0.00026013660737118596,3.694040754497346e-07,1.0554198740069134e-12,0
0.999992977521389,7.014577856887292e-06,7.898816832684807e-09,1.924978234361532e-13,0
0.9999947707356416,5.200895514485945e-06,2.8369588522850336e-08,2.783062878459194e-15,0
0.9999930124602927,6.947587557643363e-06,3.9952268883526004e-08,2.996785483867749e-15,0
0.9999979178268253,1.5378073126061247e-06,5.443656232482568e-07,5.683768204952864e-14,0
0.9999958628008334,3.4043806627373705e-06,7.328169689904851e-07,8.895512052657365e-15,0
0.9999944549207648,3.2200515711859094e-06,2.325027766357442e-06,1.390135074467158e-12,0
0.9998792231271755,0.00012073884087751441,3.803168195764567e-08,3.2379130175556206e-16,0
0.999996489091042,3.4800817948312686e-06,3.0825532479730534e-08,1.264305303618391e-12,0
0.9999579839482411,4.185104651245285e-05,1.6500379600234354e-07,6.15069500810094e-16,0
0.9999982072274788,1.6040023794105923e-06,1.887690219798117e-07,2.8067529785497303e-13,0
0.99999468904162,5.099577278209882e-06,2.113813060155285e-07,2.161465593728183e-14,0
0.9999778679059915,2.1366779587167226e-05,7.653136596610809e-07,2.0472531710202548e-14,0
0.9999931557229074,2.502922782477391e-06,4.341353775119922e-06,4.0038662386158157e-13,0
0.9999960625650811,3.714773592801877e-06,2.2266055595852293e-07,8.740885830681832e-15,0
0.9999973359662377,2.040407812100896e-06,6.236252947975347e-07,6.39479005577748e-13,0
0.9990970569499866,2.0467450332274362e-05,0.0008824755554114129,4.474240081095478e-11,0
0.9958747055392714,2.3763986583456846e-05,0.0041015255643549135,4.9080419419635914e-09,0
0.9809770501239167,0.00021606800274848466,0.01880686967592692,1.2199210218606008e-08,0
0.9714867153542049,4.979406102462754e-05,0.028463442169885937,4.8415214129695404e-08,0
0.9596118955799517,3.440295802294134e-05,0.04035361261314437,8.884738505491186e-08,0
0.9380182547904511,5.6172790351822986e-05,0.06192546228246965,1.1013528288420432e-07,0
0.923115449980541,4.336629043945346e-05,0.07684103735355796,1.4637549004768424e-07,0
0.9125287695887738,8.553370863228868e-05,0.08738555360680776,1.430962319287474e-07,0
0.9102616481815365,6.15512040928982e-05,0.08967656355895542,2.3705465120809398e-07,0
0.9231511466899434,0.0001180364426466362,0.07673075215451368,6.47143131953002e-08,0
0.9764130032428007,4.70969122950592e-05,0.02353986669980091,3.31443480080301e-08,0
0.9937588484784825,4.5130535195979965e-05,0.006196020492143782,4.924280997388432e-10,0
0.9999851418373219,3.28019883503018e-06,1.1577953706120343e-05,8.66580022217291e-12,0
0.9999959994536752,3.946978265616043e-06,5.3569078222718744e-08,1.4416160557493537e-14,0
0.9999906795344561,9.320340738467287e-06,1.250692609361274e-10,8.41659968035079e-15,0
0.9999322205200989,6.777809368918578e-05,1.3780439926252822e-09,9.725275674665854e-12,0
0.9804753456562364,0.019524636653234163,1.764428304043653e-08,4.573396862271804e-11,0
0.06475625559204874,0.9352437444087074,7.783326844448613e-13,6.823664319771095e-22,1
0.9625612189146614,0.0374386885249181,9.252187734830182e-08,4.022232720386112e-11,0
0.9998111590532583,0.00018881890480695822,2.1740117119893175e-08,3.0047397088064786e-10,0
0.9999333819941075,6.661245966191598e-05,5.546089400333487e-09,6.581939654335974e-15,0
0.9999980511330141,1.939844808364671e-06,9.022241250171974e-09,4.4897864014698476e-14,0
0.9999980596567819,1.925211532631132e-06,1.513199975815595e-08,9.27764400753295e-16,0
0.9999970667310937,2.2606418889108843e-06,6.726265050249776e-07,6.67923236256589e-15,0
0.9999980765042292,1.8117872659116375e-06,1.1170726043747543e-07,4.700784023353258e-15,0
0.9999964673760229,3.4576862143007277e-06,7.493791839041002e-08,5.043864879159466e-15,0
0.9999939993829643,5.947203548998906e-06,5.341335079653707e-08,1.464033929105561e-15,0
0.9999980526609622,1.8747317246718506e-06,7.260742149662716e-08,7.670003241030741e-15,0
0.9999973696283666,2.524555777084963e-06,1.0581411388617861e-07,3.156672447657271e-13,0
0.9997600826583846,0.00023929370822372735,6.236334506354776e-07,1.8397103167692536e-16,0
0.9999968042990207,2.995412594698013e-06,2.0028686549892767e-07,9.631784528797764e-13,0
0.9999966206144366,2.830774466651212e-06,5.486108215289508e-07,9.054098588346679e-14,0
0.9999741923112778,1.1745883729902997e-05,1.4061789661125019e-05,1.5032044549326476e-11,0
0.9984562898720939,0.0006104628700231782,0.0009332469000126418,3.5949743699209834e-10,0
0.8044529056670237,0.0007226649372892099,0.19482433949613012,8.9898284462973e-08,0
0.46440984053982265,0.0018151642989586501,0.5337743841496594,6.110098155970074e-07,0
0.10047470515084438,0.00031667149469559566,0.8992061607590662,2.462594054547644e-06,2
0.021602839599380485,0.0001112277357968468,0.97828250245222,3.4302122058016145e-06,2
0.00402110564612937,4.754460980038465e-05,0.9959275499126626,3.7998322964099134e-06,2
0.0007322510309532827,3.356108055759172e-05,0.9992298324537963,4.355435497367652e-06,2
0.00021752415758056538,3.9359942236078495e-05,0.9997400583499737,3.0575517066468203e-06,2
0.0002310455365123784,4.595845365513897e-05,0.9997159985341203,6.997473946235314e-06,2
0.004116704096337271,0.00020286344493700446,0.9956778202759704,2.612182019385237e-06,2
0.004431599186865768,0.00015819567396671487,0.995407682135387,2.523004658787544e-06,2
0.00255514497138192,0.00023458219726290328,0.9972093379142156,9.349184759405484e-07,2
0.0009112955196421479,0.000129400881396101,0.9989568918750733,2.4117244792638886e-06,2
6.38321193878171e-05,4.474475350469711e-05,0.999885342109228,6.081018454589475e-06,2
2.6699058527380133e-05,3.540044848921654e-05,0.9999300548604043,7.845634115424126e-06,2
1.8299836213607786e-05,0.00025123867460594346,0.9997271500207521,3.311467258186587e-06,2
2.5264133653504965e-05,3.185232009772178e-05,0.9999345502429384,8.33330334727385e-06,2
3.766315432190647e-05,8.401686559800654e-05,0.9998736793396733,4.640641630077841e-06,2
4.914528194498492e-05,4.003664211636419e-05,0.9999049331062005,5.884968325140433e-06,2
1.6661936362490046e-05,0.00010019178885282287,0.9998590154467164,2.4130826831977754e-05,2
2.0897530005539074e-05,0.0038390843903072136,0.9960834994618645,5.651861622904985e-05,2
2.0237473367140475e-05,0.03813706901261052,0.961841290990506,1.4025219250053727e-06,2
4.783579409697256e-05,0.0013048590162885226,0.9986299208934678,1.7384297316000207e-05,2
4.140173769005886e-05,4.668877173831626e-05,0.9999041699420105,7.739547935877311e-06,2
3.0630039371683576e-05,0.00019780853407574552,0.9997668581624444,4.703265408639467e-06,2
3.4074685352858916e-05,3.944945007606362e-05,0.9999194686474967,7.0072177779272055e-06,2
2.1383821099495232e-05,9.063057252040164e-05,0.999880761170965,7.224437003467182e-06,2
2.0946378293205543e-05,0.0002282065282457455,0.9997441499515308,6.697141209879474e-06,2
1.320106414871693e-05,0.00037325005439601053,0.9992650128288604,0.00034853605324848715,2
8.771470404931573e-06,0.0020336066014712047,0.9917396327383078,0.0062179891904736335,2
7.258885930238416e-05,0.03829794559000222,0.937648365703738,0.023981099845815024,2
9.532249316960856e-07,0.8991999282348146,0.06782529065338229,0.03297382788570499,1
6.6956337447501385e-09,0.7653946559921442,0.0002969965535718299,0.23430834076045687,1
4.888564107716027e-09,0.14766332854676192,1.443893912833638e-05,0.8523222276243299,3
1.1290520007370373e-14,0.10987380676761882,1.317575693455362e-12,0.8901261932297705,3
6.365755902004204e-18,0.0577182906823528,3.427199626374327e-16,0.9422817093189163,3
2.1211683852760845e-19,0.011470938163601941,3.424009745248392e-18,0.9885290618370693,3
9.970238171317901e-20,0.0016298536951505722,5.35537979793783e-18,0.9983701463031857,3
4.063381581739666e-20,0.00214519304038644,5.202338100532689e-18,0.9978548069588666,3
9.993980227755457e-19,0.0019015055535501603,3.076070185387816e-17,0.998098494445345,3
6.0575672285288866e-18,0.03965981532101021,4.2208567336771323e-16,0.960340184678274,3
1.2189464160949841e-17,0.3807290346682084,2.7870493866160796e-16,0.6192709653306337,3
1.4844710803806584e-17,0.957149009237516,4.745774634907535e-16,0.04285099076167435,1
3.4028116208263333e-16,0.7977057063487372,3.6170639737802595e-16,0.20229429365157978,1
4.579135639971493e-17,0.8075338736946089,1.568753385830541e-16,0.19246612630414967,1
1.996384168414696e-18,0.6377008484656338,1.0985745342621908e-16,0.36229915153541753,1
5.4531017378940406e-18,0.07838245973215476,3.1019545631170955e-17,0.9216175402682972,3
1.7418791320451686e-19,0.01884228135192417,1.9176745280937418e-17,0.9811577186484193,3
7.687622327856135e-21,0.0017888540744156575,6.970853142663721e-20,0.9982111459237888,3
9.303793445135974e-20,0.0012967475968281056,1.8190876134442323e-18,0.99870325240429,3
4.928279198510619e-19,0.017685295737780184,2.585454086987736e-17,0.9823147042638074,3
7.787573179029875e-21,0.3401857687395538,2.665813899918709e-17,0.6598142312600409,3
4.472138279846002e-17,0.010084701644900355,5.105244236516982e-14,0.9899152983564063,3
7.132899807208636e-18,0.0006943186157018163,7.606241648894416e-16,0.9993056813838023,3
2.3526050452049538e-19,0.004214320018773698,8.86768916219883e-15,0.9957856799825353,3
3.7998933127101244e-20,0.0009097146623751404,9.128522430030352e-17,0.9990902853382548,3
3.405653268144538e-18,0.00025099614631092715,4.404005203780087e-13,0.9997490038548664,3
7.673655973227604e-19,0.0003258727526735618,3.254950835707734e-13,0.999674127245211,3
6.185627635733057e-19,0.00023430674514699282,2.9479029163688187e-13,0.9997656932556468,3
1.617967095489084e-18,0.00019233455420637755,8.121146768659417e-13,0.9998076654442182,3
1.027756541540227e-18,0.00025545667992626046,1.6351903142079543e-12,0.9997445433201749,3
4.701236013259047e-18,0.0001786372542393368,9.850570714801326e-13,0.9998213627454743,3
4.3920893673116494e-18,0.000837206379051658,6.946206656683319e-12,0.9991627936133621,3
3.8257891776968596e-17,0.0003850101553728548,1.3362057881187706e-11,0.999614989829555,3
7.369690288498369e-17,0.00038352509952267587,6.184886809459231e-12,0.9996164748928034,3
1.1465815492199368e-15,0.0015826797864998098,1.2810598532935881e-11,0.9984173201996669,3
2.892855971691234e-14,0.043145566373862805,5.367788630106347e-10,0.956854433090111,3
2.6106307867504346e-14,0.23722019386508245,3.2639725815561515e-10,0.7627798058081063,3
2.2501989231125493e-13,0.021326528805843226,4.497355650529638e-11,0.9786734711474118,3
1.972584967425089e-14,0.037180434635335324,7.211755968356529e-12,0.962819565357631,3
1.9443279876866594e-13,0.3011549830303564,1.517943749561689e-10,0.6988450168162412,3
8.067799625994993e-15,0.5910156096947357,3.4800246957084006e-12,0.4089843903022837,3
2.5537679934479683e-15,0.621231041214137,7.773156801467625e-12,0.37876895877729533,3
2.306172929107757e-13,0.031829617766963664,1.0179219285893002e-10,0.9681703821322329,3
3.938222992679113e-15,0.02401981385040714,3.7032658223099074e-11,0.9759801861119626,3
1.3416282825589017e-15,0.0008781058471195369,2.323965306031485e-11,0.9991218941290646,3
3.785030339432914e-17,0.00030211462348901766,5.266770591459535e-12,0.9996978853706496,3
1.7137649696631023e-17,0.0005274894241572557,4.730617402432624e-12,0.9994725105722618,3
4.5078870645247394e-17,0.0009098791822234121,2.487096830078802e-13,0.9990901208185978,3
3.356273167731489e-15,0.014805634188212319,1.329874541818673e-11,0.9851943657999824,3
1.0802348319588786e-15,0.14203032574306038,5.539134564126253e-12,0.8579696742512096,3
6.2732599354317425e-15,0.02587686600415718,7.238175447488953e-12,0.974123133988303,3
5.217478775470866e-16,0.002355828248165245,5.569791318791468e-12,0.9976441717452941,3
4.517667732531221e-16,0.0007024802779932629,2.8540590751065582e-11,0.9992975196945163,3
4.867745815867678e-15,0.0008539565452398978,8.666423921166918e-11,0.9991460433678856,3
7.875493694356076e-17,0.018503508346600413,2.477254464893049e-10,0.9814964914063636,3
6.239600747118571e-15,0.0009111189057841981,3.71797715135539e-10,0.9990888807212972,3
4.2535384986269476e-16,0.00040918314231111783,7.452373960623881e-10,0.9995908161140791,3
1.6180710641075718e-15,0.000196690768113152,4.959309060267382e-09,0.9998033042724339,3
1.2017033193612053e-15,0.00031703322716637207,7.604537699733008e-09,0.999682959167628,3
8.264019253338391e-14,0.0003340841130314463,1.7897930635585961e-07,0.9996657369073605,3
3.942829598929621e-13,0.000754895603705253,2.9250816816606043e-07,0.9992448118870697,3
2.863016726892049e-13,0.002333952506704076,6.664371237897497e-08,0.9976659808480396,3
7.560045103182428e-09,0.028930011170992094,0.0051471310236872025,0.9659228502454382,3
7.258134980659019e-07,0.1052053103928944,0.14096786180541415,0.7538261019891501,3
2.6686507151564402e-06,0.11837033666923184,0.6036386215700643,0.2779883731108797,2
1.0965622856903037e-05,0.008218554569277128,0.8793931231935294,0.11237735661444652,2
4.589984294121281e-06,0.002960676555619204,0.9753019509145406,0.021732782545111278,2
1.0829846429472449e-05,0.0010322182626448728,0.9958711458606188,0.0030858060311605593,2
6.887033778478328e-06,0.001866063294788867,0.9978364249765529,0.00029062469352050325,2
9.060655430829505e-06,0.009813029017533153,0.9901570635234367,2.0846803478607168e-05,2
7.779854596175565e-06,0.0006568032102584821,0.9992881659398205,4.725099608278963e-05,2
8.386069484682948e-06,0.00019560755779271077,0.9997783909046325,1.7615466390005815e-05,2
7.902805969545482e-06,6.26704193635545e-05,0.9999066602594572,2.276651473612429e-05,2
2.1125631036727065e-05,5.880476026900181e-05,0.9999109244765972,9.145131437126318e-06,2
2.5575946234523622e-05,4.2924765404063004e-05,0.9999228599986364,8.639290278388696e-06,2
1.5189923898810467e-05,5.87360560580637e-05,0.9999174863434931,8.587675389610828e-06,2
2.4359400193645117e-05,4.848341213042245e-05,0.9999184389537612,8.7182356624079e-06,2
9.734413045472163e-06,0.0007855934569714555,0.9991990135062617,5.658625143551994e-06,2
9.084152034234902e-06,0.0001911563965901643,0.9997706225124546,2.913693870688384e-05,2
1.7871800837841305e-05,4.1143729216981126e-05,0.9999261223644342,1.48621065678432e-05,2
3.802944612268585e-05,3.130373278794297e-05,0.999924132688167,6.5341317249439625e-06,2
6.347448081330972e-05,7.404680512425331e-05,0.9998590212230123,3.457491219856296e-06,2
0.0004784886571186906,0.00026514525225814314,0.9992544572677776,1.9088234415372205e-06,2
0.0004610295957663267,3.9588975403434e-05,0.9994954711610914,3.910269536365442e-06,2
0.0004906705375063822,5.4931588833233644e-05,0.9994513953560522,3.002516824412002e-06,2
0.0005915281417376956,4.0203121597748595e-05,0.9993647658637028,3.5028737009530267e-06,2
0.0006695343073981487,5.096666044082469e-05,0.9992761015156288,3.397516365156456e-06,2
0.0014213590400334033,5.1841164787124796e-05,0.9985236272573612,3.172538921303763e-06,2
0.0038615146320583344,7.7367513253603e-05,0.9960578549073806,3.2629483423551177e-06,2
0.005568096101279968,0.0002838251757703653,0.9941449755231838,3.1032002660945773e-06,2
0.007301391393755974,0.0028093814434124132,0.9898885221881473,7.049751986489016e-07,2
0.007091082533731372,0.00018495403362298293,0.9927202496381948,3.713794309833425e-06,2
0.0058650367590199984,0.00023079363648819144,0.993901666281887,2.503324067660979e-06,2
0.00577894489908291,0.00011676538242860999,0.9941012983898687,2.9913297702105104e-06,2
0.0030953561032332705,9.607395711221246e-05,0.9968055389544845,3.0309849752379698e-06,2
0.0003321760945608983,4.089297519058976e-05,0.99962151008634,5.42084395291076e-06,2
0.00025561848519077703,0.0003723102156929898,0.999370550722428,1.52057555544749e-06,2
0.00012368542065167764,4.739129410375936e-05,0.999824829315094,4.093970407523364e-06,2
5.342614711281992e-05,3.8991066836204465e-05,0.9999016047830768,5.978004166928423e-06,2
6.562708584168532e-05,4.3371086627879744e-05,0.999887120951225,3.880877175323647e-06,2
5.7984447239150884e-05,5.893534611864769e-05,0.9998797093790136,3.370827796572934e-06,2
3.1828115712072215e-05,5.856889381767185e-05,0.9999001998003006,9.403190939506022e-06,2
4.011904846613977e-05,0.0020612750627670134,0.9978979395460352,6.663427491416905e-07,2
1.3831307239874747e-05,8.6298182709055e-05,0.9998862626382866,1.3607870591298625e-05,2
1.3963593226173254e-05,4.3836069875567726e-05,0.9999292662530048,1.293408307709457e-05,2
1.791741822363973e-05,2.9969091909610918e-05,0.9999392095375643,1.290395231799111e-05,2
1.190768419974679e-05,3.9911757297317755e-05,0.9999309533641711,1.7227194740534506e-05,2
1.0209816675325141e-05,4.027187379064171e-05,0.999926568635164,2.294967474994835e-05,2
9.501649611886716e-06,4.858442979640897e-05,0.9999144733679585,2.744055431266135e-05,2
7.760039558310953e-06,4.783098179824423e-05,0.9999083107923349,3.609818643874484e-05,2
7.76581008745647e-06,9.152512268589732e-05,0.9998703026217004,3.0406447206064843e-05,2
1.0323143214227033e-05,0.000255803896570377,0.9997171909329101,1.6682027397161915e-05,2
8.968760596622664e-06,5.393460593812434e-05,0.9999078557084679,2.9240926811351773e-05,2
1.2153769025517563e-05,4.882252106154907e-05,0.9999240466528617,1.4977056731482251e-05,2
2.8656542834392916e-05,3.837722879421988e-05,0.9999227453856866,1.0220843536016865e-05,2
0.0003880025699144893,6.039191799343092e-05,0.9995438249176255,7.780593079569623e-06,2
0.012183012483023921,7.135376164608457e-05,0.9877418935929809,3.7401614613922504e-06,2
0.07827189250587145,0.00024263929521425057,0.9214831713600106,2.296839118176991e-06,2
0.44358104324252273,0.0005922921596536757,0.5558257222542298,9.423425707195955e-07,0
0.692258978577425,0.000246317650624938,0.3074943744755474,3.2929568538153025e-07,0
0.919137864514882,0.00019007708333755474,0.08067195100624032,1.073956821533403e-07,0
0.9705961614348639,5.556320427329845e-05,0.029348198419533483,7.694149390713741e-08,0
0.9778708919928067,5.700939512200608e-05,0.02207204183667116,5.6774084468855497e-08,0
0.967539403760381,4.718604777795882e-05,0.032413351946424376,5.824446641995054e-08,0
0.9389735496715587,0.00035022761661128665,0.06067614446539653,7.824585381614506e-08,0
0.859902735661011,0.0026315012391507626,0.13746568059799416,8.250238946937166e-08,0
0.630343522782803,0.003551907711560762,0.36610405357542175,5.15931777213576e-07,0
0.13802006429746053,0.0004883723810845762,0.8614883855353003,3.177784374372758e-06,2
0.022129376929784297,0.00021877673863264583,0.9776484545593873,3.391773334303974e-06,2
0.0051954985835555275,0.0002020628169316908,0.9946008379371827,1.6006632496616487e-06,2
0.002424025619182496,4.4486203458715927e-05,0.997528034113858,3.4540622823960195e-06,2
0.0016202373704045374,6.228897373399553e-05,0.9983145215266065,2.9521293401771114e-06,2
0.0010049920630324923,0.00021312630244197143,0.9987806551062741,1.226529018636043e-06,2
0.0007111892485766122,3.8612548401288474e-05,0.9992457239961383,4.474205746084039e-06,2
0.0022627078238921247,6.07625589515889e-05,0.9976740560153781,2.473602568757301e-06,2
0.010606401625205137,7.732396135194954e-05,0.9893133035058926,2.970906504694247e-06,2
0.046939932604463906,0.00015490059980637457,0.9529018460032115,3.320793265559347e-06,2
0.21550850966020496,0.0006047549182094441,0.7838852104680478,1.52495395730439e-06,2
0.4610584036461126,0.0005973819587028046,0.5383439738815908,2.405145538745685e-07,2
0.9449403541311615,0.00020639144479039996,0.05485322854427909,2.5880911554591212e-08,0
0.9998129703134632,4.6211598092267744e-05,0.00014079458463188963,2.3504873594390392e-08,0
0.998962148045565,0.0010376428711930384,2.0908145316917434e-07,1.7303330371037052e-15,0
0.9999883027005325,1.1298299454185201e-05,3.9898613234211295e-07,1.2409016475972145e-11,0
0.9999886119469894,9.573339726235472e-06,1.8147113130562993e-06,4.637568545452745e-13,0
0.9999361511775257,1.1286344216048455e-05,5.2562473789094345e-05,5.777050801340478e-12,0
0.9997758284798121,6.783150739917787e-06,0.0002173883381787326,3.168162589239265e-11,0
0.9998927553564692,9.810815846839131e-06,9.743381152190899e-05,1.793978347915054e-11,0
0.9999201491168783,6.837778863178424e-06,7.301309273241196e-05,1.2084708588814466e-11,0
0.9999402219805981,9.363286486639663e-06,5.0414730031624326e-05,2.988748137450315e-12,0
0.999964084815608,4.373872898277873e-06,3.154130894402204e-05,3.9498620696503704e-12,0
0.9999646395184854,8.150045534795578e-06,2.7210434269392926e-05,4.387405186281541e-13,0
0.9999911594449865,2.8357163799992368e-06,6.0048394234214735e-06,3.124962821356852e-13,0
0.9999932677318766,2.8725813748387513e-06,3.859685220346146e-06,7.253383073717224e-14,0
0.9999911982364124,2.5586823441670866e-06,6.243079961066166e-06,8.391596356432126e-14,0
0.9999934937725555,2.8918298280825986e-06,3.6143957338467646e-06,9.217331945771852e-14,0
0.9999846260524834,3.5151102164852633e-06,1.1858836089039518e-05,3.3414128185803557e-13,0
0.9999763432858074,7.183927267339988e-06,1.647278427606161e-05,1.8971059661054823e-12,0
0.9998213183627878,1.728065915626386e-05,0.00016140097330048146,3.1754944823045646e-12,0
0.9999822754259309,2.7628221734559065e-06,1.4961739018611939e-05,1.2154050555726656e-11,0
0.9999294534247056,1.9709468417876722e-05,5.083710473268573e-05,8.580967073377735e-13,0
0.9999821840524409,4.348617975182388e-06,1.3467327154852525e-05,1.4382788183146255e-12,0
0.9999838412182237,2.9884272611710623e-06,1.3170353057477375e-05,9.869965783771306e-13,0
0.9999277879859446,7.703039830401903e-06,6.450897269585758e-05,1.9234462786503175e-12,0
0.9999510816520444,7.383305563747094e-06,4.153503325347335e-05,8.301133319294212e-12,0
0.9998642544080153,5.010575510438639e-06,0.0001307349906159862,2.6773163736728747e-11,0
0.9997398893588799,1.1435610530593678e-05,0.00024867497680898217,5.4901663091173155e-11,0
0.9997550016960546,2.0853037543036915e-05,0.0002241451894634059,7.714621016261052e-11,0
0.9995568706689798,1.901421057428849e-05,0.0004241147937795197,3.271286078371995e-10,0
0.9990446788288987,5.138876560633429e-05,0.0009039314658902801,9.381283289121472e-10,0
0.9843295101898443,7.003410313655847e-05,0.015600444915075007,1.0793186229015459e-08,0
0.9420544705006396,0.00017283173164916017,0.057772644534166265,5.323246426007451e-08,0
0.8506625644222916,0.0004893566907416981,0.14884773879482563,3.400922399361036e-07,0
0.04764222299156844,0.0006919655089167814,0.9516647373119421,1.07418712535615e-06,2
0.0021269642952588983,7.610075950040488e-05,0.9977913828137543,5.552131836466409e-06,2
8.884976977432558e-05,7.495579645093182e-05,0.9998295755114673,6.6189231079661575e-06,2
4.2078061674703694e-05,0.0002678645703640244,0.9996862609595949,3.796408119151687e-06,2
5.297904224933629e-05,7.613607104251058e-05,0.9998659561013183,4.928786150517485e-06,2
8.768920170641787e-06,0.0001017629130488681,0.9998634985825745,2.59695845501252e-05,2
1.0473546920975544e-05,0.00017710243664850834,0.9997032972405294,0.00010912677590652649,2
1.0133518741724068e-05,0.0004487193927568908,0.9985210894263333,0.0010200576620915044,2
1.0223032768564668e-05,0.0013785230930635794,0.9819137051009639,0.016697548773312445,2
2.3745563894105604e-06,0.032794694424327656,0.8693765054543828,0.097826425564512,2
1.0033426927528891e-06,0.011913482252174645,0.5303766033068888,0.4577089110999914,2
5.102771315521323e-07,0.01080771501097952,0.06062410881433314,0.9285676658987068,3
8.119586011775188e-08,0.019352197107962443,0.0027288428963105813,0.9779188788000498,3
1.097120780908692e-12,0.07066752956437475,2.1465882139379935e-06,0.9293303238472286,3
2.838760143705928e-11,0.005301076371630922,4.971359917246025e-07,0.9946984264629529,3
2.4247411408791264e-12,0.0030976196595318274,5.953501793708974e-07,0.9969017849872001,3
1.4162466943680822e-11,0.0005106888997406391,1.2278023511286002e-05,0.9994770330627827,3
7.348145516912431e-13,0.0002891130101012962,2.7519857958204665e-06,0.9997081350049117,3
3.767982503732549e-13,0.00034006912897894376,1.1445340055612415e-06,0.9996587863359803,3
3.4034791893145863e-13,0.000834691576999743,2.670497147708447e-07,0.9991650413712613,3
1.391890789996604e-13,0.002900357191457278,1.112570314988581e-06,0.997098530236901,3
1.8101358194806228e-13,0.0002884569163824939,1.5267277474720906e-07,0.9997113904109894,3
2.005821209933366e-14,0.00030240221176084807,1.9852068498343138e-07,0.9996973992690613,3
5.795369917776976e-15,0.00018779909664333862,4.119063372165118e-08,0.9998121597127456,3
6.093610304381758e-16,0.00021610612000620946,6.768160309248208e-09,0.9997838871130845,3
1.073509603006688e-15,0.0001723160447377785,9.295207930746101e-09,0.999827674658661,3
8.630446618504872e-16,0.0001867569015236613,4.979477794611697e-09,0.9998132381205054,3
6.416077907382365e-15,0.00033916634729676677,7.918330741707584e-08,0.9996607544711433,3
2.1516844961216212e-14,0.0002236929124417757,5.37056435478273e-08,0.9997762533805906,3
1.3581102292604068e-12,0.0006973653455382187,1.2824562157829885e-06,0.9993013521977202,3
5.542347883821693e-13,0.00465412504218548,9.3686877759232e-07,0.9953449380894883,3
3.3638062472800494e-11,0.000993468433034689,2.300436760167817e-06,0.9990042310961673,3
3.223575076107584e-11,0.002617606400782205,1.9631343564924146e-06,0.997380430432849,3
3.8745990554154353e-10,0.016638836424055108,1.2345177889236596e-05,0.9833488180094242,3
9.444269680172404e-12,0.34387094720616096,3.870076149667533e-07,0.656128665777224,3
8.422797874084798e-13,0.9900164494227055,2.855006340013701e-09,0.00998354772291609,1
1.3737156875241818e-10,0.32781409008243184,1.232234235591535e-07,0.6721857865552444,3
1.1773835338348613e-12,0.20693243636430517,4.769361216643589e-08,0.7930675159393742,3
4.656290142922979e-13,0.005316223567038453,2.8322257831767558e-09,0.9946837736012222,3
5.005428534774844e-14,0.0023448506955456973,2.5118629102168893e-10,0.9976551490528761,3
6.968466398612215e-13,0.0202006062927839,3.277000863451083e-08,0.9797993609370756,3
1.3610642541179378e-12,0.014403349300631479,8.654300812579185e-09,0.9855966420426998,3
3.381320647657779e-11,0.01317231005361009,8.434183757385481e-08,0.986827605569855,3
6.656534070966441e-13,0.33394727204078073,9.236231715014574e-08,0.6660526355951419,3
7.265309827872523e-12,0.06879117831069434,7.79405890912279e-08,0.9312087437415273,3
7.17229359869475e-11,0.010590808662801265,2.1579397734930072e-07,0.9894089754708917,3
1.6564372923388344e-10,0.026251011909341346,9.969616304320106e-07,0.9737479909638694,3
4.984943206349952e-13,0.9999724584822769,5.909115083802006e-09,2.7535607611484893e-05,1
4.1483612670885463e-10,0.6716269814567645,2.114066097883407e-06,0.32837090406177366,1
3.422258518763495e-11,0.1373214339148056,9.583538264359054e-07,0.8626776076971812,3
3.7459543808957037e-10,0.014645345705548143,2.705432383132416e-06,0.9853519484871015,3
1.0900702438351646e-10,0.010730885410597198,1.6162639736840718e-06,0.9892674982161828,3
3.3658339341088964e-10,0.01893827787675571,2.44340957456196e-06,0.9810592783770227,3
5.961561484705879e-10,0.032398332668136895,8.191273397217832e-06,0.9675934754616874,3
1.7365554055152654e-09,0.23408188395354884,0.001178005821544379,0.7647401084900494,3
5.6671590211756035e-06,0.09306550805268254,0.19332502474883656,0.7136038000388404,3
4.647964088212653e-06,0.013060210058728386,0.2782396261819645,0.7086955157936791,3
8.109486118855723e-07,0.016356034125686203,0.3106561127931444,0.6729870421339916,3
1.0306541927414672e-06,0.028523278699093862,0.38059485042528407,0.5908808402219249,3
7.727696477369688e-06,0.034661642464934785,0.5179971418387156,0.4473334880005755,3
6.165511331957428e-05,0.1322347110790428,0.532768519644657,0.3349351141647268,3
5.1399160497389264e-05,0.7847262373404946,0.21471538220464076,0.0005069812953353703,1
1.3340813201875014e-05,0.9411146654743113,0.05887155367690983,4.4003593696536863e-07,1
2.895119951386474e-05,0.924623385973264,0.07534240430801012,5.258518826270056e-06,1
0.0001908328099141787,0.7795603771533781,0.2202362917411605,1.2498296944770181e-05,1
0.00043674705570152274,0.010870694552980505,0.9881238695104003,0.0005686888793645799,2
3.649636013822342e-05,0.0009002767832012459,0.9990397817401377,2.3445115081294537e-05,2
2.7106691539990793e-05,0.0003300118389138655,0.9996400565933531,2.8248775540994336e-06,2
5.377180553964704e-05,6.740056022799897e-05,0.9998740800488748,4.747586221050814e-06,2
0.0001680394718045175,5.923318775489502e-05,0.9997683290555294,4.398283765356755e-06,2
0.00024036559975456034,0.0012859984681721625,0.9984726672769902,9.68654335861753e-07,2
4.571074851960567e-05,0.0005600430568673826,0.9993005181488085,9.372804569313028e-05,2
0.0003654813519355502,0.016589172411239476,0.9818409549309931,0.0012043913054828415,2
2.3176763106374203e-06,0.9929446534690997,0.007053027524910019,1.3281505348628018e-09,1
5.742819161771516e-06,0.9740376889693594,0.025950662649926466,5.905562263761736e-06,1
2.8949860731440478e-05,0.7855340687019257,0.21381238018713444,0.0006246012520002162,1
8.109498916058126e-05,0.4793186604725052,0.495416197182484,0.025184047356628415,1
8.657705136910018e-07,0.5529020704403455,0.4470908586929405,6.20509791364935e-06,1
3.092265638978601e-05,0.04508008940160942,0.9448327748211762,0.010056213122315907,2
5.605107655689228e-06,0.011101064927293094,0.984590290501678,0.004303039462028318,2
4.192799839080168e-06,0.0018075622444426764,0.9969735173444436,0.0012147276130889703,2
4.01033282792331e-06,0.0022553891623980594,0.9972781801508365,0.0004624203525242506,2
3.808188165948401e-06,0.0008051133662568811,0.9987577629040644,0.00043331554269371097,2
3.3096044740718017e-06,0.0002710545643675767,0.9991369677694959,0.0005886680632333222,2
3.1234706532558653e-06,0.0004560336948150972,0.999104471175176,0.00043637165966100156,2
4.724193295914456e-06,0.00037653086418383975,0.9992431845443197,0.0003755603968694218,2
4.427770471373215e-05,0.001718019853666798,0.9982337700701508,3.93237193313229e-06,2
2.522974871093735e-05,0.0006342876428810539,0.9993369924668273,3.4901402883366103e-06,2
2.5886110582016254e-05,3.446572989551803e-05,0.9999308658258976,8.782332888456141e-06,2
2.71617212049053e-05,4.889624261474296e-05,0.999912276913897,1.1665122989843208e-05,2
5.108940117450842e-05,0.00030259014942658026,0.9995921308370664,5.418961312431294e-05,2
0.0007039642177637148,0.009104692626848855,0.9893213570090628,0.0008699861469015853,2
0.001479193914450312,0.8912773618467335,0.1072424484606073,9.9577727185009e-07,1
3.1296236019075984e-06,0.9999953419245944,1.5284516009006089e-06,1.4716797665793048e-16,1
0.8072072199707645,0.03600640978496103,0.1567653856169487,2.0984626156000372e-05,0
0.9932967470570172,0.0018721330526362536,0.004831114764094018,5.1252672186086856e-09,0
0.9997462667448217,2.9614209261423715e-05,0.00022411896883558558,7.594755068220585e-11,0
0.9999938430126717,2.8743167896457296e-06,3.282671407977686e-06,3.9837170723721853e-13,0
0.9999956349551893,1.86295862199214e-06,2.5020853970450096e-06,1.0003367221839584e-13,0
0.9999901980925819,5.06926690412861e-06,4.732636579400697e-06,2.2846122767678926e-12,0
0.9998276467383482,0.00017114735929689298,1.2059025349867975e-06,2.4194316631259103e-15,0
0.9999873819247391,5.297463587908098e-06,7.320525488683091e-06,8.500165264897838e-11,0
0.9999359929282887,5.93434934940496e-05,4.663575658601992e-06,8.603114064614674e-13,0
0.9998469623468578,0.00014906503213348352,3.9726192241110225e-06,3.060311168740631e-13,0
0.9999636083521981,2.0787027441421036e-05,1.5604604020756933e-05,1.5781020465827046e-11,0
0.9999374273507499,1.5419374847901003e-05,4.715326947445135e-05,3.814189381203719e-12,0
0.9999572071453778,1.457170871949015e-05,2.8221143283274896e-05,2.505423343275931e-12,0
0.9999812351248536,1.055082360677138e-05,8.21405065099029e-06,9.635358646708014e-13,0
0.9999400613588969,6.5582948679779085e-06,5.3380340853531524e-05,5.6915607307606074e-12,0
0.9998557623061983,1.3129500762338076e-05,0.00013110817796138205,1.5425122676917038e-11,0
0.9998379031518276,2.1164899874534388e-05,0.00014093192556946695,2.1855480060963784e-11,0
0.9998895316905876,1.4109814086443309e-05,9.635847987815603e-05,1.4830552079163602e-11,0
0.9999389513186462,7.048856627968974e-06,5.399981632826238e-05,1.0036532777355456e-11,0
0.9999735625535798,1.0729641426127529e-05,1.57078051049125e-05,1.1186716733041514e-12,0
0.9999468554458457,5.766797967064798e-06,4.7377753036388736e-05,2.7433181266361978e-12,0
0.9999838663598892,5.642837519581457e-06,1.0490799578350624e-05,2.9540794974913405e-12,0
0.9999557571683356,2.905770107026923e-05,1.5185128960511608e-05,6.806210099571091e-13,0
0.9999734599361919,2.4488450869439267e-05,2.051608802048653e-06,3.828592499025146e-12,0
0.9998879626339245,0.00011150513885934709,5.322275891533984e-07,2.7552498772723675e-15,0
0.9999948660611063,4.686716452692382e-06,4.472209076147335e-07,1.5989579616553286e-13,0
0.9999963374315254,2.9616947725467124e-06,7.008735646325437e-07,5.564206400924226e-14,0
0.999993231752509,5.7291156426502084e-06,1.039131382468283e-06,4.692622229060342e-15,0
0.9999986625780215,1.3320670791703362e-06,5.3544810413987334e-09,1.7179464302338733e-15,0
0.9999987368327103,1.2258356400499452e-06,3.73303151147687e-08,1.2316206867967403e-15,0
0.9999982953500853,1.5745356064824055e-06,1.3011585978003856e-07,3.1830735000021008e-15,0
0.9999959285715823,3.849363331345041e-06,2.2206546777382354e-07,2.339653024716208e-13,0
0.9997886601468482,0.00021076320908554167,5.766450393306353e-07,3.4689687612313157e-17,0
0.999996845706364,3.0685409360380595e-06,8.57522014159752e-08,9.56557441231065e-13,0
0.9999933083896548,6.51095062768779e-06,1.8066136715978293e-07,7.609002415236861e-15,0
0.9999974816378078,2.3233475563029117e-06,1.9501448527941143e-07,1.9877217763604554e-14,0
0.9999970104044347,2.865612189758965e-06,1.2398441410993453e-07,5.865043682377333e-14,0
0.9999674958752072,3.2458936766764365e-05,4.518736310377707e-08,9.506364603479246e-16,0
0.9999965086560235,3.4726247317736257e-06,1.8717467408843082e-08,4.6856200328428005e-15,0
0.9999984511462743,1.3820316822354726e-06,1.6682197463594042e-07,1.5495293152517893e-14,0
0.9999954633343029,4.418011427103091e-06,1.18654297402804e-07,1.490773123217722e-15,0
0.9999979253901676,1.7402678680244682e-06,3.343424515059535e-07,9.28086950280065e-15,0
0.9999976469144204,1.821599677571357e-06,5.314846695059227e-07,1.2072545719989985e-14,0
0.9999967126913734,2.811081566387941e-06,4.762270767599489e-07,1.391926737274516e-14,0
0.999995149796571,4.20343353160944e-06,6.467689186972882e-07,4.7552074898341573e-14,0
0.9999890577071936,8.857338958219042e-06,2.08495333823384e-06,6.04147769007839e-14,0
0.9999857560319846,3.4390776971641657e-06,1.0804885022089802e-05,5.92595035923654e-12,0
0.9997449409115899,6.152940841688308e-05,0.00019352967654928788,2.584999889204022e-12,0
0.9979562344626763,4.700544659854933e-05,0.001996753889131828,6.202006396153394e-09,0
0.9672452343197555,0.00029370718711367204,0.03246102126464351,3.7227811169669186e-08,0
0.8342303489993407,0.013526347260458283,0.152243299226811,4.513633605019736e-09,0
0.34441165134843316,0.0017698520146995091,0.6538137730984591,4.723538517333723e-06,2
0.10397253670329418,0.00024314422956809274,0.8957810422974111,3.2767700127280936e-06,2
0.020686161913749293,9.46251286604844e-05,0.9792160044296897,3.208529088663723e-06,2
0.00257345433537261,6.416622632693561e-05,0.9973588032107713,3.5762262310391123e-06,2
0.00024989292891692606,3.911853342029289e-05,0.9997060585711297,4.929965481990705e-06,2
3.2251081532188654e-05,4.102402056207516e-05,0.9999166365275624,1.0088370743578089e-05,2
1.8621712259313517e-05,0.0001782132684616118,0.9997893128662113,1.3852154272686523e-05,2
6.159861280884847e-05,0.004163231141431685,0.9957739690582099,1.2011879193354913e-06,2
5.0792888004897085e-06,0.0012335521695305345,0.9987043342701836,5.703427278609576e-05,2
6.2249522052394484e-06,0.00014356561681197518,0.9997932544955246,5.695493719794975e-05,2
3.5178226002915636e-05,6.567054569255122e-05,0.9998895128443017,9.638384807468405e-06,2
0.00017254511694332508,0.00157028582941856,0.9982565615339511,6.075200218350827e-07,2
9.610251277712569e-05,5.2177324078094396e-05,0.9998460886930222,5.631470814221637e-06,2
7.736906914944204e-05,5.572061475508923e-05,0.9998627057463522,4.204570240320306e-06,2
4.588165456135167e-05,0.00010429314018946918,0.9998480697497047,1.7554565031017077e-06,2
2.1462758154055146e-05,7.08382134566486e-05,0.9999021659771905,5.533049794740197e-06,2
1.5160821745590934e-05,6.240470041004067e-05,0.9999090896816002,1.3344797524439087e-05,2
9.10004855995771e-06,9.7965377379258e-05,0.9998789459285221,1.3988646908699513e-05,2
1.6157666364603418e-05,0.00018952419732802008,0.9997791887951408,1.512934018705811e-05,2
2.425961967304078e-05,0.0005219541524576633,0.9994497185839049,4.067643042313927e-06,2
2.0324712735342246e-05,8.697922902457446e-05,0.9998825535947049,1.0142465342461273e-05,2
1.0247611746174061e-05,6.32731999966611e-05,0.9999146431088213,1.183607979525319e-05,2
9.50245566576253e-06,5.0695071537095565e-05,0.999921011729555,1.8790743538149122e-05,2
6.43532980423288e-06,9.784946613366501e-05,0.9998715968511558,2.4118353006333148e-05,2
1.807283218004244e-05,6.733488849513105e-05,0.9999027206202566,1.1871659634637065e-05,2
1.4351727778346563e-05,3.576244297713318e-05,0.9999348125822812,1.5073245839419459e-05,2
1.2482247262330265e-05,4.802668711598994e-05,0.9999192439985954,2.0247066799539188e-05,2
2.9416283240120032e-05,0.0006246757394399206,0.9993417743865423,4.1335906550368775e-06,2
7.102922473347426e-06,9.315444477453038e-05,0.9998663075048508,3.343512756442824e-05,2
3.790990500451123e-05,0.00024676126930098696,0.9997094575197397,5.871304530708844e-06,2
0.00017180267122535883,8.961577598811303e-05,0.9997345586836234,4.022869161988962e-06,2
0.0010967914644898166,0.000799026629212175,0.9981035100500036,6.718553101956792e-07,2
0.0003408964640215554,4.748550038686732e-05,0.9996081950045664,3.42302922051286e-06,2
0.0001588205107994136,6.449532895220033e-05,0.9997733860185409,3.298143316543643e-06,2
0.00014544471056111727,3.595247380501685e-05,0.9998142941563761,4.3086605240862545e-06,2
4.7696795785683706e-05,4.240879319263375e-05,0.9999037359837372,6.158427144378897e-06,2
0.00023079219992147703,3.3641967361744804e-05,0.9997275792434058,7.986588418101464e-06,2
0.004346468401552295,5.638754371525132e-05,0.9955940138933944,3.1301620788715605e-06,2
0.03130089583411515,9.252697576678653e-05,0.9686033845352464,3.1926532856497893e-06,2
0.06852259507623998,0.000625054560485869,0.9308510800527654,1.2703123122350414e-06,2
0.11787773147294377,0.00032192506941337054,0.8817985377822434,1.8056761853583742e-06,2
0.2248418942112723,0.0001720499649553278,0.7749840848618323,1.970961139506105e-06,2
0.3679193156257258,0.00022764259142943195,0.6318516837716538,1.3580116622371651e-06,2
0.5987501419718693,0.0002716905559452279,0.40097734073330304,8.267378900240671e-07,0
0.7509877122472487,0.00014606541619631934,0.2488655998086151,6.225293078562576e-07,0
0.842492580451448,0.00023104071115495625,0.15727608912484642,2.8971093468268983e-07,0
0.9073436012082291,0.0001834584494471488,0.09247282159888368,1.1874256802778729e-07,0
0.9592604740127936,0.00015321828030213938,0.040586266724163426,4.0984276355892526e-08,0
0.9801668042519117,3.0817612831852755e-05,0.019802339170957292,3.89656440476113e-08,0
0.9886225519737631,1.6075420989569812e-05,0.011361343339849011,2.9265241842716022e-08,0
0.9916706100233681,3.743592911601885e-05,0.008291944306817971,9.739094424483108e-09,0
0.997483731193724,8.728730766771435e-05,0.0024289800859392334,1.411823950126877e-09,0
0.9994396797021156,1.0928815487927938e-05,0.0005493876489593651,3.833207358470673e-09,0
0.9993621386026919,0.0001327598779024125,0.0005050525456758268,4.8972528231376505e-08,0
0.9898632157331576,0.010093812697028505,4.297157141191854e-05,2.1163559093289575e-14,0
0.9995685017646697,0.00014916447926979396,0.00028232431384181216,9.441549863917879e-09,0
0.9999089157802113,1.5844829695956243e-05,7.523932583154102e-05,6.297888068249457e-11,0
0.9999636773257685,6.613991400714493e-06,2.9708682615594618e-05,5.619163392451935e-13,0
0.9999987343770778,1.2232092535627814e-06,4.241297399703963e-08,1.1458475600218533e-14,0
0.9999982363894651,1.690358321413187e-06,7.325379539486942e-08,1.4167332999572316e-15,0
0.9999986197226893,1.3079923129975806e-06,7.228364964495442e-08,1.6963077381138361e-15,0
0.9999985462792772,1.3820729373238902e-06,7.164727604373022e-08,4.5366697301159354e-15,0
0.9999869058394874,2.9120940569946687e-06,1.0182066727765593e-05,2.477243875356056e-13,0
0.9999785067247734,1.2753587986454755e-05,8.739688197124978e-06,2.104940894407545e-13,0
0.9999309012791885,3.540901336357915e-06,6.55577492931738e-05,7.04215371627183e-11,0
0.9975451944036945,2.26592268346205e-05,0.0024321455660278107,8.036307547638015e-10,0
0.945984804077471,0.0002943193177336724,0.05372085693341085,1.967000419453729e-08,0
0.4717362340895217,0.0005128251191105985,0.5277506619726636,2.788179988273888e-07,2
0.1673798233325668,0.0003077486114869186,0.8323104879794897,1.940077431397236e-06,2
0.02190465327041109,0.00017452191678456454,0.9779172043588021,3.6204547966480342e-06,2
0.0032177841599572168,5.831215579318286e-05,0.9967198370935196,4.066592054537342e-06,2
0.0004381468262506453,4.0351009028253406e-05,0.9995160968370458,5.405328955815892e-06,2
0.0005415145930967719,6.54840517454687e-05,0.9993912746511588,1.7267021982761705e-06,2
0.0005501160406459827,4.398919255400892e-05,0.9994026385369753,3.256229416392699e-06,2
0.0003451923425495452,4.5003947574227575e-05,0.9995829102374503,2.689347222185602e-05,2
1.144864843574423e-05,0.0001281751197097355,0.9988208128917535,0.0010395633386050414,2
5.772471206949316e-06,0.0002987713554706516,0.9934474895468832,0.006247966627892385,2
4.317337379607684e-06,0.0004257036270067775,0.9805489326288228,0.01902104640586794,2
3.859222861378618e-06,0.0008246343834801752,0.9558569460895567,0.04331456030243351,2
2.3627746505526164e-06,0.0015286922706786435,0.916057615973158,0.08241132898065716,2
2.7735241728794034e-06,0.0016032496900358474,0.8909593064085135,0.10743467037885902,2
2.6777666925261005e-06,0.001790694907418774,0.8571131058784555,0.14109352144853732,2
5.396204407392012e-06,0.0028778595845538415,0.8194773920679375,0.1776393521438997,2
1.1403451706151611e-05,0.02134613646285391,0.6968273818934215,0.2818150781925724,2
1.4453198232188627e-06,0.19118990511498624,0.35308315638406607,0.45572549318162514,2
1.1060348690797864e-08,0.020601359806535092,0.017903903350664087,0.9614947257809643,3
1.867167833119741e-12,0.0012624581685583942,7.463172833493027e-07,0.998736795511721,3
7.759303394099506e-15,0.000632945777631771,8.373106786626674e-09,0.9993670458481403,3
1.9514079002840363e-15,0.00030201658366491035,7.330962591101033e-09,0.9996979760853446,3
2.121811921220557e-15,0.0001726861238813991,4.8261014081795e-09,0.9998273090503025,3
7.983096745483456e-15,0.0004710717228662993,4.955521764152811e-09,0.999528923323322,3
6.29864454079147e-17,0.004631895649931421,3.947688097278298e-12,0.99536810434521,3
7.034469857475262e-17,0.0058743757511618,1.7741269629146003e-12,0.9941256242472338,3
1.8260855531141636e-16,0.000463155179489863,3.0924468757929663e-13,0.9995368448199236,3
2.72636996534519e-16,0.00343089051004247,1.2056724673484189e-12,0.9965691094880524,3
2.2651715074159887e-16,0.09437998411890493,5.184145364386608e-12,0.9056200158754242,3
4.708235923851118e-16,0.016929679759155002,4.342747685796041e-12,0.9830703202350219,3
4.1138602310827704e-17,0.0006710041658871068,4.124882257817336e-13,0.9993289958333338,3
1.7600835808277295e-19,0.00031892546129620974,1.8363372630460108e-14,0.9996810745373775,3
2.4262721181752317e-19,0.0002031286908589262,3.7533545153919856e-14,0.9997968713093475,3
8.116840460615643e-20,0.00025789833379380185,2.3911813172621315e-14,0.9997421016663789,3
2.807529148204935e-19,0.0002630668682768345,5.490414980530622e-14,0.9997369331322918,3
1.008352509139299e-19,0.00030710868934952397,2.5928169704854174e-16,0.9996928913108136,3
7.712173521125708e-19,0.004190659559072133,5.458362296986721e-15,0.9958093404426783,3
8.878067117499108e-19,0.0015725284091486391,1.985350232711175e-17,0.9984274715899327,3
1.2417600107353057e-20,0.019943673142880494,1.6059462226449462e-17,0.9800563268560573,3
8.385347564778933e-20,0.0036111213981011333,7.05984069477321e-18,0.9963888786023519,3
1.1776271203928199e-20,0.0011954832101323005,3.4556030230124828e-18,0.9988045167909394,3
1.0232533024598415e-20,0.0005755664443034028,2.511592877348851e-18,0.9994244335568698,3
3.239813517905847e-23,0.0016767707824992017,1.0200533529211098e-21,0.9983232292157491,3
1.114277913765881e-22,0.0021837898118604645,3.579970992886473e-21,0.997816210189305,3
1.0107658644319092e-22,0.0007015376405255112,1.5528967138748614e-21,0.9992984623601963,3
1.2578559558553104e-23,0.0006873589017031949,8.249630354493128e-22,0.9993126410972389,3
2.0091717206849358e-23,0.0005502821459108979,1.1051476248430782e-21,0.9994497178530735,3
1.2839966466081528e-22,0.0006554392760132949,1.6427147842061992e-20,0.9993445607239682,3
3.252902335056391e-22,0.0006199120598881753,4.479096891254152e-19,0.9993800879397372,3
2.005432232191153e-22,0.00031859369123536576,2.5435088755761143e-19,0.9996814063098428,3
2.1409443915569067e-20,0.00022865524497436723,2.2198822171949204e-15,0.999771344755015,3
5.80815615073501e-20,0.00020776695941468994,9.4794804645558e-15,0.9997922330391313,3
4.0704541565391186e-20,0.00021092109724458018,9.44438507160711e-15,0.9997890789025554,3
3.347472611295061e-19,0.00021635207211527724,1.1051727275757582e-13,0.999783647927691,3
4.920128034707525e-20,0.00021479616794826153,3.0694016269731733e-15,0.9997852038322281,3
1.241866126614317e-21,0.0003688101623692483,3.644773929994876e-17,0.999631189836411,3
3.6246115906569374e-20,0.00025562852632834764,2.12245245912814e-16,0.9997443714732397,3
4.721861435281246e-18,0.0013118567799822755,4.148372165452425e-12,0.9986881432164794,3
2.32090343387935e-17,0.00021999278018749405,5.525048346944675e-12,0.9997800072145211,3
1.8245695846362846e-18,0.00021951488144193894,6.080631906026657e-13,0.9997804851180642,3
1.0484363860453953e-18,0.00038339579951624,1.01298770472674e-12,0.999616604198813,3
1.5186289438426408e-18,0.00021065215826554818,3.399551608392671e-13,0.9997893478416457,3
1.5714883499063402e-19,0.0002787650269616874,6.0022445406997025e-15,0.9997212349712147,3
9.780888477563972e-20,0.0012307666104178286,6.314602161605869e-15,0.9987692333912286,3
1.0621164218584243e-17,0.0008804737376294083,1.865444941432274e-12,0.9991195262589231,3
6.418891470158088e-17,0.0004027080689487504,1.8673702798062737e-11,0.999597291913173,3
2.0656043684402318e-15,0.00022763592177451068,5.862388062839527e-09,0.999772358217433,3
7.408868746565658e-15,0.0002712617250073774,8.429644343524178e-09,0.9997287298451483,3
3.283509078272226e-15,0.0011329591025353767,1.6626704972879768e-08,0.9988670242698633,3
3.4054202734034713e-15,0.00028722326399627235,6.167639484791583e-09,0.9997127705682504,3
1.2373105471290718e-15,0.00016187382238086874,3.577042370209999e-09,0.9998381225991736,3
1.3050170133944085e-14,0.0003754143535945939,9.482904235412646e-09,0.9996245761646269,3
5.472719052663312e-16,0.0047941508733075015,8.13072217678287e-09,0.9952058409947524,3
7.398582714330616e-15,0.0003063340475592343,1.6064967021754436e-09,0.9996936643442197,3
4.998749197403967e-15,0.00026526796161000074,3.5875377777457825e-09,0.999734728452137,3
4.2337279297831394e-13,0.0010906730616609384,3.854075345443099e-07,0.9989089415307232,3
3.827891182357358e-12,0.0023675947351474032,1.2249852987761146e-06,0.9976311802755748,3
2.0804844920405546e-14,0.001990744653878041,2.0920603500836764e-09,0.9980092532551232,3
4.380179553519745e-13,0.0006421669150927192,1.6916813585594946e-08,0.9993578161670025,3
2.130781725644631e-14,0.007791919120373305,1.1422479064762465e-07,0.9922079666535013,3
6.596426351551133e-13,0.0005822634177827632,2.1428733528251388e-07,0.9994175222943945,3
1.1007166079983e-13,0.00032922275539213225,2.8997225116884475e-07,0.999670487272718,3
9.724238771619367e-14,0.00036175364381194465,3.748408260224995e-07,0.999637871513878,3
9.38862301478172e-13,0.00046424749118590926,3.6706147930668256e-06,0.9995320818935781,3
1.391161605376848e-12,0.0005515551081682301,4.328366402128556e-06,0.9994441165227438,3
1.2106963960234957e-11,0.00040738653322454875,1.4577633071633488e-05,0.9995780358200498,3
2.030668045040771e-11,0.0011796173358364546,3.5279832693656166e-05,0.998785102812447,3
5.864067865033035e-11,0.0007583988497398204,2.7492360681484144e-05,0.999214108732287,3
2.706550393474379e-11,0.001460900718936497,5.332335837356153e-05,0.9984857758964452,3
4.331368200218361e-11,0.0003967838389007618,4.432589383395621e-05,0.9995588902254554,3
1.6595808763501648e-11,0.0003362287278762224,3.0148619730535546e-05,0.9996336226368444,3
5.503512665730118e-11,0.0005039973388254874,5.098266995472088e-05,0.9994450199347236,3
6.258983888108022e-12,0.001858378464074091,2.064693921562366e-05,0.9981209745909436,3
1.3702231881268418e-10,0.00038927708335605523,5.193460692790148e-05,0.999558788174259,3
4.558682931841841e-10,0.0009272596199709969,0.0005894198920553663,0.9984833200336584,3
1.5903320536734394e-08,0.009613228854686117,0.017062903097223532,0.9733238521436116,3
2.1185390692474236e-07,0.1809044995173203,0.08845498614547852,0.7306403024828756,3
1.7766151574477334e-05,0.031555280064459776,0.777942640339568,0.19048431344362152,2
1.1515821424001198e-05,0.002566578356854985,0.959033588613669,0.03838831720970095,2
8.408419905511249e-06,0.00022696475432125045,0.9771641465538886,0.022600480270925982,2
7.28353412345171e-06,0.00019729024375363588,0.9787590832431343,0.021036342980267644,2
6.839975502506612e-06,0.0013085829381650092,0.9702876477445899,0.028396929342450986,2
4.7568766448460586e-06,0.003633004956702315,0.8884901819748912,0.10787205619104366,2
3.782258465453789e-07,0.010745693459194584,0.2696580656029562,0.7195958627131624,3
8.18947580242238e-08,0.004254183587798579,0.07307782483537445,0.9226679096808136,3
1.9206001789458613e-08,0.0015171122978531544,0.014976421023084588,0.9835064474717008,3
3.914992583407145e-09,0.0006539471837720955,0.003052705777342982,0.9962933431232693,3
2.200428917371142e-09,0.000555798275416611,0.0007361083143643975,0.9987080912115336,3
4.852102594879449e-11,0.0018816028776617027,0.00011106734957353503,0.9980073297254491,3
1.6128578519989166e-11,0.0003513007902316011,2.134866910855131e-05,0.9996273505260057,3
5.988581639849888e-13,0.0003013112940685279,4.555827507975947e-06,0.9996941328779287,3
1.1124865040156691e-13,0.0002262494892021699,1.3457548766186058e-06,0.9997724047547767,3
7.005527924129549e-15,0.000172460013953696,5.6204914922032724e-08,0.999827483781364,3
2.48381409798147e-14,0.00027327716103406,3.2906545237202385e-07,0.9997263937752268,3
1.446410112154694e-14,0.00022503814822674812,1.6237272814854815e-07,0.9997747994795677,3
9.901499127783448e-14,0.0002058401854553956,4.517967752577532e-07,0.9997937080177839,3
6.890267900479325e-13,0.0006304895686845491,8.478416095454714e-07,0.9993686625873607,3
4.38876083392745e-12,0.0044617883227420505,7.333858313028187e-06,0.9955308778144092,3
3.863321616253964e-11,0.0008908630927049175,5.693219410710886e-06,0.9991034436510123,3
6.910982278193902e-13,0.001179047657525734,2.5897323039168606e-06,0.9988183626110919,3
1.0806594682587317e-12,0.00027362057368942477,3.074225363233479e-07,0.9997260720040803,3
8.125421231214731e-13,0.0021468316894290343,1.2133084052023784e-06,0.9978519549997301,3
2.5456588203368157e-11,0.0012654027782153523,7.943269069334504e-06,0.9987266539256882,3
1.645775676425313e-11,0.0014919582882138844,1.1335170205176424e-05,0.9984967065237373,3
6.221277089635207e-12,0.0010131296747941075,1.1115048390053482e-05,0.9989757552706955,3
6.237699652047366e-13,0.0002972799903359045,1.6787607135830992e-06,0.9997010412489133,3
1.2446804335124076e-13,0.00024103811090845693,9.783993889393861e-07,0.9997579834903162,3
1.249378149036238e-13,0.000314175952169308,2.0710667129366974e-07,0.9996856169413564,3
4.2582926849944504e-14,0.0018241004045092806,1.6652308363663687e-07,0.9981757330714431,3
1.2662576773337394e-12,0.0008880040900911152,9.947437390888988e-07,0.9991110011652384,3
8.222587908454313e-13,0.0003793751793009599,1.1593976434350729e-06,0.9996194654235768,3
3.4041864382574605e-13,0.0005540456606312211,1.7457461042412448e-06,0.999444208592439,3
5.530486407431991e-13,0.0004337202289436019,1.8937720011518518e-06,0.9995643859981341,3
7.046865416234009e-13,0.0003835978090391629,2.3231021012684384e-06,0.999614079088975,3
5.435111789905164e-12,0.0005845287378493365,1.2671772480743097e-05,0.9994027994831957,3
3.676822421512895e-10,0.0005752770564286114,0.00025857090876657427,0.9991661516683166,3
6.33977377546143e-10,0.00187169906155826,0.00044149447613636705,0.9976868058281217,3
1.443666012420423e-09,0.0017534006740548055,0.000529114577344523,0.9977174833047524,3
1.7407068066628355e-09,0.0006523571844165754,0.0005662797130846723,0.9987813613618823,3
5.783972667904504e-09,0.001089303010127698,0.0014566162587997425,0.9974540749488138,3
3.7596481524931575e-08,0.010222587012577555,0.0023328661556463225,0.9874445092370228,3
3.075901132727975e-08,0.017471976426835813,0.000955797935834661,0.9815721948793168,3
9.992946636275033e-09,0.05792455929084419,0.0012451208002889147,0.9408303099150525,3
1.05842523398255e-08,0.017818147583292733,0.0005428036225947967,0.9816390382098238,3
1.1400688957996398e-09,0.006082647339874984,0.00016301025047318402,0.9937543412692247,3
3.522325499131325e-10,0.00249979876565495,3.9527562379584866e-05,0.9974606733203801,3
5.7317362603597045e-11,0.001756633477978404,2.8597803348231823e-05,0.9982147686604058,3
2.5354109374073084e-19,0.0005648694126174352,1.2586372683625678e-16,0.9994351305874902,3
4.6996800045819006e-20,0.0021463368592390445,4.254412379281308e-16,0.9978536631423155,3
1.9797498416307833e-19,0.0002915271241062392,2.8340799204361056e-16,0.9997084728745589,3
7.767958000474618e-19,0.0007964000502738036,1.2630795656752118e-15,0.9992035999507917,3
2.762318792702225e-20,0.012632600849334465,1.049575235937528e-15,0.9873673991489723,3
7.988694339670742e-19,0.0008366272960853912,2.9899626307233033e-16,0.9991633727056218,3
5.074891994223947e-20,0.000671055784965609,8.944599767021005e-16,0.9993289442159707,3
5.613395118547182e-20,0.0004305126310627714,2.819997947464394e-15,0.9995694873701851,3
3.710646585584526e-20,0.00026740273646711816,3.0179409042556093e-15,0.9997325972625476,3
1.4915323119284568e-19,0.00023261314636131286,1.485326018076474e-14,0.9997673868522572,3
1.802887064181399e-19,0.00037769198374281744,3.577257301829663e-14,0.9996223080152942,3
7.076917857870117e-19,0.00037627782491430944,8.082637613058264e-15,0.9996237221755189,3
9.14416513498403e-19,0.0014563735450690764,5.958902992756144e-15,0.9985436264565478,3
1.0167697917856992e-16,0.006993178536041662,3.115319772802495e-14,0.9930068214628629,3
1.9113775186183341e-16,0.14182412373102826,3.964361868734341e-12,0.8581758762647195,3
2.0647099842861124e-15,0.08761779688803772,4.738188074207764e-13,0.9123822031130848,3
3.063387661029357e-16,0.04254333977027884,1.0233717019593982e-13,0.9574566602311493,3
2.8524184901421596e-15,0.008167807433016979,1.9766233093527264e-13,0.9918321925669031,3
1.742152889002907e-11,0.03356859862724834,1.4830109861599577e-07,0.966431253052998,3
2.8087861404900383e-11,0.6651256384354908,7.711502499617944e-07,0.33487359038772796,1
1.898101230875283e-28,1.0,4.227621432224028e-29,5.36900246303776e-32,1
3.5273595311053093e-11,0.9999758447782131,2.2788210797029597e-08,2.413239959541943e-05,1
2.2703189286543402e-10,0.9374086901553341,4.461491480281285e-06,0.06258684812764187,1
3.521799215454608e-10,0.13791449689493773,3.418089735775338e-05,0.8620513218566302,3
2.7873130955650104e-10,0.005159282659015842,1.1872611531385817e-05,0.994828844449817,3
9.721587280110707e-10,0.0010379220331118524,0.00014819950258954418,0.9988138774935871,3
1.0189905755178271e-08,0.0031035150694897176,0.004145685934001309,0.992750788806853,3
4.535975652581272e-08,0.002061541771120338,0.011308074481168169,0.9866303383883323,3
5.096870993068254e-08,0.012991822307363319,0.03497320355316023,0.952034923171583,3
4.290502448053241e-07,0.02597905121843021,0.16240016197589138,0.8116203577561578,3
1.0391321835864688e-06,0.0402399416885619,0.5262167630566998,0.4335422561210009,2
5.720898767880827e-06,0.01093704969116263,0.8992210687567499,0.0898361606547931,2
2.860195925035167e-06,0.01028455448272795,0.9846309499536515,0.005081635368422394,2
1.0937404528339587e-05,0.0006471996302007392,0.9989611064071746,0.0003807565586371093,2
3.813458201962017e-06,0.0003398085142984581,0.9993119141291031,0.0003444638967839356,2
6.986364294185737e-06,0.0011801594324916374,0.9986792214205124,0.0001336327834952942,2
2.6937560294510874e-06,0.001345959955984717,0.9984542357221778,0.000197110567273092,2
2.571275586487672e-06,0.000993615123958844,0.998607906341184,0.00039590726043487,2
3.87794861962168e-06,0.00019381007382571617,0.999424258736267,0.00037805324080502636,2
5.2303202122483126e-06,0.00010666876192441709,0.9996640687402191,0.000224032178977205,2
5.931792825283254e-06,8.138863368990383e-05,0.9997843112025564,0.00012836836939360543,2
5.330652959677741e-06,7.932747355953522e-05,0.99982009231822,9.524955440968046e-05,2
7.624806317207203e-06,5.810264720018726e-05,0.9998619386422672,7.233390581803912e-05,2
3.4155009112364274e-06,0.00022494661288994844,0.9995739764370872,0.00019766144800958434,2
6.99831585907533e-06,0.00013347410199394578,0.999759908797459,9.961878546139292e-05,2
8.257669429032878e-06,0.00010357209575492319,0.9998166741812815,7.149605207260565e-05,2
3.0441664131072984e-06,0.00022403966693207103,0.9995315020094554,0.00024141415857833781,2
3.385108941218881e-06,0.00020409340327878672,0.999617189503546,0.0001753319829037191,2
9.256347853237655e-06,0.0001587772721504424,0.999815929816596,1.603656376065152e-05,2
2.830227581603516e-05,7.992952810682672e-05,0.999884341205531,7.4269889654112556e-06,2
0.00012148579286009146,0.00016367644389047036,0.9997109010950646,3.936668120524099e-06,2
0.004674949675877194,7.993650725021338e-05,0.9952421405890183,2.9732276404307655e-06,2
0.02217740667287615,0.0001324970606876904,0.9776849928800073,5.103388135455338e-06,2
0.19206373361125353,0.0026092803335324146,0.8053264409724568,5.450826325338826e-07,2
0.7340078415124927,0.00204325947461889,0.2639385410375115,1.0357975174196415e-05,0
0.8991004084976049,0.030095537237653566,0.0707999564531205,4.09781103869086e-06,0
0.8852594426918875,0.06350413560839926,0.05120653437003046,2.988733135912935e-05,0
0.02198119673401877,0.9776153072904863,0.00040349315970858755,2.8155057971303453e-09,1
6.076720731587046e-12,0.999999999992724,4.645960739524173e-16,8.539520437794603e-26,1
2.941989500204996e-10,0.9999999997053237,4.060854892877399e-15,5.998495697342893e-25,1
0.8415044580077913,0.15782014911415526,0.000672339830667711,3.0530465854620693e-06,0
0.8852246653123312,0.11476729409809314,8.040540091270942e-06,4.8171882463167086e-11,0
0.9971961148901411,0.0027789085030330706,2.4975700482873766e-05,9.049033970953895e-10,0
0.9999799534170332,1.7487926754619606e-05,2.55862920013391e-06,2.6669444069338026e-11,0
0.9999967636665661,2.11380681771926e-06,1.1225248080947782e-06,2.0748358000662795e-13,0
0.9999964445914424,3.2144245620666154e-06,3.4098435368884964e-07,5.835581518627546e-15,0
0.9999978028960448,1.8639201636733696e-06,3.3318327860502034e-07,5.65362195851036e-14,0
0.9999866495945623,1.309270294807349e-05,2.5769809868552327e-07,5.17202598322506e-12,0
0.9967635176466508,0.0032164970242577677,1.998264895160919e-05,2.681404766006292e-09,0
0.008034418020634914,0.9919651016898264,4.80288239867176e-07,2.219247492399165e-17,1
0.9719807551753613,0.023571142700133666,0.004446196400174926,1.9057251533264225e-06,0
0.9914864614636701,0.0007256149928896276,0.007786731248151963,1.1922958165024365e-06,0
0.9883252286075487,0.00013325035417732854,0.01154149773702556,2.3300197568354198e-08,0
0.9769503652329753,7.539638037760265e-05,0.02297415520723009,8.31802514004621e-08,0
0.9155115016565588,0.00034120594513078106,0.08414714991807018,1.424800361139766e-07,0
0.3654281350591596,0.0028932607809854377,0.6316783783029967,2.2585671566972717e-07,2
0.0105755818131281,0.0008526988136162986,0.9885606995060197,1.1019867264845963e-05,2
0.0004209099316492205,0.0024406829334824003,0.9971325791556819,5.827977745579294e-06,2
1.0354927517406935e-05,0.00013875602704479237,0.9997786974965064,7.219154733335475e-05,2
7.550877948040697e-06,0.0005033087760965648,0.9994382006390253,5.093970795330966e-05,2
1.0554373700864835e-05,0.010042919613189658,0.9899226957668243,2.38302478418101e-05,2
9.879566549868033e-06,0.02024554079664923,0.9797118598470573,3.2719788956675526e-05,2
2.2355362231009314e-06,0.07032722944201686,0.9296593193807241,1.1215640759695274e-05,2
1.2836684505619797e-05,0.00621100629512658,0.9932526181083338,0.0005235389129268287,2
3.2753111283380313e-06,0.0019568107160772967,0.9973040800219161,0.0007358339500102591,2
9.327710070442444e-06,0.004940710331442834,0.9941618928320153,0.000888069124846237,2
6.448674049964855e-06,0.0618818676378059,0.9381056969162573,5.986770260285792e-06,2
2.0329762736112732e-05,0.002909184309157716,0.9969837700755255,8.671585323566933e-05,2
4.386219458250214e-06,0.000505938202597496,0.9994136951121084,7.598046554924491e-05,2
4.42004620724008e-06,0.0007835575592680884,0.9992058684478002,6.153945622146949e-06,2
8.544607608102593e-06,9.537443829996618e-05,0.9998603668135017,3.571413918307462e-05,2
8.608946068303091e-06,0.00025902355542286194,0.9997180239475485,1.43435511437713e-05,2
6.333874801604124e-06,0.00014833294678415044,0.9998232027409285,2.213043757823063e-05,2
3.442793667099551e-06,0.0008762566691219942,0.9991168245810781,3.4759555955023505e-06,2
1.0420220721923555e-05,7.909285003935521e-05,0.9998820100064257,2.8476922265130208e-05,2
8.297040579929408e-06,0.00019699155500357542,0.9997501794715742,4.453193250969368e-05,2
1.4123826642842243e-05,0.0025947801212779843,0.9973844424313458,6.653622476511901e-06,2
1.2691512151368948e-05,6.969929554014482e-05,0.9998943569407472,2.3252252844611978e-05,2
8.713696335984919e-06,4.792436879128062e-05,0.9999174465618405,2.591537334371818e-05,2
6.330302284845294e-06,0.000140304921470517,0.9998306034004956,2.2761374137903016e-05,2
4.520676829729364e-06,0.0004860789156441575,0.999495178931566,1.4221476925708783e-05,2
6.930339826954393e-06,0.0003573689895963186,0.9996314056490253,4.29502038011554e-06,2
6.551079323524323e-06,0.00019008455041033792,0.9997089793519209,9.438501811185715e-05,2
6.056978985178505e-06,0.0008967707435999531,0.9989748789328413,0.0001222933445260147,2
3.433332097551651e-06,0.003838362204586982,0.9956050554110104,0.0005531490532893195,2
2.5477561445854392e-06,0.024311837114891897,0.9756799041846089,5.710944008663821e-06,2
5.87679329881672e-06,0.004646437995970602,0.9929136838599314,0.0024340013512092456,2
2.6253387112809795e-06,0.011651396467767675,0.9848885166133824,0.0034574615785000645,2
3.045500984359049e-06,0.02359887972354748,0.9596553470584852,0.016742727716205656,2
1.0601408888937619e-05,0.03094200780515573,0.8551852511147291,0.11386213967264508,2
4.778951601185982e-06,0.15448443306754106,0.637666784699443,0.20784400328318375,2
4.875027770337148e-06,0.17603750069111512,0.22032978810758616,0.6036278361753129,3
2.5319433790598697e-06,0.3046818857701684,0.05741184093926081,0.6379037413483809,3
3.997646025544858e-12,0.9999991860062112,7.25080237321675e-07,8.890994597877107e-08,1
5.442964524913058e-09,0.9999481704697794,3.550454875022888e-05,1.6319539871363384e-05,1
8.869121728985222e-09,0.9994423730867515,0.0004412165572725587,0.00011640148628294254,1
1.7716740352242472e-06,0.9052212600134981,0.07755508949525694,0.017221878815786396,1
6.0348901279401404e-05,0.035261093847639,0.9402740964673436,0.024404460782618112,2
6.975202894478988e-06,0.002008281245562787,0.984821421757807,0.013163321794272,2
6.206106209231822e-06,0.0006494608171002225,0.995098210740311,0.004246122337106868,2
4.411394624355982e-06,0.0002788649925996597,0.9978441705602971,0.0018725530529697144,2
4.44500088537523e-06,0.0003134818789886295,0.9994742998825329,0.00020777323864254395,2
5.0155799231003675e-06,9.293078945645958e-05,0.9997357727157087,0.00016628091596691426,2
4.124250740561026e-06,0.00012557090890349937,0.999752927503571,0.00011737733657328847,2
9.655995088154082e-06,0.00016041113595576193,0.9998169300189194,1.3002850548974798e-05,2
4.76456134301584e-06,0.0009744625927469073,0.9990142582662499,6.514580542241792e-06,2
9.592803123533127e-06,6.904469005383356e-05,0.9998987519575335,2.2610550245508847e-05,2
5.713015244746397e-06,0.0001429595745002952,0.9998354796424286,1.5847766749210706e-05,2
7.105011825963977e-06,0.0001161089412950281,0.9998298032901765,4.698275799573295e-05,2
5.448332227240095e-06,0.0004448199486035474,0.9995438020160871,5.929702308035652e-06,2
7.287056853782164e-06,6.248381742541611e-05,0.999902223593501,2.8005533289542836e-05,2
1.9675674196770654e-05,5.076410377522322e-05,0.9999215787112182,7.981509160964149e-06,2
1.2418615786665191e-05,9.942052398101863e-05,0.9998842522199526,3.908641217052273e-06,2
1.285597331236899e-05,0.00010064168572067865,0.9998422436794892,4.425865978921931e-05,2
2.7906118956558145e-06,0.000874715584935554,0.9977603422124344,0.0013621515912379232,2
3.7143580247232575e-06,0.0009208370232602543,0.9929073829262557,0.006168065692328563,2
3.947208872034592e-06,0.001296556006174089,0.9827068246633458,0.0159926721198585,2
5.348514613488457e-06,0.0026376670268797933,0.9437948841287602,0.053562100330650855,2
6.682467087210287e-06,0.012285192456463546,0.844757471687375,0.14295065338839189,2
1.2570414386183374e-06,0.03572017356214968,0.5537925312633684,0.41048603813398643,2
1.658251589955001e-06,0.011386150262178204,0.5136331265386618,0.4749790649481846,2
6.8507667577511684e-06,0.019415153428046342,0.4888890011149419,0.491688994691137,2
6.607210297820678e-06,0.17323082300176038,0.3987142196334231,0.42804835015458687,2
1.506613303625176e-06,0.4672432024701453,0.29441758893534525,0.23833770198060045,2
7.85490876412775e-06,0.521118204322608,0.3221954379730183,0.1566785027953765,2
7.079485910619629e-06,0.6456632099374985,0.32761783784535126,0.0267118727309773,2
1.6131960232175334e-05,0.6354340254518175,0.3401659163331283,0.024383926253500363,2
5.302508811971395e-06,0.6938255022216465,0.3037219234501095,0.0024472718203827053,2
9.769168640316956e-06,0.6002965426678913,0.3986536252408681,0.0010400629231564688,2
4.533500603982368e-05,0.21373696442461532,0.7786217696866378,0.007595930881433885,2
9.158197075768388e-06,0.21588088542200498,0.7839689963495364,0.0001409600310467587,2
2.0449869021859746e-05,0.1522118423173309,0.8474595886719993,0.0003081191418912105,2
9.717852965496337e-06,0.128989705683055,0.8708572841844527,0.0001432922806513905,2
9.579583733910061e-06,0.039552584149482956,0.9600582593196029,0.0003795769480402548,2
1.201198977300952e-05,0.013398317136573305,0.9857593384016642,0.0008303324703598643,2
1.4593701657393704e-06,0.04157074902513365,0.9583478271588379,7.996444598337035e-05,2
7.811810399347486e-06,0.016179800484612507,0.983783671733654,2.8715970167531505e-05,2
4.152669159761119e-06,0.0030739259322453832,0.9968948380204212,2.7083378960495815e-05,2
7.618899479134256e-06,0.00020516851301716563,0.9996828774154326,0.00010433517066803127,2
3.6009400739336875e-06,0.00023740849228023344,0.999516815659498,0.00024217490735093075,2
2.7135098433033815e-06,0.0011279905832113056,0.9988051523529399,6.414355446906993e-05,2
2.2766385446637973e-06,0.0022837703095951885,0.9977035065439354,1.0446509026954018e-05,2
4.394000510750832e-06,0.00030544803778650845,0.9995805969924548,0.00010956096994861845,2
6.0212905857149105e-06,0.0001497246357447698,0.9995237546477425,0.0003204994269503981,2
1.3548134507900757e-05,0.0018508965184336778,0.9972344754295441,0.0009010799192703616,2
0.00018502545197643787,0.06414060118086314,0.9344244608823237,0.001249912484378903,2
2.0486597500628214e-07,0.9978807101158005,0.00211904686411744,3.8154161538363494e-08,1
1.2706562763108333e-07,0.9993669739199262,0.0006328855458675191,1.3467964032402389e-08,1
0.0011707515824539885,0.016116983677459364,0.9821194018729629,0.0005928628682491499,2
0.00024697537526313087,0.003228434368693218,0.996520209200761,4.381055521897549e-06,2
9.089090228904612e-05,0.0008017823525562839,0.9991068735613768,4.531847233107791e-07,2
0.00016423490542454879,8.308899711799339e-05,0.9997464811856506,6.194910154745841e-06,2
0.00016965822611561266,0.002988822227507797,0.9968410504926646,4.6905421410130744e-07,2
2.887982917567655e-05,0.000252422798647926,0.9997129686393257,5.7287323511654645e-06,2
3.1426759232744545e-05,8.667521356745846e-05,0.9998768460525509,5.051975585014767e-06,2
4.927728026436194e-05,2.9234214253255177e-05,0.9999163103190623,5.1781872147885845e-06,2
3.22467120304581e-05,2.8998451936991546e-05,0.9999313411423726,7.413692603915779e-06,2
2.1890905337156434e-05,0.00013744399038986347,0.999838745084088,1.9200194124706843e-06,2
2.0122602302237976e-05,4.422862282237279e-05,0.9999272105314196,8.438244596096428e-06,2
1.7712895405625607e-05,0.00040735484544198873,0.9995615213710053,1.3410887757543008e-05,2
2.289062193972248e-05,0.00565321141019533,0.9943223270189392,1.5709474787904951e-06,2
7.722006470052017e-05,0.0005060337739226856,0.9994147484208399,1.997739477940191e-06,2
6.785949399454136e-05,4.3919876108667836e-05,0.9998827317256197,5.488905861933051e-06,2
0.0002075015122804062,0.000256940739251936,0.9995233823143784,1.2175434316659901e-05,2
0.0008907641723446568,0.010276983398260083,0.9887265061731202,0.00010574625696103286,2
1.3039255808119015e-05,0.2865702111536447,0.7134165155160472,2.3407484912715896e-07,2
0.0004054089078649146,0.015527049832706134,0.9838946689216378,0.0001728723377685715,2
0.00043813543576328074,0.011395433998628834,0.9881654493926806,9.811728987489772e-07,2
0.0013894750656284077,0.0018626256649335053,0.9967441397459995,3.7595226551691727e-06,2
0.004204887265852054,0.0001736374468317616,0.9956165282683651,4.947019146090576e-06,2
0.017105919238218744,0.001495237181982548,0.981393534423505,5.309157812099651e-06,2
0.055571302868777296,0.013072645005381255,0.9313548767149167,1.1754108098414323e-06,2
0.18303515403260415,0.002343425316203314,0.8146123971573955,9.023492346419053e-06,2
0.3682184345589092,0.018496666117674972,0.6132763591158266,8.540206336610685e-06,2
0.6272732667428313,0.055955341871474974,0.3167709641428523,4.272434329123669e-07,0
0.8934014015041972,0.016642231299444935,0.08995629910910785,6.808814622601402e-08,0
0.9627786249215494,0.0005396880895818086,0.036681580788827314,1.0619832138424875e-07,0
0.9862745221190017,8.927376075208222e-05,0.013636187328505607,1.6793099021253776e-08,0
0.9952233732376007,4.0016733701623204e-05,0.004736605546839053,4.481488019507161e-09,0
0.9984393296895778,2.461208044077126e-05,0.0015360573132867832,9.17083761424154e-10,0
0.9996553813408492,9.169331813464896e-06,0.00033544910193909414,2.2542673661426522e-10,0
0.999858939409132,9.524579865017765e-06,0.0001315359925843739,1.8654613448090267e-11,0
0.9999119870652162,7.363309520336438e-06,8.064960670948371e-05,1.767432077478602e-11,0
0.9999039071705538,5.951785207725525e-06,9.014099073540642e-05,5.2429357139103407e-11,0
0.9992957868024781,2.7977676275579878e-05,0.0006762353983488834,1.215714984850406e-10,0
0.999410358058377,3.646313832497522e-05,0.0005531778979434935,9.066984482020914e-10,0
0.9989937817297662,5.767653340617348e-05,0.0009485407413822754,9.964991890299933e-10,0
0.995359370935984,6.50536191402313e-05,0.00457555513545904,2.0311180643923797e-08,0
0.9752440274821985,0.0027197895236089533,0.02203615398906737,2.900419339853338e-08,0
0.9178843687211196,0.018536041551146555,0.06357950994507124,7.978092777090012e-08,0
0.27128888089538106,0.0008407724822014666,0.7278627659452264,7.580677999047432e-06,2
0.052082433927976436,0.0005853907299613382,0.9473311205672009,1.0547736875122777e-06,2
0.009631519532358836,0.00013360671590563106,0.9902321745790558,2.6991730332794025e-06,2
0.0012142078118284798,0.00044645205619882984,0.9983368897821666,2.450348416455387e-06,2
0.00018402028889420973,0.0009551338722203332,0.9988604115585543,4.342814707811349e-07,2
0.0001767834541440838,0.00010771310826842857,0.9997121268311622,3.376605094179286e-06,2
0.0002222740778236481,0.0006621733354050125,0.9991142477098939,1.304877979118092e-06,2
5.2793722822190585e-05,9.567159132555242e-05,0.999843497751998,8.036933015248548e-06,2
5.248217609400762e-05,0.0038231322555544573,0.9961086902745404,1.569529496991801e-05,2
0.0004663234870774241,0.028157275428937974,0.9712381211402117,0.00013827994304481644,2
0.00014882129901626253,0.41784441275946893,0.5820016148522328,5.1510876747816925e-06,2
0.0001552213994496872,0.5774774031791647,0.4223673026876123,7.273303569843024e-08,2
0.01801131716509906,0.02669366344555307,0.9551840541900936,0.00011096519910859623,2
0.027832481237193712,0.0014690516381490346,0.9706880303507269,1.0436774179652444e-05,2
0.041682204558296874,0.00014933944088595767,0.9581640774448175,4.378555092072907e-06,2
0.11522934524380125,0.0006845466157171447,0.8840846278837406,1.4802557082062547e-06,2
0.46603932914495255,0.0006083550480900425,0.533351889121231,4.2668491105617685e-07,2
0.9622547907138885,0.0007866670344403542,0.036958536036293434,6.214142965764192e-09,0
0.9985286977186834,2.4263165856077544e-05,0.0014470385476304552,5.664768155710564e-10,0
0.9999568903637901,4.54077598305245e-06,3.856881557106906e-05,4.4197515623985614e-11,0
0.9998087257080002,1.2782638556766023e-05,0.00017849150495502508,1.5030591949213534e-10,0
0.9789318269435758,5.314522651709884e-05,0.021015023719969772,4.1105587327818934e-09,0
0.9287035667524276,0.00013915085054218228,0.07115719090278541,9.14931094572957e-08,0
0.7670420024210922,0.0022766187214036475,0.23068125760025773,1.2125739625747575e-07,0
0.4285387877077199,0.0034577393196160906,0.5680011625651883,2.31040817268529e-06,2
0.1489260414855023,0.05356033801438579,0.797513308799876,3.117018657151147e-07,2
0.02149241255475566,0.07143803785731154,0.9070682465215276,1.3030662106611928e-06,2
0.00713577610700519,0.0026535061498420046,0.9901908144145971,1.9903326886790374e-05,2
0.002874470467048626,0.0002565931772989212,0.9968650899354596,3.846420004735686e-06,2
0.003399835818289816,6.221792233603297e-05,0.9965347572206684,3.1890392372980394e-06,2
0.008167972081907794,0.00011311588949123332,0.991717097098215,1.8149318890495645e-06,2
0.02449119386758714,0.00014103497024427783,0.9753652001995449,2.570963667306198e-06,2
0.05711902172555678,0.00024716469653728805,0.9426284259925832,5.387585076118094e-06,2
0.1343062417276891,0.005014993725918424,0.8606779375787802,8.269661652531875e-07,2
0.15456523214236859,0.0003384911547226014,0.8450924195260626,3.857178492303053e-06,2
0.1549800095678685,0.00019813528684258663,0.8448193180539143,2.537091101995234e-06,2
0.13304783982022808,0.00014842902690038345,0.8668020885112369,1.642640108719521e-06,2
0.09685213176366968,0.00018784654719609134,0.9029576799100566,2.3417774689692197e-06,2
0.08511146047564858,0.0003362422854860793,0.9145514470498862,8.501886729652248e-07,2
0.08226855223779034,6.281070382207979e-05,0.9176654091645255,3.227892141487831e-06,2
0.09127069138200819,8.53737502984437e-05,0.9086418392458943,2.0956205580915386e-06,2
0.1300400808502078,0.00018955357958016096,0.8697664605802979,3.9049882641385175e-06,2
0.21450045830207362,0.0036514854841566305,0.7818480287789655,2.7435114860296203e-08,2
0.9300375475741183,0.0002997538352101905,0.06966265643168096,4.21601953622745e-08,0
0.9965062066842156,4.689752584059622e-05,0.003446893034661818,2.7550381006677116e-09,0
0.9998757165671452,1.8294207700181447e-05,0.00010598920799964658,1.6438149269961377e-11,0
0.9999852575633529,2.9037148791200806e-06,1.1838719175515333e-05,2.2047761134805334e-12,0
0.9999874626686632,4.737784844468868e-06,7.799546560403154e-06,4.874092925624403e-13,0
0.9999814046260338,1.1119300303357298e-05,7.47607248056769e-06,1.793807521360606e-13,0
0.9999938838269055,5.94265460847134e-06,1.7351915010617282e-07,1.963216432420338e-14,0
0.9999956221823015,2.182721219594521e-06,2.1950975854320143e-06,9.07212647749138e-14,0
0.9999899387618383,3.6401184623387615e-06,6.42112005845932e-06,1.3714656226219157e-13,0
0.9999940323210272,5.906493288898783e-06,6.118732866265564e-08,3.482850872975085e-14,0
0.9999845191812288,1.5474485265105427e-05,6.334626026309128e-09,1.0551201894726134e-15,0
0.9999980385783738,1.9566676855886462e-06,4.755206985691607e-09,3.1872033219597514e-15,0
0.9999984172912965,1.5815113546251085e-06,1.1956365168470903e-09,5.411657773548174e-16,0
0.9999979579136312,2.0414719509163795e-06,6.142694618595416e-10,2.835008795027141e-15,0
0.9999832910993851,1.6708355026036222e-05,5.449903866846265e-10,8.597039575693209e-17,0
0.9999986016601496,1.3906530116379733e-06,7.686699458039116e-09,1.6479107662424544e-14,0
0.9999968693458761,3.1242721557046922e-06,6.382911865330225e-09,3.7075363409003716e-16,0
0.9999984099462289,1.4498587323934478e-06,1.4019631402733687e-07,4.898446893540441e-14,0
0.999965836008121,1.0951689374987143e-05,2.3212290020441372e-05,1.1145690161677469e-11,0
0.9483507351184269,0.00011935208072788948,0.05152991003640323,2.7640958877084943e-09,0
0.8490736844811538,0.0003664814263180203,0.1505596332254723,2.0086733537007427e-07,0
0.6493248742727541,0.001424355407843365,0.34925040598391616,3.643371873349139e-07,0
0.22999677750098346,0.00039464720105799835,0.7696067545591255,1.82074056378229e-06,2
0.04772385546940595,0.0005287261351656597,0.9517468085341204,6.09860685809303e-07,2
0.017646331875937542,8.95171648040904e-05,0.9822610697360927,3.0812230882797883e-06,2
0.008203757066897091,8.166095919730728e-05,0.9917117034231249,2.8785494974110388e-06,2
0.002272633974486292,6.0903169082705854e-05,0.9976640120960834,2.4507597835517274e-06,2
0.0008090017476088634,3.712114868190295e-05,0.9991501266461863,3.75045888803256e-06,2
0.00039711644247819074,3.610319531889881e-05,0.9995628741502681,3.906212840008086e-06,2
0.0001221254002380396,4.214418181562277e-05,0.9998318824725783,3.8479461026144044e-06,2
2.4357821949218612e-05,3.251747535227325e-05,0.999928299812731,1.4824891530839895e-05,2
2.3871398223193403e-05,0.0002649063947413904,0.9996437919579685,6.743024816933508e-05,2
8.396102477969506e-05,0.009537421437562336,0.9889964325668128,0.0013821849699005833,2
1.2877521874515618e-06,0.4166754233126514,0.5833231505269562,1.384068770822618e-07,2
4.2550509764417836e-05,0.0440759570159615,0.9545444520771335,0.0013370403965259998,2
5.633698364942704e-06,0.00861236804448447,0.9899292206847068,0.0014527775741083532,2
1.4079833590711017e-05,0.0031487901536922983,0.9935014820145901,0.0033356479986650965,2
4.174781687922826e-06,0.023334873517272852,0.9617421906901831,0.014918761010587362,2
3.4599646743510093e-10,0.01716409846878783,0.00019645670512217212,0.9826394444792158,3
1.8427850852669302e-11,0.0022417332528297247,1.9922929025906977e-07,0.9977580674979578,3
2.1020685525877316e-10,0.009317001231792165,3.99323257342175e-06,0.990679005326695,3
1.5327772577723285e-09,0.11248043250079062,4.448851043479071e-05,0.8874750774553993,3
9.642802112525659e-11,0.867405321020809,3.4115082838707257e-06,0.13259126737395716,1
4.0282949069117795e-10,0.6327409925294541,4.07251665110443e-05,0.36721828190190914,1
7.03393619500744e-11,0.05903291132639021,1.255378310829457e-05,0.9409545348219095,3
2.064242772482274e-12,0.0016455279284778048,2.342522248225374e-07,0.9983542378173299,3
6.70227494513021e-14,0.0003486978346675211,1.0924374319453151e-07,0.9996511929224253,3
5.951834994059212e-15,0.00017800720750991164,2.5816144363526074e-08,0.9998219669751012,3
7.997237694196937e-15,0.00030276619314448656,2.844258219661097e-08,0.9996972053652952,3
1.2229725414859735e-15,0.0008289951642801065,9.574569481296478e-09,0.9991709952628228,3
3.633928128678682e-14,0.00023966672619390094,2.466044491457187e-08,0.99976030861362,3
8.635657580814506e-15,0.0007284687953408111,7.254018995419818e-08,0.9992714586633674,3
4.652540862775487e-15,0.00021975128310597743,1.27568902403896e-08,0.9997802359603389,3
7.212295683058876e-15,0.00017479477127519373,1.5118074433733402e-08,0.9998251901103411,3
3.1961373037320915e-15,0.0008744537298918398,2.592326327675723e-08,0.9991255203454654,3
1.133431921044795e-14,0.0005509412756527638,9.754264022500592e-09,0.9994490489717163,3
5.617166001694663e-14,0.0004518906889356413,4.4552385627104013e-08,0.999548064758503,3
4.21833568475393e-12,0.0016729097112481175,5.1405212094291996e-06,0.9983219497637953,3
5.527225097997558e-11,0.0013224930693155799,3.054834801784924e-05,0.9986469585259399,3
1.0886443042888214e-11,0.0011310420365940443,1.4682370995654237e-05,0.9988542755814624,3
1.3436628643240225e-12,0.00040841997441102467,2.1093697400373563e-06,0.9995894706536103,3
4.844195518698292e-13,0.0004616615509476836,1.9136622527008713e-06,0.9995364247880719,3
1.1055028430125049e-13,0.000318619629769269,5.645712043929396e-08,0.9996813239140575,3
5.852750273005468e-16,0.0021304146055690374,2.7817208739714436e-09,0.9978695826123414,3
2.183541940913427e-15,0.00019737561311825513,5.569145097351582e-10,0.9998026238316463,3
3.862263898676533e-15,0.00039877703267297154,5.121008658599064e-10,0.9996012224540751,3
3.1403361425312873e-18,0.009694948545604187,2.7043140906088902e-12,0.9903050514501834,3
3.42413573518944e-16,0.0006207007721738205,1.118579353676371e-12,0.9993792992279893,3
1.35769179483641e-19,0.001614246805532257,3.767661838670409e-15,0.9983857531926741,3
3.346941004097607e-20,0.00045668159233442805,6.317572680669875e-17,0.9995433184075726,3
5.542593276470319e-20,0.0007402904655527771,7.028084512257013e-17,0.999259709532852,3
2.2334297188408487e-18,0.0035508324903607068,9.216927271613695e-16,0.9964491675089371,3
6.402159020472856e-21,0.04365162767248416,7.416502851903046e-21,0.9563483723266598,3
2.2290413235971415e-21,0.3831293744072332,1.2725530560694904e-20,0.6168706255941682,3
4.714261508643921e-18,0.30599139813629955,5.078907079824719e-19,0.6940086018636772,3
2.6572556359584328e-17,0.4375063577924635,1.2296430137772236e-17,0.562493642206269,3
1.5688583724302676e-21,0.9999681544664237,9.792948894721712e-21,3.18455348131837e-05,1
6.889818111062628e-17,0.882171994894823,2.9908549355624724e-17,0.11782800510522295,1
3.011722863951158e-14,0.7915370059664868,4.4234105007014345e-13,0.20846299403468788,1
1.6917474960130483e-14,0.8375886230974099,2.9865445867582765e-13,0.16241137690164922,1
5.070085459294579e-16,0.9995112060080261,2.976048556468534e-15,0.0004887939930882576,1
7.102303561513343e-15,0.6956021866885044,1.4532467355068743e-11,0.30439781329764465,1
1.0702967298128834e-15,0.0508323727268467,3.58489847414523e-12,0.9491676272713729,3
6.085357214348533e-14,0.0019927091174762003,2.2041862416908547e-10,0.9980072906624311,3
1.1367953186133031e-14,0.0029815665991475304,6.966584430560256e-10,0.9970184327033101,3
1.4304454556210964e-16,0.0023807794560099503,3.493743571738558e-11,0.9976192205100303,3
4.8839457577850323e-17,0.0002442864246634352,2.5920422387751858e-12,0.9997557135725348,3
1.1944498497608134e-18,0.0004997287289979334,1.353404733401191e-12,0.9995002712708964,3
1.5293830079270694e-15,0.00021823524979062834,1.4996115400166426e-10,0.9997817645988651,3
8.62776139686651e-16,0.0035953475246423474,1.640402996930704e-08,0.9964046360729819,3
5.344610136473804e-15,0.00024231367706307918,1.2131662845231473e-09,0.9997576851100858,3
2.4226534545634297e-13,0.0003078183621683765,5.812255416295209e-07,0.999691600411276,3
1.4305738239754225e-13,0.0009680695713075711,2.9534218858939633e-07,0.9990316350848892,3
1.0234133688442415e-12,0.0009730294936999418,4.5674747816278265e-07,0.999026513757109,3
4.540428069431219e-11,0.0021159133624824083,3.089417816317038e-05,0.9978531924145904,3
9.888022413931976e-09,0.00446836678528296,0.004338298052450264,0.9911933252746493,3
8.041748518953402e-08,0.04891174939723549,0.11232452852857179,0.8387636416566295,3
2.4244189605330787e-06,0.020867245682014327,0.29454811613791126,0.6845822137611902,3
1.8193300428021046e-06,0.02468359975172004,0.5785210647423636,0.3967935161751277,2
3.605728989867635e-06,0.007729199741921345,0.7858580715352015,0.20640912299294606,2
5.161714350508647e-06,0.003297727253009105,0.9711355464450969,0.025561564586380755,2
1.0907149775810846e-05,0.0006616339386758078,0.996489639595209,0.0028378193165659944,2
4.58145848952603e-06,0.0031926303117529795,0.9967952165887723,7.5716428020836095e-06,2
1.4440955098511836e-05,0.0012093846041952299,0.9987758931089987,2.8133033234679835e-07,2
4.481607654355554e-05,4.8729055546256844e-05,0.9999005885560075,5.866313539115673e-06,2
4.293768210159856e-05,4.484194984281132e-05,0.99990704071658,5.1796508228223e-06,2
8.73874556682881e-05,3.4000226267295265e-05,0.9998738750491409,4.737270389553378e-06,2
9.077411766623004e-05,9.414091244232511e-05,0.9998131669276473,1.918041913187082e-06,2
3.3204541861419865e-05,3.732285487502716e-05,0.9999215880309891,7.884572446989445e-06,2
3.488805093858851e-05,2.9426289183759136e-05,0.9999280770170814,7.608642850789129e-06,2
6.289902465481051e-05,5.929586833203244e-05,0.9998744963268318,3.3087808731681055e-06,2
4.1175897118507565e-05,0.0001440049979479215,0.9998141462490892,6.728569973382402e-07,2
6.441658698789965e-05,5.8630375102273054e-05,0.9998737700921453,3.18294649088086e-06,2
0.0001789535828574765,3.586871076521591e-05,0.99978176428243,3.413425380025523e-06,2
0.00011750976428790091,3.0911994396385495e-05,0.9998475669265985,4.011313047605134e-06,2
0.00014650517008145866,3.7893771640948015e-05,0.9998119112927719,3.6897662973986216e-06,2
0.00010449852746197067,6.79035595524874e-05,0.9998238102852821,3.7876272571445394e-06,2
0.0001625906286192932,5.5069930092957666e-05,0.9997790978111998,3.2416307492633955e-06,2
0.00038752753918507477,4.200704531772458e-05,0.9995666590997319,3.806313972860413e-06,2
0.0011393419125996387,6.262065636113101e-05,0.9987961021249463,1.9353046243556973e-06,2
0.003985784588451948,9.903127955809525e-05,0.9959133431739506,1.8409563745788974e-06,2
0.005777143553524134,0.00013972724994356695,0.9940804556519864,2.673544863214391e-06,2
0.004524562401809079,0.00022891369087946913,0.9952447549260576,1.768982920757025e-06,2
0.0015039778629679158,4.540651431099192e-05,0.9984469198111743,3.6958131042133654e-06,2
0.00029514956347092235,5.056235852268215e-05,0.9996510839229635,3.2041552818751346e-06,2
0.0003299562929063563,5.118359894447334e-05,0.9996158708091825,2.9892981529084615e-06,2
4.258102475292508e-05,6.039506607628957e-05,0.9998937043128594,3.319596808453887e-06,2
6.0284198511887295e-05,4.831264210530325e-05,0.9998873345528875,4.068607473705603e-06,2
7.031449507193498e-05,0.00013142479632571974,0.999795452921398,2.8077889168886393e-06,2
2.725835718389413e-05,0.00011080874340038937,0.9998585035644575,3.429333338644824e-06,2
3.1290703669042157e-05,5.2186227231930224e-05,0.9999096824874572,6.840580215967313e-06,2
1.9542478375655532e-05,4.089580875658563e-05,0.9999311568295729,8.404883732636389e-06,2
0.00015450570875032027,6.284394427151673e-05,0.999779234350765,3.4159949022909456e-06,2
9.716791875030344e-05,0.0005600652170160768,0.9993425934221923,1.7344363380316878e-07,2
8.052949800478386e-05,8.60722055940025e-05,0.999831559910907,1.8383864345242217e-06,2
6.417765857266513e-05,3.660043117072726e-05,0.9998951796230908,4.042285721172667e-06,2
4.809131072251799e-05,0.00028851330724985366,0.9996619481278182,1.4472551410381672e-06,2
5.398838751118417e-05,5.1188953152949714e-05,0.9998909583965643,3.864262620026814e-06,2
1.4957231361420774e-05,5.640245195037665e-05,0.9999187960323366,9.844285282831085e-06,2
7.2385311139862055e-06,0.0001343431764790791,0.9998358056317777,2.261266022541338e-05,2
7.665387724767255e-06,0.00012367248000631333,0.9998567686774859,1.1893456485333375e-05,2
8.133668528620088e-06,4.8458900799224874e-05,0.9999127304828713,3.0676948726756385e-05,2
6.259851898224897e-06,9.035880503716149e-05,0.9998736716608702,2.9709683611389982e-05,2
4.880587648578081e-06,0.00012291764764852113,0.9998054043358608,6.679742865573354e-05,2
6.943011421177537e-06,0.00011528293955461174,0.9998563080772315,2.146597245083011e-05,2
8.6112735947195e-06,0.00012068326336371957,0.9998306267778249,4.0078684293339215e-05,2
1.213291450894412e-05,4.254450835186911e-05,0.9999250842716584,2.0238304197995246e-05,2
2.3176286440881285e-05,0.00032636394666756945,0.999649136317841,1.3234473625688664e-06,2
4.4505682002368433e-05,3.698373377438448e-05,0.999912046300851,6.464283427295339e-06,2
4.607721402411535e-05,3.373169330176228e-05,0.9999146994926813,5.4916001599654315e-06,2
0.00017676859151284592,2.8225270934095002e-05,0.9997872958848822,7.710251832004086e-06,2
0.0031389517090853513,7.19276593269966e-05,0.9967861414237281,2.9792085325773413e-06,2
0.007602914676868015,5.8862937350845095e-05,0.9923357137885961,2.5085987864543146e-06,2
0.01618146980385067,7.669430958963309e-05,0.9837393617940761,2.4740942435344136e-06,2
0.022587858921511522,0.0001252695688644169,0.9772845426971444,2.3288134107129533e-06,2
0.03889884524658068,0.00027447709177880365,0.9608220941849228,4.583477632852011e-06,2
0.024982314727150966,0.00015356361904670567,0.974862316537488,1.8051160221659566e-06,2
0.012809293686179706,0.0002932594421678805,0.9868905542456684,6.892624285064155e-06,2
0.0001385558656139872,0.008731930820954225,0.9911294949926328,1.8322303299115723e-08,2
4.206624322222804e-05,0.00013935946695510135,0.9998038245576139,1.4749732656490461e-05,2
1.7670502966457723e-05,0.00015861358120222507,0.9998167735417348,6.942372284596597e-06,2
1.0829680899442748e-05,6.360472329587802e-05,0.999914537536418,1.1028059098532358e-05,2
9.774561015343986e-06,5.234720894179599e-05,0.9999181038214418,1.977440862982051e-05,2
1.497668305725867e-05,0.0003214462147258418,0.9996526909352507,1.0886167883127304e-05,2
1.3064118820184939e-05,0.0002659973073416351,0.9997131763119494,7.762260258476313e-06,2
1.3197649093020382e-05,0.0005476821116737493,0.9994365220128753,2.598226009377601e-06,2
4.265873798270024e-05,7.046302436540803e-05,0.999877631792245,9.246446645559773e-06,2
0.00010435997274510878,0.0020017864645768004,0.9978425001764207,5.135338458475882e-05,2
0.00029756784542471645,0.07095553177196784,0.9285226782316858,0.00022422214982148643,2
4.401799210553666e-07,0.7439129648953768,0.2560865912738802,3.6514921802548254e-09,1
1.786051529267413e-05,0.5384003459850093,0.46153437188781044,4.742161333043094e-05,1
0.00011763638777240373,0.01944019282092298,0.9801074760398955,0.0003346947497733433,2
5.818811252432664e-05,0.004093600140442796,0.9958424962278417,5.715518414649311e-06,2
0.0005921046064570393,0.00011134402638475514,0.9992789272262506,1.7624141672295852e-05,2
0.017334663590166503,0.00014075385334311308,0.9825212546055416,3.3279504299586725e-06,2
0.11154650570559063,0.0003668978784009164,0.8880785489490504,8.047467654271542e-06,2
0.44084764895148587,0.011737529194058866,0.5474147020980368,1.197567179534089e-07,2
0.8899260184306853,0.000482753186051183,0.10959118970629397,3.867794322644223e-08,0
0.9922117487243638,4.668026777004097e-05,0.00774156808457326,2.9240704497830338e-09,0
0.9999126883842178,9.559955899303964e-06,7.775163637443613e-05,2.4978664095906314e-11,0
0.999987591262334,1.0388707781925258e-05,2.0200293601476623e-06,2.2276907589900554e-13,0
0.999993546886702,5.413912973097436e-06,1.039200030815135e-06,4.5646622608376884e-14,0
0.9999966806081442,2.0696416836692612e-06,1.2497516923292605e-06,8.619490339020168e-14,0
0.9999945689489467,4.988512221960653e-06,4.425373926839641e-07,1.1087529794184421e-14,0
0.9999955182820871,4.456068804147301e-06,2.5648999409885963e-08,2.0387999456184195e-15,0
0.9999986644734059,1.3182555440754328e-06,1.727128158624038e-08,8.609879532010338e-15,0
0.9999948482496537,5.105717138901598e-06,4.603248954975112e-08,8.117322420997163e-16,0
0.9999985230690065,1.4198551054838975e-06,5.7076613352647035e-08,6.288639877375583e-15,0
0.9999983501597821,1.625733629265494e-06,2.41055974710072e-08,1.0889841578348827e-15,0
0.9999980595330908,1.9396797226620627e-06,7.86753291286521e-10,2.817407227687295e-16,0
0.9999984934304373,1.5062702436076386e-06,2.983496070816775e-10,2.798566861737882e-16,0
0.9999983819738547,1.6178195138267873e-06,2.0494712024547114e-10,1.393940959406995e-16,0
0.9999983966894553,1.5981819862529472e-06,5.128742680256488e-09,5.446005932228769e-16,0
0.9999979199805044,2.078841441167555e-06,1.1788301299523047e-09,9.127909711097066e-14,0
0.999602005086132,0.00039522113916863133,2.7737753066168844e-06,2.342512262913283e-16,0
0.9999883171249498,1.134406904182535e-05,3.3879259717402713e-07,1.1617219933876977e-11,0
0.9999709840548004,2.8998183295303817e-05,1.7763151736031152e-08,1.3121855910399657e-15,0
0.9999981393138144,1.8546152092473688e-06,6.072550114978782e-09,1.009982869362895e-14,0
0.9999987290438076,1.2684488317364424e-06,2.5068800158684744e-09,7.280294876176688e-16,0
0.9999980814736987,1.916793952232236e-06,1.7309454086108458e-09,5.460489098386767e-16,0
0.999997437731153,2.559680545758391e-06,2.5879911394261802e-09,4.880547311229217e-16,0
0.9999984264480747,1.5658197535049e-06,7.733265357214002e-09,9.969224017159795e-16,0
0.9999977138530751,2.2775718439068903e-06,8.573358102717571e-09,3.318070491663422e-16,0
0.9999983461179943,1.646686629741118e-06,7.193989068917508e-09,8.112640322921916e-16,0
0.9999987232266869,1.2095162805594155e-06,6.725850699434347e-08,3.34250411229682e-15,0
0.9999963231415971,2.6141225281529492e-06,1.0627348567681164e-06,4.006647353663474e-14,0
0.9999819497853589,1.3326348215357377e-05,4.723865287004667e-06,1.2715254356766116e-14,0
0.9999950165271486,2.1762695787751285e-06,2.807203570792698e-06,9.72540623569673e-13,0
0.9999589310566767,8.017680585768816e-06,3.305126229928894e-05,2.559494461050737e-13,0
0.9999768914472743,7.79277717825459e-06,1.5315774574212016e-05,1.8285592130847157e-12,0
0.9999478298198825,1.150760804365239e-05,4.0662571105641746e-05,6.730417355536906e-13,0
0.9999938152587027,2.25333484184119e-06,3.931405512044499e-06,2.6975438598356786e-13,0
0.9999949053619904,2.141940689185824e-06,2.9526989047331366e-06,1.0409246265140477e-13,0
0.9999856626500411,5.180372915924927e-06,9.156975956246898e-06,9.050623299746327e-13,0
0.9999009033518076,3.4073355045157354e-05,6.502328164272743e-05,1.1193348353617921e-11,0
0.9964824304235232,4.980813128999442e-05,0.003467755898694165,5.5454543114918964e-09,0
0.8922516774015775,0.0006863499935017868,0.10706195295006404,1.9654331648456947e-08,0
0.5142462305734756,0.000553312401058468,0.48519984431205976,6.127138833271842e-07,0
0.12825983086084328,0.0004789037732068253,0.8712598305812034,1.4347854297411623e-06,2
0.020751573350439884,0.000577296831653613,0.9786690322619956,2.0975552647529767e-06,2
0.0003446679049922489,0.0008450076472382443,0.9988098978476048,4.2659842359915724e-07,2
1.5587762763071107e-05,7.318618420021979e-05,0.9998905855844802,2.0640468562944303e-05,2
1.9303468106943556e-05,0.00026988729789114785,0.999698253001067,1.2556234174127495e-05,2
2.3135565794561662e-05,0.004488775431521457,0.9954869030074689,1.1859958924689626e-06,2
1.8545731659175625e-05,0.00035822282492884545,0.9996108824829844,1.2348959565347632e-05,2
1.6566389015489794e-05,0.0002627976135162833,0.9997180957264552,2.5402706958695443e-06,2
1.3867239773168827e-05,4.2071078578094394e-05,0.9999298155563745,1.4246126512475706e-05,2
2.2143072430921878e-05,3.168655854580181e-05,0.9999356824248936,1.0487944213060408e-05,2
3.305435170091124e-05,4.558461459247244e-05,0.999915183004418,6.178030171711925e-06,2
1.1201526877316791e-05,0.0003411258836284943,0.999645483733389,2.1888577030953898e-06,2
5.25221897806247e-06,0.0005008582047017233,0.9994837463256664,1.0143251712373963e-05,2
1.6519297913982345e-05,4.6380685488314874e-05,0.9999268493246732,1.0250690586491328e-05,2
2.66603691538487e-05,3.531919812050888e-05,0.9999314820680051,6.538365184738749e-06,2
2.9243628238049295e-05,3.3066135024836864e-05,0.9999310695313716,6.62070605764105e-06,2
3.872139072075845e-05,3.1222723168809267e-05,0.9999229796498119,7.076235892619379e-06,2
0.0002095713560267013,6.226965237222881e-05,0.9997251591546819,2.9998363799868256e-06,2
0.0001250106593832749,4.188661877976768e-05,0.9998288501860109,4.252535096555816e-06,2
0.00010236338559127738,4.2845361142983195e-05,0.9998500698995627,4.7213554680052195e-06,2
0.00011928267549367433,0.00047021202609564866,0.9994095777069658,9.275900828421313e-07,2
0.00035543745450808585,8.702893173980312e-05,0.9995543232337077,3.210379142797235e-06,2
0.0008487305885042747,7.62710292021652e-05,0.9990724660766637,2.53230630061431e-06,2
0.002852855340887382,0.00016152035335202511,0.9969837096568642,1.914648466002314e-06,2
0.0035679342730032004,8.580953250482244e-05,0.9963432962575213,2.959938722241569e-06,2
0.0032854732934968255,7.643577925855571e-05,0.9966357015444183,2.389384216623494e-06,2
0.0028355904666412125,0.00021217036797631776,0.9969504382642,1.800901965307663e-06,2
0.0010793602516054792,4.745902742411549e-05,0.9988702828710926,2.897850611986887e-06,2
0.0002304479546240779,3.250006355630307e-05,0.9997328527658889,4.1992171455190425e-06,2
0.0004218444080316683,3.8636312856809565e-05,0.99953050797252,9.011305344469421e-06,2
0.010807991496395636,0.0001666892262276047,0.9890224988566984,2.820421970122134e-06,2
0.1023766013385207,0.0007005171756229227,0.8969225607500692,3.2073477026098047e-07,2
0.9429884723804851,0.00026795140207094966,0.056743549175360536,2.704041390597709e-08,0
0.997136656715694,2.1617571612832778e-05,0.00284172420171452,1.5102096202082366e-09,0
0.9999001714778248,7.756563626056422e-06,9.207138318880188e-05,5.762472665239647e-10,0
0.9998613183435848,0.00011882639273826294,1.9855262447192043e-05,2.4865713572575457e-13,0
0.9999895979776603,5.210493999741217e-06,5.191525441004533e-06,3.23507355544954e-12,0
0.9999782678275064,3.222988774318765e-06,1.8509182843716494e-05,9.900065988659568e-13,0
0.9999711672726654,6.437797172780253e-06,2.239493116236844e-05,4.973569708939219e-13,0
0.9999771090625234,4.982136493797023e-06,1.790879420412953e-05,5.876027340888147e-12,0
0.9996594043378814,1.9661822008228158e-05,0.0003209337930063654,4.635843531388864e-11,0
0.9971366491993855,4.150895662739996e-05,0.0028218370494335495,4.7931079409430555e-09,0
0.9919670006798084,0.0009786897223309674,0.007054202438499092,1.0715909773381014e-07,0
0.9527249641586619,0.02731293967966903,0.019959201038270112,2.8951241791169153e-06,0
0.08645944948299392,0.9134808059807956,5.974453318103871e-05,4.5680402449717126e-12,1
0.08878456154200531,0.9111445297392036,7.090869702770344e-05,2.324636878647482e-11,1
0.9655634184148647,0.020812834969853658,0.013611443016295572,1.2303599571690741e-05,0
0.9939228250586257,0.005705706068550443,0.00037146874957073124,1.2324506368080536e-10,0
0.9999124953044568,7.608797867726106e-05,1.141659912206886e-05,1.1822500469156171e-10,0
0.9999814038002279,8.814416648915626e-06,9.781778803683671e-06,4.844513378767909e-12,0
0.9999894284641775,1.0477340599157073e-05,9.419603773501364e-08,4.3033489992544767e-13,0
0.9998957888444635,0.0001041475858398595,6.356927908118936e-08,1.579738430024899e-15,0
0.9999958807541847,3.152485494891077e-06,9.66761592902587e-07,4.406459949557396e-13,0
0.9999966777559783,3.004909987413921e-06,3.1733263001569664e-07,2.275165206677361e-14,0
0.9999917374493924,8.258434885846442e-06,4.115994095124216e-09,5.788644203211239e-16,0
0.9999981733397675,1.8218062586635475e-06,4.8556874423525236e-09,3.125010661454191e-15,0
0.9999984182808251,1.5737801835025344e-06,7.939615446032783e-09,1.1930860909906264e-15,0
0.9999972395273191,2.7576038983274253e-06,2.8693839941519496e-09,2.1368655774535308e-16,0
0.9999984956459631,1.5039104492902375e-06,4.436156225412035e-10,9.143178844549466e-15,0
0.9999599115140235,4.008846211307997e-05,2.359791583308593e-11,5.585532681836305e-15,0
0.9996061179965064,0.00039388198469419826,1.715924006277144e-11,2.098778794816318e-16,0
0.999994117099983,5.882892365978978e-06,7.364936035859739e-12,6.097444663420321e-15,0
0.9999971795117503,2.8204859547950527e-06,2.76308447873036e-12,5.048320460820406e-16,0
0.9999907335579393,9.266441569690795e-06,1.5157956111015318e-12,3.1935386172175686e-16,0
0.9999895766083953,1.0423392710886647e-05,1.3717154966220664e-14,4.461028570033977e-15,0
0.9997163845959719,0.0002836154024016326,7.787199919670936e-16,4.843036876235286e-16,0
0.9999329613954696,6.703860300699909e-05,2.7884081018018646e-15,1.5116932143339182e-14,0
0.9999756607918961,2.4339209256542343e-05,4.9320801078667695e-14,1.9762504437047176e-15,0
0.9999882811857778,1.1718812318425052e-05,2.1952683447688052e-14,9.05867604811879e-14,0
0.9994306488414838,0.0005693511580112541,4.769120445605024e-13,5.7945882107024645e-15,0
0.9995562846904741,0.00044371530825111486,1.1913655412901446e-13,1.0041255368395499e-15,0
0.9999969882674,3.0116155277140676e-06,1.1658569091766708e-10,8.665658694308338e-14,0
0.9999968853529329,3.1146237454662407e-06,2.2825293394173667e-11,1.2466537770358368e-16,0
0.9999981741292074,1.82583325502144e-06,3.631024833367454e-11,2.2668803470519154e-16,0
0.9999985783225486,1.421561019685187e-06,1.1632865933447176e-10,1.784630319748016e-16,0
0.999998092798705,1.9070127380735222e-06,1.9022344117296753e-10,1.616341587346966e-16,0
0.9999986065313965,1.39335921124487e-06,1.1000231097928876e-10,1.624732304039096e-16,0
0.9999983929277912,1.6056880402879732e-06,1.3830111187264345e-09,1.1141770689301238e-15,0
0.9999942041563076,5.7949778560793e-06,8.654762737676926e-10,9.327574019482763e-16,0
0.9999952237199445,4.7744523937683124e-06,1.829284893114116e-09,8.390958964876116e-16,0
0.99999727561597,2.7231268983502013e-06,1.2572816137788356e-09,4.118693864072949e-14,0
0.9999206585861692,7.934094620205603e-05,4.678393563549739e-10,1.1154696839347176e-16,0
0.9999943862579358,5.613418333448096e-06,3.2245877669091445e-10,7.586340492314244e-13,0
0.9997910662586976,0.00020893269475551234,1.0475522610334223e-09,1.4424098536204596e-16,0
0.9999803910281029,1.9594868086592734e-05,1.4102245786049444e-08,4.1721223080190436e-14,0
0.99999852422952,1.3473915660711968e-06,1.2838062803263233e-07,4.30401259156366e-14,0
0.9999977194519117,2.2792141551864344e-06,1.3330394764773473e-09,2.7485360283811176e-16,0
0.9999984626968391,1.5338251649249204e-06,3.477079132213329e-09,1.6313407516818839e-15,0
0.9999960055327136,3.989186693714126e-06,5.281957950879816e-09,2.80822074486535e-16,0
0.999998128454468,1.8546822888233646e-06,1.6863184549737812e-08,6.667996026661283e-15,0
0.9999948015491614,5.122656944370658e-06,7.579453111832848e-08,7.552913563639206e-13,0
0.9994120442285804,0.0005825350605382684,5.420711114116901e-06,2.1498816183657394e-14,0
0.9997184741224163,0.00028028853308273394,1.2373426851459232e-06,1.719567911234823e-12,0
0.9999791639663039,2.001832881938048e-05,8.177040795871708e-07,1.117219047092727e-12,0
0.999983138081289,3.4742777384040278e-06,1.3387637370488896e-05,3.066712877654318e-12,0
0.9999883990330891,1.0594990609936462e-05,1.0059744194331894e-06,7.207520352684093e-14,0
0.9999818594232385,1.407032459308655e-05,4.070253769550511e-06,1.459293557775318e-13,0
0.9999841770237635,3.287666788711442e-06,1.2535307113818905e-05,1.0247628539478053e-12,0
0.9999787381534857,4.226446979292531e-06,1.7035397591046182e-05,9.343880084001543e-13,0
0.9999672110125767,1.3374616901894242e-05,1.9414371117351084e-05,1.6214844762042558e-13,0
0.9999924659379807,6.51260987169839e-06,1.0214495924778017e-06,9.525075927868338e-13,0
0.9997837980418791,6.998521668867437e-06,0.0002092034286130336,8.963876062945783e-12,0
0.999947537403531,9.833750546630258e-06,4.262882939934058e-05,1.5905966801670373e-11,0
0.9998874952752461,9.615877047514744e-06,0.0001028888350259681,1.3722645544033415e-11,0
0.9998581896004352,5.629804112574504e-06,0.0001361804881910954,1.06685141716018e-10,0
0.9988598017870263,1.0811482073309333e-05,0.0011293860477906894,6.844829086124785e-10,0
0.9862618780019682,4.703332490607556e-05,0.01369108347112869,5.201539098256583e-09,0
0.9650250579686964,7.097988380628007e-05,0.03490391770691176,4.444178699699867e-08,0
0.9532055190713827,5.0238819281994794e-05,0.04674414032054513,1.0178875222441327e-07,0
0.9301360130970021,0.00016462250994982326,0.06969925431665101,1.1007472473420543e-07,0
0.8544181267695841,0.0002901530515396759,0.1452914398562931,2.803225722182945e-07,0
0.6285163441084615,0.00023336552876265177,0.3712496453621559,6.450002796209975e-07,2
0.5772023981898288,0.00014805099616856945,0.42264824337202755,1.3074425669342555e-06,2
0.47352019649678323,0.00023882442733044496,0.5262397301655216,1.2489097830415155e-06,2
0.2731125456363749,0.000335764349042653,0.7265505598289013,1.1301850409771441e-06,2
0.1098440446015907,0.00028892908843692044,0.8898643350037573,2.691304741410863e-06,2
0.004484029903832021,0.0001092172369233558,0.9953969138704205,9.838988918184947e-06,2
0.00010428778091655039,7.319671048057403e-05,0.9997682229675524,5.429254272123771e-05,2
2.9196348799699145e-06,0.0015277711820305675,0.9980367655257352,0.00043254365620045977,2
2.8268498997508364e-05,0.0002756925471265581,0.9996870299182496,9.009034616885269e-06,2
1.533493798797987e-05,0.0002958893420196609,0.9996870608823079,1.7148374602992792e-06,2
1.0577325270154944e-05,5.696700879023504e-05,0.9999099614989067,2.2494165772249306e-05,2
6.420979663218752e-06,7.96987360626414e-05,0.9998531015448211,6.077873880740586e-05,2
7.574539292896577e-06,0.000137734256334881,0.9998281559859152,2.6535217040362068e-05,2
1.1098968063701176e-05,0.0003652394152867222,0.9996019467634509,2.1714852752964138e-05,2
4.989383525615847e-06,0.0002494385217495834,0.9997196970746146,2.5875019934451593e-05,2
5.319191019786715e-06,9.560138600972612e-05,0.9998265964135598,7.248300976556527e-05,2
5.579652401876533e-06,0.00031031857021178607,0.9995887935002735,9.53082753697792e-05,2
4.1274534558272345e-06,0.00689131950157179,0.9931044610279294,9.20168312921899e-08,2
0.0001951513521902581,0.00012607530760117984,0.9996729996871819,5.773652558341239e-06,2
0.00014980294782982712,3.4931178705565606e-05,0.9998112914725127,3.9744008036930865e-06,2
0.0001298357425014668,2.9694953020840488e-05,0.9998362838638958,4.185439386707622e-06,2
0.0002073541943821214,8.003847773507471e-05,0.9997096512585839,2.9560696226908863e-06,2
0.001371039237337189,6.965160451625651e-05,0.9985558145483451,3.494608659761595e-06,2
0.009302074581676898,5.81353090402657e-05,0.9906358049972215,3.985111812401798e-06,2
0.04829501991523098,0.00011311289885687783,0.9515886202347973,3.246950911021355e-06,2
0.06168279512137195,0.00020766380631908726,0.9381083089983099,1.2320740014889187e-06,2
0.06837180072980602,0.0002095380197669858,0.9314161134225856,2.547826325460485e-06,2
0.06307816506501772,0.00011092142268809705,0.9368078163909656,3.0971196404060626e-06,2
0.0398977267848045,0.00019394885450300516,0.9599055223315043,2.8020284672739873e-06,2
0.0009791250523562337,0.00021078037157301385,0.9987990517796379,1.1042795527481657e-05,2
3.5380659351228296e-05,4.676371792042289e-05,0.9999007790325725,1.7076591259585597e-05,2
2.101349082816185e-05,0.0001704111149066259,0.9997784322992946,3.0143094665815513e-05,2
9.632465648095612e-06,9.580609163286712e-05,0.9994322272592667,0.00046233418339513107,2
2.0226286423509357e-05,0.000708931222757974,0.9950138027451471,0.004257039745947518,2
1.653461782195932e-06,0.03381070260786939,0.9225977752690243,0.04358986866164593,2
2.863694217372885e-09,0.010325641868671864,0.0012342497577483888,0.9884401055089203,3
4.94461722217546e-15,0.0021287051750643582,3.954850038134591e-10,0.9978712944298577,3
5.883332537240558e-15,0.0007478744376995417,1.587573797999624e-10,0.9992521254033304,3
8.988202854267238e-13,0.0037701567162648397,2.2474948393442398e-08,0.9962298208083227,3
3.909856210985546e-11,0.07141087120983144,9.062593472872311e-07,0.9285882224900098,3
1.491651244981638e-16,0.9999557329695715,7.98650479192665e-11,4.426695165696423e-05,1
2.589588637218754e-11,0.03256249079692398,1.4727085304421056e-06,0.9674360364699334,3
5.34466449945329e-13,0.0016633295203289668,1.2890419569280092e-07,0.9983365415747194,3
9.664089582786542e-14,0.00023702963699881262,2.020476093685748e-07,0.9997627683156054,3
6.244223480180523e-15,0.00019514539082215787,7.172615141375481e-08,0.9998047828828647,3
3.336247111366805e-16,0.00017405140391239048,2.7835843859044252e-09,0.9998259458122524,3
7.144024301808571e-16,0.00017779046244983279,3.1997831705186887e-09,0.9998222063369793,3
2.7158062487228024e-15,0.00036744365502449494,1.497357902461212e-08,0.9996325413716769,3
8.814070996806614e-15,0.0004948047501052656,2.558926166122731e-08,0.9995051696605679,3
9.887021664132027e-14,0.0003268334620514973,2.806875448723502e-08,0.9996731384707037,3
1.4777269391971384e-12,0.0038590842657055184,5.5346358688324365e-06,0.9961353810980705,3
1.587970215752033e-10,0.0014764852641417673,7.390485200539153e-05,0.9984496097249449,3
4.909475297925541e-11,0.0004031480940357834,3.930789836329457e-05,0.9995575439570488,3
4.792967011687884e-11,0.00047993665882553984,3.9772485273950016e-05,0.999480290806985,3
1.594104163722134e-11,0.0013919249595514605,6.8826850418833576e-06,0.9986011923383229,3
4.98762308450546e-10,0.0041878950208707145,1.7800631665185113e-05,0.9957943038474628,3
4.459449537095195e-10,0.07722238763203325,3.478967991673644e-05,0.9227428222420342,3
8.057156336043722e-12,0.5482783659612974,2.350071929683368e-06,0.4517192839597036,3
2.2627668362691742e-13,0.07524586570646341,1.8709028372945868e-09,0.9247541324220584,3
9.922257391412592e-15,0.009546807175921861,1.623319967984056e-10,0.990453192660479,3
7.04394329685643e-16,0.0008487040280507971,3.349379565576135e-11,0.9991512959391254,3
6.333557554991563e-17,0.000312555526678923,3.2367308859673596e-11,0.9996874444417481,3
1.649124550356804e-17,0.00029165654060435057,3.012068457043689e-11,0.9997083434293733,3
2.2736115611125623e-17,0.00018677308336179072,6.712494962040227e-11,0.9998132268485147,3
2.7884158155301432e-18,0.00017407157434208925,5.852707292965184e-12,0.9998259284184658,3
1.1109473981613568e-18,0.00019961331615142854,6.872177592542686e-13,0.9998003866823618,3
2.5545786912530474e-20,0.00027899376943134113,6.128526829067804e-16,0.9997210062316221,3
2.7081600018391057e-21,0.000752955435777256,7.710421426571596e-17,0.9992470445651095,3
1.3552806851209602e-20,0.0002795297768076882,8.422896497178687e-17,0.9997204702233099,3
6.663352379245246e-20,0.00043181456779489604,9.680269819664671e-15,0.9995681854334986,3
9.802293393307534e-20,0.00026174546436635187,6.7322117191446345e-15,0.9997382545359165,3
5.1271714123427014e-18,0.0002448395695854712,5.36600382868338e-12,0.9997551604258402,3
5.1296712718784936e-18,0.00023009553177975325,1.050875072371209e-11,0.9997699044567661,3
2.207542546154478e-19,0.00018042326459746785,7.593999339768728e-14,0.9998195767349071,3
4.490747789106605e-19,0.00024330678944006125,1.44432893682064e-14,0.9997566932123214,3
4.760464177148785e-20,0.0019801337194325537,1.8093618672508668e-16,0.998019866281146,3
3.641678597839722e-23,0.0053424874028423315,5.386641813109122e-23,0.994657512598198,3
8.55214597908177e-25,0.0044645241567673,4.791333382084757e-27,0.9955354758415215,3
4.363872062456878e-25,0.006152741762128846,4.375977190384502e-27,0.9938472582371205,3
2.10893188020798e-25,0.005171744796111566,5.6131596257517016e-27,0.9948282552026764,3
6.147100930420944e-25,0.0018946144301118073,2.388951594814362e-26,0.998105385569644,3
1.0734686857157232e-24,0.0016854947383599566,1.4168061358791168e-25,0.9983145052631954,3
2.353467718686867e-25,0.0031595983281680856,2.5130305586732987e-27,0.9968404016709023,3
5.7399342676227395e-24,0.008001821210501024,4.747923694608882e-26,0.9919981787878187,3
1.6047943146288568e-23,0.043256532391127284,4.549608150251587e-25,0.9567434676088566,3
3.673313942477089e-22,0.029669974785850192,9.580360811354395e-24,0.9703300252149467,3
3.570106745513228e-20,0.01443465735311709,3.60729365120602e-20,0.9855653426484215,3
9.035590012001915e-21,0.005458623860782342,4.480321896023144e-20,0.9945413761382879,3
1.8715937484525566e-18,0.0016559579569705742,1.2907485110145155e-14,0.9983440420446242,3
1.664111246008054e-20,0.0003077402900328638,2.7047295740520606e-17,0.999692259708178,3
1.904251708888525e-19,0.00038786649583228344,1.2839584253887106e-15,0.9996121335051488,3
5.60796069526205e-22,0.0025494721245749147,4.693424061978904e-19,0.9974505278772052,3
3.01988373940605e-20,0.0006373460458774298,2.7678734200731132e-17,0.9993626539537505,3
9.503900041850381e-22,0.0004724576253934736,3.828081025272476e-18,0.9995275423762654,3
4.651638953963384e-21,0.0002637350015301769,2.6510554081997024e-17,0.9997362649970668,3
4.0188953321596535e-21,0.0004235210818883944,9.094716203112656e-17,0.9995764789178886,3
9.427648259474671e-20,0.00028567828338354415,2.254054268712778e-16,0.9997143217181135,3
5.024470236558967e-22,0.0023923156611142327,2.6575562960414667e-18,0.9976076843371329,3
4.44703040305074e-20,0.00048376306153138265,4.457248504432367e-18,0.9995162369369135,3
1.0018520565551877e-22,0.0032634564273330666,2.0682635341732818e-19,0.9967365435716427,3
9.166159309294459e-21,0.00040727893563745674,6.186810916719864e-18,0.9995927210658326,3
1.8282114546797017e-21,0.0003813017605223846,1.3742334815685992e-17,0.999618698240637,3
2.5595112758804572e-21,0.00033493268508464095,1.8739499242597975e-17,0.999665067314098,3
5.216140200204423e-21,0.0003666348313900389,2.8254070188378456e-18,0.9996333651696188,3
5.869420058370323e-20,0.0028232931661425873,5.745420184667019e-17,0.9971767068349641,3
3.2253083850180566e-20,0.0023017391953891932,2.5215918634652766e-17,0.997698260803407,3
1.6079217702413256e-19,0.0007591136012993827,3.890808614157563e-16,0.9992408863973709,3
1.4154253119732015e-19,0.0005445521898734664,6.471500713055779e-15,0.9994554478091192,3
7.517040035670473e-21,0.00026531975924071237,4.2718418929261457e-17,0.9997346802398838,3
1.7627017280368368e-19,0.0005065974394467312,1.0017322437390292e-14,0.9994934025612848,3
4.2979393478482107e-19,0.0009583253919262653,8.11005703485413e-14,0.9990416746074485,3
7.548750029776621e-20,0.00021146917252609954,3.2679982801973436e-15,0.9997885308258565,3
1.3591930356932112e-19,0.00017507123081396097,2.3288127461410843e-14,0.9998249287709287,3
7.865762005717255e-19,0.00031056134754876396,2.534488113804665e-13,0.9996894386513507,3
3.3823064073969775e-19,0.0003865616811553634,4.9386071477190594e-14,0.9996134383174213,3
4.930282928063212e-19,0.00030402215689441037,1.602916843264284e-14,0.9996959778436036,3
9.220730530953607e-17,0.0008681341925520142,7.629778327072279e-11,0.9991318657296955,3
1.9061930725043874e-15,0.0006071814752286527,1.4438486325146938e-09,0.9993928170817146,3
8.771514351542251e-17,0.0003972850454152124,1.1695248928877134e-10,0.9996027148390313,3
3.328254571386854e-17,0.0002003141092964534,3.3065623404885124e-11,0.999799685856773,3
2.4175026153119164e-17,0.00030410045535497835,3.8100615426895955e-11,0.9996958995053671,3
6.457673900713949e-17,0.00030463998067420346,7.34272068267513e-11,0.9996953599463829,3
7.621334592968542e-17,0.00032009986641605507,1.417210346777748e-10,0.9996798999911444,3
7.665492255088197e-17,0.0002808595094055463,2.173934272606645e-10,0.9997191402745207,3
1.1319880567225599e-15,0.00019706783558985042,6.354122223458819e-10,0.9998029315294046,3
2.669831967343755e-16,0.0013845258507452615,2.0023059667981575e-09,0.9986154721465886,3
1.2291785796742826e-13,0.0002697413942873796,3.910995147702514e-08,0.9997302194963246,3
1.4846865172284297e-14,0.0012347157583094237,8.404547499847416e-08,0.9987652001947568,3
1.9982021341816056e-13,0.0005275442966205385,4.720183692475043e-07,0.9994719836855176,3
1.0545417607902247e-14,0.00023863034314100865,3.585435285529051e-08,0.9997613338018063,3
5.644964242850533e-15,0.00024800324109517253,5.23834329881015e-08,0.999751944375881,3
5.1085082544962085e-14,0.00022481505230409135,5.094646023863037e-08,0.9997751340000974,3
6.573001174621665e-15,0.0022329555462622806,4.387533450788212e-08,0.9977670005788098,3
3.2662590874181105e-12,0.0003637738030855859,2.4947309297304304e-07,0.9996359767205356,3
4.0122232820484314e-13,0.004301618999524803,2.060304557846414e-06,0.9956963206940985,3
2.2994464663239541e-10,0.0008923455680315402,2.053021219091232e-05,0.9990871239915102,3
9.686123586065597e-10,0.00876755055387827,0.0010675930580343186,0.9901648554197215,3
1.860239018797246e-08,0.003620470723131029,0.0017352875023106881,0.994644223171857,3
1.8164501053777455e-09,0.001601010648133566,0.0014628842371134192,0.9969361032982382,3
6.149636710419753e-12,0.0003862667866612292,1.261936497183806e-05,0.9996011138418973,3
5.684552599749141e-14,0.000247994361082593,1.5493212153046332e-07,0.9997518507066201,3
8.868884556241798e-14,0.00047592933045883796,2.991998913999406e-07,0.9995237714690177,3
4.72235493855276e-11,0.0005506784553904492,5.20034743627545e-05,0.9993973180222695,3
4.520894545323877e-09,0.007311451802833067,0.01458011499278111,0.9781084286818966,3
2.5507500743602543e-07,0.015298727759740966,0.1348585522530637,0.849842464911439,3
5.102903700250367e-06,0.007745732738311409,0.9218081950886693,0.0704409692679733,2
7.190091061649385e-06,0.0009772007466165944,0.989395186952962,0.009620422209957236,2
7.261029019897654e-06,0.0002461188626028344,0.9979060895756401,0.0018405305337021978,2
0.00016815546985951712,0.00036950204646034194,0.9994303347063953,3.200777586907326e-05,2
0.004456976512650325,0.00011789678798674401,0.9954195223748471,5.604323567989724e-06,2
0.06588190788038363,0.00015626012197445525,0.9339588694139813,2.9625831856050446e-06,2
0.27355882644581386,0.0004074647559686397,0.7260332669942231,4.4180270285236005e-07,2
0.9607733089012108,0.0005883184278550959,0.03863835771694765,1.4954699830654907e-08,0
0.9971709332387454,2.06926269994744e-05,0.002808373362265025,7.731851581157085e-10,0
0.9999215860047937,3.31642874567025e-06,7.509755127592289e-05,1.5713257408628654e-11,0
0.9999937679361681,2.38943192821048e-06,3.842630524558712e-06,1.3651175237909462e-13,0
0.9999956769773,2.2014708685528586e-06,2.121551950553073e-06,1.8141183191387466e-14,0
0.9999968996865247,1.826879172385286e-06,1.2734339337958907e-06,2.2736180347193915e-14,0
0.9999949219474514,2.1703729181765604e-06,2.907679458220722e-06,3.8598554753609226e-14,0
0.9999925811919257,3.2332542615588063e-06,4.185552988529246e-06,4.4124824224355167e-14,0
0.9999933263211325,2.0919016693991205e-06,4.581776453866079e-06,1.3621254194292632e-13,0
0.9999856753827844,3.2555209758153454e-06,1.1069096631306928e-05,3.249612630271106e-13,0
0.9999519171497508,4.972973163806735e-06,4.3109873349611824e-05,3.094557627717492e-12,0
0.9999462424791822,2.1355461311035806e-05,3.240205768710255e-05,1.00062812893955e-12,0
0.999927440918787,4.527784517015104e-06,6.803128322216435e-05,1.4625360634951165e-11,0
0.9999486977821666,7.170107166411602e-06,4.41321085195892e-05,5.520087208152671e-13,0
0.9999980413395942,1.8740085120929338e-06,8.465366492142331e-08,1.631679367888433e-14,0
0.9999980896591353,1.909121212950971e-06,1.2182769867710298e-09,1.2770964941273615e-16,0
0.9999987094678687,1.2791183240623826e-06,1.1413982070827543e-08,9.001371178130482e-16,0
0.9999987566087384,1.2324577835516805e-06,1.0932691975244419e-08,6.587259363215835e-16,0
0.9999983978717966,1.4503334484820216e-06,1.517948249995627e-07,2.3735589402347544e-15,0
0.9999978057700417,2.186662887832673e-06,7.567676759104986e-09,5.496170911895246e-16,0
0.999998283308396,1.7073498638271769e-06,9.342034513104848e-09,6.5155898050585e-16,0
0.9999984740582296,1.5199025222382643e-06,6.040298271162155e-09,5.93987171178441e-16,0
0.9999987797935487,1.211387413092239e-06,8.817254630807211e-09,1.373275806677157e-15,0
0.9999969806822371,3.0036115548186545e-06,1.5705769018340723e-08,9.174272142252148e-16,0
0.9999969903483177,2.9768801803138803e-06,3.277104456144824e-08,1.5509112429579248e-15,0
0.9999985803998315,1.3555613696156243e-06,6.403975448905012e-08,7.444201041102277e-15,0
0.9999967897908077,3.158327816545492e-06,5.1879662501359917e-08,1.7279748982577834e-15,0
0.9999961336036162,3.7414676650106616e-06,1.2492885874640788e-07,3.4026359010946174e-15,0
0.9999987108794026,1.2881944096946288e-06,9.274620499659074e-10,1.628302771169449e-15,0
0.9999968142161193,3.1855063060019313e-06,2.763112066977749e-10,1.3769243104636678e-16,0
0.9999978046531847,2.1946375300011563e-06,7.109387913197826e-10,5.446413070298209e-16,0
0.999998554293733,1.444352527463103e-06,1.3519352138061315e-09,1.4546669221081617e-15,0
0.9999943164673446,5.666936053112755e-06,1.6595165953041364e-08,3.445499415132497e-16,0
0.9999962864818202,3.7135193365808155e-06,2.56500748606683e-14,1.4670595418061199e-16,0
0.9999963041477797,3.6958506161839845e-06,4.214961979465014e-14,8.129888678702579e-17,0
0.9999967000785424,3.2999213971160663e-06,7.428545601901072e-14,1.2592015439735635e-16,0
0.9999965830306053,3.416969745354777e-06,9.85328096060284e-14,1.5996565359448545e-16,0
0.9999958120184986,4.1879818394391386e-06,6.552599649894858e-13,7.540024169580309e-17,0
0.9999984854559999,1.5141385035529614e-06,4.0368418876889634e-10,4.102723728640159e-15,0
0.9999906694755385,9.32954944113179e-06,9.745119970514535e-10,1.6533483880929545e-16,0
0.9999982812092859,1.7177397036520083e-06,1.051229388495696e-09,1.967348929518603e-15,0
0.9999984112158815,1.5607022676507013e-06,2.808212046660721e-08,1.5815102103047978e-15,0
0.9999984455728994,1.551453719066812e-06,2.9749641644629125e-09,8.580752643117621e-16,0
0.9999976118844055,2.387763040959741e-06,3.520078944771663e-10,2.8426565236297977e-16,0
0.9999979494517098,2.0505384317539502e-06,1.1128273973299938e-11,1.0283165956342979e-16,0
0.9999985950463135,1.404914946122621e-06,3.786806849336904e-11,1.9575473357344771e-16,0
0.9999980004924491,1.999500644624108e-06,6.720716852373158e-12,2.1741924807190848e-16,0
0.9999952206094875,4.779310129243482e-06,7.993990259518042e-11,3.761321201361853e-17,0
0.9999984739709182,1.5253793996272774e-06,6.490844091021559e-10,1.9720468836147022e-15,0
0.9999966306479483,3.367750051755019e-06,1.601521754964783e-09,4.2872777538489896e-16,0
0.9999984042928188,1.5840813484744175e-06,1.1625644906727232e-08,6.075754184201203e-15,0
0.9999939094017404,6.073492705627177e-06,1.7106963654286008e-08,1.0182437811661938e-15,0
0.9999969854370611,2.9081528757706892e-06,1.0641027818845389e-07,9.323333479990524e-15,0
0.9999975869133788,2.0575136709998564e-06,3.5557376561911756e-07,6.909891969776971e-15,0
0.9999986049998095,1.365983311164475e-06,2.90175355292289e-08,5.022813555585258e-15,0
0.9999948666722837,4.29253022302443e-06,8.407973446098133e-07,1.8733734498039417e-13,0
0.9998922077612984,6.573541020276441e-05,4.2055162297494064e-05,1.6675046151825681e-09,0
