regime_prob_0,regime_prob_1,regime_prob_2,regime_prob_3,regime_most_likely
1.0,1.2936305422843105e-51,6.253887325092881e-126,7.458381300739622e-65,0
0.9356686793223274,0.05319960788336138,3.2311122413941523e-19,0.011131712792636543,0
0.7960698731363177,0.19761974616327466,2.09369829310614e-06,0.006308287000549936,0
0.46072610682483417,0.5194180545130773,2.6134008541592873e-06,0.019853225259574867,0
0.02152160707794335,0.9021076583398793,1.978818493557638e-05,0.0763509463959723,1
6.234487285254043e-05,0.9406216312648977,0.0012244961668123138,0.05809152769464727,1
0.00026577107183873894,0.9977347360653404,7.059188979671996e-05,0.0019289009722099077,1
1.389362088253063e-05,0.9983301270635048,5.7548489552736325e-06,0.0016502244676160635,1
1.2735851110409324e-05,0.9995590880114964,1.0619093172292655e-05,0.00041755704359276,1
5.042813118933824e-06,0.9995214737603494,6.356359490081818e-06,0.00046712706561148143,1
2.8996715347715744e-06,0.9997946971006823,1.9758923665131132e-05,0.00018264430574513056,1
4.8529923220309835e-06,0.9998106517966715,1.7959896029722135e-05,0.0001665353147469467,1
5.679155582952953e-06,0.9998249269049723,0.00013076977537499818,3.862416326347969e-05,1
3.102638193983325e-06,0.9996787452778165,0.00024140868494368866,7.674340073225992e-05,1
5.519599330637762e-07,0.9989137986979312,0.0003544768766396296,0.0007311724663277441,1
2.237752131446508e-06,0.9973519237756798,0.0023707704524092025,0.0002750680181437901,1
6.507895824945159e-06,0.9851307816589129,0.014759512398973267,0.0001031980473167252,1
1.3952746124063446e-06,0.8979735045561404,0.10112686373531432,0.0008982364334119183,1
5.44775159267228e-07,0.2925148497744943,0.7068897125118918,0.0005948929369390417,2
3.7996583962498826e-08,0.08498643490310355,0.9146419324646147,0.00037159463462389043,2
4.3154939467999006e-08,0.007673385384159587,0.9922479228017629,7.864865938158802e-05,2
1.5152843530678777e-08,0.005210526922692169,0.9947026168227917,8.684110280458398e-05,2
4.422224520333926e-08,0.017324940778964813,0.9825898773799697,8.513761944513174e-05,2
4.614065613153301e-08,0.04881211432649888,0.9509936730186291,0.00019416651527296455,2
2.83074464443873e-07,0.0662485545910918,0.9336854063634978,6.575597269489759e-05,2
3.234710615113956e-07,0.09587907797449283,0.9039027183982865,0.00021788015573197007,2
5.299870162042689e-07,0.22770050111102463,0.7720075118356577,0.00029145706726125615,2
9.647256542222766e-07,0.3577178119828094,0.6417835478358014,0.0004976754556479487,2
1.4604681521077933e-06,0.5649000379605597,0.4344581139299424,0.0006403876413383205,2
1.929988079600797e-06,0.9620745124243749,0.0370455411179447,0.0008780164710827135,1
1.199648209895831e-05,0.9978976263247081,0.0019342900741093276,0.00015608712060658305,1
4.956896677446552e-06,0.9995538525218928,0.0003942939932897788,4.689658908657854e-05,1
9.013247314211582e-06,0.9998870302011789,7.595466830254807e-05,2.800188413370829e-05,1
5.368662730046098e-06,0.9998847436723091,4.885642819363524e-05,6.1031236520171015e-05,1
3.972264187710893e-06,0.9998583173699652,6.666992790975584e-05,7.104043740160266e-05,1
5.659477176414326e-06,0.999851973417541,9.795001358097866e-05,4.441709243774769e-05,1
3.017354690609055e-06,0.9996831330479031,0.00022469682503556087,8.915277108155782e-05,1
3.9104139184826535e-06,0.9988440984487916,0.0010926577418857186,5.9333395036975566e-05,1
3.5717197586503323e-06,0.9980616146853224,0.0018676859689428535,6.712762620652992e-05,1
3.5484729846409636e-06,0.9972734219212138,0.0026652736286877257,5.7755978007794384e-05,1
3.4332875536771205e-06,0.9948089837313275,0.005061749603926633,0.00012583337704950815,1
3.874419194567643e-06,0.9884883163264085,0.011368637464791588,0.00013917178948698035,1
4.278185893261001e-06,0.9759957153567095,0.022838455429481874,0.0011615510262708555,1
1.5626425179602284e-06,0.9889105803584458,0.009288573020818765,0.0017992839773347676,1
1.7458053059331673e-07,0.9923621115645412,0.0005398696204626925,0.0070978442360975676,1
6.659170985637284e-06,0.9994402569332681,0.00014546417292950542,0.0004076197226843834,1
3.4543339747527276e-06,0.9996872949566533,0.00020039850590473077,0.0001088522026394062,1
3.5637915984582344e-05,0.9998933812474439,1.922572826841865e-05,5.1755108914677e-05,1
2.316319056407156e-05,0.9998966155511738,1.428325074358546e-05,6.593800717174893e-05,1
3.34277791768627e-06,0.9998313635258972,3.125728758476383e-05,0.0001340364082013803,1
5.48795349956222e-06,0.9997406551800169,0.00021937954673920763,3.4477319495860285e-05,1
4.160545468253902e-06,0.9994029491875274,0.0005406775357308051,5.2212732752392624e-05,1
4.092447921349264e-06,0.999743475366638,0.00020055034444911967,5.188183933349864e-05,1
3.689702108367187e-06,0.9996727358745291,0.0002582322266535368,6.534219848591809e-05,1
4.039256984713557e-06,0.999760856754864,0.00018529388340055063,4.9810103812932804e-05,1
2.61407737303646e-06,0.9998196595240063,7.768050134027436e-05,0.00010004589789456044,1
2.4826647565421333e-06,0.9998604053161311,6.593052129392408e-05,7.118149788486094e-05,1
5.104638609418878e-06,0.9998662627236825,7.548932645024156e-05,5.314331119760424e-05,1
4.558159673485286e-06,0.9998651624156125,6.0712710583253883e-05,6.956671442935125e-05,1
9.666378502721485e-06,0.9999158721176312,3.438745258162434e-05,4.007405195740591e-05,1
3.929684525507906e-05,0.9998144022170231,8.644819199727666e-06,0.00013765611784195765,1
4.6412781635655914e-05,0.9998712400076862,1.5056992332277281e-05,6.729021695360217e-05,1
4.841330146063609e-05,0.9997522863629579,0.00013901633039894155,6.0284004051853004e-05,1
2.133885133086219e-05,0.9945920490215276,0.005221295662382654,0.0001653164657009839,1
1.0621981659050397e-06,0.8696243447045784,0.12900404361838205,0.0013705494794382992,1
3.0170607971348124e-06,0.6572399611427726,0.3420485417483832,0.0007084800476826261,2
1.6636718935233764e-06,0.6300911072628386,0.36945481705654304,0.00045241201013995557,2
4.631043505841709e-07,0.5780509821934937,0.421050909539826,0.000897645161950728,2
1.1185086486363784e-06,0.3722633014848095,0.6272401787170239,0.0004954012878880736,2
9.89430040558899e-07,0.2879519585325064,0.7118499293278243,0.00019712271114744439,2
4.877531471507626e-07,0.19855006524446642,0.8011937932756675,0.0002556537251230672,2
7.9246543959761e-08,0.11949187384637842,0.8802561665324549,0.0002518803747334018,2
6.641954103154088e-11,3.960785693947903e-05,0.9997521464991473,0.00020824557758880648,2
2.7189513222417046e-11,7.540308942694552e-06,0.9999842344083348,8.22525498734469e-06,2
1.331725989898497e-12,2.399904589431511e-05,0.9999643679093532,1.163304263240677e-05,2
1.6549118069365004e-13,7.701690609040592e-07,0.9999930863507668,6.143479883236388e-06,2
3.4529781073091946e-14,4.5883675101258386e-07,0.9999956416854208,3.899477947244456e-06,2
4.349440749613643e-14,1.4878781565727368e-07,0.9999967259954182,3.125217619872023e-06,2
1.6159586552218313e-14,1.6113029740737582e-07,0.9999902708769132,9.56799218691215e-06,2
4.741142972836087e-13,9.546424795220662e-07,0.9999949944811072,4.0508766712217916e-06,2
2.3572472120425844e-13,9.128647266218876e-07,0.9999823723545248,1.6714780367162528e-05,2
1.6823617735054072e-14,1.0651393277873214e-07,0.9999551462443055,4.474724345501415e-05,2
1.9256987269663214e-13,1.977967052537224e-07,0.9999949593857019,4.842816763542572e-06,2
3.708630114640167e-14,2.0312467112508878e-07,0.9999948345781999,4.962298755705042e-06,2
8.693843181127146e-15,1.5564548950788143e-08,0.9999952236108057,4.760825533433051e-06,2
1.2692799301268329e-14,1.9794096625663188e-09,0.9999964286134965,3.569405862485086e-06,2
1.092448573599967e-14,4.498539170798464e-09,0.9999854714006176,1.4524099178801373e-05,2
3.8138672014712787e-13,3.291897097003718e-11,0.9999740589864423,2.5940981777099684e-05,2
5.698915380976508e-16,1.1399873235281614e-10,0.9992955396668682,0.0007044602204794812,2
3.397290571772998e-13,3.4805057520339435e-11,0.9999928973299885,7.1026348378204366e-06,2
1.60370683906465e-15,1.9854646724669975e-11,0.99999003094366,9.969034958455097e-06,2
2.883404642842984e-15,1.3231263375206133e-11,0.9999932478213528,6.75216369235234e-06,2
1.0919604706862952e-15,3.30556345781082e-11,0.9999919705655375,8.029401221517873e-06,2
2.986002992457179e-15,5.0768875785311256e-11,0.9999963959554778,3.6039928148071344e-06,2
1.4253061677462626e-15,8.496485436552548e-11,0.999991649876694,8.350037682711872e-06,2
1.901562805154877e-15,4.2186865136155355e-13,0.9999947148056495,5.285192153761002e-06,2
2.70025623015116e-16,2.8747637364141617e-15,0.9999804365346884,1.9563465689516936e-05,2
5.645082085303892e-16,1.6010339178870278e-13,0.9999885954562194,1.1404544546942421e-05,2
1.1403689954173133e-15,1.7440097874861873e-13,0.9999935319092399,6.468090078035274e-06,2
4.934800535969004e-16,3.953135842269425e-13,0.9999889157111687,1.1084287949232325e-05,2
6.584689110184103e-16,1.910965829085212e-12,0.9999923902285771,7.609768703777285e-06,2
2.804605780849562e-15,2.018676770737682e-12,0.9999944717535995,5.5282450239923374e-06,2
6.905773013731062e-16,1.183818144096525e-13,0.9999793090677138,2.0690932044682082e-05,2
1.1889468386010608e-15,2.4920219814532617e-16,0.9999488981117637,5.110188812495663e-05,2
2.5143732825180926e-15,1.884611019161804e-17,0.9999759399818233,2.406001813352045e-05,2
1.0375003569602985e-14,6.437151374094126e-17,0.9999558358252363,4.4164175949845764e-05,2
8.301930934285597e-16,1.2455614912243615e-16,0.9997217321880517,0.00027826781339510914,2
1.045931998561094e-14,1.9672167420276477e-15,0.9999558000145552,4.419998679212696e-05,2
2.1913577075705427e-14,5.899599307186709e-15,0.9999776765962145,2.2323405488532525e-05,2
8.949409481825356e-16,1.6802803494754884e-16,0.999865377744029,0.00013462225577519932,2
2.0271522633211945e-15,1.028555770217227e-14,0.9999744740436771,2.552595766145585e-05,2
4.5105502071173365e-15,4.9231343665985047e-14,0.9999902191089797,9.780889608693395e-06,2
6.104161974346608e-16,1.5040950004907136e-12,0.999976585453081,2.3414544200887824e-05,2
1.0111518413081434e-14,8.656938093244461e-14,0.9999850937257682,1.4906274578938312e-05,2
5.717724362643248e-15,3.73943316005437e-08,0.9999126214330661,8.734117421509864e-05,2
2.1121215747090936e-14,6.91496218365136e-11,0.9999954824117774,4.517519106872263e-06,2
9.674264046413764e-16,1.570785908425039e-11,0.9999961778921999,3.822092506045537e-06,2
4.7098871184178245e-15,3.1172940714962303e-11,0.9999927392827723,7.260686075108393e-06,2
1.1271073538954322e-15,4.0577055430010303e-11,0.999971648858168,2.8351102027917934e-05,2
1.0569796226623352e-14,1.963821481969878e-10,0.9999962686121348,3.7311928661941367e-06,2
2.3899629823249854e-15,3.427749331180697e-10,0.9999957830275673,4.216628639706722e-06,2
2.17961149854175e-15,9.397404687296941e-10,0.999992488395055,7.510665308877515e-06,2
1.6297034440647984e-14,2.95512009360396e-08,0.9999956295455384,4.340903153489428e-06,2
1.0318572742722591e-14,7.656200745805361e-08,0.999995660530069,4.262908045423116e-06,2
3.9777946411989234e-14,1.5938992097785338e-07,0.9999964431326182,3.3974781454438587e-06,2
1.5281437401492425e-12,6.470558484449153e-06,0.9999874448355148,6.084603349454522e-06,2
1.0643398856771038e-11,0.00010182801827302357,0.9998704986687954,2.767330055864746e-05,2
2.4262990080969036e-11,0.0001814477194728083,0.9997836048524303,3.494740465405789e-05,2
2.3283874508739735e-11,3.530621771066085e-05,0.9999576791239374,7.014634012517109e-06,2
4.319874991033995e-12,3.217993179529703e-05,0.9999588320822571,8.987983098768871e-06,2
9.630359046993259e-11,3.62665639088418e-05,0.9999539105336668,9.822804439174905e-06,2
2.2139037971289756e-09,0.004792588214615861,0.9951041326039486,0.00010327696646825439,2
6.868156703559758e-08,0.10627177340506845,0.8930941267882778,0.0006340311245172274,2
7.773824441274135e-07,0.4986812335174403,0.5004953650424545,0.0008226240568638032,1
2.2446375429289102e-06,0.8142051782853164,0.18530507905828067,0.0004874980174266751,1
8.010861657118428e-07,0.9695401946518639,0.029419300486588223,0.0010397037771406803,1
5.832649735851746e-06,0.9907349579658574,0.009176771504864449,8.243787929932927e-05,1
3.1579118132742776e-06,0.9941016157105694,0.005397372326145504,0.0004978540531473364,1
0.0002994880855268861,0.9962145898508731,0.0024217725159881836,0.001064149546429232,1
0.022841495702896626,0.9736392644727463,4.843770475739021e-05,0.0034708021184670697,1
0.1648836391858244,0.8288403257690832,9.96540165222437e-06,0.006266069643635177,1
0.3350642048615748,0.6509606735780983,3.72993815547779e-06,0.013971391620823753,1
0.5851905490413662,0.40061409644320395,1.9348982194887307e-06,0.014193419616498882,0
0.8362201203222587,0.15773391117920238,1.5660399602733594e-06,0.006044402459800545,0
0.9865680377070157,0.003513522070162443,9.780068446080903e-09,0.009918430443818576,0
0.9991058429270518,1.5256078863966734e-05,9.609495725300455e-11,0.0008789008972871276,0
0.99965610220912,3.7154003663543245e-07,1.1391978861734459e-12,0.00034352624953985994,0
0.9997293318729671,1.7314909534216138e-07,5.691668776078044e-13,0.00027049497557626645,0
0.9995811169253711,4.5858322176619917e-07,4.131442337196784e-13,0.00041842449052224595,0
0.9998074708898154,2.812944139196038e-07,6.35490228040579e-13,0.00019224781587454505,0
0.9996864701505058,1.3696261573705958e-07,5.426833235637238e-13,0.00031339288588215324,0
0.9988698915797978,8.262867159123855e-05,2.9138035045006844e-10,0.00104747945589015,0
0.9974878053705982,2.847469495646695e-05,2.920385937194101e-10,0.0024837196428985926,0
0.9967906907523978,0.00011084774954109863,3.934664690709693e-09,0.00309845756209677,0
0.9918695655385708,8.104467391799882e-05,5.140048741603085e-10,0.008049389272006734,0
0.9989533832183145,3.6666859192863846e-05,5.452338003515088e-10,0.0010099493756645097,0
0.9995491982519367,4.187594929901574e-05,1.1807565055656284e-10,0.0004089256819943441,0
0.9996560848001046,5.098410469630368e-06,6.358450526730733e-12,0.00033881678126353344,0
0.9997189592195415,5.890219659077128e-07,1.0695817781490225e-12,0.0002804517589484495,0
0.9995941059394499,4.8645557183005715e-08,1.2683225432886247e-13,0.00040584541612436137,0
0.9996138552505458,1.1104533482552614e-06,3.039439614841689e-11,0.0003850342657346618,0
0.9933898959957463,6.0635099459921395e-06,9.085213849569568e-12,0.006604040484498895,0
0.9987747516921079,0.0003201249038973705,2.2513243393206878e-08,0.0009051008921187101,0
0.9958088766459814,0.0005981829345804642,7.284259047012705e-09,0.0035929331368809167,0
0.9949768536988803,0.0005724704650992112,3.4507129280673037e-09,0.004450672384107125,0
0.999187377938671,0.00021731012715344095,3.7997510597063385e-09,0.0005953081343709313,0
0.9988883229692578,1.1031992073258082e-05,1.0454105448312752e-10,0.0011006449345924523,0
0.9976846631720799,1.0405268904832369e-05,1.748339691759645e-11,0.0023049315403384247,0
0.9994395502699185,8.842265268934117e-06,1.628552531738249e-10,0.0005516073026194356,0
0.9987613969770384,3.801439314530934e-06,7.1741727394806265e-12,0.001234801576289371,0
0.9996188009998123,6.181922728276116e-06,5.401484910999354e-11,0.00037501702259416835,0
0.9989840245670513,5.067241274897372e-06,3.8772817901232365e-12,0.0010109081872443746,0
0.9997787928559314,2.751182349571835e-06,8.525920044962225e-12,0.00021845595235652233,0
0.9996879568437853,4.6802948781267925e-06,6.810040340809201e-12,0.0003073628528108314,0
0.9992702465474638,1.0004067819367799e-05,1.2873423478901028e-11,0.0007197493730171498,0
0.999606471523376,2.193155355100928e-05,1.227875442464032e-10,0.0003715968008265829,0
0.998605280096286,0.00027858183054780167,7.157419673512802e-10,0.0011161373588175444,0
0.9950243737704451,0.002897308289898243,1.995492259884212e-08,0.0020782979857104558,0
0.9139613373186546,0.07764410282252304,2.0615076820152379e-07,0.008394353706875482,0
0.16356725392053037,0.8295873648236304,3.4707596905366042e-06,0.006841910495923928,1
0.06832412844444047,0.9234749993554319,1.3752088128942022e-05,0.008187120111111282,1
0.059723207570597646,0.9244662213896006,9.502810617775248e-06,0.015801068227884227,1
0.10909425863951237,0.884268715491863,2.0656617980417327e-05,0.006616369250946803,1
0.5006025323063169,0.4681932615889528,1.3672525249160569e-05,0.031190533579116653,0
0.6549945025735645,0.2357371410756186,5.12621307707656e-07,0.10926784372821872,0
0.8701695579708603,0.1191700537093753,1.585175347710312e-06,0.010658803143719442,0
0.9298193951549711,0.06147535649028931,4.1406306828053186e-07,0.008704834290057533,0
0.9492174513534715,0.045597990592949125,3.2007563427530925e-07,0.005184237979485418,0
0.9598244333453135,0.038629540327723165,2.4453565105486136e-07,0.001545781789884741,0
0.9551029636470076,0.04241951001025082,3.422670863834943e-07,0.0024771840769434884,0
0.8683479690402849,0.1254560909860706,5.671539857577249e-07,0.006195372820486496,0
0.5709387037961234,0.3787792887461538,1.1356993303130918e-06,0.05028087175779804,0
0.1684994390094001,0.8096656168295135,7.310315921910605e-06,0.021827633845473964,1
0.0490895108349701,0.9486641880489103,1.2521994823877082e-05,0.0022337791199960196,1
0.011913815929726942,0.987374256169739,8.782689790957526e-06,0.0007031452118487247,1
0.003246565149398088,0.9965518661992436,9.664620886825842e-06,0.00019190402988599522,1
0.00030207203437082944,0.9995608489129886,2.118985024622873e-05,0.00011588920350769528,1
1.089851139630579e-05,0.9994314480360916,0.0004913755213366432,6.627793224407718e-05,1
4.104123737927229e-06,0.9964398290549236,0.0034953257105788957,6.074111049137797e-05,1
1.902699062184184e-06,0.9902485960511909,0.009422748829677384,0.00032675242120191165,1
1.0379680473200881e-06,0.978040728009621,0.021685957644427736,0.00027227637843033075,1
4.597405452220242e-06,0.9552825086565052,0.04455642845959653,0.0001564654799322199,1
2.291125501234837e-06,0.9504527554501268,0.04920079252982267,0.00034416089477680965,1
2.0794246710407306e-06,0.9573684284763108,0.04247226044329017,0.00015723165673418103,1
1.9218876940868567e-06,0.9632805881622843,0.036563993765940356,0.00015349618551692358,1
4.107635143811535e-06,0.9673256136901712,0.03258405350995826,8.622516640862467e-05,1
1.878154428772287e-06,0.9678736784677389,0.03130873320200305,0.0008157101755044744,1
2.1409653320648073e-06,0.9871988252437641,0.012501945281802351,0.000297088509689336,1
2.211913741181052e-06,0.9977784360240151,0.0021240975335365723,9.525452978419634e-05,1
1.2219665266217944e-06,0.9992517755207097,0.0005407411080833023,0.00020626140371882458,1
4.156762528269934e-06,0.9996917099134051,0.0002497117715408345,5.4421551555226783e-05,1
2.0047121073978912e-06,0.9992171368679658,0.0001354436839885908,0.0006454147360303245,1
2.6780249066197706e-06,0.9997140602185596,5.9669386779555894e-05,0.00022359236811390746,1
4.4178982617135e-06,0.9998705942770519,5.952723256425363e-05,6.546059031421263e-05,1
3.684479331154192e-06,0.9997972294429569,0.00010359706776682039,9.548900981143222e-05,1
3.5669944858219537e-06,0.9998890979605594,3.580439674813415e-05,7.15306495298076e-05,1
1.0586363391296807e-05,0.9998814552657211,3.825635713129816e-05,6.97020150928842e-05,1
0.00014166934974641233,0.9997423210490536,2.3152459470706146e-05,9.285714350544349e-05,1
0.0017387251126225495,0.9980685903595143,1.618817659920427e-05,0.00017649635017881707,1
0.014391247838634073,0.9832959807876949,9.120428973384625e-06,0.0023036509429858695,1
0.0855132925220557,0.9050596048079783,2.0672056204732767e-05,0.009406430612227035,1
0.485805522528485,0.4606464335379514,2.3570599827624975e-06,0.05354568687218857,0
0.7454618322731116,0.24430884080743412,1.512097913820175e-06,0.010227814820229003,0
0.9055636243705816,0.08848552640223702,1.5135976791742048e-06,0.005949335631083709,0
0.977296912722151,0.010745176911660888,4.149961497963024e-08,0.011957868867700543,0
0.9979392417752718,0.001012695266469193,3.731960540811761e-09,0.0010480592249561512,0
0.9995303821284679,6.27203294728209e-05,1.8498667166199326e-10,0.00040689735593872053,0
0.9996512365011205,1.327194231911556e-05,2.4045905787916667e-11,0.000335491532498539,0
0.9996878999599161,3.3124813182909493e-06,3.649888763181193e-12,0.0003087875562842711,0
0.9997560418745264,2.0598667344226256e-06,3.9742979647538945e-12,0.0002418982559612721,0
0.999474851688474,2.6701884167037037e-06,1.4276639869361214e-11,0.0005224781093740458,0
0.9975270534498655,4.483228676718243e-06,7.969681407116062e-12,0.002468463313627797,0
0.9994659237698077,6.675034985887445e-07,4.181134269851886e-12,0.0005334087210196963,0
0.9997989104171826,1.558336325084435e-08,6.036420880366964e-14,0.0002010739993193289,0
0.9997255152659014,7.3402656822441484e-06,6.194758540743951e-12,0.0002671444612337842,0
0.9995267157019826,2.834838447435394e-05,1.6799800296944783e-10,0.0004449357449749309,0
0.9918766626922784,0.0005338595692169557,5.467990237894608e-10,0.007589477191280747,0
0.9964452602228984,0.0006039459475273192,7.917006905573627e-09,0.002950785914118227,0
0.9989922588861806,0.0003905754462156416,3.1699555189708214e-09,0.0006171624978659817,0
0.9993147119077632,5.621395568408258e-05,6.086019711347524e-10,0.00062907352940759,0
0.9984267057831148,2.644773917230802e-05,5.94268472505778e-11,0.0015468464177427884,0
0.9993907818343398,9.84202074515318e-06,2.957006843934783e-11,0.0005993761163381835,0
0.9997703426742456,3.794571240840924e-06,1.5788287412615326e-11,0.00022586274030201423,0
0.9992578193605975,1.0539424427273903e-05,9.423060201106792e-12,0.0007316412065599425,0
0.9995469112374463,9.19199025253152e-08,3.7432713390770863e-13,0.0004529968423305627,0
0.999794516657623,2.407943481605725e-08,3.106655812727307e-13,0.00020545926293986282,0
0.9991849592194335,1.9222753035875363e-12,3.0080063899427913e-17,0.0008150407804268088,0
0.9998020968727213,4.188062556283549e-13,8.410198126732374e-17,0.000197903128573823,0
0.9998524540981159,1.0633167223570312e-12,5.727063152905289e-17,0.0001475459020228351,0
0.9997277294000931,4.287473909691507e-14,7.886312059528724e-18,0.0002722705993121887,0
0.9997235972662063,1.1064857093722251e-14,2.335872036181378e-17,0.00027640273497679766,0
0.9989470748003101,2.5585464942960137e-18,6.229976409097874e-20,0.0010529251989232324,0
0.9996766868308781,7.331901003510229e-18,1.6366777898089161e-18,0.00032331317071522655,0
0.9989395529993327,1.0832521678733566e-19,9.970897647164401e-21,0.00106044699887361,0
0.9997261940357536,4.44763820479632e-18,4.754025968450845e-19,0.00027380596385911997,0
0.9996658002561332,4.831137399804341e-17,1.5803596895282375e-18,0.000334199742996799,0
0.9981855567173851,4.0046796469469925e-17,1.8518115021759155e-18,0.0018144432843568686,0
0.9992608237412531,2.0947184367952654e-17,1.1191263235076477e-17,0.0007391762582333767,0
0.9984056992993104,2.7639258258954045e-19,4.349804976129752e-20,0.0015943007015178181,0
0.9995854875137281,1.24963460855084e-18,6.643180949749339e-19,0.00041451248602489586,0
0.9994541637682509,6.273793725398212e-19,4.984376028148137e-20,0.0005458362330461391,0
0.9995930222114787,4.9218329773079095e-18,6.645860084465238e-19,0.00040697778898493407,0
0.9988463967042635,5.9228975563221535e-21,4.234578752629065e-20,0.0011536032967001016,0
0.9986706197876889,8.690464878189325e-21,3.307814828479045e-20,0.0013293802139396293,0
0.9995197686571095,9.106597025218191e-20,2.112730327637138e-19,0.0004802313429056048,0
0.9989573376296457,2.1189871039032187e-19,1.1964721940779775e-19,0.0010426623692236907,0
0.9993823006290147,1.8466570958913118e-19,1.302675688402475e-19,0.0006176993714646589,0
0.9995728527520842,6.746035723393996e-18,4.266025987132666e-19,0.00042714724699405906,0
0.9997086090189654,5.23598918970336e-18,4.694816684408848e-19,0.0002913909811500264,0
0.9992139111017511,7.700408319536829e-17,1.8275538352635973e-18,0.0007860888967017699,0
0.9987306205413982,2.493252497466366e-19,1.3414702259973037e-19,0.0012693794588179612,0
0.9996308902248364,2.1244692369358606e-19,1.6435403150689438e-19,0.00036910977384882585,0
0.9995736524385938,4.0479267127844493e-19,5.640958122566284e-20,0.0004263475598642635,0
0.9996906066951868,3.909944448136987e-18,1.9752977058369921e-19,0.000309393306202168,0
0.9996732776688388,1.6294971031726366e-18,9.250432958886172e-20,0.0003267223319372528,0
0.9995324997672919,4.9832706310799765e-19,6.77783851279426e-20,0.00046750023399757715,0
0.9995094604187339,9.184173817032137e-19,2.3801080204585526e-19,0.0004905395811066639,0
0.999426498527114,1.524762915480872e-20,4.518665892554184e-20,0.0005735014716865523,0
0.9992281058843715,2.2638534954758236e-19,3.729103571609254e-20,0.0007718941150346233,0
0.9995880690622423,3.767748705882256e-15,2.1492725404504642e-17,0.00041193093667046165,0
0.9995869242298343,5.123820649987372e-15,1.3192596384666186e-17,0.0004130757700340928,0
0.9994733298968632,4.343817587019566e-15,6.754279630272808e-18,0.0005266701035140543,0
0.9997957312062613,2.907218223168651e-16,1.755410246274812e-18,0.00020426879254990373,0
0.9997400395719718,5.585216698215289e-18,9.287426214591406e-20,0.0002599604286430667,0
0.9997251001847071,7.724748765295915e-18,5.025145377896035e-19,0.0002748998146006531,0
0.9990324610044342,6.5924799139714626e-18,4.184025233965742e-18,0.0009675389938272073,0
0.990048317982288,2.5622153207506745e-17,8.096359565915334e-17,0.00995168201912867,0
0.8567496226625748,1.0608019799167056e-22,6.111197544600351e-19,0.14325037733630913,0
0.1889845955682647,7.705691938595962e-25,1.5748762475531426e-19,0.811015404430495,3
0.015422340524911926,7.897837307033848e-25,5.724789832404632e-20,0.9845776594768426,3
0.8056292706977998,1.0916263930391803e-23,1.6019033808396962e-18,0.19437072930282256,0
0.9356100412325232,2.3366364007952005e-22,3.809516213694413e-19,0.06438995876853296,0
0.9951518130605218,3.708022608976667e-20,3.2833729285441856e-18,0.0048481869406563835,0
0.9986436444645922,3.9103686177583016e-21,6.059349475348368e-20,0.001356355534637384,0
0.9994707379728591,1.254000839530057e-19,1.7779533234865277e-19,0.0005292620279657687,0
0.9994952907756727,2.5193126879196286e-18,2.069014768623854e-19,0.0005047092258027678,0
0.9993981637683205,4.924305622851297e-17,6.1331684998572815e-18,0.0006018362322826557,0
0.9963562585195817,1.6247735278733517e-18,3.184145917692963e-19,0.003643741479866876,0
0.9995698344112829,3.2938637826741e-18,5.2282634063370435e-18,0.00043016558906293275,0
0.9987643819121016,9.772299320742363e-16,1.5308274001060985e-18,0.0012356180885527749,0
0.9998097392555958,1.0369383131362119e-13,1.0424747314317128e-16,0.00019026074328103826,0
0.9996871657506047,1.0682007278864248e-16,2.0142613987089492e-19,0.00031283425069026586,0
0.9997716392621223,4.708306185836607e-17,2.7118425243651562e-19,0.00022836073739321866,0
0.9998124823772769,2.722674995035241e-15,2.5385986419663294e-18,0.00018751762265725432,0
0.9996821632996172,1.9960149302726347e-14,6.140242628513234e-18,0.00031783670211747456,0
0.9997925086897482,1.3999918214942974e-13,6.0381721685844e-17,0.00020749130968994548,0
0.9993508671439575,7.742441586503061e-14,8.054933694383032e-18,0.0006491328554842123,0
0.9998010084454295,2.2732464481275481e-13,1.431499378458933e-16,0.00019899155359085846,0
0.9994189596416899,8.800630109900143e-12,1.5287062924390253e-16,0.0005810403508146364,0
0.9998535079711156,1.3950723199003131e-12,1.3519017658870394e-16,0.00014649202819633477,0
0.999803229024735,1.9910996846058718e-11,1.0907719229636335e-15,0.0001967709546743839,0
0.9988170465221196,2.2767439875439561e-10,3.478818203386182e-15,0.001182953249455196,0
0.9994452366379512,1.583114497314738e-10,5.2453640259124775e-15,0.0005547632045366904,0
0.9998448568746021,8.410795574278183e-10,1.3373101274757544e-14,0.00015514228299917773,0
0.999662436626971,1.3478444418924818e-10,1.1161180335085275e-15,0.0003375632397635095,0
0.9997369445088959,9.082797837266043e-11,1.1175114774933836e-15,0.00026305539954135095,0
0.9998670367277755,9.101872492598883e-10,6.5559833793273295e-15,0.00013296236081813948,0
0.9996685801689013,8.004632774430969e-09,1.0291539633788844e-14,0.00033141182659984195,0
0.999728702618627,5.4202131590819245e-09,3.000422197499436e-14,0.00027129196156228634,0
0.9994513035911177,6.6974073561473055e-09,3.975488058471042e-14,0.0005486897097365392,0
0.999581935153518,9.099981559857571e-09,5.652494507577715e-14,0.0004180557450391093,0
0.9997964086707344,8.267174145569124e-07,8.004883586242844e-13,0.0002027646094460955,0
0.9997783828519323,2.496475291837267e-07,2.013457037442461e-13,0.0002213675002811245,0
0.9997960554731493,3.3834054679437155e-07,3.158930041446268e-13,0.00020360618464287554,0
0.999768420453124,1.6122904280182144e-07,1.5257974757984353e-13,0.00023141831613819424,0
0.9997966404246642,3.593230727473552e-07,2.728206746514498e-13,0.00020300025178809596,0
0.9998051810365525,1.7887400059375264e-07,1.3836542687878802e-13,0.00019464008859259842,0
0.9997533219704303,1.1961098175594976e-07,7.193823501617717e-14,0.00024655841915016517,0
0.9998130826150575,3.886525406204759e-07,2.6000567214049594e-13,0.0001865287333444935,0
0.9997826517122861,4.3117556413139564e-07,7.924223602810953e-13,0.00021691711085825293,0
0.9992781515507358,6.650277494628652e-07,8.157012111159114e-13,0.0007211834208709967,0
0.999470382963216,2.8312470722361656e-05,9.016528195272871e-11,0.0005013044760010891,0
0.9994772721130092,1.580674174136614e-05,4.4384372372243396e-11,0.0005069211013143097,0
0.9995247584449289,0.0001161353652543148,3.6145189468156446e-10,0.0003591058286805974,0
0.9992572362874999,0.00010036143803097333,5.457731635205023e-10,0.0006424017301732623,0
0.9988092719044818,7.412390914692007e-05,5.441702131455728e-10,0.00111660364223136,0
0.9986261577685741,0.00012558743926345992,3.873943154858737e-10,0.0012482544038209453,0
0.9990561282452317,0.00036110471008387327,3.4276012826160873e-09,0.0005827636152749935,0
0.9979923639161404,0.0007246241765300227,4.285186956028449e-09,0.0012830076205156702,0
0.9972584346176897,0.0016848101507473158,1.661631113136605e-08,0.0010567386162777474,0
0.9688800067251422,0.012290713624886235,1.7362893198218915e-08,0.018829262286257538,0
0.8730440549336163,0.10852094929940212,1.5549152721801722e-06,0.018433440851414195,0
0.18571352820324988,0.8038358640009704,3.971977091373078e-06,0.01044663582019083,1
0.013271955504739967,0.9856900776532936,3.641945046961737e-05,0.001001547393102403,1
0.0007150071491840316,0.9990003273182096,0.00017487948771873212,0.00010978604326801949,1
2.7392203371346454e-05,0.9975108588378255,0.002395484017109965,6.626494103103229e-05,1
4.786649812983894e-06,0.9799515254836078,0.019909489816407153,0.00013419805159657107,1
2.536392740075269e-06,0.896807145277124,0.10293519457633694,0.00025512375199385326,1
3.4667553300257603e-06,0.8443659891417674,0.1554763288847266,0.00015421521882215552,1
3.4682806848493027e-06,0.8115321932051268,0.18834160146770795,0.0001227370476630913,1
2.0844185271228552e-06,0.7527175754029078,0.24688741228769936,0.00039292788986441984,1
1.7743604778154822e-06,0.6310417541710929,0.36859736175555124,0.0003591097135487067,1
2.6129981082427496e-07,0.2971936992704043,0.7018951311107858,0.000910908318261423,2
6.408413986404895e-08,0.06441499625561149,0.9353431829346254,0.0002417567250602524,2
1.0664883973893001e-08,0.0079932176346415,0.9919397496351372,6.702206426658597e-05,2
1.2468290063758944e-10,0.00027875166825959196,0.9996826709710759,3.857723771397746e-05,2
6.74805074942054e-12,1.4217272624680112e-05,0.9999772628763961,8.519845614707994e-06,2
4.369078743149504e-13,4.572620090903762e-06,0.9999878602875648,7.567090310689569e-06,2
1.424746816892365e-13,5.577649330278586e-07,0.9999939754633974,5.466770878584028e-06,2
3.689921695669294e-13,5.881590053907e-06,0.9999877165200359,6.40188891330596e-06,2
9.882630520379151e-14,1.6033105324303356e-06,0.9999913285731403,7.068116255502618e-06,2
1.0959923907633808e-13,1.0360173874298605e-06,0.9999953590884986,3.6048948253576306e-06,2
3.0470426410678034e-14,5.519612624218422e-07,0.9999952228650236,4.225175366817405e-06,2
3.890226761417503e-14,3.901397918919635e-07,0.999996293102917,3.316756340647433e-06,2
3.859449290191187e-14,6.415183293532753e-07,0.9999949734464192,4.385034204559611e-06,2
3.927490368442537e-14,4.973319662707942e-07,0.9999954552653025,4.0474008907250865e-06,2
4.562344068114823e-14,1.0266840904416485e-07,0.9999955265002444,4.370830839737561e-06,2
7.558897606772442e-14,1.418771819624625e-06,0.9999880783417531,1.0502886614517229e-05,2
7.010260156110274e-14,2.782136540718674e-07,0.9999927539728242,6.967811771370486e-06,2
1.1473244144062175e-13,8.692932080560614e-07,0.9999947968998487,4.333805256278787e-06,2
9.364511139893202e-14,1.2620064035000546e-06,0.9999937213957965,5.016596755066633e-06,2
5.715509870823603e-14,9.58911396408111e-07,0.9999927317049175,6.309384047048835e-06,2
1.3359135733728882e-12,2.957542749840123e-06,0.9999925764298467,4.466026804170814e-06,2
8.612335416094842e-14,3.7536651610706996e-06,0.9999636122919858,3.26340436564473e-05,2
2.1067313742482906e-12,2.977796387460847e-06,0.9999925482211689,4.473981359615464e-06,2
1.6842290746030452e-12,1.1859786541384166e-05,0.9999800084294475,8.131781948581037e-06,2
1.3321089997930117e-12,2.899467807895597e-05,0.9999435997823007,2.7405539024941695e-05,2
5.1465118769292606e-12,1.3959167635640659e-05,0.9999798843732199,6.156454572297138e-06,2
2.2636352831139575e-12,1.540402807901617e-05,0.9999770528825043,7.543086788352155e-06,2
1.8956459316390396e-11,3.119572243692613e-05,0.9999574882763886,1.1315980822278867e-05,2
4.366240090370837e-10,0.000607855329031755,0.9993720711759472,2.00730578631378e-05,2
5.394726745028525e-09,0.00713888211847843,0.9927810476453123,8.006484127597359e-05,2
5.275921425409448e-08,0.06081886031294138,0.9389667464688176,0.00021434045977483814,2
3.4552519168625976e-07,0.16534737815243208,0.83437908126395,0.00027319505987472064,2
5.876270976799639e-07,0.2915770312747381,0.7080851376345675,0.0003372434618231685,2
1.5363156819604928e-06,0.381836942423038,0.6179249221628336,0.0002365990974391652,2
1.706477025848802e-06,0.5216794936672804,0.47793352292366714,0.00038527693184969023,2
2.5371900748236547e-06,0.6783517596263849,0.3176729056453278,0.003972797538854555,1
1.1220407708501379e-07,0.7682875330780696,0.2008601752161776,0.03085217950283318,1
2.7004966534943384e-05,0.8503800752998548,0.1487590814658245,0.0008338382677700296,1
3.335487448575939e-06,0.8920822564352392,0.10761895157521625,0.00029545650062789606,1
1.3009728956406196e-06,0.9435059282462838,0.05595713699908665,0.0005356337804813499,1
3.704611088199744e-06,0.979766963223409,0.020062908285727418,0.0001664238807378223,1
7.161827104778653e-07,0.9950942561257994,0.004111336440626812,0.0007936912519791263,1
1.1864157870786041e-05,0.9996561444351665,0.00018875450209726442,0.0001432369036737277,1
1.1331042180645607e-05,0.9999156283572098,3.793508624011358e-05,3.510551520943156e-05,1
2.912269356645351e-06,0.9997772764282864,2.3288869393740082e-05,0.00019652243430673082,1
2.781146003841327e-05,0.999839029659142,1.3474036857587693e-05,0.00011968484532928814,1
1.6898623430768794e-05,0.9988148520535728,1.0186564917448641e-05,0.0011580627595965027,1
9.314412492295463e-05,0.9997743501777145,8.573553084039363e-06,0.0001239321431519042,1
0.00011694293362266342,0.9997819977206195,8.265126307114913e-06,9.279422078247124e-05,1
7.61638636346585e-05,0.9998244253229254,9.541121960493592e-06,8.986969017016203e-05,1
0.00011915607080465432,0.99976555845284,9.730271777889132e-06,0.00010555520511370314,1
0.00010827112799897063,0.9997825297937484,9.428451938533814e-06,9.977062656234208e-05,1
9.854536674148996e-05,0.9997506264348393,7.496396345329619e-06,0.00014333180097928508,1
0.00010613202180755,0.999783874921215,9.988863681225869e-06,0.00010000419343534805,1
7.052100600351971e-05,0.999713218013051,7.549204515716683e-06,0.00020871177496862412,1
0.00012101155621000705,0.9997716758190979,8.175365417869873e-06,9.913725984918784e-05,1
6.670809432888483e-05,0.9998600687446368,1.2906389621460542e-05,6.031676984911941e-05,1
4.1257335414475343e-05,0.9998642846682532,9.840734911339762e-06,8.461726242384714e-05,1
1.7080384061195436e-05,0.9998859430418738,1.1737277216378575e-05,8.523929544739442e-05,1
9.36799003594209e-06,0.9999151966056671,3.432460927496679e-05,4.111079518044497e-05,1
2.6838527217381747e-05,0.9999105926679741,1.363607752966699e-05,4.8932726519900296e-05,1
3.055900218171348e-05,0.999870637337873,9.280553026619808e-06,8.95231066806028e-05,1
1.5795801683555932e-05,0.9999046349331092,1.7751747275451415e-05,6.181751627635214e-05,1
9.74681472386483e-06,0.999925365830163,2.5874081171631723e-05,3.901327561259375e-05,1
6.253413271037885e-06,0.9999069025480857,4.082970485563567e-05,4.601433398198433e-05,1
1.0467885316582988e-05,0.9999263328168954,2.903098051175911e-05,3.4168316774535045e-05,1
8.969737526230199e-06,0.9999231084934672,2.8524831621266547e-05,3.9396937237928645e-05,1
8.016292624044044e-06,0.9999185318856298,4.221361219941326e-05,3.1238208978452464e-05,1
1.1113911782027973e-05,0.9999249791746923,3.342167943948817e-05,3.04852337518981e-05,1
6.699293078409014e-06,0.9999114118024102,4.502585536925827e-05,3.686304902478767e-05,1
8.195930225602337e-06,0.9998882181005838,7.541642996718281e-05,2.816954021042583e-05,1
7.356487286290123e-06,0.9995983463463505,0.00036448165526705274,2.9815511972558154e-05,1
6.210989582199341e-06,0.9969066489760524,0.0030372092422168706,4.993079147433867e-05,1
5.491621961156077e-06,0.9745696571872097,0.02525845064689421,0.00016640054515152907,1
1.9336435096467645e-06,0.7792203230069761,0.22031737419075476,0.0004603691584345537,1
5.681252563224283e-07,0.40577190684831754,0.5936941272411465,0.0005333977844116515,2
1.7892512807469095e-07,0.09729191552094416,0.9022926361326022,0.00041526942207043395,2
2.495810760127329e-08,0.03333654714130005,0.9665717640085995,9.166389251526018e-05,2
1.5659846682062776e-09,0.0033984913150460626,0.9965652811152769,3.6226003506805376e-05,2
6.21626437239092e-11,8.209707686865544e-05,0.9999078058363755,1.0097025184363015e-05,2
1.5132551085770598e-12,1.295061321079901e-05,0.9999790113089918,8.038074484208862e-06,2
6.752387899206582e-13,4.520490524167135e-06,0.9999907093619668,4.77014745931161e-06,2
5.1455789974396027e-14,1.1368687739438395e-06,0.99999123481233,7.628319511473845e-06,2
1.89048163452184e-14,6.63949085260213e-08,0.9999960598948152,3.873709210439207e-06,2
1.8368870018537474e-14,1.5600721316134922e-07,0.9999965583106241,3.2856816264161365e-06,2
2.131308095008775e-13,2.525627462917351e-07,0.9999965776282252,3.1698083315075624e-06,2
1.8932161539205695e-11,0.0001431024333512101,0.9998455366311988,1.1360915454129765e-05,2
2.216836803905642e-10,0.0004946200946081055,0.9994906541445371,1.4725539216852679e-05,2
5.445159180131031e-10,0.0004146151248199165,0.9995737286763048,1.1655654034190422e-05,2
3.7070650033001423e-10,0.0005287862941060207,0.9994522259312649,1.8987404446396766e-05,2
6.674064587977195e-10,0.0004032858558307542,0.9995811327948605,1.5580682060742354e-05,2
1.3577641268151063e-09,0.0007981742237408258,0.9991855638241761,1.6260593893930738e-05,2
1.621130633656193e-09,0.0019246591349504523,0.9980285831640046,4.675608159897198e-05,2
9.093632443144125e-09,0.003288507324622159,0.9966874905028305,2.3993079599098636e-05,2
1.3519617179441543e-08,0.004851725260307653,0.9951283215410683,1.9939678166510846e-05,2
1.1713203599515941e-08,0.006826561352612385,0.9931278725252428,4.5554409751680026e-05,2
2.3487536991787155e-08,0.008720150870052531,0.9912460253332739,3.3800307510871376e-05,2
1.0413745284471331e-08,0.0068482907244643565,0.9931174870774574,3.421178255841097e-05,2
2.9491249928219386e-09,0.0024445855530919143,0.9975358617182544,1.9549780330579394e-05,2
1.7504835648149177e-09,0.0006893772486438756,0.9992960100280066,1.461097111980977e-05,2
3.6974245325119423e-09,0.0004379258577790671,0.9995192090775643,4.2861368277419155e-05,2
3.417583592363554e-08,0.0023245369632180026,0.9964612119518749,0.0012142169091744846,2
3.1315756517775763e-06,0.036416793395640634,0.9120075080050474,0.05157256702466718,2
3.232496924391198e-09,0.004278981389096136,0.0027950370754485825,0.9929259783043779,3
7.174724372383929e-06,0.0050259605905813454,0.0006259633355748586,0.9943409013494418,3
4.339986392089159e-06,0.002138609186375261,6.064736216058539e-05,0.9977964034635091,3
1.8377576244069752e-11,0.00021388368464723162,1.8794232115530963e-07,0.999785928354935,3
0.0009550119490046304,0.9295655320988406,0.01911728758484026,0.050362168366207646,1
1.062233683720374e-05,0.9602227501083765,0.009072867965210398,0.030693759588848023,1
2.681503899722234e-06,0.9795597036998253,0.003961089573951224,0.01647652522352909,1
1.4313232781444743e-05,0.9976068769179969,0.0019180596392709278,0.00046075020875301857,1
5.843359102201891e-06,0.9995697660030675,0.00038171453863269033,4.267609852910976e-05,1
4.885681863096185e-06,0.9997994838039149,0.00013490487994426663,6.072563489006942e-05,1
9.840378547214871e-07,0.999642337409502,7.511804607567341e-05,0.000281560506435221,1
1.22284725416675e-05,0.9999220742561397,2.7771835472726065e-05,3.792543438872474e-05,1
2.003167350419781e-05,0.9998966668268228,1.947261364459347e-05,6.382888738921884e-05,1
3.1189549377281896e-05,0.9999063999136507,1.3307673283713353e-05,4.910286531119995e-05,1
2.816526822635899e-05,0.999779413470771,1.3290008199270955e-05,0.00017913125121554806,1
3.730932643493346e-05,0.9998389086794515,8.138799854106456e-06,0.0001156431947622635,1
3.565172074103148e-05,0.9998343459334718,1.1916092737612752e-05,0.00011808625446794397,1
2.133333363650096e-05,0.9998431038788301,8.972619640934412e-06,0.00012659016657742055,1
2.123762617041918e-05,0.9999082877987795,1.2671597964705374e-05,5.780297764828361e-05,1
1.2810846929700576e-05,0.9999213900313489,1.8882344271594813e-05,4.691677844049773e-05,1
1.374857358296317e-05,0.9999291880456338,2.4934016430794976e-05,3.212936345420603e-05,1
5.96057641191608e-06,0.9998131424304382,1.837514834157922e-05,0.00016252184586775371,1
1.0304904384141752e-05,0.9999089105856508,2.1630909530765744e-05,5.91536012491848e-05,1
8.133900762515915e-06,0.9999149873341546,2.7045491874014683e-05,4.983327287363419e-05,1
1.4437559471308964e-05,0.9999271223459607,1.832140636477426e-05,4.011868674511905e-05,1
1.6389426377976015e-05,0.9999265921784342,1.8587450716032744e-05,3.8430945906858974e-05,1
1.647043667774063e-05,0.9999299283367218,2.174497725054639e-05,3.18562505505931e-05,1
1.9238906024021136e-05,0.9999159919353034,2.1013322119067663e-05,4.3755836802974593e-05,1
3.8892774441895297e-05,0.9998961180036384,1.5142221164702317e-05,4.984700240225733e-05,1
0.00018363246765435115,0.9996141485439202,1.5308405517588377e-05,0.0001869105841159535,1
0.0013667327868196243,0.9978064047745121,1.514256100214262e-05,0.0008117198786070531,1
0.0055364919318077995,0.9864178609491473,5.5516045264284056e-05,0.00799013107274418,1
0.017144689550996465,0.7971977674131114,0.0001679229728656644,0.18548962006390352,1
1.5557264465644752e-08,0.00631532456707551,1.9121352748338027e-08,0.9936846407552624,3
0.14672500234477856,0.6963609271419513,0.00012472391269891837,0.15678934659901014,1
0.14508502747966281,0.7809335352041847,2.274392782722325e-05,0.0739586933875633,1
0.13806288352254573,0.8566882624064153,1.593740103442328e-05,0.005232916670685543,1
0.11676566697156567,0.8820652444145562,7.824840573775458e-06,0.0011612637721172775,1
0.10483985828041513,0.8937886284210793,6.639562518483003e-06,0.0013648737377449417,1
0.09466317764802412,0.8944596233836138,9.449442005076119e-06,0.01086774952510362,1
0.0738514061126051,0.8960563776682012,0.00016856842493924776,0.029923647792856545,1
4.736743189122318e-05,0.5334700179781618,1.4393177055363932e-05,0.4664682214113876,1
0.0018622139553840637,0.4592894105490775,0.0001900775377120849,0.5386582979568393,1
8.27783084806493e-27,4.995482110240172e-12,1.3527705385055341e-18,0.999999999996362,3
0.002195920891426075,0.9343815540598959,0.0001981599490135614,0.06322436510118751,1
0.0003069674482192833,0.9948662302493575,2.309145427966921e-05,0.0048037108497426826,1
2.1107862307867973e-05,0.9991645484660802,1.9447421077157383e-05,0.0007948962518767652,1
4.597405178277158e-06,0.9974406908215587,5.361986973712308e-05,0.0025010919025086897,1
8.014099941169466e-08,0.9861821384285718,2.153684875559643e-05,0.013796244580863691,1
1.6210211698633296e-05,0.9993050962323826,3.5676886558079156e-05,0.0006430166707695751,1
6.1730193445860815e-06,0.9998786475412904,4.3255435485105244e-05,7.192400328623173e-05,1
6.092706048893784e-06,0.999767241141463,2.9935821138183122e-05,0.00019673033281273483,1
8.234824982165845e-07,0.9983300150882836,1.53867864011484e-05,0.0016537746435666492,1
1.5075308135029765e-06,0.999472401955889,2.1525588296663122e-05,0.0005045649258296935,1
8.736033732088289e-06,0.999911973343968,3.415876202402891e-05,4.513186054342762e-05,1
3.2343787058412757e-06,0.9998507590261009,7.242558711311388e-05,7.358100824361467e-05,1
6.789052966208909e-06,0.9998617438626923,8.57075270661715e-05,4.575955812375718e-05,1
4.338970776432104e-05,0.9998077894899922,8.215173461998906e-05,6.66690667740387e-05,1
0.0013563333679475504,0.9982520185889133,6.544737407999922e-05,0.0003262006687885816,1
0.026464160970381772,0.9627663009198816,5.8289032817813954e-05,0.010711249075225748,1
0.2766311648023843,0.5872034746821533,6.753214185355286e-05,0.1360978283747596,1
0.3849925936902761,0.026170100768335303,5.520657045936164e-07,0.5888367534742058,3
0.8423697475453436,0.0006546403151375916,2.4623214177685483e-08,0.15697558751516183,0
0.9840425066666989,0.00010603749476492703,8.869413878625158e-09,0.015851446968691237,0
0.9985294687439006,2.2036488115163113e-05,6.135102484589636e-10,0.0014484941552953203,0
0.9994423615571536,1.410892831059089e-05,1.6431308456535264e-10,0.000543529349549784,0
0.9987133334290442,6.016659392286932e-06,3.523798417798766e-10,0.0012806495608908854,0
0.9676075868408401,0.00013438510866770447,5.999732308948559e-09,0.03225802204901581,0
0.07034762998354674,4.2056228648925524e-06,4.877004224080217e-11,0.9296481643437398,3
5.234493733661646e-06,2.419885120888933e-08,4.713312647551611e-12,0.9999947413009095,3
4.901460503868621e-09,1.1448001563957128e-09,5.284940752051709e-12,0.9999999939500412,3
6.108720626144703e-09,3.75093542496101e-10,2.6230773352881497e-16,0.9999999935171218,3
0.9781530744741403,4.5397861707240825e-06,1.3705646088067907e-09,0.021842384367827327,0
0.997568083414898,2.3032750702968143e-08,2.5634079686005575e-12,0.002431893550214182,0
0.9997378182237547,2.3224504306917378e-08,3.3343697770241063e-13,0.0002621585519135318,0
0.9997758086827325,9.865234610733912e-09,9.659178232874525e-14,0.00022418145162157954,0
0.9985405418505413,8.599424138326945e-09,1.3917301510737478e-14,0.001459449551805447,0
0.9997838725825002,2.1617443633007294e-09,5.801409062132458e-14,0.0002161252556094706,0
0.9997650231444284,2.025911639938009e-09,6.743654523573385e-15,0.0002349748282684322,0
0.9997293943128841,1.898511955266637e-09,3.957927676708273e-15,0.0002706037900039068,0
0.9998606866236252,1.025794814279406e-09,1.2520777819582502e-14,0.0001393123523239124,0
0.9994003646194689,2.5535177360008253e-09,5.321545646135087e-15,0.0005996328284485981,0
0.9994320179361262,6.275898613855767e-10,3.068185958496336e-13,0.0005679814377475109,0
0.9892499756142507,5.718870014335915e-09,3.866201753362224e-14,0.010750018665280114,0
0.9980090687556337,2.8608550793982542e-09,5.171700994976309e-13,0.0019909283831825667,0
0.9991128774076485,2.447159614494454e-08,1.0645666617327234e-12,0.0008870981199657664,0
0.9983076752822807,2.8383872394302906e-08,1.0850484522817056e-12,0.0016922963311490112,0
0.9980620490931544,1.4367872037224175e-07,8.4219871525682e-11,0.0019378071443357846,0
0.9177362713526003,2.615211749083013e-08,1.0425289846522423e-11,0.08226370248516232,0
0.19169815729675557,7.326351186639011e-10,7.120638539994726e-14,0.8083018419715207,3
0.9491477295042531,9.766347510055149e-09,1.189253616821569e-11,0.05085226071676099,0
0.9953705974877655,8.072574586521263e-10,4.1935401948738814e-12,0.004629401700920604,0
0.9975129489764897,1.5144402887752295e-09,1.6451196489627862e-12,0.002487049509156,0
0.9964283003794346,1.4825490646947567e-08,2.0396398458695544e-11,0.003571684774347967,0
0.8873284002952124,1.8975576094382737e-07,3.3161236210687316e-13,0.11267140995034844,0
0.9969435940881274,1.5654476412225446e-07,2.02809409378082e-11,0.003056249347518369,0
0.9996168548358518,2.020667530177132e-08,1.5720242986295292e-12,0.00038312495545441094,0
0.9985607351153952,2.5655944101500964e-08,2.89488539187338e-12,0.001439239226320546,0
0.9722541884339666,1.2221213721619418e-07,2.5744934344783343e-11,0.02774568932776601,0
0.19009714700346025,1.0803600341342756e-06,9.67607225247581e-11,0.8099017725413212,3
0.012772551175628713,3.057284838626258e-06,5.324846982673409e-10,0.9872243910083458,3
0.8594208365182545,0.00022492853269358127,1.7944242551040732e-07,0.14035405550577332,0
0.9519051783871892,0.00030256280005531625,6.466329339590205e-07,0.04779161217891211,0
0.8559192748719049,0.00021190813986783448,5.986423171158823e-08,0.14386875712477462,0
0.06488999550396866,1.2091047562461903e-05,1.4110689844107863e-10,0.9350979133079487,3
0.8452668008360085,0.00044553136620336655,2.9606125118238986e-07,0.15428737173739718,0
0.9501772895548485,0.0007876070861777535,1.1244349575917282e-06,0.0490339789243662,0
0.8735809759111814,0.001160939196577483,5.175683992576228e-07,0.12525756732427443,0
0.022804119517111743,4.1464426612826264e-05,2.1138773213101323e-09,0.9771544139441992,3
0.018860905714127317,3.500076696961198e-05,2.4593100982572492e-08,0.9811040689261452,3
0.08790301664947606,0.00011868862938008849,3.4967816658273893e-07,0.911977945042028,3
0.3237052998845094,9.193892018578257e-05,3.9028646329177094e-07,0.6762023709083351,3
0.19721271384657973,7.131963246624486e-05,1.4153731698761862e-07,0.802715824984936,3
0.009856134767316898,2.959992547841123e-06,9.919261726235416e-09,0.9901408953207493,3
0.017267432798115427,0.00010316426311680146,4.077485908215081e-07,0.9826289951886131,3
2.9257392827284465e-09,7.315833400962609e-08,2.188085931575896e-11,0.9999999238934862,3
0.0011759238118081306,0.02816177514153326,4.792374259227467e-06,0.9706575086712095,3
0.00504724145564767,0.6481170267855907,9.193047532650993e-05,0.3467438012834028,1
0.0009619942575665113,0.8156784962627656,0.0006008318463653742,0.18275867763442355,1
0.00053702829883989,0.8981235069444085,0.0220724908890597,0.07926697386683666,1
7.71008091938742e-06,0.4875984430927911,0.49843815659766094,0.013955690230365131,2
1.6215833085354511e-06,0.18051478813438152,0.8099187998119787,0.009564790469572584,2
1.856439289917036e-07,0.08409660841443936,0.9035104603527885,0.012392745587130842,2
1.1702838742313146e-05,0.045678337046042045,0.9483030997992418,0.006006860317516654,2
2.410296238295634e-05,0.04158874646167193,0.9254065834346491,0.032980567140909106,2
4.5249132486031885e-11,1.299141256995332e-05,0.0006291228042331094,0.9993578857386609,3
8.95895405884846e-11,1.220790129664369e-05,0.00011575407128674226,0.9998720379395568,3
1.313896949897025e-06,0.019217692607594133,0.09020161925273805,0.8905793742433874,3
0.00011899404773616691,0.26319946613015244,0.6674674890385235,0.06921405078221826,1
1.1697171274177172e-05,0.2854258263873343,0.7053599966561094,0.00920247978572564,1
4.641766661036237e-06,0.2792780435917752,0.7196777843523491,0.0010395302897200562,1
2.514697942173777e-06,0.3085821848521151,0.6897893150189212,0.0016259854295702359,1
1.1995222474065828e-06,0.43121180218145916,0.5454178515823823,0.023369146714103416,1
3.740630138690454e-06,0.5791549963951274,0.3442769633258456,0.07656429964815668,1
3.297485678422443e-07,0.6532623511853067,0.16217580143945856,0.18456151762812878,1
0.00012442194903419592,0.859103810170825,0.13358515236965582,0.007186615509693266,1
8.173342750034427e-06,0.9121687841124752,0.087290149193098,0.0005328933534468182,1
3.928464027410967e-06,0.9656344328550411,0.03402845776233933,0.00033318091856499076,1
8.02460888042787e-07,0.9929961790703176,0.004243473004352153,0.0027595454639360354,1
1.0366849881373904e-06,0.9980952577916561,0.0006542986091635078,0.0012494069136475816,1
1.1635005802666482e-06,0.9989022876922828,0.0003965777944626608,0.0006999710140696123,1
2.6166772590006785e-06,0.9996957433708061,0.000171615709767743,0.0001300242422669092,1
3.18029522311897e-06,0.9998047594152079,5.0912211881219224e-05,0.00014114807826913747,1
2.0633713787469926e-06,0.9996283766797504,2.1117940565319322e-05,0.0003484420066333998,1
9.358970184148606e-06,0.9999177608900496,2.486271541852626e-05,4.801742501574651e-05,1
2.0894135832874466e-05,0.9999165057313095,2.00820941987694e-05,4.251803852813878e-05,1
1.2795798629375587e-05,0.9998235129511452,3.547129030222089e-05,0.00012821996036860064,1
0.00019516673981437858,0.9978031256570064,4.0272848525457e-05,0.001961434754970823,1
0.0007889488548321566,0.9443066393713461,0.00033684685570169984,0.05456756491799127,1
9.296794446953967e-15,3.4279167840879103e-06,1.0787852627907153e-10,0.9999965719748256,3
8.200508093507755e-07,0.003690050778264024,2.334208699610255e-06,0.9963067949620176,3
0.00036480645316877975,0.050657330262382054,0.00021159292609922116,0.9487662703569821,3
0.00010467925147948919,0.04899540795525644,2.0579382848667588e-05,0.9508793334117893,3
9.753125263713658e-05,0.031715772194825124,1.7920712067863797e-05,0.968168775841857,3
1.3242001351335335e-10,8.661104522207802e-05,7.29275345816615e-11,0.9999133887506433,3
0.004400896161642284,0.1330462244791094,4.0226360531057554e-05,0.8625126529974655,3
0.01629207119005866,0.22584317470641393,1.4498446178329749e-05,0.7578502556585135,3
0.09491460395301736,0.3827741290916534,5.312609805727931e-05,0.5222581408584549,3
0.0008938576488292444,0.4054178515619335,2.491502244512513e-06,0.5936857992872381,3
0.030814821654597247,0.906648269485974,7.17635219712038e-05,0.062465145335718085,1
0.017770003047663824,0.977697835282455,1.772008301221441e-05,0.004514441585571627,1
0.007192286444389745,0.988966954420405,5.201206673691382e-06,0.003835557928475563,1
0.006205245249965779,0.9883521455485978,2.346023942009112e-05,0.005419148963029416,1
0.012048720411033031,0.9344795045006183,0.00014286865172801359,0.05332890643534932,1
0.002788557940143299,0.3759390689818332,1.8838360992373877e-05,0.6212535347158687,3
0.03556584774052813,0.2742288049004822,5.695286242390507e-06,0.6901996520722747,3
0.3471621454561301,0.23971357225141385,4.0041992580427164e-05,0.41308424030052326,3
0.32090471451533736,0.14642834597486007,1.6019917425018472e-05,0.5326509195926592,3
0.01218285441029758,0.0049473879730392994,1.2511757184016746e-07,0.9828696324990278,3
0.03419588248072756,0.0011132884288697078,3.256688771908813e-07,0.9646905034219417,3
0.12246364409065105,0.0003001724615624265,1.2210089920012888e-06,0.8772349624388475,3
0.04104036781562412,1.5848085158575545e-06,1.8141827320422045e-09,0.9589580455607238,3
0.6242973050551419,5.617555126161038e-05,2.53762117299733e-07,0.37564626563003434,0
0.5939784255278857,0.00020959558971197603,8.156987221884207e-07,0.4058111631852804,0
0.05122162652126431,2.4529477752448566e-05,1.2435404870491017e-08,0.9487538315651575,3
0.1563239482120219,0.00037861531523299103,1.4119141818501007e-07,0.8432972952822769,3
0.7325279457620153,0.008563616455026691,5.644598927622782e-06,0.2589027931857925,0
0.6793094739197654,0.01980428621228474,2.4109186303175987e-05,0.30086213068159434,0
2.409968716296199e-09,1.9569229117512196e-05,3.5806724373130167e-10,0.999980428003795,3
7.946066629818976e-05,0.0045169955692770354,1.5474459034639565e-05,0.9953880693055196,3
0.0001497660906321225,0.001256467888324294,7.312485298631892e-07,0.9985930347716983,3
0.018268255434550178,0.0038424641092607553,1.4383231027725407e-05,0.9778748972253302,3
7.643928966171284e-09,5.533786762541689e-07,4.7608237910164e-11,0.9999994389292379,3
1.5108715363343627e-05,0.00019509685554210904,1.0217941645672885e-07,0.9997896922493528,3
0.002611280416109537,0.003526560980805422,2.6455432436556304e-06,0.993859513058262,3
0.0009582177813876913,0.013851846869671109,1.817779789511081e-06,0.9851881175690534,3
0.010968838159548943,0.12496528227231174,1.5176486235567574e-05,0.8640507030821691,3
0.006061577726322705,0.45090588069643933,1.9846788765905245e-05,0.5430126947901148,1
0.0032557382259244022,0.7675804551869166,2.4388458603183563e-05,0.22913941812848376,1
0.0018779050870163226,0.9337877075681948,2.035701591866016e-05,0.06431403032822719,1
0.0014660967806045186,0.9953305735305303,2.2458928719198968e-05,0.0031808707619417147,1
9.611723629018174e-05,0.9975470425998546,4.567565122459057e-06,0.002352272598176956,1
4.169663164633503e-05,0.9981334631682499,9.048002642998927e-06,0.00181579219566945,1
1.9124990998230815e-05,0.9992612893310899,5.629859684259728e-06,0.0007139558169949046,1
5.658141152846261e-05,0.9997778182683427,1.1136044908709216e-05,0.00015446427395023057,1
1.3399990133649331e-06,0.9994635976222163,3.407843519867985e-05,0.0005009839449959127,1
2.456636025745025e-06,0.9996851303256663,4.279240779914816e-05,0.00026962062951221773,1
5.176088178435338e-06,0.9998809125546876,6.636416957080911e-05,4.754718856253264e-05,1
1.8815468362741692e-05,0.999924512769979,2.1964452853128544e-05,3.470730789245432e-05,1
4.1966181605299806e-05,0.9998583537882492,1.618591701901825e-05,8.349411440531938e-05,1
0.0002690384507886155,0.9991544467986763,5.07565153743357e-05,0.0005257582346362438,1
0.0025562804161885547,0.9682448139856268,0.00041269571773910023,0.028786209881598926,1
2.685738448448941e-10,0.0003356465074881251,1.2651184721148783e-08,0.999664340573272,3
1.9722856373694175e-05,0.0031820817265618834,1.2643885414842351e-06,0.996796931027251,3
0.000556591811962113,0.035502339454234096,4.364588938321445e-05,0.9638974228454409,3
0.000421697945511176,0.035063469135367564,3.593505074473687e-06,0.9645112394145386,3
0.01833254115173864,0.03660904542370052,3.1614391392889133e-06,0.945055251986915,3
0.7432046005498185,0.013745400412793233,6.930769131395254e-07,0.24304930595981813,0
0.9397945123704757,9.563487933300269e-05,2.175957378830863e-09,0.0601098505725564,0
0.9964110257789706,1.9242067905787065e-06,5.406989170699265e-10,0.0035870494724246356,0
0.9982919165416798,1.13976429716799e-06,8.330365802298308e-11,0.0017069436101921475,0
0.9951117380189776,5.390621771892386e-06,4.311555834029402e-10,0.004882870929296956,0
0.9688171920856723,1.2339864263036084e-06,2.7132915298331344e-11,0.031181573899759618,0
0.9804992977727451,3.4927251836365978e-06,1.204789273189997e-09,0.019497208298870177,0
0.9876949886724936,6.311302854398466e-06,4.208144653993399e-09,0.01229869581654482,0
0.9712549709191471,5.027645371506158e-06,8.172326943536985e-10,0.028740000618178975,0
0.9848344795336773,2.641260265777302e-07,1.4858722198383833e-09,0.015165254853809929,0
0.9437849201303969,9.651651285578009e-07,1.501911743491074e-11,0.05621411468954332,0
0.9961660370143152,1.4260278222708497e-06,3.428928032679219e-10,0.0038325366145584797,0
0.9984872771284458,1.2366369541756538e-06,3.5804551873332775e-10,0.0015114858775053426,0
0.9920214666303069,1.521771923248093e-06,1.0247691782440703e-11,0.007977011589150282,0
0.9991167425044342,8.735413274826894e-06,5.413151872474646e-10,0.0008745215425563659,0
0.9985791284500543,1.5545817381256153e-05,1.6821056732665955e-10,0.0014053255655891977,0
0.9961753598412694,3.232522023068196e-05,3.749032947946429e-10,0.0037923145631659984,0
0.9954189773055074,1.9121063918646843e-05,2.159576292609848e-09,0.004561899471901759,0
0.9676261578514971,0.0003886635618381435,6.109955987736952e-09,0.031985172478170704,0
0.9835708093155475,0.00028742355482373695,1.1733864692849025e-08,0.016141755396119555,0
0.998346681534703,7.396445999587681e-05,1.1289855010346783e-08,0.0015793427140491155,0
0.9943680435951362,2.9072925567145258e-05,9.435552303116133e-10,0.0056028825341753906,0
0.9950297467077119,1.2292777679264502e-05,1.5056360928698137e-10,0.004957960365170029,0
0.9995221041969371,4.601608103436447e-06,7.487793294260821e-11,0.0004732941199145303,0
0.9995530777493318,3.3052976604100155e-06,2.0355890957435794e-11,0.00044361693438083,0
0.9983640134540072,1.0709158337763685e-06,8.586367887100827e-11,0.001634915542548805,0
0.9701499304535387,3.238766922573579e-07,7.484268381110799e-11,0.02984974559448559,0
0.007578827981438747,2.9074053104793837e-12,1.768392180151401e-14,0.9924211720142498,3
0.0034383326197489476,4.1510979175556033e-13,1.6129928803030802e-12,0.9965616673777715,3
7.217890820547319e-10,1.359601867885552e-18,3.788581493339769e-18,0.9999999992796802,3
0.014857601196271372,5.645285297500888e-11,2.694137115716506e-11,0.9851423987218888,3
0.031037057553330253,6.64550342327325e-11,1.954223574483875e-12,0.968962942378443,3
0.11077507351030587,2.063891266064281e-06,3.303928980351708e-08,0.8892228295597359,3
0.13331787519675134,2.22018441795363e-06,4.5910765891471056e-08,0.8666798587079066,3
0.04126902638904595,5.297334526451865e-07,4.948877215566295e-11,0.9587304438270797,3
0.7145292635068445,1.8517853314244153e-07,1.5354649634402457e-11,0.2854705512989486,0
0.9936934423810336,2.9209203531865996e-08,1.6026028788122847e-11,0.006306528395191287,0
0.9992105536787372,3.6839301392411506e-09,2.4291792959084306e-13,0.0007894426383720333,0
0.9996938225078266,2.1391961776741784e-09,4.3477167844905225e-14,0.0003061753514951941,0
0.9995140231293097,8.769679831658939e-11,1.631626610257544e-15,0.00048597678178310906,0
0.9997326538834587,2.338595688802769e-10,1.5120284599367187e-14,0.00026734588363220267,0
0.9983126946220365,1.0299232617886903e-09,3.581621206908144e-14,0.0016873043486582808,0
0.9953505445601367,6.447464799209467e-10,4.210402403808656e-14,0.004649454794534339,0
0.9991295500863447,1.9511766428512617e-10,1.1701284857282326e-12,0.0008704497177227312,0
0.9793613797884337,4.0051446285624935e-09,3.0871275008838845e-13,0.020638616205552122,0
0.9761582462300392,5.1781576490472076e-08,3.2745840798217486e-10,0.0238417016594118,0
0.8029198976423122,6.174668150187571e-08,1.2457497226303526e-10,0.1970800404879824,0
0.03140407133835299,6.039835965260096e-09,1.919192378746777e-13,0.9685959226210947,3
0.5218022534813819,7.456456593766014e-09,7.55542947917079e-11,0.4781977389852743,0
0.8661195497756312,1.3291505524058482e-07,1.225270477536528e-09,0.13388031608511203,0
0.8626734997290686,5.3749769998468635e-09,4.4390087404713814e-10,0.13732649445382342,0
0.09008311706960886,2.731767958394608e-09,1.7664149024150083e-13,0.9099168801970222,3
0.9392918682439032,5.746334741347735e-07,2.3121247795645454e-10,0.060707556889743684,0
0.9926476903662584,3.538822206920373e-09,1.884404678145707e-11,0.00735230607580546,0
0.9895354184678957,3.898886006604844e-08,5.598537587945447e-12,0.010464542538349969,0
0.9924636702690366,3.968739303332251e-08,9.754945425685983e-12,0.007536290032799335,0
0.9985124909100321,5.7587683408901444e-08,7.662224109268811e-12,0.0014874514946234048,0
0.9992150779247501,1.973062259627929e-06,2.617046747740414e-10,0.0007829487508431548,0
0.9831215256345581,2.507132508803018e-05,1.1876527231909908e-11,0.016853403027736732,0
0.9982409014095229,4.365354087456955e-06,1.7061408926767303e-10,0.0017547330669497843,0
0.9993313568815545,2.3577786430382735e-09,2.7540511438663655e-14,0.000668640759550791,0
0.9998251511471252,1.7996635042392128e-09,1.0802016965838169e-13,0.00017484705406927578,0
0.9986617391733478,2.531366495806563e-08,2.186556806059734e-12,0.0013382355121281607,0
0.9349814355208598,1.2524262549384016e-06,9.848521081177634e-11,0.06501731195368762,0
0.0005588771088251668,2.6879105755207714e-10,1.0506008162260808e-13,0.9994411226224584,3
0.20229869994319083,1.3516553470128934e-06,2.462652300520557e-08,0.79769992377476,3
5.805332770804671e-05,2.877945239037829e-09,4.1048268181326533e-13,0.9999419437927249,3
0.30685790714775096,1.760236906396921e-05,2.1126642985343557e-07,0.6931242792179177,3
0.054822484012086274,1.5977060719757956e-06,6.544129464319576e-10,0.9451759176256151,3
0.11196136555415565,4.957363593860836e-06,6.660133319732974e-08,0.8880336104816028,3
0.03396862656228576,9.569923361396546e-07,1.3585840696755246e-08,0.9660304028590069,3
5.074315852728653e-05,2.0197221520286014e-08,3.431981126767649e-13,0.9999492366448283,3
0.9488344763272386,2.6431142529939684e-06,1.1779946287126116e-09,0.05116287938007382,0
0.9945617917588956,7.537691649132842e-06,4.874061110770421e-10,0.005430670061353361,0
0.9995538863981833,1.549772193185013e-05,5.52722105663414e-10,0.00043061532879844325,0
0.9989061370386587,0.0005548380315932946,1.4555524026122702e-09,0.0005390234754231417,0
0.9920346151909074,0.00656753873015537,1.8188078102029276e-08,0.0013978278905336454,0
0.9574284905952624,0.03922232634474231,1.649861219844883e-07,0.0033490180726849345,0
0.7262654616158267,0.2529196580999201,3.6792473226532475e-07,0.02081451236103812,0
0.4961157499780064,0.48599751889146886,5.728978503250295e-06,0.01788100215279161,0
0.09939714655229176,0.8018331055985436,2.997427753669291e-06,0.09876675042227456,1
0.048634276143110965,0.9309110987767544,1.8228217698831617e-05,0.02043639686250834,1
0.031074024321463962,0.9676727109092078,1.3111374602784228e-05,0.0012401533956735088,1
0.018789493885324235,0.9802119182886021,5.696219644676965e-06,0.0009928916081008718,1
0.00750154108982103,0.9916010473189839,5.103713024095689e-06,0.0008923078772668125,1
0.0007141332813764642,0.9983989293841523,1.1353203099185227e-05,0.0008755841326625257,1
8.2086411464074e-05,0.9997342136984387,8.816030432255436e-05,9.553958418305263e-05,1
1.335763193309787e-05,0.9967597692134169,0.0017908878953919022,0.0014359852610157946,1
1.4906020765695248e-07,0.9732364103309585,0.0039027106475536897,0.022860729961167718,1
1.122249012827021e-05,0.9943287144985337,0.003819356439111983,0.001840706574002673,1
2.530653739231195e-06,0.9975563387397315,0.001980889293364066,0.0004602413136323411,1
1.0253888330616818e-06,0.9977487341784922,0.0008357981624347056,0.0014144422714332874,1
2.9780789197063297e-05,0.9978214559256237,0.0009974156350958984,0.0011513476491697048,1
0.0008358205806467875,0.976982734473219,0.0013360492361100306,0.020845395711552184,1
7.389682429930571e-08,0.006504507714676283,5.90808632723424e-07,0.9934948275792044,3
2.714814583651969e-53,8.20355328352607e-31,4.4835314815923185e-37,1.0,3
2.495312471961752e-06,0.0002633335248639268,1.4570568580576296e-06,0.9997327141050093,3
3.199852946787816e-07,0.001075881805439261,2.989773144282913e-07,0.998923499231984,3
0.0042767317057284425,0.06493591680810076,0.0020876805038199326,0.9286996709836709,3
2.580638543659324e-16,3.5417189793869026e-08,3.703090588836257e-12,0.999999964580639,3
4.8502729542653025e-08,0.0008260338529078315,3.515793992530437e-07,0.9991735660645652,3
0.00011190006581387096,0.05265784634698185,0.00037512270004519627,0.9468551308878324,3
0.00019272481380891025,0.053649112180115754,0.00018217620905635796,0.9459759867971501,3
4.770416101362332e-10,6.665125545589229e-06,1.088864682782723e-09,0.9999933333096431,3
3.494932134695411e-08,2.9876799399672648e-05,6.59980311397985e-08,0.9999700222525065,3
1.2785212304606999e-05,0.00021483457571535428,1.8024970309052108e-07,0.9997721999613836,3
4.196469953810046e-05,1.1306481768782604e-05,1.0542837941982037e-08,0.9999467182758784,3
0.15669443591389517,0.0007751951937344219,2.957781546357889e-06,0.84252741111218,3
3.31446528507275e-09,2.432342779085777e-09,1.7892524665407923e-12,0.9999999942519935,3
6.150955926720049e-05,5.564159575139387e-05,9.176476504078455e-08,0.9998827570793587,3
1.5390250373663728e-16,2.7446425259104372e-11,2.2092572155578338e-14,0.9999999999708962,3
3.89238180828862e-11,5.721182687060174e-08,4.967513576588814e-11,0.9999999426981975,3
7.07911831990654e-17,6.174343177041791e-11,2.455671431723451e-14,0.9999999999381544,3
9.536970611228688e-07,2.661566167938591e-06,1.0300944759565e-09,0.9999963837064474,3
1.7095256132225282e-45,5.990405429458129e-29,1.8397555771959398e-36,1.0,3
6.640743870264461e-16,3.1893374880598074e-12,2.5584725319896854e-17,0.999999999996362,3
7.16097707493792e-05,2.758105274188085e-06,2.6747134364617393e-09,0.9999256294475696,3
2.2952799348088624e-06,1.5836032717548838e-07,1.8758199746710723e-10,0.9999975461717533,3
4.689742450324415e-13,1.2160740658513564e-10,3.5386736194864385e-14,0.9999999998763087,3
1.549672250100538e-05,1.191474129348126e-06,3.1615475982682723e-09,0.9999833086414259,3
1.8653744394912865e-09,1.8810834562744566e-10,9.64061532889264e-13,0.999999997944542,3
4.861763378095168e-29,4.7162567947049884e-24,1.7335969725059234e-27,1.0,3
2.2090350632867394e-08,3.471716089000176e-09,2.2515711737617867e-11,0.9999999744140954,3
0.0006312828011573865,6.132770571828937e-07,1.7959227547216793e-09,0.9993681021253212,3
1.506853114991689e-07,1.609782133036296e-11,9.453067433786952e-15,0.9999998493003772,3
7.82821937064519e-14,5.863059633946391e-15,1.5212736504675395e-19,1.0,3
0.000298954982062358,4.709929705221412e-09,1.5317938398339568e-11,0.9997010402924109,3
0.001975076538017993,7.027857730106202e-09,1.5832299003135897e-10,0.9980249162773174,3
0.013619400487113078,5.526438749325959e-09,1.5475500663379462e-10,0.986380593832964,3
5.813068866315506e-05,4.829713652277593e-11,8.002187007536252e-13,0.9999418692621451,3
2.3112457871439454e-09,4.270831171867878e-17,3.1595832001047934e-16,0.9999999976898835,3
1.5726059723656094e-38,5.4600857019995455e-40,6.875273539227555e-43,1.0,3
6.390507108615949e-07,1.3697198914504365e-24,1.1681510339728693e-21,0.9999993609492089,3
0.007403245312317523,3.7060320379316537e-22,1.7854834276472498e-17,0.9925967546892408,3
0.001682139288767346,8.284603388881017e-21,1.0826256239130882e-16,0.9983178607104987,3
0.002578858502807414,9.100258331244736e-21,1.1907236752946706e-16,0.9974211414984642,3
1.2044956385711206e-07,6.96360074964839e-25,1.780904301022538e-20,0.9999998795501669,3
0.0002331693482368226,1.288988096323972e-24,1.267614893259631e-18,0.9997668306511887,3
0.11104405626495138,2.271322780185122e-21,2.1432472175969983e-16,0.8889559437353332,3
0.05127136513043653,4.1366461551962e-21,2.4650884747449593e-16,0.9487286348694374,3
5.137637366406282e-07,2.857078852141787e-25,2.4334863935171572e-20,0.9999994862374889,3
2.848735275779951e-22,7.712192854641601e-37,7.556712085901444e-32,1.0,3
0.011451097370052832,2.247057600848224e-21,1.4031796132535224e-16,0.9885489026286682,3
1.645185195751957e-26,3.0419946412834607e-37,1.515481607384557e-36,1.0,3
5.3924115843129316e-27,3.0401355774780716e-42,1.7651899046317622e-36,1.0,3
4.087804805548736e-06,5.328084520356732e-29,6.881412208264955e-21,0.9999959121934685,3
0.0003718731215339883,9.433498307082559e-26,5.826161971319798e-19,0.9996281268798833,3
2.241730275033853e-06,8.887050384791589e-30,4.326099019701128e-22,0.9999977582690578,3
0.04436823360537397,4.636526312312617e-24,6.337315080797056e-18,0.9556317663952141,3
0.0211273407748711,2.6119000684413904e-31,4.594039859783898e-21,0.9788726592241516,3
0.005538125753297644,3.566411931226965e-35,3.4937171686045097e-23,0.9944618742452638,3
4.74926348247433e-06,2.657374345921508e-35,4.0882651365519588e-25,0.9999952507354465,3
0.0043553623438710755,2.3115868738659047e-29,2.3343007485077847e-20,0.9956446376568812,3
0.0002103960219904522,5.5888280434514765e-30,1.5926327020178555e-21,0.9997896039778171,3
1.8311544720144688e-08,4.62416249875999e-34,1.8103330567713048e-25,0.9999999816900529,3
0.0002583870614053776,1.8334450434953278e-27,1.476254228484678e-20,0.9997416129391706,3
3.272969889442033e-08,7.455267790233034e-30,5.013236947549043e-24,0.9999999672691052,3
2.041881642374942e-27,9.014004994528058e-40,8.027506045357183e-37,1.0,3
1.9010061166831532e-10,3.164528669465427e-29,2.43720337787737e-24,0.9999999998108251,3
1.2854183502437152e-10,1.7096300589788954e-31,3.919097221312985e-24,0.9999999998726707,3
0.05935936419227709,5.889672150857051e-25,1.561986650378145e-19,0.9406406358063234,3
0.8551447324772667,3.2613673335565843e-22,5.6437365837807746e-18,0.1448552675210447,0
0.9647252730111912,1.8103288940476804e-21,1.764506853444759e-17,0.035274726989402996,0
0.9708769082857646,1.5939812732305832e-18,2.3090857392539997e-16,0.029123091712776106,0
0.9226956155096171,1.1404978337307468e-18,3.534625371406729e-16,0.07730438448936915,0
6.57541948120166e-05,1.9082062995724016e-17,2.610487316750664e-19,0.9999342458041031,3
3.3458440791788815e-05,6.337179433216973e-17,3.150292635725826e-17,0.9999665415593403,3
0.040605773815216094,2.61463541006649e-12,4.803738241822653e-12,0.9593942261756233,3
2.2664996217167902e-07,3.5847615714460736e-15,1.7030050917091491e-16,0.999999773350308,3
0.016157932743782685,2.8865149889120636e-10,7.299116991113426e-11,0.9838420668943575,3
2.5699212316397426e-10,1.828084303433268e-12,5.905381322418922e-16,0.9999999997417035,3
0.129206735660571,1.1889553761135297e-08,2.02399641988746e-09,0.8707932504272936,3
6.3253081189021835e-06,1.6930133120752466e-15,3.290080432092831e-15,0.9999936746917188,3
7.551976926189303e-05,9.296559406020213e-14,1.3068375059189282e-14,0.9999244802307156,3
7.2355691660220365e-12,8.019183777229529e-15,4.041444393714308e-16,0.999999999992724,3
0.00015498607217304236,9.307127855040054e-10,1.2708699797782677e-11,0.9998450129851655,3
0.01919938716706092,1.8129846308171115e-05,6.269805514684946e-08,0.9807824202895105,3
0.059361536557277925,0.0010832721657768796,2.893640242929868e-06,0.939552297636675,3
1.0230664062122792e-09,5.241871839228783e-08,3.2493240904114735e-11,0.999999946525351,3
5.516168047960192e-06,0.0004933968074354861,6.589681214649885e-07,0.9995004280548901,3
1.5852817976748428e-06,0.0012091680219684536,3.8070292075347934e-07,0.9987888659948913,3
0.07774915314064021,0.04802918503637906,0.0002761528987011066,0.8739455089236813,3
0.00024193401006851093,0.0016394789931088423,4.3267522738059523e-07,0.9981181543225083,3
3.69809033838835e-07,7.407728331428603e-05,3.044207163573478e-08,0.9999255224662135,3
4.440671042630799e-05,0.00026919183063168334,6.852882917240993e-07,0.9996857161724066,3
4.713728157170159e-10,4.423512366348436e-05,5.924937941103597e-10,0.999955763810991,3
0.0029598966790947453,0.2465318283386068,3.1814170427515095e-05,0.7504764608118571,3
0.0015006238354320035,0.38176276596946374,2.5608337402866218e-05,0.6167110018564722,3
0.001283793942998144,0.927397927505624,0.0001391875680571137,0.0711790909833975,1
0.000935496936675191,0.9881542262013394,3.731039839461503e-05,0.010872966462562151,1
2.716180513626214e-05,0.9839155211355806,7.853077376327665e-06,0.01604946398143934,1
1.4697921610337085e-06,0.9802122039315896,9.574982552499166e-06,0.01977675129201081,1
0.00037437425006529867,0.9885616287346958,5.244758771108214e-05,0.011011549426280534,1
1.0734297960765585e-07,0.907760173049732,8.681369949519305e-06,0.09223103823827336,1
0.0012039453362736629,0.9461820187134145,1.7801962839141778e-05,0.0525962339860622,1
1.4929604037488451e-05,0.9256808773991754,2.770190707472309e-06,0.07430142280664932,1
0.00023227353586541746,0.9771422184303447,1.2743257188865602e-05,0.022612764775373582,1
0.001799767555793355,0.9917446400134986,1.3703518195251206e-05,0.006441888912770652,1
3.0241663632089082e-06,0.9859449632828315,3.349704085899507e-05,0.014018515510808698,1
1.0133141073043812e-06,0.9910054582976918,0.00010119586818418125,0.008892332519472355,1
2.091890619403269e-06,0.9970576919454127,5.9968348947449975e-05,0.0028802478141573967,1
5.7665517863894685e-06,0.9949571438490729,6.892605974844623e-05,0.004968163538030414,1
6.033980052206329e-07,0.9839943297919618,2.3221534862116494e-05,0.015981845273555607,1
8.412884307898187e-07,0.9924085161988507,1.711047265792623e-05,0.007573532040903464,1
3.096312695760747e-05,0.9997451137369899,2.0164529282465968e-05,0.00020375860803281988,1
1.0761416532625348e-05,0.9998412413930733,2.157855299393741e-05,0.0001264186361770968,1
3.7736819144278937e-05,0.9988483666157784,7.297911199329057e-05,0.001040917451304546,1
0.0006082141375886188,0.9787836555730601,0.0012731389850126134,0.01933499130345386,1
8.668489422530911e-16,5.952584417570988e-06,1.3859792275891137e-10,0.999994047276669,3
1.3078796174649771e-17,4.429620485827991e-07,1.338943196225223e-10,0.9999995569051934,3
0.00032783162748664847,0.915867298262538,0.01025959192280598,0.07354527818767545,1
2.1029350122863554e-05,0.9785498194881683,0.009428550840933279,0.012000600319674821,1
2.1017176400291847e-06,0.9855192459301189,0.011653651928662846,0.0028250004222356196,1
3.222358963196307e-06,0.9798155398135528,0.01964196841435938,0.0005392694137456959,1
7.836162176224348e-06,0.9704705052048626,0.028621209300744053,0.0009004493336967584,1
2.881430501803739e-07,0.9566326908372084,0.032588601075733956,0.010778419943833382,1
5.180161380362936e-06,0.9608812987776756,0.03718659114579654,0.0019269299140519083,1
4.078716648372274e-06,0.9649450278722823,0.03479073006355471,0.0002601633476894839,1
2.799702127785614e-06,0.9711028784851239,0.02819700412912506,0.0006973176845668063,1
6.888434112095364e-07,0.9954389812057512,0.002380706972878629,0.0021796229765412042,1
6.622657463495422e-07,0.9949525752890916,0.001363906147826731,0.0036828562962040665,1
4.416629713810341e-07,0.9916638433546214,0.005225153277999821,0.00311056170605563,1
3.162214305058926e-06,0.9583521261101191,0.04065386390253364,0.000990847772907445,1
1.9231974418152153e-05,0.7848763565645402,0.21395565104794206,0.001148760413370884,1
7.4348118319756e-07,0.14940333393424055,0.8182091251981757,0.0323867973863893,2
6.315797814623522e-09,0.018953469186845515,0.9598840149411327,0.02116250955447683,2
9.48158546898188e-07,0.0010920917936250742,0.9978066812134603,0.0011002788327165135,2
1.8397655747651058e-07,9.868377827890048e-05,0.9967035523292231,0.0031975799169704808,2
1.0805810250979603e-08,0.00016051441907706187,0.8907797867391596,0.10905968803737096,2
6.478784078103269e-13,2.52756976854625e-05,0.5299177994355501,0.4700569248674136,2
2.13172316728646e-08,3.907480000280497e-05,0.9951364457865265,0.004824458096441292,2
2.222851797367707e-09,1.2980539697715285e-05,0.9998201221624663,0.0001668950734304739,2
7.11239288482045e-11,9.287509431273801e-06,0.9998927759524963,9.793646642019509e-05,2
8.040585187035972e-12,1.0093620158459002e-06,0.999816138707283,0.0001828519217075191,2
1.357421459504137e-12,1.808478798201161e-06,0.9996922826967656,0.0003059088248318925,2
1.3156951879585726e-11,1.0742699722670837e-07,0.9999821626760586,1.7729882034617595e-05,2
9.73860242050022e-13,1.6895841168146984e-06,0.9999289138924512,6.939652361814943e-05,2
6.427639640446452e-13,3.3540251187574557e-07,0.9999562517370706,4.341286098204975e-05,2
3.2667659258388666e-13,2.48658704212159e-07,0.9999775915458102,2.2159795134808245e-05,2
9.819962442186054e-12,6.8094233440596935e-09,0.9999863217043257,1.3671476853505643e-05,2
1.5869561372884799e-09,1.8278143872439146e-05,0.9985074790477378,0.0014742412221467433,2
3.0560470851679732e-09,0.0009962876160475728,0.8636884017540998,0.1353153075748233,2
9.815743041836958e-11,0.00013951114405819334,0.7771646349911983,0.222695853767868,2
7.901825237679825e-09,0.00019973152930328163,0.9701478020956114,0.02965245847206004,2
1.8516844714589524e-09,3.2850335055972556e-05,0.9993967651611275,0.0005703826536038112,2
1.2013290812878672e-10,1.3397707698176671e-05,0.9999718897037555,1.4712469064249162e-05,2
1.3923401204122693e-11,1.8682897641497264e-05,0.9999714379450728,9.879144478720423e-06,2
7.848231435516303e-13,4.362911279848444e-06,0.9999332353605996,6.240172776530783e-05,2
1.2666886872674593e-10,5.686610802691211e-06,0.9999693607424902,2.4952521685167525e-05,2
7.349638218651974e-10,2.564866850229435e-06,0.9995374131582699,0.000460021240315733,2
2.1065260589629806e-09,2.0785309977506877e-05,0.9679146433612748,0.03206456922199251,2
1.5793042674905655e-09,0.00015393067245669516,0.2069254126788008,0.7929206550690655,3
3.6037140899040806e-20,1.060987792538422e-11,1.0063230682390432e-09,0.9999999989813659,3
2.987492920047883e-19,2.319732252301568e-12,1.2258275871307857e-08,0.9999999877400115,3
3.1622929189894356e-05,2.7791147524506204e-05,0.14534334191558362,0.8545972440073731,3
2.099810825585575e-06,0.00017478589424260708,0.10454306260884602,0.8952800516867369,3
1.2686342594281863e-22,6.125735699161684e-13,8.729762732724515e-14,1.0,3
9.030905972434044e-05,0.0032410439171223025,0.0046126122090091835,0.992056034813651,3
4.5886301956602254e-18,3.4100051673090233e-12,1.0524462817241715e-12,0.999999999996362,3
2.324788800073331e-06,0.0033833578205176543,0.010778903888185256,0.9858354135037746,3
2.1489633343690394e-06,0.04149307882123,0.028245509308992545,0.9302592629076696,3
0.0001652141311870472,0.5074411909413954,0.08108808859599391,0.411305506330394,1
2.6994280299660227e-06,0.7189765481591402,0.04376899609645084,0.2372517563167733,1
9.69729306130371e-05,0.9327314985748011,0.02956973006001373,0.037601798435889205,1
4.976126758998184e-06,0.9708309403123125,0.012619560091893824,0.016544523468112998,1
9.66574567744888e-05,0.9813684504121023,0.01069426892402652,0.007840623206198695,1
0.0001864043820315541,0.9148665670552204,0.010191106404534809,0.0747559221591225,1
6.226442512731961e-14,0.0009435557856743483,9.593901779606848e-08,0.999056348276977,3
0.0004251228545216994,0.35481227379024133,0.0041983672573024395,0.6405642360973729,1
9.655091468537152e-07,0.3960184871039716,0.0034467018960110452,0.6005338454911612,1
5.603682769351324e-05,0.7442329856320072,0.019267265414783623,0.23644371212563361,1
3.754555561426781e-06,0.7913724082525727,0.027173877906337192,0.1814499592859554,1
7.134075264863347e-05,0.923524932960194,0.06688484848850161,0.009518877798508652,1
6.918702721111775e-06,0.922164641973994,0.07675880134126935,0.0010696379817435762,1
1.1398147781017888e-05,0.909530255799655,0.08729172225995094,0.003166623791370141,1
7.782721949651814e-05,0.8903194689787589,0.0825018038738206,0.027100899928484773,1
7.722166543539267e-05,0.636259859521981,0.03207970072670599,0.33158321808609537,1
3.3120715391080577e-10,0.02000218045652892,4.509044305766714e-06,0.9799933101671836,3
6.596171210237791e-06,0.26243288808816434,0.0006171292117112085,0.7369433865289167,3
0.00021584371729297555,0.9551591941581379,0.003952903426794702,0.040672058696860046,1
1.7812560014900604e-05,0.9956424066239979,0.002081235234566859,0.0022585455816368292,1
5.661725018979269e-06,0.9981306296978754,0.001700721531531918,0.00016298704463068626,1
4.2798338276582014e-06,0.9988283372506739,0.0010381705105882003,0.00012921240327032926,1
7.349819635236928e-07,0.9975482066779899,0.0002772499204922527,0.0021738084211319203,1
1.7737049726488391e-07,0.9943361123402711,7.136234897509124e-05,0.005592347941174108,1
9.08020548887679e-06,0.9996383659508463,9.383127495489534e-05,0.0002587225698348618,1
4.920681794990477e-07,0.9987563184813901,7.454411466141026e-05,0.0011686453359483183,1
7.001529298654127e-07,0.9990027410184966,4.969145834734238e-05,0.000946867370519801,1
1.3704270261981287e-06,0.9996365885551123,8.613616001432113e-05,0.00027590485792976097,1
5.02225874277568e-06,0.9998267189485457,0.00012973186282553198,3.852692905223014e-05,1
1.9458487924130383e-06,0.9996840211357617,0.00019750463517507328,0.00011652838154478255,1
2.9150538405064775e-06,0.9993389274954942,0.0005396675832365773,0.00011848986792889288,1
4.724395488196567e-06,0.9981246710795273,0.0018227701936258964,4.7834332045282745e-05,1
2.2718843831921007e-06,0.9951578247711031,0.0044927866447222855,0.0003471167011713242,1
9.438756138652823e-07,0.983181342360209,0.013613076205432438,0.0032046375600313075,1
7.657003492045889e-06,0.9436864035637363,0.055785951719416485,0.0005199877151367084,1
1.4896315060737847e-07,0.8454380711889095,0.14661950941597857,0.007942270433455694,1
6.697255070220834e-07,0.5452205947920388,0.4519953696981268,0.00278336578287844,2
2.4834708631764025e-06,0.4155795830142603,0.5841529195724869,0.000265013940615079,2
8.309224870279077e-07,0.3955717206451964,0.6039851833346551,0.00044226509882786956,2
3.89116378687499e-06,0.3874913339357816,0.6120302687472079,0.0004745061519858308,2
1.2560268366788294e-07,0.3155100479110141,0.6776933448397381,0.00679648164675125,2
3.7157569350988005e-07,0.18189587195557463,0.8169610145899301,0.0011427418791786117,2
3.6619864702419147e-07,0.10345784018662316,0.8964081068092694,0.00013368680384722828,2
1.2770445613814187e-07,0.05967015139286636,0.9401435138612011,0.0001862070397346341,2
1.4254134255483816e-07,0.03488466913027836,0.9649924345162356,0.0001227538125734949,2
2.912174812424463e-07,0.017483080975233104,0.9820487732188892,0.0004678545895926531,2
5.898142279592968e-08,0.004924000771393099,0.9927243341574149,0.0023516060889277536,2
2.0539063235524208e-10,0.000474661862793065,0.9967024982192741,0.002822839713990814,2
1.0010855590814324e-09,7.346053829078099e-05,0.999867147642282,5.9390818985874424e-05,2
1.9307635949869877e-11,3.055580891830415e-05,0.9999529692395652,1.6474933149491534e-05,2
5.362039987232389e-12,3.4040614680583084e-05,0.999955453330559,1.0506048601059652e-05,2
4.34633552481096e-12,2.5840508840892832e-05,0.9999659036394766,8.255847126204485e-06,2
5.0934952924279606e-12,1.5130191579779797e-05,0.9999758294481408,9.040354811369484e-06,2
4.283013879162775e-13,2.930316179054481e-06,0.9999662659953418,3.0803686340568515e-05,2
1.81949971845753e-12,1.940220667139335e-06,0.9999846076555076,1.3452122297226144e-05,2
3.4612879115308494e-12,1.906625672631604e-06,0.9999746347945941,2.3458575119762626e-05,2
5.885325928203338e-15,6.152681896481057e-10,0.9999233554787142,7.664390764941182e-05,2
1.2095451680100826e-12,2.165296425385732e-09,0.9999905215312457,9.47630276486479e-06,2
1.0025325926458753e-11,1.0185802884221178e-08,0.9998531114823193,0.00014687832291440368,2
3.147428181683668e-13,6.293776284726414e-08,0.9941073942980247,0.005892542762140745,2
1.9674840311337058e-13,2.0638561019152045e-10,0.9987553735548064,0.0012446262382292887,2
1.3416408670827024e-12,9.474724404840112e-10,0.9999795024623223,2.049659048002781e-05,2
3.7176060790099164e-15,6.800495685247985e-10,0.9999864810856478,1.3518234180652102e-05,2
2.4327463212304572e-14,7.350658884500129e-10,0.9999954042210553,4.5950422905401274e-06,2
3.0062282946057232e-15,3.9157328280538884e-10,0.9999853582902303,1.464131853643129e-05,2
4.74490239957873e-15,2.7692136082067667e-09,0.9999844022547689,1.559497736499264e-05,2
9.20489839245501e-15,7.666429685270713e-10,0.999996101684114,3.897549025574269e-06,2
1.2671843198383838e-14,1.0288620132361365e-09,0.9999958392122766,4.159760488994648e-06,2
4.620632558816177e-15,1.2655238912614301e-09,0.9999805825639495,1.9416172070410033e-05,2
3.913901370481159e-14,3.0924969706235823e-09,0.9999894117660314,1.0585140324479742e-05,2
1.3164027996658109e-14,1.4959821665263096e-09,0.9999736043783173,2.6394124039713385e-05,2
1.0570367802380139e-12,3.2654882227844678e-09,0.9999808075140263,1.9189220784259766e-05,2
2.3907933363157547e-14,2.8789909746328213e-08,0.9997861937105348,0.00021377750097882492,2
1.4020389040015867e-12,1.680713501793715e-08,0.9999909367226417,9.046467342029218e-06,2
3.3178993545653506e-14,2.6482246456212525e-08,0.9999754613809614,2.4512136193144302e-05,2
4.190911327688246e-14,3.73057281425372e-08,0.9999909540101605,9.008683908153033e-06,2
4.442075806829031e-14,7.120493444821362e-08,0.9999944934176438,5.435378968794551e-06,2
7.703173398347928e-15,5.554732463449405e-08,0.9999899145222296,1.0029931957565226e-05,2
9.695217838897993e-14,3.7749625912245425e-08,0.9999953186561906,4.64359355699719e-06,2
4.0029104149952595e-13,5.959614903656575e-06,0.9999765078786402,1.753250458945798e-05,2
7.143267943580846e-12,3.7340475792261727e-06,0.9999694512817368,2.6814662790363846e-05,2
3.070135637676129e-13,5.385836319532102e-06,0.999906573774588,8.804038975044931e-05,2
2.210499124141644e-12,1.5666884902453475e-06,0.9999893978218064,9.035486741110019e-06,2
3.914489784774234e-13,2.089140052234762e-06,0.9999896317814083,8.279079788389439e-06,2
1.7465120688959669e-12,3.4201416595977542e-06,0.9999876857030965,8.894154114901206e-06,2
6.840616391097767e-13,4.151067098181919e-06,0.9999460870912832,4.9761841554517634e-05,2
1.9832821416673973e-12,8.06886193001032e-06,0.9999636200951664,2.8311040677256208e-05,2
6.439061212140822e-12,6.190002379931234e-06,0.9999849525706666,8.857421548988711e-06,2
4.039576622121768e-12,5.8707030151800335e-06,0.9999693960188905,2.4733273702646243e-05,2
1.4739042877031206e-12,1.2221182565804671e-05,0.9998898365559562,9.794226178640368e-05,2
3.125023693304382e-11,2.5239912700127224e-05,0.9999528523895507,2.1907667272912552e-05,2
7.343520392951429e-11,5.542748205442045e-05,0.9999341924493779,1.037999462712147e-05,2
3.6333621491052166e-12,6.390230636335211e-05,0.9998758601512456,6.02375396705759e-05,2
9.643568683356033e-12,1.8369904466170403e-05,0.9999649046959705,1.672539084859865e-05,2
4.656887014342309e-11,1.5884281083015247e-05,0.9999768804353669,7.235235353902515e-06,2
8.706443535804264e-11,2.9416485791362707e-05,0.9998252890533462,0.00014529437319957999,2
1.2005097298660346e-09,0.0003963012835260566,0.9981095831323192,0.001494114382678967,2
1.976787284087597e-07,0.008627532973504966,0.9860642003709421,0.005308068978565282,2
1.3640992508514455e-07,0.16256368364001827,0.7942108808021399,0.043225299146502257,2
4.3897793695867676e-06,0.3914441077221712,0.5926161348993154,0.015935367598397223,2
7.553325697177054e-06,0.5735571466690608,0.4247852225266948,0.0016500774770718736,2
4.220245373534139e-06,0.7399487722546735,0.25903388637037006,0.0010131211310058193,2
9.38290760676258e-07,0.9619714703819965,0.022807529830085882,0.015220061498848496,1
8.934126409000253e-06,0.9978809385831681,0.0008028674905392336,0.0013072598004586077,1
2.6654691648007355e-06,0.999755969925589,9.018847918171674e-05,0.00015117612711121767,1
7.159178920289062e-06,0.9998900475355045,3.41408053527616e-05,6.865248151425315e-05,1
5.29448290584987e-06,0.9998958917994528,2.7582445689255173e-05,7.123127270874199e-05,1
8.55672010380164e-06,0.999919583652941,2.5979991693811535e-05,4.5879634306426095e-05,1
1.2837422380614772e-05,0.9999206647011264,2.5806148591573595e-05,4.0691728772452644e-05,1
1.1021109650356034e-05,0.9998723927863157,1.2804871138272549e-05,0.00010378123219706306,1
8.379127838987618e-06,0.9998925175673271,1.6110041262119443e-05,8.299326227737452e-05,1
3.0475570937407345e-06,0.999728569013741,9.972275993019182e-06,0.0002584111518325552,1
1.5056399746098593e-05,0.9999079289524242,1.3520372844858018e-05,6.349427631277194e-05,1
1.2885534347506981e-05,0.9998151907629321,1.0370762531117317e-05,0.00016155294034232956,1
1.3700890738365656e-05,0.999863449320154,1.1797798830678671e-05,0.00011105199049049036,1
1.5102542397996494e-05,0.9997225922473426,1.386071245695947e-05,0.00024844449675699265,1
1.0197991307165426e-06,0.9994613880108159,2.8925633291256467e-05,0.0005086665581278851,1
4.009463727264789e-06,0.9998361376374639,2.1854524226426975e-05,0.00013799837450240038,1
6.989367265153893e-06,0.9998215607107582,1.1607342701260755e-05,0.00015984258020340487,1
1.685557526000632e-05,0.9998353022837816,1.4650850436361e-05,0.00013319128946492242,1
5.25551750738282e-05,0.999869321979402,1.1494620009025187e-05,6.662822584494303e-05,1
7.398022966745397e-06,0.9998476233866994,1.6601243392884446e-05,0.00012837734572946428,1
1.4094912893547681e-05,0.9999250506556154,1.9475147354025113e-05,4.137928474429695e-05,1
4.5298842819249215e-06,0.9997405009806425,1.2708400574846764e-05,0.00024226073382252903,1
2.1634616950990644e-05,0.9998800489580918,1.0456514424358498e-05,8.785991010304422e-05,1
9.491634134847547e-06,0.9996498135884267,9.262158326456426e-06,0.00033143261796000467,1
6.419705150626278e-05,0.9996027497024784,1.744570053632417e-05,0.0003156075447363174,1
1.0673612912983394e-06,0.9910235354583826,1.0319818604343376e-05,0.008965077362587335,1
1.0094552051610612e-05,0.994070497936434,7.55001299252202e-06,0.005911857496887926,1
8.149225501195563e-05,0.997844300083556,3.9558214430811765e-06,0.0020702518411068525,1
0.0001067579508606154,0.999438128480262,8.655958507060475e-06,0.00044645761053035266,1
2.9238193161333086e-05,0.9992471442833711,1.0006968474996822e-05,0.0007136105544958517,1
2.331078386984064e-05,0.9998086242096244,9.411233327412677e-06,0.00015865377271148532,1
3.442850374075755e-05,0.9998530925057718,1.4694069708190973e-05,9.778491971004929e-05,1
4.0761753050850666e-05,0.999658012853132,1.6719405083514384e-05,0.00028450598750855735,1
0.00029927481689297355,0.9932677175990287,3.477001766606046e-05,0.006398237565262976,1
0.005695956820817687,0.9316107991935537,0.0001601373438789498,0.06253310664192654,1
0.008662949659910112,0.10037261311206329,1.1685504519794575e-07,0.8909643203725439,3
0.8214309362566975,0.04210660040055784,6.810107007590278e-07,0.1364617823326739,0
0.9703154094871168,0.008314421029203054,9.525433002662876e-08,0.02137007422970604,0
0.9957618789604619,0.001158627415227781,1.3174407831284095e-08,0.0030794804504710783,0
0.9989029198896467,2.978517138507664e-06,2.3303740730772218e-11,0.0010941015686031068,0
0.9992702146511317,1.3018812622793178e-06,4.982127872045318e-11,0.0007284834190985338,0
0.995080372532045,1.6189733922241933e-05,1.1042124569153365e-11,0.004903437723192395,0
0.9996833215846203,1.6006190613224847e-06,2.1945124310438094e-11,0.0003150777742185383,0
0.9996913796213576,2.2091415312210707e-06,2.5603498579775564e-12,0.0003064112343175229,0
0.9996419846009199,1.0819398852540025e-05,2.6100593727359812e-11,0.00034719597285924305,0
0.997941765213825,0.0004869926940129883,1.7982411412856377e-09,0.0015712402930536822,0
0.9698091245034564,0.007200866668183815,1.94806562722037e-08,0.0229899893469936,0
0.9052304805870426,0.06320516787357668,1.266709341629401e-06,0.03156308483044906,0
0.2658890132843084,0.7107654039159257,4.3178416148983606e-06,0.023341264957576366,1
0.04954150719843317,0.9472299574723665,1.1582985147868872e-05,0.003216952344009281,1
0.0030373233037374846,0.9937179687234005,6.552359297343889e-06,0.0032381556134028974,1
8.082287308282269e-05,0.9987933780521541,1.6231163429443014e-05,0.0011095679122881297,1
2.386725030439812e-05,0.9998537889165618,1.9825882501630306e-05,0.00010251795020917291,1
6.0274569496596675e-06,0.9998533969380865,0.0001044064869842166,3.616911786510987e-05,1
1.5511041481313992e-06,0.9997826873385441,0.00011180202400556828,0.00010395953460159225,1
5.130728433528614e-06,0.9998626083128355,8.419642879855632e-05,4.806452844044923e-05,1
2.8599106199108347e-05,0.9998678304622566,1.23170831211002e-05,9.12533487779245e-05,1
0.0001278798693742907,0.9996702593521016,1.0727239276876744e-05,0.00019113354055624567,1
0.0006640178237705696,0.9962945218058129,3.0958528251787464e-05,0.0030105018435365206,1
0.012478835563737313,0.9666240678401143,0.0002910773300869961,0.020606019266017985,1
0.0764792204963356,0.11085549719620572,2.6706423466038454e-05,0.8126385758828517,3
0.0369872985767981,0.0003553333621575647,9.98637284843973e-10,0.9626573670610776,3
0.9681949744377705,6.628158418336085e-05,9.290946405836462e-09,0.03173873468752506,0
0.9975860010809263,1.2974834624612268e-05,5.290461798499898e-10,0.0024010235543975625,0
0.9995370861316857,2.579227082334356e-06,1.2280272178305998e-11,0.0004603346275743952,0
0.9997178437219966,4.880184136994444e-07,3.842156343486556e-12,0.00028166825539578075,0
0.998624217522569,4.622614187162471e-07,1.1986522842426315e-12,0.0013753202160802149,0
0.9986192288590116,2.6790963520699433e-07,2.711887831488756e-12,0.0013805032302143627,0
0.9994055763413136,1.7717345606845968e-05,1.5680801261879628e-10,0.0005767061578051911,0
0.9992209934583421,0.00023858167172829072,6.426743159411987e-10,0.0005404242270915019,0
0.9965225373582233,0.0024363753258001618,8.60011626197499e-09,0.0010410787167840962,0
0.953178068773096,0.040735281033887655,1.0641070391688976e-07,0.006086543784126083,0
0.4261759391703444,0.5670127404594666,1.499867721165627e-06,0.0068098205029738105,1
0.05764341052976633,0.9387639439448047,8.884744088061596e-06,0.003583760782786669,1
0.0082190450256138,0.9912856732363419,1.4744292443003134e-05,0.00048053744698214694,1
0.0008707635730890396,0.9989520244571255,1.122107198444757e-05,0.00016599089643136837,1
0.00010603562917497432,0.9998190108549927,1.3413800344385982e-05,6.153971472335489e-05,1
2.262681283408322e-05,0.9998869680024085,1.7352969367544553e-05,7.305221541699505e-05,1
1.684980058709007e-05,0.9997922692513238,1.813926227097921e-05,0.00017274168694417466,1
4.885413996234375e-05,0.9998412229950979,3.127248274361648e-05,7.865038085895752e-05,1
0.00036114595300880143,0.9965317405964251,0.00017658401010220412,0.00293052943965053,1
9.925160435981481e-09,0.7748403034923144,2.7167476753651873e-05,0.2251325191046608,1
8.128891549868458e-05,0.9843673689746039,0.00028199230455071365,0.01526934980534558,1
2.3967558271617583e-05,0.9994594026662312,0.00011516812554718363,0.0004014616517555774,1
6.937426992975169e-06,0.9991788918692677,0.0007274872109853233,8.668349323079254e-05,1
6.991865348028437e-06,0.9879394257135474,0.011888870835785433,0.00016471158664148452,1
2.7287265753664237e-06,0.8468937882922024,0.1524765264724235,0.0006269565102272201,1
7.075143301076041e-08,0.24803324446073954,0.7485053863186446,0.003461298470432575,2
3.32986954066225e-08,0.02204683669774186,0.9776956754980242,0.0002574545067435643,2
3.8313589644016164e-09,0.0021049818703368496,0.9978449703049772,5.0043992308426755e-05,2
2.315460967910136e-09,0.0008892967415085126,0.9990954071056237,1.5293836661456164e-05,2
9.049904822595386e-10,0.0008528322899383074,0.9991179993126428,2.9167493264869218e-05,2
3.339340407433496e-09,0.001287926772490089,0.9986966214229309,1.5448466939093377e-05,2
5.747797174850018e-09,0.0045860775387590565,0.9953809523063928,3.2964407165521485e-05,2
2.0852169277728873e-08,0.014993743216680348,0.9849335346923067,7.270124058287482e-05,2
8.594107219842236e-08,0.02900536332607119,0.9709432537703562,5.129696330679822e-05,2
1.2557041834229614e-07,0.04026205083859374,0.9596838611479941,5.3962441968267495e-05,2
1.8116888086130282e-07,0.04674484516137184,0.9532041928588516,5.078080950191871e-05,2
9.367660796198383e-08,0.041556553529643624,0.9583628555213174,8.049727372731798e-05,2
8.638189822510414e-08,0.033722710346091506,0.9662111983872465,6.600488647020502e-05,2
3.1371175266579635e-08,0.01879072719334042,0.981135664620808,7.357681593486445e-05,2
1.1044265264255223e-09,0.0005513695364936404,0.999340457673339,0.00010817168399289473,2
1.0636144812385539e-08,0.00011831623580831695,0.9998239458197736,5.772730865895923e-05,2
7.811402947987351e-11,0.00023341635028207764,0.9976688281706814,0.0020977554012539027,2
1.677721207833063e-07,0.0012000532766189222,0.9984397547488101,0.00036002420225224384,2
1.8667233697697232e-07,0.0027728640038781217,0.9963193461448396,0.0009076031796043692,2
1.8104931493900495e-06,0.007607026900182736,0.9773270428135624,0.015064119794464547,2
2.253412518920926e-07,0.007973169705493575,0.5265032191387378,0.46552338581369634,3
5.984703175372364e-06,0.012393581277696167,0.2265300917899175,0.7610703422293554,3
6.693142579998059e-21,5.905561141484918e-12,1.7151994298423186e-10,0.999999999821739,3
0.00022369974458803392,0.0027100288758170094,0.18230171683325147,0.8147645545476693,3
5.0608819918629724e-09,3.5266143880176034e-05,0.1749683015339597,0.8249964272628934,3
6.405894358442064e-08,0.0002924861854993735,0.7017903525937211,0.29791709716071035,2
2.361139874480169e-06,4.3697580535671556e-05,0.9790571409117635,0.020896800369167946,2
1.3142111489070597e-06,4.3150500263613167e-05,0.9799497769029352,0.020005758384651726,2
2.986309222457925e-12,3.6831502858907163e-05,0.9157175520778471,0.08424561641540133,2
9.401469756258587e-09,7.916318376362392e-06,0.998679701562717,0.0013123727191233635,2
3.330728595226055e-11,2.593450378368688e-06,0.9998831110350835,0.0001142954815684239,2
1.3635288212071775e-11,4.015403325987846e-06,0.9999884511210667,7.5334614879832804e-06,2
3.983743314732939e-12,2.9513956813711446e-05,0.9999524671676602,1.801887085108278e-05,2
1.0718612270577423e-10,1.664707798719967e-05,0.9999349608311779,4.839198490033609e-05,2
6.4617312626932025e-12,1.496076893882293e-05,0.9995032771731963,0.00048176205264846247,2
2.922361298206651e-09,1.9326653883785013e-06,0.9999400355962755,5.802881728826869e-05,2
9.584290316330353e-13,3.308890442252875e-06,0.9982436930192857,0.001752998088214251,2
8.595629671264813e-08,0.0002606501028503836,0.999367493665377,0.0003717702740244944,2
8.225749236397256e-08,0.06286707229925326,0.9335887889597811,0.0035440564836942312,2
2.914647327723809e-06,0.4624415721400915,0.5322014272926112,0.005354085919345624,2
5.138805161633784e-07,0.873855334935916,0.057628212539205484,0.06851593864326,1
3.5017335924943624e-05,0.9869651628904593,0.008360338278324128,0.004639481494146033,1
1.5161113603500816e-05,0.998743327731307,0.0009085604094975568,0.0003329507456356072,1
0.00015046993062809615,0.9981988632895394,0.00027638123019156695,0.001374285551101185,1
0.002357945918060251,0.9201910916852182,5.5198318806832187e-05,0.07739576407939876,1
0.35102166822345693,0.5103959590056676,2.1142436994378104e-06,0.1385802585272568,0
0.728013480446831,0.23076781352618222,3.713258732796113e-06,0.041214992769489985,0
0.9191527646734117,0.04083989980971421,2.5277380783679174e-07,0.04000708274325971,0
0.9894564446404925,0.005097661868267538,3.616179720259849e-07,0.005445531872661996,0
0.9821663622698044,0.0006159247861155556,1.8532841098306285e-09,0.0172177110925348,0
0.9973010028223641,0.00011410925900068666,4.880495427763332e-09,0.0025848830366793293,0
0.9982209415743402,7.3246803659887316e-06,3.653637165785593e-11,0.0017717337100786824,0
0.9996849063804062,2.7003992480888248e-06,6.286116060881435e-11,0.000312393159036237,0
0.998737050716963,1.2314310353617117e-06,2.8466300604140688e-11,0.0012617178218121096,0
0.9872389838820641,7.809655016732772e-07,1.9970853384051678e-10,0.012760234952452487,0
0.6585498452714553,5.7837024092623914e-09,4.249885197919808e-12,0.3414501489415377,0
0.6286134980562148,6.075314445742591e-08,2.403534527209929e-09,0.37138643878693145,0
0.015364031276024103,1.4221660683644403e-09,2.6015961326131586e-12,0.9846359672989624,3
0.22134904576280878,9.653123175563446e-05,4.69549129046519e-09,0.7785544183097902,3
0.9225302353636538,6.727042999143121e-07,9.856242675163896e-11,0.07746909183504057,0
0.99836607304796,1.8064402268786775e-10,9.193214532289169e-14,0.0016339267708096739,0
0.9998418787896465,5.964094793436834e-11,9.766333531019468e-15,0.00015812114970933317,0
0.9995425779372602,1.1113394387131846e-10,4.992565663409956e-15,0.0004574219518210412,0
0.9977184826818355,8.064369480501627e-13,1.7450283850908677e-16,0.002281517315955,0
0.9983768456553719,1.275913014796637e-12,5.0415603663703576e-14,0.0016231543430929058,0
0.9533304260679178,4.2263508148026796e-13,5.764978495889361e-16,0.046669573931970826,0
0.9869238214822696,2.346459400163508e-14,2.23537383697275e-15,0.013076178517898565,0
0.9992301176261986,2.2622091400152186e-15,7.205372026358851e-17,0.0007698823724270623,0
0.9997101288775485,4.4045210459218796e-16,3.845752688758319e-18,0.00028987112262513604,0
0.9995344599485327,2.2142871573613139e-16,3.924435162417777e-18,0.0004655400518067323,0
0.998912526073308,1.748140416981828e-15,1.5493324726423262e-18,0.0010874739261898427,0
0.9998072362999358,4.095581849042526e-11,3.2814200047025237e-15,0.00019276365799808848,0
0.9996366446032673,1.043220471578605e-10,4.255609783818104e-16,0.0003633552914939508,0
0.9998474583531277,1.1383681369733738e-10,1.3561237434512339e-15,0.0001525415330260011,0
0.9998343298271702,4.391942116434063e-09,9.542859216402834e-15,0.0001656657804831346,0
0.9996474994139865,2.9501406462293964e-08,3.7610053710879935e-14,0.00035247108598708,0
0.9996400165718078,2.8951019729030542e-08,5.242459464789519e-13,0.00035995447641210085,0
0.9984730893790924,1.2742561841843108e-07,1.3521137101397028e-12,0.001526783193791916,0
0.9960917505930524,2.581574502218907e-07,1.1894999089584703e-11,0.003907991236153886,0
0.9972034912718509,1.112049893137528e-09,1.2079916437903537e-13,0.0027965076164155555,0
0.9996923468473295,2.0996679162876356e-09,3.288884494931522e-13,0.0003076510542867579,0
0.9989017841928371,1.568484152273417e-09,3.1728564032452274e-14,0.0010982142402790268,0
0.9986772906157383,4.2513591155003925e-09,4.159220318988508e-12,0.0013227051305070578,0
0.9582733177702051,1.799018958281208e-07,2.6400454987627422e-11,0.041726502301035175,0
0.021684007027232863,4.5650295665289735e-12,1.3805827711417206e-14,0.9783159929675929,3
0.12083766734604146,6.701709422004265e-11,7.176171692758937e-11,0.8791623325168868,3
0.12126443211123131,6.970439321502393e-08,4.322170905360454e-09,0.8787354938628196,3
0.00129546482882833,9.027166956477837e-12,9.042651488628393e-15,0.9987045351607033,3
0.9638178254931415,1.0264406276648644e-08,6.722817016910368e-12,0.03618216423613646,0
0.9981363695684029,1.4298944550824951e-09,1.1255280083472326e-12,0.001863629000439794,0
0.9990658656858471,8.852868681838119e-11,1.2376699227747517e-13,0.0009341342267134166,0
0.9972792505647025,6.041479159059505e-10,7.301853058581985e-13,0.002720748831325292,0
0.9793053026481162,9.283189677212022e-09,2.0282387072191243e-11,0.020694688049028343,0
0.4647036338575065,1.4713342767211429e-09,4.2477738443124655e-13,0.5352963646711915,0
0.6776480375150664,3.400997001463071e-08,2.300025253942407e-09,0.32235192617413216,0
0.6325562047191348,8.600445082523285e-08,2.4431493109927998e-09,0.367443706833036,0
0.15722576661569623,1.094732553099257e-07,7.196541414373585e-11,0.8427741238380356,3
0.42484043920020204,1.014613457875011e-05,1.5408147902822354e-07,0.5751492605822015,3
0.27246859961701336,4.1609155761952276e-06,1.4027060475181205e-08,0.7275272254389228,3
0.00023411687191508514,1.898568229278524e-09,9.382791641200323e-12,0.9997658812187199,3
1.920846615410296e-06,3.777964920294846e-08,1.0039734889897796e-11,0.9999980413650601,3
0.006382877612903402,2.1378894832651806e-06,3.54997353288214e-11,0.9936149844620917,3
0.9242292090069298,6.488209150600452e-05,3.531272143766994e-08,0.07570587358857293,0
0.983356529122859,6.608834332493103e-05,3.336131184643894e-08,0.01657734917281429,0
0.9901901225223844,0.00015561933344270836,2.8396216864956463e-08,0.009654229749108963,0
0.9821855177478558,0.00045743639626730844,2.115616570586449e-08,0.017357024698097592,0
0.9685206983512387,0.0009618470825171381,2.0239912009827815e-08,0.03051743432745547,0
0.976274735158256,0.0038905671291843266,5.40744373141428e-07,0.019834156967192894,0
0.8883758058151725,0.01444119938888887,7.883811411958597e-07,0.09718220641329207,0
0.021462661995027332,0.03295978377913497,1.285916364319715e-07,0.9455774256332219,3
0.006867532137530206,0.08188486607075013,3.2880867089937153e-06,0.9112443137034691,3
0.1855421445896398,0.544632016242084,7.956646619408619e-05,0.269746272701834,1
0.11793798717373702,0.6722732490477183,1.592403827832202e-05,0.20977283973885819,1
0.07081638979891346,0.8825289109787813,3.818664183877328e-05,0.04661651258225767,1
0.04123998050339053,0.9507007527317093,2.559666148457807e-05,0.008033670103542497,1
0.015802682180861352,0.9508051911501758,2.6324239730315718e-05,0.03336580242911122,1
7.1519866826576e-06,0.850653615287452,9.282697437446512e-06,0.14932995002663346,1
1.0737639634495161e-05,0.9067395232875627,2.53521577095047e-05,0.09322438691631964,1
1.2189023746044181e-05,0.9761314063434109,7.649814393946983e-05,0.023779906487486704,1
0.00011866483891800168,0.99923816438318,2.0432985404539085e-05,0.0006227377913818804,1
4.129532475286321e-05,0.9998863977483737,1.3761468832646895e-05,5.8545459357843704e-05,1
8.54423529015382e-06,0.9998447180781531,1.762455602839337e-05,0.0001291131304967513,1
1.3309832672580388e-05,0.9996803788396862,1.0264812466071172e-05,0.0002960465144453662,1
8.244674817662974e-06,0.9993414583707071,9.045123194542343e-06,0.0006412518304878885,1
0.0001290077174745724,0.9990376705060554,1.0859248780190581e-05,0.0008224625289495855,1
1.8941282940049022e-05,0.9942023754208165,3.847834962880478e-06,0.00577483546225578,1
0.00020789983276085875,0.9961763003662707,3.81624620129687e-06,0.0036119835536727084,1
0.00043512947423546776,0.9989562199037748,8.836283269801268e-06,0.0005998143379891768,1
0.00043708888511108303,0.9992831056217827,1.1213248984923539e-05,0.00026859224237047244,1
0.0005355945733361441,0.9979589467583762,8.70014357448441e-06,0.0014967585262430556,1
6.478201792455033e-05,0.9817667661618509,9.90157971992292e-06,0.0181585502414905,1
5.105134744958165e-07,0.972026836716995,3.7501547755626993e-06,0.02796890261304163,1
3.695215929922055e-05,0.9972234770979548,1.410901605645991e-05,0.0027254617262615407,1
7.253490483559638e-05,0.9997549491365043,1.8685038112606802e-05,0.00015383092058589553,1
0.00011259482147303253,0.9987783096062448,0.00011712703983492715,0.0009919685310816936,1
0.00017682912356756605,0.9303728792895715,0.00046965398704231474,0.06898063760007984,1
5.283170658256943e-10,0.15593046594467555,1.3226885925753168e-06,0.8440682108369607,3
0.00015144854138623553,0.9438917880580208,0.002887566434787739,0.05306919696551658,1
2.994603155707897e-05,0.9948071112355689,0.00264335245983812,0.002519590272415693,1
9.641545318354793e-06,0.9972477086816082,0.0022898231199775243,0.0004528266525092312,1
1.1082211186527154e-07,0.9932706885690445,0.0015016090438465584,0.005227591566725855,1
7.07300898742032e-06,0.99825330223656,0.0014887984075035291,0.0002508263481421778,1
6.715557954631513e-06,0.9987618461761142,0.0008043612401347299,0.00042707702677697033,1
8.75145875129999e-06,0.9893713437793018,0.0005600477137368611,0.0100598570497501,1
7.193326609559165e-09,0.9217906844011328,5.688974263476169e-05,0.07815241866188621,1
3.109817121058896e-05,0.9911511790064254,0.0012298256056986843,0.007587897217451053,1
3.090552898880966e-06,0.9964924779958814,0.0008665397155171626,0.0026378917342393324,1
1.4031420120880056e-06,0.9968362952444199,0.0021097075722399136,0.0010525940408010076,1
5.245165000347103e-06,0.9939390963870242,0.004970351046568935,0.001085307400982168,1
4.886317869506398e-05,0.9755861371443768,0.010251815088645897,0.014113184587598316,1
5.9559255304921535e-05,0.8104468211315131,0.017836834894837717,0.17165678471979984,1
3.1392917872888652e-09,0.25851402470955215,0.032815042661891836,0.708670929491049,3
0.0012755697877641246,0.28427229663735626,0.4830703756362632,0.23138175793717383,2
0.00044132579632151,0.2032502832715665,0.5255955185761052,0.2707128723575478,2
2.5240783818501233e-08,0.0013632193272516586,0.18770096228496697,0.8109357931455253,3
5.344386756690396e-06,0.0005269540404512414,0.13827565057213018,0.8611920510024544,3
2.957030300531593e-07,0.005058925050464725,0.007370367749141557,0.9875704114978323,3
0.0007160101655875083,0.054177032546858205,0.010936319093995218,0.9341706381951694,3
1.401012089091068e-09,0.03633816635211438,0.0006636144263680577,0.9629982178194639,3
0.0004328639227727147,0.8126117489820527,0.04641015643487373,0.14054523066005314,1
1.3398875186404746e-05,0.8602868632562983,0.04661981128649917,0.09307992658095483,1
8.033529110028648e-05,0.7866165811950694,0.1938270374374511,0.019476046076195477,1
2.1758762696499927e-05,0.6335816940640965,0.31962591484823444,0.04677063232585568,1
2.367306605178036e-07,0.23726196561213206,0.6072254992238448,0.15551229843423922,2
4.693808193507587e-09,0.03902654543527622,0.8542041180418571,0.10676933182948285,2
4.2387298771065935e-07,0.0028240129689739166,0.9953939900840469,0.0017815730747371822,2
7.906552221593001e-10,0.00012704332368967586,0.9993174691548421,0.0005554867302360287,2
1.738821938704079e-09,4.088638277197618e-05,0.9997837626883709,0.00017534918830033438,2
1.9701404379156774e-11,5.525147539074766e-05,0.9994420845705111,0.0005026639335418435,2
1.4612685676378583e-09,0.00013055763757443577,0.9998459808399207,2.3460061070468444e-05,2
3.593952161402473e-10,0.00024094616736688735,0.9997380372927053,2.101617989253266e-05,2
7.86692875731277e-10,0.0010557265126108731,0.9988874370563807,5.683564511557169e-05,2
4.894708234662784e-10,0.0011113759237639067,0.9987976330304386,9.09905571056516e-05,2
7.922438410318054e-10,0.000345090499780184,0.999639454433825,1.545427322255949e-05,2
1.7711958982693568e-09,0.0003200999929920398,0.9996430983700407,3.679986750305448e-05,2
2.0464368643100552e-08,0.0006750271348247586,0.9985056754996623,0.0008192768997393593,2
9.029797432912182e-07,0.002571927294256037,0.9834969462248236,0.013930223500687716,2
8.811354008582563e-14,0.00012568671838320073,0.4947929262761023,0.5050813870070493,2
7.923738521832718e-08,0.0003508889160103774,0.98231732270197,0.017331709144978055,2
3.278417043772449e-10,1.8179698278591965e-06,0.9994629134311771,0.0005352682715314103,2
1.670518622116921e-11,1.2818770700413892e-06,0.9999739787674559,2.473933782247212e-05,2
1.604886178617508e-12,9.110646286730925e-07,0.9999826088299206,1.6480103729863205e-05,2
7.223634127717125e-12,3.1341634522891855e-06,0.999968665811847,2.820001836354813e-05,2
7.710063274944082e-15,1.2555813346035362e-07,0.999829690328342,0.0001701841132921631,2
7.799655107054178e-12,1.8302196028647906e-07,0.9999932582913851,6.558680317866895e-06,2
7.69873544448107e-14,6.847498702468629e-08,0.9999581903548692,4.174116889213393e-05,2
2.837899994032417e-13,2.1185069276531336e-07,0.9999700087341826,2.9779415426084873e-05,2
5.014288149862929e-14,1.0949188520073605e-07,0.9999928587385842,7.0317684218578435e-06,2
3.786791149375416e-14,4.180750915636122e-07,0.9999959123098834,3.669614778168873e-06,2
1.264848673154906e-15,3.987162230083488e-10,0.9999971273760244,2.8722249561521514e-06,2
9.150032531566465e-16,4.868206883338475e-10,0.9999971390939205,2.860418454695526e-06,2
5.625997414965288e-14,7.891288836335108e-09,0.9999970675314467,2.9245754188239842e-06,2
5.510454945648886e-14,3.273639393776229e-07,0.9999456663054122,5.40063312096257e-05,2
2.86162051331874e-12,2.968133782421854e-07,0.9999449760112142,5.472717133827736e-05,2
1.958300489886218e-13,4.1288722150010955e-07,0.9999280073366118,7.157977621013847e-05,2
2.3312191982908646e-13,1.0635615940909346e-08,0.9999931815996739,6.807766215660265e-06,2
7.611017582008396e-15,1.808197400594487e-08,0.9999903219318123,9.65998782604955e-06,2
3.97330795373925e-14,9.63882783227372e-08,0.9999968208263058,3.0827841665327065e-06,2
4.0885088156079214e-14,1.5748818137862186e-07,0.9999960373940052,3.8051177544687307e-06,2
6.983107759546946e-14,4.640543590965418e-07,0.9999875296648432,1.2006279255413134e-05,2
6.240937947356243e-12,1.7037327206256125e-05,0.9999766128609718,6.3498054999252966e-06,2
3.025109102700588e-12,6.025560144993954e-05,0.9999244838829704,1.526051374045338e-05,2
3.6793011291107575e-11,2.717751608442193e-05,0.9999649828806702,7.839565529485167e-06,2
6.736121805122637e-10,0.0004024580461228456,0.9995657349448729,3.1806335365010766e-05,2
2.853115066239145e-10,0.004453852792090922,0.9938651806260365,0.0016809662982338889,2
4.893892720071864e-07,0.022766697240420533,0.976863086517491,0.0003697268520849889,2
2.545510043762484e-07,0.1449518964224739,0.8544484620370802,0.0005993869895769609,2
6.439034758801691e-07,0.3039560724778726,0.6942567755276107,0.0017865080918873556,2
3.781408891914085e-07,0.31669890174550525,0.681489142936189,0.0018115771761702687,2
1.2652844438693914e-06,0.2925952944765111,0.7071110087133738,0.00029243152727339585,2
3.9678775740828863e-07,0.22800444634049943,0.771167293856404,0.0008278630136483589,2
1.641810282321096e-07,0.12308422748523512,0.876157443409737,0.0007581649251760488,2
5.297179699328389e-07,0.08684305785023158,0.9130718567369692,8.455569460434872e-05,2
1.4189550694926675e-07,0.0752357989207865,0.9243383123458012,0.00042574683815725645,2
4.4638764030607253e-07,0.07553705829745547,0.9243846675174199,7.78277982892275e-05,2
2.721463918581676e-07,0.09105036696048681,0.9080690488212863,0.0008803120734605023,2
3.926133176051152e-07,0.22125674474005855,0.7774947422680318,0.0012481203776623104,2
1.6033536863073272e-06,0.5417776537593408,0.45720708856970105,0.001013654316665089,1
4.695050235273534e-06,0.8114928618563101,0.18231741880803506,0.00618502428414995,1
4.288766607905687e-07,0.9327959289282534,0.010838224473550918,0.0563654177228855,1
2.3013089853448783e-05,0.9959187172811012,0.0019718476807376708,0.002086421947256076,1
4.858684136241472e-06,0.9994444229175744,0.0004492186890062106,0.00010149970854610876,1
1.9634825086670766e-06,0.9997922031629825,0.00010580902047319882,0.00010002433378887267,1
2.9078961943986655e-06,0.9997716031634287,4.638468610169418e-05,0.0001791042527172906,1
7.231420571849724e-06,0.9998996332199845,5.4842316360409984e-05,3.8293043547983634e-05,1
6.041680501765179e-06,0.9999001054041767,4.9740521920653344e-05,4.411239234298707e-05,1
3.6456759834967026e-06,0.9998253361096565,8.77032899751128e-05,8.331492525191791e-05,1
8.002931098594858e-06,0.9999069069496302,5.7201927939499684e-05,2.7888192237614466e-05,1
6.425903457310405e-06,0.9998991444703307,6.268814847344061e-05,3.17414780293117e-05,1
5.437002955587846e-06,0.9998892831495375,5.7639996744748284e-05,4.763984955263044e-05,1
6.001461209988427e-06,0.9998643822874449,9.480208567661187e-05,3.4814164501649345e-05,1
5.433769886974528e-06,0.9997696679480162,0.00018722953614646194,3.7668744647999776e-05,1
7.443194933434342e-07,0.9993454973007698,0.00019362474293684634,0.00046013363811452606,1
4.775475132345627e-06,0.9998098061052892,0.00013206129586409946,5.3357123050416025e-05,1
3.781209062111577e-06,0.9998665537267443,8.228434643411471e-05,4.7380718471866627e-05,1
6.546214512561589e-06,0.999906951590751,4.793669938553137e-05,3.856549374964697e-05,1
1.4492649714484405e-05,0.9999301653344612,2.3753017840382056e-05,3.158899886032938e-05,1
1.268439193649735e-05,0.9999252538579012,2.4074982207595e-05,3.7986766294116396e-05,1
1.194155070901244e-05,0.9999167084444103,1.725880184244505e-05,5.4091203512588605e-05,1
9.018123012206008e-06,0.9999172884756216,3.848881362965285e-05,3.520458676819565e-05,1
1.073464618400842e-05,0.999890579607935,2.5324004753081863e-05,7.336174090316199e-05,1
1.5705226460798003e-05,0.999904338226072,1.778182549009683e-05,6.21747231903773e-05,1
0.0001399498631385022,0.9995985576025898,1.3715845846232664e-05,0.00024777668977409923,1
0.0036438192795315697,0.9947094927156149,2.7712599364898534e-05,0.0016189754054542263,1
0.023007499935830143,0.9187376153594905,1.400789940822995e-05,0.05824087680426868,1
0.3176291798363413,0.6399651995952796,2.0152866502133583e-06,0.04240360528211899,1
0.9586347166407089,0.02830011253022852,5.502964193453103e-08,0.013065115800758174,0
0.9989687165731306,7.004518558304542e-05,2.7224028313190343e-10,0.000961237970309433,0
0.9997650169795034,4.1736004968802183e-07,8.353707042455161e-12,0.00023456565317680735,0
0.9987677583797303,2.8942003709605807e-07,5.49516223527712e-13,0.0012319521979415285,0
0.9995780910976322,3.3065598850405254e-08,8.43853727489394e-12,0.0004218758279192306,0
0.9907520750394352,5.4162440048676807e-08,5.683524154555038e-13,0.009247870796521292,0
0.9969781558163712,6.681475290850981e-09,5.280968116756792e-13,0.0030218375017643504,0
0.999758298888624,6.4074127571836905e-09,2.8503632591921886e-13,0.00024169470398813103,0
0.9995477021141842,1.3387515994452185e-10,2.416444065437486e-14,0.00045229775366440107,0
0.9908189848766312,9.867310018924569e-11,3.881654373264369e-15,0.009181015025977107,0
0.9989950654626394,3.020927847953039e-08,2.843603636949847e-12,0.0010049043243402134,0
0.9991531122668497,2.741674391015462e-06,1.0899283863775427e-11,0.0008441460474943232,0
0.9996313299742308,1.551638835905841e-05,2.710351581685975e-11,0.0003531536092018302,0
0.9996939931895497,5.919543555571611e-06,4.5640122578937815e-12,0.0003000872618969635,0
0.9997600063082585,4.509708345473191e-06,5.046576649886923e-12,0.00023548397980877885,0
0.9996131498136199,5.652018944555398e-07,9.19650956684468e-13,0.0003862849818104139,0
0.9995634010485627,1.5285400986204398e-06,1.0043942593503383e-11,0.00043507040256482194,0
0.9985213208592145,3.1106262868601045e-06,5.062473538351204e-12,0.00147556851121714,0
0.999328748838568,2.209670192463253e-06,3.78549419420098e-12,0.0006690414879629977,0
0.9997973775477895,1.4896736012633514e-06,3.522217473854744e-12,0.00020113277688683972,0
0.9996570706156285,2.681167334189246e-07,6.190944390289026e-13,0.000342661265752634,0
0.9990811227461054,1.5693368078860385e-07,1.5535396441175154e-12,0.0009187203201749554,0
0.996961875343967,9.510421456092109e-10,8.536202060514163e-14,0.0030381237050702914,0
0.9987166137102448,3.3486299976702845e-10,5.127987468110062e-14,0.0012833859542106282,0
0.9996029343802189,9.451776583620563e-13,1.8763991083126281e-16,0.00039706561828200393,0
0.9997727360774484,1.1516068299225986e-12,1.0072992706439205e-15,0.00022726392274243423,0
0.9981079381212331,5.260182819634527e-12,1.8972072572100257e-16,0.0018920618725805248,0
0.9988868701814243,2.495598291375517e-12,1.2115985936509294e-15,0.0011131298156234568,0
0.999807508099174,9.068234535553902e-11,1.3390449023786423e-14,0.0001924918118538843,0
0.9991765216830545,1.5307344366052584e-10,6.249418104466738e-15,0.0008234781655890504,0
0.9987876796777032,8.175354187796733e-11,9.786620002843974e-14,0.0012123202416261453,0
0.976341507200412,2.420388360707954e-10,2.960887922823651e-13,0.023658492558655226,0
0.9585867459199918,3.1546158869768975e-10,1.813622090225724e-13,0.04141325376607824,0
0.9975064362134051,4.096258785397499e-12,5.047507412352535e-14,0.0024935637842310922,0
0.9993368184540731,3.042429357281128e-12,7.78050061916363e-16,0.0006631815422039904,0
0.9997019445367153,2.8776089015792765e-12,5.169051364441887e-16,0.00029805546013012826,0
0.9994123839324258,3.1545851704267716e-13,2.3535706186430235e-17,0.0005876160684874623,0
0.999693213591352,1.4066837261297263e-12,8.593707439105151e-16,0.00030678640819273794,0
0.9986063798062516,1.2516126860964111e-12,2.840987609039214e-16,0.0013936201938639183,0
0.9995979698286622,7.987895095963004e-12,2.802724486891139e-15,0.00040203016361134913,0
0.9996379745223172,4.756439098173055e-12,4.033073727393575e-15,0.00036202547242777114,0
0.9937177728342614,1.85781524310088e-12,9.244924728541448e-16,0.006282227162500155,0
0.9978867734201878,3.609965234400039e-12,1.3234614216774716e-15,0.0021132265774051824,0
0.9996499475900988,3.140780218188524e-12,8.227150301667217e-16,0.00035005240592230765,0
0.9998103908720728,1.1515664273842899e-11,4.531196295755505e-16,0.00018960911688201555,0
0.9997844991072975,3.4448713859461753e-09,7.142411057286885e-15,0.00021549744915132392,0
0.9997763792228642,3.488511029837627e-09,4.06114364923717e-14,0.00022361728772599517,0
0.9989443869369747,9.491192429004137e-10,2.7026361598174593e-14,0.0010556121137860629,0
0.9972893419664367,1.6800652139400926e-09,8.652952316963704e-14,0.002710656352328165,0
0.9992915031344953,8.145608503486114e-11,1.6517690147022568e-13,0.0007084967841451981,0
0.9968478091116463,1.7980255338648903e-10,1.1374537329338403e-15,0.003152190707256355,0
0.9997248746193118,1.0692127517666821e-09,3.7358109328376565e-14,0.00027512431170522675,0
0.9998465375651625,4.486840264661788e-10,2.4226696081075653e-15,0.00015346198663776506,0
0.9998311698362132,1.6683641708731148e-09,1.249260741496113e-14,0.000168828496483399,0
0.9992139060489356,2.1957734193791266e-09,4.7774330435122326e-14,0.0007860917540080043,0
0.9979532666428924,3.8406737799420726e-09,1.3037147134874266e-13,0.002046729515274749,0
0.9964935562669593,3.969155353333427e-09,3.7694984848672955e-13,0.0035064397641422066,0
0.9984450879749891,1.9646205507909033e-09,8.886139898678455e-14,0.0015549100594610759,0
0.9996532891823706,6.395285934036828e-09,8.905230657587804e-13,0.000346704421492405,0
0.9981645321177659,6.729451806658588e-08,1.5625848381857509e-12,0.0018354005853219312,0
0.9944850203821771,2.086274513342686e-09,1.0882096416064251e-13,0.005514977533233438,0
0.9993858786389027,2.517736849034034e-09,1.2490744753076593e-12,0.0006141188416524276,0
0.9979336783024925,4.670274243117894e-10,2.322729520918679e-13,0.002066321230086613,0
0.9907514123105708,1.6058032520949672e-09,1.7550323367137753e-12,0.009248586082927501,0
0.9675846547930462,2.040493108142247e-07,2.6672446346646765e-10,0.032415140891079455,0
0.009280400958054267,3.000045932183084e-07,3.464925423342524e-11,0.9907192990021273,3
1.0544896800189936e-14,1.1838724298414514e-13,6.339713847350027e-17,1.0,3
5.756882099455133e-16,6.81599471035704e-17,3.2697153442851964e-19,1.0,3
7.180209992035366e-07,5.726484150563502e-10,3.051704474621935e-13,0.9999992814048564,3
1.990007569140886e-06,1.4145069283630953e-09,9.515529589002543e-12,0.9999980085687459,3
1.3799357802500804e-06,3.352600304157297e-10,3.268463436276961e-12,0.9999986197263273,3
0.0819911256986963,2.888997019646446e-07,1.4453620394330186e-08,0.9180085709497486,3
0.0014210239525530026,3.2175255999441723e-08,6.095215590790712e-11,0.998578943812518,3
0.0010635476439178548,9.448533520713087e-09,1.8637433685111306e-10,0.9989364427199777,3
0.0015635737962835816,1.9158220312378265e-12,1.988841988881829e-12,0.9984364261993688,3
0.004951270792376727,1.6551870608802877e-14,3.415613919783634e-14,0.9950487292058039,3
0.562724687367423,9.244782504325863e-13,3.8560409440577276e-13,0.43727531263277175,0
0.930581518471143,7.516341467458896e-12,2.1247444243511445e-12,0.06941848151950229,0
0.9695592718450402,1.4284316968248297e-14,9.167709917171419e-14,0.030440728155656138,0
0.881089639688219,1.3200892025755668e-15,6.339890250456291e-17,0.11891036031227847,0
0.9802001033820525,1.6438989573152038e-15,2.997066475110813e-14,0.019799896619133187,0
0.965856392190354,2.039060677382071e-15,6.029925324291956e-17,0.034143607808102265,0
0.9976686849579575,1.9269947943844983e-14,4.719950125358617e-16,0.002331315040385457,0
0.9996297020783773,2.7309385614251187e-15,4.328042528871556e-17,0.00037029792276159875,0
0.9996830877439621,2.227440758232988e-14,2.665520506030165e-17,0.00031691225731734205,0
0.9991333845842358,3.3116765718741316e-14,6.321007152604614e-16,0.0008666154169780932,0
0.9886468563842313,1.368172969798832e-14,1.2592099162437123e-16,0.011353143617199638,0
0.9965911709993289,1.3609749060142643e-14,9.81532224574485e-16,0.0034088289988377617,0
0.9957306690286606,1.2357108471187955e-11,1.3741400781916895e-13,0.004269330960322775,0
0.9831181457624268,2.2127006360532795e-11,7.27218118047871e-15,0.016881854213836922,0
0.998967791546487,5.7520703748982034e-12,8.63369125318372e-15,0.0010322084477261907,0
0.9997971405778855,6.761722308949197e-12,9.041444162325344e-16,0.00020285941606931364,0
0.999623303481797,1.0215278235947527e-11,1.9217490842987234e-15,0.00037669650851303787,0
0.9963993237832333,1.6210995375583077e-11,1.4160794141349662e-14,0.0036006762000463776,0
0.9751372206862292,3.4451556110439746e-10,3.119347199011847e-12,0.024862778965726612,0
0.017320758141920484,5.930455708231952e-10,2.321109747852926e-13,0.9826792412630223,3
4.883514509323209e-07,3.806885761955764e-15,1.471852446220198e-16,0.9999995116487581,3
0.663021140324782,5.247819343687103e-10,8.64935678862788e-12,0.3369788591430989,0
0.8967272652051633,1.1784868858096589e-09,7.718283288944886e-11,0.10327273354039809,0
0.9053283219259601,9.990265615497057e-10,2.383820725831937e-12,0.09467167707235502,0
0.9605417544107805,6.25296999364543e-10,1.1317225996831458e-11,0.03945824495088422,0
0.9622067051659863,6.744316790723259e-10,3.341642310961802e-11,0.0377932941272666,0
0.5950193819959727,1.2034573090256436e-08,2.264314548682854e-11,0.40498060594782365,0
0.3669719080537362,6.461410926214128e-10,1.2562912253416068e-12,0.6330280912986789,0
0.9097744035639365,5.89603269252541e-12,2.1653994824825863e-12,0.09022559642906278,0
0.9603285990926151,8.141940143707495e-13,1.6353756312497008e-14,0.03967140090628339,0
0.9933661041801971,2.0564971132580972e-13,2.2809090825861838e-14,0.006633895820490146,0
0.9930803163431876,8.848067156883808e-11,1.3750118659436271e-14,0.006919683569944664,0
0.9993881957925459,3.785700979264834e-12,9.04951683345881e-14,0.0006118042044521665,0
0.9907448212587976,7.988225130530736e-11,3.820735492304781e-15,0.00925517866078754,0
0.9976505454930643,4.6517053705496144e-11,6.441175099944408e-14,0.002349454461670448,0
0.9992901324219129,6.000768259463295e-11,7.622306077054336e-15,0.0007098675168445155,0
0.9997706273571308,9.429509729135299e-11,1.806664130275232e-15,0.00022937254703785486,0
0.9998062806893772,1.9421421666959311e-10,1.1057831888589012e-14,0.0001937191158489485,0
0.9985359733942475,6.160937876173416e-10,7.623978344776043e-15,0.0014640259882915411,0
0.9988246686792137,6.13229639416874e-09,4.857580207503811e-13,0.0011753251881804724,0
0.9966958045872852,1.0959010459777353e-08,9.885879839637009e-12,0.0033041844444866315,0
0.9063087225173868,1.972090258073164e-07,5.432249971638105e-11,0.09369108021866743,0
0.006935816178984131,3.7099515230903357e-09,1.3028125862662043e-13,0.9930641801113264,3
0.3045141216601685,7.436156742141469e-07,2.4505725818483543e-08,0.6954851102193562,3
1.6219605431729385e-06,9.269341994701345e-12,7.07555992078497e-14,0.9999983780302921,3
2.7594294402074514e-09,3.8839205719201585e-15,6.299653869827944e-17,0.9999999972387741,3
0.3699537047609505,2.845549562410656e-07,4.799882266171353e-09,0.6300460058841673,3
0.3341813797312325,2.0069710761707226e-08,5.030044249925159e-12,0.6658186001933177,3
0.8638733405629724,2.5205287396655264e-08,3.76678794464038e-11,0.13612663419365842,0
0.9895500038834121,4.073341247518899e-09,1.3002109024663654e-10,0.010449991913119672,0
0.9638015181847767,1.6301432213928478e-07,2.497672453749041e-10,0.03619831855208249,0
0.0387044443054327,1.0031581509455272e-08,6.007153243311813e-13,0.9612955456609058,3
0.47310662613482035,7.708267837645959e-07,1.7288342598631697e-09,0.5268926013108945,0
0.7694309203698362,7.008706058987006e-07,1.330535301346357e-10,0.2305683786247099,0
0.9800998528055748,6.091618766554991e-06,3.9055191224926134e-09,0.019894051670097373,0
0.9932253591020764,2.082795275438304e-06,2.504213453043529e-10,0.00677255785227834,0
0.9969821655547251,2.4483994820222056e-06,4.2265627547276543e-10,0.003015385623824479,0
0.995175398288111,2.7685188854950044e-06,2.1016338731514757e-10,0.00482183298428023,0
0.9959686610888412,8.827785169194824e-06,6.178143901986528e-10,0.0040225105067960235,0
0.9880831931358919,0.00014578239204821232,1.3883362680376714e-08,0.011771010588436224,0
0.9121206236535515,0.0007070497075717814,4.27105701496872e-08,0.08717228392648764,0
0.06654776534227175,0.006479826650030899,1.426417907124682e-08,0.9269723937430412,3
0.11971661472132272,0.08742499660590204,7.402510290043826e-06,0.7928509861641381,3
0.13289217593965513,0.3119118565305121,2.6007677998011094e-05,0.5551699598514569,3
0.025570719976928794,0.5166075127483352,7.0055463363104635e-06,0.45781476172801944,3
0.00923236286925111,0.9634733364934966,0.00012036894286708661,0.027173931693343246,1
0.000638528819436367,0.9982478148127635,3.3321447111394256e-05,0.0010803349193897346,1
5.683469202856311e-05,0.9997769829815714,1.1590364948140094e-05,0.00015459196178967176,1
1.7095648153160607e-05,0.999886123541447,1.7670081371469985e-05,7.911072895854047e-05,1
3.9277799941355185e-05,0.9992470714077188,8.969076572549012e-06,0.0007046817159720638,1
1.710482891359563e-05,0.9995270975854029,1.490912922252989e-05,0.000440888455934015,1
2.6060878090340372e-06,0.9986635376626313,1.2156118546012376e-05,0.0013217001314838276,1
1.4958704369549221e-06,0.9981333151101857,1.6565321282129266e-05,0.0018486236967614473,1
1.6845148380363713e-06,0.9981719328573159,1.9277038352196722e-05,0.0018071055887557356,1
2.410985082970591e-06,0.9973739796267745,1.801582425533668e-05,0.002605593563011643,1
6.9424188540597995e-06,0.9997773247044256,2.3798259153469848e-05,0.00019193461881255116,1
4.419542253860114e-06,0.9998188747901214,3.561422511850843e-05,0.00014109144347581817,1
7.007456012753083e-06,0.9999084821436287,4.4744641775255495e-05,3.9765758983072446e-05,1
6.526282797988744e-06,0.9998846952745809,7.838930331542598e-05,3.0389138223107212e-05,1
5.781270639049714e-06,0.9998859846519679,7.683114633066408e-05,3.140293083683119e-05,1
2.561567444905733e-06,0.999823110938219,7.610540392566833e-05,9.822208958798981e-05,1
4.10561000354885e-06,0.9997993024652285,5.372951967544912e-05,0.0001428624068529225,1
5.8197961918970655e-06,0.9998616372882936,8.286236199307636e-05,4.968055196279518e-05,1
3.2748288786630603e-06,0.9992597286217372,0.0006391730730453655,9.782347457276847e-05,1
2.154307699317878e-06,0.9944656774939917,0.005234299575390544,0.0002978686244463181,1
1.1518659959763788e-06,0.9786566611473799,0.020484007081768684,0.0008581799042397873,1
2.762626926522683e-06,0.9401807701355979,0.059503117828589636,0.0003133494084384378,1
3.1211811523933775e-06,0.8891418297669801,0.11066286072510348,0.00019218832834399165,1
1.855839311231783e-06,0.8367720422760397,0.16266924409335967,0.000556857790842042,1
5.147728958148601e-06,0.7697358468490811,0.22962119195175676,0.0006378134709334548,1
1.958054897976676e-07,0.6048612684275019,0.3843026518718293,0.010835883896427435,1
1.098862711195836e-07,0.017930460607903678,0.9810077807732869,0.0010616487333270624,2
2.1749148346044e-12,5.47041717729851e-07,0.9994417116312792,0.0005577413254092508,2
2.559905641566293e-12,1.1659737367736888e-08,0.999973877659747,2.6110678013043115e-05,2
5.271542227820792e-14,2.5245314515730227e-08,0.9999820837333296,1.78910209535811e-05,2
1.6894001660155055e-14,3.842318491422537e-08,0.9999779912234754,2.1970352561280905e-05,2
7.125008000197176e-13,1.0069180545554352e-06,0.9999952674191382,3.7256628617735956e-06,2
1.130383555360684e-13,1.2646897010500264e-06,0.9999902969609678,8.438350045808011e-06,2
1.9345990596753263e-11,3.342971771219493e-06,0.9999854309614334,1.122604583497423e-05,2
4.9892560963490335e-15,2.374434958227213e-07,0.9995048530040025,0.0004949095516073454,2
3.4575966112500004e-11,3.898416928516413e-08,0.9999829008854606,1.7060095892062712e-05,2
1.7562863395422987e-14,8.938517001237821e-07,0.9998386363006064,0.00016046984615150295,2
4.679286102706659e-12,3.099186123210092e-07,0.9999952600995595,4.429975950678122e-06,2
3.5055393789231934e-13,5.959075655693943e-07,0.9999846297122338,1.477437839511249e-05,2
1.265755881027335e-13,1.3083137124388393e-06,0.9999315795082333,6.711217728494755e-05,2
3.3914942683446314e-12,3.4876889437789233e-06,0.9999907779408704,5.734365677560921e-06,2
3.4524412513827197e-14,1.4214414187343458e-07,0.9999909978401337,8.860015133315655e-06,2
4.0342276781564345e-13,1.5399953296746631e-07,0.9999953781877988,4.467814021253692e-06,2
4.778379859709451e-12,8.01237387878574e-05,0.999897613109647,2.22631485150272e-05,2
2.5603703758758066e-10,0.00013323047285636325,0.9998522485244628,1.4520747578159892e-05,2
1.649707102338595e-10,0.0005559523236927846,0.9993257386331655,0.00011830887938367042,2
1.3828324070874425e-09,0.0006068425629186089,0.9993682568925941,2.4899162493769464e-05,2
2.486749874853101e-09,0.0011116264986576272,0.9988732066935726,1.5164322700058674e-05,2
4.347757329657011e-09,0.0034237667643323235,0.9965474317189366,2.8797167292547788e-05,2
1.3590055545960025e-08,0.007490808940069176,0.9924780785298953,3.1098940698897196e-05,2
2.0643220950114444e-08,0.016040963693571154,0.9838745716688969,8.444399401579661e-05,2
5.463477009828624e-08,0.01958775650447044,0.9803495589508587,6.262991002092686e-05,2
2.3118667204167064e-08,0.01705496656212376,0.9828572691640579,8.774115659451711e-05,2
1.3388534395144624e-08,0.006215432860986146,0.9937515362963235,3.30174533612897e-05,2
3.648258822089837e-10,0.0019516591315667062,0.9980044159421915,4.392456065808521e-05,2
1.523694910596956e-11,1.0652886703562201e-05,0.999983206634208,6.1404634665377526e-06,2
1.358869032007383e-13,1.3429854499912083e-07,0.9999897215548846,1.0144147977370281e-05,2
2.839061375564952e-13,1.0017247867584243e-09,0.9999678109503597,3.2188048675788597e-05,2
1.3044908959728994e-10,1.1760186856635979e-08,0.9996956253579559,0.00030436275011309726,2
2.6689115598537965e-10,1.2051746391818136e-07,0.9602981614858103,0.03970171773138079,2
2.513398887562626e-20,1.1177593049021369e-10,0.0016063322307076644,0.9983936676561208,3
4.81477405535835e-10,2.6440668594526385e-07,0.8804305670226003,0.11956916809046769,2
6.4921988509582946e-09,1.6534837592147247e-07,0.998757004132623,0.0012428240280022433,2
3.9395818285179106e-13,9.261511288608575e-08,0.9995329202229388,0.00046698716272516974,2
2.1300385684489635e-12,4.034511781033783e-08,0.9999928104520375,7.1492015046695554e-06,2
2.557525377638731e-14,5.175348496570065e-08,0.9999939136181322,6.034629526147227e-06,2
1.453982061337788e-13,3.1060593257456697e-06,0.9999901477252603,6.7462169727330876e-06,2
7.782099702435699e-14,3.3815475892211876e-07,0.9999949841347473,4.677711747762897e-06,2
1.1860112686280616e-13,2.9201365998553656e-07,0.9999904790546087,9.228932234756413e-06,2
3.5826312019299525e-14,3.120435478739514e-07,0.9999771182118307,2.2569745994481517e-05,2
4.600705995500385e-13,3.0030787995543395e-07,0.9999938342160932,5.865474310157831e-06,2
1.3347506413101723e-11,5.662919269149853e-07,0.9999844159260801,1.501776706807035e-05,2
1.1679933964827018e-14,1.0593320391453922e-05,0.9986669280421069,0.0013224786371121334,2
2.6819637812138302e-11,4.790464701587198e-07,0.9999847018085922,1.4819118720911843e-05,2
5.805648049152412e-12,1.516414124390414e-06,0.9999900920356309,8.391542774403254e-06,2
3.582386221286602e-10,0.00022808765805735066,0.9996941039030172,7.780807946811187e-05,2
4.540183652038596e-09,0.009227694069760074,0.9880598242328347,0.0027124771559832693,2
9.24480200934637e-07,0.30819374405982886,0.6903009347770226,0.0015043966832145046,2
1.3673893863576536e-06,0.6532019044980225,0.34455116610738246,0.002245562006165801,1
4.5367719156299115e-06,0.93160331207011,0.06807775447664294,0.00031439668054986797,1
4.580731087132195e-06,0.9874646085088827,0.012434210125291388,9.660063570650979e-05,1
5.187127762433845e-06,0.9975099566044199,0.0024405559285419877,4.430033851778493e-05,1
5.847318648434477e-06,0.9994620166678508,0.0004990079808084033,3.3128031020577016e-05,1
4.405298069443931e-06,0.9998039646359781,0.00015051381692664253,4.1116250802210404e-05,1
9.615419352538262e-06,0.999872717991084,6.827516424184737e-05,4.9391426096337686e-05,1
2.643001785009317e-06,0.9993308881034182,0.0005399921868380436,0.0001264767076149734,1
3.1668955013702e-06,0.9993346883853973,0.0005513910326393515,0.0001107536879503092,1
1.2895304843866154e-06,0.9995973058446573,0.00024213928962477966,0.00015926533482923675,1
2.9847422176255446e-06,0.9997698994884305,0.00013979430946167037,8.73214585968769e-05,1
1.0134380649298059e-05,0.9999119256870043,3.046392477189421e-05,4.7476008747691425e-05,1
1.4132426217368891e-05,0.9999258877103377,2.1208591508259814e-05,3.8771271864239995e-05,1
5.689563239069346e-06,0.999742055068616,1.1266930218281159e-05,0.0002409884389298513,1
1.6665583500535596e-05,0.9999237585905184,2.1035447943775552e-05,3.85403764581073e-05,1
8.360992485478773e-06,0.9998684182057149,3.156327999466317e-05,9.165752245607312e-05,1
1.377510959069518e-05,0.999907944572467,3.430053557745088e-05,4.397978174389971e-05,1
6.203297793304873e-05,0.9997408869355711,1.3947500822247177e-05,0.0001831325874290974,1
0.00010618514726558195,0.9941734503253548,2.293106159509842e-05,0.005697433466996601,1
4.91065819092597e-06,0.9611595277607984,6.964183416117369e-06,0.03882859739630021,1
4.9033208115147595e-05,0.9983387718202066,3.397615348856252e-05,0.0015782188183382708,1
1.7485829318680633e-05,0.9998921611638143,3.194856644835789e-05,5.840443890571813e-05,1
8.488801472380754e-06,0.9997639308985123,2.196490304024234e-05,0.00020561539835013996,1
1.6216650060512664e-05,0.9999194095969443,2.0298338505608558e-05,4.407541341405262e-05,1
3.7369075280758e-05,0.9998135648482495,1.1479244372320358e-05,0.00013758683373244604,1
0.0003088682896093143,0.9989034642720475,1.228791735214003e-05,0.0007753795194607412,1
0.009074113325971238,0.9874031945344443,1.6982856656244362e-05,0.0035057092832105345,1
0.07866584925469752,0.9106599680340618,1.9152023717936048e-05,0.010655030689033987,1
0.13263679903969494,0.783788961384881,0.00012292478887787947,0.08345131478544726,1
0.10231282804184884,0.012011675603817457,1.1667033273311087e-06,0.8856743296521045,3
0.3035926548803723,1.3841405485840148e-05,3.279266586190762e-09,0.696393500436681,3
0.8466282455631391,2.0704416696995357e-06,7.497041036626822e-09,0.15336967649913616,0
0.876681818278327,4.0537225842176796e-13,8.958921116347382e-14,0.1233181817204614,0
0.9372679130001009,3.142969199698828e-16,2.9375539082280984e-16,0.0627320870010818,0
0.9877176728894075,1.4054537687020917e-18,5.3660644707441924e-17,0.0122823271096041,0
0.9978856908317157,3.1474247820100247e-18,4.678538034656078e-17,0.002114309169881569,0
0.996997223851656,6.054499692848832e-18,5.6212500738657736e-18,0.0030027761483316373,0
0.9968549800665116,1.9447363501380243e-17,2.211814727425378e-16,0.003145019933088583,0
0.942590648968006,2.734635159115603e-16,3.561654275572923e-16,0.05740935103206908,0
0.563769690532216,1.081556498761921e-16,1.724134037403992e-15,0.4362303094665062,0
0.05311429890100174,7.367804094344577e-16,3.7911700704053603e-16,0.9468857010979133,3
0.16715212688586692,7.826382167070993e-17,8.827433551221859e-15,0.8328478731154378,3
0.15823653147086972,4.799048538492907e-17,8.855234624367696e-16,0.8417634685283001,3
0.29304606407628647,3.627934797715118e-18,3.831878750046781e-16,0.7069539359253458,3
0.8505492733818707,3.2776845458614565e-18,2.986360068273879e-16,0.14945072661958067,0
0.9438075415202684,2.7332150906080538e-18,8.380542150345616e-17,0.05619245847890783,0
0.9927347594283153,4.1213590548171714e-21,2.6219723660994825e-18,0.007265240570096244,0
0.9950119125140082,9.608302306265602e-20,1.9721984660170885e-17,0.004988087487605986,0
0.9569157934496872,9.18301840119312e-19,7.345049485540447e-17,0.043084206551618466,0
0.49120858823155084,6.800956203715114e-19,6.067230259849042e-20,0.5087914117681847,0
0.9781654153059787,3.305884380556373e-16,6.725385829133619e-16,0.02183458469376995,0
0.9982111077098202,5.703979794684177e-18,1.2718977723556576e-16,0.001788892290909202,0
0.9939799249914215,1.6391484394036562e-16,7.796316230059996e-18,0.006020075008995665,0
0.9988346359580417,7.009444855569063e-18,1.5633437463389268e-18,0.001165364042893711,0
0.9997281028279358,1.1919219366355295e-14,4.162502402994757e-17,0.0002718971728796705,0
0.9996728765200501,1.2009892014750872e-14,4.005681675292113e-18,0.00032712347823858455,0
0.9997633928594967,1.0062479356937324e-14,4.531216162402842e-18,0.00023660714055092477,0
0.9998146758223124,2.349052630571798e-14,9.126542685117322e-18,0.0001853241775669272,0
0.9997511101654779,7.147951258146387e-14,6.7555335696087325e-18,0.0002488898327712332,0
0.9998215414074499,3.526359171859522e-14,3.028225006411635e-17,0.00017845859328863718,0
0.999227912609636,1.703819196828735e-13,3.7603579537569786e-17,0.000772087391742978,0
0.9996288859240111,4.889883508640866e-13,2.874215929195953e-16,0.0003711140739123984,0
0.9996377483219808,1.4262303367650452e-13,2.690186871845391e-16,0.0003622516768510889,0
0.998250189761388,2.976007078714302e-13,3.285643221596425e-15,0.0017498102388993047,0
0.9535786923870835,2.3342593735887724e-11,4.5771538230378634e-14,0.04642130758915328,0
0.7446592878055747,1.524581924593385e-11,2.3804594880390558e-14,0.25534071217981064,0
0.9656019918056349,7.972261309767821e-12,3.1153975552200546e-12,0.03439800818287171,0
0.940661790627336,1.7156638414979226e-12,9.16565667378012e-13,0.05933820937184676,0
0.6345368624700427,2.491641196153636e-11,1.6569722238467249e-12,0.36546313750209947,0
0.1870304160142163,1.4969322642834311e-12,3.8284359748988037e-13,0.8129695839835313,3
0.17099301736790318,2.153001585677166e-12,1.1111273128977615e-14,0.8290069826297366,3
0.9510706888816105,3.181329587164993e-11,5.696801967134596e-12,0.04892931107941555,0
0.9613096166772075,9.408792499719071e-12,2.1971180093676635e-14,0.03869038331273429,0
0.9987131298045151,4.206364815870723e-12,1.500646328136246e-14,0.0012868701912168358,0
0.9997240081424338,2.9021954745849134e-12,8.674539978558496e-16,0.0002759918541085343,0
0.9995488201127728,3.341654408721298e-12,4.998049050147811e-16,0.00045117988374119075,0
0.9988324156695267,7.068384072239754e-13,3.9325206456685195e-15,0.0011675843281142252,0
0.9748063173977896,3.9902349522895333e-11,1.0866805870829155e-13,0.025193682561368058,0
0.7782667049055925,1.1178215065757654e-11,1.1739175088775002e-14,0.22173329508364203,0
0.9598235816381852,9.758872552233445e-12,2.1011403872121212e-13,0.04017641835266687,0
0.9965639344050097,9.140947068342681e-12,4.29731923544383e-14,0.0034360655853214774,0
0.9993791593472804,5.086430903232337e-11,2.415427065756314e-14,0.0006208406006223302,0
0.998923878791716,2.0018207007590873e-10,2.2652285827665938e-13,0.001076121007656836,0
0.971325209091167,1.041683667788724e-09,7.865368538588065e-15,0.028674789867266053,0
0.9986927670199143,6.539047974024756e-10,4.426631439896302e-13,0.001307232326828865,0
0.9995862574894465,8.762244732166944e-10,2.1546430410027523e-14,0.00041374163337315896,0
0.9998326903139727,6.312627666813848e-09,3.2883353032663994e-14,0.00016730337438116606,0
0.9997484053140564,1.1895236408036077e-08,1.478470385915805e-14,0.00025158278946294324,0
0.99974508689555,2.3841293593069795e-07,5.933246571347383e-13,0.0002546746919458806,0
0.9993762568360793,3.9282712073554693e-07,5.75431340780084e-12,0.0006233503316317753,0
0.9965762759581976,7.439194848161907e-06,7.926870352798903e-11,0.003416284766560566,0
0.9189556450271755,0.04114955482141228,8.730362989429448e-08,0.03989471284889791,0
0.5309725687095346,0.38875863103499286,3.1033220978409928e-06,0.08026569693516238,0
0.11611649015705876,0.8421521793700919,8.825599596225314e-06,0.04172250487159536,1
0.02818290621902782,0.9700150608633764,1.9670713645197315e-05,0.0017823622027105747,1
0.002964705608365307,0.996596155209282,1.0818356128682402e-05,0.0004283208279350959,1
0.00020711875667100694,0.9996149869639314,1.4326708806031474e-05,0.0001635675696976403,1
1.7126404665327965e-05,0.999542325915228,1.0741182823364977e-05,0.0004298064985517412,1
2.396004796763153e-06,0.9959163841395211,4.713116996019615e-06,0.004076506738301045,1
2.154731248153056e-05,0.9997310388976156,1.2710644023784902e-05,0.00023470314480656442,1
9.43166673563128e-06,0.9998708358876396,1.3970336634913794e-05,0.0001057621104094654,1
1.3723251139891036e-05,0.9999243497899316,1.936041019901878e-05,4.256654749376593e-05,1
6.645764656575709e-06,0.9998815394385748,5.743565192828024e-05,5.4379145351045973e-05,1
5.9196781818738794e-06,0.9998970802841272,5.761347507873427e-05,3.938656136519424e-05,1
5.1760070951861136e-06,0.9998881942926744,5.05711568614887e-05,5.605854307654173e-05,1
5.998131842167962e-06,0.9998593064731311,8.173926789568717e-05,5.295612847044482e-05,1
1.766176799059906e-06,0.9991399785040006,3.5802932000579143e-05,0.0008224523870186333,1
1.680137311335529e-05,0.9998468510817606,1.529893626980347e-05,0.00012104860884905243,1
1.155523088118605e-05,0.9999223433073967,3.291901095959213e-05,3.318244977784764e-05,1
6.652978015390357e-06,0.9998817809608687,7.929884591154746e-05,3.2267213421010595e-05,1
3.447537190986154e-06,0.9997289304834653,0.00018630792788897223,8.131405308842709e-05,1
1.4951677366046246e-06,0.9982957995886128,0.001379524774713327,0.0003231804671905136,1
4.748660536032741e-06,0.997137667199001,0.0028012246599538582,5.6359479708954865e-05,1
3.85397217373055e-06,0.9954661765268764,0.004453778157983341,7.61913447594119e-05,1
4.1391903105918e-06,0.992950333314335,0.006986665121495773,5.8862374635372536e-05,1
3.571584462845689e-06,0.9901051485169379,0.0098182570747803,7.302282466489958e-05,1
3.3487904256275175e-06,0.9843060816794731,0.015605514605837784,8.505492421439846e-05,1
3.879867358395807e-06,0.9765357869802567,0.023341182991282444,0.00011915016117993772,1
2.884404449919583e-06,0.9728624647203115,0.026688639239395705,0.000446011634729688,1
3.6473582874626004e-07,0.9671277329554208,0.029423338472907946,0.0034485638356033027,1
5.355093170108598e-06,0.9663199892828299,0.03335989056745337,0.0003147650552064315,1
2.351649566047455e-06,0.9668358962183352,0.032745612053820886,0.0004161400789714997,1
3.531224168588299e-06,0.970021728421404,0.029793829546803388,0.00018091080615892228,1
3.6763851558534286e-06,0.9810520409021422,0.018776775443813405,0.00016750726858825313,1
6.611534325960872e-06,0.9981012968151449,0.001838685695320382,5.340595346551795e-05,1
1.5431691162772507e-06,0.9994301910917396,0.00033169422804591185,0.00023657151051168003,1
4.303179024141395e-06,0.9997664950386613,0.000177463216612675,5.173856580536775e-05,1
6.2561278341651385e-06,0.9998897988851988,6.687728308259594e-05,3.7067702117598574e-05,1
4.906857916697947e-06,0.9998625699301581,8.852073705645717e-05,4.400247395978427e-05,1
3.7431966422030536e-06,0.9998652224814581,7.22700626986876e-05,5.8764258744806534e-05,1
9.856616240582675e-06,0.9999042224730293,3.6568901324924425e-05,4.935200941199379e-05,1
6.132089242479656e-07,0.998791938079983,1.5465234239968512e-05,0.001191983478586596,1
1.1983305182211801e-05,0.9998922814988203,2.4924842938741625e-05,7.081035382805404e-05,1
1.3312589619335976e-05,0.9999164427158664,2.667825614715339e-05,4.356643855745164e-05,1
1.4816233690441962e-05,0.999928864026584,2.7432394578510884e-05,2.8887343975965194e-05,1
2.1714159666039805e-05,0.9999233842529215,1.697622766824791e-05,3.7925359773304315e-05,1
3.0827133844797124e-05,0.9999138652628777,1.5793446488363757e-05,3.951415812400462e-05,1
3.714543287054044e-05,0.9999039832879482,1.2797944087698112e-05,4.607333633761577e-05,1
4.9104477729742304e-05,0.9998902126815957,1.2800384407276238e-05,4.788245763430861e-05,1
3.982716250628883e-05,0.9998607567977372,9.411943582136939e-06,9.000409523377332e-05,1
1.777205466397785e-05,0.999742655289575,7.3478563208162005e-06,0.00023222480068744558,1
4.2431686757559215e-05,0.9998897379775964,1.2432842489540751e-05,5.5397493732976377e-05,1
1.9076467501082993e-05,0.9999082973257722,1.9542681844840213e-05,5.308352336617299e-05,1
1.4735254300201455e-05,0.9999262899573876,2.0586378200404746e-05,3.838840990347013e-05,1
9.55151892584359e-06,0.9999057987322638,3.104944360122907e-05,5.360030519817274e-05,1
7.564874242724961e-06,0.9998378961607658,0.00012329297541416838,3.124599126682328e-05,1
6.695318508212605e-06,0.9989874490484899,0.0009663282892926888,3.9527345424007326e-05,1
3.1312421163367304e-06,0.9899401574287134,0.009935739922950155,0.00012097140753909861,1
4.087719225127729e-06,0.9721227660840308,0.02778804509231496,8.510110525609918e-05,1
3.3148228990889543e-06,0.9362286709540464,0.06355292639870065,0.00021508782331987675,1
3.0502049112814544e-06,0.9183413195321496,0.08144891458261491,0.00020671568091186325,1
2.0334919968900583e-06,0.9135671739707243,0.08600779462721016,0.00042299791072862857,1
3.1951355646757328e-06,0.9216717502646911,0.07813501697306907,0.00019003762646523168,1
1.821270389429166e-06,0.9428644965615542,0.056714347606530637,0.00041933456137014676,1
7.259275959162176e-07,0.9650502152113029,0.033728657391077055,0.0012204014708380702,1
1.9975463132894368e-06,0.9808904627153334,0.018124122645417084,0.0009834170925560927,1
5.695512907468877e-06,0.9961693928218732,0.00375583484460391,6.907681985189826e-05,1
4.354130880836652e-06,0.9994590006360874,0.00047730161165252064,5.9343622459541604e-05,1
2.0126878037724302e-06,0.9997385461418393,0.00014906161496742732,0.00011037955678556285,1
4.438770479664585e-06,0.9996116315498274,0.0003415101539443686,4.241952650765805e-05,1
4.0087036147334975e-06,0.9995312896983234,0.0004058629374541726,5.8838661013208845e-05,1
1.474075129371392e-06,0.9995250873801479,0.00027650265861845126,0.00019693588455738185,1
6.138023090319936e-06,0.9997735704004626,0.0001840156951286849,3.627588227890233e-05,1
3.5012339971877876e-06,0.9994519410190772,0.0004915058558190461,5.3051892768506e-05,1
4.441633381601145e-06,0.9973506420672033,0.002587201165907582,5.771513392327705e-05,1
4.983357304898957e-06,0.9851045099574508,0.01478371883018602,0.0001067878561468902,1
2.4824032947416485e-06,0.9177100815779539,0.0817673876912672,0.000520048327493504,1
7.081139349722987e-07,0.7122378758992667,0.2868549375530521,0.0009064784354978884,1
4.3655679289352907e-07,0.11640542507972737,0.883048870199377,0.0005452681655226064,2
5.510899105597199e-07,0.0007379895271308045,0.9984834454807123,0.0007780139021067758,2
2.155131260839267e-13,7.466515740876321e-06,0.9915749265360417,0.008417606946987571,2
4.2176381367129863e-10,8.429951755884553e-07,0.9998549985138838,0.00014415806996317688,2
2.244309512342776e-11,2.804290157876172e-06,0.9999655353031116,3.16603843260277e-05,2
4.9104489230824695e-11,0.0001194643937455782,0.9998521633865156,2.8372171016915187e-05,2
1.4156360904561315e-10,0.00020612825443906165,0.9997818005124293,1.2071092045510994e-05,2
3.734849185830974e-11,0.00010956435382763982,0.9998688593436388,2.1576263495117257e-05,2
4.696989652201895e-11,7.189588568956772e-05,0.9999147524389475,1.3351629840743367e-05,2
8.84313251290287e-12,7.123918494602803e-05,0.9999053006490642,2.3460158203726092e-05,2
2.2707168273170644e-11,3.4543547088351534e-05,0.999956195081669,9.261347790473399e-06,2
2.2201106516085964e-12,3.752842076628913e-05,0.9999431776442251,1.9293934508885368e-05,2
1.4879135000150176e-12,6.252551359199262e-06,0.9999878522986603,5.895147055240921e-06,2
3.165438990765425e-13,3.8578449385182655e-06,0.9999897913306034,6.3508225677302225e-06,2
4.052816115961185e-13,5.448224150816776e-06,0.99998924262365,5.3091511671268994e-06,2
3.9503840548196653e-13,4.650383095851303e-06,0.9999889596392768,6.389977598877332e-06,2
1.466710646995818e-12,9.941889879043527e-06,0.9999825508524623,7.507254556426311e-06,2
6.212722755096023e-12,1.4743681081522299e-05,0.999970890026695,1.43662841997191e-05,2
7.736366546822457e-12,0.00015259484605742324,0.9998165091455435,3.089599930708201e-05,2
2.2978136093315092e-11,8.95241481301193e-06,0.9999857011538574,5.346408586997984e-06,2
1.0076134299564024e-12,3.0014779037504442e-05,0.999933141510655,3.684371006826581e-05,2
1.7486030084140997e-12,5.726730959861097e-06,0.9999860205566046,8.252710388385935e-06,2
9.74070419588959e-13,4.184752622892161e-06,0.9999907391021676,5.076142763477663e-06,2
2.0144225998853908e-12,2.7977242559672007e-05,0.9999598252428185,1.2197513228120774e-05,2
4.677778325064887e-12,1.6204201081968817e-05,0.9999715885276398,1.2207266032255145e-05,2
2.6302513390014792e-11,6.459718851009826e-05,0.9999274390453639,7.963738792231219e-06,2
4.819421100143311e-11,0.0001503228282069055,0.999831370662408,1.830646073113358e-05,2
6.746499433825441e-11,0.00015651605783907456,0.9998048386603804,3.864521555069196e-05,2
1.6548555288260066e-10,0.00020139303797577754,0.9997638188097547,3.478798716397728e-05,2
3.0157865896805893e-10,0.00013673146962663688,0.9998163778895376,4.689033783613576e-05,2
5.090186834248768e-09,0.002164308270654078,0.9977928563070817,4.283033351249118e-05,2
1.517334599640625e-08,0.012789287802738396,0.9870826029260732,0.00012809409850536493,2
1.942334410591858e-07,0.06477962965317664,0.934627398682956,0.0005927774289562236,2
6.876182727029053e-07,0.85154766450708,0.14756806370008735,0.0008835841728983868,1
4.2842286603825605e-06,0.980090733514215,0.01973423626550717,0.00017074599189897052,1
5.0957528326203385e-06,0.9976421777830018,0.002232989953800894,0.00011973651204557804,1
2.571986186974472e-06,0.9992777445730797,0.0004123526155748459,0.0003073308236564406,1
3.9201485414713465e-06,0.9997634755493786,0.00014425727399046124,8.834702834709221e-05,1
1.417867150574065e-05,0.9998718105368022,2.5668605336260893e-05,8.834218734550834e-05,1
6.533456994448116e-05,0.9997946525373177,1.5991058422191103e-05,0.00012402183273857055,1
0.0007238045915596596,0.9989118211240487,1.4321591348506149e-05,0.0003500526924408708,1
0.012578351996123548,0.9859575452866689,2.4503006992512518e-05,0.0014395997088012232,1
0.07614266000275108,0.8813300900064135,7.736026130653781e-06,0.04251951396643505,1
0.4148577892062036,0.5724487746290364,6.1181961842216565e-06,0.012687317968009062,1
0.7743871142485107,0.1982101535241955,1.7343692856502802e-05,0.027385388533701906,0
0.8191601961113121,0.0423808226733096,9.667899538324266e-06,0.13844931331521426,0
0.5864898683248003,4.673845111284201e-05,3.5043861630380034e-10,0.4134633928722138,0
0.9731323128597227,5.012023111298105e-06,3.1799561742264677e-09,0.02686267193806728,0
0.9899016323297422,2.963526400308028e-06,9.316122595877256e-11,0.010095404051513218,0
0.999279554423436,1.966211731927e-05,2.456737722851379e-10,0.0007007832141344685,0
0.9997587809535455,3.4755304791776225e-06,7.434215702393487e-12,0.0002377435071802481,0
0.9997422689448002,1.167199607224093e-06,1.9993638010599296e-12,0.0002565638534071327,0
0.999398308589092,3.048819631270432e-07,1.599372143379621e-12,0.0006013865260980346,0
0.9981657436005413,6.410151735826047e-07,9.026245017333239e-13,0.001833615384159429,0
0.9997693280790831,1.43113443290783e-07,1.1141938851563164e-12,0.00023052880768945083,0
0.9997710098465786,1.5722110157359522e-07,9.051072424941214e-14,0.00022883293356777768,0
0.9998499361511468,3.038808219306002e-08,2.6472621164553552e-14,0.0001500334604150242,0
0.9998382605799316,2.6534758614417096e-09,2.979192740124308e-15,0.00016173676807577342,0
0.9998676959985154,2.245658137512201e-09,2.8548406487881447e-15,0.00013230175483888075,0
0.9998547858139419,1.0227612715881495e-09,2.4079067897928127e-15,0.00014521316408702028,0
0.9997532698074103,1.1505704856526872e-08,8.139257478384009e-15,0.0002467186880898377,0
0.9998219289286183,6.557278831560337e-09,3.7389340993125106e-14,0.00017806451324156453,0
0.9995271628962421,1.6254065475126143e-07,2.3914008541806162e-12,0.0004726745615806059,0
0.9952109741919422,2.3351869408929484e-07,2.2385584845405858e-13,0.0047887922895478545,0
0.9993516910406128,2.913631049041107e-07,2.6406257106071616e-11,0.0006480175708877778,0
0.9983018399162844,3.043589648662529e-07,1.4469140937764846e-11,0.0016978557087587228,0
0.9903780611219348,2.0356121117331693e-06,3.708388649950129e-10,0.009619902895643403,0
0.7308487521617869,6.812118907584818e-08,2.454395933279858e-11,0.2691511796915622,0
0.0024704794998161484,6.07339020709593e-10,3.677916712062202e-13,0.9975295198907213,3
0.45953749815930695,2.693988248155529e-08,6.54905329048182e-10,0.5404624742468648,0
0.5671310175557492,1.1493438866700506e-08,2.4202746462026808e-12,0.432868970947629,0
0.9903520854835909,4.612174367759241e-10,4.853982553300988e-12,0.00964791404976415,0
0.9975150020245241,1.976824581572247e-11,4.053152034669303e-13,0.0024849979540451247,0
0.989956233235881,6.577133665766324e-10,9.670739993867566e-13,0.010043766107230168,0
0.9885129877543359,4.473086390724758e-10,4.07587924876113e-13,0.011487011799308142,0
0.9904553433368866,3.1717185194626444e-09,4.427248218460258e-11,0.009544653446288576,0
0.7210267457428248,3.3812574259733848e-09,1.6680269214428218e-13,0.2789732508742661,0
0.9460418966794348,2.009420942421709e-09,8.702911451848422e-12,0.053958101302304926,0
0.9930338209618307,1.0638533698335806e-08,8.713735236463187e-11,0.006966168314219915,0
0.9795230616278016,5.7838910065595426e-08,1.7323293423719805e-10,0.02047688036178559,0
4.9436697895512125e-05,9.350035082527157e-10,2.3876618916693765e-14,0.9999505623670223,3
0.4275835102468689,9.430828618972616e-08,2.9653866694868324e-10,0.5724163951481597,3
0.899028700848351,4.319771887409323e-08,2.9268223454368244e-11,0.10097125592342265,0
0.9932085015769638,5.2002494348945225e-08,1.2884214400824869e-10,0.006791446290792002,0
0.996318776598887,4.671186167850194e-08,1.9131563495600647e-11,0.0036811766684411683,0
0.9935661205768401,7.23037222800172e-08,1.3181930834016743e-11,0.006433807106844097,0
0.9943985117300356,4.2399750242555483e-08,8.857629348423945e-11,0.0056014457800726645,0
0.9675080217412686,9.76102733735893e-08,4.9127875233753275e-12,0.03249188064427041,0
0.9884918423658398,2.7534407341773418e-05,5.995372938014039e-10,0.011480622627596826,0
0.9990084883501377,1.541135149636722e-05,1.277956627327332e-09,0.0009760990213793927,0
0.9981291156067008,1.0910664649670139e-05,1.8724740195962801e-10,0.0018599735399063226,0
0.9946768262557303,0.00023874120598490483,2.2787784375836585e-09,0.005084430261035304,0
0.9750330795010056,0.0069886449272633065,1.6643058966339836e-07,0.0179781091425721,0
0.8702844683939505,0.01469466138730276,2.328349270201705e-06,0.11501854186867264,0
0.007083033512242721,0.006765185499713901,5.267992616326753e-07,0.9861512541884037,3
2.7514804547853637e-06,0.002985860533816095,3.3970246719677444e-07,0.9970110482817806,3
1.5220230950563535e-05,0.026067515799394904,3.4392214991780414e-06,0.9739138247464815,3
3.781926849898905e-05,0.20819713829438274,2.6085505514649524e-05,0.7917389569326284,3
0.0025004594013051554,0.9801977351003043,0.00028666234976488906,0.01701514315028864,1
0.0003027397126736861,0.9975944137976542,1.236551894799531e-05,0.002090480970094311,1
2.7109895402444675e-05,0.999398579120981,7.338898231325512e-06,0.0005669720849663317,1
2.2679774981241958e-05,0.9998659905265352,1.5029283068048635e-05,9.630041663822434e-05,1
1.4158893334607732e-05,0.9998963328876587,3.107526415765706e-05,5.843295357588076e-05,1
2.734792100566864e-05,0.9985905817439211,2.6173817455327473e-05,0.001355896517948856,1
0.0018154273021100075,0.9955265626998346,2.367559178702026e-05,0.002634334406558762,1
0.006623065611392651,0.9545936630634795,0.00022660735039495102,0.03855666397410841,1
2.2953466928697438e-09,0.001547332303735012,5.702189021240067e-08,0.9984526083774544,3
3.598107143036764e-05,0.0008916967878584712,1.4678747942160008e-07,0.9990721753519646,3
0.004514690599439972,0.0061015790042217985,1.3106529786153543e-06,0.9893824197449075,3
0.0813026370871418,0.01954937293906607,5.562368166767169e-05,0.8990923662926275,3
0.0014980882968845524,0.000561749616448623,2.2650248620925943e-09,0.997940159822891,3
0.9054260054778248,0.0033849668542059474,1.1062896439477129e-06,0.0911879213788192,0
0.9686582603664257,0.0035996710150085383,1.406843167996142e-07,0.02774192793358787,0
0.9824365740252566,0.005512630480253688,2.2662874117182577e-07,0.012050568866542863,0
0.9770738792297202,0.007300670368464925,5.435502002953952e-08,0.01562539604736997,0
0.9822431061353915,0.011760743735595724,1.8256655754098105e-07,0.005995967563234101,0
0.9760903930349846,0.021649055008082122,2.8532902157994734e-07,0.0022602666275398538,0
0.9095182903191625,0.07954791035923245,2.4100750344271475e-07,0.010933558314358225,0
0.7517545887754118,0.22949472220203904,1.8430667296912673e-06,0.018748845957504673,0
0.01298568422012006,0.8828505840168095,4.842511436619571e-06,0.10415888925037813,1
0.00046696863842294386,0.9800967622740753,2.7210461905412677e-05,0.019409058627135916,1
0.0001327566196908342,0.9995179786363709,2.8638049746837037e-05,0.0003206266935950145,1
5.3791875590891005e-05,0.9998630460398767,1.7583365793806446e-05,6.557872046483528e-05,1
0.00013600169170033518,0.9994449295047714,2.706610029792542e-05,0.0003920027017977193,1
0.0011150938126314042,0.9889714046824798,0.00047345842397681834,0.00944004308003845,1
3.7473441491174852e-06,0.2755684452363906,0.00031569062415005026,0.7241121167963098,3
9.12626367864226e-15,4.780672621084135e-05,3.9999863755650626e-08,0.9999521532723532,3
9.275578018410032e-05,0.15502289550521534,0.7908863603342212,0.05399798837862245,2
4.4449507298791404e-08,0.018406772390534197,0.975675040689272,0.005918142471653571,2
7.387880579309505e-10,0.0011165098952682989,0.9987285228772254,0.00015496648743669808,2
7.492384096662058e-12,1.1671582952302376e-05,0.9999802766995913,8.051709407191649e-06,2
1.7082092317741413e-12,4.500523021161088e-06,0.9999910899747597,4.409500175332195e-06,2
3.4456783420057606e-11,7.099849539912842e-06,0.9999739083089182,1.8991806760899156e-05,2
6.97276581587759e-14,1.1471293642910635e-05,0.9992288850980497,0.0007596436070630308,2
2.1920616650054597e-09,8.67463159628179e-06,0.9999670550611891,2.426811386577373e-05,2
2.3940120258406776e-11,1.432249010612939e-05,0.9996951630680528,0.0002905144193335939,2
1.1961369497138867e-11,3.5712235125226526e-05,0.9991787443176982,0.0007855434344338121,2
3.6569202057815e-10,4.7882288861419105e-05,0.9998557015461674,9.64158001247254e-05,2
4.320569816386973e-11,6.0065450419435685e-05,0.9998981463865141,4.178812110160736e-05,2
3.321762288361247e-11,5.7188093094218534e-05,0.9999079806215189,3.483125387279883e-05,2
7.218313629732281e-12,1.952560591482406e-05,0.9999516832717288,2.8791113653870558e-05,2
3.865800099572692e-11,5.7564100681336227e-05,0.9999279093765382,1.4526482812839787e-05,2
5.5105017051443736e-11,0.00015512636543826692,0.9998158626573218,2.9010920350920866e-05,2
5.39424383976335e-11,0.00013900711375247106,0.9998194306636862,4.156216828619116e-05,2
6.648431825678191e-11,0.00015981739707472575,0.9998095351674631,3.064736803349276e-05,2
5.635449771300636e-11,6.226275595841542e-05,0.999923929791676,1.3807397364894244e-05,2
4.502084049742371e-12,2.747684881089407e-05,0.999946550293896,2.597285183285694e-05,2
1.3690068870578458e-11,4.226985123798899e-05,0.9999459890930605,1.1741043270978534e-05,2
1.2531740117901341e-11,1.2133638271851344e-05,0.9999746887990212,1.3177549541341018e-05,2
7.411257334341804e-12,2.509624381873866e-05,0.9998976224983089,7.728124908835626e-05,2
5.472519299939261e-11,2.636429091566344e-06,0.9998997510786746,9.76124379566918e-05,2
1.0740508882292453e-13,5.938950377034755e-07,0.9993978925348368,0.0006015135691717523,2
2.2100110689321835e-12,2.1065055685930852e-07,0.9999798930314354,1.989631758812528e-05,2
4.4788139791591234e-13,4.02473941824811e-07,0.9999930307046292,6.566822180877461e-06,2
2.970027471925091e-14,4.6807190234482267e-07,0.9999854895538682,1.404237488315466e-05,2
8.433288823447454e-15,2.706836996950013e-09,0.9999965335688157,3.46372543434572e-06,2
6.854097891299129e-15,2.3239311115213402e-08,0.9999971357724554,2.840986902966764e-06,2
3.498626824101043e-14,7.954660053168446e-08,0.9999961989669308,3.7214859753775543e-06,2
3.825846007647862e-12,1.8630612851183728e-07,0.9999811633306916,1.8650357559353666e-05,2
1.344416004799959e-15,8.091494751788986e-07,0.9989446897407095,0.0010545011109303081,2
1.4456583871002536e-11,7.642187915907945e-08,0.9999852601099005,1.4663452508349711e-05,2
5.833310848474987e-14,1.4430012069941236e-07,0.9999817791381438,1.807656322274365e-05,2
1.179635283152253e-13,1.2814917256355766e-07,0.9999944270940195,5.444757791274686e-06,2
6.240140759757728e-13,1.397312768838518e-07,0.9999921233339665,7.736933332856278e-06,2
1.832929935115767e-14,1.3650553280273616e-07,0.9998767909548738,0.0001230725404365339,2
7.732233532414817e-14,1.563251429412472e-08,0.9999873953523496,1.2589015941950362e-05,2
1.7009878489327041e-13,1.498207634018739e-07,0.9999964983241998,3.351856351667335e-06,2
1.1272157510946993e-14,1.9563290400109792e-07,0.9999886095386749,1.1194828408867206e-05,2
6.035322495880878e-14,3.105448546899947e-07,0.9999953913608594,4.298093369307092e-06,2
7.925726196946184e-14,5.589735732595334e-07,0.9999953991206324,4.041907236790118e-06,2
1.0083488622482793e-13,5.641284854025622e-07,0.9999927889772032,6.64689281045885e-06,2
4.752513028786826e-13,1.072123326083704e-06,0.9999880820815508,1.0845794820787707e-05,2
1.790124577924711e-12,5.074316496025312e-06,0.9999686434462542,2.6282235883350237e-05,2
3.644605144439124e-10,9.973124222875422e-05,0.9998853105097301,1.4957884925658165e-05,2
1.9164685388242942e-10,0.0035059905158482713,0.996030903266057,0.00046310602689859703,2
2.0822509409221613e-07,0.02942306270173215,0.9700718445897224,0.0005048844822200446,2
5.972993082454744e-07,0.2330580310979537,0.7655675008492309,0.0013738707517980382,2
5.353355067095933e-08,0.587700777252799,0.38288735145359926,0.029411817759905815,1
1.4540073046228769e-05,0.8742156012241383,0.12362576920613673,0.002144089496887671,1
6.875657123043931e-06,0.974932235455491,0.02491832405114503,0.00014256483451236267,1
5.540998197436892e-06,0.9965228021630822,0.003420608033423927,5.104880457067923e-05,1
6.51273742260587e-06,0.999664294124604,0.00028262095164213155,4.657218669577707e-05,1
1.187558958701975e-05,0.9999039524917773,4.427366683080814e-05,3.9898253366513015e-05,1
2.710737059670276e-05,0.9999030501891275,1.8545328804862236e-05,5.129711207157967e-05,1
3.474924465595857e-05,0.9997335147922948,1.1395303024020708e-05,0.00022034066105957047,1
5.677064752644492e-06,0.9967679073763694,9.949443750178815e-06,0.00321646611564483,1
0.00026394176508601495,0.9979725662991337,4.23429193100699e-06,0.001759257645147604,1
0.0002555314422157397,0.999460207163326,6.518775863274145e-06,0.0002777426203871204,1
3.288962796447364e-05,0.9998711099812486,2.3836691934103693e-05,7.216369958841538e-05,1
5.213177315171337e-07,0.9991143934381952,2.4574980001934128e-05,0.0008605102637777233,1
9.57028798764809e-06,0.9999101258625542,3.735083811737667e-05,4.295301075933746e-05,1
7.005704332026674e-06,0.9999125629394802,2.9117672082946336e-05,5.131368570364755e-05,1
2.823802428039218e-06,0.9998683361910032,2.4418037001008874e-05,0.00010442196836387012,1
1.224031436821175e-05,0.9998918331044928,1.4265356063389549e-05,8.166122487505414e-05,1
3.571107568920214e-05,0.9998629339945689,9.737114878268682e-06,9.161781599632968e-05,1
4.723055372517261e-05,0.9997988741320047,7.643510186784673e-06,0.00014625180575705412,1
4.917868790060106e-05,0.9996761106924129,1.0014137524717015e-05,0.0002646964808637553,1
1.1452978453714889e-05,0.9994425116091908,8.304525698112282e-06,0.0005377308875710366,1
2.5689814148038812e-05,0.9998534842840684,1.1768380338550557e-05,0.00010905752182488609,1
3.178500336098757e-05,0.9998625026950014,1.1356302186291367e-05,9.435600125172785e-05,1
6.508512466743288e-05,0.9998451751047638,1.020910163584195e-05,7.95306693169529e-05,1
7.548073464037164e-05,0.9997374680437755,9.496698669222452e-06,0.0001775545232248744,1
4.52186915820234e-05,0.9998545540901833,1.2895197975595762e-05,8.733202174844343e-05,1
5.16929205537633e-05,0.999884099122435,1.2407914990185886e-05,5.1800042589580075e-05,1
5.710338490588061e-05,0.9998641857250264,1.1689117041789595e-05,6.702177203094982e-05,1
1.0915508679340747e-05,0.9994197201449525,9.647696337280715e-06,0.0005597166501560055,1
8.606456316207028e-05,0.9997663045112971,7.671128810678732e-06,0.00013995979574748062,1
1.1514669237098436e-05,0.9997451124276513,1.2439330131947899e-05,0.00023093357379609376,1
5.96011888713372e-06,0.9998656611808536,4.7384843831473784e-05,8.099385466192745e-05,1
1.0835639076743383e-06,0.9991626535630358,0.00025467365915122093,0.0005815892151673987,1
4.617140718906556e-06,0.9997998938456654,0.0001501574969071354,4.5331515745659616e-05,1
4.2566176898739205e-06,0.9998459265296268,9.289973041353061e-05,5.6917120490064016e-05,1
6.025068701624713e-06,0.9998600248731152,0.00010084021881407808,3.310983785264035e-05,1
9.562784313441471e-06,0.9999163579944234,3.339303987094772e-05,4.068618148557253e-05,1
1.1143204237831793e-05,0.9999106887711477,4.561692800970718e-05,3.2551098209067744e-05,1
4.7722477555023875e-06,0.9995822034477811,0.00037272286575399044,4.0301438881211314e-05,1
4.168430103012844e-06,0.9973584822488244,0.002575696310467205,6.165301163684817e-05,1
1.7160062273499536e-06,0.9941969541015002,0.005461486687621096,0.00033984320585265403,1
2.498690608588296e-06,0.9861757485804034,0.013657755599934427,0.00016399712783673817,1
3.4565915620572134e-06,0.9485835550685028,0.051288444140765756,0.00012454419765892444,1
3.3704558949397022e-06,0.8916341325817364,0.10817207463929074,0.00019042232275271812,1
2.4787112591199847e-06,0.7695734872693869,0.23013108789951595,0.000292946118311844,1
2.6165036169751715e-06,0.6443713977756931,0.35537675459705115,0.0002492311238368301,1
1.3690665574852729e-06,0.5407565662564664,0.45864546374600557,0.0005966009306066598,1
7.981090433715089e-07,0.4221281517020926,0.5772641489684884,0.0006069012220948839,1
3.387873737920784e-07,0.2761311882298865,0.7230926470527046,0.0007758259293052213,2
4.424859181041485e-07,0.15194516362453153,0.8478446214133925,0.00020977247587727495,2
3.528976131049177e-07,0.09148422239105633,0.9084196277015045,9.579700974121739e-05,2
1.363095344939364e-07,0.06290512753150504,0.9369265565742587,0.0001681795863060591,2
3.526036086622398e-08,0.02402492932970942,0.9754709415398134,0.0005040938705317472,2
2.933307174723973e-07,0.00815390495682454,0.9917386914340083,0.00010711027983271819,2
2.5727846569067636e-06,0.0060375672986937474,0.9923228435719033,0.0016370163462446992,2
9.185340716081494e-13,0.0006243838741005715,0.9097281951537527,0.08964742096947402,2
1.1596365825161529e-07,0.0008039451762856064,0.9975485782175146,0.0016473606435103883,2
1.0065709996932418e-09,0.00011808750887352498,0.9998023756577384,7.953582664177205e-05,2
5.2658374069743614e-12,2.5327899811371673e-05,0.9999608934383798,1.3778655563467398e-05,2
6.878717929433556e-14,7.320436951606695e-08,0.9999970094622009,2.917332018441381e-06,2
1.2262783406649364e-14,1.4205735529435036e-07,0.9999956713711988,4.186572926677214e-06,2
1.5446595105390502e-14,1.271112557971621e-07,0.9999967692290177,3.103660040626756e-06,2
3.715006568583402e-14,1.4541135301487468e-07,0.999996457433462,3.397154100271105e-06,2
1.7252595319888593e-12,1.2858869630343803e-05,0.999980964304278,6.176824268377171e-06,2
1.398459275029545e-12,1.0739534036111714e-05,0.9999605368940843,2.8723568692937484e-05,2
7.655089866154041e-10,0.00020864470401742752,0.9997818204405661,9.534088762008694e-06,2
5.356253753477377e-09,0.00680228548522871,0.9931274338122416,7.027534724991541e-05,2
8.882733549265455e-08,0.1043343098645789,0.895054960974023,0.0006106403329094695,2
8.624479980266709e-07,0.7088675544738858,0.2904666951402939,0.0006648879369821121,1
3.7847591818891498e-06,0.9342851350668782,0.06546634198486202,0.0002447381882032621,1
6.03839521052334e-06,0.9947791932034099,0.005106843925610296,0.00010792447686584727,1
6.379654682511758e-06,0.9994490928833808,0.0005007984557367825,4.372900656122023e-05,1
7.953281008842531e-06,0.9998746047541002,8.014123176906086e-05,3.73007341732626e-05,1
5.233535559710059e-06,0.9997587838741379,0.00017546044312072875,6.0522148584665806e-05,1
0.0001420510246757033,0.9995552090580464,0.00021507995331559605,8.765996394940913e-05,1
0.005030158893745968,0.9939077228985796,0.00013355029840437813,0.0009285679103994686,1
0.14499663371291308,0.8493980806760147,9.247458769949779e-06,0.0055960381534285,1
0.43454901250003797,0.5571846298794596,3.555413850817209e-06,0.008262802205759234,0
0.6918229124721215,0.3026412100693134,1.723204751564232e-06,0.005534154254529338,0
0.8652300598255381,0.13053149126438887,6.465297010792282e-07,0.004237802381465283,0
0.9628123457697041,0.03395068018123827,2.405295372284554e-07,0.0032367335185491705,0
0.9831599483496974,0.01527083894847643,1.1956064754698737e-07,0.001569093142695624,0
0.9904671361526599,0.008550439457466417,6.665834624514763e-08,0.0009823577304745204,0
0.9927370313365906,0.006285255154261888,7.914488354676576e-08,0.0009776343639355688,0
0.9934315630590795,0.0035893866314007246,2.1900779909187074e-07,0.002978831303408037,0
0.9838766537692807,0.0010614414426219634,3.80974849146134e-09,0.015061900978717664,0
0.9988490156507102,1.877265665128175e-05,8.350139995144446e-11,0.0011322116096621352,0
0.9997265884702429,2.749565110756614e-09,6.220205390523786e-14,0.00027340878077316823,0
0.9995679996967108,2.7853543556144663e-09,5.656845169030131e-15,0.00043199751824504203,0
0.9997759111707226,2.329394228610368e-09,6.404364164880062e-15,0.00022408650132068169,0
0.9998650311823193,1.2940701825816605e-09,9.937098931680856e-15,0.00013496752494042663,0
0.999513665955292,1.7996868691349636e-09,7.819143261560423e-14,0.00048633224400054624,0
0.9947479780566832,2.243043455001472e-12,3.3423212087526346e-15,0.005252021942560421,0
0.9950626103127539,5.814916906431084e-13,1.5078313610944734e-15,0.004937389687084489,0
0.9996450990081248,1.4443544715941744e-13,1.6410581727954659e-15,0.0003549009912259666,0
0.9985592128338523,4.048977518221556e-13,2.9780217606238398e-15,0.00144078716530178,0
0.9630207678877376,6.344484183443862e-13,1.093615725468218e-15,0.0369792321103118,0
0.9936159103338094,1.3677139085294093e-12,3.4149122611114554e-15,0.006384089664719792,0
0.999608253091236,1.6045628365426334e-13,7.025441576792084e-16,0.00039174690879627315,0
0.9997055150133382,7.376883216370298e-15,4.474780455455325e-18,0.00029448498823735726,0
0.9998067440054542,1.2849279370049268e-14,5.674188361481716e-18,0.0001932559939640957,0
0.9997460536024674,8.359437518754577e-15,3.995291526545697e-18,0.00025394639648410207,0
0.9997535140156207,1.5834522243094175e-14,1.0131484425096068e-17,0.00024648598407961614,0
0.999737251084423,3.9952516019801857e-16,1.0122628352192483e-17,0.00026274891530888976,0
0.9968005568704015,5.234205048410001e-15,2.2813348017772626e-17,0.003199443129624811,0
0.9987521397742223,1.7286244987932605e-17,7.851683408345923e-17,0.0012478602268463782,0
0.9855002630241756,3.827748881497305e-17,1.609519581696871e-18,0.014499736976063377,0
0.9965467328690221,8.89181593189347e-18,1.7311519296313296e-17,0.0034532671313977346,0
0.9988495691899641,4.039256639018644e-18,1.76142454912231e-18,0.0011504308107539998,0
0.9994024536926348,3.2622259871922114e-18,1.3983370406996831e-18,0.0005975463091147659,0
0.9980825867333619,4.262282239865562e-21,6.874513120336042e-20,0.001917413266376799,0
0.9979777493397181,8.067616643356379e-21,1.2683202016423959e-19,0.002022250659641987,0
0.9993555146370396,6.403741670539911e-21,7.402000445246326e-20,0.0006444853642503217,0
0.9993543683767736,4.821636481567181e-21,2.0540022481143697e-20,0.0006456316227758516,0
0.9994869214356433,6.048152206358237e-21,1.6138467767816356e-20,0.0005130785643691168,0
0.9994020024384416,6.453739694672035e-20,5.125190599083345e-20,0.0005979975617429846,0
0.9994570513508559,2.0214201605588963e-18,1.0473789822436632e-19,0.0005429486503050011,0
0.9997077722370536,7.429350719620026e-19,6.401086843228345e-20,0.0002922277628970417,0
0.9997918039123848,5.478193194522158e-15,3.489323602337452e-18,0.00020819608693057888,0
0.9998238067352404,2.2392584137916216e-14,6.174058568127202e-18,0.00017619326606260774,0
0.9998130664581764,2.9397734281664544e-14,5.90681086213706e-18,0.00018693354171876668,0
0.9998174385699381,3.174647518251586e-13,2.0826363074692638e-17,0.00018256142920578488,0
0.9998108961498411,4.872543247127036e-15,3.730420896763344e-18,0.00018910384849252568,0
0.9996495382426314,6.758737826622115e-17,2.4270945100925584e-19,0.0003504617575111402,0
0.9997605034498138,2.8560696574173734e-16,5.263872790709445e-18,0.00023949655108361284,0
0.9988992642537506,2.578078522511806e-12,1.05215738747072e-16,0.0011007357434140782,0
0.999813311030174,1.925382722140128e-12,3.0154790256822663e-16,0.0001866889685677289,0
0.9997902099923098,2.0827696270107566e-13,2.2527867037803608e-17,0.00020979000893677077,0
0.9996758540943494,2.4053414187487607e-13,1.9930717038610687e-17,0.00032414590661679636,0
0.9998042456547978,9.225925241179269e-14,2.6641779474419302e-17,0.00019575434669185784,0
0.9996754214062141,7.581458138580291e-16,9.825421617376926e-18,0.0003245785939460598,0
0.9979998754662135,1.230898792570618e-15,1.2226306151344286e-17,0.0020001245338016863,0
0.9987030352370212,1.6008277267010984e-13,3.603030520522591e-16,0.001296964761719126,0
0.999649772370015,1.2808622016584595e-12,4.2228972317456014e-16,0.000350227629348671,0
0.999816123412395,3.3514990687316277e-10,2.073286270162141e-15,0.00018387625185895814,0
0.9998034745763875,3.867412834694609e-10,1.0420341154378132e-14,0.00019652503534547751,0
0.9989042363279794,1.2537988304291557e-09,1.9310851577710716e-15,0.001095762417339496,0
0.9997768560044257,2.8398861650191427e-10,3.695190129263506e-15,0.00022314371235182038,0
0.9998734118911058,1.245985270140841e-10,2.0452809161693934e-15,0.0001265879852170732,0
0.9995728073440481,4.2213537158913814e-10,3.94302030533266e-14,0.00042719223301420956,0
0.9915761486456038,4.369447315339237e-10,2.6068291873541266e-15,0.008423850917051433,0
0.9996666048029873,3.9407219353995116e-11,1.5550594325487254e-14,0.0003333951593347918,0
0.9998044046215497,8.540789525953933e-11,4.3522256283566806e-15,0.00019559529147832863,0
0.9993178832560741,7.457038437098846e-09,1.0403810764253814e-13,0.0006821092870479717,0
0.9981641126989094,3.690678396683778e-08,5.356127842744896e-13,0.0018358503940261264,0
0.9984197285140497,1.4516182787875945e-11,5.411526842735963e-15,0.001580271472580649,0
0.9995429075037898,2.0590810313010405e-10,2.1861396126464067e-13,0.00045709229143850336,0
0.9937810095720316,2.8945333476728226e-09,7.842245449900806e-15,0.006218987534392438,0
0.9996373154903258,2.2129241910714074e-09,1.185297394228777e-13,0.0003626822983307176,0
0.9997834460890311,4.657517938702161e-09,1.4790655675228314e-14,0.0002165492516587995,0
0.9997708483682319,6.857867681421676e-09,1.1904120734295676e-14,0.00022914477429322326,0
0.9997192997150933,6.16271733085079e-08,1.0495071256207173e-13,0.00028063865725735145,0
0.9997081487015412,5.3515159408881486e-08,1.045907630241129e-13,0.0002917977839382776,0
0.9997841392687672,3.0121653877915917e-07,8.264968597262974e-13,0.00021555951467623564,0
0.999419810950754,7.461129232280344e-07,5.830633352713461e-13,0.0005794429356195606,0
0.9996333128419352,4.516122835737858e-07,2.698331549836534e-12,0.000366235541729589,0
0.9992894561693529,1.4749149301820223e-06,7.945107729045612e-13,0.0007090689151401357,0
0.9998147703413143,1.0017062299212346e-06,1.3492338661151205e-12,0.0001842279499376439,0
0.9998323529006635,4.683703368388256e-07,3.3208353961340396e-13,0.0001671787284601324,0
0.9997406100589578,1.1669836347789736e-06,3.57379331950763e-12,0.00025822295497991075,0
0.9984677338529404,3.3229122417126896e-07,2.348710190179951e-13,0.0015319338548256728,0
0.9998127683634019,1.8599975789860496e-07,8.133974067628754e-13,0.0001870456366604407,0
0.9998247143496465,6.37044836461132e-08,6.613711228935728e-14,0.00017522194735333947,0
0.9997463878224143,1.0161524945541583e-06,5.412174951249942e-12,0.00025259602027224797,0
0.996966772384564,6.393336365354419e-07,2.629494205744788e-12,0.003032588280178464,0
0.9984587381057995,8.79566013371601e-05,1.1568741759922807e-09,0.0014533041361455361,0
0.9987812729940615,0.0003275519540328215,1.5180550702703317e-09,0.0008911735325199247,0
0.999292406070433,0.0003333890305461434,1.996357443576907e-09,0.00037420290283968633,0
0.9990521863817632,0.0003681754103499404,2.319432847322575e-09,0.0005796358898347102,0
0.9980393838852001,0.0003962417958717411,1.425806898540525e-09,0.0015643728944528894,0
0.9993626124090627,0.00021638196479086737,5.468628528461349e-10,0.0004210050793976345,0
0.9997690883734247,6.75161157877054e-06,1.553211002113858e-11,0.0002241599978330143,0
0.9997699428649834,2.78576808255197e-06,1.688664202847968e-12,0.0002272713667809975,0
0.9997871171271844,1.8579135648552273e-06,9.247920286818305e-13,0.00021102495660067406,0
0.9997926796283773,1.5699948292828251e-06,1.067626241663207e-12,0.00020575037625744291,0
0.9997350418863945,2.5421698804267466e-06,7.421548630076332e-12,0.00026241593626999854,0
0.9986086849949296,1.2628006925845563e-06,7.908723594098414e-13,0.0013900522042244777,0
0.9998105596241108,5.960029896692451e-07,2.0076479518746795e-12,0.00018884436951795434,0
0.9998131265063431,1.7134067866712222e-07,8.633420211440355e-14,0.0001867021515371828,0
0.9998629527857916,3.759694901330891e-08,2.3454564195441803e-14,0.00013700961702174555,0
0.9998782243393745,1.6104558717390524e-09,2.624237801118381e-15,0.00012177405015519901,0
0.9998253775462732,1.497625655746107e-08,1.0142126951919348e-14,0.00017460747871743903,0
0.9998429695166242,6.487839974580662e-09,7.975798321128734e-15,0.0001570239951730149,0
0.9998624448954683,3.169756468284769e-08,6.44157830200604e-14,0.00013752340870850705,0
0.9995196022777041,7.62811927552616e-08,8.048420787414796e-13,0.0004803214387055655,0
0.9965366449647033,2.3791144613302925e-06,3.1216544443080017e-12,0.0034609759193786386,0
0.9994066789832047,1.5125627277059799e-06,3.130925683366121e-11,0.0005918084215527956,0
0.9992652090771814,7.811153925994827e-07,6.750210281086895e-13,0.0007340098068595205,0
0.9998161028543198,8.620662553688604e-08,1.5178045343087548e-12,0.00018381093588272065,0
0.9988773665495185,2.7410701457200355e-07,7.969271048901167e-13,0.0011223593436463127,0
0.9991859602808996,1.861258511312281e-06,2.735256490302106e-11,0.0008121784332847983,0
0.9989403191777066,3.344123859858178e-06,2.0949863856627684e-11,0.001056336675871442,0
0.9992818425420931,5.049155189913423e-06,5.600931920856328e-12,0.0007131082972461414,0
0.9997893234141272,6.417218638973909e-07,9.298979317953014e-13,0.00021003486440897105,0
0.9998174834835005,3.3112661408404264e-07,3.1721543617983855e-13,0.00018218538889646775,0
0.9997217019612238,1.0501419072337535e-07,7.91212224518762e-13,0.00027819302342478505,0
0.9979789337146365,8.893067726441863e-08,3.7232989331518803e-13,0.00202097735356464,0
0.9992346525319389,4.826556519799418e-07,2.5862372669916167e-12,0.0007648648109894712,0
0.9997455108776372,4.134759756320181e-07,1.6583797334664126e-12,0.0002540756459715838,0
0.9996382187569145,5.584692818922914e-07,6.675642350866866e-13,0.000361222771737673,0
0.9997033921490609,8.488282212348752e-07,8.77095122962185e-13,0.0002957590215815499,0
0.9996774289134506,9.538861567867996e-07,1.6550299680514113e-12,0.0003216171993742702,0
0.9995810980994442,3.833341118810578e-06,6.148453773983265e-12,0.0004150685537745028,0
0.9994618909160505,0.0001034441556767843,4.4971592729094657e-10,0.00043466447941357646,0
0.9981230773807801,0.0001725680013633945,7.740243933878747e-10,0.0017043538445973509,0
0.9986045054377547,0.0001541127707937774,1.1155470064559106e-09,0.001241380676730908,0
0.9993945247715682,0.00017153669697635892,1.22761101170471e-09,0.0004339373022061133,0
0.9986480443054201,0.0006628814219460408,5.125517818555072e-09,0.0006890691478222626,0
0.9915931231541096,0.001345709687898608,2.4596010951292986e-08,0.00706114256181307,0
0.9886837882499253,0.00047509243168890276,3.637527697686033e-08,0.010841082944871181,0
0.9586988597354635,0.0008502879513918369,7.903625562260946e-09,0.040450844409750775,0
0.9901183872167612,0.0003484677225725644,1.2798841275217902e-08,0.009533132262824021,0
0.997040524147402,6.933924883673882e-05,2.0670834864768383e-09,0.0028901345349943933,0
0.998206713901222,2.7355324579712437e-05,4.1855767020426e-10,0.0017659303570190384,0
0.9985409705092468,2.4565405146509043e-05,1.0011978028133867e-10,0.0014344639844574712,0
0.9995454711861598,2.248105402677924e-15,9.684188100636165e-17,0.0004545288139305073,0
0.9978957496634674,7.114814159766786e-15,6.148998332687487e-18,0.0021042503370900093,0
0.9997653580253995,3.3307846371430724e-15,5.1627603565365226e-17,0.00023464197463252608,0
0.9994346236162164,1.6087817217278994e-14,1.9029378588554995e-16,0.000565376383096791,0
0.9912323503763165,9.315107067231345e-15,6.305597430764618e-18,0.008767649621911117,0
0.9993331827418263,2.2383709700572216e-15,1.1122499072075334e-16,0.0006668172582342507,0
0.9993991637781354,7.346099689668286e-15,2.102408444477666e-17,0.0006008362214247769,0
0.9995757598125236,2.266569163967578e-14,2.0830083264774697e-17,0.0004242401860637141,0
0.9997588261845378,1.6808439811061736e-14,1.0437382795207258e-17,0.00024117381610974062,0
0.9998129808470794,4.834846180788182e-14,1.991664218726687e-17,0.0001870191518301198,0
0.9996795360842992,1.0312270792173115e-13,2.560794115981342e-17,0.00032046391602485395,0
0.9996980563258324,1.4360081245121998e-14,6.212323638378525e-17,0.00030194367417162466,0
0.9985574177401482,1.346327924738933e-14,1.460103484406003e-16,0.0014425822604813392,0
0.9958605776935039,4.427098046582657e-14,6.765814719049824e-15,0.004139422305102328,0
0.9190271136834279,3.807123160060908e-12,5.691595254621935e-15,0.08097288631096498,0
0.9551995334119836,3.5044763737111637e-13,4.242875359173216e-14,0.04480046658743902,0
0.9761747445673368,1.769220508248861e-14,6.368364187651974e-15,0.023825255434322404,0
0.9956026135878105,6.057800523029028e-14,3.292045945369258e-14,0.004397386411363887,0
0.9775441137342649,2.0301324230531976e-08,5.824598911495028e-11,0.022455865906153172,0
0.4544621551937118,1.2569877223364976e-07,7.858101271784213e-11,0.5455377190272981,3
1.2791500788998605e-29,1.0137869109508652e-27,4.423302442465826e-31,1.0,3
0.00011176717310945932,2.5483523262124366e-08,2.5304165156766665e-11,0.99988820731882,3
0.09536842144315755,1.8060683084048813e-06,1.6389233223966283e-10,0.9046297723260486,3
0.9011768840309117,6.652876435735487e-06,2.7651901374024575e-10,0.0988164628167137,0
0.9972831993828956,6.659640146624881e-07,8.569871230130123e-11,0.0027161345657254077,0
0.9995732252566064,1.1784293966401165e-06,3.2448506001866545e-11,0.000425596282211119,0
0.9987388074234466,4.441314342994386e-05,7.77160836897726e-11,0.0012167793542330401,0
0.9994624927759092,9.440431699921107e-05,9.093300011622139e-10,0.0004431019982495651,0
0.9978043248419584,0.0006426943052332531,1.385790784239017e-09,0.0015529794656603398,0
0.984293124244078,0.010684496827320917,3.580375587555443e-08,0.005022343124578747,0
0.862030728979811,0.1143058223275168,4.245520980234255e-07,0.023663024139493987,0
0.42044467502934113,0.5624627001074536,4.150798038673205e-06,0.017088474065764022,1
0.16983009686461448,0.7909892577931874,4.04475570918963e-06,0.039176600586708896,1
0.11687855038545966,0.8776839748310423,1.5223587386755795e-05,0.005422251195323176,1
0.11539025474488661,0.8824449428609279,8.232515350450735e-06,0.002156569879416775,1
0.10721578608567987,0.8865969736200967,6.942274715997724e-06,0.006180298019148191,1
0.10582978657434385,0.8877382165473438,4.141828637666957e-06,0.006427855050272165,1
0.10684483329161522,0.8894937761548397,3.9481055419870755e-06,0.003657442446793982,1
0.09970483608634371,0.8994298612404352,7.016515536455038e-06,0.0008582861573670547,1
0.08238478010727272,0.9169968497856534,6.476037466279715e-06,0.0006118940711773314,1
0.0620911734198945,0.9373867583497699,7.420712578004562e-06,0.0005146475193480675,1
0.04393588407805581,0.9555335507484664,8.48652292103838e-06,0.0005220786520856019,1
0.027184632571303675,0.9725024421079576,9.331815341578184e-06,0.0003035935036176651,1
0.02028007757775727,0.979147130896318,6.816351608470311e-06,0.0005659751759240569,1
0.008454636576104221,0.9912112682859304,1.0031667391041134e-05,0.00032406347190613134,1
0.004371019225942314,0.9954455820001755,9.957813771574596e-06,0.00017344095907204785,1
0.003982994904829686,0.9956051038985929,7.574113188996618e-06,0.00040432708339384224,1
0.002469454153990308,0.9971486389043765,6.901663306793408e-06,0.00037500527947694726,1
0.0003437022001671837,0.9993540911200317,1.1853518624521558e-05,0.00029035316148133474,1
3.743240295047481e-05,0.9998499960378435,1.3954374730538992e-05,9.86171857582933e-05,1
1.1063144758541978e-05,0.9998069049476445,1.3786466011150536e-05,0.0001682454431640068,1
5.4383690805414615e-06,0.9997153619888274,0.0002270917391969631,5.210790326606088e-05,1
9.071293254520778e-06,0.998057065089694,0.0018743576609869406,5.950595615816276e-05,1
2.689239057260691e-06,0.9736453458482276,0.025142674335122815,0.0012092905783219097,1
3.153169389078377e-05,0.8133009914854519,0.18246574277459168,0.0042017340478536684,1
1.3414776256711404e-05,0.6187400474475305,0.29351529014138894,0.08773124763365525,1
0.00017048406008722224,0.507374219267179,0.30402411086073133,0.18843118581269322,1
1.178503142946688e-07,0.009924685761512066,0.0014820721257981677,0.9885931242628376,3
1.0941466124888269e-23,1.0802633450012409e-13,6.497403101688671e-16,1.0,3
2.1641892050575467e-22,4.561233759465296e-13,4.2555092028234745e-13,1.0,3
1.0612847544827292e-05,0.0006542890598807941,0.4543478696847271,0.5449872284061661,3
7.904737868546364e-10,3.277395229334897e-05,0.4945636013674535,0.5054036238890783,3
1.1702067136982065e-08,0.00014312897625741965,0.9741245626598205,0.025732296661358005,2
7.375322184663252e-10,8.296131592149639e-06,0.9997527340836773,0.0002389690481715675,2
7.561476381817691e-12,1.174193304222655e-06,0.9999925960347692,6.229765323559525e-06,2
5.0034158830519765e-14,3.674272227315004e-07,0.9999919637189163,7.668853652031262e-06,2
3.7355722018642507e-13,2.574297775367135e-07,0.9999955375450987,4.205024496705684e-06,2
1.4892963882921685e-11,1.1758247000810462e-07,0.9999646642376775,3.5218164946828156e-05,2
5.183390527688388e-09,1.0852197832215776e-05,0.9945631801335428,0.005425962484970426,2
3.857449619500318e-17,8.228900889130101e-07,0.0005488104651864651,0.9994503666460928,3
6.275781798639808e-07,0.0011285242147025414,0.9646685812949487,0.034202266911571355,2
6.831398390008969e-07,0.001958718497862883,0.9969310215423092,0.0011095768186803552,2
2.573651031263212e-08,0.0027785040103517774,0.9970366151192545,0.00018485513553118845,2
6.596677160264655e-08,0.007624339056574881,0.9923022519694884,7.334300790326511e-05,2
1.0280015073732293e-07,0.04790890614908634,0.9516628689754671,0.0004281220760641432,2
1.8508511824635707e-07,0.5574216995995616,0.43877843640633946,0.0037996789084891324,1
1.1094695867222074e-05,0.9801943742553049,0.018862119626254673,0.0009324114222263962,1
7.4521508622241514e-06,0.99787930004413,0.0005009359624263388,0.0016123118443909141,1
7.731370895134367e-05,0.9997726709433321,2.4885971897354777e-05,0.0001251293748193612,1
6.453815868498052e-05,0.9992115585681713,1.5396550341878382e-05,0.0007085067241540809,1
1.382227783381804e-05,0.984586522688701,6.5763941032609934e-06,0.015393078640633212,1
5.703878579101819e-05,0.9672156214803733,2.110067308847341e-05,0.03270623906093441,1
5.217230545375538e-06,0.8864059606255382,4.551783502807686e-06,0.11358427035950656,1
0.0009754065906893505,0.990913042795735,2.5965826008205336e-05,0.008085584788583415,1
0.0009943270761419425,0.9970139337604748,1.1009481174041494e-05,0.0019807296835313484,1
0.0008966240402062855,0.9954412001653673,1.6989429939285504e-05,0.0036451863651418095,1
2.049367952333451e-06,0.9534500958530545,2.561519994798562e-06,0.046545293257873405,1
7.598995954508805e-05,0.9979676567556286,2.962377222012277e-05,0.0019267295142448141,1
5.3783107661298594e-05,0.9996279426411568,9.401202275884151e-06,0.00030887305071030903,1
7.82160231690532e-06,0.9994261403408722,6.931426388267732e-06,0.0005591066319686676,1
2.7910015441396692e-05,0.9998904828628424,1.4397268804914782e-05,6.720985212374429e-05,1
9.608809082150354e-06,0.9997893119168989,9.159659599459116e-06,0.0001919196137228229,1
2.1420438310155737e-05,0.9998515734264996,1.082980911750042e-05,0.00011617632485963897,1
5.918316731383732e-06,0.9992221661385664,4.415192342832699e-06,0.0007675003513402602,1
2.650557204756316e-05,0.9998947468363876,1.4780995368600842e-05,6.396659641882396e-05,1
3.5199174512891306e-05,0.9998168160146307,9.973881773474754e-06,0.0001380109302580571,1
1.0442937299719152e-05,0.9984111693501048,1.0705817291105419e-05,0.0015676818963216088,1
2.1196454683687116e-05,0.9999014030151816,2.3755369846850755e-05,5.3645161627799075e-05,1
2.6028671029774236e-05,0.9999140439559336,1.6937510113147904e-05,4.298986269196601e-05,1
2.130896791787018e-05,0.9998631542840294,9.488097515643472e-06,0.00010604865106567542,1
7.0602217666640825e-06,0.999580724381049,9.751085815799904e-06,0.0004024643095590021,1
6.310611049597648e-06,0.9996482111302756,1.1770444261060283e-05,0.0003337078148527278,1
8.39425824196855e-05,0.9997471684950039,1.0220384071272211e-05,0.0001586685377347298,1
0.00016782751921763368,0.9985724862683073,6.643589274101463e-06,0.0012530426216658254,1
0.001071218016189287,0.9913437542659836,1.1824237322309463e-05,0.007573203480316756,1
7.970053926704654e-05,0.9553108931640896,2.038765999253117e-06,0.04460736753000007,1
0.021090586023235783,0.9599490999444082,2.0645000183481888e-05,0.018939669033424263,1
0.03298835463459269,0.9047047341263106,1.6271066308120264e-05,0.0622906401710206,1
0.10061371614165508,0.7886901394341577,9.78285742332303e-06,0.11068636156611085,1
0.40613815375315093,0.5352461485640705,2.0442294929880284e-05,0.05859525538804586,0
0.5717569742477561,0.2693126831254724,5.712826069107999e-06,0.15892462980190192,0
0.8399483791439459,0.04956561742878526,4.923083828616975e-06,0.11048108034190768,0
0.8262980934074483,0.006472195932853857,2.1831008014289343e-06,0.16722752755942477,0
1.988726973988419e-07,1.1212658942348298e-07,2.3268797230604058e-12,0.9999996890001541,3
4.9741923203703145e-05,6.434290465793937e-06,1.558148591095788e-08,0.9999438082049245,3
0.0008641959303497818,0.0001138251595368919,1.1149056717181508e-08,0.9990219677624143,3
0.07364113481744232,0.035035846270445155,3.3865442380385623e-06,0.8913196323662195,3
0.11923624312931279,0.8329780409633067,0.00015290836567926865,0.047632807543515183,1
0.09217437528723309,0.9039631396123673,1.6868407817148315e-05,0.0038456166929927258,1
0.05228903208863626,0.9458814301894163,7.690765570931572e-06,0.0018218469570874544,1
0.03136965298716037,0.9676800540052743,6.563620759825174e-06,0.0009437293867746824,1
0.006198131264388536,0.9927796507571854,7.884742431837401e-06,0.0010143332343033316,1
0.0029832329769622005,0.9968557168993777,9.261224620291424e-06,0.00015178889904058214,1
0.0011103591750004597,0.9987262615134539,8.817347448555997e-06,0.00015456196307207077,1
7.671952967547455e-05,0.9997489266617872,1.1524555902002775e-05,0.00016282925255092014,1
1.5665272111181752e-05,0.9991754570988773,3.814824175319714e-06,0.0008050628038418254,1
3.526391979205562e-05,0.9998831290955371,1.3462473437318679e-05,6.814451111614868e-05,1
2.9131538518701138e-05,0.9998128045399652,9.612446806709546e-06,0.0001484514732626783,1
6.827778590731413e-05,0.9998025469072215,1.115876369419532e-05,0.00011801654320483744,1
1.2234291419194601e-05,0.999550234641759,6.208163922469406e-06,0.00043132290421042007,1
4.0922307993470916e-05,0.9998782148053932,1.2495625445115717e-05,6.836726108697357e-05,1
1.5354217516532427e-05,0.9999135763013268,1.9734236930880556e-05,5.1335245442119546e-05,1
4.2600071520761446e-05,0.9997954854746488,1.5111280917306588e-05,0.00014680317195018847,1
0.0011791051429136821,0.99823098788294,1.671948688844263e-05,0.0005731874869860444,1
0.024782630227275983,0.9688706775561784,5.745118481003529e-06,0.00634094709940063,1
0.08022875557230026,0.912267878329859,8.824406105606958e-06,0.007494541691526174,1
0.16230585205065104,0.8302981476100898,6.059762274796482e-06,0.007389940577161472,1
0.3092698901094626,0.6817744194982935,6.988000730481822e-06,0.008948702390280535,1
0.5115223223460279,0.4609432589186831,4.965027819041478e-06,0.027529453708008387,1
0.9373776424976302,0.022397316817404492,1.2867055500600274e-07,0.04022491201474213,0
0.9899113901388249,0.004213721237787846,1.0216225306763486e-07,0.005874786460983277,0
0.9909706154006181,0.0021741732673582334,2.4671905947778985e-07,0.006854964613229069,0
0.8986061817433916,0.0008785550023699784,9.556998435961638e-08,0.10051516768477976,0
0.5351909815477353,0.00017390466356414832,1.4402275966910813e-08,0.4646350993881604,3
0.39909682513186767,0.0010979966179479313,9.987167771109332e-07,0.5998041795328442,3
0.1434369818678736,0.001240870880013855,6.789998498935586e-07,0.855321468252824,3
0.11675763475377068,0.0018568189072872808,3.596291821164617e-06,0.8813819500461582,3
0.017966616038375568,0.00014947759275447294,1.8778751250859388e-07,0.9818837185797155,3
0.008550917891800663,0.0012420767268974367,3.343797796325158e-07,0.9902066710004815,3
0.05501290005903291,0.015178770433843186,3.3201863643250336e-05,0.9297751276431736,3
0.0027181397828256325,0.005570250277289824,7.87454979520597e-07,0.9917108224861714,3
0.0036494898524761527,0.005388563402700872,5.21632163879119e-06,0.9909567304222421,3
0.003006560649168013,0.0025294850031610905,4.1987093703760373e-07,0.9944635344766335,3
0.05860874908185432,0.008799491604054266,2.0917058970517905e-06,0.9325896676088772,3
0.12945034091907595,0.017182922803881617,3.1933339855258194e-05,0.8533348029359927,3
0.01890907224500214,0.00035675168709659445,6.958023237792957e-08,0.9807341064879755,3
0.1246973802311974,0.0019017633727944805,1.2579382616572171e-06,0.873399598457663,3
0.4684067024150151,0.0040906108561101955,3.302157532062079e-07,0.5275023565137388,3
0.9514982569171813,0.0027611594829009215,4.5295485298716413e-07,0.045740130644567674,0
0.9859043535482588,0.0010540389380148583,2.025445887021116e-07,0.013041404970836923,0
0.9295701776130456,0.0013908240446570284,7.504163054274118e-08,0.06903892330081578,0
0.8470970226024083,0.003478854248229719,5.555054816595992e-08,0.14942406759885168,0
0.9609461342920549,0.0074747812258292145,7.249170776193025e-07,0.03157835956671055,0
0.9842235874229618,0.009538207646038301,4.475036653519297e-07,0.00623775742809568,0
0.960896372053026,0.014064056495728056,7.51731946657931e-07,0.025038819718269024,0
0.5941794256211628,0.02302022528023538,2.2264394716426093e-06,0.38279812266047286,0
6.799632178216358e-07,1.614577153787266e-05,3.914330720631272e-10,0.9999831738747597,3
2.3815092972813797e-09,0.0001925003644491931,3.2453581465871954e-09,0.9998074940083571,3
0.002762514211810593,0.9758047993258386,0.00043175238162607214,0.021000934081996166,1
4.397567642139104e-05,0.9961076701255981,2.7756949168581155e-05,0.0038205972486664956,1
2.8915264276802153e-06,0.9989306950614637,1.340926185687064e-05,0.001053004151450073,1
1.651213105935111e-05,0.9998648588054252,3.1063874250803896e-05,8.756518960125496e-05,1
7.351364944274925e-07,0.9972987899556661,1.2522592833469592e-05,0.0026879523151992616,1
1.6383190274435282e-05,0.9995725351940613,1.3647273294519597e-05,0.0003974343414579039,1
1.4179518125779801e-05,0.9998301869116587,1.6912304848402357e-05,0.00013872126523256425,1
1.9394834793236783e-05,0.9999249704187342,1.8265942333647148e-05,3.736880232215473e-05,1
3.1107887812303375e-05,0.9999075195356921,1.5281532105967983e-05,4.609104330270065e-05,1
1.3839587791844546e-05,0.9997636333203103,7.105738888903721e-06,0.00021542135311708856,1
4.730225577566695e-05,0.9998232220806422,1.228768108132618e-05,0.00011718798069972693,1
5.933714968279006e-05,0.9985947874539526,1.3548758371440385e-05,0.0013323266389126702,1
2.4648316143253998e-06,0.9911254952283733,2.617362115842778e-06,0.00886942257826023,1
8.294420790012039e-06,0.9992765149889805,2.0106914702450834e-05,0.0006950836765668244,1
1.705698751980151e-05,0.9999008765025473,2.334836359981678e-05,5.871814653488798e-05,1
3.3329627592254037e-05,0.9996097060736624,3.651589985157089e-05,0.0003204483976296044,1
0.00020591845400082793,0.9881461959997662,0.00022314565327642032,0.011424739893442705,1
1.1726110240146263e-07,0.6502055610939534,2.949585034053972e-06,0.349791372061728,1
0.0008063489722525781,0.9788332509977993,0.0001434850684548529,0.020216914959938683,1
3.837481559929577e-06,0.9890209477452226,1.4527376665680722e-05,0.0109606873983288,1
8.282102268275736e-06,0.9984095473458855,2.4082612120252832e-05,0.0015580879383337437,1
8.91452654413845e-06,0.9998401516646277,3.908960952409807e-05,0.0001118442000576386,1
3.2001406621758643e-06,0.9995652736641348,5.169678574424864e-05,0.0003798294102804427,1
1.5361479870574785e-06,0.997312685333505,3.9276674044239486e-05,0.002646501843324281,1
4.760626623420883e-06,0.9997314797785302,8.201619541974158e-05,0.0001817434003259515,1
1.7987303275071394e-06,0.9987021337564718,3.7411622922144136e-05,0.0012586558900149025,1
4.864415264916399e-07,0.9950896869145169,4.754599986423702e-05,0.004862280642467134,1
1.161478816584573e-06,0.9975182119237176,0.0002105091096522131,0.002270117488914568,1
3.811636748605766e-06,0.9994794845120426,0.00036818034552078415,0.0001485235062313739,1
2.8306901929207547e-06,0.999113781490696,0.0007666710457660897,0.00011671677431715094,1
2.5221550507899874e-06,0.9980581453006615,0.0018112126364442976,0.0001281199074882507,1
2.589503410629994e-06,0.99526130026104,0.004594202790917926,0.00014190744455034302,1
3.533615815313146e-06,0.9896675122533019,0.010214596949498599,0.00011435718223577137,1
2.276465813993636e-06,0.9849200003955105,0.014916350332226457,0.0001613728058972231,1
3.970107982444819e-06,0.9825368759786902,0.017315225305782046,0.00014392860833143054,1
3.611120165255225e-06,0.9836955993135875,0.016139928680229843,0.00016086088702365153,1
3.0453071748213076e-06,0.9927212968604074,0.007154337004339462,0.0001213208273730841,1
2.799253809057869e-06,0.9937058332606071,0.006003046924142706,0.0002883205622048392,1
1.5704344866368315e-06,0.9942932959795472,0.005271449746358887,0.0004336838406824242,1
4.659855674443434e-06,0.9955544539059867,0.004295778875331433,0.00014510736234844615,1
2.7524976203134464e-06,0.9963332508526623,0.0024359635227887123,0.0012280331275864266,1
4.6630413421643857e-07,0.9909069367458783,0.002324479967389049,0.006768116980914986,1
9.496648127346926e-06,0.999238217239095,0.0006059688093669351,0.00014631730269826592,1
1.8574661355997775e-06,0.9997770901179823,0.00012182857537200548,9.922383929954488e-05,1
4.194839761783805e-06,0.9998533303000877,7.564045892990951e-05,6.68343994049212e-05,1
3.5396006295380044e-06,0.999569689082013,5.351175344963457e-05,0.0003732595621311712,1
5.70240829310331e-07,0.9991700988777374,3.401082516228452e-05,0.0007953200560906686,1
4.883768009976789e-06,0.9998546835943126,5.6652300216423884e-05,8.378033780288503e-05,1
2.0727053353283134e-06,0.9995787215262932,4.5105751298135205e-05,0.0003741000168613665,1
1.3266907742182736e-05,0.9998565388229206,3.0348763165315954e-05,9.984550600297553e-05,1
1.3703495360153462e-05,0.9965688311804166,3.310622731434319e-05,0.0033843590974740804,1
0.00011942575935931356,0.9797110195477742,0.0002163023870899995,0.019953252304585754,1
5.168371641520626e-06,0.7141227011265768,4.430698465803554e-05,0.2858278235160384,1
2.826163339698064e-08,0.5871240480736332,5.379364915647922e-06,0.41287054429870085,1
0.00020800029538830603,0.9811730752495448,0.0019674752042020344,0.016651449252340675,1
1.3763585970627172e-05,0.9965360575845646,0.002622652398398021,0.0008275264307446504,1
6.531092765909978e-06,0.9940433825594829,0.005853338871863477,9.674747475509407e-05,1
3.0218546271473067e-06,0.9710591142678493,0.02834962199945127,0.000588241876853077,1
1.9062411340214123e-06,0.7515339281977979,0.24771170198529363,0.000752463575652312,1
1.5503225413171823e-07,0.27785320774254985,0.7197952423388402,0.0023513948852349384,2
2.610828877739811e-07,0.06741753926492905,0.9323133398912207,0.0002688597598407581,2
1.9195461424634553e-07,0.0411387420871633,0.9587744179936929,8.664796526695447e-05,2
2.567753301177977e-07,0.049831554210078406,0.9498935602362183,0.0002746287769259154,2
3.529791820829448e-07,0.25173568294038795,0.7478575480155046,0.00040641606466902295,2
1.309115761905152e-06,0.4819303996796389,0.5175478423602848,0.0005204488455367952,2
6.069067503504458e-07,0.8114516858696863,0.18561471371793703,0.002932993505747516,1
7.357927364782204e-06,0.9475911855593998,0.050578913923265516,0.0018225425882067484,1
1.3200115613591928e-06,0.9779314767267745,0.0043874620405216554,0.017679741222788502,1
4.0174081664885793e-07,0.9725362458789354,0.00032581513280652204,0.027137537249030407,1
1.884430344364357e-05,0.9989181177740692,0.00013989022671130952,0.0009231476946529828,1
5.281882635826523e-06,0.999755517464293,7.967827000453219e-05,0.00015952238484685772,1
5.150503211926543e-06,0.9998489727338641,9.889736146457195e-05,4.697940056240159e-05,1
2.7952199118814948e-06,0.9997836118431126,0.00014106450412937924,7.252843119033843e-05,1
3.512825029727325e-06,0.9995383409196068,0.00039156846893280726,6.65777851834202e-05,1
5.5993306971820255e-06,0.9983170275151271,0.0015705443972301454,0.000106828758296536,1
8.054740569775018e-07,0.9922184948675695,0.005292949234460308,0.0024877504251778894,1
5.312647569332449e-06,0.9915605235660813,0.008168830162783356,0.00026533362195542903,1
2.9729295884581204e-06,0.9919860864603293,0.007843387460151518,0.00016755315121994108,1
2.8530117360896617e-06,0.9957584211780224,0.004141157838450929,9.756797315000186e-05,1
3.5086088808431546e-06,0.9991519190505505,0.000752614887847959,9.195745326727955e-05,1
1.3559012819709218e-06,0.9995173801829665,0.00030349387012301027,0.00017777004473414336,1
5.563582237983816e-06,0.9996010138301185,0.00035702068018598457,3.640190920738281e-05,1
4.1919340639823465e-06,0.9985348307040324,0.0014096961301853978,5.128123149842906e-05,1
6.704181119206696e-06,0.9909800749862862,0.00886805907686379,0.00014516175724618783,1
2.478260803583441e-07,0.9491330440380942,0.04667557800981119,0.0041911301273599485,1
7.025752164341681e-07,0.3590591443923301,0.6401912360927813,0.0007489169410532637,2
2.0848791825319064e-07,0.0947112483325102,0.9047973499345212,0.0004911932447406955,2
7.122067365797029e-09,0.015905757268121722,0.9836774227684245,0.0004168128415843408,2
1.7406223717430264e-09,0.001339062080765037,0.9986389944619453,2.1941716889907638e-05,2
1.7184027001536546e-10,0.00010656035312270402,0.9998780488355631,1.5390640554647796e-05,2
8.56625886177658e-12,4.1460638640433126e-05,0.9999267850317413,3.175432260058351e-05,2
4.745222490876142e-13,8.038648993866061e-07,0.999983578276675,1.5617858992953953e-05,2
1.6014953305308466e-12,5.845545441394336e-06,0.9999883177725025,5.836680237313719e-06,2
1.966771955194395e-12,1.835865169403087e-05,0.9999721768632195,9.464484621009099e-06,2
9.34141880080111e-13,4.584450474939994e-07,0.9999829821528828,1.6559401187931385e-05,2
1.4976186406010304e-14,6.778753363194298e-08,0.9999543168081346,4.5615404811285e-05,2
4.5145895452528206e-14,1.8894741642888688e-08,0.9999951821307703,4.798974174563232e-06,2
6.622224417856822e-15,6.8712453653957614e-09,0.9999963978981515,3.5952322960702116e-06,2
3.81188346503852e-14,4.114913463032156e-09,0.9999953145016383,4.681382575204694e-06,2
2.162546655263854e-15,7.317724434697405e-09,0.9999545778212235,4.541486230819575e-05,2
3.0193279988112127e-13,4.1352601249540414e-08,0.9999963864058179,3.5722395852931363e-06,2
6.265375375618717e-15,3.044510305133645e-08,0.9999914168224688,8.552733882581333e-06,2
5.878935110574346e-13,2.9913504219065905e-07,0.99999600691514,3.693947471382689e-06,2
7.410049363317781e-11,5.362032828550831e-05,0.9999213357569734,2.5043840913074417e-05,2
1.1035706575390518e-08,0.059034007823050794,0.9407648873246106,0.00020109381564407282,2
3.443974805424559e-07,0.1765372460807447,0.8228436752813262,0.0006187342421011123,2
5.903949757308816e-07,0.4398394581445661,0.5583785389535902,0.0017814125051870756,2
3.215935516173152e-06,0.7696381737815067,0.2299216820208436,0.0004369282632802819,1
8.94060140291043e-07,0.9343135632784325,0.06499655356838446,0.0006889890929404576,1
4.097831738436867e-06,0.9730605373609552,0.026821602870181777,0.00011376193578924611,1
3.463938050563975e-06,0.9854954175954125,0.014404629143280627,9.648932382013187e-05,1
2.6484543788539367e-06,0.9937360147340255,0.006178985650597212,8.235115986742873e-05,1
4.53488522088986e-06,0.997218183026009,0.0027306098591347483,4.667223022434291e-05,1
4.806703744072997e-06,0.9987511559084291,0.0012010192685914323,4.301811842762757e-05,1
5.1913621674183145e-06,0.9996853181208459,0.00026562994090445794,4.386057447814653e-05,1
1.810816672057034e-05,0.9999046253734127,4.443322846202722e-05,3.283323125509244e-05,1
7.520874517845051e-05,0.9995530080840851,4.6131118515929244e-05,0.00032565205336355826,1
0.0014412514034491896,0.9873015551511088,0.00016713278867852907,0.011090060655759619,1
1.7060465621618119e-07,0.5389968857100809,5.455973992613615e-07,0.46100239808758464,1
0.006873516465923809,0.9259175805402968,6.305202694677286e-05,0.06714585096752117,1
0.010581142304510339,0.9637126515878633,1.8514446973032672e-05,0.025687691660725674,1
0.021822359993173546,0.9668162318295846,3.0108244632513604e-05,0.011331299932618714,1
0.05013720213019139,0.9089315569986773,3.910908646054244e-06,0.04092732996287436,1
0.9836462133009704,0.00015262042780293374,2.819876964938166e-09,0.01620116345138334,0
0.9985321323872315,1.4571279977480572e-07,1.2433316975457182e-10,0.0014677217759360831,0
0.9948469897323663,2.4339314246498667e-06,5.908378343281546e-10,0.005150575744865289,0
0.9208869484068677,3.572530308699742e-05,3.4182201315527336e-09,0.079077322872087,0
0.2764491185183536,8.655958814215828e-06,1.0760388375425175e-10,0.723542225416851,3
0.4724482439499004,1.702697745774507e-05,3.3207764504179937e-09,0.5275347257530935,3
0.9507562839282592,7.32343640599564e-06,4.860894201235295e-10,0.04923639214790472,0
0.9988078996368468,1.0308962395324193e-07,9.859319035423535e-12,0.0011919972626673375,0
0.9997170563985035,6.782044457906847e-08,1.9758915964303127e-13,0.00028287577999918235,0
0.9998629626979253,1.2811878046926294e-08,2.9407071293198433e-14,0.00013702449097472818,0
0.9997488210996064,1.6286298075893765e-08,6.13446958108463e-14,0.00025116261246561087,0
0.9991076647696364,6.348707369510215e-09,1.7715656461987146e-14,0.0008923288813249842,0
0.9998049487314152,1.768516906871608e-08,2.499787794832725e-13,0.00019503358287028126,0
0.9994447979921259,5.8390303417883006e-08,3.2094021300675004e-14,0.0005551436163342734,0
0.9998345454835853,8.259289942254372e-09,2.5808769303958794e-14,0.00016544625846773363,0
0.9998616740995457,1.1513935097186246e-08,5.5192008700191236e-14,0.00013831438795727753,0
0.999189264128184,2.1020184655419696e-08,4.133513539631855e-14,0.0008107148512422842,0
0.9996272074685358,4.612488627944714e-09,1.0114833909231033e-13,0.00037278791871119037,0
0.9996054760881813,3.884740259041752e-08,5.893463388538631e-13,0.000394485065623981,0
0.9986460082932059,6.862306230681687e-06,1.7623823510629187e-11,0.0013471293837221572,0
0.9989403338959078,3.6962860084979965e-05,2.3225861304262304e-10,0.0010227030106918693,0
0.9990603568183369,1.7540917432076646e-05,3.739724994643916e-11,0.0009221022259538637,0
0.9996392196324381,2.6171217727746253e-06,1.0462422125796985e-11,0.0003581632350915802,0
0.9996568661877131,2.0109745220795093e-06,2.5281484186346854e-12,0.00034112283399470627,0
0.9997333006706668,1.1268738933735406e-07,8.267663190745702e-13,0.00026658664039998925,0
0.9985783215125242,2.7831109017651796e-09,9.255961855674492e-15,0.001421675704856677,0
0.9998493990734143,6.943073846790552e-10,3.3189107249292565e-14,0.00015060023402147456,0
0.9996163528890692,8.077380996699649e-10,6.710957752627087e-14,0.00038364630278382884,0
0.9889674259607312,1.843166209689476e-12,1.8580203830381382e-16,0.01103257403688241,0
0.9993298290153065,1.1908297376250603e-12,1.1661409128825119e-14,0.0006701709833486418,0
0.9982921948620168,1.3747765943341222e-15,4.044937917990148e-18,0.00170780513974368,0
0.9994308970212901,1.430681851302125e-17,4.8632785810663155e-18,0.0005691029798059413,0
0.9987719761434541,2.0731241664110925e-17,1.0722646677652402e-17,0.0012280238549580676,0
0.9906469300154828,8.046882443940764e-16,4.034856482016198e-16,0.009353069983153607,0
0.8831608540204641,1.0672443403248135e-21,1.2024986314442864e-18,0.11683914597811634,0
0.2672830769325106,3.3687843243369906e-22,1.3916067083322705e-18,0.7327169230657296,3
0.3606182446143661,6.540850884555273e-20,3.346119719393718e-16,0.6393817553859124,3
0.29626737354606075,6.938728247958637e-19,3.8092859764865705e-15,0.7037326264551756,3
2.0552404515697664e-05,9.47131571118831e-22,5.856903517579698e-20,0.9999794475954521,3
0.07117509027816248,9.94431607697796e-19,2.0586307992156284e-15,0.9288249097204355,3
0.1400237961788661,5.888423949276586e-15,2.8690952666225146e-13,0.8599762038200303,3
0.11552178104782754,6.674859264630295e-15,8.674109140583205e-14,0.8844782189511152,3
0.0012590184832851307,3.3359537123021534e-17,7.419149667227558e-16,0.9987409815159549,3
0.3489120516411977,6.724749668601202e-13,2.2831851676212556e-14,0.651087948359629,3
0.9516795655696204,1.0140715777052958e-13,4.789342991637486e-15,0.04832043443103228,0
0.9980930407044062,4.914575929819833e-12,2.1358826010372007e-13,0.0019069592921636467,0
0.9975207836224499,4.7115627082370416e-11,4.6896988414705674e-14,0.002479216329435779,0
0.9980263603357046,9.908211312140545e-13,3.309578112359832e-16,0.0019736396642435,0
0.999754770260929,3.4747575229025163e-14,2.1434034097276182e-16,0.00024522973796988195,0
0.9992693697186106,2.0587558648616814e-14,8.149859652432311e-18,0.0007306302819088087,0
0.9998217485352042,5.118516832582474e-12,4.087856958163432e-15,0.0001782514597819283,0
0.9976714652948624,5.23080489466582e-10,1.0193681143693548e-15,0.002328534180631641,0
0.999821009619095,2.8675062519917528e-11,3.908701044476346e-15,0.00017899035194552895,0
0.9997995128400767,3.5106066680801684e-08,1.2695387843578436e-13,0.00020045205307907913,0
0.9991772376004848,3.237519587632655e-08,4.548022378741029e-14,0.0008227300247374508,0
0.9994648535177727,4.331569757494555e-08,3.9657331048304896e-13,0.0005351031645255444,0
0.9992642310241212,1.6903497674891233e-07,4.0452001937370174e-13,0.0007355999390539035,0
0.99948918525987,1.697110195705568e-05,1.5098949361174623e-10,0.0004938434875699521,0
0.9901139449011189,0.0021866427001995324,4.07689733622453e-09,0.007699408321591369,0
0.9814688465767673,0.014358206224958727,2.3614825602460128e-07,0.004172711051176795,0
0.9048455856173129,0.0840906559616082,3.545242878978362e-07,0.01106340389767391,0
0.7401338139720787,0.2503816793232198,1.9618706334487385e-06,0.009482544833657553,0
0.25285922931926247,0.7351269601821828,3.465054779735603e-06,0.012010345442745738,1
0.06370794799742162,0.9304140888218446,8.86517591107187e-06,0.005869098003705046,1
0.000725000675450778,0.9769367656506351,2.9399939333965695e-06,0.02233529367859707,1
5.529257471257622e-06,0.9940776078730631,1.3999814615434433e-05,0.0059028630565311005,1
1.939912106973876e-05,0.999817348077191,3.554247830435118e-05,0.00012771032333154102,1
1.0661237049706941e-05,0.9999182198743813,2.4441470365349225e-05,4.667741783109729e-05,1
7.296625836877631e-06,0.9998966264967204,6.183530224972028e-05,3.424157475169996e-05,1
3.739481129904384e-06,0.9998557787329411,5.572538814966557e-05,8.475639669817831e-05,1
1.5376360197391966e-05,0.9999177006318885,2.6357788151584807e-05,4.05652180017787e-05,1
1.4675226516652916e-05,0.9999285793968596,2.4641948706050564e-05,3.2103427104748806e-05,1
5.2597795360965485e-06,0.999896701922416,4.071355838855394e-05,5.732473966655659e-05,1
1.3952998716681843e-06,0.9998161266459634,2.955686682215962e-05,0.0001529211885704802,1
5.4471357934821375e-06,0.999895953136667,3.730079050696162e-05,6.129893692440645e-05,1
5.033347435082087e-06,0.9998409485968655,0.00011926835244436503,3.474970309701597e-05,1
5.428262343644413e-06,0.9998577050432067,0.0001052161515689622,3.165054157365891e-05,1
4.896353135337421e-06,0.9998364972910159,0.00012015729233725057,3.844906464700037e-05,1
6.494300106849792e-06,0.9998784657990294,5.642711121363945e-05,5.8612790620730255e-05,1
4.682988735970855e-06,0.9998806564824249,6.465680887084037e-05,5.000371928718468e-05,1
5.731349911936799e-06,0.9998457342666267,0.00011294134729781347,3.559303532592124e-05,1
3.1136760619628154e-06,0.9997336883940396,0.00020664336370085763,5.655456794443852e-05,1
2.7913378701263873e-06,0.9992621511209098,0.0006541571701316846,8.090037161559405e-05,1
3.366159500036365e-06,0.9989943867312668,0.0009020412799736387,0.00010020582942865539,1
2.5146521892117548e-06,0.9991853949268114,0.0006601856493448579,0.00015190477004278362,1
5.379079975216084e-06,0.9997412694681964,0.00021786036728177962,3.549108439835826e-05,1
4.21239305030843e-06,0.9998651858373998,7.740839254254598e-05,5.3193376048986435e-05,1
4.339286529525911e-06,0.9998247605511545,0.00012618040598018408,4.471975572982301e-05,1
7.194930858823935e-06,0.999901058754511,2.2707597231027855e-05,6.90387175546171e-05,1
8.247198674902719e-06,0.9999108917195167,3.405470717350511e-05,4.680637330461634e-05,1
3.786594860826528e-06,0.9998593393812953,2.3362048199162774e-05,0.00011351197384850178,1
7.431546004668869e-06,0.9998588712102912,1.239677059502529e-05,0.00012130047145753964,1
1.4162968843972555e-05,0.9999084732423094,1.5565993582440408e-05,6.17977941211388e-05,1
2.1818466231393983e-05,0.9999092443180319,1.3510648643628944e-05,5.5426568270807026e-05,1
6.729352140285704e-06,0.9998974105095456,4.3228554574037524e-05,5.263158517225225e-05,1
4.014800628441941e-07,0.9994637270866158,2.799102179333019e-05,0.0005078804098316933,1
5.087566721061285e-06,0.9998805257963672,2.4370292228828547e-05,9.001634386844847e-05,1
9.916928497785569e-06,0.9999211601401018,2.609822429002964e-05,4.282470892186798e-05,1
6.049076519501928e-06,0.9996665862991224,1.812059155907507e-05,0.00030924403186113837,1
1.4281648018646475e-05,0.9999057840798657,2.3241117072417305e-05,5.669315492892247e-05,1
6.920043880293165e-05,0.9998160925971062,1.2590972270674019e-05,0.00010211599165367581,1
0.00021081368860552196,0.999476721578358,5.12510461976633e-06,0.0003073396290991022,1
0.0002442849456102377,0.9994725553939722,6.525027236239981e-06,0.00027663463491618684,1
0.0005521779465806867,0.9993173272323681,9.018134416610283e-06,0.00012147668841127609,1
0.00080873804658373,0.99892989979598,7.451523882007749e-06,0.00025391063305118443,1
0.0012960530571074318,0.9982561070638354,6.729137984470246e-06,0.0004411107423195257,1
0.0006906188468593568,0.9989849470610918,9.346130487813546e-06,0.00031508796307059596,1
0.0006096985035587631,0.9990781667374057,8.722497625281041e-06,0.00030341226031534375,1
0.0002091850822193401,0.99969670914625,1.1762980265029094e-05,8.234279184531086e-05,1
1.277994137042912e-05,0.9995748185325649,8.834850090664698e-06,0.00040356667515855884,1
2.104745669187104e-05,0.9999147198818134,1.7488721611686257e-05,4.67439401780693e-05,1
1.6662820273414128e-05,0.9999216151572702,1.865058839647115e-05,4.307143371638668e-05,1
2.284945311998211e-05,0.9999209341994402,2.076395832303178e-05,3.54523905513295e-05,1
5.219667953551248e-06,0.9998168221907872,0.0001342291292340628,4.3729010560622324e-05,1
4.239291428408357e-06,0.9997414983651809,0.000214021017816194,4.0241325647509314e-05,1
3.544271161692907e-06,0.9994789933934098,0.0004676689518569065,4.9793383416721274e-05,1
3.9618723780903425e-06,0.9994338944723244,0.0004938375415720568,6.830611532556914e-05,1
4.38665280824765e-06,0.9983232252315781,0.0015797977597921328,9.25903547127177e-05,1
2.5762845797909944e-06,0.9992743166135855,0.0006435148553308454,7.959224751563648e-05,1
1.0480098173331331e-05,0.9994073013558489,0.0003560471562302586,0.00022617139019872226,1
1.5144513053596607e-07,0.9897871841268671,4.817329256301941e-06,0.01020784709964229,1
6.403798902703097e-05,0.9996788741881952,1.774102983371079e-05,0.00023934679221602304,1
3.1138751933989926e-05,0.9997177030556013,1.0602414247348015e-05,0.0002405557776376496,1
4.580674011096191e-05,0.9998428668508018,1.087216688001735e-05,0.00010045424249354884,1
7.000177667694285e-05,0.9998327713036594,9.616380886448265e-06,8.7610537552774e-05,1
3.5996613462708115e-05,0.9995225266045091,1.0825758961966122e-05,0.0004306510230710545,1
1.858097527172316e-05,0.999568362064754,6.515591008830846e-06,0.0004065413697181876,1
8.761136033723068e-06,0.9993527837050694,5.247831189592867e-06,0.0006332073293432086,1
2.3772838523289007e-05,0.99983721612201,3.268269596272629e-05,0.00010632834333482491,1
0.00011220767533868935,0.9966744431324283,8.214473702051632e-05,0.0031312044539658344,1
0.0005458208257748181,0.9020788342754023,0.00017265612400514492,0.09720268877645613,1
2.574369156036446e-08,0.09129779855966125,2.1969711082485375e-07,0.9087019559990541,3
0.0001241598151369903,0.22095493407576022,2.1488089065452504e-05,0.7788994180218412,3
0.0016512802329253743,0.9575831177397974,0.00017211519325642524,0.04059348683428385,1
5.8320920378601095e-05,0.9918302814514536,2.1567883044141873e-05,0.00808982974355957,1
5.4600686507077455e-05,0.9994079859051231,0.0003309205357001266,0.00020649287231752742,1
5.855065253809406e-06,0.9920535479376913,0.007818667196453912,0.00012192980145144836,1
1.241182035405109e-05,0.9414175173381693,0.05815433062245215,0.00041574022040173706,1
3.2824291968118975e-07,0.7104673872543371,0.27443206816170523,0.015100216342537142,1
1.1509376801844057e-07,0.17192531743281983,0.827042938399146,0.0010316290759008933,2
1.600926515331845e-08,0.01878896568924448,0.9810723836718193,0.00013863462823866048,2
2.4548420218147314e-10,0.00020345685706637523,0.9997578973020002,3.864559401395005e-05,2
2.1028841726262748e-12,2.3110511881033043e-06,0.9999702452503091,2.7443695098128404e-05,2
2.1470904561442257e-13,8.905269922791662e-07,0.9999864829991988,1.2626473121585765e-05,2
4.379057600766569e-13,7.855713755899363e-07,0.9999948251704354,4.3892580265315806e-06,2
4.566450701798121e-14,3.314354297122005e-07,0.9999872129682357,1.2455596537808395e-05,2
1.152377991778805e-14,1.6563733302119466e-08,0.9999889110436936,1.1072390804730628e-05,2
4.5629465944842996e-14,5.237970217566363e-09,0.9999967502824855,3.2444786277628295e-06,2
4.071628437677055e-15,2.266753011487822e-08,0.9999859480563411,1.4029276041274073e-05,2
3.1410514718431395e-14,2.4314518232315483e-08,0.9999967611600068,3.2145259557940516e-06,2
4.913245485487736e-15,8.034806541261437e-09,0.9999962928409835,3.69912327030717e-06,2
1.2625332895410634e-15,1.332349180399948e-10,0.9999944212441823,5.578621708274552e-06,2
1.3528157852242256e-15,5.924894533619725e-11,0.9999955617921196,4.438148588104016e-06,2
6.146132374290926e-16,2.6365333153862705e-11,0.9999956075613289,4.3924124001073756e-06,2
2.8135733508287507e-15,8.094956262979008e-10,0.9999954855695288,4.513620482462542e-06,2
3.049011612049562e-13,1.3400802891710997e-10,0.9999927980429811,7.201822839068403e-06,2
2.8685484780817955e-15,8.108450232057066e-07,0.9990662414906322,0.0009329476646063709,2
6.725101249923296e-11,2.7244865327832763e-07,0.9999571036711421,4.262381380561309e-05,2
1.0864423850800171e-14,1.738289679604087e-08,0.9999198403062899,8.014231081911244e-05,2
7.193314779201517e-14,4.0057431061175396e-09,0.9999953859402959,4.610052190745112e-06,2
3.956678425468174e-15,1.3386275428780936e-09,0.9999968096286427,3.1890325635329526e-06,2
3.4638897651031e-15,1.0888996202017725e-09,0.999995212940665,4.785971112771959e-06,2
2.7587498249764203e-15,1.500368504811873e-09,0.9999936403712444,6.358129564384934e-06,2
5.401434125312022e-15,3.800441477754649e-09,0.9999960708741921,3.925326948258295e-06,2
2.0176008013179978e-15,6.08469173981503e-09,0.9999943289164375,5.664997236494008e-06,2
5.681717711187383e-15,8.439904229248227e-09,0.9999960205975238,3.970962903516148e-06,2
2.115378787136796e-14,6.656242309881621e-08,0.999997068986634,2.864449281193719e-06,2
1.971756149463449e-13,7.241508253558834e-07,0.9999932657964848,6.010052931659242e-06,2
5.729392728593294e-14,2.8715708897227634e-06,0.9999679521830745,2.9176247160114017e-05,2
2.9670477414035447e-12,2.203990105924705e-06,0.9999932295879262,4.566417610576182e-06,2
7.733833389576709e-13,1.7465818834200802e-05,0.9999686142633039,1.3919917989886065e-05,2
4.8488810255730455e-12,1.531357640128908e-05,0.9999682394359923,1.6446982414680508e-05,2
2.1567441394767334e-12,3.7868837690338215e-05,0.9999403118987867,2.181926088786931e-05,2
6.277246002058821e-13,2.125233593679191e-06,0.9999933622713998,4.5124958523834935e-06,2
3.0334716697290267e-13,1.7166038477225935e-06,0.9999940278718057,4.255524639026521e-06,2
3.037988554177152e-12,7.99672625523316e-06,0.9999810825945521,1.0920677879342168e-05,2
5.361174085519387e-11,8.068063053367518e-05,0.9998479815821377,7.133773339954645e-05,2
2.06548039936827e-08,0.0034559514644775732,0.9964413248618044,0.00010270302029968135,2
5.97323131930342e-08,0.12811552405881063,0.8708335282545626,0.0010508879527706164,2
1.2029785868891586e-06,0.5266067250910355,0.47262398842644815,0.000768083502363165,1
2.2080850770296322e-06,0.8984176371779815,0.1010160176081579,0.0005641371276369958,1
2.909870162536163e-06,0.9898802702173605,0.009519720790410082,0.0005970991236579465,1
1.5153875014803018e-06,0.998973617503829,0.00014404385755522505,0.0008808232510245014,1
4.573600958128879e-05,0.9998279605363737,1.7071358794294527e-05,0.00010923209586941576,1
2.5594505425381722e-05,0.9996436226776658,1.2044598697512497e-05,0.0003187382177170682,1
1.18914907314719e-06,0.9958759319881942,4.573342617758925e-06,0.004118305520078326,1
2.747558688621067e-05,0.9993975182850328,8.222499363787627e-06,0.0005667836286542432,1
1.1678871744497834e-05,0.9996358709411718,8.33988471613898e-06,0.00034411030286805676,1
4.945143591583929e-05,0.99987381396427,1.0099716626967645e-05,6.663488249333064e-05,1
3.867594644023521e-05,0.9999019940813356,1.326637787008506e-05,4.606359599082367e-05,1
1.5744250657475296e-05,0.9999008570813039,2.147383119073335e-05,6.192483579086455e-05,1
7.183441097070201e-06,0.9995656415985159,6.258745291010541e-06,0.0004209162163130031,1
1.50047840895603e-05,0.9992270859032586,7.5446690000961875e-06,0.0007503646440768727,1
2.4459477946399194e-05,0.9998963057256873,1.5133474740462976e-05,6.410132098732904e-05,1
1.1455950770883889e-05,0.9999227193470465,2.5482725003581588e-05,4.03419787504655e-05,1
1.2498925956640124e-05,0.9999269566081015,2.3997989933152386e-05,3.654647663946163e-05,1
1.2875255173784973e-05,0.9999270145095822,2.6436647773558594e-05,3.367358895702884e-05,1
3.891958645209069e-06,0.999830656655122,0.00011378383187934676,5.1667555560038456e-05,1
5.670130691270851e-06,0.9998670554245005,8.774077920046557e-05,3.953366598048922e-05,1
5.995204775497708e-06,0.9998887932954825,6.608020782539808e-05,3.9131293509208185e-05,1
9.70992012569746e-07,0.9996580401540995,3.950019641336507e-05,0.00030148865626876056,1
3.313649385593856e-06,0.9997467142846295,0.00017184584026967077,7.812622402105455e-05,1
3.5665748814733933e-06,0.9995065910547115,0.00042162555410682213,6.821681517041615e-05,1
2.7573733699907252e-06,0.9985642339359884,0.0012934907854370928,0.00013951790402433803,1
3.7080899597162183e-06,0.9983689814293388,0.0015532459269248335,7.406455382930848e-05,1
2.930869518259228e-06,0.9984007224567711,0.0015184266353113908,7.79200397718485e-05,1
1.9207677126030642e-06,0.9987324772123091,0.0010931455108955334,0.00017245650997076733,1
3.988836923008121e-06,0.9994337155305708,0.000514560317694888,4.773531495754541e-05,1
6.355177192653821e-06,0.9998172210585455,0.00014330013972692422,3.312362429955839e-05,1
1.4623458891821449e-05,0.9996155474771501,0.00032761022180519367,4.2218842068932854e-05,1
4.855601501419519e-06,0.9926363531112974,0.0071711950657184515,0.00018759622172099676,1
8.074091342808222e-07,0.9168999170723645,0.08213307139469243,0.0009662041240116332,1
7.992795105408092e-08,0.09374737704540684,0.9057176516530168,0.0005348913729933276,2
9.61487549252978e-09,0.0067204646398227345,0.9932150688821877,6.44568647046204e-05,2
7.3763036009885794e-09,0.0004067993977021793,0.9995638886231886,2.9304603643311236e-05,2
2.8649653092399602e-12,0.00011014234045734463,0.9994582344125822,0.0004316232425696154,2
2.1713133088316954e-11,6.446766314155947e-06,0.9999788625915507,1.4690620834233579e-05,2
4.605575185983125e-12,1.524426346991182e-05,0.9999786033801594,6.152352544662761e-06,2
1.3015012943642678e-12,2.0543900157997132e-05,0.9999664279999999,1.3028100160604653e-05,2
1.8078726984373653e-11,1.697523464081254e-05,0.9999732546177764,9.770131114398265e-06,2
1.6048093880437215e-10,0.0004698338533396495,0.9994881102305216,4.2055756297895664e-05,2
1.743765167509587e-08,0.0035735584758735573,0.9963196033529338,0.00010682073532077675,2
2.43840978273344e-07,0.008880654748913749,0.9885759254368843,0.0025431759736995094,2
5.761140795459454e-06,0.021620636639510752,0.9302310936556112,0.04814250856490622,2
2.9325381512756763e-11,0.00018384020889550007,0.005973582356346104,0.9938425774045105,3
3.291577190552176e-11,0.00018649805252903565,0.006732649220855817,0.9930808526931586,3
3.923952046942778e-05,0.01061365988056431,0.9484172912576035,0.04092980933974464,2
2.4552733592579475e-09,0.001442184592644236,0.978432386971399,0.020125425980033917,2
1.5930879256163899e-09,2.9986886175007362e-05,0.9994318223131452,0.0005381892078199795,2
1.423626248485403e-10,1.0953682971976449e-05,0.9999522662189212,3.677995690748275e-05,2
7.2117309938577584e-12,8.977723870788768e-08,0.9999596158855711,4.029433178984474e-05,2
1.3092150118627117e-14,1.839016335562914e-07,0.9996323578958315,0.0003674582009933088,2
3.244624596774866e-12,3.975734630711463e-07,0.9999912112457101,8.39117663880616e-06,2
1.632008495827391e-13,1.6959174974781473e-07,0.9999916562831213,8.17412618123963e-06,2
4.1449695803055574e-15,1.7509819296947476e-09,0.9999777320996196,2.2266149581236327e-05,2
1.2668963284339775e-14,1.1420662235521953e-09,0.9999955190496972,4.479808344891728e-06,2
4.93241522430737e-15,1.656937155069369e-09,0.9999963085679077,3.689773488007892e-06,2
7.673807092173478e-16,4.526236651626901e-10,0.9999921874783056,7.812070595388312e-06,2
8.28985768757861e-14,8.073692727353726e-11,0.9999953287842762,4.671134945684623e-06,2
6.695494635898436e-14,2.576717644196012e-11,0.9998068572011192,0.00019314277361697348,2
1.1023643964671724e-15,1.5048585983890765e-11,0.9984763847340572,0.0015236152523112837,2
6.275397031113621e-14,1.1931418592588224e-12,0.9999602497015845,3.9750296888917134e-05,2
7.569311394729141e-15,2.8632086248243027e-13,0.9999916113690106,8.388631085770793e-06,2
2.799955199500073e-15,1.3834622836866828e-13,0.9999684122636151,3.1587735669390045e-05,2
2.158924555501356e-14,1.489282326599944e-15,0.9999463366068279,5.366339237483094e-05,2
1.8022652920371205e-15,1.669866005479022e-16,0.9992717810552469,0.0007282189458893258,2
5.676342350070187e-14,9.299928751939103e-16,0.9997978180033039,0.00020218199772567617,2
2.2913717029668273e-14,7.086043400374738e-15,0.9999351252898785,6.487471034756904e-05,2
6.941446269165806e-13,6.509154592699813e-15,0.9999019960602021,9.80039408596138e-05,2
1.060095656333492e-13,4.0899749443868647e-13,0.996983002615896,0.0030169973832403275,2
6.361820947662186e-15,4.532994722360648e-14,0.9975779765237272,0.0024220234771843148,2
1.0562817814589522e-12,4.036914401438131e-11,0.9999787205460428,2.12794111516174e-05,2
1.95984917244062e-15,1.5713559700771552e-11,0.9999894360529211,1.0563930950221983e-05,2
1.9944650056360167e-15,2.7984287233074354e-11,0.9999956713020776,4.328668680251456e-06,2
9.64549200620235e-16,8.215986516031777e-11,0.9999962537110293,3.746206240296081e-06,2
1.2926757964423889e-15,2.0043963270944609e-10,0.9999955520642074,4.44773393703441e-06,2
9.499060696076204e-16,7.815627271235518e-11,0.9999963462463158,3.6536765695508453e-06,2
1.1693322283832766e-14,1.2540871991635174e-09,0.9999959063872781,4.092359030417386e-06,2
4.6867481430722324e-15,7.700976068132159e-10,0.9999808474109749,1.91518202064528e-05,2
6.5427702784878e-15,1.1079345666123647e-09,0.9999873665144555,1.263237592370173e-05,2
3.308977627690228e-13,9.117086528709805e-10,0.9999922334765514,7.765610892499272e-06,2
3.4064581570302113e-15,1.8456377637123128e-09,0.9997397334902259,0.0002602646638553666,2
6.2909520891962194e-12,1.2490056101032744e-10,0.9999772678966927,2.2731971144787854e-05,2
8.22842872341115e-16,3.8870573793631485e-10,0.9993291217174705,0.0006708778922865673,2
2.2944756926590035e-13,5.41044969586741e-09,0.9999245600855984,7.543450232984554e-05,2
2.496095778461727e-13,2.227674263905547e-08,0.9999968878485785,3.089873129518514e-06,2
7.905910100495823e-16,1.4739240259419397e-10,0.9999933400544109,6.659797981408154e-06,2
6.536153637579174e-15,3.437625567471934e-10,0.9999962783909854,3.721264829796138e-06,2
5.952879210940505e-16,4.034602957166458e-10,0.9999887289539762,1.12706415548907e-05,2
2.4572079748611904e-14,1.7582661081669442e-09,0.9999955863483678,4.41189259087866e-06,2
1.7950695462957888e-12,8.446167558292669e-09,0.9999846690381811,1.5322515597266098e-05,2
5.925896234011569e-14,3.49881995018164e-07,0.9987817978452554,0.0012178522722956083,2
6.932432329985071e-12,2.853285148382999e-07,0.9992285117985168,0.0007712028667391817,2
1.3893278902099734e-12,1.9750526829864093e-07,0.9999307157623823,6.90867322378802e-05,2
7.642333835176394e-12,1.8592101468379715e-06,0.9999926236795659,5.517102746951332e-06,2
1.0030111431380097e-13,2.88953034427834e-07,0.9999767757294872,2.293531648283415e-05,2
4.381922151688988e-13,2.163004799695638e-06,0.9999668435451783,3.09934481148584e-05,2
2.2923846740705037e-12,5.289343142450402e-06,0.9999885047042392,6.2059496699031e-06,2
1.2756404244378468e-12,6.337740903695421e-06,0.9999858915374982,7.770718543482096e-06,2
3.5297403284845794e-13,6.690343939608562e-06,0.9999699251941463,2.3384461174025934e-05,2
5.159482847586382e-13,3.1194866911861534e-07,0.9999829788787576,1.6709172901155255e-05,2
1.0714767599770957e-11,5.0070486587006534e-05,0.999941560408471,8.369095259864737e-06,2
3.1591158611506184e-12,1.0909988227619033e-05,0.9999740792239936,1.5010784197803049e-05,2
3.0227010238215037e-12,2.608156183728547e-05,0.9999607939581068,1.312447847942763e-05,2
4.75763379236971e-12,1.969939673724931e-05,0.9999725697540761,7.730843071573788e-06,2
1.716766971308049e-11,3.1884791706967124e-05,0.9999606225651079,7.492626065097707e-06,2
1.2286350299394782e-10,0.00031700580154608903,0.9996614957963557,2.1498277785572858e-05,2
3.5013702734140935e-10,0.0007355100201206462,0.9992238934356643,4.059619525148841e-05,2
2.9082954963234467e-10,0.00027943484211479934,0.9997027539315482,1.7810937308309432e-05,2
6.578344786686569e-11,0.00011596622036349628,0.9998625802242233,2.145348904822469e-05,2
3.210975374583402e-10,0.00020906731641046994,0.9997752274169385,1.57049466445089e-05,2
3.394198934353292e-10,0.0009901455756417706,0.9989794882947463,3.0365789752157715e-05,2
1.4452461907940691e-09,0.0003548889271985896,0.9996346644455313,1.044518174773803e-05,2
2.494925302329678e-09,0.00163907724842713,0.9983369015496149,2.401870562296212e-05,2
1.4468639190178954e-08,0.023540257571772666,0.9762839119270208,0.00017581603100330151,2
2.3597791604769546e-07,0.17187277116926789,0.8273031799705363,0.0008238128815024113,2
1.6381422264796797e-06,0.8234757934133251,0.1758511574092286,0.000671411034494016,1
7.888900617240986e-06,0.9802395108647819,0.01956817699670219,0.00018442323827654386,1
4.5860631945555263e-05,0.9993426618803012,0.00028620541275319457,0.0003252720747541993,1
1.9698402972904867e-06,0.9996557031910716,0.00012155494123486538,0.00022077202755385237,1
1.2462543464987104e-06,0.9996158103473828,6.449781568167151e-05,0.00031844558221966315,1
7.685108468983294e-06,0.9999080557643346,4.5707213329540686e-05,3.855191231940002e-05,1
1.555592299487085e-05,0.9999272228960097,2.290270417197331e-05,3.4318476525320585e-05,1
6.024356782784076e-06,0.9999061154321885,2.790414155962225e-05,5.995606937427631e-05,1
3.4193738202441726e-06,0.9998403068432825,2.3892529430672206e-05,0.00013238125506855194,1
4.9054533241155365e-06,0.9998732834830812,1.996573415689761e-05,0.0001018453295119979,1
1.4375591598784266e-05,0.9999072620852246,3.708974443070763e-05,4.127257991873123e-05,1
4.164321328490105e-05,0.9992218006389354,0.00029483224857654257,0.0004417238977659132,1
4.0994036148678033e-08,0.9730477087439863,0.005248195036856965,0.021704055226433903,1
4.7619461240687606e-06,0.8011944926615714,0.19801699617652205,0.0007837492160285193,1
2.646751981280956e-06,0.7165993533087465,0.28319711145492416,0.0002008884847486302,1
2.5944584940088615e-06,0.6506098101303777,0.34922735535874616,0.0001602400538481378,1
1.0482940621671806e-06,0.5774866957802207,0.42199729307238654,0.0005149628537338426,1
8.11383751337308e-07,0.4405614990791751,0.5588874195495516,0.0005502699874878432,1
9.11857488455349e-08,0.24316642192249557,0.7564714385545522,0.0003620483386410451,1
1.689112459115241e-08,0.008819876345531424,0.9910608012531255,0.00011930551133708118,2
8.542266410771058e-10,0.0008138327674528862,0.9991525482580844,3.361812077586374e-05,2
1.9978030486714235e-09,0.00044676799421622225,0.9995327890732518,2.044093484975132e-05,2
8.727134745421031e-09,0.0038970990428551107,0.9960456139623385,5.7278266794051894e-05,2
6.341048631233493e-08,0.08543539125528327,0.913535919957156,0.00102862537593212,2
1.749480792608894e-06,0.9335333204442727,0.06468056574848992,0.0017843643261626946,1
1.1845771282936882e-05,0.9961127619914848,0.003765086680052405,0.00011030555625541496,1
1.4129567519466346e-05,0.9996004096503817,0.0002663364393582411,0.00011912434124915275,1
0.0002257276507113529,0.9996679926738355,3.6927067532554216e-05,6.935260691069025e-05,1
0.0026397002460319934,0.9966389714085021,4.1840736339050456e-05,0.0006794876074477696,1
0.02936735644687781,0.9349876371809169,4.851717895229078e-06,0.03564015465347629,1
0.9803578020376503,0.007584212508411992,9.497541519388383e-08,0.01205789047808566,0
0.9976268985677921,1.3911201716869579e-08,1.266647155847807e-12,0.0023730875199350883,0
0.9994344655408849,5.02990073325178e-10,4.0365991964776816e-13,0.0005655339546196279,0
0.9967239173278623,2.9376718504971968e-08,5.8493434676782805e-12,0.003276053290305997,0
0.9406558057530894,1.4643726200701503e-06,3.8480431227740656e-10,0.0593427294905813,0
0.0004082707868485072,2.883980182241177e-09,3.5516551046458275e-16,0.9995917263279918,3
0.9701441403702057,2.4269052395715694e-06,3.4091977780508715e-10,0.02985343238534263,0
0.9985884604443347,1.770176957695835e-07,9.469651848990612e-12,0.001411362529330141,0
0.9998003085068944,4.116356868894493e-07,1.3016981774405283e-12,0.00019927985547273777,0
0.9998323972110925,1.931262193752054e-07,9.200718830322538e-14,0.00016740966231931957,0
0.9998592439850881,4.507572273231395e-09,4.650128728399907e-15,0.00014075150574638113,0
0.9998555207683647,3.738236206425006e-09,8.385539686605793e-15,0.0001444754933688132,0
0.9997249645799644,1.5117529033873832e-08,3.202170514709006e-14,0.00027502030226956025,0
0.9995492403316502,3.725441969317546e-08,4.5254456806824564e-14,0.0004507224131227076,0
0.9997630314027717,3.734298423695587e-08,7.713612725726526e-13,0.00023693125279949386,0
0.9975259664287346,3.5216688816084307e-06,2.8735057525722053e-12,0.0024705119001987397,0
0.9991001583010032,3.228868204303855e-05,1.5999298761158925e-10,0.0008675528587131219,0
0.9996963667199383,1.8692989744779982e-05,5.564751010124515e-11,0.0002849402344890851,0
0.9996365433842002,2.1093868569218735e-05,5.3619859435576516e-11,0.000342362693251162,0
0.9990000087245703,2.777887685774112e-06,2.385579631753952e-11,0.000997213364218269,0
0.9978776604078142,4.692713589640476e-06,5.64201189177492e-10,0.002117646312718411,0
0.9527537931806721,9.761949172860473e-06,5.727169383353368e-10,0.0472364442988965,0
0.5459335379563511,7.633841859739364e-07,1.2400722049148135e-11,0.4540656986478038,0
0.938034932448787,6.59625348070296e-10,3.5069573393740798e-12,0.06196506688985093,0
0.9932672371210179,4.961799756410521e-11,7.869047669964194e-14,0.006732762828517637,0
0.9993286971157871,8.06357119018621e-12,2.837935853819647e-15,0.000671302876892794,0
0.9997479200462493,6.348718918352119e-12,6.778177624346636e-16,0.0002520799479267219,0
0.9997650447416707,9.540708784132164e-12,1.1612513013869882e-16,0.00023495524841979617,0
0.9998392715785556,1.526663047422655e-11,2.6582189077505974e-16,0.0001607284046877482,0
0.9998329546817066,5.404510133305963e-13,2.6564811601005382e-17,0.00016704531769204883,0
0.9998051736383452,3.398558531863328e-14,7.010218063614805e-18,0.0001948263620273025,0
0.9997065351809535,5.0797449448226517e-17,9.974906316921062e-19,0.00029346481938458336,0
0.9991033255481547,7.888116762292124e-18,1.8004660758284756e-19,0.0008966744505284084,0
0.9996594534775097,4.434739182443498e-18,5.605828929305759e-19,0.0003405465240367071,0
0.9995009434845341,5.019339362728207e-16,1.6744171410398347e-18,0.0004990565150359359,0
0.9997172127800688,1.5668243516017628e-16,1.468356554544061e-18,0.0002827872195395774,0
0.9997721218099429,2.1658949352395248e-13,2.31547992510342e-17,0.00022787819121837158,0
0.999789574429096,3.575320269661459e-13,2.7149780363141136e-17,0.00021042557168370925,0
0.9998113419654056,3.590521000982088e-15,3.4989519165451776e-18,0.00018865803458039787,0
0.9996445195348403,8.035534212439442e-16,1.5726009048696813e-17,0.0003554804649429234,0
0.9945957519834576,6.780180835930733e-18,6.2887795405507485e-18,0.005404248015256534,0
0.9855114676206671,1.6104035742050246e-24,3.613938115102554e-20,0.014488532379190563,0
0.9809340458443656,1.1460133766943237e-28,6.722751863652092e-22,0.019065954156152903,0
0.9746715511043459,8.464699747017201e-29,1.405301065481035e-21,0.02532844889735086,0
0.9753580055578045,1.0228465362618036e-28,1.5727261616977286e-21,0.024641994442143992,0
0.9832933744181014,3.2028676874430017e-28,3.579523412284974e-21,0.01670662558188019,0
0.9771403030582125,4.081737654080456e-27,1.1227189301671143e-20,0.02285969694202129,0
0.9454354186715941,2.737309562255575e-29,1.1556949879891496e-21,0.05456458133006638,0
0.8846503599539337,6.913361849792017e-28,1.1788842441302982e-20,0.1153496400472618,0
0.7154402146939453,5.5855962424168714e-27,4.533140221372313e-21,0.2845597853059083,0
0.7540844041491016,2.4619564535922235e-25,7.29500009135271e-20,0.24591559584928427,0
0.8572316131575609,4.723456333710424e-21,8.530483367688187e-18,0.14276838684151344,0
0.9497897007905909,3.9316089718999806e-20,5.567827560168969e-18,0.050210299207864684,0
0.9932399005244053,1.700234911309285e-15,3.379789731960125e-16,0.006760099476473602,0
0.9994554452421048,4.246048014184443e-18,3.4003276710572204e-18,0.0005445547595344575,0
0.9995259909562247,3.124106198991643e-16,3.621123362516256e-17,0.0004740090423903083,0
0.9960909768842104,3.7500176558053236e-19,3.992475199131839e-20,0.003909023117072138,0
0.9992537884807458,2.6312968241384336e-17,3.161347801647427e-18,0.0007462115201385794,0
0.9995817345665206,1.585803659783087e-17,3.3671027410541365e-19,0.0004182654326973161,0
0.9997601201133028,6.340240346485792e-17,8.143242641924171e-19,0.00023987988785348935,0
0.999618649797601,2.6703176436601014e-16,4.2552700018333744e-19,0.00038135020201460884,0
0.9997491666062951,5.415188385368318e-16,1.0125039260903402e-17,0.0002508333951711075,0
0.9980590104971007,6.6834779621832075e-18,8.904419061906862e-20,0.0019409895024963951,0
0.9995392756562334,1.0752674051111794e-17,1.26471254575873e-17,0.0004607243429300029,0
0.996513979601884,9.838928257349324e-19,7.928273831074295e-20,0.003486020397737931,0
0.9996115504216813,1.6300924781123012e-17,2.7243716749140168e-18,0.00038844957994081235,0
0.9996611119522951,4.2505123128605775e-17,4.1092665090492965e-19,0.0003388880468854644,0
0.9996865178621872,4.324654738024358e-17,5.848171595389391e-19,0.00031348213881414043,0
0.999625438922346,2.7044096127945312e-18,8.21348571004715e-19,0.0003745610763382795,0
0.99710378812832,4.510689615318337e-17,2.7923863386613267e-18,0.0028962118705604303,0
0.9980834119046196,3.207550921515349e-17,2.2098258199661245e-18,0.0019165880956365463,0
0.9993876179479335,1.956482060886242e-16,1.4961910207448994e-17,0.0006123820537111242,0
0.9994582237663512,1.3509045029929778e-15,7.919820424320586e-18,0.0005417762319407368,0
0.9997272291361157,2.020502859087462e-17,8.386807525922446e-19,0.0002727708636892227,0
0.9994035970085122,4.29936723528367e-15,1.3634095013899701e-17,0.0005964029920429513,0
0.9992133999896053,2.211615084251504e-14,1.634576100352351e-17,0.0007866000096489789,0
0.9997944023867349,9.843225806968737e-16,3.2858424420113136e-18,0.000205597613210838,0
0.9998367681524886,6.3282427706642445e-15,3.880786220022833e-18,0.00016323184738690387,0
0.9997267535456927,6.599905372305482e-14,2.0660455129713974e-17,0.0002732464552522847,0
0.9996450887090252,2.1997427012760296e-14,1.4558897792733304e-17,0.0003549112891614223,0
0.9997219597785286,7.3284452696967e-15,1.4762479534998607e-17,0.00027804022271390663,0
0.9993013333007181,7.542830129935732e-12,2.9608839699976367e-16,0.0006986666927389318,0
0.9995369113568308,1.2864310078684347e-10,4.1234694303886505e-15,0.00046308851524096785,0
0.9996676030266328,1.0755294290288907e-11,3.3001718038957644e-16,0.000332396962807242,0
0.9998244061832422,2.2837083008979086e-12,1.9946812707809469e-16,0.00017559381548105588,0
0.9997383605988913,3.1766577019686953e-12,1.0446105191689885e-16,0.0002616393961775497,0
0.9997389801484423,5.004747573535132e-12,2.3806891621504896e-16,0.00026101984658577634,0
0.9997400339563927,7.2424384571383654e-12,2.2551172517685367e-16,0.00025996603780581944,0
0.9997527771285113,2.1953638693401932e-11,3.123026697876847e-16,0.00024722285089693094,0
0.9998490516078857,5.2276931926977264e-11,3.034807582773376e-15,0.0001509483404246545,0
0.9990666447221237,2.569547403481125e-10,5.542735797559214e-16,0.0009333550205299022,0
0.9998092495132557,6.7923875239410926e-09,2.199249833823361e-13,0.00019074369270649137,0
0.9989392697995975,1.2185217913576209e-08,3.6958968666860516e-14,0.0010607180139048011,0
0.9996615295199143,8.885997070948587e-08,3.391053800373906e-13,0.0003383816214358822,0
0.9998208404979232,9.799665453641972e-09,1.852331014557794e-14,0.00017914970123816967,0
0.999817522486428,1.362826996923722e-08,1.058594747137458e-14,0.0001824638847444893,0
0.9998317196713103,1.2564533283603974e-08,1.3345348990451695e-13,0.00016826776359826523,0
0.9983598399076281,7.0049463224543065e-09,1.2640287813334165e-14,0.0016401530876929914,0
0.9997726851864186,3.202269514585791e-08,3.0368765340984874e-12,0.00022728278668116114,0
0.9972693540366463,1.851883244451899e-07,1.4663994184390323e-13,0.0027304607736023724,0
0.999630278121,2.1145833144595633e-07,2.812565623871965e-11,0.00036951039077896065,0
0.9963670251068385,2.0429802505318773e-05,2.341148194369862e-11,0.003612545067876338,0
0.9985227122946921,3.898440759915132e-05,3.4771727254052395e-10,0.0014383029491666008,0
0.9993605458766032,3.4137611036693196e-05,7.051441267652438e-11,0.0006053164426750196,0
0.9997846409360823,1.3147111331497387e-07,2.410349608101211e-13,0.00021522759323421467,0
0.9998316221644286,7.282224635794813e-09,1.8670887077762625e-14,0.00016837055198259073,0
0.999702973105559,9.03246528079654e-09,8.381209116704901e-15,0.0002970178627900275,0
0.9998408748303924,4.841009126660705e-08,2.905283554941828e-13,0.00015907675887095476,0
0.9990736805986546,3.29399930088163e-05,5.227532671295062e-11,0.0008933793561291348,0
0.9885014581042338,0.006238701711110324,2.1788439274427803e-08,0.0052598183945737195,0
0.3414067460822797,0.65077226904429,1.5802635101172314e-06,0.007819404610912663,1
0.203543044199917,0.7927192819661137,7.280862906785546e-06,0.003730392972173747,1
0.11835695647128493,0.8783280207326579,5.863921806177378e-06,0.003309158875162898,1
0.005115833501992398,0.9901129116352556,9.646750405402668e-06,0.004761608112754447,1
0.0003230454721565707,0.9992562259173954,0.0001949655778052194,0.0002257630334858486,1
2.2755294084869705e-05,0.9955484757637009,0.0043621974718334715,6.657146918170543e-05,1
5.420241593683939e-06,0.951648910392024,0.04803403292063735,0.0003116364458920568,1
8.583222890181398e-07,0.5303635816823192,0.4682415200146399,0.0013940399805580368,2
2.9009686996174684e-07,0.2517142886198541,0.7478612810562408,0.00042414022683302083,2
3.7209430374828666e-08,0.04861734871650437,0.9512154648354623,0.00016714924040482908,2
2.2711860176613167e-09,0.0036586230757599883,0.9962992881376627,4.2086515514943386e-05,2
1.0407172318160517e-10,0.00021949014636433683,0.9997696504606431,1.0859288088213028e-05,2
1.1083507322577892e-11,2.3983163570374067e-05,0.9999696826974397,6.334126849080616e-06,2
5.1853705165631916e-12,3.433244390287453e-05,0.9999579917295508,7.675820511953344e-06,2
8.179505144005173e-12,5.1654390868735304e-05,0.9999366592144213,1.1686387344323716e-05,2
4.059649017711854e-11,6.708232354132477e-05,0.9999255336521652,7.38398371987071e-06,2
1.1728039334101407e-10,0.00023760357607190835,0.9997495143608108,1.2881945664477456e-05,2
7.023113181527915e-10,0.0006407518452958967,0.999338989133015,2.0258320195424528e-05,2
3.4819403847327033e-10,0.0008971139811153045,0.9990130627880025,8.982288149657347e-05,2
2.3265337215225192e-09,0.0008828817345425435,0.9991001208235586,1.6995116251874567e-05,2
5.582437683376869e-11,0.0005870866834941578,0.9993860115071996,2.690175380920035e-05,2
1.1403099761810348e-12,1.3029231018173922e-06,0.9999934163095797,5.280764776517739e-06,2
2.1301274689479418e-15,4.502704250954065e-09,0.9999946796374949,5.3158600370168415e-06,2
1.588867850424566e-14,6.996408037507188e-08,0.9999966931118359,3.236922269950173e-06,2
1.2141661858226128e-14,6.727881859659331e-08,0.9999967998788906,3.132842248945993e-06,2
4.0661442946312726e-14,5.75333828224957e-07,0.9999955895061194,3.835161195194669e-06,2
1.1467030299430629e-14,5.275077227067203e-08,0.9999936145490353,6.33270008334257e-06,2
9.798907923262501e-15,4.0564006362499066e-08,0.9999955098383762,4.449599177614084e-06,2
9.662676182214225e-15,3.577141563451488e-08,0.9999961654358082,3.7987923893014046e-06,2
1.8816977763685628e-14,4.1990745546560255e-08,0.9999969902610064,2.967747060796265e-06,2
1.0005587576054349e-14,4.6826209381405234e-08,0.9999927697324343,7.183442150839563e-06,2
1.9676141711222413e-14,1.491755575093944e-07,0.9999922697396432,7.5810851885681475e-06,2
9.273631785621715e-14,1.914319640309124e-07,0.9999963850888743,3.4234781417816786e-06,2
1.8619297631214996e-14,1.24749326767904e-07,0.9999922371108639,7.638139669198992e-06,2
2.3849767726669928e-14,2.84466145907539e-07,0.9999898539941505,9.861538671835852e-06,2
1.765267516015853e-14,2.6748114440438238e-09,0.999997031384596,2.9659407452665343e-06,2
1.0367746997562789e-15,6.866377650519914e-10,0.9999922267754465,7.77253856813063e-06,2
5.507061634847304e-15,1.8337246472554966e-09,0.9999946226634134,5.375502442388941e-06,2
1.2279475220629643e-14,2.4168288168069537e-09,0.9999965527299838,3.4448513896947495e-06,2
3.35446996371802e-15,2.2401010781844438e-08,0.9999856547630162,1.4322834471499261e-05,2
4.691213511321957e-16,3.282468808996752e-15,0.999990516092519,9.483906283868302e-06,2
2.7149637824733964e-16,4.856446170195076e-15,0.9999909248556625,9.075143901304398e-06,2
5.263077737382545e-16,1.6258763829181218e-14,0.9999917367509062,8.263248167491262e-06,2
5.862590229945755e-16,2.6208994243299134e-14,0.999990914563914,9.085436761251818e-06,2
3.2952881163906094e-16,2.329430958125435e-13,0.9999908898622626,9.110136237033766e-06,2
2.307680129273345e-14,2.0186380155303458e-10,0.9999961773501431,3.822446469583717e-06,2
8.6009443075051135e-16,7.416047259754651e-10,0.9999712624831061,2.873677644743244e-05,2
1.3058485605178564e-14,4.545296533690434e-10,0.9999955678529654,4.431693708277524e-06,2
8.42768578092428e-15,1.4529159782428965e-08,0.999996252903401,3.7325669299750025e-06,2
4.457119487269552e-15,1.644278772868876e-09,0.999996194786909,3.80357049338027e-06,2
1.8414247071001735e-15,4.2270967588394385e-10,0.9999944297642811,5.569814814511217e-06,2
8.203277362622135e-16,2.8429550827472595e-11,0.99999547057021,4.529400451762239e-06,2
1.409518529457718e-15,1.2837449419963985e-10,0.9999968598398672,3.1400318995778385e-06,2
1.7127506726561745e-15,2.8535555186371555e-11,0.9999959923159895,4.007657235372081e-06,2
4.1195589631535253e-16,2.1426502836579573e-10,0.9999894703441476,1.0529440013929413e-05,2
1.0069157896354677e-14,3.6813225397318546e-10,0.9999960246647679,3.974967270306645e-06,2
2.8350984720105317e-15,1.5004171001635814e-09,0.9999907454467439,9.253054518941407e-06,2
4.5937006221843105e-14,1.0351949968748932e-08,0.9999963007135405,3.688935197481362e-06,2
6.5855054933047545e-15,2.884655756311101e-08,0.9999845257222134,1.5445431656708338e-05,2
7.38324934338053e-14,1.7755546885322778e-07,0.9999926108630611,7.211582318632111e-06,2
5.75796995270331e-14,5.76121929363717e-07,0.9999945811215577,4.8427557160292475e-06,2
3.1628076715838266e-14,3.161229058106032e-08,0.99999660028548,3.3681032872077147e-06,2
2.881584951286651e-14,1.0958965524023482e-06,0.9999895593791074,9.3447239864655e-06,2
1.5411683615152306e-13,1.3241906500655522e-06,0.9999934708752661,5.2049332074923555e-06,2
2.7677400893958824e-13,2.7050824423818503e-06,0.9999916121402557,5.682776382626029e-06,2
1.2420671462870063e-12,1.9324194322829912e-05,0.9999730024580514,7.673347455755388e-06,2
9.753993870447202e-13,1.8666977800932352e-05,0.9999747930499465,6.539971454544982e-06,2
3.574673294793788e-13,3.7731034229922528e-06,0.9999911596341597,5.067260386752348e-06,2
1.1772596430898775e-12,1.1686388839428318e-06,0.9999935962464811,5.235112325149895e-06,2
3.459236388532661e-11,6.592664425600014e-05,0.9998894808372635,4.4592485201819345e-05,2
4.948801884856045e-09,0.003893449432583835,0.9956105897367028,0.0004959558806504369,2
2.3724942474486673e-07,0.1777800693427492,0.821623409266466,0.0005962841429590354,2
2.223520443874885e-07,0.46634241822565425,0.5306011210653175,0.003056238358321218,1
1.9826775201048985e-06,0.6691189958959196,0.33007178246961294,0.0008072389581873708,1
2.79298580952554e-06,0.7948946698412149,0.2048226353313241,0.00027990184121352005,1
3.5106882151315385e-06,0.8894564746758914,0.11030405307616782,0.0002359615586645962,1
3.6914375792457467e-06,0.9901894353856754,0.009572437968529636,0.00023443520727632717,1
5.928009046821875e-06,0.9992012552496252,0.0007118324909809518,8.098425153105322e-05,1
3.041497288605175e-05,0.9998864898006111,3.4272289676909216e-05,4.882293644528405e-05,1
2.62982073679572e-05,0.9999004984958861,1.5841609676471038e-05,5.736168776362051e-05,1
2.0482940182862226e-06,0.9994738882399133,1.0902298145814027e-05,0.0005131611666989753,1
2.2018712618820593e-05,0.9999164674520556,1.9360012379497263e-05,4.215382191174038e-05,1
3.449854552600911e-05,0.999865904899994,1.3558396371447901e-05,8.603815721102182e-05,1
7.54624703771509e-05,0.9997635736388278,9.341364863754965e-06,0.00015162252612841147,1
0.0006039957139689244,0.9991315546036439,7.629251439684756e-06,0.00025682043102143957,1
0.0005280292046093051,0.9992704801425041,7.872785356158842e-06,0.0001936178680553302,1
5.4802391696001604e-05,0.9994791259068418,7.091105718029044e-06,0.0004589805975482495,1
2.2190405030307858e-06,0.9990859895464015,7.810871712400104e-06,0.000903980540521968,1
1.5843203947042174e-05,0.9998673389963881,3.6225189597457586e-05,8.059260966908448e-05,1
1.558882917649098e-06,0.9985332653897329,0.0003614883140187287,0.0011036874149511827,1
8.373990875728603e-07,0.9978102819617206,0.00041579250631196003,0.0017730881341882383,1
1.4210440699063489e-06,0.9992184610597387,0.0003076950189302973,0.0004724228774405929,1
2.9053525049734978e-06,0.9997898336751435,0.00013980700526096572,6.745396811697921e-05,1
1.7473191192025493e-06,0.999822988443686,5.602274621426627e-05,0.00011924148997218677,1
6.39485142119831e-06,0.9998925014273502,2.4217006147033487e-05,7.688671522454781e-05,1
1.660855768031537e-05,0.9996876310662992,5.429203369496524e-05,0.00024146834356160495,1
0.0010960976441138875,0.9985220182894828,6.0842913822546934e-05,0.00032104115382743787,1
0.01951546170317465,0.9651252101651113,1.835913089332802e-05,0.015340968999889543,1
0.5911720573358928,0.3872223465750772,2.2463705974736436e-06,0.02160334971946208,0
0.9135610284438932,0.07628957702278007,2.078700069058966e-07,0.01014918666465788,0
0.9931969282599648,0.005036586191759059,2.4617337657886807e-08,0.0017664609296895782,0
0.9988980302076981,0.00043399016885138815,3.357452271931919e-09,0.0006679762648303163,0
0.9991447452468447,6.187473939070804e-05,7.552861822905849e-11,0.0007933799389645758,0
0.9998225479006989,2.407082004919071e-07,2.3512238880024306e-12,0.00017721139023579104,0
0.999345739718821,2.5313091113347486e-06,8.776164932981092e-13,0.0006517289716887021,0
0.9996753330029323,8.303704608397195e-06,2.7002802271966545e-11,0.00031636326408721093,0
0.9994775698423214,3.208712885168095e-06,4.131319102924062e-12,0.0005192214398429086,0
0.9995893021861695,2.358071853498379e-06,2.449331364949371e-12,0.0004083397410299718,0
0.9997057624030891,2.1090179025137454e-06,4.865313085005173e-12,0.0002921285725410639,0
0.9994395925922598,6.394188605379356e-06,1.329344897788068e-11,0.0005540132070357492,0
0.9989730342876543,1.8490614242628325e-06,7.168280909091733e-12,0.0010251166426919257,0
0.9994483079749401,3.6511606195470535e-06,1.060984652561915e-11,0.000548040853531297,0
0.9997225504149192,6.508112372759458e-06,1.2090942766453821e-11,0.0002709414591653683,0
0.9996833185369595,4.934411311069787e-06,1.827024232579575e-11,0.0003117470340426949,0
0.9986559060466003,6.725374252853232e-06,9.504387021261134e-11,0.0013373684843843725,0
0.9899868431526605,7.819256310269442e-06,1.2367641614549035e-11,0.010005337578600953,0
0.9985193637073888,1.208418121173497e-07,6.196343375030964e-12,0.0014805154447106988,0
0.9996860774775265,3.6835806823349874e-07,2.9698076854457306e-12,0.00031355416051592885,0
0.9995936635299664,1.0977086895204706e-06,1.7251925953690586e-12,0.00040523876050155305,0
0.9993787801599139,1.2065307095605354e-06,7.403017741718538e-12,0.0006200133009885738,0
0.9988942273381533,4.35073593708511e-06,1.0569094556798723e-11,0.0011014219165089317,0
0.9995951617765945,4.262253227400363e-06,8.248573967094622e-12,0.0004005759615594614,0
0.9998234727513002,7.676578892737667e-07,1.24354257869499e-12,0.0001757595911608285,0
0.9997027052844093,1.0275353478418905e-06,3.4283185374891635e-13,0.00029626717813295545,0
0.999809086879351,1.4742071884480596e-07,8.405953618192703e-13,0.00019076569786530848,0
0.9987480676237995,1.6117193375306108e-07,5.959549693177046e-14,0.0012517712026769824,0
0.9997902086974612,2.0611634753758922e-08,1.19850816971292e-13,0.00020977069056464802,0
0.9997988540216657,5.947527121593367e-08,6.036634861251403e-14,0.00020108650121258845,0
0.9997962304860907,5.8578960203799666e-08,3.9170556682131533e-14,0.00020371093528030534,0
0.9998601180723652,4.7822025713540066e-08,4.73079976870155e-14,0.00013983410516851653,0
0.9997890576139569,7.970697235611864e-08,4.007631760527404e-14,0.0002108626781959197,0
0.9997951808199095,2.9612184161672886e-07,3.6792159486118773e-13,0.00020452305793527915,0
0.9996102975819661,1.6400589197577666e-07,3.527839169197242e-12,0.0003895384080017567,0
0.9934562775067189,1.1056962559081529e-05,2.3668580711150145e-11,0.00653266550783033,0
0.9970401675453433,9.207169103781644e-06,1.9093748319833465e-09,0.002950623375084326,0
0.9906918719914465,5.3094520229847194e-05,1.3988275971413308e-10,0.009255033347378839,0
0.9993021065730244,2.3505486273868987e-05,8.850766662922097e-10,0.000674387053880905,0
0.9990961185088043,2.8991889122913347e-05,1.188218110248635e-10,0.000874889484639076,0
0.9992720045989574,1.8701846999525983e-05,1.7222288573946313e-10,0.0007092933835428868,0
0.9985221750144733,8.933048469674237e-06,5.815090993584489e-11,0.001468891879263945,0
0.9988126284442668,7.797624851671639e-06,1.6592086105339273e-11,0.0011795739127275998,0
0.9996634396506069,1.760025076030987e-07,6.474039118971672e-13,0.0003363843479472975,0
0.9998247121854286,3.129052148065592e-08,4.738586236814389e-14,0.00017525652347473602,0
0.9998340851772836,4.976836726852699e-09,1.2904734432449942e-14,0.00016590984410643248,0
0.9997020930747711,2.6030409120470035e-08,2.3131596279919247e-14,0.00029788089320760075,0
0.9998207947839981,1.522931055400687e-08,1.386733879989215e-13,0.00017918998569787262,0
0.9990470651885088,1.9034006280851286e-08,1.0950715025345407e-14,0.0009529157763512861,0
0.9998397150788394,2.175789986420366e-08,4.2576741960367295e-13,0.00016026316334840512,0
0.9992365299080853,8.950397675778451e-08,1.872693860589826e-12,0.0007633805860021083,0
0.9910331330539351,2.500437022738505e-07,5.677409572385399e-13,0.008966616901815671,0
0.9994558466963306,8.558568801692794e-09,1.9557266458304918e-12,0.0005441447415297341,0
0.999338446305599,1.655918856347076e-08,7.535112077170241e-14,0.0006615371338444957,0
0.9995701765506136,1.1680227056687502e-08,5.960729405122607e-14,0.0004298117683242269,0
0.9998139401631781,1.813773112881801e-08,4.337297166259018e-14,0.00018604169754911102,0
0.9998370245627003,2.7903751121986316e-08,1.9503435824685428e-13,0.00016294753321081454,0
0.9984521813331204,3.7187758312422905e-09,6.692326752416692e-15,0.001547814947855152,0
0.9998115047087959,2.6160612989640962e-09,8.460175870294456e-14,0.0001884926740795298,0
0.9996058739661254,8.63086796891985e-09,1.7360819951712046e-14,0.00039411740362193224,0
0.9998108715362941,3.802942212983951e-08,2.370819354459322e-13,0.00018909043399479656,0
0.9993698799889535,1.5996418957380157e-07,7.500477027680948e-14,0.0006299600462054746,0
0.9997443186378326,9.761869304897005e-09,2.1734613610141525e-14,0.0002556715984602405,0
0.9998574705179272,1.3019150437733967e-08,5.885671936839469e-14,0.00014251646433375003,0
0.9995373471885914,3.1594181925381973e-09,4.112764286369313e-15,0.00046264965360055024,0
0.9998114932876957,1.049562877454332e-09,9.147633983070292e-15,0.00018850566258168017,0
0.9997158658110727,1.5227218170804874e-10,1.3945237168361711e-15,0.000284134037059717,0
0.9997815860349271,6.297095883257832e-10,3.857619149599444e-15,0.00021841333459961216,0
0.999745354120666,9.04141256359668e-10,9.389534850223879e-15,0.0002546449734859813,0
0.9993478871710731,8.14719190875547e-10,1.5551689034022869e-13,0.0006521120124621443,0
0.9836225370076428,9.271649140009506e-08,7.847221452375036e-14,0.016377370277329644,0
0.9994591346012733,1.2755273844359114e-08,8.915729035530798e-13,0.0005408526425744075,0
0.9998577258531222,1.3294223855042694e-08,6.944664473144839e-14,0.00014226085107694192,0
0.9997080791927848,1.8603399414204848e-08,1.9114937624222044e-14,0.0002919022044928838,0
0.9998161304505896,1.7754641901868845e-08,3.1149177101212175e-14,0.00018385179418249295,0
0.9997686640030762,1.0274654183550716e-08,1.7420532955290654e-14,0.00023132572366419467,0
0.9997724853249449,2.834396156775416e-08,2.6340043772374968e-14,0.00022748633237449072,0
0.999840818319749,3.893437019820283e-08,9.457352208090712e-14,0.00015914274757318253,0
0.9995974479632638,1.0767314788837727e-07,3.002277012528626e-13,0.00040244436475670494,0
0.9988270211885294,1.0123741340517233e-07,2.1185579463994369e-13,0.001172877572828066,0
0.9997634870754066,2.826892887260586e-08,3.4197270484684784e-13,0.00023648465640261878,0
0.9995261803105528,6.337819505549112e-08,1.4381628220532766e-13,0.0004737563105293114,0
0.9994113100982496,2.903141315240706e-06,1.7781564059476322e-11,0.0005857867422207928,0
0.9984489682578007,1.17345331161238e-05,2.8058841741955975e-11,0.0015392971800512944,0
0.9993057119652324,6.679849931048843e-05,3.392332289230246e-10,0.00062748919778606,0
0.9994005726998085,0.00017096302557807324,5.853891660160251e-10,0.00042846369080983416,0
0.9993209983949424,0.00016388796882140367,2.6891982354851988e-09,0.000515110947631808,0
0.9949614133854836,0.0001781438927024623,2.6070205420913747e-10,0.004860442460536065,0
0.9993947915394037,5.9330671654323755e-05,3.9947391132498035e-10,0.0005458773897596895,0
0.9996612410095066,2.418795523319175e-05,5.929422626583823e-11,0.0003145709772057766,0
0.9996261507720301,1.7720739047609833e-05,2.805675199546081e-11,0.0003561284620709317,0
0.9994495071627787,9.69390663336829e-06,6.939264398115121e-12,0.000540798921947137,0
0.9997972535251307,3.614043885103096e-07,1.0186204478390692e-12,0.0002023850689167177,0
0.9996237327907832,9.417209840780418e-11,1.9650075753261628e-14,0.00037626711460540287,0
0.9956897476319767,1.1865443085414203e-10,3.251423459017463e-15,0.004310252250366715,0
0.9987192167221973,1.1950743145449902e-10,1.4392175370300077e-14,0.0012807831593123844,0
0.999811468859636,6.460099666569655e-11,6.870868126633913e-15,0.0001885310745615471,0
0.9994504319228305,2.422707591641146e-11,5.253399964053403e-16,0.0005495680517796454,0
0.9994740655780827,1.0163514496951031e-10,1.6939756314875163e-15,0.0005259343211071655,0
0.9998550345537518,2.035901015111721e-11,8.334018014554357e-16,0.00014496542689935155,0
0.9997469530356513,1.2485622242938248e-10,2.3818057474770287e-15,0.00025304683786750995,0
0.9989969817666093,3.751275043982844e-11,5.387461774762104e-15,0.001003018195913777,0
0.9976410717381473,4.857391852024546e-11,3.017328426068032e-15,0.0023589282143921682,0
0.9995679428087583,9.127108197817333e-13,9.073158057290665e-16,0.00043205719083524546,0
0.9996339079572152,3.1802489688698393e-16,1.756587922391321e-18,0.0003660920434422112,0
0.9997313563932471,2.8495242737914417e-16,1.101144854100696e-18,0.0002686436053111178,0
0.9997831542590547,3.0253332074989823e-16,6.216888901501498e-19,0.0002168457415253162,0
0.9997978059422052,6.462668888904984e-16,3.466786802347997e-18,0.00020219405662610343,0
0.9990586440332142,1.9439870326643943e-15,4.504365496463394e-17,0.0009413559663548906,0
0.9942770201548843,6.806743988692791e-15,2.0939574951079445e-17,0.0057229798438710395,0
0.9996709653202959,1.5389811408976026e-14,1.0932686258379346e-16,0.0003290346792997036,0
0.999825066284286,1.2743468846215234e-13,2.1501133696019312e-17,0.0001749337164011536,0
0.9997654218314886,5.942982246549815e-13,3.3184499599135895e-17,0.00023457816942955352,0
0.9998481165051808,6.402563612845426e-12,2.662309604044505e-16,0.0001518834896971961,0
0.9995832774910318,2.9296298664497768e-12,5.211389747112377e-17,0.00041672250494805045,0
0.9997842056002675,7.419178273773621e-12,6.071447622835854e-16,0.00021579439307423584,0
0.9996413984706903,9.970616942095058e-12,1.50574522743913e-16,0.00035860151878008687,0
0.999819605822575,7.100918437601886e-12,1.5918049424217496e-15,0.00018039416981596186,0
0.9983928484865208,2.476365312816381e-11,6.674368684675512e-16,0.0016071514902280806,0
0.999492409733074,9.743969025416605e-12,1.3749438205975325e-15,0.0005075902554492957,0
0.9997494350036372,2.5626948858230487e-11,4.889652001883536e-16,0.00025056497039332835,0
0.9998439981359923,3.763227366709431e-11,4.122042772542137e-16,0.00015600182472095715,0
0.9998417069368924,8.340054206140175e-11,3.2202101614088616e-16,0.00015829297921237826,0
0.9998298427955402,1.7916738904459033e-10,1.1374183185926932e-15,0.000170157025422887,0
0.9997932132711984,3.3653610735120974e-10,1.3752706431915301e-15,0.0002067863911681389,0
0.9998247801236881,1.9844545023482093e-08,1.6510545670769848e-14,0.0001752000331939336,0
0.9998367792246885,9.844800691055404e-09,1.7425604344108663e-14,0.00016321092985982334,0
0.9997413846022637,1.0947773193333611e-08,1.3200681119029432e-14,0.00025860445174527184,0
0.999829803770308,4.05306129684243e-09,6.317412279598776e-15,0.00017019217765085914,0
0.9998426637270944,2.5820669346312512e-09,9.656987990237182e-15,0.0001573336914947725,0
0.9995898785400683,1.8064736305138213e-09,2.752295217484001e-15,0.0004101196542254748,0
0.9998104539972257,1.574890858857672e-13,4.5431583833034954e-17,0.00018954600183514729,0
0.9996341211374834,7.671143833098674e-13,4.688875366686103e-17,0.00036587886312330995,0
0.999790703227964,3.7364632200140387e-13,4.4763599368332e-17,0.00020929677235278132,0
0.9997536902540863,1.1743355760547077e-12,4.3878594032615895e-17,0.00024630974516926234,0
0.9998292100915563,1.1109603466643616e-12,9.532331933176989e-17,0.00017078990806732882,0
0.999659653898266,3.4525404636816283e-12,7.982122822309459e-17,0.00034034609664100195,0
0.999792121427314,7.902846068325236e-12,2.617823728531477e-16,0.0002078785652722014,0
0.9997825210099403,1.7949736180548366e-11,1.7056999770564677e-16,0.00021747897375197769,0
0.9998516097426895,2.04130017842498e-11,2.9403946141126273e-16,0.0001483902376513919,0
0.9998104839357539,2.7458978008710192e-11,7.01526527050012e-16,0.00018951603855512836,0
0.999340168575742,5.226168889944056e-11,1.1485957949612418e-15,0.0006598313724313421,0
0.9994597853638528,4.457177252139567e-13,5.72607504225415e-15,0.0005402146345806331,0
0.9873800740882898,1.0714917872102767e-08,5.232989105078555e-13,0.012619915197983294,0
0.9920817183832608,1.0495194022806995e-08,2.0913635409670275e-12,0.007918271119705753,0
0.9991077915854618,1.4885564476122714e-09,1.041749924341291e-13,0.0008922069271748159,0
0.999753067603901,1.8265623013729393e-08,3.8494911933475766e-13,0.00024691412864817505,0
0.9994181191064098,4.365180155662307e-09,9.862195255631982e-15,0.0005818765283090991,0
0.9998078084002088,1.7294895621875738e-08,8.901867000527978e-14,0.00019217430436007532,0
0.9996640061916426,6.418658926937861e-08,3.4477615918914845e-14,0.00033592962161945524,0
0.9998243026572764,2.3995270925416257e-07,6.403408418221258e-13,0.00017545739010658797,0
0.9994431277284948,4.0479353041901487e-07,9.054944439059145e-13,0.0005564674770778637,0
0.9989349547785161,7.081996862813005e-07,1.1771956092610654e-12,0.0010643370216630419,0
0.9998087636375875,5.163702304094737e-07,2.2828701175548846e-12,0.00019071998954366215,0
0.9996916961879059,1.7864350736076778e-06,2.662629050853693e-12,0.0003065173752883329,0
0.9992459725153588,1.8524853053860378e-06,5.1175548939205906e-12,0.0007521749957790501,0
0.9992934515406334,2.5945634238388575e-07,2.6347181255175126e-12,0.0007062889993158719,0
0.9993303882779659,4.739669537426998e-07,4.743114090005205e-11,0.000669137707640161,0
0.9822153837580934,1.314599129176682e-06,1.3152082534641157e-11,0.0177833016308518,0
0.9915517266489245,1.891044351103539e-05,3.773867060955032e-10,0.008429362529139084,0
0.9991521296344931,3.451326152455018e-06,1.797174706746283e-10,0.0008444188590403313,0
0.9992075413974864,7.521763216446419e-06,1.4192970144742258e-10,0.0007849366964104435,0
0.9955301051786443,2.0286898845871868e-07,8.252009119641039e-13,0.0044696919500397765,0
0.9987116723411062,1.2575547722800955e-06,1.3393243957232732e-11,0.0012870700896198824,0
0.9997474569247363,1.5823453969370016e-06,5.894177085651655e-12,0.0002509607255453712,0
0.9996937880958111,3.4094686604358535e-06,2.4376426412776673e-11,0.0003028024128898687,0
0.996239188303662,9.57843300394082e-06,1.2685483247641196e-11,0.0037512332493155687,0
0.9981656923664488,3.4590450037828585e-06,3.0866253693391316e-11,0.0018308485584096086,0
0.9995374314779291,6.135320650674102e-07,6.268583168430844e-12,0.00046195498542165805,0
0.9996544402986707,3.1391474931343586e-07,1.0343305973017456e-12,0.0003452457870346611,0
0.9995572474293695,4.748449044891524e-08,2.2456361892891427e-12,0.00044270508429029046,0
0.994972772280251,1.4396771835363924e-07,1.2982959263661606e-13,0.005027083753308746,0
0.9997621514064056,2.266989138462309e-08,1.0485897976974654e-12,0.00023782592197606862,0
0.9995963593223803,4.241524952837603e-08,6.37368870289679e-14,0.00040359826098631765,0
0.9997676005774638,9.094318512891159e-09,2.8598191817166076e-13,0.00023239032848051098,0
0.9971746688380062,4.8708874104686406e-09,3.4511141738793744e-15,0.002825326290824138,0
0.9997968865275589,1.0956261651902137e-09,1.2747031805593132e-13,0.00020311237681360842,0
0.9994320715949244,5.128268672507694e-10,1.4047344033735325e-15,0.0005679278940377083,0
0.9997803807928295,3.4486953782625414e-09,3.4253088467458524e-14,0.00021961576022970906,0
0.9997150209381646,3.034523442410051e-09,2.004981269605801e-14,0.0002849760263424507,0
0.9995970778243577,7.30491940231608e-08,1.4107882058475515e-12,0.00040284912416872797,0
0.9957463335802049,2.5536043258544635e-06,1.393335009523015e-11,0.004251112802956132,0
0.9966957440845483,0.0025493575871966497,6.304046086152408e-08,0.000754835286739784,0
0.9928528084271451,0.0051354118519056705,2.689673645487499e-08,0.0020117528237207113,0
0.9921909945312769,0.007086702165439401,6.278369528697869e-08,0.0007222405193059806,0
0.9905042403612931,0.008170138466884755,5.4839607549190193e-08,0.001325566333558841,0
0.9906409432124902,0.007578337299601513,3.747455672704136e-08,0.00178068201259406,0
0.9971529294133628,0.002196646869131863,1.1337836673767479e-08,0.0006504123809035957,0
0.9992114136726784,0.0002455015177094374,2.403479567806525e-09,0.000543082407714697,0
0.9983501408411939,9.541085624409444e-05,5.518012225264396e-10,0.001554447750408183,0
0.9991776751256242,4.181269759935837e-05,1.2873702266986242e-09,0.0007805108911731086,0
0.9969906216907983,2.274952390304237e-06,4.158835839732775e-11,0.0030071033149869438,0
0.9954169045802826,6.001237800927097e-07,5.7227203979025195e-11,0.004582495238524743,0
0.9953881254631016,3.120738815595188e-07,4.5844295103676897e-11,0.004611562416994576,0
0.996089435382293,3.1758619746806463e-07,2.509459706795035e-11,0.003910247005165995,0
0.9981648452267794,2.3679359568870565e-08,1.1130706704691237e-12,0.0018351310944782445,0
0.9995157047364226,1.0062775721649092e-06,3.3546321156046226e-11,0.0004832889530713712,0
0.997698376424485,2.7435882163481084e-06,3.769242734090782e-12,0.002298879982424607,0
0.9990501832703388,1.4168759311321898e-06,2.7216957104515573e-10,0.0009483995798228445,0
0.9837975290566022,1.73056667649024e-05,4.348285231577153e-12,0.016185165273811555,0
0.9991054074251957,1.094833650750601e-05,2.4132059447640353e-10,0.0008836439960204188,0
0.9997424252502944,4.451718388458473e-06,1.043390999136892e-11,0.00025312302167981675,0
0.9997527498831498,6.608234380943879e-06,6.83017056045572e-12,0.00024064187398952397,0
0.9995546777022579,6.927312333047515e-06,3.916349128460391e-12,0.00043839498235563677,0
0.9997247934019614,9.990876537440925e-06,1.4213367441039484e-11,0.0002652157068523833,0
0.9996402604868772,2.451124833459946e-05,3.798752067438641e-11,0.00033522822689447654,0
0.9994636294338204,7.793590868512417e-05,1.9251885211302387e-10,0.0004584344636092087,0
0.9986400888612162,0.0008366777553401421,2.3537185626497046e-09,0.0005232310289480673,0
0.9952360217772186,0.0036891518825147027,1.5801805384145345e-08,0.0010748105387386043,0
0.9742131251059303,0.017664711099229843,3.509662505883767e-08,0.00812212869715854,0
0.9259266072243798,0.07108969224334781,8.223069372917921e-07,0.0029828782257471137,0
0.8045613706701873,0.1910276600575409,9.058345844999046e-07,0.004410063436600588,0
0.5292549415435409,0.4618759319213874,1.675320187907365e-06,0.008867451215977167,0
0.23648820420272848,0.7578147722408238,8.26573855501089e-06,0.0056887578179773204,1
0.008113302123147518,0.9906973006304106,0.00014726243672281118,0.0010421348115309812,1
0.0002397271060632235,0.9994564638310275,0.00019217070664497458,0.00011163835470189464,1
1.5747959297669655e-05,0.9998409362551667,0.0001038945951840506,3.9421190073011415e-05,1
6.916326410884067e-06,0.9998672633873953,8.619913078935658e-05,3.9621156214002616e-05,1
1.263332225015022e-05,0.9997600724017457,0.00014710232688352107,8.01919476919832e-05,1
0.0003689986079707689,0.9987323280698475,0.00033012271853590837,0.0005685506029490932,1
0.017480070583567174,0.9724967886820868,0.00019482143221301898,0.009828319302387525,1
0.7455765364910106,0.23504565163349148,1.0147079777828997e-06,0.019376797168862293,0
0.9866571785261801,0.00895791353466597,2.7035337254289715e-08,0.00438488090321558,0
0.9983923526170837,0.0011037828084097796,3.055934817613824e-09,0.0005038615191075112,0
0.9996990515804548,1.2427754020802751e-06,5.793469048794098e-12,0.0002997056388119028,0
0.9997885881410052,7.864714435732602e-08,8.699207420345001e-14,0.00021133321234709064,0
0.999847944338536,6.687978270893057e-08,5.594102364495403e-14,0.00015198878210369402,0
0.9998011759846778,2.5975909502873843e-09,5.168143600399207e-15,0.00019882141653877828,0
0.9997637819730082,3.7009538749002694e-09,1.0924104196966076e-14,0.0002362143244643784,0
0.9996892598638704,4.2487310175559465e-09,9.496536092961112e-15,0.00031073588742727985,0
0.9997863735119444,7.020896539188592e-13,5.858141180323615e-17,0.00021362648881633175,0
0.9998358756368239,5.827956082060547e-14,6.484331196669706e-18,0.00016412436379067025,0
0.9998552631894249,2.1090508413522873e-11,1.7846297944961234e-16,0.00014473678812802082,0
0.9998383973421827,7.295432032962253e-10,1.2862003609300456e-14,0.00016160192894228647,0
0.9987275909879646,4.274283583416292e-11,7.664113798599031e-16,0.001272408969897585,0
0.9996324167912396,2.3831736933644928e-12,3.8424736906177756e-16,0.00036758320480535285,0
0.999846064435076,1.389041343139976e-09,4.625563190726854e-15,0.00015393417640770666,0
0.9998467504124839,1.11832211332609e-10,6.947962833693995e-16,0.000153249475436756,0
0.9997605211297937,1.6806991966469195e-08,2.5432409906167028e-14,0.00023946206461502488,0
0.9996295536929062,2.946716993415714e-08,3.5214856633948584e-14,0.0003704168387247217,0
0.9998090331493892,9.000192198267973e-09,2.4285774551065257e-14,0.0001909578512486299,0
0.9998302662352312,5.275558825758894e-08,4.337352671359847e-14,0.00016968100830161474,0
0.999794676455754,3.3546329119132165e-07,1.0245151926662005e-12,0.00020498808047332199,0
0.9985208801160261,2.0051779311654886e-06,1.912238584830413e-11,0.0014771146858665706,0
0.9852747484873324,0.00014288202631714556,1.2143592585595667e-08,0.014582357342563686,0
0.8835269192138738,3.735833531418732e-08,3.1943585039672e-12,0.11647304342420085,0
0.9801849515648419,3.492002001333256e-07,5.260480145282443e-11,0.01981469918158183,0
0.9992914214433958,1.0712155280008601e-08,4.69620329626542e-12,0.0007085678391304183,0
0.9990041187364167,5.6109075739092495e-09,7.598293920257908e-14,0.0009958756515770885,0
0.9997194812393019,3.1271537372750293e-09,7.274335692456349e-14,0.0002805156343251435,0
0.9995894297831527,1.9240974626278428e-08,9.420391461663262e-13,0.00041055097311571456,0
0.9898808360215191,7.049056702343903e-11,1.8938423690712166e-16,0.010119163909599648,0
0.9993949898128901,2.7049003887550435e-15,7.141557787187886e-16,0.0006050101869417095,0
0.9982772996087428,7.767294676408166e-23,2.576598136899366e-21,0.0017227003899300771,0
0.9985740059726397,3.691318444514457e-23,6.055526877676356e-21,0.0014259940287348152,0
0.9988770521849722,6.01834270507377e-22,1.385050546842719e-20,0.0011229478149392845,0
0.9991093773080391,7.513025373916263e-22,8.80138207629893e-21,0.0008906226904324103,0
0.9993437537205131,5.447376830336226e-22,1.441314403607425e-20,0.0006562462800722108,0
0.9991808397941178,5.1689671088860654e-23,2.9741843469854688e-21,0.0008191602048190579,0
0.9991002817101565,2.778026195250687e-20,1.5270736853204383e-19,0.0008997182905896143,0
0.9979359792553851,3.519107705535026e-20,4.2039713960123123e-20,0.002064020743550176,0
0.9994258396090913,6.758826809794475e-19,4.0549609326650873e-19,0.000574160390552744,0
0.9994600516437022,4.116229724158603e-20,4.751687137389855e-20,0.0005399483556727912,0
0.9994093065867309,2.735779693997467e-19,2.564283318950807e-19,0.0005906934130397147,0
0.9981592904459831,1.7048139083418526e-20,5.3469343670944095e-20,0.0018407095549907429,0
0.9993011656743642,2.2597340466835673e-19,6.4198388398747025e-19,0.0006988343248691567,0
0.9991339864970765,2.012453517923437e-16,2.8406535035749938e-18,0.0008660135014095466,0
0.9997359780290077,3.822183623021366e-17,8.114621964834907e-19,0.000264021971151151,0
0.999725179714524,1.8158920998306228e-13,3.137227362870416e-17,0.0002748202860048868,0
0.9997061803785087,1.7610919642821978e-12,8.431560233645128e-17,0.00029381961981844674,0
0.9997714288240335,1.6119259811795169e-12,7.526032910795173e-16,0.00022857117532353762,0
0.9981900169563626,3.3612016522960586e-09,1.0479303641175664e-14,0.0018099796835939531,0
0.9998038498147832,2.1317016378897038e-08,3.936278337231522e-13,0.0001961288661021493,0
0.9995911714428731,2.6303774366288346e-08,3.531351400158537e-14,0.00040880225386479485,0
0.9998185423900624,6.886608833689467e-09,8.411769941521968e-14,0.00018145072305458067,0
0.9990694006559663,3.9577378985450355e-07,4.582916056720388e-13,0.000930203568254884,0
0.9996643969612016,6.178838920333393e-07,1.1208154819289968e-12,0.00033498515409115937,0
0.9998005777763581,7.665836548687023e-09,2.5658444714964058e-14,0.00019941455777443997,0
0.999812741585617,5.175493828616588e-08,5.6082013986290534e-14,0.00018720666010496785,0
0.9997889607441103,1.5968255425451311e-06,1.4808495441620757e-12,0.000209442428526506,0
0.9996331226563399,4.128403603741308e-05,3.3086850654838285e-11,0.00032559327480199057,0
0.9995333576747407,9.739255863961972e-05,2.724970268635732e-10,0.000369249494477185,0
0.9990454360452521,0.0001359381128366894,4.142499335702178e-09,0.0008186217011396734,0
0.9911367675017821,7.539897621085943e-06,3.4809454189509775e-11,0.008855692564000069,0
0.999039257403948,2.5080346507019354e-05,1.6675569766548983e-09,0.0009356605805263297,0
0.9952269456698284,0.0013380252779703551,1.778447876273678e-08,0.003435011266151379,0
0.9392163236169085,0.006993165211439318,4.23118227150172e-07,0.053790088054310424,0
0.03757961648866435,0.003429638835032871,1.2465674765460163e-08,0.9589907322116336,3
0.8100292506828067,0.06522667309849976,8.833888331480165e-06,0.12473524233009703,0
0.9035270152048611,0.08001929189780563,4.31851339644243e-06,0.016449374382547195,0
0.914465064247267,0.0775034057058242,1.5068114599839908e-06,0.008030023233680286,0
0.9225322715158494,0.0652553640977943,1.0543829673802112e-06,0.012211310002975002,0
0.9750108075572579,0.013985857396206699,7.534910098466209e-08,0.011003259697626715,0
0.9921930752555377,0.004521071877850004,1.792769180137212e-08,0.003285834938437867,0
0.9969993208101877,0.002015752968481553,6.125666464099311e-08,0.0009848649651031213,0
0.9926702616091093,0.0010683498721359235,1.2321270759848455e-07,0.0062612653042433165,0
0.9673949358648084,5.795585208337342e-06,5.121489029585215e-10,0.03259926803727281,0
0.983830638256743,6.5669169874104955e-06,7.708895602056458e-10,0.016162794054410873,0
0.9980246986003787,2.569541736599121e-06,1.8437211391964462e-10,0.0019727316751425653,0
0.9988133088290106,1.0918551014860696e-06,2.897052403619231e-10,0.0011855990270434717,0
0.9628561278059958,0.0001375041459147892,7.750991655514657e-11,0.03700636797103467,0
0.9727552114462258,0.002514905230206948,1.7114833313354621e-07,0.024729712175363742,0
0.9467689263925192,0.04501704889491308,1.7734861274313458e-06,0.008212251225861887,0
0.8844658628424679,0.11370411056878811,1.4680212679757903e-06,0.0018285585671575348,0
0.8312265538896506,0.16563490099012332,1.1656740545738233e-06,0.003137379447193813,0
0.7138311982134207,0.28330133346900194,1.688675189353801e-06,0.002865779642441347,0
0.5964924454067262,0.391395007381741,1.570006310107931e-06,0.012110977205983003,0
0.24481293601117915,0.7501796420500657,6.692161463929544e-06,0.005000729778009421,1
0.0044020939783448836,0.9917807946255859,3.721420454548527e-05,0.003779897189776064,1
0.00017245727308389306,0.9996138245069495,6.880430243927951e-05,0.00014491391765628008,1
2.5515711561656103e-05,0.9999057593184775,2.7443390973074043e-05,4.1281578470816685e-05,1
8.450593337858853e-06,0.9999155525590441,4.316809453614328e-05,3.282875190791013e-05,1
8.538999750855925e-06,0.9999147713402741,4.203248015478739e-05,3.4657180848142394e-05,1
2.296662963024468e-06,0.9996785010005863,4.438612974624293e-05,0.00027481620812514764,1
1.7836614622758544e-06,0.9995843509790572,0.0001842428000687174,0.00022962255881125185,1
3.3249430912719754e-06,0.9994621720641556,0.00045709032946454023,7.741266304589527e-05,1
4.181568886218507e-06,0.9988360428847254,0.0011047217927532967,5.505375278244982e-05,1
3.6271679278121686e-06,0.9981865390164847,0.0017203847597245451,8.944905425411847e-05,1
3.80791491739827e-06,0.9981155886328058,0.001824595622156108,5.600782896436026e-05,1
1.9246869849602687e-06,0.9966756684233535,0.003169006974030408,0.00015339991495589748,1
3.936322372183143e-06,0.9964117239573546,0.003470802450574669,0.00011353726852181522,1
3.4017161766632567e-06,0.9976630122690641,0.002248373592186598,8.521242147884932e-05,1
4.279015065448076e-06,0.9989721899771064,0.0009530911633095606,7.043984568263585e-05,1
2.429773280996091e-05,0.999888630390371,4.6647901939509776e-05,4.042397467979608e-05,1
1.768125619577796e-05,0.9999221265261851,2.5326292070313702e-05,3.4865924434167574e-05,1
9.544659917383709e-06,0.999920589299087,3.5089890702422675e-05,3.477615099753294e-05,1
2.078773926937272e-05,0.9999149933181211,3.0189069747599452e-05,3.402987267950555e-05,1
9.438922240332577e-05,0.9994431375092081,5.3713407293237994e-05,0.0004087598607067813,1
0.000471175217448582,0.968750034985324,0.00012743426563500504,0.030651355532997696,1
6.709367812960919e-05,0.5935808905211506,1.5985544713434295e-05,0.4063360302547218,1
0.0074377254127474405,0.5477290525435402,0.0001804918908139664,0.4446527301526994,1
0.00043466208011345915,0.04024150784949775,2.627025165295136e-07,0.9593235673680981,3
0.8570125178289574,0.033364566520005724,1.7471378334351088e-06,0.10962116851270036,0
0.928398625986515,0.03132778918066022,7.939598707992467e-07,0.04027279087312042,0
0.9584108642662602,0.03840801947762726,9.752962726667943e-07,0.0031801409603223175,0
0.9461603582226641,0.05171974611583657,5.738996831849667e-07,0.0021193217610510724,0
0.8975908785122233,0.07730915349105112,2.109826089662286e-06,0.025097858170899493,0
0.711261911206132,0.0842945936918502,1.2422210404282983e-05,0.20443107289009338,0
0.12268384617805447,0.006762682897992321,5.4119093260174094e-08,0.8705534168056481,3
0.8983723326872057,0.0013625012954049719,1.4534480514622408e-07,0.10026502067126761,0
0.9883228804822939,0.0012525356202077126,6.967111705058138e-08,0.010424514226580627,0
0.9895580345131019,0.005826082376967146,1.0966928949401813e-07,0.004615773440280318,0
0.9732233171774396,0.023805017078232342,3.0633263021399824e-07,0.0029713594105161343,0
0.8783804250202157,0.1142962979062643,4.356897928260147e-07,0.00732284138364284,0
0.5532763325188697,0.4151089675153812,3.057137550972424e-06,0.0316116428278682,0
0.019097017029034814,0.5602647267921537,3.0302141231469775e-06,0.42063522596503067,3
0.018254762905530766,0.9214269241329636,5.146098294895965e-05,0.060266851978203285,1
0.009455336417798669,0.981659854739809,1.9685254043660354e-05,0.00886512358729486,1
0.003354529958031227,0.9961176336435975,1.2469754072398272e-05,0.000515366645450515,1
0.00037659113608013253,0.9994823760402451,1.0352282967553696e-05,0.0001306805400565715,1
4.7313613960468144e-05,0.9998875694634792,1.7876363498829814e-05,4.724056084884048e-05,1
6.883371320950676e-06,0.9998198332534671,1.2182210207238598e-05,0.000161101165279251,1
4.450732517913479e-06,0.9998697823419388,5.332347653933285e-05,7.244344805160234e-05,1
7.93114373441836e-06,0.9999107263881274,5.1381161542727696e-05,2.9961305416493904e-05,1
4.931315039224539e-06,0.9998004800833762,0.00014056167012445843,5.402693114834564e-05,1
5.2872890244153775e-06,0.9990891917868097,0.0008582829245591357,4.723799889752216e-05,1
7.5460220380589475e-06,0.9929803504213538,0.006920904865252064,9.11986897798357e-05,1
1.3139958398404379e-05,0.9448782541452962,0.05315306665809795,0.001955539236450824,1
6.871821619595278e-08,0.7917606961582838,0.16858584545698493,0.0396533896655321,1
4.598483863127195e-07,0.43098832467811393,0.5670717764256376,0.0019394390463122254,1
6.866582861638122e-08,0.03195532487856267,0.9677432982997921,0.0003013081562055081,2
1.3105790951696324e-08,0.0015959644219017547,0.9982595014676402,0.0001445210050592367,2
6.395567907768129e-08,0.0083817717198762,0.9915411871996116,7.697712541343917e-05,2
1.1143731197100035e-07,0.08553342870158405,0.9137397510516021,0.0007267088078166156,2
2.1956322422247874e-06,0.9411411170152758,0.05805322233531749,0.0008034650176467331,1
7.654516215707636e-06,0.9970296201757285,0.0027178600671984667,0.00024486523925078735,1
2.3681626599445593e-06,0.9996215335496956,0.0001494176486222193,0.00022668063804081586,1
1.1693374175888417e-05,0.9998578160112399,5.4039355958057e-05,7.645125707552145e-05,1
3.5292414251040136e-07,0.99670778210935,2.0447960578432866e-05,0.0032714170055672728,1
9.240443475938623e-06,0.9997503766735272,2.94844051965655e-05,0.00021089847793066165,1
4.022264429125258e-05,0.9998726361542579,1.0713928266765137e-05,7.64272728301287e-05,1
2.070147269290199e-05,0.9998395369628629,8.662737703583901e-06,0.00013109882803029804,1
5.1875970941201944e-05,0.999870787377822,1.127343302313283e-05,6.606321849057629e-05,1
5.545614375524703e-05,0.9998770748278002,1.1065563794220716e-05,5.640346308717324e-05,1
6.830402338141065e-05,0.9998610383926906,1.0383051609355026e-05,6.02745326225219e-05,1
8.674952642480135e-05,0.9997325192051278,7.259385860040161e-06,0.00017347188413083017,1
3.2225742347640096e-05,0.9998955676129501,1.1968680228040893e-05,6.0237964603292234e-05,1
2.9808425997428505e-05,0.9998850388457563,1.1486348859902198e-05,7.36663787852638e-05,1
2.2845872515444994e-05,0.9998937469199766,1.2534106781042357e-05,7.087310040286176e-05,1
8.968024442436246e-06,0.9999099199896692,2.4062740441262158e-05,5.704924451331936e-05,1
1.0554678027430734e-05,0.9999257973860227,2.913904692551175e-05,3.450888905884426e-05,1
4.110816880378993e-06,0.9998481697498278,1.8383871886467016e-05,0.0001293355601811582,1
6.5533716256677225e-06,0.9998974904095556,2.1582349646169518e-05,7.437386976641713e-05,1
1.005866773795899e-05,0.9999241431502003,3.314434900147866e-05,3.26538347467816e-05,1
7.178341609955361e-06,0.9998501459000982,0.00010827535970075656,3.440039806630541e-05,1
8.314025435763366e-06,0.9991885279259575,0.0007703281529268487,3.282989463216664e-05,1
3.022912109228017e-06,0.9918356716471997,0.007991971596258375,0.0001693338426711847,1
1.247596423538498e-05,0.958960415151396,0.039782666430064596,0.0012444424540509552,1
2.0520451088571793e-07,0.8195339194899911,0.1526846597055551,0.027781215600040616,1
2.1813219850847537e-07,0.20301442287828925,0.7931733301438677,0.0038120288445505656,2
2.575091299446341e-08,0.03735309267121246,0.9619883697695549,0.000658511808190438,2
7.00944268941339e-08,0.006331355814285239,0.9936295775040034,3.899658552117301e-05,2
3.633636082722598e-09,0.007136468562486415,0.9925911105537911,0.00027241724995022334,2
9.857672951776363e-09,0.005638855550928777,0.9942896481123781,7.148647889352362e-05,2
1.918536660490878e-10,0.0012676922397305331,0.9986983468596407,3.396070982656805e-05,2
6.819907956799009e-13,4.2051651408452146e-07,0.9999929816395522,6.597843753741761e-06,2
1.2835358447334965e-13,1.0447948638326997e-06,0.9999940637748048,4.8914285635625026e-06,2
1.0481020946472671e-13,2.4598217084363174e-06,0.9999910063529275,6.5338242629500315e-06,2
4.43462337555358e-13,1.341856945947604e-06,0.9999943924315512,4.265712227998043e-06,2
1.9411076382443138e-13,3.3335810433260748e-06,0.9999811888251672,1.5477595204071327e-05,2
2.732570048006936e-13,2.2455228447610064e-06,0.9999897037507994,8.050726286168538e-06,2
1.3475476028380548e-13,9.86620437124287e-07,0.9999948128231992,4.200557403043029e-06,2
1.0045149247666665e-13,2.0222132141731676e-06,0.999994057724882,3.92006052458567e-06,2
1.1042915275050557e-13,1.6451033214842953e-06,0.9999944531854584,3.901710320563906e-06,2
5.618891269950149e-13,2.595676967637134e-07,0.9999940100349023,5.730395191026262e-06,2
1.6485924552742236e-14,1.5115978909764996e-08,0.9999102962501812,8.968863360855393e-05,2
1.4206686729490201e-13,1.444369024054436e-07,0.9999552322313573,4.462333236507979e-05,2
1.4215713237477982e-13,2.079197577676509e-08,0.9999965477205043,3.431487505923694e-06,2
3.459267069707677e-16,3.189365328415875e-12,0.9999927438047471,7.256193742836935e-06,2
1.9585710172447223e-15,1.105245077270718e-12,0.9999937415828143,6.258415206015941e-06,2
4.89555938497175e-16,5.984846495657466e-13,0.999984614090993,1.5385910154424466e-05,2
3.800787027025715e-15,6.942403607669927e-14,0.9999928504877073,7.149511380861247e-06,2
1.70233349676078e-16,6.692665904002918e-14,0.9999670192173654,3.29807820916422e-05,2
6.260973740103001e-15,2.109718177357389e-12,0.9999881110722588,1.1888926943527474e-05,2
5.024788745291047e-16,5.474137933855525e-12,0.9999866680388687,1.3331957263262998e-05,2
6.1127905348432435e-15,4.972437119200213e-10,0.9999967437486968,3.255753418959689e-06,2
2.0328751612160734e-15,2.4220195946886902e-11,0.9999956340820781,4.365895497440645e-06,2
2.521417137571342e-16,4.3694194763829655e-12,0.999986850968573,1.3149027912792677e-05,2
1.2240323282584367e-14,4.3521558983459e-09,0.9999969326828908,3.0629652447377884e-06,2
2.0115881329143385e-15,1.3255482615343524e-09,0.9999964734987197,3.525174815785704e-06,2
2.8192468215187178e-15,6.311714293557224e-10,0.9999966848609273,3.314506259509595e-06,2
2.278901364339882e-15,9.976287162869716e-10,0.9999939626250476,6.036377624140642e-06,2
8.088373547067127e-15,5.887458662204606e-10,0.9999946104289567,5.388983872414466e-06,2
8.082748679276103e-15,8.287995529447731e-10,0.9999817987355788,1.8200435299337193e-05,2
2.4879323104589586e-14,7.813008928148124e-09,0.9999691606416171,3.083154490701232e-05,2
1.0127723031749938e-14,3.2517669474986836e-10,0.99999380000839,6.199665017300788e-06,2
6.218514117270987e-15,9.62883483004605e-11,0.999995324233186,4.675668918327535e-06,2
2.6938555071197943e-15,4.664977324728715e-10,0.9999869922949253,1.3007237720808314e-05,2
6.914856422718839e-14,3.440269387172908e-08,0.9999929205874222,7.045009865957041e-06,2
1.4826725554559597e-13,1.4501565915439214e-06,0.9999892425508912,9.307292254924115e-06,2
4.0299636980016367e-13,1.1879277527598908e-05,0.9999811308296017,6.989891505970422e-06,2
1.2644390246681053e-13,1.0599466652584621e-06,0.9999953751610144,3.5648910762820096e-06,2
3.3688186619615154e-13,1.8089929744839211e-07,0.999995952480282,3.8666205241219625e-06,2
2.4235480332449056e-12,1.74601421380516e-05,0.9999099572064782,7.258264984826768e-05,2
1.7412192293603805e-10,7.520262262628938e-06,0.9999199623616156,7.251720133327119e-05,2
6.557872428669826e-12,6.404658898546659e-05,0.9994607706221933,0.0004751827817457484,2
1.0710307212586132e-10,2.135152153205026e-05,0.9999645744919158,1.4073879923976688e-05,2
1.850449668468238e-11,2.446757707172398e-05,0.9999684210526943,7.111352379344287e-06,2
1.1543527053801535e-11,4.06116816394066e-05,0.9999227560768804,3.663223012190475e-05,2
3.426479811966897e-10,0.000516806100718112,0.999458327018071,2.4866539220263196e-05,2
5.487618732170587e-10,0.0003367338303995526,0.999644564982501,1.870063971683243e-05,2
7.263088044927975e-11,0.0001259855273978774,0.9998175254835755,5.6488915414104e-05,2
2.90936502941954e-12,7.980597640290575e-06,0.9999523345369042,3.9684863193615735e-05,2
5.010102280508356e-12,1.2191645233240768e-06,0.9999916751058667,7.105724402825744e-06,2
7.662578514418776e-12,2.959932003039586e-05,0.9999387768554873,3.162381775708314e-05,2
4.937900528452569e-10,0.0003260616416309727,0.9996500873741511,2.3850491851300747e-05,2
1.8866103368811406e-09,0.0016010959402492514,0.9983628189790659,3.6083193437241675e-05,2
8.059811691657741e-09,0.0037446507078953695,0.9962209641529012,3.437708021937344e-05,2
2.0588491742281375e-08,0.007428656527848938,0.9925487974200561,2.252546500451835e-05,2
3.573187707594782e-08,0.01238975685499885,0.9875808595980411,2.9347816614719305e-05,2
1.8170943138334202e-07,0.015820031044669877,0.9840827263975274,9.706084925272204e-05,2
1.482363308277434e-06,0.019579277243594085,0.977723801388781,0.0026954390034964882,2
2.0307510181657666e-06,0.01872093811301673,0.9346277733426739,0.04664925779230491,2
2.4673702062058055e-10,0.00519313247677486,0.6648450173401411,0.32996184993696975,2
0.00018191884356337783,0.035407067147446125,0.9143196014825679,0.05009141252788585,2
5.9954593676017474e-05,0.03170803295755379,0.9175689707193018,0.05066304172782585,2
6.537533847493985e-06,0.021226282700710697,0.8016899698671631,0.17707720989712217,2
2.8180045316776046e-15,2.4615032575974867e-07,5.511728053215667e-06,0.999994242122035,3
1.839450569618696e-05,0.004303363184350279,0.012934184753299856,0.9827440575565869,3
0.0007316216555280304,0.011823812372233395,0.040491371319089864,0.946953194652727,3
5.552437312455156e-11,1.1519376060928538e-06,4.544207559683237e-06,0.9999943037999744,3
5.0530594627859e-06,0.0007051135818025842,0.00022032770148676902,0.9990695056557378,3
7.337533883153662e-37,4.426325511691601e-24,5.014693824407225e-27,1.0,3
3.502352595972489e-64,9.0651668986112e-42,3.4347517509881554e-48,1.0,3
3.7878478121349114e-76,6.03460742161248e-51,1.1873310529210706e-55,1.0,3
0.00010571656057883643,0.002099710682269173,0.012874952237123137,0.9849196205205704,3
5.517729877195054e-28,1.1722947461792591e-17,1.5723664155983774e-18,1.0,3
3.895516649292815e-30,6.792241278449741e-21,1.3080991235742081e-22,1.0,3
7.104296072643304e-11,1.5933143666444095e-07,5.225880047805228e-07,0.9999993180101735,3
5.1128291299473044e-23,2.5048952553764253e-15,5.470360079037416e-17,1.0,3
1.937875760879947e-23,2.852391928739436e-13,5.3652231430641446e-14,1.0,3
1.83733815955955e-21,1.1457999668057599e-11,9.371377106703613e-14,0.9999999999890861,3
1.7548987464888983e-16,1.5794480577307384e-09,2.7067565535073143e-11,0.9999999983920134,3
1.2298699244617052e-05,0.0007531736407281731,0.0001620819861096661,0.999072445675629,3
2.7620259838469547e-24,7.94068969697209e-15,2.0062782899666085e-19,1.0,3
3.081043359140955e-28,5.438233884689731e-19,7.137596871232203e-25,1.0,3
9.776516437943902e-12,4.0713734561921936e-10,1.0576092752971408e-13,0.9999999995816324,3
7.270330946395118e-05,2.3734172069047514e-06,4.721290579651868e-09,0.9999249185523256,3
0.013903607065663135,0.001516625220107202,4.645117784399899e-06,0.9845751225973088,3
0.007089916509930111,0.0013016696823312784,6.47175564044799e-07,0.9916077666335533,3
0.004072456828305968,0.005849821837797605,2.0631864700195374e-05,0.9900570894701345,3
4.773458593185203e-06,1.515069751119102e-07,3.1925323233629746e-11,0.9999950750037303,3
0.008192155182343355,3.31069689543139e-10,5.725433836487356e-12,0.991807844480961,3
0.1903611341856146,2.7561594711687583e-08,2.7064745066875227e-09,0.8096388355461249,3
0.0013365181127842388,1.7111033134733638e-10,4.757275742307628e-13,0.9986634817162675,3
0.3321354672023753,7.03800240089937e-05,4.6304918124039547e-07,0.6677936897255335,3
0.33851228603567596,3.297458481760158e-07,3.3125019384911533e-09,0.6614873809045674,3
0.23485022747022802,2.7198967456553088e-08,2.2537224336863335e-10,0.7651497451038051,3
0.12810914675828383,4.012834266968452e-14,7.505952361716788e-15,0.8718908532426363,3
0.8863123243820741,3.4441723467075624e-17,7.961270870070902e-16,0.11368767561629434,0
0.9873704439092859,1.818656108606756e-17,1.4100078359086327e-16,0.012629556091511793,0
0.9964586236521804,6.879113970084733e-18,1.8613188175620444e-16,0.0035413763466098053,0
0.9911705508824554,1.2514406046123081e-12,1.2871050184846286e-13,0.008829449115521679,0
0.9320296172158099,4.9516171077951285e-11,6.516702773829989e-13,0.06797038273395431,0
0.016799314437965354,2.2547079862361315e-40,9.211522849617429e-28,0.9832006855602762,3
0.009557327466043172,4.3257467564889514e-29,7.73442354068967e-21,0.9904426725337668,3
0.00040103605714189393,4.638734712136123e-41,1.5348065065901033e-26,0.9995989639435983,3
1.419079398622738e-05,6.163944013576577e-52,3.2834248504982733e-31,0.9999858092075647,3
8.001776448176032e-06,2.35395259627287e-44,3.400895204290979e-28,0.9999919982248686,3
0.00010457032960546748,1.8918668456089169e-47,1.7369719126033524e-28,0.9998954296715723,3
0.00023835259831818457,7.044935052264431e-43,8.434017645897307e-27,0.9997616474008009,3
4.4482477985761654e-05,1.0181719428484699e-40,6.316590782921712e-26,0.9999555175234754,3
4.140510782489405e-06,1.0014803608723444e-53,1.2988959212387496e-31,0.9999958594902864,3
0.001340728879968195,1.5693787835202955e-36,1.42153523943947e-23,0.9986592711210482,3
0.0011304516777138084,1.4826105365080108e-35,1.2021433972346513e-23,0.9988695483210991,3
0.0028167248797758755,4.2218690996301506e-33,5.697713686828259e-22,0.9971832751189069,3
0.001887367145163416,2.764702919591979e-35,1.6094124630147336e-23,0.9981126328555641,3
0.004301410589061023,1.5932984662518424e-35,3.449379698051129e-24,0.9956985894113574,3
0.1618114321160465,8.138919735767516e-32,1.5707263908144125e-21,0.8381885678842895,3
0.3197389036845494,7.347084344085222e-31,5.956806131109113e-22,0.6802610963168293,3
0.6765875466103549,3.3036455168958117e-24,9.964295782050969e-19,0.32341245339065317,0
0.8409543841450816,1.0450286088363001e-23,1.7046311197676039e-19,0.15904561585495244,0
0.9800319758571681,2.1063941355886455e-22,1.8928449254758358e-18,0.01996802414387331,0
0.9941502964199316,8.708510594807732e-22,4.0718372216282985e-19,0.005849703580543253,0
0.9952543036228999,4.361246868532136e-22,1.2514538952442557e-18,0.004745696376936933,0
0.974018064496902,3.6152227955983565e-21,1.5969542991515432e-19,0.02598193550264727,0
0.9902077896715545,1.0767838242078659e-20,1.6904469098927582e-17,0.009792210328388498,0
0.964198571414316,1.0456285519637059e-13,2.605425916452761e-15,0.03580142858449567,0
0.9900321009475886,3.0153303720062776e-14,4.404548246651591e-15,0.009967899052784099,0
0.9946889553530514,4.197034846642311e-09,1.0872599423465955e-12,0.005311040448016715,0
0.9979807709838298,8.650560341093047e-09,8.887129610373178e-12,0.002019220357377179,0
0.9922832523715222,6.89103584385041e-08,6.879685886059092e-11,0.007716678648608819,0
0.8075691979681727,2.457654118310991e-08,1.2842519497828496e-11,0.19243077744398462,0
0.020987586567814073,3.5492550700179394e-09,3.001992480405855e-14,0.9790124098834198,3
0.9739661263414533,3.693180477457379e-07,4.6378718300973136e-10,0.02603350387526226,0
0.9937405931881984,8.398784270207303e-05,1.444055983361342e-08,0.0061754045297917875,0
0.9725467365460787,0.012077905737245515,4.969825229762867e-07,0.015374860733823884,0
0.8774237519365589,0.05905969136439757,9.263852681706511e-05,0.06342391817293093,0
0.008332058352096694,0.812717558341152,0.04884462389401405,0.13010575941325236,1
9.044385556280684e-05,0.578795059525574,0.41518781518130293,0.005926681435999689,1
6.604349101517618e-08,0.14218258781516016,0.8567546026157845,0.001062743523814843,2
8.330675804871547e-10,0.0003664528265766956,0.9995578919067288,7.56544326474288e-05,2
2.2063226895876708e-12,2.0130441379057242e-06,0.999983141300846,1.4845652500401063e-05,2
1.4047279206067937e-13,2.524066411389169e-07,0.9999943348936028,5.412700383449094e-06,2
1.5444941847396733e-13,9.059722988486169e-07,0.9999920410362615,7.0529928459939324e-06,2
1.8355247299571438e-14,1.4467121855990456e-07,0.9999869366163855,1.291871225444443e-05,2
5.893511163469453e-14,3.320595121416389e-08,0.9999964783081107,3.4884842974727243e-06,2
1.368533247612943e-14,6.360659695799891e-08,0.9999911693620291,8.767029980795259e-06,2
1.3381394454512808e-14,2.3195737718944777e-08,0.9999948685931266,5.108209687405785e-06,2
7.171637364134918e-16,6.005216540847613e-12,0.9999944321253162,5.5678673915683655e-06,2
1.0130538645240408e-15,2.190112256322869e-12,0.9999958214881178,4.17850892475929e-06,2
3.476639457615193e-16,2.855155764253921e-14,0.9999903671623661,9.632836843322528e-06,2
8.074338190097737e-16,1.470340092416009e-14,0.9999872151837365,1.2784817727518448e-05,2
8.877208544805044e-17,1.3188416707406992e-15,0.9999789842611874,2.101573959847765e-05,2
5.907879290155289e-15,1.4312159743505208e-10,0.9999950598880029,4.9399686023909035e-06,2
1.768560192700856e-15,4.81392143959942e-10,0.9999968267016229,3.1728165122880824e-06,2
2.1448804747960528e-15,1.3176618277942782e-10,0.9999961793146441,3.820552376182027e-06,2
1.7250004665119147e-16,3.227881856504006e-11,0.999989506741743,1.0493225312452736e-05,2
1.4855604860365113e-15,2.896873709652586e-11,0.9999966273701405,3.37260058726433e-06,2
1.4772932606304284e-15,3.746719906868326e-11,0.9999963614712016,3.63849000654654e-06,2
8.156925290533263e-16,5.607089696762813e-13,0.99999075685534,9.243144193808142e-06,2
1.1577099483028318e-16,2.03708591676482e-14,0.9999714157831392,2.8584218421975703e-05,2
2.2656414567218167e-15,5.480169622262157e-15,0.9999909671358694,9.032864990281283e-06,2
3.08017237644924e-16,2.7775708055670164e-16,0.9999815354198621,1.8464580829739633e-05,2
3.847015993306613e-15,4.324561564349691e-17,0.9999758965526782,2.4103445789337634e-05,2
2.3200960182989716e-15,1.9736329437807965e-19,0.9998180725686323,0.00018192743070196663,2
1.1613695114373518e-14,5.627301576906186e-20,0.9998300808571288,0.00016991914344709124,2
2.2859838347623417e-15,1.267112323443974e-19,0.9998545161697712,0.00014548382943113894,2
3.080285724142318e-15,6.857931520665404e-16,0.9999526917621828,4.730823651016195e-05,2
6.367843758778681e-15,1.3885578222122523e-16,0.999978679470499,2.132053057658764e-05,2
1.3659971782075444e-15,5.2308278538507385e-17,0.9999290368328506,7.096316688880047e-05,2
4.253926948625248e-16,5.784794828108895e-17,0.999956910862917,4.308913808781494e-05,2
5.821731582951824e-15,2.6613468311338277e-12,0.9999936156622498,6.384334830276814e-06,2
1.5234447449322377e-15,1.5663852140160217e-12,0.9999920360304425,7.963968842509083e-06,2
2.033012761744474e-15,1.607286418617473e-10,0.9999818601690106,1.813967124997674e-05,2
7.356360366537655e-15,7.675867800413986e-11,0.9999933973158176,6.602607944361857e-06,2
1.4170228013044833e-15,5.2203469395346435e-11,0.9999857009464956,1.4299002627081309e-05,2
3.597323113607313e-15,2.2761542310927078e-10,0.9999955083431735,4.491429880383516e-06,2
3.3555418830817137e-15,1.776939335435953e-09,0.9999956976991379,4.3005254332340504e-06,2
2.1660353991080336e-14,7.276861885686038e-09,0.9999966060698466,3.3866550383616524e-06,2
1.9948296256738984e-15,5.023040853781502e-09,0.9999853369610731,1.4658016925331107e-05,2
2.4321272182313378e-14,8.08608539698109e-09,0.9999951633043209,4.828608892146611e-06,2
6.205748810632705e-14,8.23453469512832e-09,0.9999939511909494,6.04057304563664e-06,2
1.6966287532057514e-15,1.2471448027626491e-08,0.9999533062352148,4.668129291159219e-05,2
2.7241947842723765e-13,8.706600517226835e-08,0.9999962955003361,3.6174339895648162e-06,2
1.4556323789713746e-13,3.39940581046224e-06,0.9999906228188967,5.977773628348735e-06,2
5.224842251080048e-15,2.6444207386577583e-09,0.9999930156325881,6.9817240724164764e-06,2
8.771536450053732e-15,1.8693958464920032e-09,0.9999964117296972,3.5863992323856853e-06,2
3.759943763498186e-15,2.1705700871391806e-09,0.9999942458982353,5.751931342195974e-06,2
2.938326097797613e-13,2.308168998642509e-06,0.9999907861626268,6.9056682678735315e-06,2
3.3486685473798304e-12,5.7380195223628726e-06,0.9999790667033339,1.5195272884506908e-05,2
6.594208986704834e-10,0.0003222071062231649,0.9996559482773579,2.1843958175451238e-05,2
1.0476676679236054e-08,0.030946499717156187,0.968873102609383,0.00018038719685117239,2
2.694010077000177e-07,0.17348369042422176,0.8261815222476873,0.00033451792856930635,2
1.1422825215451916e-06,0.4453123144288353,0.5539806629769048,0.0007058803110365241,2
1.3433990127342969e-05,0.9896118673183072,0.008656033552454154,0.0017186651406392531,1
5.333233047958281e-05,0.9996228854573862,0.00018937580655288406,0.00013440640611891188,1
6.050630227656574e-05,0.9996382685501009,1.2655520488548195e-05,0.0002885696278805779,1
6.508121986992834e-05,0.9997845144344366,9.399001991309393e-06,0.0001410053419948765,1
4.203267593744535e-05,0.999694168893814,7.71687676072615e-06,0.0002560815517044243,1
8.427382480632641e-05,0.9998351612407586,9.598132927422972e-06,7.096679971923753e-05,1
0.00011876647318713876,0.9998069335220877,1.1379603485788542e-05,6.292039965722012e-05,1
0.0003301970603973143,0.9995211538878216,1.3734008378648572e-05,0.00013491504299547398,1
0.002428230183152256,0.9971115291640856,1.0910631264095396e-05,0.00044933002253126045,1
0.009437571382267848,0.983052194397234,4.368987754950815e-05,0.007466544343353681,1
0.014496306626017119,0.8299937129464715,0.0001029840047210876,0.1554069964215891,1
1.9350879090696015e-11,2.0874423301995094e-05,3.304798593060725e-11,0.9999791255245837,3
0.7156104216861683,0.1871489272588775,3.6685889112501924e-05,0.097203965164377,0
0.8068777981286841,0.18395594058318146,4.447686843354494e-06,0.00916181360203041,0
0.8522272012901143,0.1447467803385032,1.3270083865696524e-06,0.003024691362768824,0
0.9046050100266947,0.09012012322499023,7.282276737815002e-07,0.005274138521470686,0
0.9542867101086074,0.04304141034616122,6.355125575351765e-07,0.0026712440343812332,0
0.9807783643492116,0.014537627715320243,1.0068225565997848e-07,0.0046839072528499955,0
0.995059182495896,0.003533106934736715,4.0090108555867686e-08,0.001407670477731848,0
0.9967234084974281,0.0008401366295512975,2.258095842434376e-09,0.0024364526136978312,0
0.9991085586488984,0.00022037027346524313,1.0901677611807066e-09,0.0006710699885538211,0
0.9994659528726391,0.00010688952649711054,4.5814520463160773e-10,0.00042715714216312036,0
0.9992349963232465,0.00011781661428223166,6.104120370293818e-10,0.0006471864535603917,0
0.9975432543816952,0.0011088438570913937,5.388767192485377e-09,0.001347896373106375,0
0.9670060802579633,0.013979188503162368,3.740066396087455e-08,0.019014693839458967,0
0.646108835776518,0.27890634793186647,1.6408525359201894e-06,0.07498317543791949,0
0.3402398394080104,0.652023278263507,2.4455637086775806e-05,0.007712426691858749,1
0.27682472822826154,0.7089393111138707,2.9731123982085358e-05,0.014206229532528465,1
0.19104048957781117,0.6811965737825025,0.0001546148059234619,0.12760832183317902,1
1.2867473290954345e-10,0.0006889491900193122,6.880173701332508e-10,0.9993110499914768,3
0.0030113175374030495,0.05829778401081259,6.102732692119257e-06,0.9386847957196821,3
0.030774527129284465,0.12361942103185375,1.841937087007901e-05,0.845587632468241,3
0.03252034695003501,0.13068595814937337,5.5309535161115276e-06,0.8367881639470954,3
0.41890545424802855,0.13466202140193537,2.7444707823896295e-06,0.44642977987802096,3
0.8635879605601535,0.09837946987732377,1.2319620016257318e-06,0.03803133759927265,0
0.9208123144734377,0.0754828641127158,5.37369766695493e-07,0.003704284044011968,0
0.9424413015870692,0.05638278520068011,4.2234939070059093e-07,0.0011754908613427024,0
0.9599194399357387,0.03894596862794019,1.201538282393488e-07,0.0011344712817168855,0
0.9992529298971677,5.987084383135927e-05,2.0307878856270006e-10,0.0006871990568807132,0
0.9998199881961798,4.167625951815834e-07,1.1985950810441683e-12,0.00017959504084204942,0
0.9997469458815578,7.344754040266417e-07,1.3599169126732293e-12,0.00025231964229719414,0
0.9992135568630992,1.5932543752712344e-06,1.1336298731399158e-12,0.0007848498817717687,0
0.9995317526324288,2.268804525740052e-06,5.2094733253346304e-12,0.0004659785576965808,0
0.9995371388325067,4.057106133107368e-06,8.424167683888216e-11,0.0004588039776023625,0
0.9950981280489349,4.21746056676516e-06,3.140532916222463e-12,0.004897654487000174,0
0.9992520002959323,5.15329852415028e-08,2.0755392701745973e-12,0.0007479481685668602,0
0.9995908949422804,8.177761976578679e-08,5.330674984296048e-13,0.0004090232796316765,0
0.9994550517145121,2.2763515551106225e-07,4.574942309032488e-12,0.0005447206452055118,0
0.9959815945990176,1.513409222118486e-06,1.9010037223400814e-12,0.004016891988752955,0
0.9997262084018353,5.517593689437158e-07,5.903626793582349e-12,0.00027323983317096163,0
0.9997927106502662,1.0040346628150553e-06,7.706675777688073e-13,0.000206285313496251,0
0.999741951620281,2.042169013652e-06,1.347926908700737e-12,0.0002560062078220296,0
0.9997205965168193,1.389160343659833e-05,2.499218287457244e-11,0.0002655118543906694,0
0.9992021374022578,0.00027351091943942247,5.532708347875944e-10,0.0005243511267445817,0
0.9981330805826838,0.0009135690975799764,2.780229170460763e-09,0.0009533475381265064,0
0.9980599284334141,0.0013013018620499923,9.715851179436635e-09,0.0006387599882755519,0
0.997864849005406,0.0010288959027527455,3.78879260205697e-09,0.001106251301238067,0
0.9986347949561988,0.0007625124146771246,5.142472192193426e-09,0.0006026874880267987,0
0.9988727122317037,0.0004082936214790385,5.4522591054356524e-09,0.0007189886947211664,0
0.998523064330453,1.6105561393208475e-06,6.339465052933457e-12,0.0014753251078488115,0
0.9996028112726311,1.2134559809672714e-07,4.337409194064076e-13,0.00039706738254013366,0
0.9998078891587313,1.705699838759379e-07,2.951937257126955e-13,0.00019194027026329236,0
0.999695998482857,2.63140909815017e-07,3.120322867917444e-13,0.0003037383741042805,0
0.9996074409473146,4.4640203470367886e-07,8.136304725168209e-13,0.0003921126509021457,0
0.9995559061013567,8.139461671376428e-07,2.5797553415997867e-11,0.00044327992754785545,0
0.992612777098079,1.7461054563721886e-05,4.720628989166934e-10,0.0073697613746346365,0
0.8929404103556311,3.1627228464443484e-05,5.5005464572656903e-11,0.10702796235930509,0
0.9695699499021075,0.0001339289381602102,1.0817196950786658e-08,0.030296110343579315,0
0.9969843998581351,6.745125937528105e-05,8.021942706641693e-09,0.0029481408614419275,0
0.9970582525807833,9.168543882735228e-05,4.1559911251538475e-09,0.0028500578262023236,0
0.9931279170190698,0.0002657314604776002,5.660688433056919e-09,0.006606345859439856,0
0.9872596793184093,0.0008410751738112192,9.009211442885706e-09,0.01189923649823122,0
0.9967320382425008,0.0015781467017610923,4.489896544353599e-08,0.0016897701573515404,0
0.992510920480002,0.005039549865565992,3.378320642352355e-08,0.002449495870890232,0
0.9789610315724804,0.01817081953181742,1.11568116841036e-07,0.002868037325770908,0
0.8803369806789919,0.11164741839110942,3.9441065403867906e-07,0.00801520651754821,0
0.4115495425394682,0.5830066823859582,2.8437997811863406e-06,0.005440931274460772,1
0.2740251735524533,0.722888314319383,6.5729713360084345e-06,0.0030799391558766574,1
0.1943140509243049,0.8035874898858064,5.94795988413122e-06,0.00209251123077434,1
0.1248153803438053,0.870987928008793,6.080788352850723e-06,0.0041906108584068985,1
0.07934323666733357,0.9189228435406274,7.320027581721735e-06,0.0017265997650763977,1
0.023154742118183465,0.9752679089997565,7.568474956388295e-06,0.001569780405480135,1
0.008465967613829256,0.9911355984259741,7.891547714262402e-06,0.0003905424121523049,1
0.0029698564614094127,0.9968652240099121,8.426465412507348e-06,0.00015649306377915268,1
0.0004805287126272971,0.9993840971219781,1.007830524380576e-05,0.00012529586162857552,1
5.1937134332754455e-05,0.9998535534828393,1.3177502614791271e-05,8.133187972245818e-05,1
1.552250992555505e-05,0.9999104860447167,1.4903832566214465e-05,5.9087611031771925e-05,1
2.850439270568794e-05,0.9999180309114067,1.5977103820331353e-05,3.748759095412921e-05,1
2.906631314130963e-05,0.9999167021585065,1.5476300358629463e-05,3.875522864624845e-05,1
1.857192164372001e-05,0.9998889009785985,1.4795486544228177e-05,7.773161142411462e-05,1
6.330093900082909e-06,0.9998458919523291,0.0001104874776936322,3.7290476281456715e-05,1
7.07746477499608e-06,0.9994840049615417,0.0004658135770327789,4.3103995823159085e-05,1
3.140200739043222e-05,0.9959820361200168,0.0033978078770337972,0.0005887539954736893,1
0.00037467453370744214,0.9593229006005678,0.008956129830747221,0.031346295035384275,1
3.768515313024518e-11,0.02620784072043709,4.243640641596736e-05,0.9737497228351671,3
0.0005036510205826201,0.1031740971358351,0.008639865808350917,0.8876823860359323,3
1.9890358045012997e-06,0.09107687858907566,0.004213864672894001,0.9047072677009017,3
3.72007432252662e-07,0.10147109410823237,0.001662104236477294,0.8968664296483325,3
1.8478082211362004e-05,0.5241359741621316,0.0025243851666935583,0.4733211625890645,1
3.974756601545472e-05,0.9195034674172479,0.0018745892858620368,0.07858219573021183,1
5.479362833583651e-05,0.9971278338926868,0.0008996657731188825,0.0019177067045737359,1
6.491127577100791e-06,0.9997003333573867,0.00015669145649293583,0.00013648405944013565,1
1.3955215089207234e-06,0.999817444636979,4.7396171472211096e-05,0.000133763670794821,1
2.9908140683153567e-06,0.9998784786977345,4.410318731881527e-05,7.442730248928942e-05,1
4.3802776163851e-06,0.9998090064480871,4.2406344802431236e-05,0.0001442069276943307,1
1.4437841327605726e-07,0.9972876250991806,3.584284327069483e-05,0.00267638767841162,1
1.1552510853570877e-05,0.9998704419636897,5.8872431828712696e-05,5.913309412910415e-05,1
1.6976285036116503e-05,0.9999113776630043,2.3962671222678285e-05,4.768337919289156e-05,1
1.2884551608793424e-05,0.99936543757174,4.934599102107175e-06,0.0006167432785937971,1
9.04881710289947e-06,0.9993821810316298,7.853849858410158e-06,0.0006009163002112422,1
2.4551517011338197e-05,0.999906167497692,1.43807826595756e-05,5.490020407198462e-05,1
1.21521013935341e-05,0.9998695269963899,2.1808473015163956e-05,9.65124305714125e-05,1
1.116103061081213e-06,0.9983556993281711,9.775921845462977e-06,0.0016334086455773238,1
1.0724619294074233e-05,0.9998668196566421,3.460898556484137e-05,8.784673843748472e-05,1
9.580628795014612e-06,0.9999237719154188,3.451152512139801e-05,3.213593036420657e-05,1
4.847758380278251e-06,0.9998877942107538,3.47534410234279e-05,7.260458917708251e-05,1
3.432184917642912e-06,0.9998456336083748,3.435631390254133e-05,0.00011657789392419634,1
2.983672760831873e-06,0.9998619591612726,5.56634426973484e-05,7.939372475488487e-05,1
6.309871813809101e-06,0.9998690701077857,3.504104354451608e-05,8.95789774324926e-05,1
1.1310843917980072e-06,0.9996773004942269,9.256379922342473e-05,0.00022900462359371867,1
3.6194549437967636e-06,0.999845758673699,0.00010149940866336466,4.9122462638939794e-05,1
5.12073852683425e-06,0.9998219403243764,0.00012648230401175829,4.6456631665085727e-05,1
2.528539222042913e-06,0.9997223227624792,0.0002141250568813581,6.10236414588072e-05,1
3.345974961688478e-06,0.9997812357123157,0.00015538469481329617,6.003361891738722e-05,1
4.706302835088133e-06,0.9998357966838193,0.000117905963948656,4.159104837289578e-05,1
4.101226845130138e-06,0.9998612064803444,9.416008389951259e-05,4.053220867623243e-05,1
5.597785409163928e-06,0.9998833278805879,8.049439052610115e-05,3.057994398502555e-05,1
6.4655857683189e-06,0.9999072825505955,4.905664455126727e-05,3.719521799136976e-05,1
5.69009365401587e-06,0.9998901175116104,4.277219490952175e-05,6.142020064297145e-05,1
5.099911583752095e-06,0.9998995631231715,4.220490520870326e-05,5.313206061430241e-05,1
9.84470210024897e-06,0.999919741677682,3.9812284489099586e-05,3.0601334211610807e-05,1
1.1731786970716266e-05,0.999928675890998,2.2337155702722518e-05,3.725516655012694e-05,1
1.1086565416422375e-05,0.9999193775962244,2.109398716092396e-05,4.8441850039643586e-05,1
1.0007886443232251e-05,0.999924793582593,2.501685107560521e-05,4.018168066482351e-05,1
7.079718778331354e-06,0.9999167122494191,3.2879340904694164e-05,4.332869056700491e-05,1
9.375089899816287e-06,0.9999225640137307,3.8056473501672526e-05,3.0004421331157954e-05,1
1.6680526543406745e-06,0.9997789988036594,4.956020117578734e-05,0.00016977294180128036,1
8.852500226321957e-06,0.9999236768804719,2.8973797879017117e-05,3.8496820051835105e-05,1
8.723061202739707e-06,0.9999095718083173,4.321125591226658e-05,3.849387624079676e-05,1
1.1575323416419287e-05,0.9999297932062017,2.7867941895841405e-05,3.076352761714577e-05,1
7.850502377335491e-06,0.999911688777254,2.3521632400592258e-05,5.6939087340572754e-05,1
1.1402774754566324e-05,0.999903076874753,2.094527053808525e-05,6.457508096764066e-05,1
1.037291706645005e-06,0.9996404097103717,2.7059168262857142e-05,0.00033149382922138853,1
1.1291319283645594e-05,0.9999222990293585,2.52047958047422e-05,4.1204855954374484e-05,1
2.515872457813065e-05,0.999897517986246,1.3184746102124508e-05,6.413854481824233e-05,1
8.620479057948041e-05,0.9997163362936797,1.0804029078490341e-05,0.0001866548867768688,1
0.0001823034549810564,0.9996524281353272,6.675182637061189e-06,0.00015859322675373233,1
0.00019703180253820618,0.9995764557501421,7.3583332755931975e-06,0.00021915411390432344,1
4.711579095040981e-05,0.9998515768929788,9.721636921518745e-06,9.158567880579505e-05,1
2.575309824219051e-05,0.9999092123139997,1.8464655317186052e-05,4.656993217528368e-05,1
2.9800244541061655e-05,0.9999016003342664,1.5036489736600824e-05,5.356293232373462e-05,1
3.66476818707448e-05,0.9998893316093264,1.2875340570194968e-05,6.114536905748719e-05,1
3.778998805281325e-05,0.9998908000599024,1.3233914680449134e-05,5.8176038590897886e-05,1
2.4490130132955997e-05,0.9999074730575368,1.4196993852773951e-05,5.3839818518246004e-05,1
1.7447807491257705e-05,0.9999272874981755,1.9291747418990867e-05,3.597294628606466e-05,1
1.8189583954363795e-05,0.9999227623082567,2.105537920902221e-05,3.799272747904034e-05,1
4.372814502578044e-06,0.9998544170820132,1.7677541854214486e-05,0.00012353256256955266,1
4.31334830215384e-06,0.9998442330545897,1.306139015951449e-05,0.00013839220527136022,1
1.8833552519214257e-05,0.9999240081514192,1.8508494984225838e-05,3.8649799481001775e-05,1
2.4623395069163156e-05,0.9998842379243509,1.635458773410681e-05,7.478409303013486e-05,1
2.1280669026315572e-05,0.9998071004949137,1.5336894556261494e-05,0.00015628194045599761,1
4.700033555193105e-06,0.9998451664659018,1.6849004820973177e-05,0.0001332844954617714,1
6.2839021464963995e-06,0.9998781760765508,4.043036395678325e-05,7.510965912115856e-05,1
4.441521237092621e-06,0.9998785793447429,5.719574483658889e-05,5.9783389040941965e-05,1
1.1161275525533467e-05,0.9998757131551452,4.17850061343205e-05,7.134056437357536e-05,1
3.25355338952496e-05,0.9975046626954183,3.183235180523175e-05,0.0024309694171150732,1
0.0013699134883633697,0.9710690381992971,0.00011400710544200615,0.027447041207117124,1
0.009183485082361156,0.5313658339057027,4.328094399450076e-06,0.4594463529177028,3
0.5315962096744167,0.3913604054762033,5.176493594921511e-06,0.07703820835504689,0
0.7317039009356685,0.24185401273103999,9.994874201974775e-07,0.02644108684431148,0
0.8986634872777057,0.09341552749026444,3.546341635725809e-07,0.007920630597153946,0
0.9706694369017942,0.02728143183680147,1.5422138216799363e-07,0.0020489770398183556,0
0.9904874287429298,0.008176733658974486,2.546089748460665e-08,0.0013358121362547822,0
0.9986020669242712,0.0008879103933655373,3.7757024997170725e-09,0.0005100189054330298,0
0.9995021471098371,0.00017064171876451304,6.507379485672617e-10,0.00032721051895045404,0
0.9995844218356131,2.618677965816081e-05,1.418519039695702e-10,0.0003893912416636548,0
0.9992180039742596,1.7028355025821723e-05,4.4288598522856914e-10,0.0007649672277379762,0
0.9910060560746955,2.5550154006535315e-05,1.9449301545966034e-10,0.008968393576965453,0
0.9917996222145837,2.0746780621715182e-07,7.905562464820597e-12,0.008200170311134947,0
0.9994005368835621,2.1059817677060188e-07,2.5559636026256907e-11,0.0005992524943855345,0
0.9990222830012163,1.8966198200728632e-07,1.688087094511318e-13,0.0009775273354190972,0
0.9997882787308988,5.3647534079869683e-08,1.2534996947872385e-12,0.00021166762152307722,0
0.9991268172093308,1.7891173247931258e-06,4.7104203423124405e-12,0.0008713936695094066,0
0.9985047644947477,1.1195618746501584e-06,1.4335921801269614e-11,0.0014941159303457593,0
0.9973746313284737,9.414213566892806e-07,1.873031826765521e-10,0.002624427062067753,0
0.9770645717391617,5.817515499375578e-06,1.6604753122954368e-09,0.022929609085272768,0
0.07772608191367056,2.6124404394353873e-08,3.392793927323194e-14,0.9222738919605287,3
0.9749272478013745,5.501776205397639e-07,8.270122503237406e-10,0.02507220119329901,0
0.9944793464939553,2.295888953274336e-07,2.948253717743997e-12,0.005520423915387002,0
0.9997699535036234,4.694777023265633e-08,9.095366115170215e-13,0.00022999954827532325,0
0.999836030756617,7.029314472078083e-08,2.243694803515626e-13,0.00016389894846634094,0
0.9993556727871391,9.27403939445935e-10,1.1406779548656535e-14,0.0006443262846330696,0
0.9992918846154046,1.0821285746111288e-09,7.105702838640877e-13,0.0007081143008435514,0
0.9821898739521097,5.518331130143916e-09,7.850777395385353e-15,0.017810120528911327,0
0.9990101640404037,3.779153256305044e-12,4.921863159346153e-15,0.0009898359549426038,0
0.9997531208980426,1.0190638280371987e-12,6.21010596268454e-16,0.00024687910077130485,0
0.9994730172682332,3.3613692417108996e-13,4.192477218126115e-17,0.0005269827307740657,0
0.9998266768462386,2.587406410368896e-12,3.840974479436248e-16,0.00017332315240520648,0
0.9996920018730744,1.1635794210611475e-11,1.8470784549464154e-16,0.0003079981168113239,0
0.9997234508962282,1.0508233416275188e-11,6.752123498416323e-15,0.00027654909244485246,0
0.9941455084444986,3.8394215854679146e-11,4.507408559411646e-16,0.0058544915174753645,0
0.9993896033644334,7.977319664379523e-13,1.8239190834409044e-15,0.000610396633680342,0
0.999774745987864,3.9289167877818427e-13,1.2604694094549348e-15,0.0002252540100504916,0
0.9968321594895851,1.2739075782786295e-12,3.403821375211979e-17,0.0031678405097074615,0
0.9994318220913545,4.95942410707514e-13,1.25093740380866e-15,0.0005681779078893565,0
0.9991663610629965,8.127365019119247e-15,3.825667981817865e-17,0.0008336389360203532,0
0.9987682148086938,1.1242765357732788e-15,2.984884580770682e-17,0.0012317851920545778,0
0.9992240839505391,1.9671244228351293e-15,2.3923530380828002e-17,0.0007759160484143435,0
0.9996090924408976,2.083094474853387e-16,7.712580244849867e-18,0.0003909075582844876,0
0.9985542503236613,1.9246170665085244e-17,6.359250905217042e-19,0.001445749676777118,0
0.9996679283539063,1.6743994554508187e-17,8.387418878033578e-18,0.0003320716454550435,0
0.9980489925118733,2.529434362211775e-19,8.754825244928795e-20,0.0019510074883857633,0
0.9989397933782901,5.745326466487138e-19,8.234856203944488e-19,0.0010602066219091708,0
0.9986782968181623,5.024755655922953e-19,6.646753021170275e-19,0.0013217031822202784,0
0.9982733838685941,1.6440856328831905e-18,5.172165121500191e-18,0.0017266161311931412,0
0.9923755730594119,3.615899392634011e-18,3.1663663785017355e-19,0.007624426939047849,0
0.9989092616615787,1.5669332876479694e-18,4.283336235156033e-18,0.0010907383385887486,0
0.9994984632388416,5.663444125614844e-18,6.608256925564985e-19,0.0005015367598636236,0
0.9994046090510323,2.150208979823654e-18,1.8185449510648088e-19,0.0005953909488351856,0
0.9992628579351103,5.089660191262833e-19,2.9927375407235804e-19,0.0007371420664179339,0
0.9983758096286487,9.181721809585522e-20,2.972955416787392e-20,0.0016241903695421549,0
0.9993437164629732,2.8667984654397806e-20,6.366640769493539e-19,0.0006562835379697018,0
0.9964730132639563,1.7569897687504433e-19,5.62049211915433e-20,0.003526986736423082,0
0.9992861042982074,3.451526424026993e-19,3.388021827590722e-19,0.0007138957023649692,0
0.9996352480661593,2.44019370722068e-18,4.494492264767831e-19,0.00036475193384387193,0
0.9994755662597856,8.266004170548412e-19,1.36430790010057e-19,0.0005244337403344823,0
0.9994211790452283,5.567998681846575e-18,1.6452495333367097e-18,0.000578820955982103,0
0.9982658708518937,8.903432867840604e-16,2.1947804672928758e-18,0.0017341291470730797,0
0.9997581058859575,1.003324611925465e-14,2.9465461748516687e-16,0.00024189411548333927,0
0.997726561791314,6.853192134532645e-14,6.434850952832438e-16,0.0022734382080756613,0
0.9763922503232682,8.919948851954572e-17,1.5611870315590284e-17,0.02360774967664684,0
0.978868252913214,1.0561837794099063e-15,8.620060316637397e-16,0.021131747086537526,0
0.9930022663016079,2.3078817577596642e-15,2.1648543536594821e-16,0.006997733696732075,0
0.9994269521266117,1.6012239186214108e-17,1.452071269438138e-17,0.0005730478742877769,0
0.998963799178069,4.08839818691722e-15,9.90375592749593e-18,0.0010362008228479362,0
0.9994440907147248,1.2033069054783484e-14,8.229110251037166e-17,0.0005559092865748054,0
0.9993656811071436,3.483946933735649e-15,2.4801059598776818e-17,0.0006343188943466426,0
0.9992238968308994,1.7936101351954635e-15,4.2302478365737074e-18,0.0007761031683395092,0
0.9996182819455324,1.7715788480849991e-16,3.1111565704215936e-17,0.0003817180547736969,0
0.994825476640361,1.1303683629777917e-15,1.822276464303075e-17,0.0051745233597019795,0
0.9962198179507179,1.1107274485977238e-14,2.8667773699909065e-15,0.003780182049737775,0
0.9914547995919679,1.8194405217126866e-14,9.761946579856346e-15,0.008545200407685322,0
0.9244269083241078,5.217014052768827e-16,1.3335515437037954e-16,0.07557309167669757,0
0.982823736831423,5.648476915855962e-16,3.8509540624351795e-16,0.01717626316678291,0
0.9948558336878275,2.4599010557847677e-15,1.5967607007579672e-16,0.005144166311173444,0
0.998438060411816,3.140836912236972e-15,2.4308962501187156e-16,0.001561939588269087,0
0.999359532162677,1.0933226961661057e-14,3.726203706653577e-16,0.0006404678376207075,0
0.9979390111271584,1.3378110788661086e-12,6.4550743339231774e-15,0.0020609888706676,0
0.9732360661090406,6.150360129240075e-10,1.9425511590170348e-12,0.02676393327561971,0
0.16776883434290338,4.756852481180618e-12,4.816172329037335e-15,0.8322311656528786,3
0.6630279415953807,1.2316552760486583e-10,8.222187570584585e-12,0.33697205827486904,0
0.9039072745475674,3.526467279134486e-11,1.9222741252831866e-12,0.09609272541636775,0
0.9832472734479553,1.1756082090005963e-12,1.0389178332917897e-12,0.016752726551072964,0
0.9685253014919775,6.176697243541872e-12,3.9026750616170164e-15,0.03147469850259004,0
0.9971516245697448,8.781726289274216e-11,2.6633184271577534e-12,0.0028483753399982893,0
0.9835550389011143,6.228074744515067e-10,4.5369963056430534e-14,0.01644496047772424,0
0.9967873559767253,4.315997159481227e-11,1.6984285408137138e-13,0.0032126439811794943,0
0.9988390328139988,3.655378357645282e-10,2.797401931044568e-13,0.0011609668186127295,0
0.9981545916430518,1.6025703670837143e-09,2.6075903795369677e-12,0.0018454067505315444,0
0.9645729527565868,1.0293897829800834e-07,1.0226382489409594e-12,0.03542694430214576,0
0.9960157576825829,4.432588404239774e-06,1.4009545470296044e-09,0.003979808326758503,0
0.9976479206262969,2.817294647818877e-05,4.367719231453793e-10,0.0023239059890646317,0
0.9988575891353735,2.1962075192642935e-05,2.1050237738121465e-09,0.0011204466856967197,0
0.9781752512735907,0.00030614026193027054,4.846571529094171e-10,0.02151860798104714,0
0.9908307381682648,0.0006616015672403233,8.678325960479659e-08,0.00850757347993686,0
0.9759185597655163,0.002088810346263269,4.4732889751829636e-08,0.021992585154209373,0
0.9831665047620869,0.004352717906685936,2.2471961706931313e-07,0.012480552611283042,0
0.9839586394889092,0.00489588163252683,4.3337671456404503e-07,0.011145045503433438,0
0.9408469061805029,0.005482103799170143,6.97341967527631e-07,0.053670292677178884,0
0.1914707618321021,0.00350591993203205,7.395480899772642e-09,0.8050233108401889,3
0.9295033630982605,0.002250810849285368,7.978310891502607e-07,0.06824502822211878,0
0.9452985393107358,0.0032326765025483765,8.697293654258075e-07,0.051467914455658424,0
0.7235818693037065,0.011558413063125928,9.90511218982277e-07,0.26485872712356906,0
0.44808414516308476,0.010858636681959058,3.4729682220158966e-07,0.5410568708582815,0
0.6542007730176882,0.03234897169229497,2.5507516783879766e-05,0.31342474777382356,0
0.5409650539485967,0.02828892552392069,1.0721110316152801e-07,0.43074591331553963,0
0.9205184411081192,0.03835568820486026,3.805313878582091e-06,0.041122065372023356,0
0.9430264125161367,0.03594733471675138,4.0195227632461836e-07,0.021025850814044112,0
0.9643921376923147,0.027095540695495197,3.466362637606006e-07,0.008511974976251635,0
0.9784884082887354,0.01840775995491517,4.4058619762585065e-07,0.003103391168565952,0
0.981916356552504,0.011512168881339558,1.4389507422879968e-07,0.006571330671717111,0
0.9942342779987501,3.4721970948399544e-05,3.708120438671438e-10,0.0057309996611416125,0
0.9976048546566479,3.685466056574979e-07,4.312484489223929e-11,0.0023947767525909136,0
0.9982929562256996,3.401421756421826e-07,1.116809001261867e-11,0.001706703621358343,0
0.9990586200378878,4.979662840130446e-07,7.906327788109489e-12,0.000940881986846091,0
0.9991778298815814,9.189632914511775e-07,1.0462270597822325e-12,0.0008212511531074607,0
0.9997876246264352,6.55716936450074e-08,3.4041305378044674e-13,0.0002123098006312405,0
0.9996769221356708,3.6167540473069276e-07,9.798176284125415e-13,0.00032271618692061545,0
0.998956671799817,2.949850225213382e-07,2.530429086346514e-13,0.0010430332131303155,0
0.9996826283038533,2.1616884629921784e-07,1.3878867382873996e-11,0.0003171555128011926,0
0.994709526594185,1.9092213404746216e-06,8.397454662985188e-11,0.0052885640989538095,0
0.8341444192634895,1.6445508551762482e-05,1.9277602439229912e-11,0.16583913520861818,0
0.9901592636307084,5.413221311819519e-06,1.7865361766539046e-09,0.009835321362634979,0
0.9965917866407166,1.8784258804941723e-06,1.6707051952363474e-11,0.003406334915571042,0
0.9996115900420647,1.024970590553994e-07,8.66056190133e-12,0.0003883074511334463,0
0.998105908838357,1.2424570858438895e-07,1.269564098998989e-13,0.0018939669168862314,0
0.9994918489834672,7.011491778753908e-08,1.0362787099026163e-12,0.0005080809011416069,0
0.9997289481410648,8.033605959074173e-11,2.3280306728269122e-14,0.00027105178036070413,0
0.9963602091383332,1.3355532439636811e-09,3.109044157762016e-15,0.0036397895255293423,0
0.99971371857552,5.449104330108625e-10,1.0621400465799834e-13,0.00028628088029268367,0
0.9993366461646073,1.2594783608220604e-10,6.931244210115029e-15,0.0006633537100932664,0
0.9992657112111716,2.017697789580588e-09,9.029914647639103e-15,0.0007342867713027877,0
0.9997785836311527,8.95603219039713e-10,1.4715943214156823e-14,0.00022141547423886834,0
0.9997925428432818,1.0510390093167346e-09,9.459638281528811e-15,0.00020745610428206916,0
0.9995430017607391,1.3070633893358168e-09,5.276945556247757e-15,0.00045699693352204866,0
0.9998015168610459,1.1530755363510064e-12,4.300041957527392e-16,0.00019848313600173229,0
0.9994011220799603,2.4123016117706518e-11,5.188819819609892e-15,0.0005988778945907513,0
0.99736234015956,9.361362874569866e-14,5.44408326044987e-17,0.002637659840228549,0
0.9997103610951896,1.0099664873066144e-12,3.9317306204800063e-16,0.000289638903462585,0
0.9998454205976073,1.106211767628556e-11,2.669737468939489e-16,0.00015457939251915743,0
0.9997677573306489,1.2927002327225415e-11,2.1923532845451422e-16,0.00023224265583495786,0
0.9997623187281899,1.8102072290696462e-11,1.9522652505313906e-15,0.00023768125404301276,0
0.9990637267193713,1.0274994240731476e-11,5.963162871049604e-15,0.0009362732710431884,0
0.9872892217594692,1.2449896727810891e-11,2.0970693506378426e-15,0.012710778227176053,0
0.9921541658680261,3.244367099125761e-11,2.520088531437308e-12,0.007845834096655223,0
0.8791842240790169,3.1216649405902696e-10,1.6571804196194602e-12,0.12081577560825212,0
0.7896895949514506,4.3522369514491014e-09,1.7894379497384355e-10,0.21031040051711614,0
0.46022937187254215,1.4941240853089504e-09,3.031697766711199e-11,0.5397706266041825,0
0.4693932935702351,3.125511027983844e-09,3.175204725607944e-13,0.5306067033030403,0
0.9813048609941333,6.842407280383411e-07,1.4872540599583262e-10,0.01869445461635271,0
0.998476057971072,1.6478388824616553e-08,1.6050056723543815e-11,0.0015239255333836224,0
0.9980434815975653,2.9902450932659423e-06,1.303974070251226e-10,0.001953528026557483,0
0.9360925840674805,0.008848074850229686,1.505892784434583e-07,0.05505919049165888,0
0.08302162896317129,0.01580693414697856,4.76942422108815e-07,0.9011709599474997,3
0.0024818077291105804,0.017990062214244786,3.877800717769218e-06,0.9795242522562824,3
0.001228430812140933,0.015636347268944365,2.5700487529109542e-05,0.9831095214300795,3
7.4239221333675e-14,3.928128886060718e-07,4.832397685602347e-12,0.9999996071820395,3
0.0002784860572006465,0.0736201108710437,7.526113584156106e-05,0.9260261419365936,3
0.00686405423758859,0.08811314689662002,0.00021151280924470813,0.9048112860547801,3
2.812788036208546e-13,3.500149132969865e-07,3.126560073052135e-11,0.9999996499537405,3
8.671577173886032e-06,0.001993130288416115,1.5661974299345312e-05,0.9979825361591673,3
5.2066073437585724e-05,0.003722044280764579,3.121254414981025e-05,0.9961946771023639,3
1.5310999791377179e-21,8.104172268067661e-11,1.7102537650716124e-16,0.9999999999199645,3
0.00030517583969006984,0.8926686803540657,0.0008786634797358296,0.10614748032779099,1
2.0377126816287606e-05,0.978914033299066,0.00019549906955353203,0.02087009050315088,1
2.0546391071047516e-06,0.9946437683416632,0.00017466241398581307,0.005179514604431917,1
4.121510066512572e-06,0.9989051081413167,4.055962072807642e-05,0.0010502107262739277,1
4.383931010208685e-06,0.9997105347001877,1.9646167475107084e-05,0.0002654352026171457,1
7.465579379524896e-07,0.9983282765375728,1.0656486938532823e-05,0.0016603204172700608,1
3.0234459881836404e-05,0.999656565302861,3.826355695742656e-05,0.00027493667877581104,1
4.3469404506628805e-07,0.9898600257890482,2.1830694276356318e-05,0.010117708821728232,1
4.112949641912214e-05,0.9991203859382587,0.00010268503989330262,0.0007357995252307514,1
0.0002871898569610387,0.995750582170704,0.0004579004962715503,0.003504327477775989,1
3.5515730320541016e-05,0.7472534217997949,0.001747995752919297,0.2509630667187124,1
2.5988619602340104e-08,0.10616499403238787,6.5914514389692485e-06,0.893828388527837,3
0.00013724182311662404,0.1554551195589925,0.0002517026199550329,0.8441559359964185,3
2.127927358157048e-08,0.17041191457905353,1.5018067793557663e-05,0.8295730460721308,3
0.00015813215063791545,0.933813338175753,0.001256574553937479,0.06477195511896787,1
7.085511347511063e-05,0.9834561507896076,5.0371465873999333e-05,0.01642262262956485,1
2.0920500834167073e-06,0.9869924476332231,0.00011677354636576777,0.012888686771352067,1
7.511705420665318e-07,0.9872178469912267,0.0015223247829500293,0.011259077056846421,1
3.0415757540842002e-05,0.9646521208522317,0.030671901413897428,0.004645561977098035,1
0.0002600834359899226,0.9201537120815011,0.05358006284604133,0.02600614163653823,1
1.3349261002252392e-05,0.37647044310229455,0.04376614598857677,0.5797500616486599,3
5.234755918847211e-10,0.015046252181936342,0.01306697779486005,0.9718867695009719,3
3.3521772383728814e-05,0.04368741644206829,0.9198368030238744,0.03644225876063727,2
1.5607352514530377e-08,0.010650710797710222,0.9807813740333114,0.00856789956287477,2
1.1131600975016378e-07,0.0002082712232801904,0.9994906477631363,0.00030096969903514926,2
4.5359136774934116e-10,5.457577113388932e-05,0.9987139337154439,0.001231490058387374,2
6.437451930129117e-11,4.122912080936354e-05,0.9979160930171036,0.002042677798189548,2
4.9425952812992165e-11,3.25239674248692e-08,0.9999376164847266,6.235094273408994e-05,2
1.3667103831047498e-09,4.846455770671271e-05,0.9998968683718684,5.466570229908775e-05,2
1.9395538808032753e-08,0.04982745856273159,0.9494080376290838,0.0007644844138297872,2
8.532916770354696e-07,0.18028162965402147,0.8174532965172744,0.0022642205360920774,2
2.2360749182125726e-07,0.680755408315707,0.24104404788105432,0.07820032019709489,1
4.013535243368885e-07,0.8131558011242851,0.07448910257260588,0.11235469494850216,1
1.09821169195375e-05,0.9145626488054426,0.0007742746539669452,0.08465209442517817,1
7.560126070368995e-06,0.9683252927398107,2.7622254539051895e-05,0.03163952487895861,1
0.00014174575647322348,0.9985168815492688,3.2853272754934624e-05,0.00130851942053191,1
1.08217592964019e-06,0.9981222881977136,1.4183571262724885e-05,0.001862446055027968,1
7.547168965789349e-06,0.9997147397262072,4.2257423434172435e-05,0.00023545567974160694,1
3.2226586671567123e-06,0.9987664352394273,1.1089005034977005e-05,0.001219253095464595,1
2.1272264629854077e-05,0.9985268615513163,1.1599433229798815e-05,0.001440266750731644,1
7.418126324557492e-07,0.9953999873820853,8.013396534009168e-06,0.004591257409291978,1
1.0041598369038713e-05,0.9992401786644615,1.4467404957021796e-05,0.0007353123305655467,1
7.869209967909022e-06,0.99871156902119,5.619308325202162e-06,0.0012749424595532586,1
0.00027289435157181,0.9994588239150768,9.215316004059023e-06,0.000259066415649502,1
0.0018649782390743296,0.9971146872050988,5.799570191069682e-06,0.0010145349846109586,1
0.011901323217927827,0.9861384905825861,7.114342322435546e-06,0.0019530718557933236,1
0.01298420703530865,0.9817332982277095,3.5267565536514163e-06,0.00527896798118429,1
0.013637964506093109,0.981923636765265,3.805203320262471e-06,0.004434593525294245,1
0.010823334642290761,0.9844419229811823,6.044342268405118e-06,0.004728698035446072,1
0.00639415945402362,0.9796429480303968,3.2659585839681894e-05,0.013930232930877378,1
4.443387366350357e-05,0.8877299967154173,8.654989941089119e-07,0.11222470391136562,1
0.0019431019903692619,0.9889434310742473,2.2636856043969307e-05,0.009090830078532699,1
0.0005582591227970576,0.9977663200029706,1.2096959289105302e-05,0.0016633239136868028,1
0.0002658118590872846,0.9987216439278018,1.0848858833433685e-05,0.0010016953535026405,1
0.0002571134102035973,0.9969151968886155,4.662316420466032e-05,0.0027810665382205714,1
0.0013241237964674846,0.9403023744625306,0.0003161846478494405,0.05805731709223241,1
7.58862011925723e-07,0.006587413139397002,8.690482001340106e-07,0.9934109589520332,3
6.951289654102047e-30,1.3413702449682988e-18,7.122653154942034e-25,1.0,3
0.0019968615644377252,0.05228839554478813,0.0006119153177395099,0.9451028275723306,3
1.8906461387996787e-06,0.022043726742934113,9.024025733711049e-07,0.9779534802087354,3
0.002468415413066108,0.039248368306601805,2.1355983452013214e-05,0.9582618602984899,3
0.0015813982056795382,0.033561092754837325,9.900082861499434e-06,0.964847608958029,3
0.012586473915668285,0.01669572617154591,1.0222258049789524e-07,0.9707176976899691,3
0.9218512152514318,9.891088682129424e-05,4.528468062204597e-09,0.0780498693346572,0
0.9916884666972542,5.588155615925834e-06,8.698285579764528e-09,0.008305936449517862,0
0.9824588183716412,1.3598598008276979e-05,2.4565848435908103e-09,0.017527580572915567,0
0.9839960854284733,3.776156376324748e-05,4.01153781949348e-08,0.0159661128927403,0
0.9136909424380169,8.026094080032491e-05,8.992090566505349e-09,0.08622878762888667,0
0.8095299688648676,9.95004654353129e-07,2.2480347662375968e-09,0.1904690338827927,0
0.6395904899083572,2.170216937828637e-08,5.025782901410006e-11,0.3604094883405536,0
0.8620243281132475,1.3896507654078216e-09,4.93636080268011e-12,0.13797567049066708,0
0.975548142142127,1.0769407543173717e-14,6.507151471480758e-14,0.024451857858996593,0
0.9448926678351405,1.9719821201055198e-13,4.686663967999437e-14,0.05510733216432142,0
0.698359967876238,1.7198906236826156e-13,2.990379463051731e-14,0.3016400321223751,0
0.7432236932955948,1.366559814615031e-13,1.7420861209701056e-12,0.25677630670383605,0
7.77521142903688e-06,2.855385634030616e-15,3.73379230142669e-17,0.9999922247891255,3
0.24269505416202256,2.3827869373733254e-14,7.525623628070324e-13,0.7573049458388942,3
0.28004206410821647,2.5904025695124783e-14,1.4890483892553959e-15,0.7199579358903795,3
0.9344155213880321,2.129739938286215e-14,2.1865574178224537e-14,0.06558447861344222,0
0.9791581558906574,6.507688325628275e-15,9.223349197686029e-16,0.02084184411010798,0
0.998160211550225,1.5599882041679135e-15,8.12113633151787e-16,0.0018397884487953353,0
0.9973773564810167,8.164431629549147e-16,2.032630253963924e-16,0.002622643517306696,0
0.9933247618388849,3.2126807423852064e-19,2.1935916412677192e-17,0.0066752381601643445,0
0.9454964841469635,5.3902907324924295e-17,4.827980482149424e-16,0.054503515851564356,0
0.8315310289732237,6.827653544898464e-15,4.2696555094722516e-14,0.16846897102747718,0
0.005250818391499941,1.8217463738255675e-15,3.772320038421946e-17,0.9947491816074064,3
0.1817912649558901,2.358429808299808e-16,2.663423072703248e-14,0.8182087350457546,3
0.233377341080065,5.94214969263608e-11,3.0476949761677024e-11,0.7666226588308347,3
0.17903800432585334,7.787627552769746e-10,1.8151300373037555e-10,0.8209619947128681,3
0.007537662088178792,1.0031498887260329e-11,6.432365061761514e-13,0.9924623379004158,3
0.3446720609329001,1.6523769361297584e-07,8.721487741260143e-11,0.6553277737412301,3
0.933037117596161,1.5139319736424235e-10,1.0302934104333001e-11,0.06696288224072268,0
0.9568190085828107,6.97884161271976e-09,1.7164790345863909e-10,0.043180984268069586,0
0.9286373076494457,1.0066350205521101e-07,9.402082395423328e-10,0.07136259074560274,0
0.13178666113226573,6.026205676473243e-08,5.397681866456364e-11,0.8682132785512705,3
3.523579390826723e-05,1.370201972914268e-10,7.4494968843649e-14,0.9999647640675693,3
0.019118545709614056,2.3477738495579786e-08,6.02784849686826e-11,0.9808814307523894,3
0.21844164831348134,6.268981793389492e-07,8.655412877108989e-09,0.7815577161334484,3
0.24118556977678082,9.230947542292676e-09,4.060674179640531e-11,0.7588144209507608,3
0.895662703701483,1.934531699493476e-08,6.705560973184081e-10,0.10433727628228527,0
0.9222732830600526,1.9110505813573024e-07,3.1886369254899003e-09,0.0777265226461981,0
0.5569730987872983,6.971628376688557e-05,1.9877527342447882e-08,0.4429571650513871,0
0.13594507296127414,6.485551161319713e-05,6.414829249414741e-08,0.8639900073777873,3
0.0006845077175283043,3.5732375539829876e-07,1.1167350223953197e-10,0.9993151348457222,3
0.7804850758524752,3.2677949877836224e-05,3.1394554286125964e-09,0.21948224305968253,0
0.9806904203047304,1.0422047832723584e-05,3.2596053298688735e-08,0.019299125049744622,0
0.9619574145774329,2.9470906787512958e-05,3.056319578296319e-09,0.03801311145979022,0
0.9660095360080839,3.1165535299758395e-05,2.2213958326640746e-08,0.03395927624325061,0
0.9480299356799339,6.674185591983597e-05,6.638193312720071e-09,0.05190331582499649,0
0.970206284889325,0.010416130283326904,1.0039800910629501e-06,0.019376580847996344,0
0.8749557885657355,0.09434101635451458,1.085641361633561e-06,0.030702109438298514,0
0.0451432561614436,0.7801717348280615,2.63540697188525e-06,0.1746823736017122,1
0.005840089434565389,0.8840270119082544,5.984496999931575e-06,0.11012691415993513,1
0.0011755728393448934,0.9884243445084194,4.4115268950465096e-05,0.01035596738505332,1
1.6776596327588155e-06,0.9901906358993715,9.177362184228928e-05,0.009715912820760125,1
8.330339335398866e-06,0.994210142242543,0.0007309763797020149,0.005050551040044856,1
0.00019443201210723606,0.9697271293807429,0.007588453509033699,0.022489985099387072,1
4.6959740031967885e-08,0.36449109009811786,0.022741995131810397,0.6127668678087146,3
4.199536793340926e-05,0.4267790456195685,0.5339781373808116,0.039200821632414146,2
1.6691706799735323e-05,0.3856746809313963,0.606788442559557,0.007520184801630794,2
0.00010477236922238905,0.31409656667205865,0.6763050934562652,0.009493567503027347,2
3.702987941911896e-07,0.08657044416730549,0.7222853267022242,0.19114385883280852,2
7.583452777606555e-05,0.02890296519290054,0.8086501430523411,0.16237105722700376,2
1.324492090872618e-07,0.0028455163546946376,0.7401460498185299,0.2570083013757885,2
0.00013389641069994039,0.004973250999282604,0.7292884774307276,0.26560437516079893,2
2.7140033794183205e-09,3.418539837096496e-05,0.002815258765119873,0.9971505531211452,3
2.666590124402306e-16,5.300729836637802e-10,5.980785715943246e-09,0.9999999934880179,3
2.3699078525944433e-07,2.1531970219586015e-05,0.0019197455105373256,0.9980584855282897,3
1.0894279846083731e-06,0.00010795061063044881,0.002951730336173312,0.9969392296254289,3
3.767620715680055e-09,5.604297115774981e-07,0.0006588237926661603,0.9993406120109678,3
9.438400843561011e-06,8.016424314071283e-05,0.011463297087070312,0.9884471002678029,3
8.615826180436002e-12,2.0147193619257265e-07,0.0008263666140253193,0.9991734319050182,3
4.890804083117421e-08,0.0005266155129656277,0.30358018028165545,0.6958931552963283,3
1.115711678868839e-07,0.00026505067993433243,0.9045755229336734,0.09515931481416309,2
6.558875226415427e-08,5.1063549566183836e-05,0.9880556016881672,0.011893269175082504,2
1.1388408592472153e-07,1.2965916700671359e-05,0.9977254296896337,0.0022614905103914246,2
9.34764829746347e-13,4.4817573706203425e-06,0.9952820752999987,0.004713442943485106,2
1.675968939508258e-10,1.2104210006260404e-06,0.9996205494202324,0.000378239992295989,2
3.2948199977665036e-12,9.161785201057113e-07,0.9999569685624142,4.211525726544669e-05,2
2.0042953644960758e-11,1.894586320161358e-07,0.9999816921229181,1.8118398736476263e-05,2
8.390240836378431e-11,3.468359934308962e-07,0.9994325319124854,0.0005671211690951211,2
1.3114396081061284e-10,1.4472968147251228e-07,0.9920953917255606,0.007904463414293449,2
1.2384689189705832e-11,6.797535621422598e-08,0.9677941255524111,0.032205806460917814,2
1.738701974962308e-06,6.803766166059122e-06,0.9746597907877406,0.025331666745298086,2
1.9140234679603573e-12,8.17219147953058e-06,0.8519821159076031,0.14800971190019244,2
1.5682867975595347e-09,0.00037720049059829436,0.8787976046078679,0.12082519333344058,2
1.2308741317854013e-07,0.0013863439394986913,0.9886777803966247,0.009935752578218951,2
9.641431703530268e-08,0.0003111986560519456,0.9992520209441957,0.00043668398563907106,2
1.0355950321249088e-08,0.00016716427985835576,0.9994972871690827,0.0003355381941439711,2
2.610474126306469e-07,0.0003945631942620875,0.9981282691988896,0.001476906560326169,2
2.1514037570271018e-08,0.0018444697007348198,0.897893535476915,0.10026197330853745,2
5.284605709413396e-06,0.016871154160090527,0.5681755212003775,0.4149480400329958,2
2.754142208367001e-13,6.065500024430676e-05,0.0010471752064718431,0.9988921697943685,3
0.000493896044001227,0.1067514730633084,0.6412930115256287,0.251461619367735,2
3.1300529133589566e-05,0.10039489896230604,0.6570201366249,0.24255366388365576,2
0.00012816913014921072,0.0750393637589495,0.6276998838438008,0.29713258326801517,2
3.4733930974423615e-18,6.922630510286613e-07,7.955961369423626e-09,0.9999992997802742,3
1.8058132241099104e-06,0.0613413236888902,0.0007570636639744604,0.93789980683354,3
0.00017698409515852335,0.7631680869414557,0.012345685348996311,0.22430924361327875,1
0.0001419787114195404,0.9851717238288509,0.005883094649397511,0.008803202809095991,1
1.2459031574346963e-05,0.9975926532211059,0.002038192521729529,0.0003566952271752344,1
2.0794733153044855e-06,0.9987830602928948,0.0006634956715410706,0.0005513645609197474,1
3.060781122489951e-06,0.998722924898438,0.00059797132551961,0.0006760429951133073,1
8.881376495799755e-08,0.9894084163614555,0.0018791861913745405,0.008712308633714338,1
3.1044402089772368e-06,0.9903658400595072,0.007302011453659887,0.0023290440483366586,1
6.188368745504324e-06,0.9911593436848196,0.008155130287293526,0.0006793376580427804,1
2.237995764388861e-06,0.9884701322085726,0.007048958463969714,0.004478671333075184,1
1.1766214451890185e-07,0.9662060858328663,0.009458922018786689,0.024334874485715568,1
3.440155859217102e-05,0.9272401589600661,0.05634430847194514,0.01638113100865112,1
1.9949944592995298e-07,0.7515032796862658,0.16787998508538274,0.08061653572711548,1
6.382570107653566e-06,0.574227692783715,0.4183382589791369,0.007427665667633294,1
3.5788049353002954e-06,0.4994570299440246,0.4993718223266496,0.001167568924633555,1
1.8896450806301397e-05,0.4935504425567338,0.5036569739032587,0.0027736870892954672,1
9.164182134807495e-05,0.4586166617579143,0.47810508143596875,0.06318661498367026,1
3.0432549190026802e-06,0.09135799240976072,0.07160643649954666,0.8370325278375556,3
9.164129462858141e-07,0.008104826202255604,0.0027750660568413256,0.9891191913285308,3
2.8558863901907378e-11,1.941750244361302e-06,1.677260809715717e-07,0.9999978904947479,3
1.3629825632369034e-08,0.001220935686103804,6.870938584560197e-05,0.9987103412964061,3
0.0004362688604603608,0.10209462530485432,0.03956260501062223,0.8579065008249912,3
0.00039579078507521667,0.10125133181166102,0.04026442898296595,0.8580884484213126,3
2.994190784224306e-11,0.0002557164903899097,1.4686701770134374e-05,0.999729596777106,3
3.5288411920588285e-06,0.04744356441358094,0.026763354305382216,0.9257895524381342,3
0.00014067568032693134,0.43331544950687617,0.48397904450555396,0.08256483030875332,2
2.5331678677666266e-05,0.4650088585496277,0.5246866530880707,0.010279156683321031,2
4.527077000712058e-06,0.4646128869400586,0.5285767089101109,0.006805877073207825,2
3.56007950180533e-05,0.4690343280068939,0.5202174281524778,0.010712643045158517,2
