regime_prob_0,regime_prob_1,regime_prob_2,regime_prob_3,regime_most_likely
1.3251609263897879e-17,1.0,2.715163336288547e-56,1.7485464076713092e-51,1
0.048094594789012776,0.9425336091025377,9.435668976593303e-10,0.009371795166626156,1
0.18299191739027276,0.8120234150821383,2.071334486826002e-06,0.0049825961928413025,1
0.48969776966676587,0.4914550064567331,2.396062428713961e-06,0.018844827813581436,1
0.8653286768732863,0.028836118992785233,2.4974688298809138e-05,0.10581022944552763,0
0.9034342407276237,0.00010410176955055705,0.0022447434007997666,0.09421691410277643,0
0.9962014155520709,0.0005575980160251593,0.00012293343806720253,0.0031180529943733116,0
0.9973842659973255,2.6663782684736255e-05,9.314533413924307e-06,0.0025797556855610077,0
0.9995165541825168,1.8079775914187235e-05,1.2327899211915305e-05,0.0004530381424656084,0
0.9995576501826703,6.9899438434029595e-06,6.620594656281862e-06,0.00042873928022367546,0
0.9998156718986738,3.7030623972954125e-06,1.78589185287839e-05,0.00016276612143006436,0
0.9998142018670859,5.827348783448649e-06,2.2410276468421914e-05,0.000157560507787925,0
0.9998446802344996,7.068847057648245e-06,0.00011865787900246629,2.9593040625906687e-05,0
0.9997647770275542,3.7745977953492435e-06,0.0001775274110059538,5.392096413386681e-05,0
0.999255047907883,6.743642659630183e-07,0.0001766395288338611,0.0005676381979536965,0
0.9987892804984196,2.7142749287287733e-06,0.0010268122012848776,0.00018119302581363922,0
0.991185353993415,8.163006871096006e-06,0.008753880391206465,5.260260930340683e-05,0
0.9307109193531774,2.1127368930670414e-06,0.06878012567477645,0.0005068422360742375,0
0.3822013731450194,1.0350763069313607e-06,0.6174462257024035,0.000351366076926402,2
0.15303017326606974,1.7628773627318866e-07,0.8466892971541965,0.00028035329143668187,2
0.04239118106741589,4.1927265307339663e-07,0.9575132017282494,9.519793277647457e-05,2
0.04091073535021189,1.4858227327712738e-07,0.9589155847585651,0.00017353130985111386,2
0.08810487928399252,2.822177760457759e-07,0.9117483274823476,0.00014651101541618118,2
0.18280743148986087,2.427990298084723e-07,0.8169343329940274,0.0002579927164778426,2
0.2261481979597567,1.1433847752452921e-06,0.773774427672867,7.623098295549705e-05,2
0.281359085646001,1.2698950438241955e-06,0.7184124555964501,0.00022718886256111235,2
0.4543848068235101,1.5868485398261648e-06,0.5453945742366391,0.0002190320923002404,2
0.5858130438091107,2.057660734212611e-06,0.41389469836732207,0.00029020016305119164,2
0.7459660791348561,2.7313630352297294e-06,0.25373397274127724,0.0002972167599249562,2
0.9820364457643622,3.146087513784154e-06,0.017599152483935857,0.00036125566269660614,0
0.9990770525073266,1.6673479918109906e-05,0.0008124154558392527,9.385855831050656e-05,0
0.9997779885606807,6.478147773348203e-06,0.00018298244659978904,3.255084442158326e-05,0
0.9999156548794758,1.2128745581615586e-05,5.089259178034485e-05,2.1323784347226984e-05,0
0.9999108662704853,7.238800022136718e-06,3.396992924655538e-05,4.7925000672982936e-05,0
0.9998949909991293,5.27581307842185e-06,4.520757177539519e-05,5.45256156570941e-05,0
0.9998907711302168,7.742340944669898e-06,6.753279236779635e-05,3.39537373494317e-05,0
0.999820474113676,3.791158326842946e-06,0.00011531736202758352,6.041736536694066e-05,0
0.9995042144841699,5.231163350969675e-06,0.0004518247841249747,3.872956688763329e-05,0
0.9992734419769036,4.896989509470929e-06,0.0006771685572824652,4.449247808205537e-05,0
0.9990688427206074,4.849742237538036e-06,0.0008881415513637333,3.816598478786759e-05,0
0.9980654842189322,4.876186361246219e-06,0.001843219518944292,8.642007568395207e-05,0
0.9945856167710363,4.9250172430595365e-06,0.005326727193647292,8.273101663999586e-05,0
0.9844632039935489,5.580073624147868e-06,0.014749619294377424,0.0007815966397807262,0
0.9931395928462333,2.0289103408268104e-06,0.005628281230416309,0.0012300970141733516,0
0.9936823721116927,1.868537795930285e-07,0.0003438248600068434,0.0059736161760028696,0
0.9995617536341276,7.65786986826527e-06,0.00011784365771649654,0.00031274483919487494,0
0.9997382738157946,5.112582245962854e-06,0.0001702077342192646,8.640586647951137e-05,0
0.9998682348066135,6.345426268431422e-05,1.736394778516596e-05,5.094698357321122e-05,0
0.9998788624615691,4.342450211196313e-05,1.2680436592119864e-05,6.503259987194853e-05,0
0.9998546357509319,5.606791248854988e-06,1.9495909445717623e-05,0.00012026155013331624,0
0.9998359304121568,7.547543515832086e-06,0.0001326638460759033,2.3858196953484687e-05,0
0.999631105528257,5.366095451927037e-06,0.00033175305109721165,3.17753256390342e-05,0
0.9998377854422857,5.638889330406943e-06,0.00011745185129070089,3.9123818352530575e-05,0
0.9997613571193223,5.084142006617526e-06,0.00018478746244118268,4.877127549654215e-05,0
0.9998336004462307,5.231030101715298e-06,0.00012672729598392604,3.4441226422625445e-05,0
0.9998581796519741,3.287783751002615e-06,5.7672516725108115e-05,8.086004841124842e-05,0
0.9998942098764507,3.6383174072652095e-06,4.702441025939669e-05,5.5127394644732504e-05,0
0.9998990348254388,6.958902267753001e-06,5.3331958621827e-05,4.067431514564278e-05,0
0.9998972865799685,6.321074946732459e-06,4.204410321959373e-05,5.434824084764193e-05,0
0.9999228760699871,1.4353694983891582e-05,3.147075420350707e-05,3.1299481948677066e-05,0
0.9997755733764868,7.033503240035414e-05,8.480603137521694e-06,0.00014561098764330808,0
0.9998340222543317,8.623270861960148e-05,1.4832277480455328e-05,6.4912757999209e-05,0
0.9997267885334866,8.292998138009842e-05,0.00013624731638575506,5.4034170390527064e-05,0
0.995189306360641,3.269860367805715e-05,0.0046644428387177675,0.00011355219775250948,0
0.87976892264153,1.4469070882593047e-06,0.1192420780731802,0.0009875523786682812,0
0.6733743582879493,3.7934893473565168e-06,0.32616609906381827,0.0004557491583248654,2
0.6457695900717388,2.2597866140304334e-06,0.35392151401556143,0.0003066361267761354,2
0.6007993347574486,6.23104128778783e-07,0.3986422956601991,0.0005577464797991675,2
0.3982500887378606,1.4951658052748199e-06,0.6014322372129234,0.00031617888249768167,2
0.31445557401955015,1.3886231893573086e-06,0.6854153192249711,0.00012771813394264875,2
0.22309941884328494,6.675243840346066e-07,0.7767237560387374,0.0001761575928315873,2
0.13538034987808636,7.963709996905397e-08,0.8644581043241082,0.00016146616126594363,2
3.118108981179254e-05,6.549660872413411e-11,0.9998086903172376,0.00016012852790998154,2
5.461622812624168e-06,2.4666216779331022e-11,0.9999902646378402,4.273716490999678e-06,2
1.907445513340514e-05,8.475580553105537e-13,0.9999742100459669,6.715496683040332e-06,2
5.119547679937973e-07,1.019653671924582e-13,0.9999961637041368,3.3243408525045564e-06,2
2.721807243137596e-07,1.9665612534408025e-14,0.9999978166512126,1.9111671191798665e-06,2
8.390016864628207e-08,2.4733132364913092e-14,0.9999984006075522,1.5154939131651799e-06,2
9.903822420821037e-08,9.49675941001937e-15,0.9999941906012771,5.710361810999265e-06,2
6.148498661975036e-07,2.7467010951676564e-13,0.9999974369708174,1.9481799618903315e-06,2
7.653274838257795e-07,1.5084073911738037e-13,0.9999906017079039,8.632965347785905e-06,2
5.57493384278668e-08,8.718923001604666e-15,0.9999714556979025,2.8488552385910958e-05,2
1.2681156166377756e-07,1.4874698275240258e-13,0.9999974117524133,2.46143635863465e-06,2
1.1210735895190768e-07,2.15854971264363e-14,0.9999972037006034,2.684192479078477e-06,2
6.921791333427108e-09,4.684085437188583e-15,0.9999974580601267,2.535017130785647e-06,2
7.801705688337842e-10,5.645369510511213e-15,0.9999983699867341,1.6292347937147072e-06,2
1.2117374556592434e-09,4.2653338337459134e-15,0.9999930346627225,6.964125018624995e-06,2
8.475836340770325e-12,2.253178375894726e-13,0.999985821736586,1.4178253223989187e-05,2
3.870544955861227e-11,2.4837242583715427e-16,0.9995672443861296,0.00043275557550035104,2
8.399122688540321e-12,1.8413287146918025e-13,0.9999969177126541,3.082280479597117e-06,2
3.653852746310338e-12,6.405636521140332e-16,0.9999953553850534,4.644609724918649e-06,2
2.5125195469849715e-12,1.3144271627485906e-15,0.9999969092398275,3.090758198093454e-06,2
7.724883641171119e-12,4.49959399684612e-16,0.9999957267446361,4.273249184083561e-06,2
1.2096458414960022e-11,1.4404152262799739e-15,0.9999983941574262,1.6058302325046147e-06,2
1.803066270300448e-11,5.598384950639761e-16,0.9999957611925109,4.2387904511181545e-06,2
6.107276967429097e-14,7.592266514680491e-16,0.9999977625655012,2.2374353619207267e-06,2
2.826725165939907e-16,9.215593498951215e-17,0.999991171348348,8.828650077557995e-06,2
2.0467481775549044e-14,2.1281566421933022e-16,0.9999950190555313,4.980943395063948e-06,2
2.5757205802409153e-14,3.679642320606796e-16,0.9999972555925893,2.7444088614631184e-06,2
6.780140185992815e-14,1.464053994056782e-16,0.9999951580292772,4.841972184590605e-06,2
3.4413549411911406e-13,2.383565432966505e-16,0.9999966261805254,3.37382079075183e-06,2
3.528611664958075e-13,9.344115777503401e-16,0.9999975035129194,2.4964853770873943e-06,2
1.5027239716351217e-14,2.81953201207504e-16,0.9999907801381894,9.21986112382143e-06,2
1.0724994370982611e-17,3.4763296691672685e-16,0.9999748184896914,2.5181510972193853e-05,2
7.180698425486817e-19,8.062727398673638e-16,0.9999907039668944,9.296032247270081e-06,2
3.214009446263702e-18,2.9785875870512476e-15,0.9999810337665254,1.8966233350157896e-05,2
9.147569335942547e-18,2.3371343840573265e-16,0.9998704364746909,0.0001295635269187805,2
1.4523829226312058e-16,3.139746324796405e-15,0.9999812377368733,1.8762261575973322e-05,2
3.0526974748882566e-16,7.216570292564958e-15,0.9999903829801456,9.617018422198589e-06,2
3.612054009611592e-18,2.565057038637666e-16,0.9999358879502216,6.411205063378728e-05,2
6.086474474971682e-16,8.024894083164278e-16,0.9999886182333452,1.1381766676489159e-05,2
2.8857903862836607e-15,1.4585101518770772e-15,0.9999953226725004,4.677326982416035e-06,2
1.5892650725797762e-13,2.1689007481575517e-16,0.9999884123333854,1.158766723688318e-05,2
8.589814988547568e-15,4.413136924047933e-15,0.9999933322073429,6.667792268815976e-06,2
7.873665623726093e-09,2.5548407659330487e-15,0.9999473511669943,5.264096013162061e-05,2
1.0241848994091936e-11,1.0267643051675367e-14,0.9999978526998665,2.1472888877450703e-06,2
2.5789528532603753e-12,3.852553494637044e-16,0.9999982750320086,1.7249647869966073e-06,2
6.326129730324225e-12,2.058663746690153e-15,0.9999964516127166,3.548380781510459e-06,2
8.115886938287348e-12,6.022722583017595e-16,0.9999826087571623,1.739123574740824e-05,2
4.4547494506592257e-11,5.520955676219401e-15,0.9999982138231225,1.7861336311822458e-06,2
7.387241019225775e-11,1.062233847533884e-15,0.9999979911756041,2.0087496188359285e-06,2
1.8165521709821547e-10,9.642323350529401e-16,0.9999962092550958,3.79056354042717e-06,2
8.421059272158438e-09,6.422017651805013e-15,0.9999978719592851,2.119620295405662e-06,2
2.2106441685845963e-08,4.175812051852365e-15,0.9999979480001592,2.0298929229791237e-06,2
5.1207060360681666e-08,1.440593602217881e-14,0.9999983421707939,1.6066236390286641e-06,2
3.3272287603368267e-06,5.380071057499239e-13,0.9999937402258566,2.9325457603529627e-06,2
5.935467151634353e-05,3.972890962989095e-12,0.999927708436372,1.2936887796011022e-05,2
0.00011838601865087822,8.500758223830117e-12,0.9998634394771276,1.8174497004200032e-05,2
1.867381794698227e-05,9.21314688241575e-12,0.9999779512320554,3.374941265427618e-06,2
1.8436540742922472e-05,9.111003638059892e-13,0.9999774388087044,4.1246483563846156e-06,2
6.03193362856635e-06,1.6964348208422632e-11,0.9999899867608488,3.981289867406659e-06,2
0.0012102499406233809,6.581575079971991e-10,0.9987613943754718,2.8355026110202883e-05,2
0.044733301267715714,2.7611608967134407e-08,0.9549881725566759,0.000278498562529629,2
0.34337072367226584,4.276972713547707e-07,0.6561452440409805,0.0004836045891932743,2
0.6860904714099545,1.844505771064774e-06,0.31351992934087697,0.0003877547419290296,0
0.9258544903309821,8.336449272031133e-07,0.07298953044161728,0.0011551455821226526,0
0.9666884419187678,6.485970257711203e-06,0.03321907022022422,8.600188931075918e-05,0
0.9766937375398225,3.50664992147808e-06,0.02270526821066061,0.00059748759947292,0
0.9878876220349732,0.00026612018751051634,0.010859626632241617,0.0009866311450676766,0
0.980070584673776,0.017076420474653024,0.00021918903917924644,0.002633805811628025,0
0.8664274824983221,0.12925913727883753,1.6148365993065602e-05,0.004297231855973479,0
0.7059007082330383,0.2833272217803272,5.402360076735832e-06,0.01076666762709219,0
0.46147411588501075,0.5266252540245163,2.4184146993048692e-06,0.01189821167515677,0
0.19459688639984085,0.799850581275999,2.2548260868963307e-06,0.0055502774982642625,1
0.004227458237237589,0.9840920092997679,1.7392931894759803e-08,0.01168051506841386,1
1.9915588790850112e-05,0.9990300574596832,1.4524125907551168e-10,0.0009500268051097439,1
4.2204977260480695e-07,0.9996464633051674,1.923913007396185e-12,0.0003531146431416971,1
2.137134037058926e-07,0.999717082228119,7.3462707298128e-13,0.0002827040578981395,1
5.652334002618493e-07,0.9995788722970007,4.836915635561009e-13,0.0004205624698558518,1
3.103544404568309e-07,0.999805504924592,7.879659591792137e-13,0.00019418472108244812,1
1.387996964806844e-07,0.9996883130763163,5.894112953757596e-13,0.00031154812256099074,1
9.140269653503553e-05,0.9989115098884512,3.327361593411762e-10,0.0009970870807253453,1
2.9903473900944042e-05,0.9972923676976578,3.258786005895352e-10,0.002677728501513105,1
0.00011065029734094017,0.9966892930439014,4.512428774303922e-09,0.0032000521477413254,1
8.226097425284325e-05,0.9922196962133507,3.504415432172379e-10,0.007698042463120593,1
3.3878656628245656e-05,0.999023614905061,4.452732673286704e-10,0.0009425059913338836,1
3.813988844511746e-05,0.9995990561621093,9.381129361173997e-11,0.00036280385671308424,1
4.150316075392668e-06,0.9996663378025792,5.677527751801853e-12,0.0003295118740099426,1
4.6389351085219506e-07,0.9997205498327717,1.0938867001157736e-12,0.0002789862716788254,1
3.497726960512208e-08,0.9995927166983996,1.2703458663405611e-13,0.0004072483259837249,1
9.868932744696287e-07,0.9996030139875941,3.449419980459151e-11,0.000395999083440535,1
5.5675030388498195e-06,0.9923807965724506,1.2345549243589328e-11,0.00761363591058528,1
0.00032361592667739294,0.9988234708333795,2.264492643322423e-08,0.0008528905961145652,1
0.0006091100272007972,0.9957163042169873,7.657114896948624e-09,0.0036745780976725215,1
0.0005793575731114799,0.9949772610207147,3.1055267705283132e-09,0.004443378299224393,1
0.00021685678983194656,0.9992466166865979,3.918396260676887e-09,0.0005365226062777492,1
8.929667833707943e-06,0.9988466837767184,1.4703838615834215e-10,0.0011443864101645226,1
8.596887580506038e-06,0.9974882411471421,2.0090906752989195e-11,0.002503161946099081,1
8.859597174386192e-06,0.9994629244192444,1.8126483692646436e-10,0.0005282158024102418,1
3.9540214052335695e-06,0.9987985933708001,6.4905721437310816e-12,0.0011974526025872242,1
6.358923254124948e-06,0.9996415025704953,5.549191792376932e-11,0.0003521384506396527,1
5.546534876462771e-06,0.9989943785467773,3.923568046881029e-12,0.0010000749141045615,1
2.85674205053183e-06,0.9997881486352311,8.758997695613093e-12,0.00020899461366061578,1
4.880880134767298e-06,0.9996973935627997,6.667853562482034e-12,0.000297725550629572,1
1.07644705757454e-05,0.9992782980481912,1.0570375040122577e-11,0.0007109374715300797,1
1.916418802003312e-05,0.999636690676075,1.0214120713701707e-10,0.00034414503264493224,1
0.00022365800137240935,0.9987562730268776,5.624239483347776e-10,0.001020068410219229,1
0.0022752171560058874,0.9961676755125272,1.8219676270017216e-08,0.00155708911144187,1
0.06290329084802666,0.9306141818614119,1.8958778729587336e-07,0.006482337703413188,1
0.754673896525049,0.2392694820652532,2.6115648041157754e-06,0.006054009844077397,0
0.855614539011957,0.1333397708756462,1.4825128775523493e-05,0.011030864983568917,0
0.8551338089760797,0.12180134818960829,9.856806332874006e-06,0.023054986028412043,0
0.8002309202489396,0.19258649893989743,1.610501544821026e-05,0.007166475795943899,0
0.3176911164753473,0.6542313093979649,1.4163657201581363e-05,0.02806341047107709,1
0.11896301105422583,0.7931890847332245,3.5841558604131216e-07,0.0878475457981207,1
0.04327934967299733,0.9499876154207466,7.568051168471178e-07,0.006732278099739029,1
0.012718584570941532,0.9822856293690391,1.5077437636019932e-07,0.004995635286436047,1
0.0066222837775390285,0.9901115280682422,5.588830445224906e-08,0.0032661322647496555,1
0.004506722784431352,0.9945521981256823,4.3956155047399255e-08,0.0009410351344091062,1
0.00681736684342064,0.9916593992675838,7.548730769112574e-08,0.0015231584024840829,1
0.06302681630132297,0.9324285409574345,2.3221703842190057e-07,0.004544410523217059,1
0.28086331370378764,0.6719081667803035,9.299706151868926e-07,0.047227589544182734,1
0.7363489507018839,0.24212520444215327,7.342888600862874e-06,0.02151850196589425,0
0.9134243662075198,0.08416856631209502,1.2095694062802016e-05,0.002394971786867034,0
0.9749495886491629,0.024113999162135514,9.005708042973327e-06,0.0009274064794855208,0
0.9922305185882772,0.007516236529418082,1.1064046636943366e-05,0.00024218083489152586,0
0.9990262767809229,0.0008232785829335393,1.8096405453667125e-05,0.00013234823149101054,0
0.9996271051412545,2.6930898313859186e-05,0.0002935598011572121,5.240416007705567e-05,0
0.9981644495201873,5.767319367749811e-06,0.0017898680283726048,3.991513308120222e-05,0
0.9949765607815595,2.2222135101607454e-06,0.004831530739053013,0.00018968626633010784,0
0.9879539376459109,1.4322473568646253e-06,0.011876197830877115,0.00016843227647987845,0
0.9713903189578724,6.227323888494953e-06,0.02849984046680961,0.00010361325120249741,0
0.9677476915203814,2.901012881452001e-06,0.03201724660324522,0.00023216086504204142,0
0.9729396373780035,2.906087253104314e-06,0.02694756993290506,0.00010988660026171632,0
0.9771869565353356,2.6453443883221173e-06,0.022700122776781167,0.00011027534290338856,0
0.9791278851801182,5.060266231952607e-06,0.020810736512453437,5.631803992530985e-05,0
0.9786475607491859,2.3294100198874636e-06,0.020755852665145742,0.0005942571744483321,0
0.9918338877418371,2.7478555496543414e-06,0.00794667779232618,0.00021668660943007282,0
0.9985346335965414,2.7731431390161987e-06,0.0013944416287928522,6.815163300412845e-05,0
0.9994169772464415,1.5418282516520005e-06,0.0003980168571082179,0.00018346406706791138,0
0.9997078403673976,5.091597346919112e-06,0.00024414318601233975,4.2924850017860885e-05,0
0.9991766974235935,2.8475223761938127e-06,0.00014581954592811364,0.0006746355082729389,0
0.9997238823722178,3.607733856682523e-06,6.56906393904617e-05,0.00020681925610354588,0
0.9998729591256702,5.008038102109213e-06,6.907584102419814e-05,5.2956994080812396e-05,0
0.9997789592493841,4.6251057939281534e-06,0.00012857792996673052,8.783771457729319e-05,0
0.9998969599740068,4.237987678669114e-06,4.1735252837587875e-05,5.7066786475399046e-05,0
0.9998960921548468,1.5440958713898747e-05,3.400607003025032e-05,5.446081637306346e-05,0
0.9996612524870783,0.00023273484850135927,2.2046333961667794e-05,8.39663313523501e-05,0
0.9971416603188655,0.0026616175039855844,1.8704673063626045e-05,0.00017801750481240093,0
0.9771534140601462,0.020482112055564158,1.012220319840038e-05,0.002354351680297384,0
0.8828041554995669,0.10828998117718373,1.6717870386218234e-05,0.00888914545165452,0
0.37996175861488446,0.5674798003254528,2.0167727859171327e-06,0.052556424287745485,1
0.17595329556488246,0.8161370157870306,1.1412514716451414e-06,0.007908547395746719,1
0.056752546192626624,0.9393605007223038,1.010543181589361e-06,0.0038859425426114843,1
0.006790510360338068,0.9854603400699523,2.055317373548169e-08,0.007749129018058081,1
0.0005967126023040234,0.9986952823979126,2.604684898151919e-09,0.0007080023960166134,1
3.759066597745606e-05,0.9996035501293042,1.3983558995595688e-10,0.00035885906560607965,1
1.207641671825437e-05,0.9996647046018724,1.933833634481709e-11,0.0003232189623332921,1
3.6310682069989232e-06,0.9996922450443616,3.652823613942013e-12,0.000304123884162111,1
2.3075683090243177e-06,0.9997645209704856,4.317661141977208e-12,0.00023317145653048912,1
2.960593470744531e-06,0.9994890351571919,1.657427532260101e-11,0.0005080042335301138,1
5.290549957390472e-06,0.9973046826794599,8.854585855137675e-12,0.0026900267622019794,1
8.221295707789025e-07,0.9994376804823005,6.069475459562165e-12,0.0005614973820613099,1
2.098645341913938e-08,0.9997898544363626,1.172443526949281e-13,0.00021012457811940143,1
8.25855093069319e-06,0.9997358894967121,6.685288057802614e-12,0.0002558519473129814,1
3.08469261587281e-05,0.9995683823777322,1.7584148999521125e-10,0.0004007705204329396,1
0.0005139640250642613,0.992497453112409,5.400395847573541e-10,0.006988582323880018,1
0.0005843333334942381,0.9969027900716815,6.660358789863433e-09,0.0025128699345595452,1
0.00038319360891354517,0.9990928960046686,2.8176974677744387e-09,0.0005239075678399455,1
5.676945758613281e-05,0.9993675377879633,6.416766320479972e-10,0.0005756921126784686,1
2.5135723898844367e-05,0.9984564705567341,5.463639229188246e-11,0.0015183936631938105,1
9.917971203267524e-06,0.9994083979096337,2.5990124553593516e-11,0.0005816840930857076,1
3.72889624126843e-06,0.999783142503657,1.6000194822640233e-11,0.00021312858367274315,1
1.111122346672281e-05,0.9992702110776084,8.683490352654005e-12,0.0007186776908271604,1
9.078183409103082e-08,0.9995068054223141,5.015854936127298e-13,0.0004931037962808393,1
2.23364767335034e-08,0.9997842998836083,4.53541991543285e-13,0.00021567778095410713,1
1.795523803962011e-12,0.9990240889616252,9.504115596024626e-17,0.0009759110373605796,1
5.265708323766009e-13,0.9997805193621165,2.759740908624969e-16,0.00021948063642859963,1
1.2119448842706394e-12,0.9998394531500098,1.7442779133577466e-16,0.00016054684815525446,1
5.1291774150876626e-14,0.9996984496545188,2.5917083281716416e-17,0.0003015503450503595,1
1.3462678272593474e-14,0.9996914258567096,9.23305654093838e-17,0.00030857414262288723,1
2.42883141634335e-18,0.9987937848470757,3.4355918105300564e-19,0.0012062151514769578,1
6.99138840782522e-18,0.9996307230232374,9.481017649253203e-18,0.00036927697608176005,1
8.687749266697319e-20,0.998784888036429,7.530422081112355e-20,0.0012151119630385934,1
3.541843028448464e-18,0.9996828597950151,2.4893685214615167e-18,0.0003171402060545582,1
3.577208537284672e-17,0.9995910623299518,9.196950210872506e-18,0.00040893767114625327,1
4.6759815972878313e-17,0.9974723197992807,1.0119180452697725e-17,0.0025276801990466217,1
1.81829530911301e-17,0.9990523352158056,5.1853725410069295e-17,0.0009476647858701168,1
1.483527337838174e-19,0.9979388644738904,2.76622055921179e-19,0.002061135527651772,1
8.723257274391094e-19,0.9994975459248189,3.4539636273410404e-18,0.0005024540747427301,1
3.4409464837566567e-19,0.9993411009784152,3.1883368671427717e-19,0.0006588990205448654,1
2.4904432027178112e-18,0.9995013298160457,3.808227648641218e-18,0.0004986701821515015,1
2.5767982731449725e-21,0.9984655931412584,2.604822052482796e-19,0.0015344068602017944,1
3.213931575846594e-21,0.9982880445794268,1.6756044511219375e-19,0.001711955421821742,1
3.228698061746512e-20,0.9993866442761181,1.2184959479680612e-18,0.0006133557224965877,1
1.150022311344401e-19,0.9986620004012746,5.315506324370499e-19,0.0013379996002462243,1
8.95042295485322e-20,0.9992264761405384,6.34910338061529e-19,0.0007735238590390219,1
4.057591167692808e-18,0.9994815217944664,1.6023753306614235e-18,0.0005184782055736762,1
2.636204189649142e-18,0.9996510151673369,2.1797147679498718e-18,0.0003489848314758083,1
3.9610261251867505e-17,0.9990356938499716,6.2352187484676256e-18,0.0009643061511695487,1
1.941324627662489e-19,0.9984527224259684,7.947298902028654e-19,0.001547277572230157,1
1.549438310311955e-19,0.9995615882404661,9.303913140395547e-19,0.0004384117607823344,1
2.9528476540601154e-19,0.9994998118784458,2.6410103980110674e-19,0.0005001881232630836,1
2.693470890881271e-18,0.9996401135690532,9.108006687917289e-19,0.0003598864309055018,1
1.1274126415555631e-18,0.9996197908624654,5.010820772209565e-19,0.0003802091382701071,1
3.7001895552195634e-19,0.9994502427210196,3.8582554794020125e-19,0.0005497572779784121,1
7.9123072137843095e-19,0.9994229537964381,1.0792640278745844e-18,0.0005770462022671842,1
1.8440477236976066e-20,0.9993191703719957,3.4265824760735144e-19,0.0006808296275123971,1
1.8039653298804448e-19,0.9990724175256185,2.8035656544059433e-19,0.0009275824757365423,1
5.975466911671158e-15,0.9995133304568394,1.164177448728589e-16,0.0004866695419783499,1
6.408625882732101e-15,0.9995329988865781,4.9828527817808566e-17,0.00046700111306654754,1
6.23069967799068e-15,0.99940392873979,2.1821795515748696e-17,0.0005960712598971008,1
4.481484287079848e-16,0.9997762862169152,9.094326896615998e-18,0.0002237137820200516,1
7.885076049394217e-18,0.9997117085404805,5.882536620932908e-19,0.0002882914613196673,1
1.1014860170667764e-17,0.9996904556712306,3.120582909688594e-18,0.0003095443286386472,1
9.638111980019235e-18,0.9988530737138364,2.2102152481767485e-17,0.0011469262850395208,1
3.3941225875242436e-17,0.9884973953758964,4.0722165035243454e-16,0.011502604622986074,1
1.5058536825446112e-22,0.8426978329517087,5.648353500523183e-18,0.15730216704710914,1
1.0721359263622513e-24,0.14903528121057,2.3223250607663593e-18,0.8509647187888062,3
9.441913064295066e-25,0.004800472679905589,5.593446856569895e-19,0.9951995273182868,3
1.352207666318246e-23,0.7939296761807968,2.222215908868091e-17,0.20607032381965143,1
2.619495076033291e-22,0.9263437819849407,3.1393083333686595e-18,0.07365621801558882,1
3.8844731810949457e-20,0.9942155647948098,2.71205825456444e-17,0.005784435203691466,1
3.524897771200658e-21,0.9983847507936088,5.24086825469946e-19,0.0016152492072690754,1
1.6526682864096144e-19,0.9994046119051454,1.2325337110461578e-18,0.0005953880948035574,1
2.550838329433093e-18,0.9994269386628961,1.5105563043036182e-18,0.0005730613380735254,1
5.406233820482545e-17,0.999239223450485,4.320439682493312e-17,0.0007607765511403675,1
2.6010111002388156e-18,0.9946942122809258,2.713093832903413e-18,0.005305787719252694,1
3.7910654576160756e-18,0.9994538046994562,3.778872818810273e-17,0.0005461953020726018,1
7.686990699867353e-16,0.998539886466352,5.9882995725921154e-18,0.0014601135341299656,1
9.802262417368781e-14,0.9997851189873284,3.5477689842503505e-16,0.00021488101207345987,1
6.814866173125159e-17,0.999639070943711,8.905292977820376e-19,0.00036092905599326955,1
3.264266087309806e-17,0.9997375933719838,1.148036481594217e-18,0.0002624066277631777,1
1.883000208740837e-15,0.9997855390509439,9.014726122487337e-18,0.00021446095078196678,1
2.2038417931044306e-14,0.9996287673917422,2.210058227363178e-17,0.00037123260919073387,1
1.301016823921774e-13,0.9997650474949736,1.949504488417411e-16,0.00023495250369691488,1
7.008969457838074e-14,0.9992732501075442,2.467298231743246e-17,0.0007267498929436423,1
2.0963106971541095e-13,0.9997752962138429,4.566281198281176e-16,0.0002247037872863052,1
1.0005003775383345e-11,0.9993257326127347,4.2969843316982717e-16,0.0006742673784056154,1
1.5219327606022337e-12,0.9998395327507594,4.0716357908988825e-16,0.00016046724672397967,1
1.951039470248426e-11,0.9997856727143644,2.4383460681132267e-15,0.00021432726525201122,1
2.541109190225149e-10,0.9986811371985503,6.159330314812576e-15,0.0013188625482503252,1
1.6666352850440604e-10,0.9993837405433853,9.259014467312429e-15,0.0006162592916132422,1
8.318862582617009e-10,0.9998345721200965,2.4306518763433348e-14,0.0001654270491398739,1
1.4308900645907578e-10,0.9996177905114101,2.522518880231083e-15,0.0003822093458095467,1
9.708729746814929e-11,0.9996931485460643,2.503198674183537e-15,0.0003068513565183695,1
9.093895596561482e-10,0.9998595717718196,1.2938680689936404e-14,0.00014042732005476464,1
8.064299533260874e-09,0.9996407222277107,1.59043989406122e-14,0.0003592697077951049,1
5.591721265190697e-09,0.9997042274361763,6.266767468392205e-14,0.0002957669713614957,1
8.798843022280771e-09,0.9993976707699508,7.167986247123718e-14,0.0006023204296392462,1
1.2494851195605503e-08,0.9995343176025232,9.429960289098031e-14,0.0004656699019311623,1
1.044116482333791e-06,0.9997934462064864,1.2678233308542442e-12,0.0002055096765392679,1
3.912147357868499e-07,0.9997708712313267,3.3767749473121993e-13,0.00022873755255221396,1
5.305207565918709e-07,0.9997874036989185,5.259139662833302e-13,0.00021206578053745146,1
2.484886788998268e-07,0.9997596875923725,2.2866615175590777e-13,0.0002400639205257208,1
5.408084333117261e-07,0.9997943872158451,3.9350641387268205e-13,0.0002050719756137991,1
2.460028871498441e-07,0.9997986156328856,2.2113204691767759e-13,0.00020113836276810384,1
1.6445936496635702e-07,0.9997440125438657,1.3193414549378258e-13,0.00025582299528067326,1
4.995141041709233e-07,0.9998098021006363,3.908793612370369e-13,0.0001896983844854162,1
5.701080572940551e-07,0.9997832498916941,1.088853172226559e-12,0.00021617999785432642,1
8.871104421374244e-07,0.999279727008429,1.2107288271406994e-12,0.0007193858801940762,1
3.3672453067636954e-05,0.999472916113003,1.0067278693768793e-10,0.00049341133153962,1
1.8149724589362325e-05,0.9994844895194704,5.994893467318603e-11,0.0004973606966897694,1
0.00011557872435683735,0.9995662021422477,3.1213436032966407e-10,0.0003182188217247052,1
9.865828976416652e-05,0.999312373544256,5.638932926645145e-10,0.0005889676018774053,1
7.464643511144663e-05,0.9987733859758947,6.158165328107693e-10,0.0011519669732925918,1
0.00011917217738750362,0.9986715951307148,5.195899521749545e-10,0.0012092321727347774,1
0.0003928757334456463,0.999077957579286,3.6733832494288324e-09,0.0005291630121810842,1
0.0008383725971021525,0.9978566181417626,5.546542077493118e-09,0.001305003715384487,1
0.0018607740374948414,0.9971579548712822,2.2412733987927506e-08,0.0009812486785907846,1
0.013253888242160701,0.9671773648380407,2.625954164521906e-08,0.019568720659164204,1
0.11500540976547834,0.8683736266594176,2.0477428385030263e-06,0.01661891583376629,1
0.8074703667620662,0.18364628082827109,4.657740285880009e-06,0.008878694670239,0
0.985518368937904,0.013667757152196128,4.111235269264703e-05,0.0007727615580685115,0
0.9988909359278757,0.0007656956288268489,0.0002578906823306694,8.54777617562837e-05,0
0.9966619500509135,3.220768912966733e-05,0.0032537930107528145,5.204924854667809e-05,0
0.9740975446753342,5.490911062270578e-06,0.02579942642756987,9.753798539833522e-05,0
0.8766358800321292,3.188098172097807e-06,0.12318241505968822,0.00017851681119343513,0
0.8142096457493385,4.1373662395979295e-06,0.1856780156256633,0.00010820125914120386,0
0.7740958008292755,3.999739886512686e-06,0.22581340393845575,8.679549286511001e-05,0
0.7027807010970779,2.4872819442716986e-06,0.2969190389261887,0.0002977726955369364,0
0.5764916686764591,1.7057712383181675e-06,0.42329456815319605,0.00021205739785829173,0
0.2547261635896088,2.2695620877046313e-07,0.7447641000392746,0.0005095094158324362,2
0.049548692409206674,5.0506258744550396e-08,0.9503288498955819,0.0001224071898904997,2
0.005113364589361678,6.818377497258377e-09,0.9948536056457988,3.302294732645917e-05,2
0.00014582536967994422,5.777262592961559e-11,0.9998359305067287,1.824406726857127e-05,2
9.228769020377069e-06,2.935085760509747e-12,0.9999865456916421,4.225538064758143e-06,2
3.4999998765414806e-06,2.287551054331673e-13,0.9999925786308076,3.92137070729862e-06,2
3.970501653957065e-07,8.898578619031088e-14,0.9999966656379112,2.937310738332023e-06,2
4.774272673638828e-06,2.0886470891507634e-13,0.9999917826472687,3.4430799442515936e-06,2
1.2968997595623379e-06,5.78313897440619e-14,0.9999952172443732,3.4858545024130974e-06,2
8.589879158354047e-07,6.263049185279913e-14,0.9999973291632356,1.8118497195887057e-06,2
4.4995980814469126e-07,1.7748906519414768e-14,0.9999974394628265,2.1105762194210075e-06,2
2.98326291492804e-07,2.4204837582409712e-14,0.9999980146623483,1.6870098039417234e-06,2
4.940471101999211e-07,2.2240219966840175e-14,0.9999971918772054,2.314074618526369e-06,2
3.906206512856021e-07,2.4447552601721905e-14,0.9999976119789926,1.99739939157511e-06,2
7.258914136011427e-08,2.6496570548270414e-14,0.9999976283862381,2.29902327235803e-06,2
8.63916448363163e-07,4.0798330553090536e-14,0.9999933734399207,5.762643379267847e-06,2
2.0293024891525145e-07,4.2439171231005936e-14,0.9999960622376644,3.734831675694297e-06,2
6.070558307888057e-07,6.230352924084494e-14,0.9999972400912043,2.1528518437145494e-06,2
8.157721719732733e-07,4.641140898426537e-14,0.9999966879095434,2.4963193158527343e-06,2
6.99064004863701e-07,3.106704590562179e-14,0.9999961860994487,3.1148363522489417e-06,2
2.167568749742606e-06,7.062910669975636e-13,0.9999955519441547,2.2804871511997982e-06,2
2.7461872875344543e-06,4.0546258940418497e-14,0.9999800971979975,1.7156613680325526e-05,2
2.286814632397142e-06,1.229848649249052e-12,0.9999954302506743,2.2829344247642144e-06,2
8.532913873286855e-06,8.994441531536636e-13,0.9999873021776152,4.164908326686791e-06,2
1.7008101384889877e-05,6.802939919831617e-13,0.9999684546665576,1.4537230093884179e-05,2
1.064450319655188e-05,2.892615634152485e-12,0.999986186799012,3.1686955970904007e-06,2
1.1058413023983331e-05,1.1100154086013032e-12,0.9999849487945014,3.992792905554329e-06,2
1.4841028343005854e-05,5.022898643467069e-12,0.9999791075460678,6.0514194805096535e-06,2
0.00017149691990910916,1.161297193015242e-10,0.9998210053488723,7.497615830174228e-06,2
0.0021593372636792983,1.748645163228542e-09,0.9978176510598307,2.3009928709103523e-05,2
0.02247781015775361,2.0444058797981262e-08,0.9774563108552293,6.585854272407708e-05,2
0.06834274888731846,1.622536129797141e-07,0.9315636490693378,9.343978837548951e-05,2
0.12619681573901104,2.8930453384483586e-07,0.8736803114019658,0.00012258355508795477,2
0.17072999032915182,8.741029804197632e-07,0.8291791043975472,9.003116992269669e-05,2
0.24799392748381727,1.0656028383754657e-06,0.7518210973797607,0.0001839095334531431,2
0.3496960353035445,2.1690494416651652e-06,0.6468315835231554,0.0034702121237757547,2
0.43357031280309927,7.570093614339422e-08,0.5318368579160045,0.03459275357986983,2
0.5704896393957997,3.8490389982261456e-05,0.4286447338541171,0.0008271363585882335,2
0.6608973258713782,3.6396382790374917e-06,0.3387465878104095,0.00035244667994566614,2
0.8061099052529668,1.2255408612093932e-06,0.1930358814460595,0.000852987759860766,0
0.9289214194511168,4.220242630753832e-06,0.07081829082023193,0.000256069485602968,0
0.9812352557710834,7.420433736740553e-07,0.017536311960162664,0.0012276902264687299,0
0.9988670286195902,1.3948981105152826e-05,0.0009506627770395058,0.00016835962256070598,0
0.9998764430833352,1.3213495882242084e-05,8.254182298226981e-05,2.78015968576834e-05,0
0.9997799550501086,3.2357704074417856e-06,3.094641812260421e-05,0.0001858627598543178,0
0.9998548866768125,3.064007181984797e-05,1.663759339866074e-05,9.783565620703327e-05,0
0.9987534303326631,1.714286288775175e-05,1.7317294391391148e-05,0.0012121095099869087,0
0.999778109536637,0.00010530794349903682,1.1199939044874787e-05,0.00010538258238028479,0
0.9997845104553454,0.00013082374320563534,1.0490892215385421e-05,7.417491078603794e-05,0
0.9998333112168853,8.595553220984016e-05,1.1299181033719138e-05,6.943406864408571e-05,0
0.9997836105664584,0.0001261786486428413,1.0597029727736628e-05,7.96137544797195e-05,0
0.9998000874347219,0.00011421137997941432,1.1429019157919505e-05,7.427216705126438e-05,0
0.9997812422774309,0.00010149043110608415,1.009126308919798e-05,0.00010717602811031165,0
0.9998033515823179,0.0001085138869029933,1.216616657159223e-05,7.59683649524796e-05,0
0.9997466706035716,7.401430929190864e-05,9.896008889736228e-06,0.0001694190790011816,0
0.9997764782301451,0.00013517757330081952,1.0856749387125615e-05,7.748744665110499e-05,0
0.9998570875043447,7.915648694300396e-05,1.553755813413661e-05,4.8218449894371646e-05,0
0.9998686413008969,4.984671976143937e-05,1.2279191022979551e-05,6.923278965855242e-05,0
0.9998901131356027,2.0611849934550762e-05,1.4279878824581917e-05,7.499513708725912e-05,0
0.999918820342975,1.1248159339308317e-05,3.81207885722954e-05,3.181071044529232e-05,0
0.9999133657824348,3.2033712540501066e-05,1.54150958702012e-05,3.91854102892993e-05,0
0.9998750226145987,3.707746030226169e-05,1.1046156523591337e-05,7.685376824315429e-05,0
0.9999097205991194,1.943832110437679e-05,2.0254567631149884e-05,5.0586510564693076e-05,0
0.9999295183253087,1.2440068210470544e-05,2.7189751569238614e-05,3.085185548818364e-05,0
0.999914286533727,7.979148999732646e-06,4.190012684306866e-05,3.5834191328238954e-05,0
0.9999323459964045,1.2847134690746663e-05,2.8398169849073996e-05,2.6408700227822003e-05,0
0.999928683693906,1.0715513497697998e-05,3.092665255608109e-05,2.967414000897375e-05,0
0.9999226873280321,9.605318286519386e-06,4.455047647467335e-05,2.315687559918751e-05,0
0.999928155064306,1.3707254244948377e-05,3.452685130181136e-05,2.3610829956159556e-05,0
0.9999213675976976,8.853179832315266e-06,4.167825187591698e-05,2.8100970362206493e-05,0
0.9999099264064857,1.0699420162389085e-05,5.817240282193017e-05,2.1201769358323644e-05,0
0.9997538570579888,9.497344603833618e-06,0.0002153676405957531,2.1277957189144203e-05,0
0.9982111520428174,7.921300986575367e-06,0.0017507116278887036,3.021502667965306e-05,0
0.9840156150111284,7.42678301246874e-06,0.01589379250853663,8.316569688821416e-05,0
0.8379941786326931,2.911398295470181e-06,0.16177080491812906,0.00023210504945619842,0
0.5162117368030373,1.077857496157882e-06,0.48347411394251283,0.0003130713985398206,0
0.17423275910862,4.6066388378353343e-07,0.8254222708404115,0.00034450938612379603,2
0.07333680097647514,7.120777165545442e-08,0.9265722688759627,9.085893844871727e-05,2
0.009669957851632839,5.589988169155281e-09,0.9902871133977368,4.292316244367741e-05,2
0.0003273358401937093,3.0198617186930556e-10,0.9996630683016834,9.595556315427792e-06,2
2.443703138324978e-05,6.096661791567668e-12,0.9999706309847126,4.9319773501233294e-06,2
6.6272189396329335e-06,8.386227267404073e-13,0.9999905999653284,2.772814090962557e-06,2
1.5534876464988646e-06,4.531194306611595e-14,0.9999943754568374,4.071053934966968e-06,2
1.0153714363474698e-07,1.7322354162300528e-14,0.9999979356528845,1.9628093522924658e-06,2
2.2433595724509098e-07,1.7173248432851737e-14,0.9999979980295424,1.7776330411128515e-06,2
4.59189538089294e-07,5.175270178193257e-13,0.9999978210422433,1.7197679535557476e-06,2
0.0003163113522069513,4.365650685474593e-11,0.9996760613046632,7.627300429163828e-06,2
0.0010051867728366353,8.234062705584821e-10,0.9989851780890494,9.634313379736889e-06,2
0.0009574634705450597,2.067418550182511e-09,0.9990350571854072,7.477276105609065e-06,2
0.0011501864225517606,1.5256827211320601e-09,0.9988381940309967,1.1618022556675602e-05,2
0.0009969564625557155,2.7747760941474815e-09,0.998992084079391,1.0956682979077092e-05,2
0.001647389691154514,4.6301255618724905e-09,0.9983415766551844,1.1029024963113339e-05,2
0.003277755965293405,4.343851607525677e-09,0.9966918416947823,3.0397997618494694e-05,2
0.005576193661930882,1.822212812895853e-08,0.9944082930795042,1.5495036216969094e-05,2
0.007742263514129809,2.787180390730471e-08,0.9922450047959576,1.2703819887665494e-05,2
0.009855711030435274,2.1457934688072797e-08,0.9901160889155565,2.8178596401439936e-05,2
0.011267143122382348,3.553650919213089e-08,0.9887132869003953,1.9534440285793792e-05,2
0.008261685779935721,1.4521322135212433e-08,0.991717506585188,2.0793114942950122e-05,2
0.0026366957611490822,3.58623605901317e-09,0.9973519250456006,1.1375607217465813e-05,2
0.0006412743692798099,1.5477938634540789e-09,0.9993510461217763,7.677960049959157e-06,2
0.00031372026532043665,3.1768730469734675e-09,0.9996652775225039,2.0999035691138257e-05,2
0.0017735660095559152,3.131737151658838e-08,0.9974623743593934,0.0007640283130632114,2
0.031616830020694986,2.8829428953680534e-06,0.9269123508668494,0.041467936171327574,2
0.00129071835133299,1.2018464436812918e-09,0.0028941799042578953,0.9958151005436605,3
0.001894280446706884,5.041265864055591e-06,0.0006356631747413008,0.9974650151109279,3
0.0008301210996537682,2.9845498559409745e-06,6.870680546052754e-05,0.9990981875439782,3
2.649295765722591e-05,3.3366334905221586e-12,2.7479598618134493e-07,0.9999732322448054,3
0.921691452985171,0.001336795904231076,0.026125721928543878,0.05084602918282009,0
0.9485673912545611,1.387189028282283e-05,0.016949985161233475,0.03446875169217405,0
0.9697627606030615,3.105200851427707e-06,0.010101242648026169,0.020132891549273366,0
0.9945714663412314,2.1095971473404217e-05,0.004923798951528724,0.0004836387359471166,0
0.9988833768586255,6.734550424825735e-06,0.0010752581687798557,3.463042125490585e-05,0
0.9996220787783021,5.65616965530773e-06,0.0003183856611273283,5.387939266813973e-05,0
0.9995887574736386,1.009757060127822e-06,0.00013284806378199054,0.0002773847050119057,0
0.9999197973597559,1.137217895630647e-05,4.165504577564725e-05,2.717541489252919e-05,0
0.9999086240372912,1.7096581359228194e-05,2.7907800622001956e-05,4.6371580892587145e-05,0
0.9999233984617781,2.5788184924193716e-05,1.800664221656652e-05,3.280670951125449e-05,0
0.9998320550693041,2.342127560131584e-05,1.6005022763773566e-05,0.00012851863075196386,0
0.9998780372609263,2.8479829378992733e-05,1.2387163136516586e-05,8.109574669526888e-05,0
0.9998797381592399,2.730655219056706e-05,1.598211397833062e-05,7.697317557719235e-05,0
0.9998888263974086,1.6536534989760082e-05,1.1713450395162041e-05,8.292361859734352e-05,0
0.9999240739901963,1.6925751621427784e-05,1.899369598256217e-05,4.000656280633208e-05,0
0.9999257155448521,1.1304317064813188e-05,2.859937190791371e-05,3.4380764960539424e-05,0
0.9999298277027332,1.2648324369861606e-05,3.4855833053476866e-05,2.2668138778247832e-05,0
0.9998409139215301,5.415685100707657e-06,2.7069418786000545e-05,0.00012660097498223797,0
0.9999220955875853,9.827056208007833e-06,2.5374753500595667e-05,4.2702601537440734e-05,0
0.9999149077892381,7.648044511884925e-06,3.98284709205953e-05,3.7615693574208426e-05,0
0.9999317207903969,1.2948049318289353e-05,2.6470173539258497e-05,2.8860987164083805e-05,0
0.9999334760768898,1.4257199157310929e-05,2.526040386728467e-05,2.7006320049267367e-05,0
0.9999319765592546,1.3665996547979508e-05,3.222506395588551e-05,2.213238119710439e-05,0
0.9999242422557815,1.453774323933877e-05,3.120492546960558e-05,3.0015077207205994e-05,0
0.9999251116708624,2.047168562900563e-05,2.1770592269979988e-05,3.264605038653964e-05,0
0.9998084117377847,6.336006155953589e-05,2.2478170673674138e-05,0.00010575002919813728,0
0.9991363314947463,0.0005128915011649108,1.9599078265250976e-05,0.0003311779265900508,0
0.9935118235549736,0.002702869503543035,5.7171506435275516e-05,0.0037281354367451297,0
0.8598729701416796,0.011559426810157446,0.00017395786754285093,0.1283936451792087,0
0.0037527170159049267,8.466620901470456e-10,6.086687386928244e-08,0.9962472212715295,3
0.8589265406462677,0.04484059494614483,0.00014820668692081963,0.09608465771966317,0
0.9293333097304634,0.03263514345905658,3.063453284076171e-05,0.03800091227874945,0
0.9729450369057558,0.02521630933906979,1.6354484587234763e-05,0.001822299271679439,0
0.9827003821713431,0.016974537881145627,9.843900160963442e-06,0.00031523604781728235,0
0.985535751350393,0.014090158976435568,1.071331255813044e-05,0.0003633763605244843,0
0.9824777206467905,0.013289316661577621,1.6726716754543564e-05,0.004216235976458194,0
0.9735771462767776,0.011689485016372493,0.0002567962412278509,0.01447657246571625,0
0.4862164793675071,5.632268020954269e-06,2.8249925581587435e-05,0.5137496384371951,3
0.42590036616244764,0.0015854440351336554,0.00027703520610118453,0.5722371545975334,3
8.231982328113948e-14,3.615280708909072e-29,1.4293473841248538e-18,1.0,3
0.9458828992772808,0.002002474893392402,0.0002610217304118783,0.05185360410011464,0
0.9962573383868741,0.00022663168534399982,3.214820238146432e-05,0.0034838817259306362,0
0.9992935469991917,1.563375855486909e-05,2.8936639713772252e-05,0.0006618826012678075,0
0.9969860747611127,5.084585709008478e-06,9.483753832669683e-05,0.0029140031131609664,0
0.9843275353119939,6.030808448762028e-08,3.108635916291023e-05,0.01564131801901993,0
0.9992888066555548,1.7576440253676284e-05,5.947375518373495e-05,0.0006341431494023314,0
0.9998666799223084,5.874054866373045e-06,6.869495132014839e-05,5.875107106135159e-05,0
0.9997735555645072,5.322947862057538e-06,5.138311272844451e-05,0.00016973837332064445,0
0.9985298987273954,8.798767988995447e-07,1.2794478746263132e-05,0.0014564269155501245,0
0.9994584030033735,1.3799242599404837e-06,3.892914549627438e-05,0.0005012879280032042,0
0.9999039663766087,8.353627130032984e-06,5.3658317638622965e-05,3.402167930684968e-05,0
0.9998232500226554,3.288975691734613e-06,0.00011249322413639116,6.096777923617895e-05,0
0.9998306628204519,7.069567200597022e-06,0.0001247296688033725,3.753794443570338e-05,0
0.9997897393439971,2.9634904016904085e-05,0.00012900404091606123,5.162170952363056e-05,0
0.9988637998265086,0.0008661033969855214,8.474018696837416e-05,0.0001853565912428996,0
0.976006284298071,0.01676009617871146,7.222440920958705e-05,0.007161395113914038,0
0.6797544026329734,0.1978925924159863,9.337711832477279e-05,0.12225962783403431,0
0.04027508074423557,0.2881894421531518,1.4161286804017021e-06,0.6715340609730284,3
0.0014787000481531534,0.8086901337691266,4.538958878602709e-08,0.18983112079136866,1
0.00021198383294683516,0.9808491559598741,1.3465847045290015e-08,0.018938846742503034,1
3.596700411202659e-05,0.9983920158278659,1.0077056418803615e-09,0.001572016161956425,1
1.7879506768265267e-05,0.9994408362336066,1.9955662384244003e-10,0.0005412840586549128,1
7.171503483436596e-06,0.9987837555223669,4.846472545903309e-10,0.0012090724899947848,1
0.0001415020074468742,0.9688672924033982,6.818539570483553e-09,0.030991198771795136,1
1.9849895572806684e-06,0.04977485896788254,7.975004225992485e-11,0.9502231559630614,3
5.777537596203694e-09,1.9956092457684605e-06,6.105817567296035e-12,0.9999979986079799,3
5.513409921219464e-10,1.3908779406999948e-09,6.70790816724751e-12,0.9999999980500434,3
3.2340814667178685e-11,9.15196582505885e-10,3.580330236002955e-16,0.9999999990541255,3
4.194624005003866e-06,0.9790298782353855,2.0699085287077998e-09,0.020965925069181233,1
2.567008403717827e-08,0.9973462337085497,4.497333631659387e-12,0.0026537406154713366,1
2.2626700455835226e-08,0.9997255097158696,4.626117942917624e-13,0.00027446765550690903,1
8.805442935330759e-09,0.9997666474889484,1.6198948610177333e-13,0.00023334370718154594,1
8.351737043045382e-09,0.9984668024176948,1.779638967347429e-14,0.0015331892306960717,1
2.3248951247405306e-09,0.9997699025909124,8.839203658631057e-14,0.0002300950830913243,1
1.879691588206516e-09,0.9997504533684396,1.1203813930846637e-14,0.00024954475205958847,1
1.891307362427485e-09,0.9997086911660522,5.950917996636926e-15,0.0002913069428274215,1
1.027822931800229e-09,0.9998525477877148,2.6025902516457128e-14,0.0001474511830477421,1
2.0738841485288973e-09,0.9992896934842571,1.4061568925145451e-14,0.0007103044417283898,1
7.49037722616207e-10,0.9992412342440917,8.11517273173006e-13,0.0007587650069698229,1
4.562916180836076e-09,0.984025550290257,8.256359229448529e-14,0.015974445145158465,1
2.378419801221183e-09,0.9969773310946367,1.5791499542595166e-12,0.0030226665260044004,1
2.2636769672273548e-08,0.9988685673484856,3.037230841094441e-12,0.0011314100134034541,1
3.1689039433112354e-08,0.9980487140596418,1.6839527889032807e-12,0.0019512542486666536,1
1.7452636371102736e-07,0.9975688552625229,1.6225831070511542e-10,0.0024309700474757726,1
2.5621857925073193e-08,0.8921448688028001,2.3042305734147145e-11,0.10785510555376689,1
4.3163812776101183e-10,0.07511711578649102,1.7076506034252817e-13,0.9248828837832143,3
7.162185931705864e-09,0.9401377412621319,2.7446422409599104e-11,0.05986225154775802,1
8.229882079659195e-10,0.9936995252213702,1.1243726214533554e-11,0.006300473944025996,1
1.6883770782685533e-09,0.9964157115891629,3.902230186950594e-12,0.0035842867193802952,1
1.80524359659139e-08,0.9936817450475567,6.466190439954095e-11,0.006318236837117649,1
2.43365862158643e-07,0.8014139237896732,8.389555212718009e-13,0.19858583284304587,1
2.007938592715899e-07,0.9949587427074084,5.002782334431196e-11,0.005041056449733048,1
1.8335986853226778e-08,0.9995318711422853,4.208763043608786e-12,0.000468110516020481,1
2.2689059026600396e-08,0.9983870229196994,4.983806663863432e-12,0.0016129543856271038,1
9.878749539876209e-08,0.9695174127700514,4.80918660806614e-11,0.030482488393705973,1
7.269240739538889e-07,0.14460211048833227,9.021501590945066e-11,0.855397162496277,3
2.050417189944867e-06,0.003986329092979011,7.231194786534043e-10,0.9960116197664121,3
0.0002867953918283482,0.8562129516193128,2.506727293234808e-07,0.14350000231457805,1
0.0003623603263105479,0.9524314119859812,8.276523878038012e-07,0.04720540003663759,1
0.00023845811437484397,0.8473986561550874,9.153037386138747e-08,0.15236279420156618,1
1.1666145559860814e-05,0.03048618740648842,2.297825475345437e-10,0.9695021462184021,3
0.0007745356814040515,0.8306232488825899,4.768376442165206e-07,0.16860173859791552,1
0.0013351963849679979,0.9508633288538105,1.5498558095947288e-06,0.047799924906839306,1
0.001755580446121441,0.876078810170111,6.764953089231653e-07,0.1221649328894245,1
3.0911663473448113e-05,0.008821232961913493,2.9697620729497296e-09,0.9911478524030813,3
2.3652671037291156e-05,0.0062490672140286235,4.328110562320106e-08,0.9937272368334326,3
0.00014493197315976672,0.05354609594658991,5.828032537569987e-07,0.9463083892766553,3
0.00011906714609465084,0.2920920990404279,7.501026119686922e-07,0.7077880837123403,3
9.340812263758853e-05,0.17114684015837442,2.500471653940023e-07,0.8287595016703734,3
3.1983149104893144e-06,0.004779147285244051,1.667426679407626e-08,0.9952176377252656,3
0.00013525675929803874,0.013327582423726865,6.888072006469607e-07,0.9865364720080279,3
3.9490950459433175e-08,3.9301837155406064e-10,4.2149160615197497e-11,0.9999999600731834,3
0.02995848679170582,0.000900564774217119,6.0118127314847225e-06,0.9691349366225913,3
0.660657851038444,0.004474732687132216,0.0001512799422177465,0.33471613633062736,0
0.8219101896655546,0.0006553254884151898,0.0013745700839504417,0.17605991476095537,0
0.8950309295229025,0.00028282825121305524,0.03422209483186001,0.07046414739274837,0
0.2644659435604442,3.0961610572798544e-06,0.7271656213284015,0.008365338950930869,2
0.037042233338711025,5.754079523905934e-07,0.9591988421446459,0.003758349109523829,2
0.010824183201643247,3.8455948046769646e-08,0.9854567258245056,0.0037190525182777736,2
0.0037049129164530336,2.9654107015503683e-06,0.9948564843666396,0.0014356373073203643,2
0.0061719119478562895,4.262309222321352e-06,0.9759720148595583,0.017851810883891504,2
2.4862404632138758e-06,3.676769127048072e-12,0.001107562769404007,0.9988899509877984,3
7.664725172511819e-07,2.218182902410434e-11,0.0002224166653157145,0.999776816839412,3
0.0028766699670518827,3.2834291012377513e-07,0.0908148423027339,0.9063081593872118,3
0.03965143419529502,2.2650529394310058e-05,0.9124073420276168,0.047918573247398615,2
0.027021986085097364,9.360025766181827e-07,0.9670284770348568,0.005948600876943494,2
0.010934209787202557,4.440825295495391e-07,0.9888513926646268,0.00021395346516182804,2
0.011138396462631216,4.0127772001150895e-07,0.9884562866995477,0.00040491556179808575,2
0.02606026378206628,1.64482525913929e-07,0.9637503592795467,0.01018921245642172,2
0.07194209572525041,1.0080286995789243e-06,0.8803467658776845,0.04771013036755121,2
0.13146820130065523,9.53323742436068e-08,0.7218968097204554,0.14663489364543567,2
0.3336564772816905,0.00012760653112635456,0.6604042600837453,0.005811656102284632,2
0.4812555317673204,8.12992547473138e-06,0.5181298878493387,0.0006064504563144659,2
0.728358665837806,2.9363873752384372e-06,0.2707792727747008,0.0008591249984192321,0
0.9252286989338824,6.892030618004363e-07,0.06445944760397498,0.010311164260296253,0
0.9822698481286689,1.8254021852485441e-06,0.013862554899195216,0.0038657715714329314,0
0.9926322511943121,1.7037099013501966e-06,0.006044530574703996,0.001321514520115678,0
0.9982968089258687,3.352470969760146e-06,0.0015366126574745081,0.00016322594670641874,0
0.999682897585265,3.397199288095233e-06,0.00019802641964950679,0.00011567879540866474,0
0.9996288651261317,1.9150969727943574e-06,3.759776285974309e-05,0.000331622013538707,0
0.9999235042133643,9.635265880441011e-06,3.171666049736937e-05,3.514386030653215e-05,0
0.9999233604259863,2.066321610573777e-05,2.5295723085576157e-05,3.068063410791476e-05,0
0.9998522205598145,1.2922536640308982e-05,3.8654425343746755e-05,9.620247682191165e-05,0
0.9983255051932726,0.00017985225126799766,4.8363189698175704e-05,0.001446279367460285,0
0.9505644079836718,0.0008095522410657717,0.00036907435645364546,0.048256965418324485,0
2.8805195492277774e-07,7.952338974852873e-16,9.366978853666122e-11,0.9999997118539301,3
0.0010524185766739135,6.591181207944972e-07,1.095881032520627e-06,0.9989458264239095,3
0.023991062080220876,0.0003233738140582489,0.00017798886889576197,0.9755075752376035,3
0.02149434332410023,8.097004891515752e-05,1.9198181808629937e-05,0.9784054884467469,3
0.012782920748728334,7.690650157460445e-05,1.6188954099962567e-05,0.9871239837941032,3
4.4060595574112605e-06,2.296256734174608e-11,6.024701975325519e-11,0.999995593857123,3
0.08412154070292682,0.003786484985299507,3.864516953489447e-05,0.9120533291430664,3
0.15027359715864066,0.018469031042574982,1.1552441309766239e-05,0.8312458193562487,3
0.2809288076530152,0.12282133240056627,5.9449491957465724e-05,0.5961904104551632,3
0.29714286518715116,0.001239000903303034,2.0159931132904177e-06,0.7016161179155289,3
0.8686645210096218,0.05800834041272845,9.520824756225543e-05,0.07323193032937693,0
0.9538843678012293,0.04062161759617627,2.3186649157742807e-05,0.0054708279549296615,0
0.9706710144330167,0.023318888609945108,7.503585774611088e-06,0.006002593371463536,0
0.970423527165707,0.021433066502563658,3.09771254135132e-05,0.008112429206097416,0
0.8992141809910605,0.030192238049104793,0.00018527409766986382,0.0704083068630995,0
0.20918591938552827,0.004424725370417755,1.9568945235940392e-05,0.7863697862975839,3
0.12473524879289132,0.04225584205297326,4.416187287166153e-06,0.8330044929678629,3
0.10437461639561096,0.4610017908173524,2.910196030056811e-05,0.4345944908275284,3
0.056421093469575016,0.41918091488975445,1.19338066294375e-05,0.5243860578335259,3
0.0006967261591055759,0.008530569867853126,6.3468878572196e-08,0.9907726405037777,3
0.00022460803201163388,0.026290139588778468,2.728085807429403e-07,0.9734849795710345,3
0.00017233351129411893,0.10921216667645924,1.264671020652246e-06,0.8906142351400734,3
6.401319032528216e-07,0.019444220109075445,1.7930529158884466e-09,0.9805551379673566,3
3.0344857798272544e-05,0.6184679668600273,2.2524237939659033e-07,0.3815014630385542,1
0.0001514972385141479,0.5843094709066413,8.324014910567104e-07,0.4155381994526455,1
1.245405785022698e-05,0.02381477278553315,1.266541020451558e-08,0.9761727604918617,3
0.00019234755462239707,0.12041712871560208,1.0446137495717527e-07,0.8793904192671869,3
0.004667530044805156,0.7827117863838725,4.166743354359477e-06,0.21261651682868424,1
0.011821193083228817,0.7386154145211627,1.4004781556805337e-05,0.24954938761329692,1
2.8835721036501676e-06,7.417670243530604e-10,6.554287347587707e-11,0.9999971156217486,3
0.0026478570786799423,0.00011045069091260225,4.961825466328327e-06,0.9972367304043637,3
0.00036474869461534785,0.00011348189624398134,4.3874128223761706e-07,0.9995213306671242,3
0.0019106042492619201,0.020792939647576923,9.886490102176817e-06,0.9772865696130609,3
9.203171854253442e-08,4.7915767808816275e-09,8.582896571284376e-12,0.9999999031679228,3
3.489778851394903e-05,1.0282958949617505e-05,3.493211582352155e-08,0.9999547843217318,3
0.000779191305011771,0.0032405124720815545,8.155164802498631e-07,0.9959794807077121,3
0.0028634621379088564,0.0013018146639656532,2.8735438109635153e-07,0.9958344358452852,3
0.037070049284682695,0.014707232103245461,5.030451913645404e-06,0.9482176881609659,3
0.21759747288782866,0.011950230107897294,1.478120049220364e-05,0.7704375158049925,3
0.5071113649572196,0.009446384171245081,3.146546810890452e-05,0.4834107854031649,0
0.7907646859039251,0.008437140022059107,3.7870196659909706e-05,0.20076030387618435,0
0.9772916559780078,0.008912246392677224,4.756016030402798e-05,0.013748537470673798,0
0.9895764921855059,0.0008849956325794933,5.856812637932906e-06,0.009532655370214686,0
0.9942882983533724,0.0002517851024931079,1.1497630447273537e-05,0.005448418913026653,0
0.998136505916302,6.984536810339394e-05,8.84040390527113e-06,0.0017848083108750314,0
0.9996550228798313,0.00011769224973355726,1.1888892035636267e-05,0.00021539597705122105,0
0.9994451172584643,1.954466017430388e-06,3.52194348099942e-05,0.0005177088421846137,0
0.9997081189224648,3.078106898164545e-06,4.562552354691254e-05,0.0002431774472306774,0
0.9998983841660819,6.744007084180568e-06,6.081712285217262e-05,3.405470417189098e-05,0
0.999921727991258,2.7953124699160955e-05,2.1606392954910618e-05,2.871249049862851e-05,0
0.9998394765093591,7.172421723216235e-05,1.7384939202697224e-05,7.141433472587833e-05,0
0.9990772330789559,0.00042216040005377975,4.5685530938307216e-05,0.00045492099093205157,0
0.9689253637111345,0.0033393072304866407,0.0003994501213672121,0.027335878936357968,0
6.163638014116413e-05,7.607583842181296e-11,1.3156283910406498e-08,0.9999383503868821,3
0.0010730597823347611,1.7867939540953288e-05,4.946521389427092e-07,0.9989085776247062,3
0.017088324158556087,0.0005774660745796726,1.971082717717593e-05,0.9823144989403383,3
0.013967976584502603,0.00028213833610288926,3.1380721189582996e-06,0.9857467470069029,3
0.016481737398504503,0.01662440610041899,1.3342980853576171e-06,0.9668925222013942,3
0.0058401630191439406,0.7547938124455429,5.70443416997474e-07,0.23936545409073365,1
4.619922692505883e-05,0.9380389716657034,1.915861824361229e-09,0.06191482718981784,1
1.6543460091371782e-06,0.9962326350380006,7.874394109882559e-10,0.0037657098302625457,1
1.0810678299036632e-06,0.9979572133993108,1.6658396431740085e-10,0.00204170536701699,1
6.174478639740723e-06,0.9924330992321576,8.012700067058438e-10,0.007560725487811935,1
1.2484806177695812e-06,0.9491963263736843,7.546675029664568e-11,0.05080242507182936,1
5.18179595055109e-06,0.9680571571105779,2.674203348350975e-09,0.03193765841887036,1
1.0839245357979765e-05,0.9791794089736036,1.3686164392551583e-08,0.02080973809586327,1
8.39138531483637e-06,0.9547156347896634,2.214426695490602e-09,0.04527597161154272,1
4.583629564514724e-07,0.976723296888092,3.791727992548466e-09,0.023276240958970226,1
1.3136871506933039e-06,0.9347328655576382,2.0986325640156047e-11,0.06526582073506144,1
2.110715503052315e-06,0.9954231412956202,6.873139964417037e-10,0.00457474730300816,1
2.3370183274324996e-06,0.997982901626649,8.413887990880199e-10,0.002014760512308134,1
2.9040262262342416e-06,0.9883568702448815,2.426170271802214e-11,0.01164022570284591,1
1.2609166779108211e-05,0.9989492653982509,9.818783164067168e-10,0.0010381244529385335,1
1.9963974439222514e-05,0.9984726086678565,3.1828251507214943e-10,0.0015074270403490518,1
4.0425641450060514e-05,0.9955604827680294,5.900242126551862e-10,0.004399090999781747,1
3.0280443430941303e-05,0.9952697367103912,3.65545284788201e-09,0.004699979190164215,1
0.0005005251580478953,0.9660709468363682,5.229843069777645e-09,0.03342852277748625,1
0.0004152168161902411,0.9808338960077028,1.7006749038654895e-08,0.018750870169407914,1
0.00012481791962773534,0.9980576421250426,2.304327067627568e-08,0.0018175169119026876,1
5.576837213008909e-05,0.9922804209462278,2.584773005877138e-09,0.007663808095747463,1
2.3383526292991903e-05,0.9931593204897612,3.229059021745533e-10,0.0068172956616865425,1
7.385095055919472e-06,0.9994644948232847,1.4219338763522756e-10,0.0005281199391236294,1
5.072658523696161e-06,0.9995321257288927,3.839129818992287e-11,0.00046280157485740386,1
1.6587372817361732e-06,0.9983291852204845,1.4877889756973826e-10,0.0016691558933967813,1
3.9085093628410845e-07,0.9706662912084197,1.5289213245971867e-10,0.029333317787015367,1
3.3244962519804163e-12,0.005059987813831746,1.430502913049848e-14,0.9949400121830699,3
5.409203545784482e-13,0.002140377459642401,4.717713637662983e-12,0.9978596225350934,3
1.5140650498222498e-18,1.380707396883833e-10,6.2263116468174125e-18,0.9999999998617568,3
9.939399287005076e-11,0.008261738287200338,3.6858446179282167e-11,0.9917382615751715,3
4.632839555508369e-11,0.014572166143978547,7.69950450942249e-12,0.9854278338013146,3
3.6164854267427093e-06,0.06302579005892259,7.10264863986944e-08,0.936970522428453,3
4.181757705255756e-06,0.07945488223318406,1.1887024660219634e-07,0.9205408171375195,3
2.9710943671542214e-07,0.01264871091735825,1.3446887306759564e-10,0.9873509918390755,3
3.291512392157719e-07,0.6828652913361449,5.248720213124233e-11,0.3171343794604562,1
6.775984855216763e-08,0.9928794544870173,5.3543779624758796e-11,0.007120477699452773,1
8.362307042922383e-09,0.9990592124522069,7.290005169411754e-13,0.0009407791832324668,1
5.275064688711815e-09,0.9996648876217863,1.6308984754062013e-13,0.0003351071027955088,1
2.993636351108775e-10,0.9994713642177981,5.337486101746836e-15,0.0005286354843209812,1
5.523310405886317e-10,0.9996923658390103,7.693643868157381e-14,0.00030763360739561083,1
2.166147939244258e-09,0.9976855213228121,1.784261921067915e-13,0.0023144765107005506,1
1.927724912060381e-09,0.9937458258239802,3.1316770619618944e-13,0.006254172249600915,1
6.274989930849154e-10,0.9986060453861495,7.921322567327537e-12,0.0013939539796714345,1
9.16523561379819e-09,0.9667269998358333,1.302393102605963e-12,0.03327299099875428,1
1.3738362011224042e-07,0.9640063733212273,1.6040629189509554e-09,0.03599348769081572,1
1.4221972060789273e-07,0.7606906491280019,5.074128052721495e-10,0.23930920814393067,1
3.1020294301277804e-09,0.014962518726733747,5.566416746943795e-13,0.9850374781719116,3
1.53080870930024e-08,0.4803666324405626,1.5649984689202752e-10,0.5196333520952565,1
2.114708809596466e-07,0.8418073040459713,3.694138036052072e-09,0.15819248078794118,1
1.0070181343196763e-08,0.8374465544204858,1.3111570093503406e-09,0.16255343419989318,1
3.101321052189132e-09,0.03408603755130898,5.603736566215118e-13,0.9659139593465019,3
6.921113216419211e-07,0.9298284237333722,6.528371685959461e-10,0.07017088350156765,1
5.993099624990245e-09,0.9902414820691682,7.614898918809182e-11,0.009758511861011624,1
5.4561449542365263e-08,0.9853172425001617,2.2138696430699737e-11,0.014682702916191963,1
9.04235453045617e-08,0.9881047414769275,3.3321168683484506e-11,0.011895168066144894,1
1.140022599535081e-07,0.9980237838552537,2.0685006499554975e-11,0.001976102122946998,1
3.3401501684107228e-06,0.9990263512832379,6.718210337326563e-10,0.0009703078938386908,1
3.082688342155627e-05,0.9773174641434559,2.0980649440534853e-11,0.02265170895307284,1
5.887622546027375e-06,0.9978223782499949,3.5124258917093644e-10,0.002171733776585879,1
4.316027578189896e-09,0.9992260866908746,9.672411840796048e-14,0.0007739089945287739,1
3.8894010241678275e-09,0.9998165092110152,2.809887115551203e-13,0.00018348689930651916,1
4.273649912054491e-08,0.9986575404148327,5.1567495644291625e-12,0.0013424168426710767,1
2.163167283649507e-06,0.9344692557869494,1.7339459714561994e-10,0.06552858087283009,1
2.5193412049576354e-10,0.00014049327732010725,2.502019265805668e-13,0.9998595064719974,3
1.97785507374313e-06,0.2067061145492675,6.297687349390713e-08,0.7932918446175804,3
8.657126768806176e-10,1.3868752395088973e-05,8.171041822406371e-13,0.9999861303820176,3
2.8427999059609032e-05,0.3024912414864269,4.466013619556956e-07,0.6974798839120432,3
1.1836947653801115e-06,0.03176405398152028,1.2132996959407884e-09,0.968234761108763,3
8.407672696739745e-06,0.08424657056821375,1.4606682321091777e-07,0.9157448756924982,3
1.2799854156372404e-06,0.01926123940952453,2.8995750595394163e-08,0.980737451608098,3
1.2789843744380138e-08,1.4874758162534401e-05,2.8639271876118714e-13,0.9999851124501662,3
4.326656811072975e-06,0.9479614126148103,2.16874528999096e-09,0.05203425855810337,1
1.885245293423663e-05,0.9938963674848642,2.169401349963978e-09,0.006084777894455488,1
9.678379307563045e-05,0.9994114208494915,4.3716491290825644e-09,0.0004917909864594924,1
0.0024875079190804475,0.9967995347799409,7.30276228347144e-09,0.0007129499984708756,1
0.020364855395585083,0.977697532915193,6.484047931989042e-08,0.0019375468475164533,1
0.08630393931214457,0.9100020244317178,4.689521944573151e-07,0.0036935673037746977,1
0.37578654080384416,0.6048582953346379,9.460500477767945e-07,0.019354217809705504,0
0.627995662506372,0.3607592766989964,7.084152591522614e-06,0.011237976643244663,0
0.883926394240203,0.05755089273738653,3.3481550176748127e-06,0.05851936486578399,0
0.9690956281746856,0.021304635766540188,1.282011971358614e-05,0.009586915937458862,0
0.988307399397213,0.011232419456277733,1.3514882072332337e-05,0.0004466662632578946,0
0.9938654498047631,0.00571969402543863,7.84316609304924e-06,0.0004070130045312438,0
0.9976805133790593,0.0019390982102155563,8.379117683979268e-06,0.0003720092925211461,0
0.999404512589288,0.00016763439011509802,2.4124519633074384e-05,0.00040372850223560766,0
0.9988875759706832,3.793715560529779e-05,0.0009550094469082742,0.00011947742751180931,0
0.9772390243742828,3.354629154054479e-05,0.01836855490939547,0.004358874423033436,0
0.9011149784828585,2.3926028654989185e-07,0.03558553902227236,0.06329924323617649,0
0.9595767198411564,3.700066038806206e-05,0.03470558635384099,0.005680693143998577,0
0.973446089475549,5.336639850499788e-06,0.025204642719936103,0.0013439311652079901,0
0.9816747351372487,1.3648190722012675e-06,0.015457533193172657,0.002866366850870909,0
0.9877480884951592,4.0000304562469974e-05,0.0106847954375841,0.0015271157614918378,0
0.971926203361798,0.0008644479905331841,0.0073223213093530064,0.01988702733684243,0
0.007227062876392034,7.238991452208128e-08,7.31968618304394e-07,0.9927721327665341,3
3.8101052844262907e-34,1.0338655686436857e-57,7.048641496167894e-38,1.0,3
0.00012776876396846328,1.6541957025725357e-06,9.213869752394602e-07,0.9998696556549199,3
0.0007873901782368246,2.673789098684146e-07,3.307381985146036e-07,0.9992120117029702,3
0.06360727075836968,0.004937517994251546,0.0018270947817064127,0.9296281164674803,3
1.0957524461511576e-08,2.243459186469653e-16,1.9893743877734228e-13,0.9999999890424079,3
0.0006351438270466434,4.768452332690505e-08,2.1544261192560669e-07,0.9993645930458827,3
0.04163910676734772,0.00012027914822538885,0.0002485942533292636,0.9579920198309996,3
0.04276790349725577,0.000184079727217715,0.00014418208831474966,0.9569038346873566,3
1.605422679755423e-06,1.5654119408708717e-10,1.0266379471093001e-09,0.9999983933934519,3
1.4962191874128697e-05,2.1270142695055963e-08,2.6292187627381708e-08,0.9999849902450089,3
0.00012621651335628458,8.329028688460578e-06,2.254439254288958e-07,0.9998652290143876,3
8.102891232975718e-06,2.7584394413012862e-05,7.167801939566886e-09,0.9999643055457066,3
0.0008446713124742502,0.167547345805894,4.345493250832949e-06,0.8316036373884872,3
9.446740584207558e-10,8.223544778639364e-10,1.0291076870690443e-12,0.9999999982319423,3
3.9144540911734454e-05,3.50907990812817e-05,6.354049828390386e-08,0.9999257011177001,3
3.226862595873105e-12,6.992255453608371e-18,1.3192390224329085e-14,0.999999999996362,3
2.2688583062884105e-08,1.2423647110117572e-11,1.929746567091829e-11,0.9999999772808226,3
8.92429289979445e-12,5.8632196465544305e-18,4.0098549328561034e-15,0.999999999992724,3
2.6167483654952007e-06,1.014964402124498e-06,8.168266868179244e-10,0.9999963674702068,3
1.3292077314000748e-32,1.5304516697350054e-49,6.680065941072351e-37,1.0,3
3.4877368457082243e-13,2.1199251570006705e-16,1.0087011017230084e-17,1.0,3
1.6568916006984922e-06,5.320498298230418e-05,2.6276253420324587e-09,0.9999451354987177,3
5.8206980332489615e-08,9.022176095257713e-07,1.9222152888861298e-10,0.9999990393848814,3
2.4134602735524854e-11,6.758465665532383e-14,1.0999566730894923e-14,0.9999999999745341,3
1.2160932589386137e-06,1.3806672076661628e-05,1.231949926594925e-09,0.9999849760025358,3
8.479818503814383e-11,6.38435543354868e-10,5.603913581425073e-13,0.9999999992760422,3
6.106010036263584e-26,1.90304772953546e-31,2.554852884417281e-27,1.0,3
1.5758167518855523e-09,8.989433303378615e-09,1.5754142203325667e-11,0.9999999894207577,3
3.3063232763982123e-07,0.0005087039636824926,2.012236710585001e-09,0.9994909633934497,3
3.5032325479565933e-12,8.451682639771314e-08,1.5655616517981573e-14,0.9999999154788419,3
4.142950567723596e-16,2.001870155643565e-14,1.6605207960598581e-19,1.0,3
1.5245589694818525e-09,0.00019039539172379465,3.261605293243156e-11,0.9998096030501321,3
4.2598871130588056e-09,0.0016648775862809228,1.6879105727773721e-10,0.9983351179837651,3
2.4952955188253425e-09,0.011439551339295286,2.8076704475428654e-10,0.9885604458833496,3
2.3676311470711343e-11,4.8131249280577175e-05,8.924991836095453e-13,0.9999518687269445,3
1.0155523429789866e-17,3.6472551679826875e-10,6.857916760597759e-16,0.9999999996362021,3
3.722908789955873e-44,2.2306636645350004e-41,6.206003965239533e-43,1.0,3
2.8497778469330324e-26,1.8352886580707246e-07,5.659854530917247e-21,0.999999816471262,3
4.1677714023101e-23,0.005487592430979315,6.847351081095441e-17,0.9945124075686568,3
1.5185527972117073e-21,0.0011734134596818608,2.3940562792413435e-16,0.998826586538585,3
1.3018912787046378e-21,0.0020223721832676083,3.5709405172824767e-16,0.9979776278155491,3
1.1541953971307972e-25,5.1768778924380006e-08,6.578488602144767e-20,0.9999999482315629,3
2.1442475621537596e-25,8.24989673026963e-05,4.683904838099518e-18,0.9999175010324395,3
4.262737500966025e-22,0.0887871055700825,8.183254038855552e-16,0.9112128944292602,3
1.3603767739502546e-21,0.03408750287047691,5.91974653273076e-16,0.965912497130104,3
8.806905667753088e-26,2.2221021239888195e-07,1.173485512411855e-20,0.9999997777886411,3
3.974310830912409e-38,6.571679345279855e-24,1.0141753434538159e-31,1.0,3
4.80981859053412e-22,0.009601612698163758,3.9725571387472503e-16,0.990398387301606,3
6.95766586890007e-41,1.1231208282996704e-28,1.7737024769207253e-36,1.0,3
1.4349373311727687e-43,2.3528545288226404e-28,1.1310156057607178e-36,1.0,3
2.2694707847586356e-29,1.955121710471517e-06,2.738299447891757e-20,0.9999980448793407,3
3.204124873694235e-26,0.0003157736009930975,1.4845790408555766e-18,0.9996842263984275,3
1.9876873479788692e-30,9.402019763564307e-07,5.904700060819839e-22,0.9999990597975611,3
8.764414327302735e-25,0.03562189543351999,3.771014629142737e-17,0.9643781045680466,3
3.094577380944145e-32,0.013902861619019618,2.716694596318961e-20,0.9860971383814743,3
2.3865442160371068e-36,0.003574833168505676,4.0559106200450554e-22,0.996425166831294,3
1.3606261434064154e-36,2.507063715703803e-06,1.8623146345758744e-24,0.9999974929373415,3
3.276136430686996e-30,0.0036724912461804306,1.9970711079151912e-19,0.996327508755578,3
7.811197861602543e-31,0.00013108896758424188,1.4905464540591594e-20,0.9998689110325395,3
5.113152899323002e-35,1.1445172736053421e-08,1.0556702978359766e-24,0.9999999885549188,3
1.7883159345228486e-28,0.00019061415802955616,1.0301758746985642e-19,0.9998093858423389,3
3.0336927995698264e-31,1.5360815843819845e-08,1.6110239783478517e-23,0.9999999846404536,3
7.0668683448784334e-43,5.367912150356137e-29,1.618620175492687e-37,1.0,3
6.775454458653863e-31,4.3943634113232634e-11,4.559607107462831e-24,0.9999999999563443,3
5.312371721877616e-32,2.0674811717835397e-11,1.05909968623508e-23,0.9999999999781721,3
2.0972591692186116e-25,0.04957781449352966,9.060743809139534e-19,0.9504221855067142,3
1.374475214750535e-22,0.8314062687994511,3.3972393274900946e-17,0.1685937311988867,1
9.777330466868459e-22,0.9537742393783124,9.598386555310445e-17,0.046225760622123684,1
1.058142672548868e-18,0.9625042516805952,1.5359491625016402e-15,0.037495748318746344,1
9.755386304750502e-19,0.9116571965286605,2.3032205757624347e-15,0.08834280347065762,1
2.052561657041418e-18,2.3534531431644556e-05,1.371497887211845e-18,0.9999764654680806,3
9.462816855458495e-18,1.5821084877681445e-05,1.3932801789557154e-16,0.9999841789154825,3
2.6731429632189994e-12,0.040047838782001195,1.460595218249503e-11,0.9599521612002698,3
9.713723424139256e-16,6.89783846083903e-08,3.0025300977092534e-16,0.9999999310202862,3
3.2315256102749816e-10,0.015503623669429712,1.4451931718095036e-10,0.9844963758643064,3
3.6219779812161304e-13,3.991496319351113e-11,5.443887933131138e-16,0.9999999999599822,3
1.75309468861883e-08,0.13364188580776112,3.86327266601307e-09,0.8663580927991998,3
1.920926281301782e-15,2.3380838531717303e-06,6.918757604943916e-15,0.9999976619174098,3
5.701958881164195e-14,6.43004528931828e-05,4.9733755057971626e-14,0.9999356995477586,3
4.434266660797289e-15,1.1347045151760617e-12,7.929550072271747e-16,1.0,3
7.432676651212845e-10,0.00010702304166045577,2.2071758783265854e-11,0.9998929761945007,3
1.844020758597896e-05,0.01640188853832225,4.8280772110023916e-08,0.9835796229723106,3
0.0011098742067224417,0.056187619337842276,3.91375678349178e-06,0.9426985926981779,3
2.440151443323015e-08,2.5876624585151296e-10,1.7811650844042218e-11,0.9999999753235901,3
0.0004474962467252771,5.710599833974567e-06,5.622404688987028e-07,0.999546230912972,3
0.0006962346189853923,6.281479769012114e-07,3.9143630701895714e-07,0.9993027457962593,3
0.05613478476822026,0.08846171421498904,0.00030053228906335756,0.8551029687260819,3
0.001838684974891119,0.00016624417370929292,7.183086353396788e-07,0.9979943525441469,3
3.336649835352195e-05,1.4515543016644656e-07,2.7037167386450775e-08,0.9999664613082162,3
0.0002772418198000594,4.595851518794564e-05,3.164511814945536e-07,0.9996764832135948,3
1.0527486474725437e-05,9.1306126735821e-11,5.594924864054144e-10,0.9999894718611688,3
0.24199820631595384,0.0026570041563199203,3.1192329535799116e-05,0.755313597199165,3
0.37476954619472225,0.001104470667559931,4.0558812812073134e-05,0.6240854243259945,3
0.9299408074199988,0.0014125482296063546,0.0001042676499222926,0.06854237670045217,0
0.986524897626648,0.0011532706566794537,4.2663165996639877e-05,0.012279168551436962,0
0.9787539449637536,3.793306082130772e-05,9.42605916248971e-06,0.021198695915731196,0
0.9700399045439886,2.0751747347101504e-06,1.1636410791120828e-05,0.0299463838716469,0
0.9781240744195143,0.0008552387278422887,8.75418148035873e-05,0.020933145038849004,0
0.8281736353997674,1.1016665374235959e-07,1.3325585828060677e-05,0.17181292884916677,0
0.8994508784241216,0.0024918944277540775,3.0482354624224192e-05,0.09802674479509726,0
0.8803689800592637,2.1870121356205503e-05,3.2478414853110746e-06,0.1196059019779204,0
0.9665104003769343,0.0003834088817268964,1.4116458361727297e-05,0.03309207428216696,0
0.9895811977609051,0.0025887303583092642,1.8938450021440892e-05,0.007811133429866182,0
0.9849450459891774,3.7277004374471026e-06,2.9875544244075436e-05,0.015021350766744596,0
0.9902959423743519,1.2739785471803494e-06,6.87896409882356e-05,0.009633994006407761,0
0.9963446615360915,2.8458737509258528e-06,4.9209379299755507e-05,0.0036032832092294433,0
0.9935241975097602,8.377985884384394e-06,6.122204009847175e-05,0.006406202462695142,0
0.9795755115995888,6.37763275668861e-07,4.407840550967318e-05,0.020379772233109078,0
0.9899132547988053,1.090176093805693e-06,2.5617010103434334e-05,0.010060038014535212,0
0.9997388625705684,3.831808694560292e-05,2.5705589170724566e-05,0.0001971137540412391,0
0.9998632886780476,1.1097698096221278e-05,3.206427425564274e-05,9.35493503137434e-05,0
0.9990828629895065,3.9764379772031884e-05,0.00010318247421489412,0.0007741901581989447,0
0.9815524252075624,0.000701107402328354,0.0014007552149267546,0.01634571217520619,0
2.8915087934225612e-06,1.2849506999458687e-15,1.9572382394677008e-11,0.9999971084731409,3
5.622816850597006e-08,1.4305066540327526e-18,2.5905886623411374e-11,0.9999999437459353,3
0.919837096900097,0.0004336358200458961,0.010834464691986994,0.06889480258900207,0
0.978094180151681,2.4719239857951336e-05,0.011226517114290473,0.010654583493087951,0
0.9836828993370548,2.7004469790398888e-06,0.013743863468577908,0.0025705367488994134,0
0.9754543220431989,3.9185121515249076e-06,0.02413442521204529,0.00040733423117217084,0
0.963601593290577,1.1667894297960935e-05,0.03547153184504185,0.0009152069686103734,0
0.9486699364325148,3.987895621034484e-07,0.039739593223251025,0.011590071554087273,0
0.9518710144657297,7.724849704530435e-06,0.04620940178452797,0.001911858901401765,0
0.9541939032765769,5.28049794284634e-06,0.045595325764152435,0.00020549046148834885,0
0.9600685973409201,3.427489410963874e-06,0.03932038668476046,0.0006075884860998496,0
0.9928720958337481,8.437007972577787e-07,0.004924485267909479,0.002202575198900204,0
0.9914022024992561,6.891566051198324e-07,0.0039166876011206345,0.0046804207425193015,0
0.9875713297215472,5.237925380439094e-07,0.008595503501836774,0.0038326429854209977,0
0.9450261129407577,3.5092051350010045e-06,0.05410249817594445,0.000867879677031551,0
0.7526811297858459,1.8685370570045876e-05,0.24655572783204688,0.0007444570115272307,0
0.1411584190408769,6.591678927194744e-07,0.8343426697002849,0.02449825208952109,2
0.013450998495018789,6.246227750022649e-09,0.9714310031321298,0.015117992128265737,2
0.0007350119555854204,1.7726417891222682e-06,0.9981200002867733,0.00114321511446428,2
8.803637260007905e-05,3.22135441656022e-07,0.9957083844074736,0.00420325708524386,2
0.0001447329615895431,1.4944965515425188e-08,0.8263360183123102,0.17351923377960174,2
2.5346227134397337e-05,7.482518843839831e-13,0.24700016525803717,0.7529744885135711,3
5.919250804682628e-05,4.401356353031579e-08,0.9935419809585607,0.00639878251909253,2
1.163684811285399e-05,3.2754104096182863e-09,0.9998191771969418,0.00016918268098390507,2
1.0937747725058088e-05,1.192729050473266e-10,0.999924888359369,6.417377223680355e-05,2
8.990343426900794e-07,1.0199362877364411e-11,0.9998760793159204,0.00012302164006301554,2
2.5446310016098877e-06,1.5426399393097534e-12,0.9997075349501545,0.00028992041670597733,2
1.212843938431507e-07,1.5952405233136823e-11,0.9999898370886346,1.0041612279807378e-05,2
2.4431488644980683e-06,9.500978779901949e-13,0.999957758828683,3.979802043812105e-05,2
4.2526899546778554e-07,5.239914208992657e-13,0.9999710570378162,2.8517691137061666e-05,2
1.9705980552713708e-07,3.8203204201892874e-13,0.9999881198869767,1.1683052913268868e-05,2
8.016587716329079e-09,1.7554440475692023e-11,0.9999885266591891,1.1465306919336854e-05,2
4.8256019200454635e-05,3.374969119173599e-09,0.9980200155895226,0.0019317250180882013,2
0.0026335706557216476,6.613853713067078e-09,0.7808546911161368,0.21651173161272777,2
0.0005613781581910803,3.483563036535104e-10,0.6813317186727902,0.31810690282048165,2
0.0007003273120014268,2.5544168808481455e-08,0.946546449287708,0.05275319785681961,2
0.0001095145141924577,8.915814180123175e-09,0.9989896686712896,0.0009008078979809603,2
2.852723350669348e-05,5.777945516074782e-10,0.9999554968170214,1.597537081891087e-05,2
3.3685395477959185e-05,4.228061971840684e-11,0.9999599550225067,6.359541388798063e-06,2
9.35409179822015e-06,1.629578458211159e-12,0.9999421194932776,4.852641316560971e-05,2
1.054040541980134e-05,2.83270423958576e-10,0.9999722410608474,1.721824867837656e-05,2
5.9838403070501155e-06,1.6523180165414555e-09,0.9995813225269169,0.00041269197916798614,2
5.719468123223452e-05,5.6589623203449604e-09,0.9662015408441337,0.03374125881537249,2
0.0002331252505042629,2.185821304361333e-09,0.17100933146636862,0.8287575410964327,3
1.96685649779641e-12,4.752209456767548e-21,2.478268344009448e-10,0.9999999997489795,3
3.0520161750322397e-13,4.2884152025965806e-20,4.367344142779869e-09,0.9999999956307875,3
3.994137425068509e-05,7.438895618552382e-05,0.12597460179442863,0.8739110678750165,3
0.0003018573730603936,3.7836360699390922e-06,0.09079472200964216,0.9088996369810145,3
6.003203273661245e-14,7.003793438374218e-24,2.595456042912683e-14,1.0,3
0.003518322876471102,0.0001415030567305266,0.003171361144442703,0.9931688129205467,3
5.223795338426331e-13,1.459089056360521e-18,1.1638122724425932e-13,1.0,3
0.006369996192133304,4.796210434347589e-06,0.002613291392057305,0.9910119162062327,3
0.06851815498669263,3.5196847880470457e-06,0.011126947113647916,0.9203513782148899,3
0.62687318737308,0.00024794204152558133,0.032958343706243697,0.3399205268788465,0
0.8031270080813295,3.288436560588485e-06,0.00996586385104571,0.1869038396306115,0
0.9747015188090056,0.00011104502371837308,0.0047525057873688435,0.020434930381117843,0
0.9913913939737631,4.3554175732756465e-06,0.0011439612360850799,0.007460289372780499,0
0.9955604106719251,8.120333653848743e-05,0.0014373806697120157,0.0029210053235002925,0
0.9430524574065793,0.00023894168417133807,0.0028745819243460005,0.053834018985838526,0
0.00017416449853824422,1.0184251521398288e-14,4.503785661089849e-08,0.9998257904648712,3
0.42813922943754124,0.0005702635625287651,0.001944627577143395,0.5693458794239243,0
0.4686328037439463,9.379675901506929e-07,0.0006219959127007093,0.5307442623752611,0
0.827573173412332,8.692875497816681e-05,0.0028385234421247165,0.16950137439118143,0
0.86890366309358,3.6784849642740737e-06,0.0037080194162987692,0.12738463900446947,0
0.985626135960215,7.693996808564716e-05,0.00967807008246783,0.004618853989076756,0
0.9879906776318813,6.9464332740376645e-06,0.011648003905338869,0.0003543720293371017,0
0.9825404158041433,1.3604445387414804e-05,0.01594178274664088,0.001504197005190511,0
0.9652989350917576,9.475225721070598e-05,0.017039009039294686,0.01756730361087356,0
0.7394919288476253,0.00010546549346658463,0.00737725981973433,0.25302534583838737,0
0.009201966451360575,1.6094614749032648e-10,1.6306168211706848e-06,0.9907964027706749,3
0.2188455123394812,6.166240267995913e-06,0.000396557096721807,0.7807517643244452,3
0.9616975941627648,0.00033285240074404723,0.0020889949155755965,0.03588055851971508,0
0.9975247070978421,2.287443381170313e-05,0.0009977071950800528,0.0014547112719309194,0
0.9989898329309068,6.9221899636755085e-06,0.0009047979658914632,9.844691489661597e-05,0
0.9991922078520025,5.522933961622814e-06,0.0007022325819868337,0.00010003663174096881,0
0.9973029143746684,8.637123587156933e-07,0.0002857039757404522,0.0024105179377076316,0
0.9942551820448601,1.9717709884605354e-07,8.163015858742739e-05,0.005662990617700134,0
0.9996482543633542,1.1335408964737525e-05,0.0001050666549435165,0.0002353435730979206,0
0.9985130508777005,5.424712211193678e-07,0.0001084483034491531,0.001377958348764516,0
0.9989259206071417,8.311387611857495e-07,6.801831332480429e-05,0.0010052299420335261,0
0.9996550127406455,1.5404664976352017e-06,8.581582871043013e-05,0.0002576309632902943,0
0.9998295653814231,6.029748580211114e-06,0.0001357972517237528,2.8607618224456483e-05,0
0.9997055369511643,2.2317254144999466e-06,0.00019597009511653448,9.626122802885104e-05,0
0.9994381133111425,3.340776541763168e-06,0.0004657715029811539,9.277440884702965e-05,0
0.998696976361197,5.745806395696501e-06,0.0012637524018252841,3.352543131271775e-05,0
0.9970144504940001,2.773776638681273e-06,0.002716754379941113,0.00026602134804315015,0
0.988135216284602,1.272042279627251e-06,0.009118228094511967,0.0027452835786504074,0
0.9418920219923438,9.89927277058059e-06,0.0576914199056609,0.00040665883002311985,0
0.8284646102125693,1.8259516575736712e-07,0.1635374330325619,0.00799777415939064,0
0.411173563462181,5.430848591726923e-07,0.5866496477965644,0.0021762456562348887,2
0.25236236312153737,2.11029947868085e-06,0.7474682878585243,0.0001672387205184463,2
0.23009796723362294,7.32317572353181e-07,0.7696234289228598,0.00027787152722417226,2
0.22696346901738454,2.933400248536332e-06,0.7727440276213625,0.0002895699619916808,2
0.1786042556069405,9.479288657204229e-08,0.8171147457976398,0.004280903803461109,2
0.10398079157329747,2.79168732111995e-07,0.8955057794566667,0.0005131497996696204,2
0.06102755384392964,2.737685173431209e-07,0.9389229217423678,4.925064366396922e-05,2
0.0378055585011487,9.782405867883284e-08,0.9621266939061406,6.764976854642079e-05,2
0.025012975229743845,1.267587335922444e-07,0.9749331439927056,5.3754017291273225e-05,2
0.015490216279940705,3.229951419979307e-07,0.9841528802855519,0.0003565804384805704,2
0.005721230517687842,6.952589315133331e-08,0.9923173140961891,0.0019613858594609373,2
0.00048123743896936257,1.8894455006894374e-10,0.9976170733572491,0.0019016890135649257,2
8.2708599891919e-05,1.0796945190381065e-09,0.9998831482036066,3.4142117742750296e-05,2
3.378861888681347e-05,1.831990518181472e-11,0.9999573311442246,8.880218345017505e-06,2
3.711859500635828e-05,5.760886108625375e-12,0.9999567485032944,6.132895914846087e-06,2
2.8930634984778496e-05,4.579513096200413e-12,0.999966465859175,4.603499799770299e-06,2
1.6901992109885655e-05,5.386153199131537e-12,0.9999775299380216,5.568065576101915e-06,2
3.4116385460407613e-06,3.6994769858940587e-13,0.9999770970065376,1.9491353764448603e-05,2
2.176145443487472e-06,1.6512328976202764e-12,0.9999906040289126,7.2198229697376705e-06,2
1.3741143944112434e-06,2.920906473457135e-12,0.9999846118282051,1.401405517961076e-05,2
3.5350897404660025e-10,3.929734378137418e-15,0.9999462632181846,5.373642730351259e-05,2
1.2548361530984757e-09,7.772477268273967e-13,0.9999958324820439,4.1662620183974705e-06,2
7.823379833189171e-09,5.105453347213032e-12,0.9999391120711283,6.088010151973059e-05,2
5.926335202174341e-08,1.25509730430134e-13,0.9968389641480859,0.003160976588323224,2
8.937338737395926e-11,7.286579513620688e-14,0.9994645420953203,0.0005354578153523743,2
3.548761142591475e-10,6.558708497671667e-13,0.9999927117834906,7.287860623731525e-06,2
3.4221446891113176e-10,1.696766285944113e-15,0.9999923347862035,7.664870254795449e-06,2
3.325201226382051e-10,1.4568902642510433e-14,0.9999977832691924,2.2163990418659238e-06,2
1.8208326278044032e-10,1.3996217191704987e-15,0.9999924900030296,7.50981662453158e-06,2
9.44784817393898e-10,2.3057894673396834e-15,0.9999926131076774,7.385949228043155e-06,2
3.5037672148203417e-10,4.752247451597858e-15,0.9999981230629935,1.8765851983420794e-06,2
4.836514088270859e-10,6.766856316306511e-15,0.9999979358784388,2.063638229349224e-06,2
7.136076445460712e-10,2.2559313508839716e-15,0.9999895576037923,1.044168205505829e-05,2
1.7735218731513645e-09,2.2801307445872857e-14,0.9999948643294373,5.133896543084804e-06,2
7.80146924930832e-10,6.047134249283124e-15,0.9999870648898508,1.2934330120439535e-05,2
1.887862471850953e-09,7.183182445953691e-13,0.9999889832786024,1.1014834564803266e-05,2
9.764211217047863e-09,1.4112698492711362e-14,0.9998756244504242,0.00012436578645015904,2
1.221651564514751e-08,1.1426903045429953e-12,0.9999957572453205,4.2305359679481705e-06,2
2.1307410750697602e-08,2.2277702652264182e-14,0.9999836079402674,1.637075384443339e-05,2
3.04386743980187e-08,2.833431810967679e-14,0.9999956110501352,4.358511673290779e-06,2
6.310422203110242e-08,2.6694714876266647e-14,0.9999972733858951,2.663510497051284e-06,2
3.9250352439410435e-08,5.419228032681098e-15,0.9999946147071966,5.346041744975294e-06,2
3.112521727388563e-08,7.385727092251786e-14,0.999997480288121,2.488587319122483e-06,2
6.722298282775729e-06,2.6622539312199415e-13,0.999983539158132,9.738544569977998e-06,2
4.006696887584841e-06,4.869567613578973e-12,0.9999821704502806,1.3822849682733924e-05,2
5.59251492738592e-06,2.0416473343951486e-13,0.9999422225403438,5.21849450977993e-05,2
1.4834676146798233e-06,1.877010259713501e-12,0.9999935676485132,4.948881233999426e-06,2
2.1459189845977307e-06,3.267696644175382e-13,0.9999927731448338,5.080936035995194e-06,2
3.5210925574430284e-06,1.4404479572874386e-12,0.9999918668694275,4.612036319008619e-06,2
4.289403902956287e-06,4.2729452634907476e-13,0.9999655365290682,3.0174068094782735e-05,2
8.124415652622324e-06,1.5265748213314558e-12,0.9999758112477729,1.6064333276261708e-05,2
6.511744145587723e-06,5.6168690011589425e-12,0.9999887662646669,4.721984393026972e-06,2
6.077116289268452e-06,3.912561768588211e-12,0.9999770238775653,1.689900263397122e-05,2
1.053484395505244e-05,1.3383703786524064e-12,0.9999195308009988,6.993435316217432e-05,2
2.5532632144298074e-05,3.3214863105768894e-11,0.9999623774876211,1.208984832349303e-05,2
6.169834910515657e-05,6.169551256086824e-11,0.9999322988586655,6.0027303560755695e-06,2
6.77069689879979e-05,3.713115397023356e-12,0.9998977257699588,3.456725597244317e-05,2
2.2249396593363425e-05,9.34598366999066e-12,0.9999675336434761,1.0216950755588846e-05,2
1.6774256834488514e-05,4.388734827482188e-11,0.9999793024576431,3.923242902325597e-06,2
3.5521957552774764e-05,7.253714847525368e-11,0.999877466964697,8.70110048295224e-05,2
0.0004123376495437125,1.0771883805152143e-09,0.9987371247580694,0.0008505365141015754,2
0.006881239763474652,1.6568521000294697e-07,0.99026666089004,0.002851933661219873,2
0.12507507893940092,8.15862261440874e-08,0.8473033464905587,0.027621492983183116,2
0.3545356154508412,3.691165387842685e-06,0.6356226298247857,0.009838063557302658,2
0.5451687875556912,6.334508333957848e-06,0.45381475855698167,0.0010101193788841357,2
0.7252130095240561,4.759540135316567e-06,0.2739677648715238,0.0008144660636232817,2
0.9522961396487423,1.2785871312239607e-06,0.029782434857206802,0.017920146905449113,0
0.9972892161324457,1.3296196022868626e-05,0.0011942786794002552,0.0015032089919835318,0
0.9997492042535688,3.7515212870807005e-06,0.00010402889302273417,0.0001430153332126264,0
0.9999091403685898,9.329729669092397e-06,2.647473468893168e-05,5.505516792318456e-05,0
0.9999108756192575,7.132435115473621e-06,2.1491098011634468e-05,6.050084761324275e-05,0
0.9999264962774439,1.1182578871726743e-05,2.4849899782396613e-05,3.747124295888524e-05,0
0.999926481290073,1.7081593518312837e-05,2.354756924459775e-05,3.2889547424573164e-05,0
0.9998811158280297,1.575553734530535e-05,1.2664029153592647e-05,9.046460372675608e-05,0
0.9998989574461701,1.1319889912972734e-05,1.529568326516752e-05,7.442698025316257e-05,0
0.9997524356831912,4.721663454422714e-06,8.913321968832157e-06,0.00023392933099018862,0
0.9999079540521671,2.1027782689341108e-05,1.4896886973812175e-05,5.6121276527412e-05,0
0.9998302932681009,1.759184070527406e-05,1.1199334557721508e-05,0.00014091555819501568,0
0.9998641233639904,1.9096463351489428e-05,1.268726153253983e-05,0.00010409291186735873,0
0.9997013053672611,2.0048736524600852e-05,1.7706506589886267e-05,0.0002609393887774519,0
0.9994848095220727,1.4576454836793934e-06,2.0625429222352766e-05,0.0004931074016066097,0
0.9998403419114358,5.1063234863277725e-06,2.3342386289481083e-05,0.00013120937719954623,0
0.9998202908943229,9.514334822602987e-06,1.2635497184091259e-05,0.0001575592749543546,0
0.9998416554276307,2.1251015940009146e-05,1.818332075408028e-05,0.0001189102368346111,0
0.9998600798934816,6.883980646318773e-05,1.3630974307073507e-05,5.7449324421138294e-05,0
0.9998534477750256,9.997547893421564e-06,1.7620006163703985e-05,0.00011893467173536068,0
0.999927692066651,1.8552077082341613e-05,2.0137434164996053e-05,3.3618421188980715e-05,0
0.9997309543228136,5.931312014229954e-06,1.3318197138668178e-05,0.00024979616883929724,0
0.9998807005003535,2.743692604659032e-05,1.2817455618876983e-05,7.904511697349518e-05,0
0.9996663266013432,1.3983894003105125e-05,7.6049989578143895e-06,0.0003120845064349623,0
0.9994501455967586,0.00010607436004550425,2.0400605899301656e-05,0.000423379438104137,0
0.9855208875104294,1.1609358474321178e-06,1.7476439528368826e-05,0.01446047511316684,0
0.9903628627900345,1.4753273955414116e-05,9.666689710238492e-06,0.009612717245902893,0
0.9963612056407427,0.00014141525976092304,7.282872065472681e-06,0.0034900962270359654,0
0.9992843968844989,0.00015926198873262708,1.1680157155551973e-05,0.0005446609694583188,0
0.9992710245361809,4.221723691250421e-05,7.826348858005967e-06,0.0006789318770804123,0
0.9998151643088025,2.8406360293681326e-05,1.1169598931664227e-05,0.000145259732962446,0
0.9998608896527822,3.937281282524048e-05,1.840405292806038e-05,8.133347966603481e-05,0
0.999689083102146,4.575849998060285e-05,2.1623225549433967e-05,0.00024353517141025623,0
0.9937410703342072,0.00031418494966849034,4.2030722636660576e-05,0.005902713993644064,0
0.9323088177512256,0.006194537322545,0.00016469186005181277,0.0613319530661484,0
0.0510102616604188,0.006415306914981449,1.673140344249128e-07,0.9425742641108517,3
0.020402479861043536,0.849616219692297,5.207120834184101e-07,0.12998077973365998,1
0.0039015612872891387,0.9787981466563425,4.752112124146506e-08,0.0173002445361434,1
0.0005553204428325033,0.9970007008140823,9.112105449293582e-09,0.0024439696301645744,1
1.2226413014123618e-06,0.9988780063804633,1.898444852628452e-11,0.001120770960212049,1
1.085323076685154e-06,0.9992792110021458,4.849917800821229e-11,0.0007197036268991033,1
1.6671061209469395e-05,0.9950306899194151,7.786826284259226e-12,0.004952639010072602,1
1.5694673597382083e-06,0.9996968224058314,2.2353343300036493e-11,0.0003016081050264786,1
2.1898262384417686e-06,0.999697310387405,2.7408485457389846e-12,0.0003004997826452336,1
1.032116803289718e-05,0.9996610183097283,3.0752044946972774e-11,0.00032866049003719164,1
0.0004695982860113333,0.9982104930254638,1.5393722170737109e-09,0.0013199071475104398,1
0.0068800678935246,0.9727156179682046,1.3391878874256847e-08,0.020404300744774815,1
0.05873487837691509,0.9133773113211705,1.5329425582090373e-06,0.027886277360993184,1
0.6957835651350911,0.28334098272916663,3.9685957606497e-06,0.02087148353909918,0
0.943297167280893,0.054025180766675236,1.3131408504522208e-05,0.0026645205432361202,0
0.9933456806340409,0.003319046234495667,8.483673620964913e-06,0.0033267894571752587,0
0.9986619512598138,8.48713295831795e-05,2.3919341639019486e-05,0.001229258070286069,0
0.9998668276773172,2.5659009110540748e-05,2.2191415543286533e-05,8.532189802072106e-05,0
0.9998301885993942,6.7356666598314814e-06,0.00013469668889556398,2.837904367568756e-05,0
0.9997702706042534,1.978095455371101e-06,0.0001376429168873307,9.010838362876994e-05,0
0.9998477175487109,5.702966550979552e-06,0.00010691055973847069,3.966892346139834e-05,0
0.9998879793740274,2.759526770810863e-05,1.6630806056518927e-05,6.779455324201262e-05,0
0.9997399717922256,0.0001133882767573138,1.3390372124017118e-05,0.00013324955985601243,0
0.9972068957914221,0.0005820543589505094,2.381380240985958e-05,0.0021872360454882615,0
0.9726655625251894,0.010822625926742095,0.00031719038774530306,0.016194621160696532,0
0.14271331920044142,0.06743233442764124,3.3260564053054186e-05,0.7898210858063535,3
0.00040576481543270847,0.024363345836695416,4.7130228601777e-10,0.9752308888779603,3
7.645017052788743e-05,0.9699320346523692,1.0381585522727477e-08,0.029991504795783653,1
1.4484181366169789e-05,0.9978373818008168,5.238365087166298e-10,0.0021481334943895913,1
2.8367314271420136e-06,0.9995494084287051,1.3601550386335663e-11,0.00044775482749764817,1
5.539223033608401e-07,0.9997187784482776,4.883717128516978e-12,0.0002806676238173751,1
5.297764573728705e-07,0.9985263983415731,1.9482573683439e-12,0.0014730718792635965,1
3.160747054681979e-07,0.9985078224689838,3.0851617946365532e-12,0.001491861451909817,1
2.0877137436647986e-05,0.9993805817038428,2.2466573530729526e-10,0.0005985409323993148,1
0.0002396006009912971,0.9992512464673892,8.896071734743688e-10,0.0005091520410646297,1
0.002595142891010885,0.9964698667349708,9.557613578582616e-09,0.0009349808177033506,1
0.043741416371691405,0.9509577975664045,1.2059561678468662e-07,0.005300665466328693,1
0.5920148529047254,0.4027817438647461,1.586063499085226e-06,0.005201817167974632,0
0.945787122268807,0.051671563015821355,1.0414568868335063e-05,0.0025309001480023174,0
0.9926376688528629,0.007018674883036062,1.684472360354445e-05,0.0003268115407076015,0
0.999150161188518,0.0007243867701214725,1.3851537950892816e-05,0.00011160050399470753,0
0.9998458647189796,8.983280714927597e-05,1.7866256789327223e-05,4.643621687414362e-05,0
0.9999010430290847,2.175506239483348e-05,2.015395611760007e-05,5.7047951360273185e-05,0
0.9998095579696087,2.0156526589915985e-05,2.1937762463732078e-05,0.0001483477423113878,0
0.999777362163627,8.896815307591896e-05,4.764055794677938e-05,8.602912582271421e-05,0
0.9939542096728557,0.0007928045666442088,0.00035411622870332437,0.004898869531895046,0
0.5365611295237879,9.196778491984787e-09,4.9068559913085404e-05,0.46338979272047237,0
0.9701128151038282,0.00020066855790816594,0.0005214700476940344,0.02916504629053421,0
0.9991161009939665,4.832751620864233e-05,0.00023719282829494918,0.0005983786603105799,0
0.9987343705365191,8.537962466728769e-06,0.0011863380464748774,7.075345600066533e-05,0
0.9836426725548014,7.245090634646549e-06,0.0162210022747888,0.00012908007826035182,0
0.7993438658061439,2.014256433505581e-06,0.20024039448433595,0.00041372545345981683,0
0.1595720939922738,4.7676371730169034e-08,0.8383433080109002,0.0020845503188882445,2
0.01042697773398997,1.384973916462381e-08,0.9894738253679464,9.918304670047999e-05,2
0.0005495767416714354,1.0184223402555884e-09,0.9994321225049753,1.829973408547599e-05,2
0.00021802255987494128,3.373723712068164e-10,0.9997756102864109,6.366814525490127e-06,2
0.00023123084497889235,9.342152856776189e-11,0.9997560125668452,1.2756496103417454e-05,2
0.00025996595790595537,5.031885058430732e-10,0.9997340747827795,5.958755562507415e-06,2
0.0011336696649790002,1.2526216590895057e-09,0.9988538216750052,1.250740769130593e-05,2
0.0045794951105154165,5.810062410617069e-09,0.995395924531984,2.4574548023232062e-05,2
0.010727154234707556,2.998277343979765e-08,0.9892521912649209,2.06245163369091e-05,2
0.01708165238940034,5.5765885654344087e-08,0.9828926959697186,2.5595874418208063e-05,2
0.021243019425520458,8.25236434838446e-08,0.9787333508947818,2.354715616898653e-05,2
0.018371859379545694,4.44603593266014e-08,0.9815924600236011,3.563613546416534e-05,2
0.01478553633365285,4.497458988003354e-08,0.9851854321153981,2.898657766276103e-05,2
0.008287141592974109,1.163189596774104e-08,0.9916817335955245,3.111317997329001e-05,2
0.00016623502328185502,4.786832213543681e-10,0.9997930672838481,4.0697213256385926e-05,2
7.243406037928952e-05,5.546757909461746e-09,0.9998938248917697,3.373549977599942e-05,2
0.0001801544189436105,7.528566252010442e-11,0.9980688067897163,0.00175103871503928,2
0.0014014464453904504,2.4359032599505205e-07,0.9983214060832868,0.0002769038801227706,2
0.00329041184712539,2.8032019573405863e-07,0.99594315877111,0.0007661490630820714,2
0.008848833434159285,3.070514567807306e-06,0.9753287325156067,0.01581936353595468,2
0.006824435692381323,3.3992241715731193e-07,0.4442700299983734,0.5489051943882082,3
0.008741385132196565,7.17340670104817e-06,0.17872033033530985,0.8125311111271193,3
1.5761134812320938e-13,3.041480023192497e-22,2.8339415236529165e-10,0.9999999997162377,3
0.0036973304876113783,0.0003469712253040628,0.24023472376281443,0.7557209745246463,3
5.653920894470222e-05,4.4520706827157204e-09,0.23800508326070166,0.7619383730790114,3
0.00033845993911079764,6.027330936134343e-08,0.7562411453143456,0.24342033447370923,2
5.739615055510771e-05,3.4919832910355125e-06,0.983934266758534,0.016004845108703546,2
5.1103660530203696e-05,1.792962812787129e-06,0.984795247414449,0.015151855961325553,2
1.47628473733454e-05,1.5983605943710376e-12,0.9379199118289759,0.06206532532100295,2
9.28801732787214e-06,1.2613131314866564e-08,0.9991613643623369,0.0008293350067613115,2
3.3334449279498023e-06,4.364629498135758e-11,0.9999132737058971,8.339280643853961e-05,2
4.6003030617821e-06,1.8943406601106125e-11,0.9999912290279944,4.170650264800845e-06,2
3.548755730328362e-05,4.552107479329517e-12,0.9999531735352293,1.133890400603049e-05,2
2.1668318578865897e-05,1.3229984794759057e-10,0.999943884394474,3.444715507659865e-05,2
9.684930079745099e-06,6.5705523471865255e-12,0.9996805875674906,0.0003097274965072158,2
1.974484432116689e-06,3.1900817492214985e-09,0.9999618275661202,3.619475819695563e-05,2
7.018402293437442e-06,1.5011567387486192e-12,0.9986620854160801,0.0013308961798586439,2
0.00031691864098365024,1.4367667830759728e-07,0.9993979444975253,0.0002849931852180993,2
0.06413204826525828,8.699036459462181e-08,0.9334879734574919,0.002379891287868675,2
0.5068931652647479,2.8402841572516037e-06,0.48907342694070505,0.004030567509495942,0
0.9096449394181406,7.145364287234366e-07,0.031715878638874796,0.0586384674076981,0
0.9930751817944361,4.4873628378076456e-05,0.003439091852994584,0.0034408527225524926,0
0.9993454493399656,2.2916184828036254e-05,0.00040409911061230355,0.00022753536462881822,0
0.9983852006804622,0.0002493598406805586,0.00016786487421583388,0.0011975746056732133,0
0.9145760146253212,0.003655724131318938,4.716782836902147e-05,0.08172109341579993,0
0.40625430130998086,0.44289271734792535,2.555403444671635e-06,0.1508504259399122,1
0.15366967520504765,0.8097840495910683,2.9194673878760486e-06,0.03654335573649638,1
0.020775540108175727,0.9519454780829589,1.324073326124478e-07,0.02727884940189629,1
0.002101910491578537,0.9942677767729856,2.3560853546705363e-07,0.003630077125473557,1
0.00017973198276177783,0.9812421778582314,1.0108040514320462e-09,0.01857808914849286,1
4.5902420275535675e-05,0.9975717532430172,2.6391000643759012e-09,0.0023823416981260154,1
4.161276259202368e-06,0.9983628647716101,1.6636261293746735e-11,0.001632973936882228,1
2.0666554575077214e-06,0.9997108457592206,4.484867948019752e-11,0.00028708754215865125,1
8.757882868879431e-07,0.9986863753543567,2.665440433148346e-11,0.0013127488307213594,1
6.488929499151881e-07,0.9845675582215182,1.9852553301271727e-10,0.015431792688349426,1
3.958001287259045e-09,0.5641270439742351,4.1309085428293245e-12,0.4358729520651149,1
3.913366458548985e-08,0.5469822128026999,2.5807303197547246e-09,0.4530177454836363,1
4.1874782534594405e-10,0.008822155694480915,1.6865919417281475e-12,0.9911778438858065,3
4.115115397680694e-05,0.1898290043005774,5.214844777564579e-09,0.8101298393304296,3
3.890574998785274e-07,0.9135353335324767,1.241751783327942e-10,0.08646427728623969,1
6.561570384107639e-11,0.9981393254885621,1.3046913026388318e-13,0.0018606744460271797,1
2.4816443687485804e-11,0.9998241310439704,1.4123036842838012e-14,0.00017586892965228203,1
4.51109553533165e-11,0.9994487416046627,7.820133601605239e-15,0.0005512583509040236,1
2.3261530302329267e-13,0.9971152571044645,4.803643696286518e-16,0.0028847428946311006,1
5.645452978426378e-13,0.9977012599869287,1.1031617932099192e-13,0.002298740011871027,1
1.5796428539542368e-13,0.9393522572502837,7.698205373151771e-16,0.060647742750046627,1
1.3302225594358394e-14,0.9800955635689753,4.718916516549335e-15,0.01990443643266305,1
8.563591492017183e-16,0.9988221008390972,2.8984170785157547e-16,0.0011778991592083763,1
1.6260723748788484e-16,0.9996407203766449,1.7475519244469853e-17,0.0003592796245375883,1
1.0024771207292515e-16,0.9994366530008579,1.2425145341576615e-17,0.0005633470003378516,1
6.459146391519542e-16,0.9986960047901133,4.663667370057129e-18,0.0013039952108238474,1
1.4925979598531088e-11,0.9997855187481015,5.207982244186248e-15,0.00021448123653594107,1
3.995379429630235e-11,0.9996008181376937,5.285306323081688e-16,0.00039918182098016116,1
5.122896799915814e-11,0.9998350002867451,1.5327144087870069e-15,0.00016499966378085248,1
2.3028818384805442e-09,0.999827001119526,1.1207257902398787e-14,0.0001729965793697367,1
1.532981209098515e-08,0.9996485413935137,3.745411488799733e-14,0.00035144327655881876,1
2.0208432979725403e-08,0.9996240374769215,5.47604693186171e-13,0.00037594231455579026,1
8.178101979783652e-08,0.9983935879598177,1.7867263839027409e-12,0.0016063302562749767,1
2.2211369793734814e-07,0.9953549797689293,1.461314077742794e-11,0.004644798101573512,1
8.18287820117655e-10,0.9962016057479868,1.827564251190864e-13,0.0037983934345939534,1
1.1246721277960999e-09,0.9996395047289329,5.057092889916296e-13,0.00036049414427634087,1
7.899755444621225e-10,0.9987084756415784,3.6476312855721096e-14,0.0012915235677723501,1
2.5996938834709653e-09,0.9985803678129173,5.293364822603108e-12,0.001419629582618111,1
9.319809268038116e-08,0.9555958806674798,3.277006381681759e-11,0.044404026100715255,1
2.3613084748404496e-12,0.012255011404880266,5.437125027068308e-15,0.9877449885939079,3
2.531988542492661e-11,0.083710114599327,1.2006859435942947e-10,0.9162898852545224,3
2.8173131108621492e-08,0.08937156962055777,3.11901249776552e-09,0.9106283990879595,3
2.4020332589945353e-12,0.0004315079129962661,6.44738312201412e-15,0.9995684920845489,3
4.158446471912334e-09,0.9626296700678588,1.0436722685667661e-11,0.03737032576396223,1
6.604082421271835e-10,0.9978689739902159,1.8126493875112718e-12,0.0021310253460055215,1
5.921919801271999e-11,0.9987588078476166,2.329860383485536e-13,0.0012411920938546954,1
3.77791053388215e-10,0.9963048918504112,1.4126582040344995e-12,0.0036951077689457187,1
5.995411345575079e-09,0.9732581493241693,3.715047874600315e-11,0.026741844644891415,1
8.612977993243019e-10,0.3630510515379372,2.668443773592185e-13,0.6369489476013276,3
2.155967281858242e-08,0.5838498328011021,2.831062136083273e-09,0.4161501428079483,3
4.989703265722309e-08,0.5400710502195261,3.6196115043902885e-09,0.45992889626287486,3
4.4030137184727535e-08,0.10350677662858204,8.360504334632725e-11,0.8964931792565469,3
6.656482621668747e-06,0.3846574036672251,1.3843668151735337e-07,0.6153358014122513,3
1.5415166788009073e-06,0.22885144626184672,1.0788732601768586e-08,0.771147001431523,3
5.640154677435074e-10,0.00013203351987100902,8.745478802830657e-12,0.9998679659081404,3
7.0829529661059125e-09,1.0804853469125838e-06,9.158775856070165e-12,0.9999989124231891,3
5.143069452053592e-07,0.0041202964566671935,3.63643513008901e-11,0.995879189200692,3
4.391706015625424e-05,0.9274241447157671,3.3009661020615555e-08,0.07253190521395765,1
3.9461946295836186e-05,0.9846070473538345,2.3021305752443755e-08,0.01535346767826089,1
6.984385215915565e-05,0.9919470327231569,1.8053704371816298e-08,0.007983105370251667,1
0.00016311225280957336,0.9863106429809737,1.1886879704448053e-08,0.013526232879570005,1
0.00029027650100036436,0.9746114436354234,6.628986986046779e-09,0.02509827323514764,1
0.0013964470757897582,0.9839815418177308,2.6349360574246015e-07,0.014621747614601072,1
0.00593428962731902,0.9083932163140258,5.599645788774794e-07,0.08567193409281408,1
0.011310172116516555,0.017950676346547224,5.9556970260829475e-08,0.9707390919785082,3
0.03810601481671645,0.007190546093444695,1.755824055105797e-06,0.9547016832668357,3
0.4472403061476654,0.2991639192072068,8.046506978517266e-05,0.25351530957610324,0
0.5697306450322798,0.22681745114930982,1.1188357402823511e-05,0.20344071546200443,0
0.7781361992144132,0.17059700802672026,2.961486593022546e-05,0.051237177893774064,0
0.8616903302147767,0.12457323548751954,2.9787537483407e-05,0.013706646761023253,0
0.8618095931917408,0.058853225786394535,4.474241305515515e-05,0.07929243860900272,0
0.6728688407142679,1.269463341501618e-05,1.9132762615420096e-05,0.32709933189109003,0
0.7764815799384004,2.2036279678148344e-05,5.6270499704282546e-05,0.22344011328359487,0
0.9416204971767782,4.508718480479449e-05,0.00010041333106159276,0.05823400230778615,0
0.9982960649954229,0.0003395288848214819,3.1521792969239356e-05,0.0013328843262268102,0
0.9998360423816909,8.593992978197585e-05,1.624962135567591e-05,6.176806559588956e-05,0
0.9998611943020819,1.1923182404312894e-05,1.9612403008974633e-05,0.00010727011340951565,0
0.9997094976131667,1.5802885366665028e-05,1.2285382817076304e-05,0.0002624141197013094,0
0.9993266829287337,1.0897238640174239e-05,1.0110396715591382e-05,0.0006523094367052617,0
0.9990301302141095,0.00017027287040866088,1.1595013592955527e-05,0.000788001901808718,0
0.9940880998089082,3.226592766785339e-05,2.7737308887015017e-06,0.005876860533987635,0
0.9959395476518607,0.00036802471914586216,4.87900107206683e-06,0.003687548628016809,0
0.9986132085248013,0.0007771393599203395,1.1588456096604232e-05,0.0005980636601930178,0
0.9987769737927472,0.0008918243916565808,1.4377238318934275e-05,0.00031682457819307556,0
0.996417582548935,0.0011577035873128754,1.3403889933884506e-05,0.0024113099725038456,0
0.9693041901620194,0.00010154262903568554,1.6320398929258794e-05,0.030577946810706365,0
0.9569074372201286,7.192886342130972e-07,3.3195213288372417e-06,0.043088523968858115,0
0.9959374276867345,8.027291181990079e-05,1.4998796842791708e-05,0.003967300604371428,0
0.9996994957350075,0.00011619325092559183,2.2126009411047355e-05,0.00016218500584451977,0
0.9987824201267108,0.00016444688559350687,0.00012446472444445472,0.0009286682621209084,0
0.9222618629834649,0.0002718021357509429,0.0004001477118251345,0.07706618716992676,0
0.04948621573411963,1.5072568249528378e-10,2.19881255215353e-06,0.9505115853018211,3
0.94033247568652,0.0002493337048786482,0.003143001172034942,0.056275189438365805,0
0.9937437254267443,4.481979506454436e-05,0.0036070099345212165,0.002604444844719599,0
0.9955097313541849,1.6795852435229603e-05,0.003842488615578436,0.0006309841772980263,0
0.9882586750797497,1.455049994969651e-07,0.0033155590677907123,0.008425620349135606,0
0.9965257886663224,1.2302059528974132e-05,0.003120174696511196,0.0003417345793746301,0
0.9975978270736564,1.1517912583872733e-05,0.0017762295568022391,0.0006144254577432815,0
0.9823381617279385,1.3681822860109893e-05,0.001282579596890682,0.01636557685369885,0
0.8903751531059988,7.750351423224974e-09,6.375522519250634e-05,0.10956108391799427,0
0.9886564025055897,5.565280425997636e-05,0.001561432611421889,0.009726512079317812,0
0.9955023305536008,4.227165336664132e-06,0.0013722054664151038,0.003121236813881845,0
0.9962935591395147,1.7023010839816254e-06,0.0027179422394048272,0.0009867963205490678,0
0.9932447258550148,7.020004811125893e-06,0.005714646469830526,0.001033607670700521,0
0.9738805723380267,6.819318803058565e-05,0.01114761789759066,0.014903616576973049,0
0.7862697344275491,9.344163916498638e-05,0.016187070478123892,0.19744975345509186,0
0.1794471849271438,2.200094964493737e-09,0.03099233595676936,0.7895604769146595,3
0.2329425775769649,0.0023357632322892007,0.4940248740149041,0.27069678517517,2
0.16735832831312797,0.0008310441420461053,0.528949069259207,0.3028615582864999,2
0.000700885768055833,2.1342139938616146e-08,0.18587540721930276,0.8134236856722937,3
0.00043592350001092666,7.444843932596013e-06,0.13851039567285747,0.8610462359814438,3
0.003610114342419668,2.896417742566194e-07,0.008072005767487305,0.9883175902465389,3
0.03570576690515541,0.0009607702739394605,0.009860161013525472,0.9534733018056971,3
0.014719438781093594,5.769355930929466e-10,0.0004000412710647708,0.9848805193711768,3
0.8498045448103427,0.0005697549750262849,0.025867901940302064,0.12375779827566123,0
0.8956252898110406,1.728512679759506e-05,0.02358880440906697,0.08076862065273868,0
0.8178337181921105,0.00010171998033824513,0.1666484968373574,0.015416064988745459,0
0.6657650595693739,2.8069768354372052e-05,0.2966654314607099,0.03754143920154258,0
0.2038092075054875,2.456461623594486e-07,0.6381557138114844,0.15803483303701785,2
0.02899714402222515,5.392345709380304e-09,0.8548693493181313,0.11613350126811296,2
0.0023980263041438574,8.682387119578444e-07,0.9959043701182717,0.0016967353405926602,2
0.00016263396243408826,1.4086133204126712e-09,0.9992323472542016,0.0006050173733354956,2
4.127704971249234e-05,1.9008973301050902e-09,0.9998328259224153,0.00012589512681213108,2
4.261423827407201e-05,1.3421022199958718e-11,0.9996686637892288,0.0002887219595370668,2
0.00011572144575639383,1.1940406997000614e-09,0.9998725153523768,1.1762007987140997e-05,2
0.00022575036477478277,2.8413115010251517e-10,0.9997629187612731,1.1330590468533107e-05,2
0.0008923002313106893,6.365059661324877e-10,0.9990777948062785,2.990432615737901e-05,2
0.0010691116375301144,3.992042424951842e-10,0.9988812404740992,4.964748816823219e-05,2
0.0003163984163229837,7.325730332392773e-10,0.9996750700043062,8.530845261628722e-06,2
0.0002707691965521344,1.4666860801715473e-09,0.9997107002094179,1.8529126916627007e-05,2
0.0005000509327409931,1.5945743869859324e-08,0.9990549922179475,0.00044494090209022625,2
0.002115762201332753,7.677078172912769e-07,0.9884250919887292,0.009458378101525191,2
2.7923686710445578e-05,1.892217667923137e-14,0.5855182734965986,0.4144538028154545,2
0.00033005813992519853,6.719335420924829e-08,0.9871520589666313,0.012517815701873698,2
1.2381105037278928e-06,1.9584800425830549e-10,0.9997025755344712,0.000296186159005416,2
9.016360372748008e-07,8.06569798317853e-12,0.9999878421524607,1.1256203302314325e-05,2
7.121192234716547e-07,7.545280649594626e-13,0.9999907106752649,8.577206496503147e-06,2
2.657721171266479e-06,6.3470300664259506e-12,0.9999818311748458,1.5511097350838522e-05,2
8.084748338358477e-08,7.204099102129876e-15,0.999851363913682,0.00014855524003592392,2
9.893685878281527e-08,6.875943913195152e-12,0.9999961910143393,3.710043124280703e-06,2
4.216450143364558e-08,3.840942100569207e-14,0.9999796323100466,2.0325526930734725e-05,2
8.151492514529879e-08,1.2946563831629406e-13,0.9999837227639169,1.6195721484024827e-05,2
6.847603017484613e-08,2.8986660306777145e-14,0.9999964541665687,3.4773586166055677e-06,2
2.719737545775806e-07,1.861906161323072e-14,0.9999979559127469,1.7721117519290233e-06,2
1.4179717980851887e-10,6.073208329619028e-16,0.9999986730444725,1.326814494030847e-06,2
1.7867320180425897e-10,4.3078200513782175e-16,0.9999986990887286,1.3007317626771125e-06,2
3.59896238213202e-09,2.5970417752478416e-14,0.999998624070068,1.3723295192675159e-06,2
1.9685581119085932e-07,2.5581198959814253e-14,0.9999706573701983,2.9145773372454018e-05,2
8.071907655591917e-08,1.58670882910457e-12,0.9999720020704925,2.791720860607278e-05,2
2.649662315141269e-07,1.102651835028633e-13,0.9999503068444185,4.9428189409313905e-05,2
3.3638347273217626e-09,1.3746526754625919e-13,0.9999964998084899,3.496828840215695e-06,2
6.8343751937975606e-09,3.081829749901747e-15,0.9999953822441265,4.61091977361954e-06,2
3.4441943344681354e-08,1.581735610353364e-14,0.9999984684812165,1.4970756619843789e-06,2
6.14925193588546e-08,1.7843872286343142e-14,0.9999981867347811,1.751773396182389e-06,2
1.814088596234229e-07,2.651223430320187e-14,0.9999927034162003,7.115174637357803e-06,2
7.636391456634422e-06,2.246002619941503e-12,0.9999893587030358,3.004902722936275e-06,2
2.902710883060891e-05,6.116969733784616e-13,0.9999643183654864,6.654526390191842e-06,2
6.908341195122522e-06,2.412658719361388e-12,0.9999898487809799,3.242876460369621e-06,2
2.5914898793970615e-05,8.436279005047807e-11,0.9999656295780875,8.45543860687332e-06,2
0.000145743959594943,6.943127479098107e-12,0.9992902848177384,0.0005639712147569972,2
0.0005703076395907587,2.5779278099126636e-08,0.9994002011940274,2.9465387105038393e-05,2
0.006673450194867714,1.1445545889710976e-08,0.9932772760622658,4.9262298268051585e-05,2
0.021468755973357723,3.623866665170043e-08,0.9781576311050586,0.0003735766842207365,2
0.021092040895897654,2.14374635746043e-08,0.9783505458561851,0.0005573918087165942,2
0.015596601467822982,7.098574852670595e-08,0.9843504026243092,5.292492072374023e-05,2
0.007314689396736958,9.045761338964714e-09,0.9925855591413241,9.974241618986646e-05,2
0.0011172804084695434,6.245061341887979e-10,0.9988340940404875,4.862492504980206e-05,2
0.0002824126156912968,1.5506148698094882e-09,0.999711120096289,6.465736668822567e-06,2
0.00016668286327412723,7.235870116348585e-11,0.9997709409044834,6.237615865395154e-05,2
0.0002671475932658773,2.2900406572153615e-09,0.999725125712661,7.72440236867129e-06,2
0.0012372226889807952,2.4253166712608e-09,0.9986455668337657,0.00011720805225695375,2
0.024462605801360178,4.149422204113273e-08,0.9752725492855463,0.00026480341744320634,2
0.15816998282485714,3.947564717369958e-07,0.8412064753023089,0.0006231471165089893,2
0.40709192000984395,3.448200583657641e-06,0.5797101581446961,0.013194473643645848,2
0.6899363326415796,2.983849112439541e-07,0.11388583436552248,0.1961775346097776,0
0.9563012196130396,8.383157152762512e-05,0.03645245679328293,0.007162492023165333,0
0.9877789835396183,9.45962806296412e-06,0.011959233138107254,0.0002523236954220236,0
0.9973387467580633,1.9680145428288193e-06,0.0025356293174234592,0.00012365590823345719,0
0.9993162943850635,2.713091596303213e-06,0.0004977688934706529,0.00018322362815180877,0
0.9997913592949031,6.734422643806195e-06,0.0001697922475560123,3.211403626642085e-05,0
0.999833779244976,5.4034283375300414e-06,0.0001250919531504249,3.572537253670957e-05,0
0.9997132918028381,3.898372724210008e-06,0.00019553830597168672,8.727151825180216e-05,0
0.9998483933315445,7.328066049788872e-06,0.0001223445211081493,2.193408030879177e-05,0
0.9998463621469362,6.161338776870802e-06,0.00012164860261953424,2.5827912547431915e-05,0
0.9998294066325496,5.163006338035435e-06,0.00012612445221559895,3.930590910651438e-05,0
0.9997476916788055,6.192941401950019e-06,0.00021649776892932726,2.9617611596042603e-05,0
0.9995194753877906,6.101137105094138e-06,0.000439318725715272,3.510475086162396e-05,0
0.9990383941672067,7.700562968989692e-07,0.0004691201131326357,0.0004917156627316416,0
0.9996505407187295,5.102957890936584e-06,0.0002980816977786061,4.627462631103823e-05,0
0.9997961026335636,3.90552141680466e-06,0.00016183908022743488,3.815276658710308e-05,0
0.9998770552542428,6.1769411586829446e-06,8.589475045489408e-05,3.087305565424313e-05,0
0.9999278426353551,1.2255275709160841e-05,3.8076575405256495e-05,2.1825511917283203e-05,0
0.9999295515631789,1.0883084125534664e-05,3.287582156905225e-05,2.6689529602398714e-05,0
0.9999290338681083,1.0111087509388123e-05,2.3633544252005905e-05,3.7221500626741466e-05,0
0.9999152537280054,8.713028637231195e-06,4.970330438417301e-05,2.632993933132e-05,0
0.9999041126602497,9.743974098823286e-06,3.099663638809019e-05,5.514673062990221e-05,0
0.9999218969657988,1.0518378230238238e-05,2.4357269248924762e-05,4.322738853481659e-05,0
0.9997751804284555,6.562099063613444e-05,1.9643409100069015e-05,0.00013955517092354995,0
0.9972169709192756,0.0018636059965615635,3.212028245404384e-05,0.0008873028016552256,0
0.9414448992007628,0.013841849337560701,2.2101265683022516e-05,0.044691150195462756,0
0.7064801491324623,0.26117719012325125,2.51980604449785e-06,0.032340140936653466,0
0.05355292546293854,0.9333593462632872,1.375564701009984e-07,0.013087590717946511,1
0.0003030563322373969,0.9984460403884517,1.4236099949410008e-09,0.0012509018550720258,1
2.0230449523797236e-06,0.9997366828433956,5.6775188683422804e-11,0.00026129405541988913,1
8.050738566342805e-07,0.9984908355005735,1.6119975114417763e-12,0.0015083594248110953,1
8.78632971917299e-08,0.9994945025402443,2.734496991622624e-11,0.0005054095683638524,1
1.6505337580925054e-07,0.9883073429703577,1.6187766300354658e-12,0.01169249197297646,1
2.2251210100465154e-08,0.9962780810030791,1.2873214400084753e-12,0.003721896743562724,1
1.6049586166558254e-08,0.9997266197992247,1.1416785575610542e-12,0.0002733641496523876,1
3.306333423131164e-10,0.9994505047442304,1.2077717608396814e-13,0.0005494949257226592,1
3.6226912867454055e-10,0.9884667713938419,1.0312206727301876e-14,0.011533228243927477,1
8.003773158952974e-08,0.9987738376656891,1.205456807119503e-11,0.0012260822856570222,1
6.1417192141064776e-06,0.9990890116964293,2.110656252384367e-11,0.0009048465620308756,1
2.4565874066386668e-05,0.9996153627170747,4.852413975250549e-11,0.0003600713618775052,1
9.802622601701127e-06,0.9996793543927767,9.702975388820975e-12,0.00031084297413530305,1
7.4807870710677345e-06,0.9997532341130959,9.87039836385726e-12,0.00023928508980323378,1
1.1657871707064085e-06,0.99958647348873,2.17019180650513e-12,0.0004123607228585206,1
2.8964306224617963e-06,0.9995444174887501,1.656414160260943e-11,0.00045268606396761424,1
5.1397404771875164e-06,0.9983811429963289,8.568794658539756e-12,0.0016137172541064772,1
3.5656187530721638e-06,0.9992825726765713,8.050167248847476e-12,0.0007138616949068981,1
2.4835529050639946e-06,0.9997919061364973,6.3262503626975425e-12,0.00020561030484986928,1
4.391467706706673e-07,0.9996439492554277,1.2478363492633912e-12,0.00035561159805657386,1
2.6715314108472057e-07,0.9990172851747953,3.670678687937546e-12,0.000982447667531696,1
2.030091376376233e-09,0.996500700242911,1.5780484007465737e-13,0.003499297725141773,1
6.770627160703432e-10,0.9984158315458753,1.7189056896882493e-13,0.0015841677759500991,1
1.2820277612157775e-12,0.9995576487572134,8.257437991952086e-16,0.0004423512408452283,1
1.8404233325964643e-12,0.9997457837330261,3.509037326059163e-15,0.00025421626452477435,1
5.688628219423094e-12,0.9977019365403287,8.982146134757642e-16,0.002298063452658725,1
4.80205705266284e-12,0.9985582310035391,4.3501596925395875e-15,0.0014417689903262316,1
1.6537626279484548e-10,0.9997848775393041,5.555359756528254e-14,0.0002151222968335136,1
3.156336661708975e-10,0.9990375161788679,2.515253044713765e-14,0.0009624835061413936,1
1.9050717145315826e-10,0.9980935161203918,5.80254988353792e-13,0.0019064836872997235,1
7.370856944027968e-10,0.9604101763117949,1.7990895188887023e-12,0.03958982294996847,1
8.593416777349939e-10,0.9398887538819561,5.696707294999242e-13,0.0601112452587581,1
1.3225841619986628e-11,0.9963829289428178,2.4704310517916295e-13,0.0036170710447672996,1
5.81374322076878e-12,0.9991910309757555,4.638086970627445e-15,0.0008089690171672298,1
5.745156234500417e-12,0.9996631856415276,2.582607366332151e-15,0.00033681435279342854,1
6.747277015945758e-13,0.9993522277455641,1.443725214200223e-16,0.0006477722521185962,1
3.1908420749162057e-12,0.9996537579117232,4.566996976500076e-15,0.00034624208638422196,1
4.242235307640107e-12,0.9981734252000191,1.4853373874113903e-15,0.0018265747969213684,1
2.1434373552734456e-11,0.9995394695439122,1.2096177577664576e-14,0.00046053043450204796,1
1.0748507870085755e-11,0.9995383073602011,2.5200317889309425e-14,0.0004616926291519697,1
6.086975157124432e-12,0.9909602238802997,5.202542700986393e-15,0.009039776115237342,1
6.340053303665517e-12,0.99730444218965,8.825045504138512e-15,0.002695557803599961,1
7.612514736869758e-12,0.9995977914611935,4.454047773916432e-15,0.00040220853242758583,1
2.937767590248393e-11,0.99979107130352,1.7744105602922026e-15,0.00020892866567437195,1
7.337885707810043e-09,0.99976847516293,1.9924759967124297e-14,0.00023151749996507185,1
7.693485898338326e-09,0.9997513840153163,1.44847129045462e-13,0.0002486082898394402,1
1.6804429092345535e-09,0.9986814131023393,8.60158088440837e-14,0.001318585216391493,1
3.7107567824348453e-09,0.9968038828020506,2.1081724956415978e-13,0.003196113488185282,1
1.6942419218973294e-10,0.9991788236186671,4.843992987933334e-13,0.000821176209749798,1
2.5443369564091566e-10,0.9964242868040821,3.931638361921864e-15,0.003575712941787656,1
1.7618762712114846e-09,0.9996954196274301,1.0683271523017272e-13,0.00030457861002228687,1
7.629133057733937e-10,0.9998341614494073,6.631621106926738e-15,0.00016583778614939182,1
2.5327298601443153e-09,0.9998205204604811,3.0035130451281756e-14,0.000179477008095226,1
3.6425379754747035e-09,0.9991317875665174,9.710848440543486e-14,0.0008682087897383667,1
4.760254581971551e-09,0.9974566650794163,4.597588815754721e-13,0.002543330160275357,1
7.264517598171615e-09,0.9955571710537517,1.4102630608011928e-12,0.004442821681966295,1
3.0501653455914154e-09,0.9979716545897743,2.5580303928249724e-13,0.0020283423593564346,1
1.1205787287228473e-08,0.9995894620205942,2.8961294840545e-12,0.0004105267725371106,1
9.461059140851179e-08,0.9978235831028301,3.4288274748507256e-12,0.0021763222820683622,1
3.814467308094005e-09,0.9925774161557197,2.1692055558280295e-13,0.007422580030621771,1
3.5149658233831603e-09,0.9992279521820969,3.195981385671232e-12,0.0007720442984956739,1
7.107296620175317e-10,0.9975875386566315,5.433668626659083e-13,0.002412460631792686,1
2.014450167138527e-09,0.9891585542564014,2.8461536365844e-12,0.010841443727650526,1
2.3754441118236162e-07,0.9658418308535219,6.323219395609327e-10,0.03415793097152775,1
3.130130831995139e-07,0.006551438005594352,3.326594255935881e-11,0.9934482489468479,3
4.6101542969786344e-14,1.505515762814008e-15,1.7243185868028564e-17,1.0,3
1.3133893596387224e-17,4.8282055822254964e-17,3.88092431916115e-19,1.0,3
1.517774951863811e-10,3.142262547657765e-07,6.494589585196825e-13,0.9999996856204728,3
1.0382614325983142e-09,1.1118975155647366e-06,6.9167235898195846e-12,0.9999988870555907,3
2.773822079796638e-10,6.302315193698897e-07,4.853300686152931e-12,0.9999993694875398,3
4.046597729826786e-07,0.0834764005047707,2.2075608583139637e-08,0.9165231727604459,3
1.2867131143734946e-08,0.0007251174662240804,1.0832907107032457e-10,0.9992748695596738,3
6.984569284556513e-09,0.0006142125260881214,2.5459376791712814e-10,0.999385780233843,3
2.8401624816556742e-12,0.0009966937919431104,3.1406679365620667e-12,0.9990033062038182,3
3.1060334089120304e-14,0.0023661230433088963,9.836124256434002e-14,0.9976338769562094,3
2.1258574469627714e-12,0.47487854761957043,1.9473533860287314e-12,0.5251214523775809,1
1.838724242799806e-11,0.8995182396726621,1.280530742367376e-11,0.10048176029639373,1
4.432104718276059e-14,0.9536806529839243,8.59106215951671e-13,0.04631934701502236,1
2.644673523719823e-15,0.8500282328429973,7.966508691409729e-16,0.1499717671578611,1
6.589805116196301e-15,0.9686917415153281,3.1769655457453646e-13,0.03130825848354793,1
4.171227382824888e-15,0.9468927131297514,4.433937430886137e-16,0.05310728686987747,1
4.7421224487349484e-14,0.9963071756985858,3.887095607149499e-15,0.003692824299757541,1
8.54591507045731e-15,0.9995547650621439,3.136912731765763e-16,0.0004452349384645349,1
4.764532539357369e-14,0.9996567679378069,1.806639985289884e-16,0.0003432320614023923,1
9.551851363548075e-14,0.9990283730460932,2.630893158934089e-15,0.0009716269541862603,1
4.1416948227162414e-14,0.9874629847278348,3.6590751349809795e-16,0.012537015270454347,1
1.4834598342088352e-14,0.9959321952464059,5.5784838070752524e-15,0.004067804752129659,1
2.5392281561871528e-11,0.9948657680681853,4.819818956025942e-13,0.005134231906251392,1
5.775405715998338e-11,0.9799988832529054,1.3961429458495599e-14,0.02000111669064168,1
1.2161873864532614e-11,0.9987786342189869,2.668290853834747e-14,0.0012213657697134036,1
1.1527754261485238e-11,0.9997771032226982,3.834154728096213e-15,0.00022289676613612407,1
1.6989842907161078e-11,0.9995809078510538,7.647976924967215e-15,0.00041909213038223103,1
2.6528066396168292e-11,0.9961336097894467,5.743844642246196e-14,0.0038663901854677145,1
5.842265646692613e-10,0.9744524040299456,1.00514346414889e-11,0.025547595374051296,1
6.781051673808751e-10,0.01228976213731888,3.131016306784938e-13,0.987710237184298,3
4.07335943203624e-15,1.1964678352345913e-07,1.5710361814182933e-16,0.9999998803541601,3
7.381258522673899e-10,0.6329820047052935,3.957162472206507e-11,0.36701799451522965,1
2.052561293532388e-09,0.8636807166217022,3.1292923616919863e-10,0.13631928101460256,1
1.2737281778953722e-09,0.8708182900695481,9.94235619188966e-12,0.12918170864621242,1
9.340401191539697e-10,0.9381393714782865,4.30679420125873e-11,0.06186062754313551,1
1.2540149457181072e-09,0.9422197546343866,1.3520593563227636e-10,0.057780243975992775,1
2.247429280765946e-08,0.5074765208049828,3.781781482891346e-11,0.49252345668392006,3
1.1185248632893976e-09,0.2584915631529027,1.9167060510099386e-12,0.7415084357284271,3
9.327390257264414e-12,0.8745646895233288,8.538711085485721e-12,0.12543531045776957,1
8.154169770862577e-13,0.9412718566489363,8.375810125769628e-14,0.058728143348815307,1
2.3836107956612485e-13,0.9899103280616864,1.319333817490014e-13,0.01008967193799542,1
8.01194673184108e-11,0.9907590866853531,5.464931758506252e-14,0.009240913233071385,1
3.106407926597904e-12,0.9991598058882288,2.869075262752235e-13,0.0008401941084502251,1
6.100554596817673e-11,0.9882916807702704,1.11758566492051e-14,0.011708319168995706,1
4.3820769493401256e-11,0.9971398660467475,1.0462280654428647e-13,0.0028601339091372715,1
5.362613579558258e-11,0.9991717399143312,1.3097764131618371e-14,0.0008282600306069629,1
7.179739684786421e-11,0.9997420562215579,3.826614508461511e-15,0.00025794370662208095,1
1.8434521255652545e-10,0.9997873342028375,2.0625006877499023e-14,0.00021266561189622947,1
5.349325652122396e-10,0.9983590134109653,1.7060166149822518e-14,0.001640986054948695,1
4.524713184519168e-09,0.998614619026834,9.763091938455069e-13,0.0013853764483672945,1
1.0033516287914892e-08,0.9962914239663823,1.545396116862013e-11,0.003708565985799051,1
1.7401219200927574e-07,0.8953333056943231,1.0078558173093724e-10,0.10466652019135884,1
2.5457512538853904e-09,0.00592136101475383,1.5356796127144217e-13,0.9940786364378473,3
5.724108248827548e-07,0.3171468901768892,3.865991343886496e-08,0.6828524987537666,3
1.0113059581067445e-11,1.389957404502342e-06,1.7106239828423754e-14,0.9999986100311272,3
1.9006227078412857e-15,8.10021778597091e-10,2.2701325403116914e-17,0.9999999991887307,3
1.9539219003489512e-07,0.30997499817541596,8.509013014252522e-09,0.6900247979227097,3
1.0399492597018569e-08,0.26886615795446794,9.551947721489833e-12,0.7311338316357837,3
2.7341752465725844e-08,0.8405287881816875,4.423519172559783e-11,0.1594711844310509,1
4.320424395606504e-09,0.9882527363684216,2.6046433243682864e-10,0.011747259052311306,1
1.6207469758841387e-07,0.9626722368958978,5.16501210950289e-10,0.03732760051146204,1
9.536020151453107e-09,0.022215317673306225,4.309557663060408e-13,0.9777846727909982,3
7.399421473852919e-07,0.43033047541341307,3.278122486717521e-09,0.5696687813672514,1
7.03756081177445e-07,0.7433527684453365,2.43218527103785e-10,0.2566465275570099,1
6.645936793060215e-06,0.9780576577509162,5.377356657891436e-09,0.021935690934560995,1
2.1814412857876366e-06,0.9919340750040571,3.8069020211187644e-10,0.008063743174450182,1
3.096018262584385e-06,0.9964783189427568,5.691468331455137e-10,0.0035185844703991063,1
3.867367456057299e-06,0.9936405009647643,3.7438521969699577e-10,0.006355631292033938,1
8.422275677896238e-06,0.9955505825361012,1.0808800596624797e-09,0.0044409941069797725,1
0.00013003706577023033,0.988183186882879,1.5084483786603985e-08,0.011686760968280367,1
0.0005622219524189875,0.9111455685214152,5.119485219828121e-08,0.0882921583304695,1
0.0048380604092464075,0.062353303887571425,1.0735505633159908e-08,0.9328086249668307,3
0.08778907130425741,0.12961245610235372,1.0123862058810335e-05,0.7825883487302108,3
0.3139419392360809,0.14692010362000263,3.400154398912778e-05,0.5391039555991458,3
0.5081163894571186,0.03076688432063704,9.600291047744426e-06,0.4611071259323345,3
0.9652902677597349,0.010941442986933553,0.00010972090521853183,0.023658568348639195,0
0.9984003550783157,0.0007545299037729791,2.791068528901682e-05,0.0008172043329362364,0
0.9997896984217045,6.58923043096719e-05,1.6221364152501247e-05,0.00012818790833191848,0
0.9998974284211156,1.9492944761552864e-05,2.1268190060146895e-05,6.181044539078322e-05,0
0.9993220480577182,4.652912282864003e-05,8.237055474947618e-06,0.0006231857653760047,0
0.9996254444609124,1.8745188460196045e-05,1.2260543321051135e-05,0.00034354980828323983,0
0.9988822613631511,2.4035535798575404e-06,1.424259282689219e-05,0.0011010924917120538,0
0.9984502235503878,1.537957315190551e-06,1.1093111526613345e-05,0.001537145381500037,0
0.9983879426178027,1.6925762102118677e-06,1.4893781976851108e-05,0.0015954710224148003,0
0.9975400202507266,3.0138387785217847e-06,1.2725982572617319e-05,0.0024442399265061083,0
0.9997951076205843,7.803653640928318e-06,3.050183026287573e-05,0.00016658689578758523,0
0.9998344811311154,5.66246279413429e-06,3.721444618835532e-05,0.00012264196111125224,0
0.999914957163324,8.048115147321062e-06,4.6338600754116134e-05,3.06561214346207e-05,0
0.9998910502382418,7.860612559443205e-06,7.810147004144059e-05,2.2987677412299634e-05,0
0.9998898431727107,6.866445170963518e-06,7.973621570393914e-05,2.3554166986531887e-05,0
0.9998236262250927,2.9269770120380734e-06,9.027079076706606e-05,8.317600541850666e-05,0
0.9998221426836714,4.830555020985878e-06,5.572823568858118e-05,0.00011729852435139649,0
0.9997577790744981,6.615239042387806e-06,0.00019604927321988308,3.9556413547403894e-05,0
0.9977231021265304,3.744894535033038e-06,0.002177985032818995,9.516794542000963e-05,0
0.9831486175962957,2.6973742324549244e-06,0.016466079610549852,0.00038260541828789954,0
0.9319286873975563,1.1563954679754123e-06,0.06686854109962258,0.0012016151064556644,0
0.842030061384097,2.8488524304117355e-06,0.15765386029531323,0.0003132294672696229,0
0.7595744608002831,3.3561931296923233e-06,0.24026806912486476,0.0001541138810904059,0
0.7001933914989102,2.0067114383156277e-06,0.299359069292817,0.00044553249704910614,0
0.6282506558327806,4.765105798976064e-06,0.3713522011296676,0.0003923779306753123,0
0.49046195417799593,1.596288830671757e-07,0.5018177525294631,0.007720133664658836,0
0.014597206830847819,1.034669622602308e-07,0.984853851545856,0.0005488381567204546,2
3.077586605055785e-07,1.3748562906064886e-12,0.9996666261326197,0.0003330661076535305,2
7.932821276214875e-09,1.5750190181781554e-12,0.9999875346488121,1.2457414985561327e-05,2
2.0744167534695617e-08,3.693589065687271e-14,0.9999901166608658,9.862593656134091e-06,2
3.0504283915597055e-08,1.6599923061527876e-14,0.9999858580758417,1.4111418598219441e-05,2
8.859808561507493e-07,5.657412705006883e-13,0.9999971619694661,1.9520478388683572e-06,2
1.2354207676849918e-06,8.542826952340137e-14,0.9999943684792334,4.396101615742297e-06,2
3.437471714643706e-06,1.823321995988555e-11,0.9999897369579287,6.825550764577954e-06,2
2.0881043438956947e-07,3.032964964471382e-15,0.9996240530925296,0.00037573809803113196,2
3.3939241047311764e-08,2.8961461172958383e-11,0.9999911801849205,8.785846030442926e-06,2
4.998764308460437e-07,8.37824213537601e-15,0.9999120386181155,8.746150373471416e-05,2
2.6918584801104686e-07,3.206670004030194e-12,0.9999975245076429,2.2063041396147344e-06,2
4.195761834221136e-07,2.698702517915692e-13,0.9999914087134838,8.171710236642861e-06,2
1.4857823055614038e-06,1.2257926470144929e-13,0.9999454807858666,5.3033430785045025e-05,2
3.021007003207049e-06,3.3533986074671717e-12,0.9999940207595996,2.9582297685827014e-06,2
1.2667662776631932e-07,2.8046547277782352e-14,0.9999945686906516,5.304632939760136e-06,2
1.5401237797882088e-07,4.260944477641008e-13,0.999997520287598,2.325698221109437e-06,2
9.485673626110987e-05,7.129960378616445e-12,0.9998924428476391,1.2700407585933248e-05,2
0.00026380947069414696,5.190764188922852e-10,0.9997269156824857,9.274327114601095e-06,2
0.001355304501309589,7.271690936528589e-10,0.9985393969791317,0.00010529779370892108,2
0.001886391683524962,7.365662617131466e-09,0.9980957905248413,1.7810427138464783e-05,2
0.00368154649256728,1.1467933933265417e-08,0.9963064111266118,1.2030912973387766e-05,2
0.010000578649760226,1.791401326764839e-08,0.9899727110009001,2.6692435174004374e-05,2
0.018627684029214907,4.775644332148186e-08,0.9813451659629645,2.7102252244720116e-05,2
0.03242275463301569,5.960187751135047e-08,0.9675095213138484,6.766445163580207e-05,2
0.03732854833685463,1.2568592179480408e-07,0.9626310197112337,4.0306266064244736e-05,2
0.033252866157677655,5.4887610314924504e-08,0.9666772841549904,6.979480147336557e-05,2
0.012762771931440578,3.256373327828874e-08,0.9872099785081708,2.7216997055170233e-05,2
0.004201958111014721,7.597762172532922e-10,0.9957593909454707,3.8650182038396175e-05,2
1.7083928474706084e-05,2.4358487473513037e-11,0.9999792051146257,3.710931706050113e-06,2
9.437079412489388e-08,1.2064163187547268e-13,0.9999948074099149,5.098218976654604e-06,2
5.120315490023348e-10,2.0450068320796044e-13,0.9999813307364229,1.866875019629478e-05,2
6.031660877693037e-09,1.3285249228555896e-10,0.9997913155791597,0.0002086782553292672,2
6.107124048145999e-08,2.618723119102994e-10,0.9634389796965396,0.03656095897136918,2
9.810498704290371e-12,2.4928568143229124e-21,0.0009379252837184329,0.999062074705693,3
1.5935707260998145e-07,3.196960936228194e-10,0.9161760443352225,0.08382379598630739,2
7.392455754240734e-08,4.59592229346107e-09,0.999385313055354,0.0006146084257129498,2
2.9698042839219967e-08,1.5122313024402239e-13,0.9997829798339898,0.00021699046949497498,2
2.009114300530341e-08,1.0733477662413577e-12,0.9999967191051089,3.260803660940838e-06,2
2.9930636563512784e-08,1.2067779372893856e-14,0.9999969228130846,3.047255699960083e-06,2
1.8896798677378366e-06,7.1490030486325e-14,0.9999945125678589,3.5977510762042134e-06,2
2.0109655996389597e-07,4.281384402694928e-14,0.9999974418202308,2.357083176204458e-06,2
2.0983819592939774e-07,7.000237507495409e-14,0.9999951689140572,4.62124837340235e-06,2
2.28481380350475e-07,2.002306279014709e-14,0.9999860462913073,1.3725226381191692e-05,2
2.0913787030491578e-07,3.149875204180243e-13,0.9999967466299666,3.0442321645250645e-06,2
4.0235283014750443e-07,1.0453876459543787e-11,0.9999911309343991,8.466701553204249e-06,2
4.1961818364366306e-06,4.343832977233244e-15,0.999057672491914,0.0009381313268892681,2
2.5936542851853675e-07,2.1607713675974e-11,0.9999913950857323,8.345528029654588e-06,2
8.015921357667355e-07,4.075253130429111e-12,0.9999945016212408,4.696783169975489e-06,2
0.0001349068035307998,2.967089456955782e-10,0.9998156413016375,4.945159825686401e-05,2
0.007431778630016041,4.023941556372966e-09,0.9906201215123371,0.0019480958321324133,2
0.28246997021264486,9.030521711987563e-07,0.7165553237746553,0.0009738029611992617,2
0.6485948626317389,1.5281738573377694e-06,0.349588508500922,0.0018151006923964466,0
0.9200611012805525,5.132412756601273e-06,0.07971960976563959,0.0002141565407481846,0
0.9833648626673733,5.091075111465006e-06,0.01655750808289412,7.253817632472151e-05,0
0.9965553435445031,6.068217631624741e-06,0.0034036750937553586,3.491314243731792e-05,0
0.9992566084208908,6.9270504398988735e-06,0.0007108063960353703,2.5658132411699095e-05,0
0.9997552092719344,5.076607639511157e-06,0.0002091251592459605,3.058896170029819e-05,0
0.9998529395839851,1.0228848471858925e-05,9.970376434472532e-05,3.712780475106861e-05,0
0.9990196244033324,3.12566199139159e-06,0.0008672489533372958,0.00011000098101854658,0
0.998976311424164,3.689739431436048e-06,0.0009268870830434678,9.311175516149591e-05,0
0.9994017688526498,1.4282283949152869e-06,0.00044611510072658215,0.00015068781888998294,0
0.999647903200108,3.2891310134004748e-06,0.0002661920882094253,8.261558015430269e-05,0
0.9999122000719769,9.396261697530211e-06,4.338436553613306e-05,3.5019300273905605e-05,0
0.9999307002547533,1.2775791517183658e-05,2.8914659112103378e-05,2.760929357260181e-05,0
0.9997857493647009,4.627818473069422e-06,1.4462712573566694e-05,0.00019516010391427928,0
0.9999312904797217,1.4610248026317177e-05,2.771349020926066e-05,2.6385781943632425e-05,0
0.9998821391358059,8.134451367541405e-06,3.685272800161212e-05,7.287368603273941e-05,0
0.9999091486624279,1.2947592206052438e-05,4.4830513642828035e-05,3.307323053887313e-05,0
0.9997783390167295,5.765010532325102e-05,1.9929605963604085e-05,0.00014408127240056356,0
0.9936532981230719,0.00011439984575792317,3.1560322123533443e-05,0.006200741708810719,0
0.9518335984207673,3.885432985713897e-06,1.48095987277672e-05,0.04814770654859702,0
0.9982251138900259,6.138030436142045e-05,4.046131710476852e-05,0.0016730444869576064,0
0.999896638871845,1.856024126555377e-05,3.884273009382068e-05,4.595815784411078e-05,0
0.9997837982419246,8.795909828512405e-06,2.897522279763629e-05,0.00017843062656042768,0
0.9999275156992937,1.4190175722568835e-05,2.7216875293306593e-05,3.1077249029377564e-05,0
0.9998721650233665,2.1831934112005165e-05,1.6173040292383012e-05,8.983000235734175e-05,0
0.9994457447672087,0.00013785440998511685,1.3483272651688602e-05,0.00040291754952901033,0
0.9942176464625293,0.004193041764398921,1.8300308352410257e-05,0.0015710114661838996,0
0.9552071900222305,0.03922286609974859,2.2095607656110096e-05,0.005547848270616683,0
0.8623335908174811,0.07516948775236475,0.0001654469433651788,0.06233147448546734,0
0.017858274515331382,0.05137538077369808,1.4869842341493072e-06,0.9307648577276608,3
2.6689989403712247e-05,0.2088427223391839,9.576282282126758e-09,0.7911305780942737,3
2.754637587661693e-06,0.7885823628542813,2.157347584971975e-08,0.21141486093629616,1
3.672230080439595e-13,0.8147309044988557,4.530524833674088e-13,0.1852690955015601,1
1.1590043092674454e-16,0.888904209797061,1.982554663746061e-15,0.11109579020415956,1
1.3919634308509865e-18,0.9738287986748978,4.477747076552339e-16,0.02617120132352135,1
2.5169900876733042e-18,0.9955880532428958,3.361912830077023e-16,0.004411946758888897,1
3.4029926207499655e-18,0.9951810740259943,6.980974409596273e-17,0.00481892597423774,1
1.2490758368876253e-17,0.9947523099862539,1.288442001774233e-15,0.005247690015472616,1
1.44326945272322e-16,0.918898020497977,2.020687646772702e-15,0.08110197950162168,1
5.633221038732029e-17,0.4701915574116383,5.868956186747394e-15,0.5298084425867391,1
7.069951884380205e-17,0.012102749010948691,9.85618474133049e-16,0.9878972509903537,3
2.348833768164978e-17,0.0815761900114643,3.54442861704167e-14,0.9184238099884731,3
7.711170758584011e-18,0.06853597364954739,3.315506764172054e-15,0.9314640263489415,3
1.890107754406627e-18,0.19351998888769437,8.969345631078589e-16,0.8064800111106204,3
1.268488111766298e-18,0.7990281284638913,2.002611513257644e-15,0.20097187153570523,1
1.758541896621173e-18,0.9144905787586757,2.9602188244512233e-16,0.08550942124182931,1
2.5393010062601765e-21,0.9871399500893351,2.8376408224317765e-17,0.01286004991145326,1
5.768362201348078e-20,0.991376889730832,1.839324035613108e-16,0.00862311026901789,1
6.231087483677455e-19,0.941897385727413,4.0500033727109e-16,0.05810261427328548,1
2.591361610446682e-19,0.4025716354802263,3.370945644832145e-19,0.5974283645211386,3
1.1536340204939675e-16,0.9701912790739046,2.4041790651237842e-15,0.029808720925299168,1
2.072833086568438e-18,0.9969672797723955,6.642665653482967e-16,0.003032720227867804,1
4.989278352798085e-17,0.9909271836809397,2.430309254350326e-17,0.009072816317643439,1
2.7068909808527034e-18,0.9982458944294701,7.575870850243923e-18,0.0017541055701492867,1
8.344498658955092e-15,0.9996729955557895,1.4089825427428948e-16,0.0003270044437232645,1
6.922081931824316e-15,0.9996240171555391,1.410118803913104e-17,0.00037598284311881946,1
5.8566078138049506e-15,0.9997280868069965,1.2969839066047026e-17,0.00027191319433701754,1
1.523748680170584e-14,0.9997837908620616,2.791896150312023e-17,0.0002162091389332401,1
3.869346531687009e-14,0.9997080773088619,1.7186594364803833e-17,0.00029192269177026506,1
1.9418084147449048e-14,0.9997934162648311,7.907165081661538e-17,0.00020658373467314595,1
1.0930517917402255e-13,0.999099322435467,6.902784957217718e-17,0.0009006775633724961,1
2.82016442328767e-13,0.999567823025519,5.739792643823114e-16,0.00043217697421983685,1
8.087132575344375e-14,0.9995271141921952,1.006739010934311e-15,0.00047288580682071086,1
2.169622017869438e-13,0.9971039059367753,1.2473222381092744e-14,0.002896094061782523,1
1.5538353826550334e-11,0.9249605524146897,1.5121650222482828e-13,0.07503944757042502,1
1.0988814723155346e-11,0.6033761176252466,9.707247971092275e-14,0.39662388236313895,1
8.605133850172185e-12,0.9312072709290452,1.548335952877842e-11,0.06879272904624831,1
2.118120276863415e-12,0.8979934357528787,3.3805854404121483e-12,0.10200656424005133,1
2.2398249769014272e-11,0.5235774422204117,6.4251293300349564e-12,0.47642255775207876,1
8.740954611502239e-13,0.09976164935848317,4.3214575931933223e-13,0.9002383506419764,3
1.193572575035158e-12,0.09244075281760054,3.307840933490916e-14,0.9075592471818944,3
2.58063527073475e-11,0.9336307060844037,1.8285233091451715e-11,0.06636929387287774,1
9.450485592172814e-12,0.9434357987143867,8.234294461062694e-14,0.05656420127767346,1
4.599764058317575e-12,0.9980848394321363,5.786143711673645e-14,0.0019151605621656122,1
2.949361812765138e-12,0.9996756064683341,3.987455979640293e-15,0.00032439352705231105,1
3.4507531786989936e-12,0.999437029363249,2.0506411905543834e-15,0.000562970632618254,1
1.1124286410797048e-12,0.9982334519788164,2.1793291386095615e-14,0.0017665480187083757,1
6.97761675175805e-11,0.9621729204844888,5.692363210939893e-13,0.037827079446342476,1
1.625999073689751e-11,0.6849068282676366,5.912636909097501e-14,0.3150931717162375,1
2.0226061984992277e-11,0.932677735931891,1.2897167473517526e-12,0.06732226404532216,1
1.655257891868811e-11,0.9940887580394764,1.8370310341257536e-13,0.005911241942108087,1
6.307845003985638e-11,0.9991170377310389,1.1958629478881026e-13,0.0008829622062111688,1
2.8257830789999847e-10,0.9986863197736666,8.072291905687434e-13,0.0013136799420103461,1
1.3406259156329512e-09,0.9650069214349566,1.0043724287286176e-14,0.034993077223589054,1
9.33088160404344e-10,0.9984069954758372,9.48642376245936e-13,0.0015930035886348724,1
1.3496078240996348e-09,0.9995386726156115,4.104882748051049e-14,0.0004613260350666353,1
8.920490517036986e-09,0.9998250018596795,5.923843829867421e-14,0.0001749892190341007,1
1.4401248211242672e-08,0.9997349569984705,2.6052617785438387e-14,0.00026502859899546824,1
2.914048058909252e-07,0.9997338719575867,1.0345738387864144e-12,0.0002658366362455779,1
6.578464589766922e-07,0.9992592516760004,1.1414145953792066e-11,0.0007400904677579736,1
2.9806792293129957e-05,0.9955413050080114,4.160147406500383e-10,0.00442888778355633,1
0.09517847182461123,0.8606003949274198,2.474809913466264e-07,0.044220885767728646,1
0.5611026430248106,0.3787365317480463,5.57541903101067e-06,0.06015524980733892,0
0.915382517095073,0.0620283334173385,9.67859313471336e-06,0.022579470895160717,0
0.9875963624141754,0.011696434965964156,2.0147470035724395e-05,0.0006870551493799023,0
0.9988526550376621,0.0009798538948137224,1.4994164854699042e-05,0.00015249690228085955,0
0.9998323013664221,5.990937479847334e-05,2.064195476462829e-05,8.71473050222727e-05,0
0.9996837237959174,8.431356110523646e-06,1.5723026451038122e-05,0.00029212182201813705,0
0.9969988764371098,1.6585847638156197e-06,5.777285209742538e-06,0.0029936876930145412,0
0.9998080287393577,1.701288503578259e-05,1.7596597921250823e-05,0.0001573617758845614,0
0.9998894921501272,8.056469412922736e-06,1.9945837396472933e-05,8.250554133574883e-05,0
0.9999308539014276,1.2551778332301034e-05,2.6235262054858603e-05,3.0359057747711027e-05,0
0.999871838847562,7.29161430631905e-06,7.548891474688716e-05,4.538062201695075e-05,0
0.999885654113855,6.135171447517415e-06,7.796969733308152e-05,3.024101860959758e-05,0
0.9998938571317529,5.489293787986326e-06,5.728659524925223e-05,4.336697774509746e-05,0
0.999851992161271,6.818359443278364e-06,9.786109729074774e-05,4.332838260907229e-05,0
0.9991835000860122,2.1002238995931096e-06,3.283219425365108e-05,0.0007815674949668763,0
0.9998774599660835,1.4574904929625439e-05,2.1614659334340367e-05,8.635046793645294e-05,0
0.9999131976605488,1.131317610821465e-05,5.098743090256655e-05,2.4501732539217244e-05,0
0.9997684319428376,7.079291959382919e-06,0.00019911006009070795,2.5378705732168177e-05,0
0.9990048228422224,3.581614594307848e-06,0.0009253110579916284,6.628448567803122e-05,0
0.9927550547117864,1.7711253814408043e-06,0.006911435953659728,0.0003317382104240379,0
0.9855331403812956,5.925575979807158e-06,0.014407221553721865,5.371248861330147e-05,0
0.9775899821567469,4.791022163961994e-06,0.022330884050085303,7.434277128494982e-05,0
0.9667584960219155,5.240310635540099e-06,0.03318110284773493,5.516082007300208e-05,0
0.9564689602680555,4.504522529246089e-06,0.043454592369683055,7.194284126511082e-05,0
0.9414707989965616,4.304783392025668e-06,0.058443380383149945,8.151583517827892e-05,0
0.9246459602792638,4.867209063032279e-06,0.07524382811507725,0.00010534439511805996,0
0.9192933283236142,3.282412378998183e-06,0.08032482405297271,0.00037856521158970055,0
0.9143843545944286,3.793133218964094e-07,0.08241314642808421,0.0032021196638751383,0
0.9136178308438488,6.834797157394641e-06,0.086096602847626,0.0002787315126898979,0
0.9184479188161183,3.303684479937476e-06,0.08114542062776069,0.0004033568706726701,0
0.9267678135469882,4.436287328825353e-06,0.07306774035200565,0.00016000981245445145,0
0.953405927762926,4.831345298127594e-06,0.04641674072437014,0.000172500167118591,0
0.9938927703820771,6.900278209460055e-06,0.006045841183242154,5.4488157318092504e-05,0
0.9983197010624264,1.6670218896021923e-06,0.001416846992057823,0.0002617849245184984,0
0.9995143449485652,5.316899255070396e-06,0.0004369598500044432,4.337830323683706e-05,0
0.999844744009277,6.545223392987365e-06,0.00012015243282418028,2.8558334236436566e-05,0
0.9998428748203609,5.551149959195207e-06,0.00011553797863722356,3.603605116850517e-05,0
0.9998587993921773,4.0438146713561e-06,8.9157934899802e-05,4.7998859964886e-05,0
0.999902219675781,1.0224729921201661e-05,4.8717600208893527e-05,3.8837993215522035e-05,0
0.9986622772371196,5.522103995974969e-07,2.2330195470282472e-05,0.001314840356439896,0
0.9999034776211992,1.2094585449835717e-05,2.8137368899987406e-05,5.629042373176654e-05,0
0.9999239818799333,1.3119578616995614e-05,3.081695477872603e-05,3.2081584946979167e-05,0
0.9999296499563023,1.4384802442863772e-05,3.516164855866017e-05,2.0803590950174473e-05,0
0.9999308408965527,1.9658478636963977e-05,2.2541757171248318e-05,2.6958866298866818e-05,0
0.999925269845623,2.7265366496956905e-05,2.0046055227127475e-05,2.741873108828426e-05,0
0.9999178433889891,3.252572992940894e-05,1.7226762892271312e-05,3.240411714532e-05,0
0.9999085004919147,4.278450624411098e-05,1.6129712856332676e-05,3.258528752173479e-05,0
0.9998912731929701,3.4515103794644724e-05,1.2958916979183986e-05,6.125278686911433e-05,0
0.9997907516829753,1.586470130022206e-05,1.0300219436626494e-05,0.00018308339585626645,0
0.9999069645953151,3.869873234312789e-05,1.587606477878365e-05,3.8460606917108605e-05,0
0.9999201366396075,1.9627608951469304e-05,2.0786421148599058e-05,3.94493291577694e-05,0
0.9999313377956619,1.551861073814733e-05,2.4155366404509803e-05,2.8988227112297983e-05,0
0.9999166968547752,1.103977542134981e-05,3.0427682188784993e-05,4.183568908357304e-05,0
0.9998887816443323,9.299889918039984e-06,7.90639080396382e-05,2.2854557540461456e-05,0
0.9995318784112005,8.413397892060419e-06,0.0004337496869573281,2.5958503272672696e-05,0
0.995698561070245,3.8713030786178e-06,0.004228377612431628,6.919001301307539e-05,0
0.9873464957581699,5.179758697835532e-06,0.012605501286864657,4.282319546142827e-05,0
0.9687763569096345,4.115568366540796e-06,0.031104590554252833,0.00011493696804445726,0
0.9575039084078627,3.8956466836763665e-06,0.04236492829295425,0.00012726765422730376,0
0.9538663107355482,2.532783166727112e-06,0.04585278353881404,0.00027837294220825227,0
0.9574836627637777,4.025519290746332e-06,0.04240089781480572,0.00011141390214959564,0
0.9674428673561195,2.3578611188729442e-06,0.03227869302394609,0.0002760817581323179,0
0.9786887385286818,8.593962635025692e-07,0.02042732987476606,0.000883072201409426,0
0.988081410677635,2.221616219795193e-06,0.011255252595665786,0.000661115110197134,0
0.9974808705917061,6.8694984593192065e-06,0.002466663424253387,4.559648567340537e-05,0
0.9995932294337154,5.077134210171052e-06,0.00035688770074799697,4.480573239849526e-05,0
0.9997830604341078,2.494823914629719e-06,0.00012026081732158581,9.418392319018787e-05,0
0.9996811683200222,5.553443057730332e-06,0.0002829913343780115,3.028690396459189e-05,0
0.999607483280402,4.82798627434056e-06,0.0003459119163134692,4.1776815599423266e-05,0
0.9996355874458406,1.7309922955477537e-06,0.00022498115029821077,0.0001377004114788992,0
0.9998290871416065,7.78822747179064e-06,0.00013624925486943045,2.6875377747864736e-05,0
0.9996561026164336,4.323227122127982e-06,0.0003002848752326081,3.9289282347825834e-05,0
0.9983620607255906,5.438172700547973e-06,0.0015941936368497728,3.830746571757867e-05,0
0.990031727633418,6.519466519737167e-06,0.009899485346599837,6.226755485664849e-05,0
0.9352083220481073,3.389125892208019e-06,0.06448636997933126,0.00030191884559446276,0
0.7741006724528886,1.0792887169575673e-06,0.22534933661700188,0.0005489116416869268,0
0.16694536432333767,5.658778592617972e-07,0.8326651027366528,0.0003889670636931686,2
0.0015029154192812407,1.1166472543347175e-06,0.9978366506385976,0.0006593172937258846,2
7.019866733035296e-06,2.2392355898462672e-13,0.9944571225283491,0.005535857606360974,2
1.551041131985079e-06,5.608587476038773e-10,0.9999152138118477,8.323458658803215e-05,2
6.696354009755978e-06,4.1385338378215115e-11,0.9999738805591404,1.942304435146612e-05,2
0.00019673129959732428,1.0452762616756773e-10,0.9997852020027178,1.8066591662650574e-05,2
0.00037723133251132794,3.4282061336545995e-10,0.9996148347076895,7.933615401544499e-06,2
0.0002372383064018471,1.3444939801673054e-10,0.9997483596652733,1.4401894658216356e-05,2
0.00015957301309722752,1.4699063408689343e-10,0.999830934400542,9.49244063324972e-06,2
0.00014071721101513202,2.8472291669049872e-11,0.9998436818849564,1.5600876633333012e-05,2
6.905189586475987e-05,5.71552979944319e-11,0.9999249047254064,6.0433219332646614e-06,2
7.231988118484838e-05,4.599343724848071e-12,0.9999143604074708,1.3319706505547949e-05,2
9.954917140456669e-06,2.70963774351555e-12,0.9999865902235425,3.4548576004739383e-06,2
6.535938747518655e-06,4.582928936184476e-13,0.9999896439321316,3.8201291609520455e-06,2
8.654633027785154e-06,5.316402197837998e-13,0.9999883383122912,3.0070534109663513e-06,2
6.906986184581387e-06,5.415409101824724e-13,0.9999893893672334,3.703644340675778e-06,2
1.4937278292837357e-05,1.9958193601090873e-12,0.9999806294638627,4.433254159885262e-06,2
2.3491298344350116e-05,1.0660958606028886e-11,0.9999666534089005,9.855282502549578e-06,2
0.00018314837968434294,1.13218532148945e-11,0.999796087353531,2.0764255185015876e-05,2
1.3648101324353956e-05,3.707107754912336e-11,0.9999832875669667,3.0642960781994974e-06,2
3.9822407562004076e-05,1.578058646727136e-12,0.9999339621805003,2.621541092871016e-05,2
7.938871907442575e-06,2.458966965425806e-12,0.9999868346597286,5.2264664430596525e-06,2
5.512483018157128e-06,1.3828832140464472e-12,0.999991690639907,2.79687664418588e-06,2
3.663858608826097e-05,2.4297093727227195e-12,0.9999556361526942,7.725259364160906e-06,2
2.235032297055113e-05,8.538705785283154e-12,0.9999695034523983,8.146214627508359e-06,2
7.979093120273636e-05,3.762277369185434e-11,0.9999156622530369,4.546777405289239e-06,2
0.00018018664549983133,6.764011416635882e-11,0.9998094221424474,1.0391143776279342e-05,2
0.00021507518506325528,9.948324188555354e-11,0.9997585167072628,2.6408009284581467e-05,2
0.00026816116176550637,2.4403555838048716e-10,0.9997114721655164,2.0366427776225735e-05,2
0.00020461950724035035,5.154830406156951e-10,0.9997625651936219,3.281478512063343e-05,2
0.0025410727573830358,6.4763896492849045e-09,0.9974324649842303,2.6455782423418298e-05,2
0.014683168036167949,2.08334124027405e-08,0.9852211102612017,9.570087015151503e-05,2
0.06649561747107965,2.8071954027242286e-07,0.9330852403043554,0.00041886150561353663,2
0.8618866024483897,7.717631596827762e-07,0.13751522295249924,0.0005974028365481523,0
0.983577173006859,5.409067091423741e-06,0.016308421509223743,0.00010899641592131292,0
0.998472996501649,6.688591318997409e-06,0.001434048133051537,8.626677366689656e-05,0
0.999432277813006,3.763650160587937e-06,0.00028165367848337347,0.00028230485995709543,0
0.9998156143782831,4.864630165202619e-06,0.00011517963947628807,6.434135040296704e-05,0
0.9998840757911437,2.0022347593606468e-05,2.3348457622988763e-05,7.255340310908571e-05,0
0.9997756693939402,9.722255100143066e-05,1.902988831210305e-05,0.00010807816751186682,0
0.9985795410610332,0.0010321366418103415,1.6128740755664015e-05,0.0003721935557530181,0
0.9823317714166412,0.01634355974846819,2.546015988780989e-05,0.0012992086758591354,0
0.86929837662007,0.08963241634598701,6.4606520054511705e-06,0.04106274638354551,0
0.547616154121498,0.4419668861212089,6.402080267911778e-06,0.010410557676300721,0
0.19510462291317401,0.7835591127054787,2.0429898469712807e-05,0.021315834483997004,1
0.04527051655684284,0.8289318505190187,1.2601307040821963e-05,0.12578503161728502,1
5.368132871346687e-05,0.5834855826172992,2.0838020197822699e-10,0.4164607358441017,1
4.25738794086515e-06,0.9734426101433528,4.443347217544854e-09,0.02655312802624738,1
2.8035180065751835e-06,0.9897552592105463,1.1986053247615456e-10,0.01024193715034769,1
2.1672916306703977e-05,0.9993192938845471,2.6656260156341454e-10,0.0006590329326105398,1
4.10544102183116e-06,0.9997668050785241,8.327163837275055e-12,0.00022908947379726949,1
1.33188621668559e-06,0.9997444916267922,2.297034735958003e-12,0.0002541764835815413,1
3.231439437472834e-07,0.9994042249165778,2.0893507015396935e-12,0.0005954519377474103,1
7.704688933811827e-07,0.9980976850712453,8.032446026012263e-13,0.0019015444579564059,1
1.6271494938595272e-07,0.9997691745190599,1.3861517178539339e-12,0.00023066276338469088,1
1.7528584432125476e-07,0.9997653369773563,1.2655122200125632e-13,0.00023448773546522894,1
3.434061146837655e-08,0.9998465698472702,4.4178439695610785e-14,0.0001533958127762638,1
3.4559189533437116e-09,0.9998298161373308,5.6881994435635455e-15,0.00017018040755389303,1
3.388804841477596e-09,0.9998606678251701,6.661274360940157e-15,0.00013932878462126987,1
1.6450370518334748e-09,0.9998478040685012,5.775131984735883e-15,0.00015219428788623525,1
1.6354701267724474e-08,0.9997435329956268,1.743477549312337e-14,0.0002564506482200783,1
1.022759217030463e-08,0.9998156589680431,6.804762668077162e-14,0.00018433080281760975,1
2.6372190656722484e-07,0.9994944058371106,3.985929838410472e-12,0.0005053304385376162,1
2.966243396884922e-07,0.994613002479867,4.778439466124357e-13,0.005386700896549326,1
4.2957768046381567e-07,0.9992874456531531,5.31745838325988e-11,0.0007121247143034375,1
4.4061456952842323e-07,0.9981592154236926,2.9624384496326314e-11,0.0018403439310816319,1
2.5225428526891236e-06,0.9902036286505235,6.938909441746237e-10,0.009793848110987467,1
6.512109407153649e-08,0.7238026646970045,3.7432343581003205e-11,0.2761972701429833,1
3.6704588411833296e-10,0.001219180950307198,4.728551506063187e-13,0.9987808186811198,3
2.364459257174241e-08,0.41901457412848697,1.428482519950455e-09,0.5809854007970979,3
9.548360938854586e-09,0.5255362303611327,5.158028578883103e-12,0.4744637600848271,3
5.724256996743445e-10,0.9887182612130836,1.4836489196299472e-11,0.011281738201306027,1
2.221812883138039e-11,0.9963825740258824,1.0497948215400058e-12,0.0036174259516845433,1
8.107649595852161e-10,0.9842180363044194,2.804006668411562e-12,0.015781962882281345,1
3.599867329938869e-10,0.983272217504665,1.5975016350773788e-12,0.016727782134123497,1
3.514647071703606e-09,0.9855002538244779,1.256266844758242e-10,0.014499742536783345,1
2.9018823634541355e-09,0.6197516458233548,3.9048221345234735e-13,0.3802483512736344,1
2.3665506669969577e-09,0.9221796995653172,2.0228325749806794e-11,0.07782029804905499,1
1.0024571511121175e-08,0.9902440816671951,1.6697253511485391e-10,0.009755908140006486,1
4.78288536339741e-08,0.9778925376554741,3.7148851659954074e-10,0.022107414144988485,1
3.6052990730742444e-10,1.3514293346046508e-05,2.5124061249344384e-14,0.9999864853456634,3
8.27038813662674e-08,0.3568174895395387,5.865059586124573e-10,0.6431824271705618,3
3.2079470753952334e-08,0.8757499722003247,4.3091047462010635e-11,0.12424999567600849,1
5.413346127466235e-08,0.991336551736154,1.9362203167383558e-10,0.008663393938054728,1
3.488555246346258e-08,0.9957600578212109,2.8815218543368973e-11,0.00423990726409852,1
5.758073036569567e-08,0.992355150495528,2.0135366233249463e-11,0.007644791903817214,1
3.469049003534602e-08,0.9940053815511806,9.615871313918454e-11,0.005994583662565497,1
6.78135340243409e-08,0.9666243886487093,4.619597889264901e-12,0.0333755435313429,1
1.868465793871811e-05,0.9888658666965863,4.853483540023277e-10,0.011115448160111398,1
1.0695329542554105e-05,0.9991532632932317,8.873742140223663e-10,0.0008360404881766106,1
4.763142931958323e-06,0.9984324690918038,8.615589718679705e-11,0.0015627676775268424,1
8.64813333624421e-05,0.9957359071733528,9.624491718609435e-10,0.00417761053246836,1
0.003626733558493645,0.9825351891372047,1.0881458271409182e-07,0.0138379684881683,1
0.008801755356146853,0.8895357012245984,1.496227357925692e-06,0.1016610471904563,1
0.0026734327991107,0.005886702870276038,2.4867406625956837e-07,0.9914396156578569,3
0.0004617059387479963,1.2909336917030707e-06,1.520823213587468e-07,0.9995368510452586,3
0.010076637054897695,9.686084610770594e-06,1.8031363009163593e-06,0.9899118737255752,3
0.13775540395132527,2.9808617025331382e-05,1.876020105379583e-05,0.8621960272303667,3
0.9777811711610599,0.0039339819460483426,0.0002625542288508195,0.018022292663452916,0
0.9966699152446675,0.0005905976412162835,1.48907967357295e-05,0.0027245963171204472,0
0.9991402999701923,5.886876737069812e-05,9.447658164330297e-06,0.0007913836044565645,0
0.9998436699433391,3.83993962802042e-05,1.6258378578673807e-05,0.00010167228206341689,0
0.9998836682647947,2.5759075033490592e-05,3.0642778985981733e-05,5.992988114899274e-05,0
0.9978319238890307,7.212144709985084e-05,3.0249982329063983e-05,0.002065704681260066,0
0.99287623077363,0.0038651204294257824,2.6579087599885107e-05,0.0032320697110599372,0
0.9470272125741906,0.01110377810462027,0.00021811625108915966,0.041650893069056484,0
0.0005004011916734073,1.512219651604656e-09,2.021938842454832e-08,0.9994995770771335,3
0.0001296491254186714,2.0793805310675237e-05,1.0224318874125446e-07,0.9998494548243196,3
0.002054151961784971,0.00434082042165291,7.965361113681212e-07,0.9936042310792695,3
0.012020912286858821,0.10576939906485851,3.957666406356974e-05,0.8821701119838063,3
0.00010024112498277724,0.0016610162945499764,3.3229978096647404e-10,0.9982387422491555,3
0.0007135989425851711,0.9247362170871628,3.3652695088152663e-07,0.07454984744167445,1
0.0002521011571180755,0.9784390602613883,2.614031784647498e-08,0.021308812442953993,1
0.00034616831466721356,0.9914005829659538,5.111497685704428e-08,0.008253197605121484,1
0.00036977000291856996,0.9862968346450166,5.229323204028676e-09,0.013333390124266029,1
0.0008644737526916919,0.9947731049989085,2.4559851199845144e-08,0.004362396688260255,1
0.0028486892337443474,0.996089821475052,5.596790582761759e-08,0.0010614333233403127,1
0.023152850341002416,0.9698287481141722,6.648508213669008e-08,0.007018335061075117,1
0.11995452267549976,0.8620523255079827,1.1049548495074469e-06,0.01799204686166791,1
0.8236234638436897,0.019384497714351936,3.588027912240463e-06,0.15698845041294116,0
0.9693845586018606,0.0010031510057128146,2.8699568283155773e-05,0.029583590824881097,0
0.9991328004315075,0.00038626309297461685,2.821471615657725e-05,0.0004527217591984176,0
0.9997357362255123,0.00017821735694379507,1.7751778411536563e-05,6.82946394146718e-05,0
0.9992250351768137,0.00033604897067487433,2.640717059867415e-05,0.00041250868311926034,0
0.9882109935004326,0.0018846849859732292,0.0004449164581604831,0.009459405055194358,0
0.18023370777899664,3.4827844537596053e-06,0.0002438947249362815,0.8195189147110504,3
5.421410184221244e-06,1.3074303261334582e-15,3.4068460632988726e-08,0.999994544520052,3
0.2094921156388938,0.00012431575902106955,0.7439634204165116,0.04642014818414235,2
0.023207985335637903,8.107780986251146e-08,0.9722051039423109,0.004586829643968456,2
0.0018711410152645418,1.0846490508701149e-09,0.9980112339255169,0.00011762397485143948,2
1.969588960989486e-05,1.300978116290874e-11,0.999975492004716,4.812092399796118e-06,2
5.070762046005115e-06,2.071634127277026e-12,0.9999925323269581,2.3969071340878497e-06,2
7.824328772414434e-06,3.7822303114829616e-11,0.999979922061923,1.225356993490707e-05,2
8.771917391046087e-06,4.393945270224263e-14,0.9993787502488556,0.0006124778341879118,2
9.043305156123818e-06,2.2988315974555748e-09,0.9999766651265924,1.428926766524553e-05,2
1.1753054589349463e-05,1.8281776297597924e-11,0.9998129425536022,0.00017530437198314154,2
2.4166353379634825e-05,6.5215104446656e-12,0.9994511286094674,0.0005247050302607826,2
3.995669859098082e-05,3.366228414352578e-10,0.9999020958765622,5.794708888875189e-05,2
6.833611387084391e-05,4.5166333120732226e-11,0.999903334851599,2.8328989252198486e-05,2
5.365370634146667e-05,3.220808091646842e-11,0.9999237316860788,2.261457646412035e-05,2
1.746769719606814e-05,7.141254920336671e-12,0.9999653578122587,1.717448389613198e-05,2
6.591087309072013e-05,4.2537406418787144e-11,0.99992575072877,8.338355881636891e-06,2
0.000187083359451564,6.478876893870938e-11,0.9997944617972654,1.8454779852991828e-05,2
0.00016819209125394774,7.69132997794324e-11,0.9998022031279694,2.9604703168103422e-05,2
0.00014817246782115022,7.52368982080616e-11,0.9998335478716363,1.8279586284371622e-05,2
6.365287972727038e-05,4.939777966925131e-11,0.9999279307335723,8.416338235518363e-06,2
2.2205275232393945e-05,4.0764586164258745e-12,0.9999633567260311,1.443799575403766e-05,2
4.4996681771843835e-05,1.0020310531826733e-11,0.9999484572622905,6.546045322439974e-06,2
1.1495916786877685e-05,9.158933022316107e-12,0.9999812259973361,7.278077213025798e-06,2
1.7192247744371165e-05,4.726033588737873e-12,0.9999415415757555,4.126617139290246e-05,2
2.5271745093567435e-06,3.526040201681562e-11,0.9999352929752844,6.217981589926596e-05,2
3.7872232251852143e-07,4.7688202531464306e-14,0.9996990430155931,0.00030057826249395433,2
1.665978249568938e-07,1.1846894913066539e-12,0.9999909502849039,8.883115922037465e-06,2
3.2343300521074315e-07,2.1146212759981948e-13,0.9999962110376986,3.4655306459185333e-06,2
3.790404552372456e-07,1.5434379768835757e-14,0.9999926957765006,6.925182886974133e-06,2
1.4154507573144804e-09,4.8588224779916066e-15,0.9999983063767803,1.6922064282122964e-06,2
1.3136638688211228e-08,3.778587014534312e-15,0.9999986110242941,1.37583908348428e-06,2
5.03694354168366e-08,1.7371388076971972e-14,0.999998111323258,1.8383080093243365e-06,2
1.2512370958006458e-07,2.2700498134210187e-12,0.9999906787595738,9.196113652223527e-06,2
5.788287130456497e-07,6.803269460024088e-16,0.9992690148968233,0.0007304062730948158,2
5.127055115375033e-08,1.3975763879851813e-11,0.9999916283182119,8.320398972015039e-06,2
9.068096276220567e-08,4.686333552300662e-14,0.9999883475963048,1.1561723130614748e-05,2
7.025700978018407e-08,8.730112916641626e-14,0.9999971080620506,2.821680301372628e-06,2
7.566553118973496e-08,3.074116754138943e-13,0.9999959050994389,4.019235939542972e-06,2
3.6399379928240007e-08,6.025913837723737e-15,0.999938561940519,6.140166130304264e-05,2
7.677539195103757e-09,3.2245957602533787e-14,0.9999943514390367,5.640882969651637e-06,2
8.462780683704425e-08,8.247695700772736e-14,0.9999982987479518,1.6166239606592108e-06,2
1.130579118449115e-07,5.5818242588791506e-15,0.999993417499191,6.469444132610301e-06,2
1.7560642327209201e-07,3.574223751020088e-14,0.9999976759999929,2.1483942143742374e-06,2
2.8056696642450156e-07,3.987589788458539e-14,0.9999976720964507,2.047337809001775e-06,2
3.229327826608526e-07,4.984406609076845e-14,0.9999961331670604,3.543901240263503e-06,2
6.637533365267936e-07,2.3870084583858234e-13,0.9999936779549652,5.658291292654448e-06,2
3.0653737957956996e-06,5.072727938584125e-13,0.9999826045226287,1.4330103976796548e-05,2
2.8233549732045823e-05,1.1887205703165728e-10,0.9999657442941748,6.022036849271524e-06,2
0.0011775555049274447,7.614730526348702e-11,0.998617593074868,0.00020485134527008093,2
0.01140749978271665,1.336358360085195e-07,0.9883734392622229,0.00021892732000921154,2
0.14148359218505663,3.69935299420143e-07,0.8576738416171867,0.000842196261591555,2
0.44224138833408705,3.621914470636831e-08,0.5301131812767006,0.027645394169761393,2
0.815708974255624,1.845753766865595e-05,0.18221734189748606,0.0020552263083242392,0
0.9538107723522353,7.77414779498897e-06,0.046051871295779576,0.00012958220298230349,0
0.9922701911589793,5.9660226984359044e-06,0.007676270484927121,4.75723332361738e-05,0
0.9992145916616978,6.831131873937722e-06,0.0007393512087477048,3.922599761455326e-05,0
0.9998807145994772,1.2518637877834584e-05,7.638962294863886e-05,3.03771391840299e-05,0
0.9999108195375385,2.685071583947958e-05,2.419201113865232e-05,3.813773531367001e-05,0
0.9997578163729348,3.5033558593889156e-05,1.4418535788372914e-05,0.00019273153274434665,0
0.9963155928540994,4.607581841797726e-06,1.7432829040901733e-05,0.0036623667349323765,0
0.9978584346679523,0.0002814682401288807,7.120430143456862e-06,0.0018529766607349146,0
0.9994844288292706,0.0002722215598056516,9.408727768648951e-06,0.0002339408837933942,0
0.9998854392175794,3.502244579232957e-05,2.4659013263669506e-05,5.487932259822549e-05,0
0.9991317346289964,5.673132987416704e-07,2.648857827744901e-05,0.0008412094781909215,0
0.9999114531989423,1.0226094547411543e-05,4.560269548795483e-05,3.2718011480197944e-05,0
0.9999171708658642,7.4023062079615345e-06,3.567403087874678e-05,3.975279831024947e-05,0
0.9998844284269016,3.1138459424466415e-06,2.5594629330270198e-05,8.68630972441303e-05,0
0.99990662936135,1.2153906329335679e-05,1.6364476874518526e-05,6.485225726447499e-05,0
0.9998860865219534,3.4336124340947015e-05,1.2918003567803414e-05,6.665935048939982e-05,0
0.9998296391834353,4.4833612169339826e-05,1.0004634002390617e-05,0.00011552256887781445,0
0.999737729513082,4.2971770289352105e-05,1.4374522531801702e-05,0.00020492419395672386,0
0.9995110189437045,1.0140377112381786e-05,1.098488355092054e-05,0.0004678557942200146,0
0.9998761402481535,2.475268432591876e-05,1.4955235926105002e-05,8.415183130148617e-05,0
0.9998848388417829,3.255047308416112e-05,1.2168686473302435e-05,7.044200032333118e-05,0
0.9998653941309172,6.429057332352658e-05,1.1741519115351633e-05,5.857377708077489e-05,0
0.9997820102798218,7.540021675661802e-05,1.030156217373625e-05,0.00013228794303117483,0
0.999873988732559,4.307659716946337e-05,1.6478822947047984e-05,6.645584705028273e-05,0
0.9998961553472497,5.0958642032708033e-05,1.551098249350089e-05,3.737502855336635e-05,0
0.9998807955894166,5.5560390191567455e-05,1.4671301440934382e-05,4.897271730619693e-05,0
0.9994611037504997,9.854479456608937e-06,1.3303943066887867e-05,0.0005157378258283028,0
0.9997974560103698,8.698458191780826e-05,1.0395325009508606e-05,0.00010516408350270911,0
0.9997820122911856,1.0819613801335058e-05,1.6592791008481477e-05,0.00019057530420814886,0
0.999863551249681,6.154744877430583e-06,6.857632397565154e-05,6.17176821802232e-05,0
0.9989812221828528,1.1877087506490272e-06,0.0004249798290355691,0.0005926102798370557,0
0.999737761569818,5.402895298486804e-06,0.00022005506460713876,3.678046938775163e-05,0
0.9998084123452108,4.908926665369687e-06,0.00013918932628571986,4.748940181438706e-05,0
0.9998310301977957,6.905209012688368e-06,0.0001355175670414634,2.6547024870126996e-05,0
0.9999137555799951,1.0108410847784601e-05,4.464182288184689e-05,3.1494186738382326e-05,0
0.9998676810811383,1.1539123549125689e-05,9.665138018996857e-05,2.412841617981335e-05,0
0.9989670634482143,5.388446325817863e-06,0.0009944644979287857,3.3083607126089726e-05,0
0.9929962899198572,5.197447174673618e-06,0.006945551520389079,5.296111325207226e-05,0
0.9847042685762261,2.0264707694952734e-06,0.014947616931712569,0.00034608802083595556,0
0.9658887853538146,2.74050813557336e-06,0.03393098372560763,0.00017749041146445865,0
0.8925949264729438,3.973176232023843e-06,0.10728206385267311,0.00011903649865373677,0
0.7948029519903167,3.2389575559218612e-06,0.20503037267049046,0.00016343638184089634,0
0.6144571434268823,2.2825207052382553e-06,0.38530593348286457,0.00023464057118994472,2
0.4600578910188445,2.121331553535546e-06,0.5397765399014103,0.00016344774984042887,2
0.3485004453834064,9.150887308110485e-07,0.6511455118042466,0.00035312772352538843,2
0.23587416687280416,4.61745490272568e-07,0.7638126270734311,0.0003127443100190156,2
0.1275086218346007,1.8263296364539256e-07,0.8721525203519092,0.00033867518065183727,2
0.06258802640932895,2.182774160273858e-07,0.9373389795522826,7.277576125611025e-05,2
0.03423195661374495,1.569872373110683e-07,0.9657375661436803,3.032025354777354e-05,2
0.0226439160087723,4.9151393172109965e-08,0.9772953195090065,6.0715331497049995e-05,2
0.006362784564475146,1.1719146086258529e-08,0.9934563479939352,0.000180855721280905,2
0.0017246848074428684,8.907512622143717e-08,0.9982429194874117,3.230662848370331e-05,2
0.0016500471948058197,7.449036045226937e-07,0.9975178066281354,0.0008314012737874213,2
0.00019445683697162866,1.3017289308831059e-13,0.9352104592702853,0.06459508389236564,2
0.0005734316132392342,9.48204605767987e-08,0.998471684405723,0.0009547891592240234,2
7.163521984802572e-05,7.643234922858369e-10,0.9998859222459214,4.2441771257249745e-05,2
2.0141274301860013e-05,3.145033054851948e-12,0.9999721463668922,7.712356206802907e-06,2
4.013577458696819e-08,4.44575826922949e-14,0.9999985371443257,1.422720362832913e-06,2
8.501867265954223e-08,6.866889528434987e-15,0.999997684461912,2.2305181962119035e-06,2
7.371188646566405e-08,8.916094079411356e-15,0.9999984199542927,1.5063342761176267e-06,2
8.899269479901015e-08,2.0294902242419154e-14,0.9999982262904538,1.684717359378424e-06,2
1.001413167849154e-05,9.99444885749296e-13,0.9999867409684602,3.2448975569661966e-06,2
7.737658904478157e-06,1.1596420248817613e-12,0.9999753004480171,1.6961891148298023e-05,2
0.00015498726106988447,6.481150929831723e-10,0.9998400779782363,4.934112684093422e-06,2
0.005564393043382015,4.613412428127134e-09,0.9943950325194907,4.0569824590761176e-05,2
0.0943686814114683,9.027672914618225e-08,0.9052156317565132,0.0004155965548376337,2
0.6889185973370258,8.700002143501944e-07,0.3106452107987789,0.000435321862450798,0
0.9254260338250345,4.215892612831026e-06,0.07440156720101604,0.00016818307983057688,0
0.9935474534949914,6.721034827529343e-06,0.0063657536647355375,8.007180621726241e-05,0
0.9992691088334835,7.178010830662928e-06,0.0006908444226428419,3.286873190723531e-05,0
0.9998473185342016,8.696433428031634e-06,0.00011583445074133411,2.8150581677013434e-05,0
0.9997240683707376,5.887172196836977e-06,0.00022196553987495176,4.807891759583964e-05,0
0.9995434313006892,0.00013524928754046726,0.00026137266964158334,5.9946742082195625e-05,0
0.9950701863740595,0.004196326282011382,0.00016020204331663513,0.0005732852996707497,0
0.8862711414726541,0.11005916464383862,1.2361971699955509e-05,0.003657331912428392,0
0.6378201306682463,0.3560215780204239,5.451328644294553e-06,0.006152839981322495,0
0.3817277887865193,0.6136053156219506,2.6914957863048227e-06,0.004664204096927495,1
0.18225779148404644,0.8136528368454141,1.1436234349505235e-06,0.004088228046638478,1
0.05881173438269673,0.9377457265727718,4.643284713181783e-07,0.003442074715734296,1
0.03089078043446484,0.9673796087623147,2.5534234256195345e-07,0.001729355460756627,1
0.0188190182658635,0.9801386221080063,1.68981997578016e-07,0.001042190644118143,1
0.01402599122515031,0.9850084975737193,2.1645132502100888e-07,0.0009652947486255486,1
0.008408499779085983,0.9882032206394311,5.143640119189845e-07,0.003387765219157596,1
0.0025549317088467143,0.9773419493012082,1.2781580750457938e-08,0.020103106209887964,1
3.445921092509668e-05,0.9986064389100473,1.918618538018694e-10,0.0013591016879853993,1
1.962861779631016e-09,0.9997101495425523,1.1910911329679708e-13,0.0002898484947527213,1
1.5737919803578782e-09,0.9995164229622528,8.666639775531106e-15,0.0004835754629149431,1
1.4993407533488907e-09,0.9997562013682665,9.246570447151296e-15,0.00024379713336684719,1
9.070294628720748e-10,0.9998570078658228,1.6981465951329994e-14,0.0001429912277166425,1
1.406216974952053e-09,0.9994061415109391,1.2882603777245494e-13,0.0005938570833092758,1
1.2416405019520649e-12,0.9922580973819686,5.4469599092690136e-15,0.007741902617875021,1
3.3797870678115916e-13,0.9920148454505606,4.718746741469421e-15,0.007985154549889599,1
5.653379329961423e-14,0.9994506591715744,8.31350072906084e-15,0.0005493408267173689,1
2.1207145497686459e-13,0.9973405047748385,1.1871069704942358e-14,0.00265949522451706,1
3.956033365337857e-13,0.9357160939343394,3.869654793925584e-15,0.06428390606484542,1
5.930432022823117e-13,0.987336995589013,1.218828286511647e-14,0.012663004410816223,1
8.595042907264599e-14,0.9993694802925729,2.49478459383491e-15,0.0006305197073591479,1
3.238176214645808e-15,0.9996397469891933,1.531350591834671e-17,0.00036025301246575287,1
5.935874346921759e-15,0.999776131833824,1.789314341245012e-17,0.0002238681658194427,1
4.4413409706366245e-15,0.9997029572014032,9.954884835452643e-18,0.00029704279763982124,1
9.553239222740754e-15,0.999703662741713,2.9445850241215236e-17,0.00029633725940777784,1
2.7072870724407957e-16,0.9996590913019217,5.142005127193919e-17,0.0003409086998324093,1
4.853119304716811e-15,0.9951638005675794,1.5514615810434335e-16,0.00483619943229639,1
1.234853462980632e-17,0.9978370826942153,5.928758237010233e-16,0.00216291730490229,1
1.6268182993029248e-17,0.9760981599431837,8.94568478391941e-18,0.023901840057536126,1
5.512759402346672e-18,0.9941513438450735,8.827392450782188e-17,0.00584865615577359,1
2.5171632346642622e-18,0.9983918968175343,1.2824766915331441e-17,0.001608103183506093,1
1.7117700490603502e-18,0.99923671998551,1.0060985027887361e-17,0.0007632800152002898,1
2.9294778069208194e-21,0.9974409571730898,3.7509962656171836e-19,0.002559042826613132,1
6.609205948482876e-21,0.9971962070647373,8.220455373407739e-19,0.0028037929361257523,1
3.59171720811619e-21,0.9991824311869195,5.633606324109861e-19,0.0008175688113516259,1
3.0887651121877423e-21,0.9992184956153382,1.1814685992937775e-19,0.000781504383065308,1
3.489156632015229e-21,0.9993899548623262,1.1225806026992497e-19,0.0006100451386062732,1
4.745801335117004e-20,0.9992841333161775,3.640721405435135e-19,0.0007158666820408487,1
1.534319704967927e-18,0.9993553750650531,6.326560651420664e-19,0.0006446249360274336,1
7.213435188512779e-19,0.9996666599763646,3.946913669056773e-19,0.0003333400221737554,1
5.927396341430615e-15,0.9997676914476075,1.1895366833383457e-17,0.00023230855208095918,1
2.434272897276512e-14,0.999800479621445,2.160025128285257e-17,0.00019952037862245025,1
3.2972424679677466e-14,0.9997907602486227,1.863466082753575e-17,0.00020923975282125933,1
3.379352465527252e-13,0.9997959971464208,7.231533632973342e-17,0.0002040028537982081,1
6.0263841600043434e-15,0.9997879060553038,1.6841146780991763e-17,0.000212093945908242,1
7.121381166745966e-17,0.9996014136809216,1.0615284538902668e-18,0.00039858632058259393,1
3.4279979906771043e-16,0.9997280745103349,2.40414167375462e-17,0.00027192549072065477,1
4.0935266616254725e-12,0.9986692231396396,3.573309415076535e-16,0.0013307768570571402,1
2.7511941769284905e-12,0.9997936312140736,1.1393059295927094e-15,0.00020636878166309426,1
2.936754587150489e-13,0.9997724016631985,9.441488656154004e-17,0.00022759833789578215,1
3.5022593376943113e-13,0.9996452729290918,6.76307397920772e-17,0.0003547270690863399,1
1.3084660204059474e-13,0.9997855924777557,1.125190668517941e-16,0.00021440752168820165,1
1.3231180805052946e-15,0.9996373676036558,4.359610426697715e-17,0.00036263239507952464,1
2.268360267628564e-15,0.9976746565699717,4.116939358348685e-17,0.002325343429310499,1
2.5787473811435387e-13,0.9984679280594635,9.729278025051398e-16,0.0015320719406965487,1
2.073079943105282e-12,0.9995797608522505,1.624569112267613e-15,0.0004202391444702857,1
3.645501729781572e-10,0.9998034904785051,5.670051296952555e-15,0.00019650915692274684,1
5.067008512022877e-10,0.9997808657308604,2.5401304895657396e-14,0.00021913376200221062,1
1.2692757954056524e-09,0.9987519655835327,4.968601318030877e-15,0.00124803314848274,1
3.1319284567189347e-10,0.9997552161642167,9.210464854284161e-15,0.00024478352370649824,1
1.6304494524537366e-10,0.9998647432060896,5.159346800212817e-15,0.0001352566309665642,1
6.189275488169102e-10,0.9995164239440322,8.778264291234264e-14,0.0004835754369046206,1
7.571863758744351e-10,0.990239099645572,3.5078245308493932e-15,0.00976089959839534,1
6.58639436176228e-11,0.9996190482444607,5.045869807735261e-14,0.0003809516895569764,1
1.4298189875079075e-10,0.9997809846921661,1.4470297778420234e-14,0.00021901516583359962,1
1.4133857541437092e-08,0.9992212099857655,3.189947199305494e-13,0.000778775878798775,1
7.141651858821256e-08,0.9978043683365113,1.903063053952251e-12,0.002195560245753171,1
3.175147309453018e-11,0.9979409358829598,2.844164838357054e-14,0.002059064085160569,1
4.1765635859024694e-10,0.9994280804615275,9.440853483151426e-13,0.0005719191195811402,1
5.0184354466925875e-09,0.9914590026791371,1.918522986175964e-14,0.008540992300662123,1
4.020189011205634e-09,0.9995539510380471,4.1619813448444494e-13,0.00044604493954778277,1
8.951424131764778e-09,0.999766360082987,4.953779544133652e-14,0.00023363096385365268,1
1.2350213587578354e-08,0.99975142397949,3.3777254831852516e-14,0.0002485636705419547,1
1.2897263295410663e-07,0.9997072598866873,2.3711387089711383e-13,0.000292611138741964,1
1.1824899357190623e-07,0.9996762112681359,2.214439753645785e-13,0.0003236704821787374,1
5.639068564724759e-07,0.9997768074082384,1.6349308508705176e-12,0.00022262868452569144,1
1.3512325088504544e-06,0.9993715034660612,1.215453065733929e-12,0.0006271453016033768,1
8.769465966836626e-07,0.9996163392300632,5.870417980339237e-12,0.00038278381625288346,1
2.555843200003683e-06,0.9991873194838757,1.4584594342634984e-12,0.0008101246730233333,1
1.7624506331534184e-06,0.9998083634856053,2.716720060225358e-12,0.00018987406031985735,1
8.805865602896193e-07,0.9998278344984652,6.595952512926341e-13,0.00017128491564024373,1
2.2327479157400676e-06,0.9997325663189011,6.2632527377933845e-12,0.0002652009258799568,1
5.855013192696536e-07,0.9983730567013276,3.0992587327779877e-13,0.0016263577955615656,1
2.959672990981172e-07,0.999808506561726,1.4091896345326658e-12,0.00019119746910587805,1
1.0645336909464566e-07,0.9998195091825571,1.369038173138028e-13,0.00018038436417436315,1
1.5184609600863696e-06,0.9997234325695228,1.110319039100045e-11,0.00027504895691977905,1
2.220112019086173e-06,0.9958348634292472,1.1721298849041753e-11,0.004162916445520742,1
0.000280576463721808,0.9980158940141128,5.31221891161252e-09,0.001703524209842367,1
0.0009210382870894122,0.9981202329084843,6.207185798266704e-09,0.0009587225964574436,1
0.0010631126978694482,0.9985626398550762,8.323360818164342e-09,0.000374239123103902,1
0.0011494987980612235,0.9982682645575164,8.911883897501685e-09,0.0005822277338110342,1
0.00110659544444852,0.9973263868623705,4.676549776140652e-09,0.001567013017443597,1
0.0006035920067194182,0.9989810110171049,1.7277789991575814e-09,0.00041539524858107135,1
2.9597494421022307e-05,0.9997329082993492,9.233680825143856e-11,0.0002374941124053877,1
6.789402620055024e-06,0.9997563361734487,5.99620256555188e-12,0.00023687441967307446,1
3.8788468574051935e-06,0.9997757955307505,2.395769158595385e-12,0.00022032561834197195,1
3.34357663554841e-06,0.9997822814029599,2.4076608839917917e-12,0.00021437501757787857,1
5.238396187207857e-06,0.9997207371836218,1.5471715862145573e-11,0.00027402440454656616,1
2.8716370457117747e-06,0.9984672993993,1.3812795725274207e-12,0.00152982896138424,1
1.2437393459280613e-06,0.9998018443924308,4.434453418580464e-12,0.00019691186306909202,1
3.7538110657905703e-07,0.9998046708840959,1.8058858029265906e-13,0.00019495373545995513,1
8.191322821604251e-08,0.9998564985890106,5.535582714583305e-14,0.00014341949862277625,1
3.2173346142788032e-09,0.9998721140108751,6.862403548715499e-15,0.00012788277125234279,1
2.6232300230208304e-08,0.9998137807366102,2.3235406128607417e-14,0.0001861930296624677,1
1.2458686833164981e-08,0.999835662711795,1.6789239538383635e-14,0.00016432482838977963,1
5.5455421617525844e-08,0.9998574926882479,1.3544713375439783e-13,0.00014245185524917753,1
1.4798805265396525e-07,0.9994892103345571,1.4380930384952545e-12,0.000510641675532444,1
4.474466275348493e-06,0.9960175220347045,6.704166255792002e-12,0.00397800349336911,1
2.717428382499295e-06,0.9993392985167802,7.564173097965188e-11,0.0006579839775470235,1
1.3474278930640965e-06,0.9991444413574361,1.4978155574616605e-12,0.0008542112127677902,1
1.6453929639364276e-07,0.9998028342472032,4.018313418452127e-12,0.00019700120959114544,1
6.110040146125513e-07,0.9985774701064956,2.1688884747414842e-12,0.0014219188857850773,1
4.38723399931685e-06,0.9990571339098071,6.753002587001986e-11,0.0009384787872354665,1
7.5878118010163235e-06,0.9987719418394747,4.8130483954215076e-11,0.0012204702989911359,1
9.497163023858294e-06,0.9991862810130717,1.4571799402629493e-11,0.0008042218097274239,1
1.4678937353610944e-06,0.9997750353712143,2.5773147658354798e-12,0.00022349673371408054,1
7.747625665942975e-07,0.999808882580389,7.263629787113997e-13,0.00019034265741364707,1
2.742419144490998e-07,0.99970227080621,2.001702254777954e-12,0.00029745494982950726,1
2.471654664064293e-07,0.9977112720535295,7.939453719203746e-13,0.002288480779589281,1
1.1125037526675685e-06,0.9991357414445933,7.455894588795541e-12,0.0008631460427201801,1
9.52564088894801e-07,0.9997262523802318,4.089124985693103e-12,0.00027279505249830496,1
1.3141802244394059e-06,0.9996119450545888,1.4204642140950148e-12,0.00038674076279041596,1
1.8133278017230968e-06,0.9996741423197192,2.2687683275576635e-12,0.0003240443488721966,1
2.5591459333087065e-06,0.9996597219635062,4.478764653319247e-12,0.00033771888500761405,1
2.846735439523873e-05,0.9995099264953109,6.261465683525412e-11,0.0004616060883440104,1
0.0008013219720094205,0.9987372224706834,2.623139997052195e-09,0.00046145293319816403,1
0.001744237296399869,0.9964307926612658,8.172708687710329e-09,0.0018249618700801546,1
0.0025052573575818867,0.9960263468605879,2.674756204261114e-08,0.0014683690351198467,1
0.0035167777273598638,0.9959547230046377,3.3783153988649476e-08,0.0005284654833657242,1
0.006918485574166485,0.99221239828747,6.58089052040546e-08,0.0008690503289795442,1
0.009691986491917009,0.9807166871873588,2.1160214356215076e-07,0.009591114718286258,1
0.006670119894797156,0.9766947864885953,3.9478341576489674e-07,0.01663469883409038,1
0.006309910959628959,0.9399381270649723,5.496192025681297e-08,0.053751907013269845,1
0.0030221741453758605,0.9829140106529789,6.512778817135925e-08,0.014063750074157796,1
0.0008229029293457223,0.9951917260880675,1.3294146938202285e-08,0.003985357687194437,1
0.00023595992193373852,0.9974698659138915,3.4975822589739833e-09,0.0022941706654488535,1
9.755187068529748e-05,0.9981812721763679,4.868896975364093e-10,0.0017211754667162706,1
4.007127168023413e-15,0.9994711647365335,7.659810862229055e-16,0.0005288352618086065,1
1.0358874551506276e-14,0.9974179747507111,3.5967414418850614e-17,0.0025820252479935913,1
4.504777510617746e-15,0.9997276058116016,2.9537518205287286e-16,0.0002723941885989541,1
2.3778462177373115e-14,0.9992853034748418,9.242019326951622e-16,0.0007146965243573763,1
8.948260513255768e-15,0.988529296931007,2.3787649046670133e-17,0.011470703070623303,1
2.387041733787426e-15,0.9991537840652608,6.462392747995162e-16,0.0008462159360913941,1
8.838788149269193e-15,0.9993037444854528,7.608880603906212e-17,0.0006962555141484002,1
2.7205654030659472e-14,0.9995122607503777,6.316886246848377e-17,0.0004877392487553929,1
2.1385070140254327e-14,0.9997297963572312,3.4046304708081646e-17,0.00027020364347327163,1
7.115835306754937e-14,0.9997925517799414,7.363858285941142e-17,0.0002074482203561114,1
1.598291553966008e-13,0.9996401907828241,8.280882394694283e-17,0.00035980921794114804,1
1.794986853725117e-14,0.9996384960415704,2.8793942879773107e-16,0.0003615039593258414,1
1.9302486191676742e-14,0.9981143857295091,5.112732971106079e-16,0.0018856142704277781,1
6.362516421302028e-14,0.9940246236772459,3.483183491446218e-14,0.005975376324174279,1
4.19675956285477e-12,0.8916857383740796,1.613621264389141e-14,0.10831426162157361,1
3.975245794606517e-13,0.9345413725714548,2.0548793358785665e-13,0.0654586274276024,1
3.9197063754110445e-14,0.9607453699970213,3.610902421537819e-14,0.03925463000136214,1
9.82659040217825e-14,0.9926513978762568,2.3113032255328697e-13,0.0073486021219851,1
4.510704509299064e-08,0.9714801471884034,2.0525537958507064e-10,0.028519807497630657,1
2.3768866094650303e-07,0.37132214532825236,1.9099720698259952e-10,0.628677616791535,3
1.701668909064848e-29,2.4833466183709766e-32,1.1228258823505946e-30,1.0,3
9.697983806566433e-09,3.0626212036335993e-05,5.253781997206316e-11,0.999969364038398,3
1.2860238125764877e-06,0.06475109026685957,3.757389459615951e-10,0.9352476233329714,3
8.483223315363153e-06,0.8883878083009321,6.315592361224628e-10,0.11160370784525647,1
1.1063740752514525e-06,0.99700838039361,1.6680525765302062e-10,0.0029905130645051215,1
2.100804592909075e-06,0.9995449878350166,6.795684165873991e-11,0.00045291129158827643,1
7.639753002831447e-05,0.9985824208236923,1.6353471925477648e-10,0.001341181482297562,1
0.00017128604006805273,0.9993888349690483,1.8681479769045964e-09,0.00043987712181583214,1
0.0009715238316444032,0.9973299211237606,3.181371055593823e-09,0.0016985518625987795,1
0.013858677206189442,0.9811698911153803,6.848234420551962e-08,0.004971363195287189,1
0.13627892156934632,0.8425147295471136,4.691741971144462e-07,0.021205879707875897,1
0.598086174201556,0.38790677493038594,4.375192953660098e-06,0.014002675673536061,0
0.824632516907858,0.14395677170706767,3.59927422652977e-06,0.03140711211058039,0
0.9020864518581813,0.09407470843459759,1.3814425492637983e-05,0.0038250252821855047,0
0.9060579134290513,0.0924377898651848,1.0112170433183377e-05,0.0014941845338671915,0
0.9094911426407473,0.08523568082105867,9.893186307087964e-06,0.005263283350519244,0
0.909508396980009,0.08503479614660919,5.203960079134839e-06,0.005451602912149307,0
0.9099614279601017,0.08709425900646668,6.243938753366964e-06,0.0029380690964644586,0
0.9178713223178722,0.08151752952201341,9.095672937141396e-06,0.0006020524889905749,0
0.9316970891690929,0.0678761376211075,9.158747611598887e-06,0.00041761446388794316,0
0.9479644440362832,0.051672400944445446,9.784357258222193e-06,0.0003533706616065866,0
0.9626138137341015,0.037013369249081995,9.960022549083446e-06,0.00036285699514483914,0
0.9768366973571059,0.022939261316257016,1.1285203292165816e-05,0.00021275612462897246,0
0.9828129842096858,0.016763334903954062,8.886985568949022e-06,0.00041479389962403634,0
0.9931639793812115,0.006590633182459953,1.313753372287515e-05,0.000232249902369457,0
0.9967441863599539,0.003117175441492725,1.20678323041592e-05,0.00012657036589717755,0
0.9969872965651224,0.0027395032744012902,8.86380662930621e-06,0.00026433635548587294,0
0.9981133941948654,0.0016311821890710868,8.245639690810091e-06,0.00024717797558392583,0
0.9995291792691422,0.0002426328019503354,1.143929706315374e-05,0.0002167486312232036,0
0.9998802471605232,3.0663095099914395e-05,1.684212770385781e-05,7.224761657937538e-05,0
0.9998243409475513,1.197854940946119e-05,1.8061446598469867e-05,0.00014561905489822254,0
0.9995567537925242,6.000906712589799e-06,0.00039521365259740775,4.203164911652741e-05,0
0.9968830679028691,1.0060440078775037e-05,0.003058758597727555,4.8113058815570956e-05,0
0.9627452584130651,3.4579317170214394e-06,0.035963793933278115,0.0012874897202567587,0
0.7061215677932698,4.9763901016620266e-05,0.28937839852333563,0.004450269783928082,0
0.4504484851947002,2.248062010090746e-05,0.4475520359608075,0.10197699822439488,0
0.3584427785993391,0.0002336290596993119,0.4506498873890238,0.19067370495280395,0
0.002254453080997264,4.542861668942457e-08,0.002412978980456542,0.995332522509405,3
1.3319829430846245e-15,1.8539468686250458e-25,7.704568919061727e-16,1.0,3
8.075098692256814e-15,5.478506148346102e-24,5.125100095826184e-13,1.0,3
0.0005348592721328705,1.8392197747582336e-05,0.4361249285279226,0.563321820001813,3
3.0712193835416346e-05,7.265655601236875e-10,0.472119268350656,0.5278500187294064,3
0.00018690221997581612,1.610048861975186e-08,0.9754771412235045,0.024335940456389524,2
8.55086287784283e-06,9.79382996950166e-10,0.9997968873495752,0.0001945608068819598,2
1.0716496735480423e-06,9.231686519178917e-12,0.9999952620749727,3.6662650982988758e-06,2
3.453847280475738e-07,3.982976768213796e-14,0.9999951740763241,4.480539386153556e-06,2
2.2484561984372573e-07,2.890598759230126e-13,0.9999976888638561,2.0862916439385008e-06,2
1.0547085903706231e-07,1.4550035218542517e-11,0.9999791398761105,2.075463863206495e-05,2
1.1766050945218993e-05,6.194841293629406e-09,0.995634815118796,0.004353412635061863,2
1.6172228658548027e-07,1.2916800301237708e-17,0.000662457658956276,0.999337380618192,3
0.0021041951086847492,1.7046422546401554e-06,0.9640851666536243,0.0338089335968953,2
0.003380888258250261,1.4630258095537232e-06,0.9956185374875111,0.0009991112269555165,2
0.004278793560757114,5.080889554869832e-08,0.9955749016990503,0.00014625393277829468,2
0.009631646611497272,1.143797094457461e-07,0.9903131990816824,5.5039925500401434e-05,2
0.05309415108059834,1.592264339968804e-07,0.9465985513930084,0.00030713830036249143,2
0.5772463379486762,2.6075097939264774e-07,0.41972060401905015,0.0030327972801435852,0
0.9807663195646291,1.3450415530291756e-05,0.018513236039096357,0.0007069939807726985,0
0.9973436039351019,1.0014162782113009e-05,0.0007642823448291657,0.0018820995572043837,0
0.9997012198275611,0.00012831876330036206,3.3489794528151026e-05,0.00013697161373431977,0
0.9987961541290173,0.00013160839013475013,1.648025681936125e-05,0.0010557572244747715,0
0.9753004945617241,2.7949660862942352e-05,8.514103303950799e-06,0.024663041674609254,0
0.9501242469255734,0.0001058108770854822,1.903743616532932e-05,0.04975090476017422,0
0.8436958671529093,9.789761848429856e-06,3.3395789680261607e-06,0.15629100350634453,0
0.9835684440251288,0.0028672305715274223,3.509504987140441e-05,0.013529230352231676,0
0.9932445784245593,0.003182230601690365,1.0655461831535688e-05,0.003562535513006533,0
0.9919365260967249,0.0026827342651407696,1.8512614118409017e-05,0.005362227022227115,0
0.9456053161470112,5.145141492122141e-06,2.236745620007091e-06,0.05438730196484908,0
0.9973254721912801,0.0001712050273709101,2.4532757226389185e-05,0.0024787900258811404,0
0.9994050302563968,0.00013978257448351347,9.705805810611352e-06,0.0004454813633036819,0
0.9992386906995321,2.157406702892982e-05,5.482384230431718e-06,0.0007342528508885569,0
0.999854611052647,5.5358877288491724e-05,1.4357546587293152e-05,7.567252285020596e-05,0
0.9997427751264985,2.1870853141374775e-05,8.539343454664024e-06,0.0002268146766069337,0
0.9998000260852024,4.429303245986689e-05,9.760792040284319e-06,0.00014592009037630817,0
0.9989372263433399,1.7025162952066632e-05,4.206377094840419e-06,0.0010415421152669719,0
0.9998396598631742,6.793687480199126e-05,1.3750169278493125e-05,7.865309418086589e-05,0
0.9996660167453841,9.457898897659886e-05,1.0620972636516194e-05,0.0002287832938057902,0
0.9971764562764783,2.616617304035894e-05,1.4651981805069459e-05,0.0027827255680846477,0
0.9998533788854448,5.611624733118152e-05,1.872816541054236e-05,7.177670281559649e-05,0
0.9998778720841082,6.253889083131303e-05,1.3821622030852313e-05,4.576740363087089e-05,0
0.9997924784789666,5.4263854328935916e-05,9.450271308540322e-06,0.00014380739517295575,0
0.9993896369697469,2.500505685839785e-05,6.42649328782854e-06,0.0005789314795107117,0
0.9992861555789025,9.531280944309997e-05,7.397508481486087e-06,0.0006111341034532272,0
0.9970250159332231,0.0018982220134702323,1.4079681446268195e-05,0.0010626823717502349,0
0.9812427878481532,0.004482552315890193,1.4586002403903225e-05,0.014260073833649736,0
0.9111899403455841,0.01553042317443043,3.821852329711767e-05,0.0732414179556354,0
0.7048425359548092,0.001784016173355556,1.3983021115069271e-06,0.29337204957019386,0
0.6872514100291681,0.21276370487168805,3.0446081273071958e-05,0.09995443901932816,0
0.5773737256215066,0.2524808247242421,1.025337636691172e-05,0.1701351962782319,0
0.41241335321131045,0.39492003589892094,3.1598550006918098e-06,0.1926634510341759,0
0.1688333644226728,0.7784060813885179,9.017806331439564e-06,0.05275153638257335,1
0.05202186756059146,0.8674691046368076,9.746742266101425e-07,0.08050805312773529,1
0.0038725131157132738,0.9606014573575123,6.622541643808377e-07,0.035525367272398335,1
0.0002707943696844195,0.9271667127540616,1.725581713592543e-07,0.07256232031909642,1
1.4259615401727363e-08,2.3033041270454272e-07,9.10151970669624e-14,0.9999997554114387,3
2.573444273397347e-06,6.597027197503655e-05,3.997314592144534e-09,0.9999314522859137,3
1.1395074863969965e-05,0.0033049369337978447,2.841598467632118e-09,0.9966836651489136,3
0.007718482343861814,0.26680929306370216,1.261523249363814e-06,0.7254709630685995,3
0.4492386927362496,0.5049911079415021,7.887064147367775e-05,0.045691328680806026,0
0.514578721181425,0.48057891620152415,1.2497657121359355e-05,0.004829864958909448,0
0.6044645580963637,0.3906901361721988,5.873080331311213e-06,0.004839432652520697,0
0.6893447717111726,0.3066472402311918,6.197508113788207e-06,0.004001790548874801,0
0.8746965063657555,0.1181824906493313,5.343842544892829e-06,0.0071156591437824416,0
0.9222217312059783,0.07688839453113241,1.040430377504585e-05,0.0008794699609069399,0
0.9610241576399954,0.03811144319125591,9.016510003457688e-06,0.0008553826590176866,0
0.9955478570798411,0.003635027173605391,1.0924171759111797e-05,0.0008061915738364096,0
0.997873420980002,0.00043594835738642706,5.2787510481149445e-06,0.001685351911386376,0
0.9997218810927442,0.000174314978621963,1.3200179425003769e-05,9.060374870749379e-05,0
0.9997477368656513,8.49265396320949e-05,8.209774344289514e-06,0.00015912682151270123,0
0.9997243557281715,0.0001329079928289372,1.2891545704500038e-05,0.00012984473296862538,0
0.9994656237059943,2.859850105409505e-05,5.548096416689704e-06,0.0005002296954929563,0
0.9998398635427931,7.993332484621635e-05,1.191667584084767e-05,6.828645787087802e-05,0
0.9998665378017986,6.415563087326873e-05,1.795739110568893e-05,5.1349176008547254e-05,0
0.9992538909443051,0.0004106104608547897,1.3555856079125037e-05,0.00032194274018467183,0
0.9893512414265899,0.008475947621651284,1.77900112238249e-05,0.0021550209423169954,0
0.8526709853031863,0.126516000073417,6.290176443513617e-06,0.020806724447701822,0
0.6959008884931466,0.2878838260658505,7.22144700243594e-06,0.016208063994929883,0
0.5510857238623831,0.4384431123405641,4.125398303504737e-06,0.010467038399746142,0
0.381492573916855,0.6105256006691001,4.62641688107576e-06,0.00797719899654244,0
0.22037280397961104,0.7628381014453421,2.4697959781093046e-06,0.016786624779423498,0
0.006177212312371861,0.975910712135035,4.6696034732206045e-08,0.01791202885630712,1
0.0005870066037852291,0.9971105140677363,1.835888336035747e-08,0.002302460968876036,1
0.0002842917039089248,0.9957440404327236,4.299493381438531e-08,0.003971624868692977,1
0.00026151406456451255,0.9126375615251825,2.176833948469697e-08,0.08710090264334272,1
7.739341945421187e-05,0.5435599242930339,9.716494025016282e-09,0.45636267257216157,3
0.0005782833300708321,0.40540017204589335,7.53494645552145e-07,0.594020791128642,3
0.0005727596802635774,0.13844096233892667,4.056030344920406e-07,0.860985872376324,3
0.0010376035806343544,0.11408769554889732,2.845999003022111e-06,0.8848718548715502,3
5.7758973783631576e-05,0.014243377473157896,1.624007985772416e-07,0.9856987011535316,3
0.0005068463217149778,0.008289856972788676,2.1365089433919567e-07,0.9912030830548559,3
0.008386067405845424,0.0654509204021917,2.2494581175655403e-05,0.9261405176091272,3
0.0014568502058114725,0.0022137383919520015,4.516746416092987e-07,0.9963289597276108,3
0.0019207496207747417,0.0038223692191595346,3.387145874748387e-06,0.9942534940132658,3
0.0007346779526362665,0.003830284849582859,2.5858986754370016e-07,0.9954347786071297,3
0.0037703193629635345,0.08471989828881811,1.4994550113104373e-06,0.9115082828926313,3
0.009368201430704857,0.17263419873682956,2.2595776996728964e-05,0.8179750040544146,3
0.00010665609688408987,0.025878569422131983,1.8130492991669592e-08,0.9740147563522541,3
0.0008377426909295146,0.13743794330879225,6.300659846332018e-07,0.8617236839343939,3
0.0020328308696802937,0.5078002146570175,1.1503861395088514e-07,0.49016683943506345,3
0.0010395796559891895,0.9647082615607564,1.9482620679375405e-07,0.03425196395886459,1
0.00022626916054902573,0.9918316237097353,9.226457765515792e-08,0.007942014866892779,1
0.0004196388552421616,0.9428917284354713,2.0823879205905824e-08,0.0566886118847649,1
0.0012079354227470115,0.8667501341836706,1.0253261625660686e-08,0.13204192014129537,1
0.002387203865184878,0.9742178780293693,1.9354262026418087e-07,0.023394724563754923,1
0.003085397972657687,0.9933647459681383,1.940874442883723e-07,0.0035496619718562356,1
0.006006231602005279,0.975711201220789,3.023178483345208e-07,0.01828226486038884,1
0.013951607805627502,0.6311881011544264,1.0676409286544191e-06,0.354859223399125,1
9.33750248085632e-06,6.449588528766876e-07,1.3991888874273682e-10,0.9999900173996,3
0.00010073289893222585,1.7255977749597724e-09,9.908006535476274e-10,0.999899264384214,3
0.9765209089275456,0.003731004385763117,0.00035919701048281076,0.01938888967642309,0
0.99623588701668,7.115435134938251e-05,2.1731187719362725e-05,0.003671227443549377,0
0.9990930151385421,4.216109106368996e-06,1.158331437983267e-05,0.000891185437469073,0
0.9998888057432617,1.9761268253662836e-05,2.9825162842827493e-05,6.16078262339077e-05,0
0.9978792174374819,8.303371595669766e-07,9.547117066322218e-06,0.002110405108613634,0
0.9996367176091577,2.1872034593365305e-05,9.593061161797003e-06,0.0003318172945838386,0
0.9998425817217701,2.0514682250136984e-05,1.314248261913648e-05,0.00012376111492197388,0
0.9999230775766632,2.7548693597734854e-05,1.83616464107624e-05,3.101208280447345e-05,0
0.999902090354651,4.3534506964462076e-05,1.5406543699583607e-05,3.89685937970541e-05,0
0.9997628510418068,2.2001202235377497e-05,8.559672136613843e-06,0.00020658808249263144,0
0.9997979592920289,7.40432544292762e-05,1.2927472539599738e-05,0.00011506998106328834,0
0.9983103828783816,9.66111113563441e-05,1.3051353417848295e-05,0.0015799546577182197,0
0.9889631770113669,3.7919624100030316e-06,2.8998345714847268e-06,0.011030131191993761,0
0.99915334935309,1.41667912868624e-05,1.6733580719429613e-05,0.0008157502765058967,0
0.9998999866433165,2.6328804174361158e-05,2.0883780386862004e-05,5.280077263988821e-05,0
0.9995522931737714,6.032930751031326e-05,3.993978870592278e-05,0.0003474377314689522,0
0.9844475511126491,0.0003871337398407421,0.0002648982827094895,0.01490041686399774,0
0.5032156355300222,1.6979540164608393e-07,1.981686318752331e-06,0.4967822129871795,0
0.9682504717151167,0.0014934949439130373,0.00017736344606558412,0.030078669895102782,0
0.9828243076588747,8.333601830486606e-06,1.3838145735656695e-05,0.017153520593123348,0
0.9978513842182755,1.4223912558836776e-05,2.688606830480001e-05,0.0021075058007815443,0
0.9998468421337035,1.260770204510362e-05,3.3614245402624864e-05,0.00010693592004563037,0
0.9996026025647026,4.257133046618923e-06,3.5314559894989496e-05,0.00035782574258818824,0
0.9969161526409234,2.1981574704268124e-06,3.504572026986889e-05,0.0030466034797766717,0
0.9997654878271315,6.524646567335244e-06,7.008952826882457e-05,0.0001578979982228024,0
0.9989488903970055,2.1249679513157483e-06,3.2085356123635296e-05,0.0010168992780578907,0
0.9958621374848253,4.976088616278581e-07,3.3375200022836684e-05,0.004103989705294388,0
0.9978625442015148,1.3032273677345693e-06,0.00017251644156849032,0.0019636361292659573,0
0.9996132067768768,4.402208186544375e-06,0.00027248251840258285,0.0001099084970087916,0
0.9995005741085948,3.4999334772701514e-06,0.00040950247047790084,8.642348819447323e-05,0
0.998991436772285,3.0425336827617423e-06,0.0009121521559919689,9.336853718515067e-05,0
0.997358938759434,3.3423622073467395e-06,0.0025343870216099043,0.00010333185568176419,0
0.9931955163446176,4.5950459230230375e-06,0.006718357636736292,8.15309735387058e-05,0
0.9890602031933772,2.93839815178293e-06,0.010828138708022085,0.00010871969951231006,0
0.9866296358182983,5.400306727608911e-06,0.013258188985470699,0.00010677488991368025,0
0.9868141948129547,5.203197721838356e-06,0.013058964080447504,0.0001216379073735305,0
0.993451801342002,3.633137535087088e-06,0.006452844315136932,9.172120586902858e-05,0
0.9937891967598422,4.072355924483893e-06,0.005949170926825969,0.0002575599565812161,0
0.9935779708426888,2.325776340713408e-06,0.005985149090427366,0.0004345542887256833,0
0.9950615441460101,6.172017469294776e-06,0.004811548872754389,0.00012073496248555556,0
0.9957913089292495,3.525801693821269e-06,0.002921265501144218,0.0012838997690471478,0
0.9918427519168921,5.654866192500798e-07,0.002185975908792303,0.005970706687539587,0
0.9993691643879541,1.1807453122328523e-05,0.0005143989510868495,0.0001046292082012414,0
0.9998176932292814,2.327639241924115e-06,9.980378545363512e-05,8.01753464720416e-05,0
0.9998736011257373,4.9342522765856695e-06,7.362691069068267e-05,4.783771031127686e-05,0
0.9996014996120999,4.66671060321153e-06,4.786981421766083e-05,0.0003459638633518244,0
0.9991964029006191,8.049499863562026e-07,3.426654506463512e-05,0.0007685256048467411,0
0.99986426780851,5.830257489606095e-06,5.992665288101961e-05,6.997528142872492e-05,0
0.9995130992412882,2.5105243909159057e-06,6.952784185620515e-05,0.00041486239178399836,0
0.999845758386343,1.835603705876375e-05,3.391276077577655e-05,0.00010197281422422762,0
0.9953745777881073,2.422257375661623e-05,3.827050435255335e-05,0.004562929135366402,0
0.9730244415284064,0.00020552090543432894,0.00029606163263153616,0.026473975933507504,0
0.6153248330568748,7.513056910465228e-06,5.362358128690546e-05,0.3846140303062492,0
0.45916052810931507,3.29213489314921e-08,3.632070108178712e-06,0.540835806900925,0
0.9778816015161669,0.00036375196739311044,0.001963645851691714,0.01979100066430834,0
0.9963741629197311,2.1757388532877236e-05,0.0027740082713233415,0.0008300714201705186,0
0.993439561786944,8.265036206459227e-06,0.006478190941833788,7.398223674674731e-05,0
0.9650711767012831,3.28816866336532e-06,0.03451010595223836,0.0004154291781608714,0
0.7297984467729927,1.9572269890875362e-06,0.26969272209908673,0.0005068739000825513,0
0.2240582540255594,1.3971243828707305e-07,0.7742732967012685,0.0016683095622802336,2
0.04468574123701249,1.991967018891414e-07,0.955166321885154,0.0001477376797644114,2
0.02281077766388772,1.5006750272640022e-07,0.9771493374294965,3.973484069990748e-05,2
0.029610379812852437,1.9797804425097277e-07,0.9702349617698364,0.00015446043758138606,2
0.20835773021025827,2.888752649820468e-07,0.7913882841000376,0.000253696815961651,2
0.4301078575527441,1.3338533171958497e-06,0.5695498648097704,0.0003409437851691542,2
0.7803233966285379,6.332223295836754e-07,0.21721741803699263,0.0024585521131012377,0
0.931656184155504,8.507132507709845e-06,0.06675210013257184,0.0015832085796712227,0
0.9711296452398829,1.3796342083357555e-06,0.008489729511355057,0.02037924561422566,0
0.9700023746915454,5.218163062702258e-07,0.00029734163314538303,0.029699761857367626,0
0.9989325351221914,2.501750484448e-05,0.00014351384061047297,0.0008989335331840244,0
0.9997774344014402,6.560328152680455e-06,7.89416026525154e-05,0.00013706366931854938,0
0.9998409766557708,5.9478833043172425e-06,0.00011629710295021647,3.677835936941061e-05,0
0.9996972942542159,3.228006488071052e-06,0.00024323233459938964,5.6245405409104054e-05,0
0.9990778473084213,4.08969888486044e-06,0.0008628392032092106,5.522378920868078e-05,0
0.9962867395453054,7.687465348462017e-06,0.003593942805201104,0.00011163018515991389,0
0.9850234203315319,1.3240761528603174e-06,0.011666574321122855,0.0033086812706973313,0
0.9848359038187084,7.473065760701538e-06,0.014896416770813383,0.0002602063448120603,0
0.9864324263945364,4.362326588154872e-06,0.01341919179274493,0.00014401948509088898,0
0.9926768653509371,3.496730857759554e-06,0.007243489971301952,7.614794651156265e-05,0
0.9982874203107222,3.881278453078149e-06,0.0016346346500921468,7.406376021186598e-05,0
0.9990744839892892,1.5783358114463982e-06,0.0007746646745911799,0.00014927300166558215,0
0.9990260072765952,6.091792974004042e-06,0.0009392493483410526,2.865158042653721e-05,0
0.9969445321867023,4.604281469439987e-06,0.003010464411210069,4.039911989841911e-05,0
0.9852702198124702,7.054399586438154e-06,0.014610418979524512,0.00011230680744306321,0
0.9342825854429591,2.0551255306855743e-07,0.06230924610648941,0.0034079629382623893,0
0.24692636857218858,4.6170350799214767e-07,0.7526166586195556,0.0004565111034152454,2
0.04450346266349194,9.214403200073708e-08,0.9552770110296698,0.00021943416158677506,2
0.0047052173425333405,1.8064315130155974e-09,0.9951631471426404,0.00013163370975716605,2
0.00025209723180247826,3.5038205464797167e-10,0.999741607163553,6.295253047788271e-06,2
2.780790444270422e-05,3.0736740410544014e-11,0.9999643436485373,7.848416791295858e-06,2
2.379166841662293e-05,3.692507782293226e-12,0.999956455127588,1.975320027088954e-05,2
4.454379525842842e-07,2.910887358083386e-13,0.9999897924401756,9.76212244221825e-06,2
3.5388057784232263e-06,9.08991858019507e-13,0.9999936994953017,2.761699423902599e-06,2
1.1600354495547721e-05,1.073166024350256e-12,0.9999832532504868,5.146395762589191e-06,2
2.2276208281706037e-07,6.1385805404779e-13,0.9999894549993147,1.0322238926873576e-05,2
4.0265357435068813e-08,9.319686031461268e-15,0.9999723151207668,2.764461567856169e-05,2
9.34259214384875e-09,2.919181053264561e-14,0.9999976934949925,2.2971634633369246e-06,2
3.286381780212356e-09,3.153811187763458e-15,0.9999982732021083,1.7235123633832934e-06,2
1.9376633947383103e-09,2.222575341982198e-14,0.999997685553303,2.3125103148082607e-06,2
2.652025975169434e-09,1.1937603286027025e-15,0.9999706088955542,2.938845227202873e-05,2
2.0569727514789472e-08,1.8413664731487908e-13,0.999998195655089,1.7837759500763085e-06,2
1.5187727426992557e-08,2.745892140103055e-15,0.9999958366111327,4.148200372349552e-06,2
1.255617054183143e-07,1.417699090871806e-13,0.9999980805569297,1.7938817553086513e-06,2
1.2088794500915153e-05,2.6322004429666144e-11,0.9999798336280756,8.077552008745198e-06,2
0.029413934920921217,4.843095915376538e-09,0.970505997100391,8.006313509234512e-05,2
0.10176767319372916,2.3355807724026902e-07,0.8979087641211538,0.0003233291258249803,2
0.28970565990164177,4.7624832416590533e-07,0.7090485483229116,0.0012453155266211558,2
0.6669500518560098,2.799404626165686e-06,0.33269911961906673,0.0003480291217037292,0
0.8882091562852209,1.0007257238926648e-06,0.1111351023346634,0.0006547406561379456,0
0.9462336820037841,4.757205666784077e-06,0.053653909276716,0.00010765151262360068,0
0.968858904666671,4.193827719105499e-06,0.031046700011965394,9.020149361407905e-05,0
0.985891007315877,3.478276241464975e-06,0.014029966349727346,7.554805720637583e-05,0
0.9936519717378057,5.600140832938954e-06,0.006303057240322006,3.937088042087206e-05,0
0.9973066191535316,5.986911747678753e-06,0.002652082719733639,3.531121398234152e-05,0
0.9994312866234971,6.012127759352699e-06,0.0005270346863101302,3.56665616761048e-05,0
0.9998879806871906,1.793095233844054e-05,7.07728444388781e-05,2.3315517479121477e-05,0
0.9996843051648954,6.826607600449769e-05,5.040432441591163e-05,0.0001970244345802018,0
0.9912583784318928,0.001207192304780772,0.0001565404963309383,0.0073778887681531236,0
0.6238361925477858,1.40223009717605e-07,4.52479766343396e-07,0.3761632147488479,0
0.9474433618050948,0.0050637735960649,6.0083441727590765e-05,0.047432781158184986,0
0.977411879075365,0.0075310856752710854,1.2024559347827623e-05,0.015045010691138606,0
0.9776644331681994,0.016143162100078278,2.7679969123088786e-05,0.006164724762783711,0
0.9245750634692527,0.044671423415609784,3.7565810781004263e-06,0.030749756532276566,0
0.00010861549523413508,0.9845630894579587,3.7174882963379838e-09,0.015328291328456457,1
9.918229513993624e-08,0.9984890407550041,1.4127000340997532e-10,0.0015108599211450888,1
1.9065944002502983e-06,0.9940936317345224,6.701114346319689e-10,0.005904461002009894,1
2.568794882105023e-05,0.9095281192864868,3.7986027680071054e-09,0.09044618896574924,1
2.5348987252435783e-06,0.16448792007103413,1.2437044240104763e-10,0.8355095449070437,3
1.3170012491484014e-05,0.3923159439077708,1.822247064235923e-09,0.6076708842591334,3
5.165841316841262e-06,0.9464953800081994,4.1520533472801977e-10,0.05349945373672546,1
6.172815715138362e-08,0.9987688174026514,1.0509255483064236e-11,0.001231120858236631,1
4.420865821107571e-08,0.9997167180386043,2.204907153929689e-13,0.00028323775170075696,1
8.078320349457148e-09,0.9998613122871902,3.090331227121877e-14,0.00013867963290383826,1
1.0544176209743342e-08,0.9997456773055584,6.707345025016136e-14,0.0002543121489807861,1
5.1647593076988e-09,0.9990180285959854,1.6678095727937708e-14,0.0009819662384927595,1
1.2999100047113053e-08,0.9997986886942523,3.595175765629019e-13,0.00020129830578104915,1
4.270992654323379e-08,0.9993880899339649,4.158137779458434e-14,0.0006118673562681883,1
6.045936057544285e-09,0.9998266921049147,3.477398246930971e-14,0.0001733018473090177,1
8.315304255530591e-09,0.9998585933516241,7.146937603828392e-14,0.00014139833408573994,1
1.6081014818595654e-08,0.9991206656926822,3.641775116022396e-14,0.0008793182271952815,1
3.612705144187101e-09,0.9995825974181765,1.279650961888084e-13,0.00041739896722077914,1
3.088954545683907e-08,0.9995938194340307,5.483175932501748e-13,0.00040614967439930725,1
5.095471385757946e-06,0.9986791532912388,1.5453416874169476e-11,0.0013157512221144932,1
2.9170122630720893e-05,0.9989923243256167,1.5544126552294954e-10,0.0009785053952993518,1
1.3194426167359944e-05,0.9991143585336245,2.8810531004631147e-11,0.0008724470111224406,1
2.177038040566177e-06,0.9996617787026078,7.753739172628215e-12,0.00033604425053983017,1
1.7798706872574885e-06,0.9996537191006568,2.416831658881127e-12,0.0003445010251626823,1
8.699231205746447e-08,0.9997245729756836,1.2121856259368754e-12,0.0002753400292698508,1
2.602538635621681e-09,0.9981989318254506,1.326289868094837e-14,0.0018010655705973592,1
5.355461176044634e-10,0.9998339320474362,7.46454430767773e-14,0.000166067416665398,1
6.40234215222113e-10,0.9995040099457024,1.5899806638219643e-13,0.0004959894155402815,1
1.7399487106989955e-12,0.9842052834694855,3.623428561694884e-16,0.015794716528754783,1
7.630927572773023e-13,0.999063914761275,4.4108899158267835e-14,0.0009360852361119434,1
8.912799304429067e-16,0.9978359219635368,2.4025153996664553e-17,0.0021640780365805123,1
1.5348786331599118e-17,0.9993103745100227,2.7371882718498242e-17,0.0006896254910438827,1
2.525976641533344e-17,0.9984411898544641,6.54477633112127e-17,0.001558810145258566,1
9.05417056456488e-16,0.9879164269155778,1.986297958339394e-15,0.012083573085798266,1
1.0754617763369808e-21,0.8640912097343887,1.2412862604685012e-17,0.13590879026487812,1
6.889476639269234e-22,0.19476189588129614,5.2998708770765484e-18,0.8052381041186683,3
5.800684306725193e-20,0.284601235209664,3.0429814806051823e-15,0.7153987647902816,3
9.32760167438886e-19,0.22488447303524692,2.3260478483343365e-14,0.7751155269644171,3
5.633587639927937e-22,8.428131858960882e-06,1.7727879808853543e-19,0.9999915718681689,3
1.1236278220490838e-18,0.04887351865304227,1.1871460393461143e-14,0.9511264813487061,3
1.0965249319515404e-14,0.10674341404994955,1.2576257122649736e-12,0.8932565859481447,3
7.285143846620793e-15,0.08467634716237639,4.389238113210504e-13,0.9153236528367725,3
4.3369697762367127e-17,0.0002133200447020163,4.644100142627349e-15,0.9997866799535038,3
7.499406570130137e-13,0.272509972030388,1.1328344351108506e-13,0.7274900279688519,3
1.9148650237035907e-13,0.9438628397954613,3.019022518112751e-14,0.05613716020261078,1
1.601318929341529e-11,0.9976543119536445,1.0880929827718388e-12,0.00234568802991462,1
1.8422349547276233e-10,0.9967516873151583,2.4739387954108306e-13,0.003248312499255729,1
4.014274422526834e-12,0.9974722598517848,2.4317407605737853e-15,0.0025277401459687285,1
1.773954315722932e-13,0.9997353230967887,1.773309329292461e-15,0.0002646769025099073,1
1.2484842420961269e-13,0.9992133511590775,4.401525348093442e-17,0.0007866488402327565,1
2.2617381566872828e-11,0.9998109396882134,2.3878961731361095e-14,0.0001890602882337037,1
2.3084444752479405e-09,0.9974311208432136,4.0626116786171825e-15,0.002568876847477103,1
1.8472162518310678e-10,0.9998075463960804,2.6966294366753147e-14,0.00019245342037345554,1
1.6287556763221502e-07,0.999776699795389,6.214997254585703e-13,0.00022313732663490596,1
1.280323452761335e-07,0.9990694442928945,2.4746585171523875e-13,0.0009304276730734484,1
1.6158557157090302e-07,0.9993899137600661,2.187194030491978e-12,0.000609924653396243,1
4.857726361340491e-06,0.9989753970751867,2.8949966152556084e-11,0.0010197451704246857,1
0.0013844934801409906,0.9970103382979797,1.0242551628505827e-08,0.0016051579811272119,1
0.05723595873286897,0.9160493758045992,9.547948685181595e-08,0.026714569981819387,1
0.17188987978501402,0.8175111587680499,3.399148007699655e-06,0.010595562297795449,1
0.4203110537859544,0.5661151342401008,2.611363935963522e-06,0.01357120060915898,1
0.6541200043466674,0.34063360099821477,6.598420462579208e-06,0.005239796233337562,1
0.9291067976411626,0.06729972820777336,7.266747876146194e-06,0.0035862074018206277,0
0.9884591305112964,0.010530661762426133,1.3532283123139588e-05,0.0009966754440245257,0
0.9954244778780915,8.514388472474299e-05,4.659405234329103e-06,0.004485718830671294,0
0.9985288593959926,1.1860669224710404e-06,1.5896431591741876e-05,0.0014540581045403517,0
0.99989187527502,9.78848687443457e-06,5.338445489155498e-05,4.4951784055711446e-05,0
0.9999144139393836,7.883769523132989e-06,4.460969963070468e-05,3.309259199692579e-05,0
0.9998587995194885,7.0364787729199675e-06,0.0001059735390786911,2.8190462395250964e-05,0
0.9998327667642212,3.758903821023319e-06,8.703489044358297e-05,7.643944204866566e-05,0
0.9999157471672177,1.2287038513896832e-05,4.336113864233875e-05,2.860465579268803e-05,0
0.9999247152919046,1.1739304676401483e-05,4.1357269831243535e-05,2.218813378972036e-05,0
0.9998776336946751,4.798047923955111e-06,7.224953770622119e-05,4.531871965987185e-05,0
0.9998224446986482,1.3549489491966706e-06,5.072865863141726e-05,0.00012547169195641742,0
0.9998679700548887,4.801074381563274e-06,8.022221647354122e-05,4.7006655848856096e-05,0
0.9997278527121888,5.321286582167294e-06,0.00023697043291270916,2.985556779131126e-05,0
0.9997450731729549,5.558650889081161e-06,0.00022257350720984018,2.6794668496081588e-05,0
0.9997238869729902,5.252887518758761e-06,0.0002367810499312905,3.407908967930368e-05,0
0.9998082091266591,6.001698629717183e-06,0.00013401945528402465,5.176971832116575e-05,0
0.9997817913176256,4.285529571003929e-06,0.00017339226347296065,4.0530888501680615e-05,0
0.9995747602005608,5.889248727104843e-06,0.00038709756258244524,3.2252986478680185e-05,0
0.9990337054766539,3.300776127300866e-06,0.0009128010522540283,5.0192695951201274e-05,0
0.997393733619765,3.405260200245484e-06,0.00252223769324628,8.062342774771669e-05,0
0.9966801185580424,4.141375274046489e-06,0.003211615642449637,0.00010412442427266714,0
0.9975973055629279,3.331479846255858e-06,0.0022282340116908314,0.00017112894694148377,0
0.9991939082997517,5.810495730126814e-06,0.0007685419382820615,3.1739265117819736e-05,0
0.9997581994430543,4.38311583999789e-06,0.00019380164561511571,4.361579436509289e-05,0
0.9997217873535607,4.638363475178318e-06,0.0002361277144673117,3.74465673810776e-05,0
0.9999082635174984,6.467011943639104e-06,3.716909839251938e-05,4.810037074399349e-05,0
0.9999096826293256,8.00784427706705e-06,4.592617831599374e-05,3.638334816186517e-05,0
0.9998712288077918,3.569552915026952e-06,3.213549808107949e-05,9.306614260541175e-05,0
0.9998830361924217,6.771805600818314e-06,1.6458760073926633e-05,9.373324328994169e-05,0
0.9999227108966748,1.2101021795079692e-05,2.235948412609122e-05,4.282859797805612e-05,0
0.999924967392163,1.906159739935209e-05,1.877792078558367e-05,3.7193090016673695e-05,0
0.9998868901439146,6.5163145470112115e-06,6.44740937699789e-05,4.211944919701793e-05,0
0.9995216435399494,4.967589172665935e-07,3.0999183894522324e-05,0.00044686051781862174,0
0.9998985906658984,5.003693683932737e-06,3.1539088704572846e-05,6.486655330170449e-05,0
0.999926477786957,9.966343011988334e-06,3.259957396206324e-05,3.095629444041625e-05,0
0.9997016601897972,6.042156750703049e-06,2.1062359864122936e-05,0.00027123529296221643,0
0.9999178763645582,1.3287890688841026e-05,2.661407489446671e-05,4.2221669957686714e-05,0
0.9998574724748808,5.7382457152973416e-05,1.3749780060957092e-05,7.139528904627611e-05,0
0.9995772272534814,0.00017430107868041182,7.94931276759696e-06,0.00024052235648988602,0
0.999593841820332,0.00018898505884929717,7.603001069674412e-06,0.00020957012055021737,0
0.9994885040402035,0.0004186632892676487,1.1345463529049781e-05,8.148720793600113e-05,0
0.999199104568275,0.0006180560043468779,9.268083975129867e-06,0.00017357134338827392,0
0.9986540508840762,0.0010255951507909997,9.06980141422412e-06,0.00031128416256320367,0
0.999261205003239,0.0005131401995231323,8.964168709787281e-06,0.00021669063027774068,0
0.9992921953405924,0.0004727033921958798,1.227672096695254e-05,0.00022282454573140846,0
0.999756558952655,0.00017094982548092894,1.3907693197369283e-05,5.8583529811626996e-05,0
0.9996063799442131,1.2432279038593449e-05,9.31535153727085e-06,0.00037187242587849087,0
0.9999204681167303,2.2995835126526817e-05,2.0538573083275546e-05,3.5997474853468905e-05,0
0.999927786890992,1.9069735359842073e-05,1.9713864152050565e-05,3.342950804963774e-05,0
0.9999228315954894,2.6149422975931783e-05,2.3921134820348116e-05,2.709784737138065e-05,0
0.9998088785393671,6.382872669225319e-06,0.00014944609177144785,3.529249527417173e-05,0
0.9997311991656852,5.03075146113448e-06,0.00023401647995999558,2.9753603453187395e-05,0
0.9994738584932675,4.427588149668897e-06,0.00048462957364647823,3.708434511183113e-05,0
0.9994550225974542,4.922700603308592e-06,0.00048537521651857766,5.4679483701477556e-05,0
0.9983157981579871,5.859995813582192e-06,0.0016072032420081268,7.113860475366735e-05,0
0.9993081919616487,3.4480828654005577e-06,0.0006282957342062901,6.006422010271119e-05,0
0.9994671304617534,1.3535015494382114e-05,0.0003345365919894545,0.00018479793073942173,0
0.9899314416309155,2.261077999641769e-07,3.6157804503406845e-06,0.010064716479382538,0
0.9996987776976717,7.826011468187805e-05,1.9689261302655387e-05,0.000203272927597978,0
0.9997513327216581,3.558736812475947e-05,1.359720031366712e-05,0.00019948270910640067,0
0.9998596330449688,5.0801265003377874e-05,1.1301921431339553e-05,7.826376845277288e-05,0
0.9998440242307811,7.68749074653971e-05,1.2013889372347676e-05,6.708697082732711e-05,0
0.9995625736427997,3.784255922542013e-05,1.5491880540552058e-05,0.0003840919166322002,0
0.9996380182604492,1.993313321675216e-05,8.455459721448485e-06,0.00033359314578887737,0
0.9993723541275408,9.706518614797867e-06,8.696100135185027e-06,0.0006092432520365175,0
0.9998528698796519,2.837234377759544e-05,3.4654690511739093e-05,8.410308507102147e-05,0
0.996859581511057,0.0001388277487896933,9.878314793823022e-05,0.0029028075905991354,0
0.8934160773073188,0.000656479991488912,0.00024071473986795073,0.10568672796086641,0
0.06717570201208284,2.447630846635363e-08,6.266661958688682e-08,0.9328242108433852,3
0.18872863288895483,0.00014870069397390656,1.1545616142840958e-05,0.8111111208008474,3
0.9567199756287837,0.002200266789979731,0.00017677134867270935,0.040902986232919825,0
0.9903276106806775,8.030026598391447e-05,3.271923208726823e-05,0.009559369820979456,0
0.9993700369124642,7.220803312678717e-05,0.00036952825008159746,0.00018822680294091384,0
0.9923738471706166,7.943647906498595e-06,0.007535346090161127,8.286309104170444e-05,0
0.9452651648952378,1.4354347140368241e-05,0.05445279432057673,0.000267686438119676,0
0.73087841230905,4.6497766642934896e-07,0.2558918544868064,0.01322926822520545,0
0.1841823148797607,1.4034698483952392e-07,0.8150895585168623,0.000727986254681145,2
0.018841267079390146,1.4540383149368534e-08,0.9810696812909404,8.903708968639062e-05,2
0.00016611746281845153,2.102936336663133e-10,0.9998119723665865,2.1909961389043963e-05,2
1.7293894213273081e-06,1.4266506645442943e-12,0.9999820226309343,1.6247979950671918e-05,2
6.52972720525311e-07,1.3169108867437432e-13,0.9999924031142,6.9439125204374716e-06,2
5.246769570841256e-07,2.42778025662147e-13,0.999997312188472,2.1631332455740455e-06,2
2.221158447016862e-07,2.6151706870140147e-14,0.9999931798207143,6.598065215117431e-06,2
9.204835995720286e-09,6.918041275414035e-15,0.9999934132900772,6.577504164893265e-06,2
2.5972457206286244e-09,3.122245932135719e-14,0.9999984634135198,1.5339875832419389e-06,2
1.1787112720483976e-08,2.329038582333882e-15,0.9999914903854096,8.497827097529741e-06,2
1.1288597843683286e-08,1.843351306487577e-14,0.9999983994215731,1.5892910591587478e-06,2
3.327005627401513e-09,2.314146979615836e-15,0.9999982538771984,1.7427945779492006e-06,2
5.386200262469825e-11,6.157381401567305e-16,0.9999972516453932,2.7483023590918317e-06,2
2.559071091991108e-11,7.062084531728336e-16,0.9999979491424822,2.0508333547098293e-06,2
9.87748458401395e-12,3.2009450157750085e-16,0.9999980894808748,1.9105094647982047e-06,2
4.7154809304059e-10,1.4752421180209962e-15,0.9999978094516683,2.1900754666332157e-06,2
7.806257890200169e-11,2.704220097748889e-13,0.9999964159169958,3.5840036871174943e-06,2
1.2634390613165677e-06,3.0155100381464123e-15,0.9992446766491985,0.0007540599127122122,2
3.232586126231584e-07,8.382290227797414e-11,0.9999704692594896,2.9207399412476946e-05,2
1.5935761623070806e-08,1.007139448053933e-14,0.999953002798342,4.698126766376515e-05,2
3.41517609319859e-09,5.692320752423039e-14,0.9999976403879017,2.356196914168421e-06,2
1.0100722272616713e-09,2.746655271000943e-15,0.9999984738981588,1.5250927473477029e-06,2
8.101147069219612e-10,2.149278487976789e-15,0.9999975719140285,2.427275817025381e-06,2
1.3064884651377756e-09,1.7227483483891036e-15,0.9999968191964964,3.1794986283759373e-06,2
2.9345751490809102e-09,3.631302518402025e-15,0.9999981083983286,1.888667097334989e-06,2
5.047715711626867e-09,1.3871609074941367e-15,0.9999971178263575,2.87712419843958e-06,2
5.978971824634771e-09,3.821763581527488e-15,0.9999980559969823,1.9380227376182944e-06,2
6.10645744331718e-08,1.3431883646378322e-14,0.9999985094411581,1.4294938692066582e-06,2
6.875609719699395e-07,1.2117509957416944e-13,0.9999962894103822,3.0230283784889463e-06,2
3.093844321580485e-06,4.084728896577517e-14,0.9999806204673154,1.6285687007151462e-05,2
2.005184716226114e-06,2.3446402671191415e-12,0.9999955492229586,2.445590987025304e-06,2
1.7736262184555866e-05,6.705525917034104e-13,0.999974500341955,7.763393741768145e-06,2
1.5707531664941477e-05,4.144890354963669e-12,0.9999739625861472,1.032987958722542e-05,2
3.186615280063413e-05,1.8152193609513e-12,0.999955423522289,1.2710322222956766e-05,2
1.994471824676411e-06,5.118011970527585e-13,0.9999955561896571,2.4493373144413885e-06,2
1.5697866550969204e-06,2.0600761156447295e-13,0.9999961534268862,2.2767880224236244e-06,2
5.413159404659309e-06,2.1434772903728525e-12,0.9999888504320027,5.736407812739013e-06,2
5.044840753037221e-05,3.907109046748504e-11,0.9999005984285005,4.895312321562353e-05,2
0.0021740498775432164,1.847338752185654e-08,0.9977750537608734,5.087788780310007e-05,2
0.09735128342177218,4.8309448094865635e-08,0.901970062621791,0.0006786056452880693,2
0.43855855254956677,1.08046429021308e-06,0.5609499439376807,0.0004904230487684467,2
0.8516158823029564,2.0508795954665114e-06,0.14795080620269105,0.00043126061590965177,0
0.9806652632612817,2.946448921205825e-06,0.01874563480120352,0.0005861554895367105,0
0.9988491276732423,1.6879873931705415e-06,0.0003027180949638353,0.0008464662454760547,0
0.9998512332678273,4.469999656992487e-05,2.3506556847046092e-05,8.056018026671287e-05,0
0.9996861324446789,2.5664623463883033e-05,1.4853636645441475e-05,0.000273349296468843,0
0.9958132873169682,1.157073779762654e-06,5.03950719720188e-06,0.004180516101883841,0
0.9994936581780293,2.8030307729766597e-05,1.0684747665507874e-05,0.0004676267662690477,0
0.9996861157843289,1.1851404172345764e-05,9.150246793844655e-06,0.00029288256449932495,0
0.9998891091388284,4.874027865531961e-05,1.3309279973841929e-05,4.8841300723655e-05,0
0.9999127648296702,3.743698750183778e-05,1.699713263999333e-05,3.280104884889012e-05,0
0.999916665439808,1.5746479929132485e-05,2.2568598088979812e-05,4.5019481440374516e-05,0
0.9996388126422857,6.628715554321422e-06,9.471073274929406e-06,0.000345087569898237,0
0.999406900822806,1.3043623576671633e-05,6.365199445185889e-06,0.0005736903545408327,0
0.9999151807745261,2.26612210831427e-05,1.7660273896836804e-05,4.44977317570876e-05,0
0.9999295855831604,1.2020086504097217e-05,2.8376414641483696e-05,3.0017915993231404e-05,0
0.999930802285717,1.2949736428008607e-05,2.969928918432628e-05,2.654868766316439e-05,0
0.9999275513270761,1.3230826631250669e-05,3.4337345764924545e-05,2.4880501978823433e-05,0
0.9998215474963397,4.541160989257937e-06,0.00013216861209186921,4.174272925612634e-05,0
0.9998569718731705,6.766761545403454e-06,0.00010474886746381196,3.1512499237086315e-05,0
0.9998858665620964,6.7457798791400326e-06,7.72805019946564e-05,3.0107156006868348e-05,0
0.9996673799944913,1.1228409788572129e-06,4.024498589536561e-05,0.00029125217854173504,0
0.9997546178597351,3.7752073937496495e-06,0.00018033399433568066,6.12729399777615e-05,0
0.9995571078182994,4.417114277912686e-06,0.00038211822377148515,5.635684411342792e-05,0
0.9988766737041294,3.674875317266929e-06,0.0010098461140132515,0.0001098053075428275,0
0.9987526030705183,4.625976422635114e-06,0.0011897013919388063,5.306956125053597e-05,0
0.9987815379122366,3.9051968551917204e-06,0.001158873710432279,5.568318005790945e-05,0
0.9990489392282734,2.429776051830627e-06,0.0008184434644979199,0.00013018753139492953,0
0.9995506797774611,4.905714859395455e-06,0.00041137786874519095,3.303663711946775e-05,0
0.9998441303195268,7.820451050281888e-06,0.0001238177164946764,2.4231514229331706e-05,0
0.9996660909717358,1.789028478223555e-05,0.00028476842446719964,3.125032012254248e-05,0
0.9939792427607022,5.649984849133448e-06,0.005894831026821815,0.00012027622683760303,0
0.9238271211665593,9.337851150340883e-07,0.07556648047120164,0.0006054645758518712,0
0.11175417767533008,1.1464310371809645e-07,0.8879064489845989,0.0003392586966315594,2
0.009174716430815319,1.6179429467167873e-08,0.9907797760030734,4.549138848677404e-05,2
0.0006346933141098305,1.610725504322759e-08,0.9993422363385193,2.3054240458867366e-05,2
0.00019520753044281554,5.053472290450832e-12,0.9994028657239511,0.0004019267390685281,2
8.957741789954102e-06,3.681454596592488e-11,0.9999816047912015,9.43743031599609e-06,2
1.756635014938464e-05,5.087704557760602e-12,0.9999790038294644,3.4298136151269784e-06,2
2.3971904255382705e-05,1.52623090056422e-12,0.9999687875129838,7.240582353644239e-06,2
2.5004324201650765e-05,3.435829256441879e-11,0.9999691442603038,5.851379654127713e-06,2
0.000767888568335974,2.7232572672067936e-10,0.9992040655103308,2.8045647222007054e-05,2
0.005540065822788511,2.422938210096469e-08,0.9943854150417485,7.449490737864283e-05,2
0.013425429330526407,3.7679796975747915e-07,0.9845323500738538,0.0020418437977062294,2
0.0289519425890649,8.947555331950365e-06,0.9303275664007579,0.0407115434553357,2
9.291207460936806e-05,2.62050485289152e-11,0.0012526655389941109,0.9986544223595416,3
0.00011626010066326246,2.8342105623775765e-11,0.0013848070667602627,0.9984989328043304,3
0.014486770581711396,7.063879210040797e-05,0.9447563384863367,0.04068625213919186,2
0.0016977463381757003,3.2005782333948496e-09,0.97613525731958,0.022166993141483602,2
4.35747026164605e-05,2.83763730302983e-09,0.999436068267233,0.0005203541910708314,2
1.5431337540334488e-05,2.681710399587013e-10,0.9999550899418346,2.9478453936674468e-05,2
1.1040497100700024e-07,1.57282544426045e-11,0.9999703866688993,2.950291132459377e-05,2
2.4425367660853973e-07,1.4423711600129188e-14,0.9996348467617086,0.00036490898522763314,2
4.345477887740208e-07,4.812218367167134e-12,0.9999943034834722,5.261963995421538e-06,2
1.891831957113372e-07,1.5204587091477105e-13,0.9999953502409752,4.460576790641229e-06,2
1.8666654919705362e-09,3.793976831801776e-15,0.9999862076552566,1.3790479749965372e-05,2
1.3319055699420483e-09,1.0971518378591456e-14,0.9999977873473577,2.2113204367193825e-06,2
1.7122270950773273e-09,3.4425369748929696e-15,0.9999983050998519,1.6931871890053799e-06,2
4.70836193468672e-10,5.244634998338638e-16,0.9999960777172033,3.921812988801717e-06,2
8.599509162832086e-11,7.23879378163613e-14,0.999998004970792,1.994942374241245e-06,2
2.038775930544162e-11,6.005158220052756e-14,0.9998695833522433,0.00013041662856765786,2
1.785002549130685e-11,8.078937998088908e-16,0.998872699291465,0.0011273006919432992,2
9.663955160420038e-13,4.190491155571368e-14,0.9999830576796784,1.694232067657855e-05,2
2.0412965613999875e-13,3.115969787026828e-15,0.9999969771715982,3.0228274924447997e-06,2
1.243351642751487e-13,7.538264206561701e-16,0.9999874466362917,1.2553365088128796e-05,2
6.709054294184985e-16,1.1141109781124953e-14,0.9999834291511077,1.6570847076594336e-05,2
9.592281486346202e-17,8.603157156204267e-16,0.9996240152208621,0.00037598477916705195,2
3.4433871323079672e-16,2.937866552023796e-14,0.9999149485856995,8.505141374714688e-05,2
3.9367445454815255e-15,1.068886168106729e-14,0.9999771165929671,2.2883407923223267e-05,2
2.387776028542014e-15,4.797742804367182e-13,0.9999595520525371,4.044794697016135e-05,2
2.1702417106409807e-13,1.0674523748351148e-13,0.9976611680391918,0.0023388319616365013,2
3.306333794502753e-14,7.59715272826616e-15,0.9980565171927193,0.0019434828056618652,2
2.8546288846619247e-11,1.1021429091322923e-12,0.999989033427589,1.09665438198734e-05,2
1.3729509003956741e-11,1.3779317265609445e-15,0.9999950168472892,4.983140086501746e-06,2
2.3011726437078256e-11,1.2131168034223203e-15,0.9999980878474254,1.9121313397845983e-06,2
6.903999614997242e-11,5.860837297915184e-16,0.9999983396787825,1.6602508823007326e-06,2
1.7734523910356995e-10,7.446929701249725e-16,0.9999978689397692,2.130882889637845e-06,2
6.214139319863962e-11,6.095253130103264e-16,0.999998390544919,1.6093913874632e-06,2
1.0441163426980224e-09,6.6356986009303885e-15,0.9999980671437277,1.9318135672984076e-06,2
5.583272489278866e-10,3.575104932651061e-15,0.9999894044683232,1.0594974404978504e-05,2
8.459508528201473e-10,5.498768049969598e-15,0.9999935194856228,6.47966958759454e-06,2
8.234366436134307e-10,3.155830677756317e-13,0.9999961362156748,3.862961733080356e-06,2
1.1135341990281423e-09,2.143994322697238e-15,0.9998004559174678,0.00019954296968014622,2
1.1232247953289928e-10,9.070991748672554e-12,0.9999883683980254,1.163148122057958e-05,2
3.123119937016394e-10,1.1398783478990865e-15,0.9994966159760252,0.0005033837129672671,2
7.459812550742367e-09,3.061701288287357e-13,0.9999467431765169,5.324936256139553e-05,2
2.417701281910834e-08,2.332207651026567e-13,0.9999984492399764,1.5265835018119367e-06,2
1.48289755826829e-10,4.971239844590283e-16,0.9999968828027176,3.117049796380346e-06,2
3.2820380374871754e-10,3.8272915680029304e-15,0.9999983345019472,1.6651714979741739e-06,2
3.218616849713245e-10,4.0516147714024293e-16,0.9999945491948292,5.450482172762456e-06,2
1.7534855817398554e-09,2.1584151362312084e-14,0.9999979231309875,2.0751139243574982e-06,2
8.284757218707872e-09,2.1317375167656187e-12,0.999989229665309,1.0762047741953657e-05,2
5.219851097383965e-07,1.3459893573845534e-13,0.9988333519916424,0.0011661260223534923,2
4.035577329547719e-07,1.3879611468258642e-11,0.9991437963251748,0.0008558001037974301,2
1.9229827521986676e-07,2.0562879629914684e-12,0.9999421569622912,5.765073561169971e-05,2
1.8156451387959002e-06,8.100344446279611e-12,0.9999951619764651,3.022370223252498e-06,2
3.067815192079362e-07,9.24522643082664e-14,0.9999868619151073,1.2831302787396723e-05,2
2.520961456546984e-06,3.9552881707103495e-13,0.9999766863318763,2.0792705641212972e-05,2
5.63900487246765e-06,2.048597382041761e-12,0.9999910269728061,3.33402124883687e-06,2
6.868151543726791e-06,1.0093664247350652e-12,0.9999890779341346,4.05391155842721e-06,2
7.562209205699128e-06,3.037002045029486e-13,0.9999786323669548,1.3805424412452787e-05,2
3.581876969225934e-07,6.007205637360407e-13,0.9999903460841202,9.295729333101311e-06,2
6.095101191749221e-05,1.0043999994059829e-11,0.9999343909790254,4.658000611493532e-06,2
1.2446102897262502e-05,4.35321879051484e-12,0.9999776179824101,9.93590984022264e-06,2
2.7288480994262286e-05,3.7921684998859916e-12,0.9999647712013944,7.940313222419424e-06,2
2.1588474767388093e-05,5.6334529791871225e-12,0.9999738582298099,4.553288650916882e-06,2
3.638433516050319e-05,2.1758211778375537e-11,0.9999594695719832,4.146070631600273e-06,2
0.00036295913648021167,1.3307558929390425e-10,0.9996246099160329,1.2430815605491791e-05,2
0.0007996493809967119,3.5868198810018804e-10,0.9991774426064246,2.290765289603994e-05,2
0.00029374554156450986,2.66694340936753e-10,0.9996969451467621,9.30904679555447e-06,2
0.00010222981342756084,7.440415848231931e-11,0.9998860525398275,1.1717573284972018e-05,2
0.00019820143844242,3.356788200852526e-10,0.9997924630462258,9.335178504283435e-06,2
0.0009750364615295558,3.88851688434742e-10,0.9990095115462319,1.5451602944426847e-05,2
0.0004581537255449255,2.341464711964045e-09,0.999535610411646,6.233520009305564e-06,2
0.0021744966089288463,4.198912828508273e-09,0.9978084614648426,1.7037727910596527e-05,2
0.0289878705272677,2.0963470406847892e-08,0.9708831072294533,0.00012900128134847708,2
0.18940087485297372,3.4304832534399623e-07,0.8099900997775854,0.000608682320587248,2
0.8444357398137826,2.0724872964755185e-06,0.15511143386756765,0.0004507538310060594,0
0.9841343550407748,1.0798383818168926e-05,0.015736765850029904,0.00011808072690664083,0
0.9993571804096623,6.692244538064863e-05,0.00027234330819264575,0.00030355383519806666,0
0.9997101948004399,2.697721332499932e-06,0.00010419506777633028,0.00018291241101559043,0
0.9996871609717959,1.4891968861530294e-06,6.31819814241422e-05,0.00024816785074032984,0
0.9999168974544247,9.371305079268797e-06,4.4592661803252305e-05,2.9138577698863998e-05,0
0.9999297632641009,1.83948015107417e-05,2.524429684705101e-05,2.659763908569878e-05,0
0.9999148554540921,7.01791374740939e-06,2.9373724319335038e-05,4.8752909525258504e-05,0
0.9998586410278707,3.6597443024728657e-06,2.660784281692545e-05,0.00011109138561539131,0
0.9998937385353265,5.579337291923823e-06,2.3279710956569965e-05,7.740241696509879e-05,0
0.9998910644066255,1.7491820496000287e-05,5.7663157653964665e-05,3.3780614816925816e-05,0
0.9987514992681465,6.892033692581227e-05,0.000587766033305482,0.0005918143630416607,0
0.9527242723362668,3.90510924670805e-08,0.010596822179379241,0.03667886643187997,0
0.5486235857259938,3.818122410749148e-06,0.4504974174836221,0.0008751786688787487,2
0.40299480962606393,1.8421047363762856e-06,0.5968431862840944,0.00016016198393477708,2
0.3194608055718604,1.4702659534836217e-06,0.6804441415720572,9.358258891763806e-05,2
0.25291464676803865,5.501688550953019e-07,0.7468254024027452,0.00025940066050979737,2
0.1672328207924666,3.5396755724893056e-07,0.8325609953651603,0.0002058298746241336,2
0.07838369016474743,2.6728873633034464e-08,0.9215253217672659,9.096134008992588e-05,2
0.002258347562281191,5.04885321228937e-09,0.9977171641293271,2.448326098979802e-05,2
0.0001896377368192478,2.073641976248881e-10,0.9997967544048288,1.360765256758543e-05,2
0.00016289610047234024,6.369209920904958e-10,0.999825944619203,1.1158642536013666e-05,2
0.0024573801648032573,6.037113541180804e-09,0.9975130054970911,2.9608300668852163e-05,2
0.0704470898223492,5.7496419874467516e-08,0.9288177270602126,0.0007351256219227627,2
0.9166495177774159,1.5468160338811997e-06,0.08196013952095076,0.0013887958849986102,0
0.9938108441002947,1.1561413677462738e-05,0.006094979593962198,8.261489261526032e-05,0
0.9992956917181538,1.5201161244316673e-05,0.0005785006738593954,0.0001106064460601476,0
0.999634974462695,0.00025281764190167636,5.8074355992860116e-05,5.413354085435534e-05,0
0.9964458261399807,0.002982049334133602,4.676020621493368e-05,0.0005253643182149095,0
0.9348114023008007,0.032666118355494725,4.583955511037798e-06,0.03251789538902357,0
0.006232601270942276,0.9829338862681847,1.2531542453478117e-07,0.010833387146153953,1
6.8510391624484334e-09,0.9976602758287118,1.7222356902836486e-12,0.0023397173183329254,1
3.1831533299481803e-10,0.9993935146480403,4.612921704981277e-13,0.000606485031476339,1
1.390736896100962e-08,0.9964681839336408,7.130841713556848e-12,0.003531802151470641,1
7.088360065720525e-07,0.9368346780532631,4.0590857709161625e-10,0.06316461270567734,1
1.725637837249109e-10,8.792833266143619e-05,2.8877248502669723e-16,0.9999120714952763,3
1.0501878394269145e-06,0.9714991015660609,2.9154354556137577e-10,0.028499847955229727,1
8.667348183119449e-08,0.9986930591819612,5.823382622842402e-12,0.0013068541375924495,1
2.0217859015342074e-07,0.9998144119868206,7.519222213672448e-13,0.00018538583491271493,1
8.651325346014827e-08,0.9998407772826063,6.139863108490315e-14,0.00015913620497690935,1
1.5759826960836044e-09,0.9998556850466769,3.7262423471315116e-15,0.00014431337803589504,1
1.5373382697732474e-09,0.9998509911127236,7.404643187844782e-15,0.00014900734848833936,1
6.1990744354669854e-09,0.9997176387106518,2.4703603150716145e-14,0.0002823550901348891,1
1.50611950693013e-08,0.999537460859201,3.972489560646039e-14,0.00046252408075420174,1
1.4688097223060601e-08,0.9997656877126662,6.249147200290631e-13,0.0002342976001803689,1
1.6298096356409964e-06,0.9974629286687922,1.6016312874118247e-12,0.002535441518170197,1
2.0564642009881765e-05,0.9991972714429438,8.141338554932183e-11,0.000782163832152174,1
1.1073015821416428e-05,0.9997451219858228,2.6442044532150348e-11,0.0002438049731763349,1
1.3161108316666197e-05,0.9996910730489867,2.8194991312317205e-11,0.0002957658152889299,1
1.52907401702713e-06,0.999076515539447,1.2512284999717807e-11,0.0009219553732003855,1
2.8114497652309625e-06,0.9978910798112758,4.404666920110017e-10,0.0021061082986978505,1
5.471842935507251e-06,0.9460714908577453,4.654332712970481e-10,0.053923036832258166,1
3.887719778745974e-07,0.4317884394500605,1.1390680415828748e-11,0.568211171767854,3
1.871653314181068e-10,0.9101942987294223,3.5949051716596655e-12,0.08980570108089765,1
1.3223488407789482e-11,0.9899061899738121,1.284417846705034e-13,0.010093810013562741,1
2.0287523430099025e-12,0.9990543217798564,6.1922391199872236e-15,0.0009456782196172472,1
1.7797673952281917e-12,0.9997011421071852,9.265269790797045e-16,0.00029885788929104003,1
2.1617583119719963e-12,0.9997325684392755,1.588028669307846e-16,0.00026743155697511836,1
4.4447881789284345e-12,0.9998182922480515,3.0397675792356324e-16,0.00018170774875481837,1
1.3478232219337092e-13,0.9998051597330619,3.663835382193264e-17,0.00019484026683566657,1
8.198998161887982e-15,0.9997655866260177,1.597444111664167e-17,0.00023441337480097505,1
7.04994933426651e-18,0.9996099993840022,2.261531718220846e-18,0.0003900006148792432,1
9.300543935858744e-19,0.9987846811561776,4.0336973559456777e-19,0.0012153188444345604,1
4.64440354719007e-19,0.999529700920722,1.3826046242386265e-18,0.0004702990782701332,1
8.157216774969204e-17,0.9993560564884696,3.616132535459877e-18,0.000643943510118308,1
3.0408694985603774e-17,0.9996268123204759,3.2495774627397835e-18,0.0003731876813051424,1
6.389225889290996e-14,0.999731177689195,5.1187991998427775e-17,0.00026882231178917976,1
1.1811228106666014e-13,0.9997543582736588,4.9252891380118553e-17,0.0002456417244445206,1
1.1761631966389325e-15,0.9997682208507395,1.2707570113928214e-17,0.0002317791481174411,1
3.0232033903579e-16,0.9993374441279351,8.687857941746292e-17,0.0006625558711379344,1
3.0600033830669837e-18,0.9867336193067515,2.983897982257851e-17,0.01326638069225381,1
2.0237090125939492e-25,0.9611993082999033,3.357813321914914e-19,0.0388006917000518,1
8.178134622663405e-30,0.9435624152058864,1.1147004042232923e-20,0.056437584794716895,1
1.1710445074056652e-29,0.9259777321385767,2.5109995556809185e-20,0.07402226785985878,1
1.8712451792340016e-29,0.9230095712012499,3.0845533236041905e-20,0.07699042879842423,1
6.670098024111369e-29,0.9348471025652156,8.885901815544727e-20,0.06515289743443228,1
9.314613719371909e-28,0.9178205617116996,2.309767787066787e-19,0.08217943828892137,1
6.895888651480805e-30,0.8526102776499905,2.936732680814333e-20,0.14738972234874742,1
1.6101964061435797e-28,0.7482897551574846,1.961774963209418e-19,0.2517102448408384,1
1.0030797177222507e-27,0.5093326365835937,7.490987554610891e-20,0.49066736341750083,1
4.938314964699683e-26,0.5561971634380634,9.984531100662773e-19,0.44380283656024166,1
1.4711982747434056e-21,0.7094144503785395,8.214723040257944e-17,0.290585549621851,1
1.7569025496092662e-20,0.8871186120379052,5.726223834662135e-17,0.11288138796209315,1
1.375159839757991e-15,0.9844667015640027,2.0911883392174605e-15,0.015533298436894378,1
2.05895054293306e-18,0.9989761414609912,3.168789981043059e-17,0.001023858540592788,1
1.6101754430894685e-16,0.999346850013079,1.7658276550612322e-16,0.0006531499877261764,1
8.3105590413449e-20,0.9948394895134199,2.2974576395152725e-19,0.00516051048756131,1
7.190247643241953e-18,0.9989926318648563,1.3632896700690091e-17,0.0010073681360816468,1
7.606377128659652e-18,0.999478781355229,1.5897813515367374e-18,0.0005212186459028872,1
3.9779572266974894e-17,0.9997190622617952,3.55966922122629e-18,0.00028093773992842234,1
1.5045243287695298e-16,0.9995555603560031,1.8588149672449784e-18,0.00044443964570817153,1
3.6052007327463723e-16,0.9997042217516973,4.259256874324864e-17,0.00029577824960090094,1
3.353041258167834e-18,0.9976641676302247,3.947449429265221e-19,0.002335832370144725,1
7.998405551994765e-18,0.9994321425061322,6.151707276820125e-17,0.0005678574936183234,1
7.895640067364692e-19,0.9957571320371784,3.1805304376533886e-19,0.004242867962488728,1
1.4099760363302045e-17,0.9995364728816755,1.370911288671287e-17,0.00046352711713585,1
3.751744430167827e-17,0.9996120754364365,2.0424326171882102e-18,0.0003879245618910741,1
4.465298648264322e-17,0.9996431933201341,2.837132778622426e-18,0.0003568066804511507,1
3.2555240500609066e-18,0.9995650114762888,5.7999785157191995e-18,0.000434988522498122,1
5.723922426620955e-17,0.9963853742167529,1.9453919050934418e-17,0.0036146257839420304,1
3.020858503078568e-17,0.9976658434537924,1.462874548248206e-17,0.0023341565456440473,1
2.7241774818023886e-16,0.9992813178716444,7.452854750434171e-17,0.0007186821270334684,1
1.7131718234489555e-15,0.9993582856630856,2.844319880752853e-17,0.000641714335717348,1
1.5144052604919168e-17,0.999682917664177,3.945696664126375e-18,0.0003170823352344212,1
4.566483773347591e-15,0.9993049466408659,3.9517065454075256e-17,0.0006950533585714652,1
1.9979836051295818e-14,0.9991103111855348,5.1974643766521384e-17,0.0008896888149124397,1
9.977645342763164e-16,0.9997685496005689,1.2181617763425017e-17,0.00023145039797078365,1
7.184088900204608e-15,0.9998179707455865,1.615055022495523e-17,0.00018202925406984473,1
8.980386662515406e-14,0.9996792744483718,7.58341770099697e-17,0.00032072555267924574,1
3.4296864256729846e-14,0.9995854097732579,5.872713826140543e-17,0.00041459022849226314,1
8.938153601723792e-15,0.9996889828633548,6.645582396171015e-17,0.0003110171358948605,1
6.802880468961095e-12,0.9991874347649794,8.362163455533143e-16,0.0008125652279634053,1
1.484477684081251e-10,0.9994886101130434,1.0659582385926426e-14,0.0005113897376797349,1
1.2672548428785602e-11,0.9996407421966756,8.52878043902843e-16,0.00035925779120627577,1
2.807180532922596e-12,0.9998070829159539,4.966744142075328e-16,0.00019291708130769546,1
3.852766103360627e-12,0.9997095258320446,3.1610178898652335e-16,0.0002904741654207412,1
6.70496638192066e-12,0.9997064850934139,6.942877051516523e-16,0.0002935149013889354,1
8.741971758746974e-12,0.9997166476345628,6.268686835007249e-16,0.0002833523571951036,1
2.388053705171432e-11,0.9997317946883924,6.822024843072871e-16,0.00026820528851150227,1
5.727377594617108e-11,0.9998367684398419,6.802470463480385e-15,0.00016323150119926933,1
2.427134250738253e-10,0.9989795017487998,1.1134793792834798e-15,0.0010204980068468327,1
6.844286910617077e-09,0.9997970029847124,4.197434152729033e-13,0.00020299016927050346,1
1.6356649743499574e-08,0.9987860146036337,5.046309791216332e-14,0.0012139690411791268,1
9.286101880032972e-08,0.9996449484638127,4.930867636161183e-13,0.00035495867385222906,1
1.0386270270450145e-08,0.9998143889772381,3.277077855470438e-14,0.000185600636955971,1
1.455160509375128e-08,0.9998089666452894,1.895198817805443e-14,0.0001910188039993363,1
1.4427902096569242e-08,0.999823252368737,2.391014336919825e-13,0.00017673320456723605,1
9.669819044581268e-09,0.9980411786322088,2.2909027635350844e-14,0.001958811697738924,1
4.0578727640562186e-08,0.9997628239743894,6.0998020545033505e-12,0.00023713544046027014,1
2.591131153526256e-07,0.9971589299377268,2.210980029991898e-13,0.0028408109493926895,1
2.900045646054063e-07,0.9996197159340522,4.709402680503789e-11,0.00037999401465629244,1
2.4492681328418548e-05,0.9960341109514262,3.0786016516219204e-11,0.003941396338201758,1
5.1566055288076425e-05,0.998445787124586,5.276755872190581e-10,0.0015026462912137114,1
4.653824966317535e-05,0.9993540730327776,8.807672855168974e-11,0.0005993886294388731,1
1.561614696575873e-07,0.99978174397239,4.43966847263521e-13,0.00021809986607496405,1
8.114313032159245e-09,0.9998268341070031,3.062004974017921e-14,0.00017315777985257066,1
9.696757943013979e-09,0.9996849427741897,1.3415472007638755e-14,0.00031504752785913465,1
4.992030533296874e-08,0.9998417772442564,3.759931384562906e-13,0.0001581728357258363,1
2.444484480975898e-05,0.9992045625390175,4.402041901207103e-11,0.0007709925731183715,1
0.004933115901822395,0.9911034371459765,2.3855340932114866e-08,0.003963423096343872,1
0.5557470410407737,0.4379673262201183,1.1422365530486415e-06,0.006284490504102258,0
0.7058492752852747,0.2905910651679863,6.325276975021311e-06,0.0035533342701123912,0
0.8129385154841472,0.18315564289625805,6.703321764332374e-06,0.003899138296692974,0
0.9826164530693925,0.010070095263339313,9.293641338883541e-06,0.007304158025265876,0
0.9987858655440164,0.0007536766989773947,0.00018571351529615414,0.00027474424334421094,0
0.9959654616253696,5.0613342024120836e-05,0.0039379581823958095,4.5966849101304005e-05,0
0.9556224735946891,7.505637399478046e-06,0.044186397313877517,0.00018362345552579276,0
0.5575597004409398,1.2306930027766089e-06,0.44146362907208436,0.0009754397943220975,2
0.2754192672838789,3.8345177079007593e-07,0.7243195119446141,0.0002608373214802841,2
0.05793987445425376,5.529575025011525e-08,0.9419503492370884,0.00010972101250264063,2
0.005357434266846954,3.914126652603819e-09,0.99461326364017,2.929817737776781e-05,2
0.00038454156075175353,2.1954358254945383e-10,0.9996086259544233,6.832266442746092e-06,2
3.8125246397461596e-05,2.872661855447998e-11,0.9999580729694839,3.8017544062724797e-06,2
4.6264739159199515e-05,9.825750682081498e-12,0.999949118256463,4.616992877330035e-06,2
7.198168852756962e-05,1.5004433760440433e-11,0.9999205015689233,7.5167286541350115e-06,2
8.918937201436306e-05,7.659917238389659e-11,0.9999065301847617,4.280366188021417e-06,2
0.0003143380744833676,1.971032354894446e-10,0.999678202334949,7.459392244511758e-06,2
0.0008374933785947278,1.0626641080280707e-09,0.9991508749969992,1.1630560154654773e-05,2
0.0012001230827059528,6.089533657544996e-10,0.9987327291827495,6.714712707954773e-05,2
0.001124551733441248,3.4764769751572725e-09,0.9988653448478938,1.009994345945798e-05,2
0.0007037945952817085,5.89835292101196e-11,0.9992799512628121,1.625408288616331e-05,2
1.3027673707320906e-06,1.142343545424943e-12,0.9999959526294385,2.744602917728551e-06,2
4.164170848425116e-09,1.6572659576031423e-15,0.9999973345583437,2.661276346920022e-06,2
6.019383103417389e-08,1.1028690716680829e-14,0.9999982595051419,1.680299409824628e-06,2
5.9219413221215424e-08,8.506828549382036e-15,0.9999983551619946,1.585616860790921e-06,2
5.590525912489662e-07,2.8632108970004037e-14,0.9999974197777738,2.0211682057700986e-06,2
4.7475963514410645e-08,8.027289952351795e-15,0.9999964925580236,3.4599663030616637e-06,2
3.4590493979981765e-08,7.930595882937141e-15,0.9999976672615881,2.2981473245210263e-06,2
3.095988611427728e-08,6.670548075233427e-15,0.9999979712286065,1.9978117121121064e-06,2
3.524728886737464e-08,1.2056530156395784e-14,0.9999985257683828,1.4389859261919816e-06,2
3.628459974565524e-08,5.831772024014322e-15,0.9999962945544651,3.6691594522451633e-06,2
1.0440526807504826e-07,1.1559603017813619e-14,0.9999958238346044,4.0717604833586495e-06,2
1.3269236925328974e-07,5.497236808727578e-14,0.9999981231575807,1.744151218177726e-06,2
7.83411921140216e-08,1.2653534048801144e-14,0.9999960082757386,3.913383633064326e-06,2
1.8698931969311526e-07,1.589570477526528e-14,0.999994079407107,5.733604147084686e-06,2
1.3446491191972834e-09,1.0096294064309325e-14,0.9999986101257146,1.3885311375181797e-06,2
2.510540642195168e-10,5.819736231854936e-16,0.9999963010955268,3.698652650028804e-06,2
7.608467273038214e-10,2.75269094070283e-15,0.9999971782966688,2.8209433293570798e-06,2
9.001202465526748e-10,6.727746326548385e-15,0.9999983927313407,1.6063679880188347e-06,2
1.1228376110461673e-08,1.2286005105782518e-15,0.9999923030814617,7.685689718481593e-06,2
1.3399566856778843e-15,2.0823687258924712e-16,0.9999967880882391,3.211912804234823e-06,2
2.3487550746187676e-15,8.328449143719848e-17,0.9999969090470152,3.0909539299555758e-06,2
6.591906839264316e-15,1.5981038432228544e-16,0.9999969288193692,3.071180128863702e-06,2
9.881295357068108e-15,2.2294518937697884e-16,0.9999965359480456,3.464050352515702e-06,2
1.0284081851713778e-13,1.4120577199493403e-16,0.9999961135402408,3.886458573845719e-06,2
7.452282552834397e-11,9.669665840893704e-15,0.9999982765381291,1.7233890116650913e-06,2
2.1600115394394012e-10,4.269649435614198e-16,0.9999859045248993,1.4095257413115691e-05,2
2.092473581713982e-10,7.098690110042364e-15,0.9999978636137795,2.1361767906039856e-06,2
6.9319552796995165e-09,4.5902373504863445e-15,0.999998107557957,1.8855117072644502e-06,2
6.844672517582839e-10,2.4947701551283055e-15,0.9999980950360577,1.9042793844513062e-06,2
1.3606734761537386e-10,8.47871668938466e-16,0.9999971130715329,2.8867906223771246e-06,2
1.0117555559705668e-11,4.194992481007465e-16,0.9999979356310568,2.0643595236974574e-06,2
3.962689188790015e-11,6.148601117775295e-16,0.9999985598962122,1.4400650975021365e-06,2
7.277220345537895e-12,7.030041095883133e-16,0.999998131557658,1.868436005329933e-06,2
7.710548175476232e-11,1.9173774826124633e-16,0.9999950309880424,4.968933958246499e-06,2
1.9656187415424915e-10,6.043805797008903e-15,0.9999981281052227,1.8716991506224588e-06,2
7.418577118456639e-10,1.6692903601561354e-15,0.999995132949173,4.866307655081249e-06,2
6.298160446141031e-09,2.8765225226780775e-14,0.9999982505229879,1.7431786783614614e-06,2
1.856844177886281e-08,3.489456841125115e-15,0.9999910838957513,8.897536066286124e-06,2
1.1074296964881745e-07,4.327663283042204e-14,0.999996107759515,3.781496935152567e-06,2
3.1187563519593207e-07,3.209030092249339e-14,0.9999972493934906,2.4387296060174612e-06,2
1.7724397511476813e-08,1.890325342084647e-14,0.9999982882123831,1.694064786315605e-06,2
7.239818772190788e-07,1.7261115496858025e-14,0.9999939050070888,5.371010625324168e-06,2
8.986561107341886e-07,8.828374306379654e-14,0.999996525041423,2.5763014676009586e-06,2
1.8120738618189923e-06,1.4656302673367074e-13,0.9999954151494934,2.7727758136832983e-06,2
1.4544944900656603e-05,6.276125304777127e-13,0.9999813695165538,4.085538258885691e-06,2
1.3207710518601634e-05,5.020080801264909e-13,0.9999835460956433,3.2461935239312503e-06,2
2.3791337482818877e-06,1.7233195093745963e-13,0.9999951722718954,2.4485925301304773e-06,2
7.318202556334943e-07,6.943770847725059e-13,0.999996505487355,2.7626904394721133e-06,2
5.353828937605746e-05,2.7920125369560558e-11,0.9999188269490081,2.7634732634705835e-05,2
0.0035170473196035356,4.854181948008934e-09,0.9961375302476727,0.00034541757848437107,2
0.17627780480480662,2.4303069854626316e-07,0.823337759126214,0.0003841930387806705,2
0.4579939221284026,2.56076730942459e-07,0.5400055912240597,0.002000230569276192,0
0.6512266649248104,2.074223536945308e-06,0.3482661675404656,0.0005050933108323622,0
0.7793657128837569,3.305442599745195e-06,0.22043337243263417,0.00019760924011880094,0
0.87824835985058,4.311912608743294e-06,0.1215780963329564,0.0001692319039197847,0
0.9882475905615461,4.069804155544846e-06,0.011570916262254271,0.00017742337185345982,0
0.9989451144118181,6.803361652295078e-06,0.00098066927740607,6.741294998429114e-05,0
0.999878454042511,3.5636417227807115e-05,4.7880704841719626e-05,3.8028835374572755e-05,0
0.999906783928286,3.147471480365077e-05,1.7440652127368255e-05,4.430070502761761e-05,0
0.9995746997230655,2.62950761433138e-06,1.0270818454492668e-05,0.0004123999520444759,0
0.9999203777492526,2.7089597329604336e-05,2.001916676125385e-05,3.251348548082117e-05,0
0.9998693653711811,4.342994919552606e-05,1.6027581050107166e-05,7.117709971543793e-05,0
0.9997633638207467,9.233359320147926e-05,1.0919234802124287e-05,0.00013338334989195516,0
0.999151818549385,0.0006335831855503136,1.0741585534984e-05,0.00020385668120535773,0
0.9993126327138262,0.0005368536684679029,1.0305503901268085e-05,0.00014020811379931062,0
0.9995925358154127,5.186766297109675e-05,8.963987573405954e-06,0.0003466325331349959,0
0.9991175449919261,2.357643199380087e-06,8.441653564448986e-06,0.0008716557126141036,0
0.9998532924961202,1.780236361520647e-05,5.570833860242012e-05,7.319680014941235e-05,0
0.9977948611082952,2.345623752864202e-06,0.0006992502882965419,0.0015035429785081854,0
0.9972396224207242,1.0919718864559946e-06,0.0006995687104494376,0.0020597168962710926,0
0.9988453108145043,1.7636666290269226e-06,0.0005840681486958567,0.0005688573717598533,0
0.9997367616358187,3.6390614970302564e-06,0.0002022494319967709,5.734986984179359e-05,0
0.9998353551494586,2.0151213901582557e-06,7.018129247024119e-05,9.244843495053764e-05,0
0.9999018643491836,6.182810322132649e-06,3.3753936794280644e-05,5.819890441499496e-05,0
0.9997519478602002,1.1356189782768611e-05,5.2630112457103006e-05,0.00018406583933610376,0
0.9990731584072646,0.0006930419115069777,6.820752136395489e-05,0.00016559216090846046,0
0.9785434328030451,0.012476434714190297,1.7810930987932617e-05,0.00896232155191421,0
0.5685833090215413,0.4166743171209732,3.95267412358175e-06,0.014738421183991282,1
0.1888445435979132,0.8001854569397238,7.303002173281092e-07,0.010969269160524823,1
0.026768242813843504,0.9700951598426563,1.6159438503218974e-07,0.003136435749887656,1
0.004907308301223195,0.9939057321556443,4.505184084713035e-08,0.001186914492202131,1
0.0010210861981247011,0.9979271202727781,1.9020105867655915e-09,0.0010517916260482712,1
3.701443379097747e-06,0.9997939938894219,5.87573394630883e-11,0.00020230460680784049,1
7.15981297276556e-06,0.9992641901160676,4.120769532997635e-12,0.0007286500664227263,1
2.357111112600316e-05,0.9996340309849898,7.350590373436233e-11,0.000342397831444012,1
9.408744321996147e-06,0.9994201769845694,1.4174774198170164e-11,0.0005704142580275669,1
6.74590685841142e-06,0.9995295269544098,9.715451750933987e-12,0.0004637271307939362,1
7.3008284900951754e-06,0.9996734874170988,1.984621839002757e-11,0.0003192117336457397,1
2.025811119254567e-05,0.9993235653617968,5.0056952869846405e-11,0.0006561764762227819,1
7.713542823684663e-06,0.9987615828909582,3.0656558611650733e-11,0.0012307035349038821,1
1.3336524469965711e-05,0.9993706204440361,3.941791600380898e-11,0.0006160429927505266,1
2.2421655552615434e-05,0.999670980936637,5.0944838409117135e-11,0.0003065973580856177,1
1.8059718765742984e-05,0.9996295210614157,9.57091183438775e-11,0.00035241912284086755,1
2.339499743188724e-05,0.9983769323602415,3.963384562756628e-10,0.0015996722475088382,1
2.4154797735346503e-05,0.9883877547273003,4.818244383423161e-11,0.011588090425326932,1
6.920610590308992e-07,0.9982366643024854,2.1816257169395102e-11,0.001762643616444859,1
1.6266964616554093e-06,0.9996445852642976,1.3912651585397457e-11,0.0003537880255857967,1
4.174341964528355e-06,0.9995367912100446,8.019653388278089e-12,0.0004590344408693756,1
5.4777579659901275e-06,0.9992706154820212,2.8120921447801505e-11,0.0007239067316654056,1
1.7381665355379365e-05,0.9986694569066311,3.775678773319488e-11,0.0013131613892355342,1
1.5517366311432787e-05,0.9995360179852228,3.102020804397786e-11,0.0004484646177172766,1
3.429598111845973e-06,0.9997994698732501,6.783057304637021e-12,0.0001971005216854234,1
4.01318090516366e-06,0.9996533292408145,1.5697310553770955e-12,0.0003426575775134556,1
6.528895103461982e-07,0.9997854650339552,4.585305962070798e-12,0.00021388207150223944,1
6.647787957025428e-07,0.9985184794222082,2.88570238238695e-13,0.0014808557970738341,1
1.1521798308873843e-07,0.9997641719086606,7.383174068088437e-13,0.000235712874177873,1
2.974306012282345e-07,0.9997785123170984,2.664754352485178e-13,0.00022119025044339054,1
2.883398628759945e-07,0.999770820871415,1.929033926374474e-13,0.00022889078846559646,1
2.2334962153098574e-07,0.9998468618667159,2.27013751209527e-13,0.00015291478215376936,1
3.5088736960664815e-07,0.9997674711646307,1.8928440356207904e-13,0.00023217794824063572,1
1.2797967790246985e-06,0.9997697539154814,1.6850672405802867e-12,0.0002289662856170762,1
1.0779935002392472e-06,0.9994935373528486,2.2249249646987656e-11,0.0005053846308518239,1
5.1979968533600046e-05,0.9911083049161661,1.2452043238303634e-10,0.008839714991858923,1
6.611263333375558e-05,0.9957152422871576,1.0042863135962003e-08,0.004218635037679922,1
0.00022972723260415256,0.9879930700223883,8.051747860717154e-10,0.011777201940933098,1
0.00015331177743875966,0.9989882337476393,5.611763860908702e-09,0.0008584488646029037,1
0.00015635041022935014,0.9987601305236316,9.611430745418404e-10,0.0010835181039487009,1
9.381874735413739e-05,0.9990776002121714,9.429121437107939e-10,0.000828580098071511,1
3.814713570679516e-05,0.998245566666963,2.716846905780774e-10,0.0017162859267833223,1
2.278468446752681e-05,0.9985630475586607,5.960196899236439e-11,0.0014141676955575222,1
6.592939022111527e-07,0.999631206270374,2.447113430277765e-12,0.00036813443252549957,1
1.1451154798766196e-07,0.999810919944998,1.6538398196961608e-13,0.00018896554406116825,1
1.8720478333331852e-08,0.9998224596589984,4.830296999153124e-14,0.00017752161967339236,1
9.249125231028166e-08,0.9996717662636165,8.509922944160269e-14,0.0003281412456752069,1
5.459526331138259e-08,0.9998037400966839,5.564171051464912e-13,0.00019620530680523085,1
5.81637791306785e-08,0.99896786035688,3.7232855110154606e-14,0.0010320814803651168,1
6.818570872011587e-08,0.9998251002097792,1.717966048152433e-12,0.00017483160272952354,1
2.823585091033937e-07,0.9990164160220634,7.821523875515568e-12,0.0009833016126521744,1
7.86622887696534e-07,0.9878368785271584,2.040558780018989e-12,0.012162334846312057,1
3.134153915851442e-08,0.9992821876729103,9.968810412635296e-12,0.0007177809740102595,1
4.3985438091879325e-08,0.9992427427518237,3.387636527331112e-13,0.0007572132636807432,1
3.713875986960226e-08,0.999533533027143,1.528726120814595e-13,0.0004664298333347508,1
5.093179852232748e-08,0.9998034395749981,1.2142543961612095e-13,0.00019650949185330753,1
7.245262760889317e-08,0.9998257369522524,6.15857865518043e-13,0.0001741905938498373,1
1.3479644724168763e-08,0.9982455563205453,1.559611760795861e-14,0.0017544301986988132,1
7.827547724229674e-09,0.9997961395915298,3.0283836823766694e-13,0.0002038525823077489,1
2.8632862706355076e-08,0.999559639133337,4.8364238171925244e-14,0.0004403322347891168,1
9.565383428828353e-08,0.9997973494391863,6.835050101364707e-13,0.00020255490772212948,1
3.3960023474439473e-07,0.9992649159807061,2.3091060307988035e-13,0.0007347444188426641,1
2.1408591203054985e-08,0.999715210982953,7.503078266154721e-14,0.00028476760970310827,1
3.42943028273842e-08,0.9998485094309547,1.804348321954041e-13,0.00015145627434015195,1
8.074467837785913e-09,0.9994762882019292,1.5354865824980944e-14,0.0005237037244819437,1
2.6168668461979633e-09,0.9997923196050414,3.733732089339741e-14,0.0002076777779841928,1
5.266569766337476e-10,0.9996704962046498,6.0609769064745466e-15,0.000329503268279043,1
1.5718634118047684e-09,0.999763948429431,1.324428697019589e-14,0.00023604999836069945,1
2.192529943830483e-09,0.9997234561989344,3.0229597959028796e-14,0.0002765416072857414,1
1.9533142667183015e-09,0.9992652465171951,5.161123004525867e-13,0.0007347515298260898,1
2.417694351877871e-07,0.9817233428774412,1.2274405596661277e-13,0.01827641535298365,1
3.299330507711323e-08,0.999402034084474,2.3175743526928403e-12,0.0005979329185500662,1
2.894054744431053e-08,0.9998502907863656,1.8470952371229863e-13,0.00014968027346918145,1
4.2819480400263846e-08,0.9996867286860927,3.831393527702462e-14,0.00031322849506272826,1
3.501425867087603e-08,0.9998053227227804,8.467197060705788e-14,0.0001946422622889767,1
2.2106060554623825e-08,0.9997545997070385,4.3313293128149634e-14,0.0002453781883184708,1
5.0170677372927364e-08,0.999764272424138,5.707590332380969e-14,0.00023567740556980108,1
6.855683727552546e-08,0.9998353135523838,1.9192439711984187e-13,0.00016461789125261998,1
1.711255544859815e-07,0.9995673371617207,6.029179826547007e-13,0.000432491713293225,1
1.8706847935855173e-07,0.9987099938016261,3.2833863240742456e-13,0.0012898191279238473,1
4.305524837085965e-08,0.9997539696329988,7.138697871616236e-13,0.0002459873121667308,1
8.373358990496531e-08,0.9995149947507702,2.4280839577239135e-13,0.00048492151508464586,1
3.994621529508374e-06,0.9994091206249575,2.0469353182777573e-11,0.0005868847313579533,1
1.6673621518504778e-05,0.9984708991678917,3.9058863941761556e-11,0.0015124271697213995,1
8.600243577938153e-05,0.9993204385340437,4.64638074896885e-10,0.0005935585660485236,1
0.00020514872275181886,0.9994013245286021,7.240396600897514e-10,0.0003935260229303858,1
0.0001975403037326149,0.9993337633979683,3.494564448010187e-09,0.00046869280351831383,1
0.0001995025735697552,0.9948967729205572,2.874803560939099e-10,0.004903724218858109,1
6.45795806703431e-05,0.9994249327639925,4.2816004815563256e-10,0.0005104872254184174,1
2.6368499189554902e-05,0.9996826627664002,5.959042725107958e-11,0.00029096867569362254,1
1.7926187811042225e-05,0.9996494355057532,3.064935507718224e-11,0.00033263827705479735,1
9.869726849998839e-06,0.9994695748000652,5.8824267605218765e-12,0.0005205554677990993,1
3.335326027829141e-07,0.9997976761726497,1.3158764709254953e-12,0.0002019902940371366,1
6.909905876767471e-11,0.9995611751291614,2.9847315486656324e-14,0.00043882480021614285,1
7.113209166022319e-11,0.9950045047032962,6.776672583729185e-15,0.004995495225879776,1
7.339335164599503e-11,0.9984263780338855,2.963146182299495e-14,0.001573621893878863,1
3.542296175240819e-11,0.9997888721780251,1.40441915812222e-14,0.00021112778829915376,1
1.195244056345062e-11,0.9993787784474903,8.731152258636346e-16,0.0006212215396406585,1
6.003124808491171e-11,0.9994039175124079,2.6721228040340718e-15,0.0005960824291888728,1
1.1304223607952811e-11,0.9998414910206772,1.4483224311312265e-15,0.00015850896867037627,1
7.12798194549089e-11,0.9997205013920737,4.732060477861954e-15,0.00027949853771661737,1
2.300422004537463e-11,0.9987955316827604,7.63142760200482e-15,0.001204468295795695,1
2.688740274634531e-11,0.9971530154351486,7.019080506446203e-15,0.0028469845386420497,1
4.294092024651196e-13,0.9994866302340011,1.9936138717976114e-15,0.0005133697670352109,1
1.1957674284513035e-16,0.999551088506268,4.3155130275147686e-18,0.0004489114920688304,1
1.0611439433011369e-16,0.99967461635766,2.9565968993771936e-18,0.0003253836426884936,1
1.0850419116674748e-16,0.9997400063367641,2.040677346472888e-18,0.00025999366348283234,1
2.5456526342045496e-16,0.9997542476408083,1.1898616451605962e-17,0.0002457523599191025,1
9.751692261018341e-16,0.9987376686504426,1.40828491626929e-16,0.001262331350234217,1
4.155233882795903e-15,0.9921119297950683,4.5065453297116806e-17,0.007888070206435047,1
6.953752643868654e-15,0.9995660032784246,3.0319602890732046e-16,0.000433996722123372,1
4.90405644861594e-14,0.999796178920976,5.698194825137559e-17,0.0002038210795121088,1
3.1761416333812574e-13,0.9997239494089302,6.144698208151696e-17,0.00027605059113870555,1
3.6874908868764805e-12,0.9998323672719082,5.67835700017077e-16,0.00016763272395792193,1
1.5975632597912173e-12,0.9995361717421569,1.0687250537363522e-16,0.0004638282556845176,1
4.416326420221632e-12,0.9997600592790675,1.0231283947926022e-15,0.00023994071678188085,1
5.390383968462391e-12,0.9996035796907101,2.543248387809732e-16,0.0003964203052204768,1
3.748683632081876e-12,0.999798768622746,3.125832390679025e-15,0.00020123137422627,1
1.383095736204169e-11,0.9981721112318112,9.19017940542693e-16,0.0018278887552804954,1
5.053526542555429e-12,0.9994328948277083,2.3930476285417513e-15,0.0005671051654391051,1
1.2868052780182121e-11,0.9997252438199182,8.646809391418155e-16,0.00027475616867344454,1
2.062844117822977e-11,0.9998281381337837,6.874772429803544e-16,0.00017186184405299895,1
4.3040739791847354e-11,0.9998280639099494,5.562362259729268e-16,0.00017193604677841299,1
1.1917212790733866e-10,0.9998134277256651,1.6497127838243054e-15,0.0001865721569218867,1
2.1719949163088283e-10,0.9997774871913142,1.8140711985770836e-15,0.00022251259156308531,1
1.3062331464348323e-08,0.9998221590516645,2.007911319890977e-14,0.00017782788586890786,1
7.065447663862913e-09,0.9998344374498602,2.0572074267432237e-14,0.00016555548591783747,1
8.257713724909236e-09,0.9997288332448343,1.5065540458600176e-14,0.0002711584977747067,1
2.6170588829713474e-09,0.9998217197457351,8.524999188039848e-15,0.0001782776375238156,1
1.778910181096817e-09,0.9998351220625488,1.3960557202532182e-14,0.00016487615957547813,1
1.193136823324408e-09,0.9995688137577036,3.9693018223040715e-15,0.00043118504884648615,1
5.855462697198053e-14,0.9997823209028088,9.09368634185607e-17,0.0002176790978288662,1
3.40688671764907e-13,0.9995668638655676,9.737460805926131e-17,0.0004331361337083139,1
1.543289039067504e-13,0.9997612157557535,9.776543023254157e-17,0.0002387842428418895,1
5.525562378323079e-13,0.9997159907765153,9.962141366095425e-17,0.00028400922326425067,1
5.104481240265107e-13,0.9998054677153079,2.031174508309008e-16,0.00019453228446740222,1
1.675340283758421e-12,0.9996181692876133,1.4192125251419298e-16,0.0003818307094175737,1
3.979878991238218e-12,0.9997680238889547,4.832335665754855e-16,0.00023197610702653092,1
9.412099546252087e-12,0.9997582232078605,3.1880949244153144e-16,0.00024177678256299896,1
1.2415993301506462e-11,0.9998348512560826,5.732783572431563e-16,0.00016514873160366613,1
1.5792611755895e-11,0.9997884210839779,1.2252458334748186e-15,0.0002115788989302104,1
3.059223427439586e-11,0.9992414726490155,2.2196954080512298e-15,0.0007585273197761347,1
4.163056889440146e-13,0.9992229590121487,1.8074470420732724e-14,0.0007770409867360919,1
1.3186241634500385e-08,0.981038765969773,1.5764439474506188e-12,0.01896122084420749,1
1.3828438356380112e-08,0.987414091674723,6.5246359331418164e-12,0.012585894490781123,1
1.4253626981601377e-09,0.9987834485016238,3.2094671376836674e-13,0.0012165500744657075,1
1.989606925274279e-08,0.9997256192253499,7.482964704230976e-13,0.00027436087913743946,1
3.986038689526902e-09,0.9993909180809125,1.4127188996227503e-14,0.0006090779347478417,1
1.5187234095814978e-08,0.9997996598358864,1.309660592556508e-13,0.0002003249759761559,1
5.5832392802449605e-08,0.9996391435024687,4.5876694412659594e-14,0.000360800663955032,1
2.4803431262745316e-07,0.9998246634923442,8.74049491354634e-13,0.0001750884733807841,1
4.183271942194333e-07,0.9994234149096936,1.1411206277687957e-12,0.0005761667616999415,1
1.0309842873219818e-06,0.9987662524239717,1.6592844255582303e-12,0.0012327165910927277,1
6.530038627404329e-07,0.9998073033967968,3.4346103842252883e-12,0.00019204359685889605,1
2.213289065384758e-06,0.9996890158822923,3.5659864222497907e-12,0.0003087708265097334,1
2.5243472609631904e-06,0.999179066970465,7.685874243045894e-12,0.0008184086746581633,1
3.9110018158198974e-07,0.9992066482293872,4.7291145104907646e-12,0.0007929606661878269,1
7.081418110087238e-07,0.9991636844195363,9.26422810754249e-11,0.0008356073456884119,1
2.0637898338357694e-06,0.9752679738253394,2.585184970472592e-11,0.024729962359769497,1
2.3471897382168045e-05,0.9891454617791635,5.783228825048256e-10,0.010831065744095179,1
5.120106079824165e-06,0.9990027986811081,3.2767094522879453e-10,0.0009920808843687813,1
9.996322391387497e-06,0.9991641599202078,2.4414047053905786e-10,0.0008258435131987482,1
2.3091439098684623e-07,0.9952806575310283,1.493325159374963e-12,0.004719111554055183,1
1.7843320722977754e-06,0.9985449031520456,2.257078601279667e-11,0.0014533124926262323,1
1.9927768257474984e-06,0.9997447061981742,9.202620718657676e-12,0.00025330101528605524,1
4.329611395750817e-06,0.999679269124079,3.9665996276974926e-11,0.0003164012246943492,1
1.10352186976392e-05,0.9952712783051926,2.02948788761702e-11,0.004717686456430455,1
4.622843690741614e-06,0.9979657349544088,4.765377698970857e-11,0.002029642152617084,1
9.59816077034981e-07,0.9995047918434993,9.47426079931496e-12,0.0004942483308132089,1
4.463114299887911e-07,0.9996397011380815,1.8912518766853223e-12,0.0003598525482176523,1
6.815739358953372e-08,0.9994941734878257,4.2113293636032106e-12,0.0005057583499043466,1
2.0609823329840123e-07,0.9939668965000021,2.4923716399897505e-13,0.0060328974011866045,1
2.7800202986831033e-08,0.999740939388908,2.0963249151927343e-12,0.0002590328093816244,1
5.5794068937265824e-08,0.9995766082078152,1.0264910578223923e-13,0.00042333599626918434,1
1.0687413974804841e-08,0.9997371322592539,6.662168329203869e-13,0.0002628570514940265,1
5.005551557861054e-09,0.9962173429984511,8.167668100206016e-15,0.0037826519953833466,1
1.3893238070429262e-09,0.9997699128367407,3.1778966949960513e-13,0.000230085773255182,1
5.633419613194968e-10,0.999395337436937,3.2999348587587915e-15,0.0006046619984223312,1
4.386325788831118e-09,0.9997705864901777,5.745740992986098e-14,0.0002294091238736026,1
4.07640047826506e-09,0.9996901980948087,3.6374723198461017e-14,0.0003097978274637132,1
9.284022818161201e-08,0.9995387507451673,2.8407848928200048e-12,0.00046115641163413823,1
1.0479981736066885e-05,0.9942177402353909,6.192543260270898e-11,0.0057717797219904365,1
0.007909432425476289,0.9912790558352352,2.2004335687448693e-07,0.0008112916951037742,1
0.014505616121181694,0.9834413606137633,7.503263972774904e-08,0.002052948232446519,1
0.018363270867508216,0.9809425280703297,1.8806958600049215e-07,0.0006940129932170503,1
0.019951943255256534,0.9788030203818432,1.8005822452119245e-07,0.0012448563064001,1
0.018290187831761805,0.9798989743852601,1.2071701566381258e-07,0.001810717064540658,1
0.006545712427220984,0.9927004745585274,3.666261985303159e-08,0.0007537763528353634,1
0.0009571476423831434,0.9984249821850734,1.3288972035005308e-08,0.0006178568835550339,1
0.00034827199613295524,0.9978723449041424,3.0440791268953647e-09,0.0017793800553833916,1
0.0001080046976534514,0.9991076221560334,2.96245222112808e-09,0.000784370184004018,1
3.8020915377198854e-06,0.9968021256405228,1.109640483795508e-10,0.0031940721572446483,1
8.5677813226792e-07,0.9943972985973177,1.0607557765555146e-10,0.005601844518146937,1
4.800440249310115e-07,0.9940088603205331,1.1702007098761904e-10,0.005990659517488603,1
4.506847626523277e-07,0.9949615708365876,5.949552341258516e-11,0.0050379784207031765,1
2.7620915667074487e-08,0.9977957464550926,2.16570379722602e-12,0.002204225920744682,1
1.1708920394145668e-06,0.9994827953730699,6.417074372368671e-11,0.0005160336708779293,1
2.6807694322973805e-06,0.9972961348958083,6.021657194315471e-12,0.002701184329774821,1
1.8231872634877657e-06,0.9989887339216642,4.3666107323721887e-10,0.0010094424545761158,1
2.0811084052000055e-05,0.9825292039235517,6.8804966775666006e-12,0.01744998498383334,1
1.4997444150379089e-05,0.999095324754503,3.0890863151458876e-10,0.0008896774932294112,1
6.01711389435229e-06,0.9997474163278728,1.3029830324281069e-11,0.00024656654701675756,1
8.185837094247423e-06,0.9997592110190392,8.993157934092365e-12,0.0002326031352099802,1
8.0561239211033e-06,0.9995491693321347,4.9504190586544936e-12,0.0004427745371979192,1
1.2622845996324688e-05,0.9997300112927959,2.0662617695421858e-11,0.000257365840845575,1
3.994026726558272e-05,0.999630589635097,7.56162383788097e-11,0.0003294700206599078,1
0.00016442639530049076,0.9993779887042326,4.903825201235919e-10,0.0004575844089205446,1
0.0016892502287616474,0.9977985135155598,5.280774836664013e-09,0.0005122309738205033,1
0.007142700352538314,0.9917336996667688,3.0035936957181804e-08,0.0011235699460677958,1
0.02902246750853863,0.9621031222824223,7.733619586612695e-08,0.008874332871635629,1
0.1015200174541553,0.8955708711722085,1.289163196829212e-06,0.0029078222120918896,1
0.24617637748348878,0.7500577846076384,1.3816090589876132e-06,0.003764456300767812,1
0.5285438254560489,0.46465979979549776,2.63318796025571e-06,0.006793741561590855,0
0.8032179789779653,0.1929144110247927,1.0551747457197624e-05,0.003857058248388687,0
0.9916041188032348,0.007540265643867698,0.00016935452613108104,0.0006862610275390082,0
0.9994420983325786,0.0002535358268616629,0.00022069401044333336,8.367183124178744e-05,0
0.9998185978919094,1.821995432011859e-05,0.00013136706620990176,3.181508653931046e-05,0
0.9998533189730834,8.15713074947878e-06,0.00010707787280806248,3.144602268245864e-05,0
0.999737080668091,1.6724189720419538e-05,0.00017986302643549073,6.633211668086733e-05,0
0.998634176853856,0.00046417172642492877,0.0004174088319236703,0.00048424258686534513,0
0.971196495872612,0.01990572708486315,0.00021298331975169726,0.008684793723590349,0
0.2603190997781398,0.7234675190640121,1.306549612286761e-06,0.016212074609775147,1
0.011067849590526958,0.9847720828212198,4.613217803292202e-08,0.004160021455585876,1
0.0015649955042417645,0.9979554834886393,5.212068146977401e-09,0.00047951579625959387,1
1.647485745014309e-06,0.9996781673561291,1.330901719323573e-11,0.00032018514500389367,1
7.761682252321098e-08,0.9997872468917322,1.0895672507436574e-13,0.00021267549040326878,1
5.96290440674647e-08,0.9998473277950815,6.965055290971772e-14,0.0001526125746553061,1
2.131681074012461e-09,0.999794223511375,7.37845769596377e-15,0.00020577435589093343,1
2.94190868268486e-09,0.9997490052478626,1.7554943724737042e-14,0.0002509918085535575,1
4.014452063191915e-09,0.9996621112323866,1.7916421007604652e-14,0.00033788475491928766,1
5.986821401184391e-13,0.9997603300798246,1.416122168645909e-16,0.00023966991806002562,1
3.827072859294224e-14,0.9998144963322584,1.6267563419187736e-17,0.00018550366673950215,1
1.4298042870236653e-11,0.9998421212699098,3.311404181428454e-16,0.00015787871397425816,1
6.196464742737569e-10,0.999827622208048,2.108759504472057e-14,0.0001723771721004996,1
3.2203402634007775e-11,0.9985510189670374,9.792537012433085e-16,0.0014489809997450674,1
1.0671905203941902e-12,0.9995793963891171,5.54490925134869e-16,0.00042060360831599054,1
7.974862014437134e-10,0.9998386853581105,6.605849631782686e-15,0.0001613138452177009,1
5.717565211166597e-11,0.9998362652186695,8.878409510265423e-16,0.00016373472541741745,1
9.469549434246389e-09,0.9997590340012604,2.8613764877063545e-14,0.0002409565275709377,1
1.703416067384534e-08,0.9996113944421202,3.599405668022939e-14,0.0003885885237140466,1
5.289522854094024e-09,0.9998051295109861,2.4108064150297146e-14,0.00019486519928189384,1
3.10770978255873e-08,0.9998318606192763,4.002666773333433e-14,0.00016810830299551768,1
2.040926975018372e-07,0.99979641755287,1.0521816517087667e-12,0.0002033783547116344,1
1.39848481285105e-06,0.9981952293387402,2.208623229317287e-11,0.0018033721546937126,1
0.00017632207117180795,0.9778788460558245,1.233957367509054e-08,0.021944819534791375,1
4.4445751713114414e-08,0.8045782024609237,6.9545373412148965e-12,0.1954217530848365,1
4.955859926781767e-07,0.9627852860482995,1.3433397437442994e-10,0.037214218232727254,1
1.069111615081611e-08,0.9988193740428081,1.3569202471715614e-11,0.0011806152522725645,1
5.73052039689491e-09,0.9986911817078623,1.924783644510431e-13,0.0013088125607072934,1
2.7293781975967775e-09,0.9996924935837134,1.387499200572918e-13,0.0003075036863224965,1
1.798932201863972e-08,0.9994773061103309,2.043256879739518e-12,0.000522675898408819,1
4.0886984273241426e-11,0.9853674831913237,7.367741123103661e-16,0.01463251676840667,1
1.8799635095401012e-15,0.9990851465215534,3.591605908474718e-15,0.0009148534766890981,1
9.348256544032371e-24,0.9975457930081292,2.0073065798796608e-20,0.0024542069908408065,1
5.8416340537030415e-24,0.997935198000342,3.982451616356035e-20,0.0020648019990790203,1
9.999800810147538e-23,0.9983906618618978,8.557546203212241e-20,0.001609338138840624,1
1.2258375431594318e-22,0.9987594642366248,5.269974043738903e-20,0.0012405357636549198,1
1.1125211534918433e-22,0.9990807739555965,8.283688631232759e-20,0.0009192260445668979,1
7.748626619111959e-24,0.998841374757457,1.7027979612575238e-20,0.0011586252407762914,1
4.9987780504071664e-21,0.9987204448212241,7.381456304384569e-19,0.0012795551782204327,1
6.504067914135939e-21,0.9970680111565838,2.49074881376593e-19,0.0029319888449694785,1
1.2176310063687353e-19,0.9992029358070783,1.9045879122279325e-18,0.0007970641933055694,1
7.616365634106668e-21,0.9992702891243791,2.4448144755333624e-19,0.000729710875621222,1
5.041696832050198e-20,0.9991822088627985,1.2919153088863996e-18,0.0008177911389671372,1
3.766068846329995e-21,0.9973968081373205,1.7048348097378316e-19,0.0026031918611588135,1
3.7907768862091075e-20,0.9990024331890314,2.3782239095713256e-18,0.0009975668117243805,1
6.154656876880678e-17,0.9988844837829269,7.504114956537022e-18,0.0011155162186367751,1
8.519732246222611e-18,0.9996666604345972,2.5532106447366716e-18,0.000333339565511253,1
7.121295386610093e-14,0.999673712894527,7.912266516366784e-17,0.00032628710692641876,1
6.90435362920636e-13,0.9996509734724667,1.5333122902596716e-16,0.0003490265270375579,1
6.986389956497505e-13,0.9997288585364791,1.6906732515012423e-15,0.00027114146437962316,1
2.0758247383613676e-09,0.9976638429840817,1.2673269915011748e-14,0.0023361549398836184,1
1.0392649923069182e-08,0.9997922004387025,4.965864641537109e-13,0.00020778916757563433,1
1.5373381477233973e-08,0.9995428780823582,3.9619363413853755e-14,0.0004571065432310493,1
3.006789574152611e-09,0.9998113485561795,1.006684244616186e-13,0.00018864843789673818,1
2.596643179371794e-07,0.9989252220661952,4.4228361462829374e-13,0.001074518267929025,1
4.068305692348078e-07,0.9996577787529124,1.1972071901371504e-12,0.0003418144148579239,1
4.930052598879845e-09,0.999788081914288,2.7313919841294903e-14,0.00021191315531330225,1
3.298714150619499e-08,0.999812722209733,4.8286484673579515e-14,0.0001872448013498138,1
1.0336589923511096e-06,0.99980119279971,9.332344747591574e-13,0.0001977735419527116,1
2.400593642075664e-05,0.999697167410845,1.6650187935894754e-11,0.0002788266353048959,1
5.974661416077547e-05,0.9996258110246176,1.365290723557494e-10,0.00031444222378670256,1
9.691851551660473e-05,0.9991349669234212,2.6328514416546477e-09,0.0007681119286918387,1
4.815277223857159e-06,0.9887642890417941,2.408262494788028e-11,0.01123089565585441,1
8.985332150606305e-06,0.9991232064288068,9.755657523068304e-10,0.0008678072618537172,1
0.0006540223471336684,0.99677904030542,9.681662650019678e-09,0.002566927665353299,1
0.004252949494018723,0.9501323330946058,2.7796736129678955e-07,0.04561443944230458,1
0.0008480224204026111,0.017334993576289027,7.068853026587072e-09,0.9818169769334575,3
0.03583028465485919,0.8574691501852523,6.000499486163828e-06,0.10669456465945436,1
0.044719375616481004,0.9432773646999842,2.75445168807324e-06,0.012000505232600553,1
0.0430183272829439,0.9508764409713006,1.009351425238217e-06,0.006104222395037926,1
0.03525930626772271,0.9548395705099954,5.903159628407749e-07,0.009900532904873482,1
0.005945387792140676,0.9859406297285164,5.296995404268453e-08,0.00811392950963682,1
0.0016696907081629757,0.9958440550235392,1.1655191891072374e-08,0.0024862426140084826,1
0.0008148605600849102,0.9983033734671987,3.3818423655748256e-08,0.0008817321539345033,1
0.0005678999362438343,0.9908497020925991,8.100464764000154e-08,0.008582316967901666,1
2.618357528570208e-06,0.949152006619243,5.622048266485086e-10,0.05084537446191963,1
5.7853599264587075e-06,0.9746948146798589,9.653694073720065e-10,0.02529939899643115,1
1.5535562228125545e-06,0.9973445657220212,1.6685782372226885e-10,0.0026538805531719045,1
4.3639197791540177e-07,0.9990251470787851,2.4741179342403974e-10,0.0009744162816743699,1
9.858218679913586e-06,0.9698723815286566,1.9701984318871727e-11,0.030117760234329136,1
0.00014423269854191032,0.988141265143698,1.3876307682659158e-08,0.011714488281416848,1
0.004326896949380685,0.9928219320333953,2.005631644295155e-07,0.002850970453617968,1
0.015305103816570567,0.9840071920377684,1.8229738516911958e-07,0.0006875218494878072,1
0.028526472628978575,0.9701687416573616,1.8495933632601659e-07,0.001304600752891259,1
0.07830467217671845,0.9199776550415758,4.3163246239631363e-07,0.001717241148896613,1
0.1518397368993567,0.8365571861088047,7.677928976941975e-07,0.011602309198817327,1
0.5554209930138165,0.43846771604161877,4.128484420805845e-06,0.006107162460114602,1
0.9844294581963479,0.0099260141782915,2.201316045059945e-05,0.005622514464610472,0
0.9992366407417445,0.0005275911401693932,5.695714350730017e-05,0.0001788109735458008,0
0.9998630146375074,7.711836395892505e-05,2.202356072151162e-05,3.784343956935235e-05,0
0.9999243846245818,1.4623759625379919e-05,3.5266476332726854e-05,2.57251380065035e-05,0
0.999927344181041,1.1969142955834565e-05,3.399905175042081e-05,2.6687623755927857e-05,0
0.9997649046833078,2.957940422149181e-06,3.055783558651319e-05,0.00020157954148409033,0
0.9997404464869522,2.12381434623893e-06,0.00010100119605538057,0.00015642850365930528,0
0.9997354032420747,4.064747723585242e-06,0.0002118344898365518,4.869751903691191e-05,0
0.9995031056877156,5.461442790187351e-06,0.0004563188669927463,3.511400249046894e-05,0
0.9992506844171585,4.665608234164647e-06,0.0006869357465802789,5.7714228779565235e-05,0
0.9992599674818489,5.217492619307741e-06,0.0006972351889752908,3.757983673148826e-05,0
0.9984441174698562,2.5732949426121233e-06,0.0014546634170840226,9.864581883578999e-05,0
0.9982757527985745,5.170624970399321e-06,0.0016430663060480056,7.601026868467322e-05,0
0.9989401963552351,4.188858832185335e-06,0.001000658764501239,5.495602058695753e-05,0
0.999521471538608,5.7465519913687086e-06,0.00042454156119843555,4.824034989323435e-05,0
0.9999054030120985,3.171477834396821e-05,3.049330889329894e-05,3.2388901192223563e-05,0
0.9999257332313913,2.2315039795576406e-05,2.451212523590302e-05,2.7439605336773586e-05,0
0.9999270186565754,1.2070626707396619e-05,3.392751370204086e-05,2.698320326758824e-05,0
0.9999151675334065,2.7847643652695425e-05,3.0762781561879005e-05,2.6222039802407302e-05,0
0.9994539492555911,0.00013018021861100994,5.5092431813495985e-05,0.00036077809382708886,0
0.9666155816812235,0.0006488926058847243,0.00011074116921917298,0.03262478454426141,0
0.5096929425546605,5.439772362290549e-05,2.8259749020753527e-05,0.4902243999740149,0
0.47478331627100023,0.010004021725949134,0.00015449926730492757,0.5150581627352913,0
0.01447132190930439,0.000201011896421437,2.6614614464747466e-07,0.9853274000469445,3
0.011845395639681627,0.8822376652518307,1.3377630529670136e-06,0.10591560134414944,1
0.011124411227419206,0.9486836673050472,5.590421746005141e-07,0.04019136242503869,1
0.015717564307032136,0.9818097171099802,6.681692264823535e-07,0.0024720504132793924,1
0.02565311750684369,0.9727976029427999,3.428529293684351e-07,0.001548936696149681,1
0.04808354333911948,0.9298909058092774,1.2372491801645564e-06,0.022024313601773086,1
0.057457235458789654,0.7361572820243087,8.293607827067238e-06,0.2063771889081787,1
0.002612882834164982,0.07153171243718136,3.8816834461859157e-08,0.9258553659118643,3
0.0004533692518638063,0.8974645674959438,6.770864157441452e-08,0.10208199554323355,1
0.00018227200996924722,0.9913536361380576,2.2070638820864652e-08,0.00846406978075009,1
0.0013254017196882475,0.9956114167506411,3.3812057979983636e-08,0.0030631477186690097,1
0.007793057146350975,0.9907523284134088,1.0876559039853134e-07,0.0014545056743700512,1
0.05075122919569402,0.9445657144409437,1.9682078095361088e-07,0.004682859541410592,1
0.23818961579850384,0.7276439413488496,1.7754150507019232e-06,0.03416466743775251,1
0.3617331518860419,0.026980785885488745,3.465649033123876e-06,0.6112825965779035,3
0.8523898148085339,0.04176685535861622,6.91785373734364e-05,0.10577415129514912,0
0.956044888218043,0.027294235296917553,2.3225930345191784e-05,0.016637650555151543,0
0.9873648239745209,0.011666725869251835,1.5097862157426797e-05,0.0009533522939249137,0
0.9980746021164274,0.0016956362873992831,1.1806364936724203e-05,0.00021795523004368946,0
0.9997325414781512,0.00020235518323469636,1.8550964957296292e-05,4.655237531015752e-05,0
0.9998197180921787,1.6597418790937523e-05,1.3417131020289064e-05,0.00015026735717656465,0
0.999889720626351,5.856125943379106e-06,4.908337208586249e-05,5.533987615602292e-05,0
0.9999207146466139,1.0163701428810718e-05,4.6675632748442525e-05,2.2446020225330652e-05,0
0.9998383826871349,6.183819097881149e-06,0.00011544137427634133,3.9992118796739304e-05,0
0.9993002308950238,6.49781321388331e-06,0.0006598189385859624,3.3452353089548875e-05,0
0.9943781669677816,9.13907369763409e-06,0.005556053827557853,5.6640131474521814e-05,0
0.9520739978269565,1.651122076393118e-05,0.046516054163967833,0.0013934367865471352,0
0.798367882865105,7.671728486153503e-08,0.16885257206340337,0.03277946835484528,0
0.47368530066008535,6.988212737919349e-07,0.5249224043934532,0.0013915961241130082,0
0.045853415137872104,1.4205103541848552e-07,0.9539381860959787,0.00020825671480293034,2
0.004729016235608702,4.713700763841082e-08,0.9951036420459989,0.0001672945799216281,2
0.016053363483567663,1.5730934069731938e-07,0.9838830908330316,6.33883746898383e-05,2
0.1090368463884626,2.1400383362425922e-07,0.8904459809437378,0.0005169586627448395,2
0.940095279677821,2.47845399197974e-06,0.059364796120740776,0.0005374457457373586,0
0.996837356683542,8.97099255939653e-06,0.002966672606116583,0.00018699971777299553,0
0.999631142800148,2.846709078980115e-06,0.0001673238176196135,0.0001986866732341482,0
0.9998563999957503,1.4368647096448186e-05,5.981985103438717e-05,6.941150549388265e-05,0
0.9960154373775,3.3999622880842365e-07,3.12203319811735e-05,0.003953002293346127,0
0.9997406858220399,1.1704998880642832e-05,3.521152315582484e-05,0.00021239765544929097,0
0.9998774825551637,4.769711088833677e-05,1.2413303161577618e-05,6.240703219865256e-05,0
0.999843800770076,2.472569003563844e-05,1.1373769314011051e-05,0.00012009977058449684,0
0.9998753802669489,6.018717744223806e-05,1.238280362724321e-05,5.204975338978121e-05,0
0.9998748800273001,6.665408317384044e-05,1.3071678940620793e-05,4.539421124280975e-05,0
0.9998571582420103,8.180763415315097e-05,1.2840350523751847e-05,4.8193771512480974e-05,0
0.9997524672566672,9.952054552577941e-05,9.628480118529423e-06,0.00013838371650591933,0
0.9998973116103297,3.9390468306161286e-05,1.4734722211639323e-05,4.856319988685134e-05,0
0.9998906785683239,3.7267645934605304e-05,1.2774305322460587e-05,5.9279479515022354e-05,0
0.9999027222571879,2.7093067679533666e-05,1.4883546562270811e-05,5.5301127563726155e-05,0
0.9999174315855183,1.0497060938018357e-05,2.6512900475985423e-05,4.55584527795058e-05,0
0.999931936918897,1.2747003304779627e-05,2.863105616012179e-05,2.668502146821789e-05,0
0.9998526237375146,4.764330033725572e-06,2.2129141223201676e-05,0.00012048278964998859,0
0.9999044821380317,7.706824207138756e-06,2.4270949482830524e-05,6.3540086632697e-05,0
0.9999267547950759,1.1989000413879309e-05,3.6020568213874536e-05,2.523563650971701e-05,0
0.9998452418367918,8.59369478579095e-06,0.00012045487848726675,2.5709588145924484e-05,0
0.999092849291778,1.0076802796059831e-05,0.0008729592892780485,2.4114617908262334e-05,0
0.9907865554402072,3.503385573236454e-06,0.009086009962280352,0.00012393121051475052,0
0.9531814147583764,1.4871528690791132e-05,0.04588447801005687,0.0009192357037176916,0
0.7912022403622027,1.9497685619717505e-07,0.186334951171955,0.022462613488554536,0
0.2217356683156743,2.9222254023204844e-07,0.7754448336354711,0.002819205826551193,2
0.049515980579407794,5.1073300026353835e-08,0.9500003831186693,0.00048358522764073295,2
0.011348843723673997,1.5387669398991673e-07,0.9886215321761787,2.9470222614481097e-05,2
0.012306780736986114,8.036253095996368e-09,0.9874930726092084,0.00020013861749050032,2
0.010239479589080785,1.9711291609711875e-08,0.9897112006706236,4.930002982176579e-05,2
0.0028322182413395686,3.69490561683545e-10,0.9971401772853644,2.7604103679039968e-05,2
8.840659430828938e-07,1.7677539178743383e-12,0.9999948031025703,4.312831432203148e-06,2
1.2241243263794888e-06,1.1912484051921768e-13,0.9999962162472645,2.559628276254467e-06,2
2.311849101009221e-06,7.963537080688988e-14,0.9999941937008171,3.494450850755154e-06,2
1.4358511545689484e-06,3.506242000885229e-13,0.999996235994139,2.3281529134215266e-06,2
2.6833875752410198e-06,1.4464366815432646e-13,0.9999883336229911,8.982988986992176e-06,2
2.289493594440951e-06,2.0141765499682508e-13,0.999993412424244,4.2980821953352195e-06,2
9.200696081473365e-07,1.0401735822002636e-13,0.9999967973832451,2.2825468170403857e-06,2
1.9939002392885153e-06,7.570149545867049e-14,0.999995931532885,2.0745674131226426e-06,2
1.6103011127542738e-06,7.795283109889112e-14,0.9999963163858954,2.0733119520687264e-06,2
2.365945268278488e-07,4.328823826539601e-13,0.9999967474958028,3.0159090221336606e-06,2
1.4160203874991626e-08,1.0714095584435778e-14,0.9999419082480983,5.8077590307053015e-05,2
6.66835489312575e-08,9.196160781188845e-14,0.9999772431444479,2.2690172756958676e-05,2
1.591423084519253e-08,7.324405553835745e-14,0.9999983880747354,1.5960099983435463e-06,2
1.2280488534792947e-12,1.5683999878523203e-16,0.9999967642486408,3.2357486871227214e-06,2
3.201259476133481e-13,7.229665925308179e-16,0.9999972133557722,2.78664242293308e-06,2
1.2347740759094773e-13,1.687112884577274e-16,0.999993722174319,6.277824260015791e-06,2
1.9269793773188766e-14,1.2147078037810931e-15,0.9999973046033065,2.6953979908049585e-06,2
2.3265059946952406e-14,4.9008310313687097e-17,0.9999878399224068,1.2160078068635893e-05,2
9.441337018804942e-13,2.1491832652759433e-15,0.9999945003006617,5.49969900553241e-06,2
2.5641877019253163e-12,2.0561055801031873e-16,0.9999944944362722,5.505561292139171e-06,2
2.1742114870342783e-10,2.4675687580362047e-15,0.9999985410915271,1.4586894184298288e-06,2
8.773827765386059e-12,8.756194663912598e-16,0.9999979876176679,2.0123735861447627e-06,2
1.9587856681713388e-12,1.255493070218517e-16,0.9999937752812016,6.224715128669367e-06,2
2.8969804344018376e-09,6.824083561500869e-15,0.9999985514051819,1.4456979946595722e-06,2
8.303717650821997e-10,1.1498559909516164e-15,0.9999982874156671,1.7117529515669363e-06,2
4.097445880562949e-10,1.5947412984594003e-15,0.9999984820435809,1.517546109033583e-06,2
5.667186476342715e-10,1.1114453347524984e-15,0.9999971759720069,2.8234612973283403e-06,2
4.786880838923733e-10,4.4781654715636414e-15,0.9999975863167517,2.4132044392064958e-06,2
4.801644652388375e-10,4.189521739102677e-15,0.9999910103219266,8.989197993594601e-06,2
4.273265261900637e-09,1.4939192802882502e-14,0.9999829834334296,1.7012291915789497e-05,2
2.0699826091933969e-10,6.677919628946499e-15,0.9999972480147004,2.751777077129009e-06,2
7.233848477510601e-11,3.642845545833699e-15,0.999997796635097,2.2032941245934487e-06,2
4.656674496199832e-10,1.673995983208005e-15,0.9999933910476215,6.6084885245502155e-06,2
3.872757917962824e-08,4.8490868646269183e-14,0.9999963465955605,3.6146750120599203e-06,2
1.8292895484487832e-06,1.3295125486270588e-13,0.9999930544859311,5.116224178816982e-06,2
1.5142986079966875e-05,3.700242267316014e-13,0.9999806987478294,4.1582675343667625e-06,2
1.273560739339176e-06,1.2543590997678958e-13,0.9999968014468544,1.9249920163066344e-06,2
2.17703507447906e-07,3.1699446352808473e-13,0.9999977827889803,1.9995059663854495e-06,2
1.67028540502681e-05,1.921206627854906e-12,0.9999360256389008,4.727150605872318e-05,2
6.625300236924395e-06,1.7133115557066898e-10,0.99995083303749,4.2541489215786965e-05,2
4.3856881430094686e-05,5.324587378424862e-12,0.9996619805094317,0.0002941626020147986,2
2.6064453003468094e-05,1.2199444714752732e-10,0.9999663724390165,7.562984464826324e-06,2
2.922809704227249e-05,1.762460104854163e-11,0.9999666679857956,4.103899770291273e-06,2
3.6140783584136944e-05,1.3464510241831151e-11,0.9999431403606996,2.0718842444900437e-05,2
0.0005292632208182053,3.323584420639302e-10,0.9994572011178542,1.3535329437042226e-05,2
0.0003718575589199958,5.103658154409297e-10,0.999616862167207,1.1279763181307122e-05,2
0.00012406839678160076,5.444645127906571e-11,0.9998466043372931,2.9327209745106993e-05,2
7.356027690488198e-06,1.7285791588640355e-12,0.9999710152204611,2.162874892249326e-05,2
9.52634463675977e-07,2.7643717965686093e-12,0.9999953479636111,3.6993983909705443e-06,2
1.2135513896052858e-05,2.4256846072608715e-12,0.9999709971147654,1.686737061791229e-05,2
0.00012030601247144613,1.5477989389375088e-10,0.9998678125366667,1.1881296607998496e-05,2
0.000570418986024243,4.783833344041814e-10,0.9994140624053229,1.5518130798616966e-05,2
0.0012351104129194128,2.2126814973025147e-09,0.9987501039349254,1.4783439394586405e-05,2
0.00241287402054103,6.521464155324473e-09,0.9975777405298776,9.378929187849516e-06,2
0.004098367591381069,1.1738491363454797e-08,0.9958894472495766,1.2173419707321628e-05,2
0.005070377649059362,7.693080933901261e-08,0.9948928628868298,3.668253224398255e-05,2
0.00647316057310582,7.187174145065121e-07,0.9922985810906148,0.0012275396183052424,2
0.006219919754349008,1.0577084943152885e-06,0.9702447680794339,0.023534254457352636,2
0.0008958161767001112,5.440321019894162e-11,0.7954051153473689,0.20369906842281743,2
0.022133461047666718,0.00017631819310130734,0.9497772004457323,0.027913020311896772,2
0.020253404982770194,6.0236217749190136e-05,0.9501680878773784,0.029518270920813675,2
0.013481667527420619,5.706790517593186e-06,0.8502682200728413,0.13624440560966536,2
2.7493591541032528e-08,2.968191691481641e-16,1.0473024938039468e-05,0.9999894994804135,3
0.00497885329801734,2.3175436002467966e-05,0.013004461578267849,0.9819935096869795,3
0.01350909860015871,0.0011929058481526095,0.0369076578063303,0.948390337745805,3
4.3971020425057025e-07,2.1463641627250888e-11,5.632435457059842e-06,0.999993927831629,3
0.0003939177655670993,5.226984376530253e-06,0.00017418137030867945,0.999426673878949,3
2.4664787808319207e-27,1.6072789953163374e-39,3.976917099410751e-27,1.0,3
1.7660770602015166e-47,2.498742293201847e-69,2.7816758332254366e-48,1.0,3
3.614871655621478e-56,8.813582858746686e-82,5.471210367390507e-56,1.0,3
0.0016653182476631927,0.00014169010116288935,0.009499214132968224,0.9886937775176404,3
3.5961186128658735e-20,4.77724808344905e-30,8.5086807396914665e-19,1.0,3
3.1129024160401737e-22,4.504904900108495e-31,8.817462309949965e-24,1.0,3
6.004032665034333e-08,2.5793172841450678e-11,3.921332320411022e-07,0.9999995477993365,3
2.12097105642454e-16,8.443467222044794e-24,9.977695691446134e-18,1.0,3
1.3571938704600027e-14,2.1837951784858733e-24,1.5524127305116004e-15,1.0,3
4.964462305793078e-13,9.391326171159379e-23,5.7490154244527574e-15,1.0,3
4.618612823886717e-10,7.444849595664085e-17,6.413229954692313e-13,0.9999999995379767,3
0.0005003734041367305,1.4644653485573874e-05,5.788081402226118e-05,0.9994271011291977,3
1.1086023913563311e-16,3.066686143627456e-26,1.5908717186485542e-19,1.0,3
4.114008654215847e-21,2.7840046705163986e-30,7.572659541732384e-25,1.0,3
2.3402800216099234e-10,8.78610366666835e-12,2.6842769513057228e-14,0.9999999997562554,3
2.408786947140127e-06,7.471042658751383e-05,2.643958935111952e-09,0.999922878143475,3
0.0015313380629537116,0.01342384074939837,3.590435965296872e-06,0.9850412307532019,3
0.0011103479402438676,0.0059648100669131955,6.08610070848573e-07,0.9929242333827103,3
0.005798353171917335,0.004429506018089577,1.0686399782692613e-05,0.9897614544112118,3
3.128422281313897e-08,1.5766506006705465e-06,3.2476296830652724e-11,0.9999983920328499,3
1.1260667354647423e-10,0.005479871001745763,8.747732479240379e-12,0.9945201288769348,3
2.249137950636626e-08,0.18945070542831435,5.66396528754586e-09,0.8105492664168744,3
1.0274914830567603e-10,0.0006099166213694678,6.034386733095598e-13,0.9993900832737234,3
7.414673756757843e-05,0.27879560148834004,7.16270058624351e-07,0.7211295355033827,3
2.580625070984504e-07,0.2779949108964557,4.955733079552668e-09,0.7220048260858049,3
1.2325592442713395e-08,0.1627904732546624,3.860275613614588e-10,0.8372095140337716,3
2.782922127869074e-14,0.0775289485430261,6.373965502837997e-15,0.9224710514560169,3
1.2611791955301705e-17,0.8582646833730377,2.205310036540256e-15,0.14173531662828542,1
6.590237592373078e-18,0.9815595505055696,6.784082232974182e-16,0.018440449492758974,1
4.383708950379807e-18,0.9942496116498591,8.12959794986271e-16,0.005750388351931991,1
7.342948241068127e-13,0.9875162739904667,3.0838389319985383e-13,0.01248372600969402,1
1.6560493636301544e-11,0.9231406010214542,1.5251864408793659e-12,0.07685939895905544,1
3.1296741783820077e-40,0.017388430599826914,8.344959135525947e-26,0.9826115693998186,3
6.413322552522115e-29,0.009845763507915283,1.9702027242540472e-19,0.9901542364937022,3
5.897045766414889e-41,0.00046561252110105994,1.0912524541892044e-24,0.9995343874773717,3
3.0897688176733083e-52,1.6418032990443938e-05,3.9700132890494656e-29,0.9999835819655248,3
1.1534276581623712e-44,7.850300550253577e-06,1.6135867168981415e-26,0.9999921496981916,3
1.0385189742204559e-47,0.00011890569479950579,1.363337515196416e-26,0.9998810943046684,3
2.7388523591192128e-43,0.0002584169310516428,4.956035657375465e-25,0.9997415830681714,3
4.4121832261703953e-41,4.6110270324468035e-05,2.5715250851546797e-24,0.9999538897290251,3
2.1357656148565752e-54,3.5526331470993016e-06,9.661705315726602e-30,0.9999964473672104,3
7.436314217415471e-37,0.0012878639843573504,2.3473549537280854e-22,0.9987121360146594,3
5.06099590966059e-36,0.0010246018681565063,2.4142599257401316e-22,0.9989753981327538,3
3.365501917478226e-33,0.002530413831552292,8.422129899844158e-21,0.9974695861680964,3
7.89468542095701e-36,0.0015971368128713326,3.6574691971664984e-22,0.9984028631855536,3
5.501114777491876e-36,0.002869489524693498,8.666573880261009e-23,0.9971305104764913,3
3.9058169450077134e-32,0.12387924155848358,2.791620645901063e-20,0.8761207584423234,3
2.6332884457802855e-31,0.2552209628676145,9.495521399532874e-21,0.7447790371309754,3
1.271126293265188e-24,0.5898701449680814,7.88300728412302e-18,0.41012985503147553,1
4.237765639527786e-24,0.7747413728995703,1.5021609704134505e-18,0.22525862710103436,1
1.5829000614511546e-22,0.9674543710124508,1.7460565630440685e-17,0.03254562898732649,1
5.468510190665826e-22,0.9898026796667172,5.7063800521886074e-18,0.010197320331597919,1
8.388203261505019e-22,0.9920747790664503,2.1079918506175264e-17,0.007925220934233743,1
5.738394793904019e-21,0.961555834560356,2.917144382061207e-18,0.03844416543914898,1
1.7351149078162104e-20,0.9820782708832215,2.532970048837426e-16,0.017921729117069674,1
1.8826219432717981e-13,0.9401808091345173,2.0844671933441907e-14,0.0598191908651974,1
3.19274702965568e-14,0.9830102820076885,3.1571072549451706e-14,0.0169897179937487,1
5.978237571068066e-09,0.9919516770251274,4.390445601889233e-12,0.008048316991957391,1
1.4317996864510726e-08,0.9974887109370191,2.4664397032298796e-11,0.002511274720604735,1
1.1654160248727913e-07,0.9915492810666483,1.4223737864544998e-10,0.008450602248469167,1
2.9985984533474654e-08,0.7931297207175971,2.2779510898543768e-11,0.20687024927500663,1
5.452568685333015e-09,0.01499875036435642,1.454652381694896e-14,0.9850012441838543,3
7.980449134494384e-07,0.972219642585742,1.7102797825623273e-09,0.02777955765933957,1
0.00028516096682736536,0.9911107704677448,6.308922251745219e-08,0.008604005476483042,1
0.027469466244154722,0.949922795355133,3.4132268288434183e-06,0.022604325172406847,1
0.09800524390919736,0.8105356608207683,0.0004581600365223402,0.09100093523495673,1
0.7427560953827574,0.00628532810048789,0.09395387322080927,0.15700470329774105,0
0.39196040018227274,4.534574563912466e-05,0.603659475805086,0.00433477826636277,2
0.05246398043947401,2.6810451323289707e-08,0.9471130013927607,0.00042299135758885946,2
5.513523708979232e-05,2.1111449527794463e-10,0.9999281236162393,1.6740935655934423e-05,2
5.111876993744628e-07,3.639797511242425e-13,0.9999914799153957,8.00889561320255e-06,2
9.33421451390345e-08,5.104461552481344e-14,0.9999973031153773,2.6035433996212768e-06,2
2.7194282348842504e-07,4.630697205776563e-14,0.9999964933110825,3.2347463082906606e-06,2
4.1076387190626695e-08,5.522944356973913e-15,0.9999936024164536,6.35650562834941e-06,2
7.2220101673802335e-09,2.2322786044783252e-14,0.9999983641732534,1.6286038392343368e-06,2
1.661004679009966e-08,5.324732066616336e-15,0.9999949619795677,5.021408937028195e-06,2
6.446636316587397e-09,6.039347575515255e-15,0.9999975982492936,2.3953040893423924e-06,2
5.69883952841928e-13,2.557315997751255e-16,0.9999972609404035,2.739060411898332e-06,2
2.378652656504564e-13,3.5392118731292447e-16,0.9999981192285711,1.8807701836623527e-06,2
2.4978505893025863e-15,1.0794762743214309e-16,0.999995445199061,4.554802543556284e-06,2
9.384610626371457e-16,2.429106480205031e-16,0.9999945373969283,5.462603647001642e-06,2
1.0613352411816122e-16,2.7584495973365845e-17,0.9999916448381354,8.355162734186732e-06,2
3.51443436704844e-11,2.175647171346005e-15,0.9999975375024711,2.4624620427333835e-06,2
1.4025946684770713e-10,7.520423209957065e-16,0.9999985656769522,1.4341841932444737e-06,2
3.3576085093675455e-11,8.364471960270372e-16,0.9999982768437188,1.7231244944417103e-06,2
1.0122965849290737e-11,8.026973623373045e-17,0.9999950896356091,4.9103540945669125e-06,2
9.007758967521065e-12,6.542188768532755e-16,0.9999985351179745,1.4648713552285957e-06,2
1.1750236437847105e-11,5.248470373432584e-16,0.999998362889049,1.6371006079856748e-06,2
2.0339110345003226e-13,2.9902455745458157e-16,0.9999962422186973,3.757779436714451e-06,2
5.602341064198691e-15,4.1770653104669315e-17,0.9999883776711256,1.1622327564250523e-05,2
1.3498986631163338e-15,6.363934805834156e-16,0.9999966963350745,3.3036643908527305e-06,2
4.424375043738021e-17,6.85950300736498e-17,0.9999935854308394,6.414569021088289e-06,2
5.654380783940929e-18,7.537800446707386e-16,0.9999927293984557,7.27060138407763e-06,2
2.1004901297205697e-20,4.3777842492698725e-16,0.9999453873967709,5.4612604645381376e-05,2
6.472062622171517e-21,2.0325094919171845e-15,0.9999562361672026,4.376383423503023e-05,2
1.3246863457868555e-20,4.473551668152695e-16,0.9999640770960943,3.5922905225298704e-05,2
2.7827845898254243e-16,5.110014548656455e-16,0.9999850133640175,1.4986636731633426e-05,2
3.5834782397871186e-17,1.6145570854931417e-15,0.9999935945148143,6.405485724079215e-06,2
1.8606002183398257e-17,3.541133949785863e-16,0.9999740498589903,2.595014018160892e-05,2
2.629224316417262e-17,1.5513013375941014e-16,0.9999856145348244,1.4385465459458147e-05,2
2.0088579306722477e-12,2.0396626225142634e-15,0.9999974728048174,2.5271913930955632e-06,2
1.4165778053448152e-12,6.883424424600747e-16,0.9999968582682653,3.1417292640264696e-06,2
9.024557229906251e-11,9.903117712341877e-16,0.9999916122421182,8.387668450096256e-06,2
5.5353882624609735e-11,4.906680042521263e-15,0.999997078230711,2.9217143849225794e-06,2
4.644671272843517e-11,8.78724747977049e-16,0.9999924436628046,7.55628975457952e-06,2
1.7784511999597738e-10,2.8014575395821013e-15,0.9999979729966606,2.026824964598081e-06,2
1.3101457755705468e-09,2.06999740329068e-15,0.9999978356268687,2.163063026788163e-06,2
5.892084229307309e-09,1.47110404907606e-14,0.9999983400607696,1.654047433371111e-06,2
5.471830050834199e-09,1.3509985121768997e-15,0.9999919140390782,8.080488526248027e-06,2
8.570294381274252e-09,1.840684220882696e-14,0.9999975835118768,2.4079160305654616e-06,2
7.896861031252331e-09,4.4598572410800174e-14,0.9999968515416636,3.1405625543510866e-06,2
1.636427340612138e-08,1.4855831076657464e-15,0.9999735336214997,2.6450014344178534e-05,2
1.029538601899426e-07,2.815700985954375e-13,0.9999979926817242,1.9043659297164947e-06,2
4.434164079958468e-06,1.1041072417245028e-13,0.99999215683585,3.408998238946464e-06,2
1.955417296413257e-09,4.562677792780083e-15,0.9999962930192438,3.705025448793598e-06,2
1.312862300262396e-09,5.907592816226169e-15,0.9999982702335227,1.7284529528012767e-06,2
1.7759101576831755e-09,2.458204660883459e-15,0.9999971872315195,2.8109931679979494e-06,2
2.387278714088942e-06,2.0369181828367658e-13,0.9999939771732371,3.6355467341128172e-06,2
6.656632913541825e-06,3.8251298267835955e-12,0.9999846457773014,8.697586190401453e-06,2
0.00041004043000134575,8.838587399453076e-10,0.9995743339381169,1.562474716642323e-05,2
0.03787863637842266,1.2971540669541393e-08,0.9619837129594302,0.00013763769056588792,2
0.20484007938554974,3.536018905399066e-07,0.7949251725901675,0.00023439442343827386,2
0.4883503737345122,1.6586405353621535e-06,0.5112019264801084,0.0004460411456265152,2
0.9888151345621309,2.2491070996215565e-05,0.009673626565462192,0.0014887478014629523,0
0.9995581784236687,8.615579886157906e-05,0.00022980845509299773,0.00012585732278214948,0
0.9995981221077909,0.00010362803040002406,1.2117599131303674e-05,0.0002861322624164713,0
0.9997321645353042,0.00011748364773621877,9.938425904325034e-06,0.00014041338949601648,0
0.9996395761858119,9.546135362907421e-05,6.886812058810805e-06,0.00025807564945554243,0
0.9996993718917874,0.00022060339448831603,1.1173255752516546e-05,6.885145616162904e-05,0
0.9995235332403699,0.00040070098065217793,1.226821059716982e-05,6.34975678337972e-05,0
0.9987685557834337,0.00104734346695719,1.5435420517805856e-05,0.00016866532917843722,0
0.9936427714972926,0.0058028789244462696,1.3187603751227238e-05,0.0005411619744311737,0
0.9735292666873522,0.018188412414093687,5.185806847922384e-05,0.008230462830995973,0
0.8085213629332901,0.025005142868302202,0.0001227890156125937,0.16635070518227923,0
1.1060531166779729e-06,2.451910746218709e-12,2.1597232588099663e-11,0.9999988939240871,3
0.09267256627920553,0.8246962870373553,1.8189537658839476e-05,0.08261295714723653,1
0.08708896440955372,0.9067362131314558,2.020959256930368e-06,0.006172801499665979,1
0.06080374963220923,0.9373522258728358,6.325771122096298e-07,0.0018433919187905905,1
0.03315343398028076,0.9639044089044766,2.5367670492900645e-07,0.0029419034398815826,1
0.013587636057872955,0.9851071418313423,2.3839378247043565e-07,0.0013049837159851251,1
0.004160525414844431,0.9930597579316656,3.6128909485845274e-08,0.0027796805255596965,1
0.0008351687905315758,0.9983020336147744,1.2694960757662757e-08,0.0008627849005980547,1
0.00018588155904868985,0.9978143201012443,6.440317148922737e-10,0.0019997976964721614,1
6.630100245977801e-05,0.9993524773165186,3.65484146973067e-10,0.0005812213151570533,1
4.9237628297879994e-05,0.9995787553779715,1.6847334559688802e-10,0.0003720068264061584,1
5.924716567944997e-05,0.9993679422644854,2.400649093683859e-10,0.0005728103290882295,1
0.0006650765846337661,0.9983580279094119,3.254553435336676e-09,0.000976892250013516,1
0.009936390741666828,0.9753653856509412,2.5271065359238557e-08,0.014698198336327233,1
0.23099042765435376,0.703796744827041,1.5151174235718903e-06,0.06521131240242901,1
0.5485875750737145,0.4453379668686449,2.0361371561411017e-05,0.006054096687146251,1
0.6056344700485614,0.3822137077803954,2.4202382195990157e-05,0.012127619787459236,1
0.588213932566443,0.2833456592829986,0.00013627045442852128,0.12830413769646812,1
3.681023982705838e-05,2.6922852666433655e-11,2.7618335865699865e-10,0.999963189457909,3
0.02062267173355041,0.003594675122498341,3.038782296041304e-06,0.9757796143624882,3
0.05086853399287264,0.034206592013100015,1.6431469301958852e-05,0.9149084425253678,3
0.05310893270443195,0.03304284266617862,3.4247229899708093e-06,0.9138447999061058,3
0.05721909245692231,0.4597129665657404,1.6913315195461204e-06,0.48306624964647593,3
0.035423461455468035,0.930794825382632,6.471635676103214e-07,0.033781065998586074,1
0.023701243346985538,0.9737631189780787,2.2087236885778487e-07,0.0025354168023440466,1
0.015966688044236444,0.9833622403636816,1.3590376386681417e-07,0.0006709356882297885,1
0.010250539267797051,0.9891413858496508,2.7193910044076037e-08,0.0006080476900261156,1
7.009591185958911e-06,0.9996779052768695,4.047126141048891e-11,0.0003150850925357334,1
1.387937363413063e-07,0.9998374859033734,2.538356546127268e-13,0.0001623753025654108,1
3.735479357754967e-07,0.9997615826856748,7.91293643666599e-13,0.00023804376616882336,1
7.503510126398906e-07,0.9992588997514907,7.394615591203028e-13,0.0007403498974297846,1
1.0729817313706858e-06,0.9995540878232272,3.051733849999961e-12,0.0004448391928705838,1
2.1335556043529532e-06,0.9995933044328732,4.3499888205237215e-11,0.0004045619684131924,1
1.941439089474818e-06,0.995405492687742,1.9479830789297163e-12,0.004592565870937001,1
1.8100455411244263e-08,0.9992321667163353,1.4504550834769215e-12,0.0007678151834851693,1
2.656681607767258e-08,0.9996033416685058,3.355082852088211e-13,0.00039663176582679623,1
8.798219659076614e-08,0.9994350494409456,3.821975400274262e-12,0.0005648625724713662,1
7.904178532397617e-07,0.9950329153100729,1.3241998953291327e-12,0.004966294272060083,1
2.1412015878315793e-07,0.9997319465005495,3.3624107720774982e-12,0.00026783937447489225,1
3.848083876328218e-07,0.9998112117139705,3.7568635393236983e-13,0.00018840347891802662,1
7.795169829690146e-07,0.9997696479728388,4.5409662368182047e-13,0.00022957250935278572,1
3.09886227875098e-06,0.9997676244006876,4.1957302775881525e-12,0.0002292767332436447,1
5.015109976743954e-05,0.9995390079952999,8.156249610565612e-11,0.00041084082474971545,1
0.000190214202965157,0.9990995739568882,4.03812324471445e-10,0.0007102114373579799,1
0.00029458683828773074,0.9992443037799936,1.637658962961835e-09,0.000461107744902615,1
0.0001740853399580139,0.9989541363170014,5.682383612858885e-10,0.0008717777766065254,1
0.00014259553939708556,0.9994028411531715,7.311224004423832e-10,0.0004545625759245883,1
9.46881395423717e-05,0.999329093676565,8.971058162595832e-10,0.0005762172858767251,1
1.9046823831745278e-07,0.9985334361384923,9.600423120598877e-13,0.0014663733922262651,1
2.9197679678137024e-08,0.999627246991351,2.1430780460381058e-13,0.0003727238124605819,1
4.6507613730983174e-08,0.9998177550527362,1.3837609687354608e-13,0.0001821984388396337,1
8.609174795107424e-08,0.9997170027971437,1.4558907563996833e-13,0.00028291111069449513,1
1.53812163626218e-07,0.9996387837380742,3.68540238690173e-13,0.0003610624494479182,1
2.932483316591881e-07,0.99959808995371,1.2413849860903229e-11,0.00040161678477211793,1
7.191007715537327e-06,0.9929671931224766,2.8312425044841116e-10,0.007025615588162182,1
9.623246845093034e-06,0.8792837651986419,2.989224692971058e-11,0.12070661152483393,1
6.0020628081169605e-05,0.9694315943556241,4.915473521836552e-09,0.03050838010017137,1
2.1535227104899193e-05,0.9975163010147703,3.649307328608498e-09,0.002462160107323628,1
2.39190884204217e-05,0.9975699949420099,1.3933926818314786e-09,0.0024060845751954856,1
4.343110560800872e-05,0.9945237542098154,2.003868621935923e-09,0.005432812679519602,1
9.483124840422511e-05,0.9890671478204117,5.358452285798649e-10,0.010838020395293028,1
8.1039935852123e-05,0.9988064138926208,3.709330277372191e-09,0.001112542461695895,1
0.0004002563244552787,0.998208330063363,2.0742585517407447e-09,0.0013914115391423477,1
0.0026521860764114496,0.9961922443031573,1.9766216369748975e-08,0.0011555498554061882,1
0.03471639777790638,0.9614479740135122,1.2786793537239496e-07,0.003835500339104782,1
0.3187339750786845,0.6776711209583771,1.086800203875302e-06,0.003593817162236794,0
0.4353687148835365,0.5619153005129416,3.5969173769476814e-06,0.002712387686269223,0
0.5273758062407635,0.47015406867316395,4.610606151439033e-06,0.002465514479198897,0
0.6352300732685996,0.3579290366339428,4.397576069112073e-06,0.006836492519658644,0
0.7356767899201102,0.26094287402273075,7.865666620512244e-06,0.0033724703917540444,0
0.8940143961331635,0.1017193210538664,7.803178268953032e-06,0.0042584796364914055,0
0.9518777329638162,0.04702851075983422,8.861893734521242e-06,0.001084894381698391,0
0.9799076189748769,0.01969195071707445,1.027498033709828e-05,0.0003901553284361204,0
0.9959080581514069,0.0038130446066826436,1.1588518073138126e-05,0.00026730872525954687,0
0.9994742916504787,0.0004090500197312741,1.3395754371934112e-05,0.00010326257426189135,0
0.999876357332223,5.5896624135738394e-05,1.5082347239431875e-05,5.266369532473908e-05,0
0.999906695246272,4.5446020841359486e-05,1.683374120590755e-05,3.102499158347353e-05,0
0.9999111067704065,4.035615411868551e-05,1.6804844510884516e-05,3.1732229663557635e-05,0
0.9998928128631098,2.4110956321471405e-05,1.6359268525764528e-05,6.671691277281727e-05,0
0.9998688317713761,7.941063893275901e-06,9.50579081117236e-05,2.8169255617201394e-05,0
0.9995733346730405,8.741847556122668e-06,0.00038882969365660713,2.909378394568141e-05,0
0.99677945808704,3.8985731531302405e-05,0.00280097783148934,0.0003805783497715108,0
0.9665721208918451,0.0004755960650181205,0.007686733838909742,0.025265549204784205,0
0.0051532029297160125,1.2175324131825985e-11,1.3007838046534506e-05,0.994833789220382,3
0.05040595645374743,0.0007108478605747317,0.0042622516077851945,0.9446209440767454,3
0.037238311067473155,1.9276777547746232e-06,0.0015480207343881378,0.9612117405221954,3
0.04129335335440211,2.2989809162394445e-07,0.0009839654262654176,0.9577224513197047,3
0.39802826562393656,2.042236998120657e-05,0.0025072043577275844,0.5994441076474432,3
0.8961981392302255,6.839348185194133e-05,0.0016260768039866814,0.10210739048360386,0
0.9969169624096813,9.29319088478987e-05,0.0008362692235789165,0.0021538364573966285,0
0.9997033109152712,9.153053545665284e-06,0.00015800309952416697,0.00012953293318995583,0
0.9998319534994501,1.688824253375741e-06,5.167578208186489e-05,0.00011468189356134911,0
0.9998841078343845,3.3822048608143335e-06,5.0691890806391054e-05,6.181806906696666e-05,0
0.9998147998143967,5.570105441126195e-06,4.646464504783973e-05,0.0001331654351600262,0
0.9967519475104117,1.4603282568149287e-07,4.429986909878434e-05,0.003203606587586308,0
0.9998646395522728,1.4040904605005584e-05,6.882675941125208e-05,5.249278312141378e-05,0
0.9999189962140734,1.8405172042675686e-05,2.654911696164277e-05,3.6049498444393514e-05,0
0.9994352528381645,1.2858101422512314e-05,8.166379473687824e-06,0.0005437226809761951,0
0.999446147341051,8.389593827255334e-06,1.0004483772247421e-05,0.0005354585818379478,0
0.9999176237240734,2.392473086800291e-05,1.831501071188501e-05,4.01365343795938e-05,0
0.9998911486894155,1.2420919701842263e-05,2.3042230526073017e-05,7.338816199517476e-05,0
0.9984559903656622,9.932665545770989e-07,9.226753916163234e-06,0.001533789613975392,0
0.9998843459452692,1.1813518140663664e-05,3.437820810421365e-05,6.946232803086937e-05,0
0.9999244145228691,1.0295552964692223e-05,4.1229571917164114e-05,2.406035341810587e-05,0
0.9998975327731144,5.041799132217315e-06,4.2704308303816026e-05,5.472111870062241e-05,0
0.9998462053305028,3.5552541735210046e-06,4.602126005451064e-05,0.00010421815673225747,0
0.9998669840823105,3.3763382883001196e-06,6.247230077630533e-05,6.716727749704569e-05,0
0.9998708261900409,6.8606964190599336e-06,4.738047203866725e-05,7.493264225742248e-05,0
0.9996777483195639,1.2880181085365302e-06,0.00011252582713222705,0.00020843783531891138,0
0.9998574777346484,4.4991031629964446e-06,9.997792245545253e-05,3.804523828015671e-05,0
0.9998246750409018,6.32540055356358e-06,0.00013127141628205903,3.772814279226382e-05,0
0.999758380316011,3.200190762229625e-06,0.00019377051795510324,4.46489757271249e-05,0
0.9998028985285281,4.010348613507904e-06,0.00014773660264237845,4.5354519352756344e-05,0
0.999840346894671,5.715509665592011e-06,0.00012183290228294353,3.210469317166032e-05,0
0.9998714921235625,5.016452822322692e-06,9.337679073045789e-05,3.0114632766984423e-05,0
0.9998920789907388,6.8627163709386246e-06,7.866660328943289e-05,2.2391691341163417e-05,0
0.9999182832973567,8.180439801210908e-06,4.513481957114334e-05,2.8401444358745036e-05,0
0.999893729226728,6.8880385893075535e-06,4.842957407254296e-05,5.09531596413704e-05,0
0.9999126515747251,6.465173932952651e-06,4.104595443007973e-05,3.9837295734533194e-05,0
0.9999267177195124,1.2763895235650344e-05,3.6842950788702595e-05,2.367543583639123e-05,0
0.9999322335431804,1.561862995140559e-05,2.1752468852815524e-05,3.0395356642122816e-05,0
0.9999259554517606,1.4455666966861385e-05,1.943731222472254e-05,4.015157078499536e-05,0
0.9999299383368249,1.286573871063077e-05,2.5151970244213975e-05,3.204395407867946e-05,0
0.9999258322680136,8.834601225462804e-06,3.302688542994311e-05,3.230624481117155e-05,0
0.9999302726582603,1.2044207561612729e-05,3.470951353177559e-05,2.2973621754707668e-05,0
0.9998198787709327,2.3196072048729247e-06,3.6450610594441e-05,0.00014135101038423764,0
0.99993126346231,1.2427107888725538e-05,2.564661829473689e-05,3.066281156181658e-05,0
0.999920038447493,1.204768315942579e-05,3.714891545760711e-05,3.0764955686478534e-05,0
0.9999337096814608,1.5995814532609752e-05,2.5589551408912252e-05,2.470495378888283e-05,0
0.9999194855736491,1.1435307521945175e-05,2.1805227655531595e-05,4.727389188897322e-05,0
0.9999070387849928,1.5009827084980688e-05,2.190167195181853e-05,5.6049716460733357e-05,0
0.9996672703531932,1.4530001863186669e-06,2.1620417063799664e-05,0.0003096562309289616,0
0.9999259549606698,1.539720277806378e-05,2.5582247041816315e-05,3.3065589831159625e-05,0
0.9998890223935719,4.100257468022336e-05,1.3528482449127486e-05,5.644654913070886e-05,0
0.9996619723885709,0.00014232674075435913,1.3960889264380859e-05,0.0001817399815104781,0
0.9995274566150766,0.00030926293609970343,8.877599379099494e-06,0.00015440284766035165,0
0.9994530037744201,0.00032503155269465484,8.601781535694321e-06,0.00021336289063691278,0
0.9998124684500682,8.970726992587581e-05,1.0540368392269083e-05,8.728391185630464e-05,0
0.9999007074297054,4.298036274602956e-05,1.6602534383000257e-05,3.970967331741412e-05,0
0.9998916246163132,4.671818227334604e-05,1.5101848480346434e-05,4.65553537822937e-05,0
0.9998768310913869,5.643163092145283e-05,1.2546947752553722e-05,5.419032963107644e-05,0
0.9998805064628202,5.586148300796981e-05,1.2787722223876884e-05,5.08443325277335e-05,0
0.999902992536393,3.5541254229691204e-05,1.556663846537022e-05,4.589957196996291e-05,0
0.9999256056496826,2.4748461660627947e-05,1.9661336688831566e-05,2.9984550944669928e-05,0
0.9999240316655276,2.451819174853308e-05,2.056159282615686e-05,3.088854935973508e-05,0
0.9998688582414758,5.981980338395838e-06,1.580462592672878e-05,0.00010935515368549212,0
0.9998512670268863,6.013429170736388e-06,1.2715008797251496e-05,0.00013000453694341358,0
0.9999248334845823,2.490926972273512e-05,1.916640897598809e-05,3.109083725838046e-05,0
0.9998895762218053,3.257776746305512e-05,1.522687801351547e-05,6.261913352495046e-05,0
0.9998140101194085,2.7946403602557757e-05,1.6300053439522067e-05,0.0001417434226051058,0
0.9998563837908822,5.9451774567216134e-06,1.5604836969421306e-05,0.00012206619423130378,0
0.9998881688223951,7.890967892618369e-06,3.9890636183444994e-05,6.404957226562872e-05,0
0.9998833915414287,5.348894557743283e-06,6.244112423723294e-05,4.8818441426220215e-05,0
0.999878524123294,1.4705243221026348e-05,4.378473538123896e-05,6.298589964582689e-05,0
0.9970850764975059,5.087574188959026e-05,2.9169287821422194e-05,0.002834878471775971,0
0.9656379417931693,0.001859330917626119,0.00012117534065115643,0.032381551949809934,0
0.4500724279647703,0.009990369302443004,3.5556782304825446e-06,0.5399336470556791,3
0.32546937207538307,0.5980858634894998,5.2344059685905775e-06,0.07643953002899923,1
0.1936970925003909,0.7825759121789752,1.1676803827610515e-06,0.023725827639860798,1
0.0717329083663131,0.9221371507549854,3.2075115713653464e-07,0.006129620128674469,1
0.020129692154161178,0.97844366576599,1.369326611600863e-07,0.001426505148992336,1
0.005943128606828679,0.993032451972427,2.3114592080023932e-08,0.001024396307405933,1
0.0006815883275214969,0.9988934773262499,3.1983705561422497e-09,0.00042493114677963107,1
0.0001433712944449728,0.9995577232555191,5.894538497981208e-10,0.0002989048594959226,1
2.7817641624808102e-05,0.9995975587933172,1.521685500033832e-10,0.00037462341415720856,1
2.181613791743114e-05,0.9991546634788847,5.766886990533549e-10,0.0008235198058411247,1
2.779393386763684e-05,0.9886116306101181,2.9354324938767413e-10,0.011360575161384685,1
3.451956783573868e-07,0.9890641798452046,1.3088449892929713e-11,0.01093547494687841,1
3.010590179789044e-07,0.9992914470111715,4.848414488801698e-11,0.0007082518803656941,1
2.2201670632619468e-07,0.9989350162748292,3.6634783619821226e-13,0.0010647617092548645,1
8.11480488540523e-08,0.9997788006140237,2.131025762204694e-12,0.00022111823752251838,1
2.5504748505959686e-06,0.999084058365914,7.0371064802334846e-12,0.0009133911522080938,1
1.5273161160358464e-06,0.9983757322619279,2.3661265631896953e-11,0.0016227403966479722,1
1.6200917949148755e-06,0.9972503171744551,2.5359456230142155e-10,0.0027480624787320006,1
9.876029623783178e-06,0.9760551335618463,3.1695333079455104e-09,0.02393498723965884,1
3.083827873045261e-08,0.03393667479121242,5.2901533935177686e-14,0.9660632943688259,3
1.0353586865253418e-06,0.9726837333002737,2.1577728903688737e-09,0.02731522918188191,1
3.229965874694838e-07,0.9934418786161894,7.959708309070403e-12,0.006557798378914028,1
8.693934792616832e-08,0.9997490637864366,2.155487320921614e-12,0.00025084927226537847,1
1.243719145755561e-07,0.9998260047990878,5.823687496920002e-13,0.00017387082759167587,1
2.3208242679396106e-09,0.9991979541762289,5.355594394675549e-14,0.000802043503147046,1
3.2857561387393062e-09,0.9989536163795,3.4305903769646893e-12,0.0010463803327323223,1
9.696105125155401e-09,0.9711219258934359,3.4552274879334355e-14,0.028878064408969818,1
8.02529010235535e-12,0.99853250171768,3.050130994004729e-14,0.0014674982737844153,1
1.943756633529739e-12,0.9997200755657429,3.0896977806323975e-15,0.0002799244336353378,1
7.98647501576903e-13,0.999372700725719,1.7247026811959125e-16,0.0006272992745928916,1
5.6306346069750475e-12,0.999809297703644,1.555326992783597e-15,0.00019070229059573368,1
2.2304355202920164e-11,0.9996557027946684,6.81369581020023e-16,0.0003442971834866508,1
2.2363064404045888e-11,0.9996884473813705,2.901874757918512e-14,0.00031155259468237424,1
6.373216916564173e-11,0.9932479241520468,1.801892180307209e-15,0.006752075782759308,1
2.138181264366733e-12,0.9992523269093401,9.634654928443535e-15,0.0007476730871380302,1
9.46127353166935e-13,0.9997316056224421,8.102121550111163e-15,0.0002683943771183242,1
1.9205123874518616e-12,0.9956126598987995,2.1500538083001653e-16,0.0043873400992917285,1
9.711686088814766e-13,0.9992906059142193,7.228499553906578e-15,0.0007093940847412866,1
1.5809817888674162e-14,0.9990495555156554,2.233604215662543e-16,0.0009504444828396675,1
3.58156843322405e-15,0.9984302258877402,1.7969460403172908e-16,0.0015697741139022582,1
5.186600052583195e-15,0.9991319046622592,1.322325607487678e-16,0.0008680953390989299,1
4.557341731782646e-16,0.9995698383604285,5.552415109730914e-17,0.0004301616380658149,1
5.886059922872275e-17,0.9983818040586183,3.3102977957307554e-18,0.001618195941503911,1
4.185797143096637e-17,0.9996369227930143,6.200004750455356e-17,0.00036307720791882127,1
6.933344943410865e-19,0.9977835351128009,8.844723104931391e-19,0.0022164648855799323,1
1.2812831629943673e-18,0.9988136473773239,9.026989195443456e-18,0.0011863526225007713,1
1.2213628424063107e-18,0.9985000676072174,7.85110707434825e-18,0.0014999323944588922,1
3.628759162033314e-18,0.9979192027624448,5.378883327778188e-17,0.002080797236041251,1
5.887755208887681e-18,0.9899035746574658,2.923174159982619e-18,0.010096425343883225,1
4.940726448967643e-18,0.9986175346534065,3.823125933382441e-17,0.0013824653471686767,1
9.800290413058864e-18,0.9994422630629054,6.315548501318867e-18,0.0005577369363190807,1
3.2273109382929444e-18,0.9993268454659906,1.5909512551650937e-18,0.0006731545324214908,1
7.721277345941641e-19,0.9991562012841484,2.199313869819201e-18,0.0008437987162645684,1
1.1650986235267282e-19,0.998147125902186,3.2406017380675477e-19,0.0018528740991388562,1
6.242324840374626e-20,0.999257520693409,6.428656924715305e-18,0.0007424793069203135,1
2.9810696929106965e-19,0.9956176269471303,3.904070340134714e-19,0.004382373054395115,1
6.130249605692771e-19,0.9992035844980602,3.3697547964899814e-18,0.0007964155012180209,1
5.743660029595196e-18,0.9995977007301339,3.699471208359706e-18,0.00040229927124496654,1
1.805403912450192e-18,0.9994271668007284,9.025511087547968e-19,0.0005728331996297723,1
1.388275460812823e-17,0.9993441384970383,1.300307125292239e-17,0.0006558615040970548,1
2.6530605690149017e-15,0.9981155286756987,1.736892399408917e-17,0.001884471324144432,1
3.6231708896677557e-14,0.9997380922081592,2.0298010566163217e-15,0.0002619077909662975,1
2.3146494854082824e-13,0.9972760990953632,3.5235456441213287e-15,0.002723900906073134,1
3.4939516909680007e-16,0.972698473670736,2.1635609372336652e-16,0.027301526329851958,1
3.8697352083570155e-15,0.9748838269486138,7.120222696496143e-15,0.025116173051828262,1
8.776277254885655e-15,0.9919859082457719,1.2030010286665423e-15,0.00801409175242321,1
6.63165277741568e-17,0.9993813052170903,1.5330882113762231e-16,0.0006186947845520725,1
1.18116358224862e-14,0.9987969798066486,6.575364633022535e-17,0.0012030201937767622,1
4.9669284421183295e-14,0.9993422128271857,6.651530182664222e-16,0.0006577871743785747,1
1.1506504211885836e-14,0.9992814863198968,2.026223537879795e-16,0.00071851368182532,1
4.5422659809588725e-15,0.9991277240238267,3.5125837800756555e-17,0.0008722759747621673,1
6.350437948093437e-16,0.9995681177599504,3.0740883940851284e-16,0.00043188223884014804,1
3.7285448374599274e-15,0.9934013400307626,1.2046585904091084e-16,0.006598659969640612,1
4.905539961457977e-14,0.9939018911661704,2.2079419056897113e-14,0.006098108832275186,1
1.0613399932057125e-13,0.9833335970358674,1.4106858083412327e-13,0.016666402962653367,1
2.9593847867270614e-15,0.8639981239987434,2.005509912221034e-15,0.13600187600029665,1
1.671527551609172e-15,0.9686808917583234,6.5616691080337896e-15,0.03131910824208986,1
5.654577151926846e-15,0.9910498006934788,2.481104460289076e-15,0.008950199306788503,1
1.3163377738163808e-14,0.997593631245817,2.57313322908521e-15,0.0024063687545401646,1
3.7134283344241627e-14,0.9992076953547132,3.2071370344000543e-15,0.0007923046440293938,1
2.9643400000040703e-12,0.9975797751044881,3.965459634305943e-14,0.002420224892478406,1
1.6510212066660977e-09,0.9703393620993555,7.494985905287111e-12,0.02966063624251818,1
1.2331173750588185e-11,0.10775653765757036,7.766234166713264e-15,0.8922434623317733,3
3.109046974753221e-10,0.5683420385427181,2.5906807534430213e-11,0.43165796111907584,1
1.2546973207507476e-10,0.8563511495728154,1.1860846200804136e-11,0.14364885028858487,1
5.027650515994514e-12,0.9654171809859926,8.946309887054882e-12,0.034582818999692524,1
1.0210610590777799e-11,0.9423204391581047,3.983278585882102e-14,0.05767956083279608,1
3.0428185288556464e-10,0.9939898189516331,2.4343181600647467e-11,0.006010180720686542,1
1.2732224032025344e-09,0.9742077606239046,2.614240979768166e-13,0.02579223810108237,1
1.4517786879716716e-10,0.9951166714344055,9.318463834893276e-13,0.004883328419069096,1
1.1253922538198254e-09,0.9982892093624702,2.1537086588086425e-12,0.0017107895110043021,1
5.1458050923054106e-09,0.997278180789378,1.2900921570221521e-11,0.0027218140526111714,1
2.8649582445425585e-07,0.9493855873838043,3.035655520965201e-12,0.05061412611818508,1
1.6497642195575314e-05,0.993984344398086,5.54688353981368e-09,0.005999152413971316,1
0.0001295523556846823,0.9967872696093497,3.190654402493385e-09,0.0030831748448877897,1
0.0003511504126168083,0.9978325535830327,1.36814963902688e-08,0.001816282323410248,1
0.004261057000530862,0.9584492828733417,7.66588413410772e-09,0.037289652459959306,1
0.00999971811166798,0.9740741139232763,5.915117303022137e-07,0.015925576454768664,1
0.02071658474660502,0.9424744956369573,4.608153702350283e-07,0.03680845880288245,1
0.030863893422759168,0.950977509485973,1.151957249502415e-06,0.018157445132633503,1
0.032479806164367055,0.953687528627421,1.6782923078599953e-06,0.01383098691560802,1
0.031382122888935896,0.9110379974078325,4.011443628099659e-06,0.057575868259824345,1
0.017131709486294413,0.14883096613929306,3.351682093852474e-08,0.8340372908565135,3
0.0161558291500666,0.9072988995119003,2.240609845702367e-06,0.07654303072675274,1
0.020187281548721844,0.9178797424841992,1.960789456027166e-06,0.061931015178354115,1
0.04345710349322818,0.6120997971923031,1.6246975097633002e-06,0.3444414746155361,1
0.042842834813439916,0.2510844335863763,1.6146581373978334e-06,0.7060711169436367,1
0.0984064557311465,0.4763360980170682,5.3624073371397195e-05,0.4252038221797143,1
0.08802161455154928,0.35355938945815646,7.261419765203287e-07,0.5584182698469972,1
0.11806719881011378,0.8315731191181196,9.170728962064255e-06,0.050350511341364965,1
0.11358163489222177,0.8599337033982413,1.5270305227675913e-06,0.026483134677565814,1
0.09441169447880873,0.8949264015777143,1.078873870838085e-06,0.010660825071177911,1
0.07004987115824397,0.9254772725152624,1.8654297921715035e-06,0.004470990897424023,1
0.045013325598983314,0.9435660000425868,9.914801081130166e-07,0.011419682876534729,1
0.00011655986145216642,0.9872155520325214,3.266297886617769e-09,0.012667884838236373,1
7.015518301643949e-07,0.9959795161622145,1.4878594518657016e-10,0.004019782138799185,1
4.5045781410974655e-07,0.9976476387472777,3.362290983713221e-11,0.0023519107619191437,1
5.716255934620671e-07,0.9988870570271827,1.6186041685216234e-11,0.0011123713293334065,1
8.720823087495905e-07,0.9991270470233603,1.6560794997297875e-12,0.000872080893179889,1
6.315938368420756e-08,0.9997832285559362,5.060251540017707e-13,0.00021670828568674588,1
3.335697580632429e-07,0.9996653087259145,1.189553299630252e-12,0.0003343577018754842,1
2.9477665380168506e-07,0.9988208317069951,1.6214248638928045e-12,0.001178873515070543,1
1.2973770054279065e-05,0.9987502530364402,9.547122902793148e-09,0.0012367636468888525,1
