regime_prob_0,regime_prob_1,regime_prob_2,regime_prob_3,regime_most_likely
0.9999999999054126,9.288119994159125e-11,1.7393512479034895e-78,3.432210247447955e-59,0
0.43483686203463706,0.5257010969361084,3.0884830724089695e-16,0.03946204102802827,1
0.19671448680075374,0.7980623027746774,7.117557553036669e-06,0.005216092868693669,1
0.06805585988614445,0.9261610588789634,1.4103043351775097e-05,0.005768978192645649,1
0.0011302036155343544,0.965566028512009,0.00102215197995285,0.03228161589381689,1
3.9507817970034875e-06,0.9032659347859033,0.04158391496695345,0.055146199465174156,1
9.914257050593365e-05,0.9972169989371941,0.0014727014230703904,0.0012111570683794699,1
7.90195717755842e-06,0.9986938921970498,5.309673810165681e-05,0.0012451091077062039,1
6.7024614782449425e-06,0.9997064305579348,1.452362124225414e-05,0.00027234335946943645,1
1.748755478755757e-06,0.9996676102019793,6.963608293124701e-06,0.00032367743381758377,1
1.2721706541772992e-06,0.9998198891591288,2.0107607353272143e-05,0.00015873106301751832,1
3.585389893148928e-06,0.9998068744527201,3.303863747938453e-05,0.00015650151817584208,1
4.021080409467497e-06,0.9998361300498837,0.00012578164257616716,3.40672285238459e-05,1
2.2464372112607402e-06,0.9997176953161678,0.00022141990826097537,5.863833956505918e-05,1
5.053531416628321e-07,0.9990414853449072,0.0002658549116617377,0.0006921543902667219,1
1.3656007360404732e-06,0.9988438272021597,0.0009918747664226964,0.00016293243071361825,1
5.084009756715505e-06,0.992473128924518,0.007466135462112404,5.565160425524624e-05,1
7.936104067979995e-07,0.9287267012705474,0.07074598448222806,0.0005265206373443711,1
3.5365243812888294e-07,0.299214038749501,0.7004376484189274,0.00034795917800469487,2
3.0446390008645366e-08,0.09503916222675304,0.9047473271274223,0.00021348020082816822,2
6.972780261738982e-08,0.01405935707901625,0.9858916879799011,4.888521469996436e-05,2
3.178649331228466e-08,0.014065486651200821,0.9858372534288062,9.722813193097007e-05,2
6.215497679577179e-08,0.06268765265462675,0.9371815638410912,0.00013072134802464552,2
9.498257641729412e-08,0.15664885679007384,0.8430917126370455,0.00025933559205410856,2
4.890917498365774e-07,0.19634470152476463,0.8035865709252369,6.823845877221762e-05,2
4.426297165882272e-07,0.2383950512435313,0.761445604131296,0.0001589019971160552,2
6.894230933543599e-07,0.35877388648220154,0.6410608384108216,0.0001645856852430447,2
8.212350395127684e-07,0.45671880720276953,0.5430242519994705,0.00025611956363241946,2
1.1173566754342746e-06,0.6393936486715717,0.3602156440514195,0.00038958992020341995,2
1.4360258224106502e-06,0.9768832710040578,0.02263018174419246,0.00048511122416885534,1
1.3659808381274347e-05,0.9991937817092738,0.0006936733624694205,9.888511998344055e-05,1
4.240337262230646e-06,0.9998363729979753,0.00012366466291028933,3.572200128043218e-05,1
8.699987182243854e-06,0.9999336717034806,3.228155145393664e-05,2.5346756319932383e-05,1
3.762294956169071e-06,0.999921394483885,2.3944909982386007e-05,5.089831240753891e-05,1
2.550107895266815e-06,0.9999073874456313,3.30455303088839e-05,5.7016916560620015e-05,1
6.033053288042869e-06,0.9999085189347797,4.8808843656611284e-05,3.663916960028964e-05,1
2.563184760121404e-06,0.9998441806649442,9.186975678366763e-05,6.13863925111276e-05,1
3.3433578898604043e-06,0.999666601297145,0.0002923417724837576,3.771357106272401e-05,1
3.2250065440809493e-06,0.9995557543741135,0.00039792049876912335,4.3100120175703214e-05,1
3.1827271666617107e-06,0.9994668324992083,0.0004894545125543134,4.053026000611272e-05,1
3.480828701273832e-06,0.9986730955012866,0.001246072355976095,7.735131435105911e-05,1
3.024533269420987e-06,0.9955371341094971,0.004391529823264412,6.831153325284008e-05,1
3.0886040363429545e-06,0.983491292693489,0.015811879283157942,0.0006937394184050073,1
1.3835365890053802e-06,0.9918925422621413,0.006779248818742713,0.0013268253811811687,1
3.0413114068341076e-07,0.991745934180959,0.0012000471286504827,0.0070537145576298164,1
4.220001470128998e-06,0.9993832028834904,0.000292557260077682,0.0003200198561618871,1
4.656637471392426e-06,0.9997122482173963,0.0001901982360811633,9.28969077606968e-05,1
0.0001336529573313827,0.9997536634451498,7.0927277668001565e-06,0.00010559086936336897,1
9.368304746313766e-05,0.9997739481299985,5.39770410478905e-06,0.00012697111737733382,1
3.92793902886894e-06,0.9998365600649907,1.0514512123942377e-05,0.0001489974845139731,1
6.130903632206401e-06,0.9999144321640977,5.312429056353066e-05,2.6312640513149045e-05,1
3.566471453070981e-06,0.9998373300013162,0.00013132061786822445,2.778290992813297e-05,1
4.013780094184002e-06,0.9999036354142243,4.836318126252894e-05,4.398762429561701e-05,1
4.396678092320328e-06,0.9998494701961037,9.59636395750274e-05,5.016948698886982e-05,1
3.9169353921467055e-06,0.9998925584829154,6.705942443872113e-05,3.6465155752434886e-05,1
3.140870313815757e-06,0.9998740162867762,3.8923598009052664e-05,8.39192441384337e-05,1
3.004101093004074e-06,0.9999088762207962,2.5221936167637502e-05,6.289774143953975e-05,1
4.648423037172366e-06,0.9999226838540309,2.9233014333574047e-05,4.3434710119962464e-05,1
3.71673055563752e-06,0.9999152075987068,2.3639057068983025e-05,5.743661451112629e-05,1
1.2423526822957276e-05,0.9999272100403283,2.124188493477302e-05,3.912454925942226e-05,1
4.665371807492302e-05,0.9997787543346217,4.604008756485322e-06,0.0001699879398788716,1
6.97303428312417e-05,0.9998436673098541,6.492501167786431e-06,8.01098451601849e-05,1
6.737284773350631e-05,0.9998640099508679,8.76439956462584e-06,5.985280292116536e-05,1
3.473750605067503e-05,0.9998379328583848,7.749185830665835e-05,4.9837776889213806e-05,1
1.5534545038668222e-06,0.9960297613735195,0.0037866786719225557,0.00018200649974898408,1
2.2203639180348462e-06,0.9800635956026921,0.019771040775504126,0.00016314325657974788,1
2.6282216176852395e-06,0.9749894818950391,0.024838548052558324,0.00016934183220183052,1
6.353811773960779e-07,0.9619525964997924,0.03776449624298258,0.00028227187733859176,1
1.4988594357237667e-06,0.855374269993273,0.14439732851061746,0.00022690263662346834,1
1.777319790441101e-06,0.7640890221060282,0.23573296199852967,0.00017623857530926437,1
7.71133926657611e-07,0.5778039464410286,0.4218556745322893,0.00033960789370462134,1
7.430185742642633e-08,0.36077555677156375,0.6388589713751132,0.0003653975502618614,1
2.2800737880651655e-11,1.610507675548094e-05,0.999783743549466,0.0002001513496757277,2
2.3095173135114566e-12,1.8571168246161447e-06,0.999994714671045,3.428210765766753e-06,2
5.833430534754585e-14,6.1988850572464616e-06,0.9999901442000936,3.656916017553515e-06,2
5.142137221002239e-15,2.1606999417886647e-07,0.9999975201275273,2.263802458914075e-06,2
1.978280701522177e-15,1.5322023441102276e-07,0.9999982177775985,1.6290005333042275e-06,2
2.215199317708026e-15,5.631560399564177e-08,0.99999866697997,1.2767050819887739e-06,2
7.170091022938609e-16,4.3644380360712136e-08,0.9999968156785821,3.1406754035412164e-06,2
2.0771323156511854e-14,3.408237794867022e-07,0.9999980555858915,1.6035901391276126e-06,2
7.905006622425183e-15,3.5376025232445616e-07,0.9999935094121247,6.136826200680271e-06,2
5.523695859537763e-16,5.86633551734103e-09,0.9999888874589388,1.1106675533024157e-05,2
5.350882436050866e-15,3.799268770898855e-08,0.9999981580493706,1.8039588852110965e-06,2
2.030344848510989e-15,1.0385975936306956e-07,0.9999979968581155,1.899282044388033e-06,2
4.0878179976981116e-16,7.887613855485398e-09,0.999998085057101,1.9070567466000838e-06,2
6.668084635026623e-16,1.4049862077537555e-09,0.9999986443917899,1.354201872475369e-06,2
4.674999905138592e-16,1.1342610101067672e-09,0.9999951539329329,4.844934129751055e-06,2
5.461692595984491e-15,1.3942976337564772e-11,0.9999932438414308,6.756144969707747e-06,2
8.406413282779197e-18,3.6545359200152565e-11,0.9998826649874519,0.00011733497489880249,2
8.79686298324356e-15,1.762093010089281e-11,0.9999980236408622,1.976343089957665e-06,2
8.191849751279564e-17,6.709049441394861e-12,0.9999962463841674,3.753608634170514e-06,2
1.9835405860727146e-16,4.529725080917572e-12,0.9999972084736183,2.791520712614989e-06,2
4.2553592532894245e-17,3.016368592303079e-12,0.9999959658934556,4.034101837651103e-06,2
1.4993546367041437e-16,4.1466709487975515e-12,0.9999978808795902,2.1191147122845135e-06,2
8.529616811844818e-17,4.070851568834413e-12,0.9999964885598989,3.511437564578066e-06,2
1.1312165106893024e-16,4.6505743714958653e-14,0.9999967999807537,3.2000176563455403e-06,2
2.0413637639861627e-17,4.568244196951528e-16,0.999989519438156,1.0480561715700629e-05,2
5.618507109453035e-17,2.7166461770135363e-14,0.99999241921941,7.580779218319882e-06,2
7.770090287939808e-17,3.175815548454044e-14,0.9999967201091877,3.2798914400880025e-06,2
3.0194667157540556e-17,6.93426511433888e-14,0.9999952235744262,4.776423921815427e-06,2
5.755222171799957e-17,4.1501124668578383e-13,0.999995060342748,4.939655845775961e-06,2
4.3957792634691074e-16,3.789212666628498e-13,0.9999968165662462,3.1834320811398524e-06,2
6.816884809885563e-17,4.159723480587532e-14,0.9999839453718793,1.6054627870102985e-05,2
1.258703642208676e-16,1.9764495175993477e-16,0.9999789738313214,2.1026170288454366e-05,2
2.087827505390606e-16,3.988769602751918e-17,0.9999885409162647,1.1459084042009654e-05,2
5.255573531053709e-16,9.767707347922077e-17,0.9999830152652031,1.698473632838239e-05,2
6.541478304095859e-17,1.8037187363007218e-16,0.9999288791049336,7.112089601466407e-05,2
4.723771869818071e-16,1.4537133975692398e-15,0.9999819495088775,1.8050490702878262e-05,2
1.72608521652986e-15,2.895810347288527e-15,0.999991438628327,8.56137202507796e-06,2
4.3206091124214845e-17,1.135612790998408e-17,0.9999396201058905,6.03798922953743e-05,2
2.0291875513900499e-16,6.1575229890191416e-15,0.9999852751054282,1.4724896187123569e-05,2
7.462999636551625e-16,5.446642947048623e-14,0.9999957588060069,4.241193804773745e-06,2
4.507435038988982e-17,2.1213552455127288e-12,0.9999857545877275,1.424541129361036e-05,2
8.287146289698213e-16,1.1985696996638353e-13,0.9999958785859583,4.121414337507097e-06,2
5.227543050081022e-16,1.671335154613318e-08,0.9999690461506856,3.093713418198051e-05,2
1.7443734977615046e-15,7.404689058020133e-11,0.9999983155190056,1.684406484720531e-06,2
7.38345016377622e-17,2.5244671966704326e-11,0.999998350840083,1.6491351138718589e-06,2
2.080376440800422e-16,4.367775187136695e-11,0.999997532329278,2.4676278239275745e-06,2
4.6786935023543506e-17,4.899058653974174e-11,0.9999919304716958,8.069479714313005e-06,2
6.215513473708442e-16,2.2643558257677476e-10,0.999998494030703,1.505743267274802e-06,2
2.2106295803552503e-16,3.414854446933403e-10,0.9999983188259228,1.6808337832181376e-06,2
2.1823266798408665e-16,7.083392455366492e-10,0.9999972194748356,2.779816677465099e-06,2
1.7338810878478225e-15,2.874591437287202e-08,0.9999982357855616,1.7354672606883546e-06,2
1.3877300872742023e-15,8.381706147707857e-08,0.9999980400299245,1.8761512425530124e-06,2
5.609106715875709e-15,1.6058816475664537e-07,0.9999983451648454,1.4942464120688092e-06,2
1.9430019626065833e-13,6.738890867626981e-06,0.9999906981243547,2.5629845905889624e-06,2
1.5527843372137416e-12,9.155420759665442e-05,0.9998980850200646,1.03607712020514e-05,2
4.40842321406803e-12,0.00017152074424644934,0.999815459279844,1.3019971984554956e-05,2
4.318036246848577e-12,2.7133673998036855e-05,0.9999697646004148,3.1017212359294996e-06,2
4.2520011459219464e-13,2.7046449105479386e-05,0.999969031919353,3.921630907420835e-06,2
6.407021584459245e-12,1.0302200682560295e-05,0.9999863076182645,3.3901757762485978e-06,2
1.983769179336767e-10,0.0016968392615382296,0.9982742342127473,2.8926326205812844e-05,2
1.3234224410971088e-08,0.043819347811022626,0.9559383203397561,0.00024231861357896747,2
1.9387519308873053e-07,0.33338040153121107,0.6661750025390026,0.0004444020547274998,2
9.346863352654267e-07,0.6782860207691032,0.32131511822033487,0.00039792632248511955,1
3.8876265357424147e-07,0.8973326944422774,0.10157027800197835,0.001096638793743078,1
3.407966340512367e-06,0.9326451215027837,0.06726461637073698,8.685416012721535e-05,1
1.1771020020420977e-06,0.9389578292583427,0.0604604050576502,0.0005805885821317929,1
3.317496938719697e-06,0.9628146760182131,0.036882994280793,0.00029901220294325284,1
0.00014652878663834235,0.9990246497686323,0.000645756226168719,0.00018306521952211053,1
0.0034217679613357563,0.9963040068224573,1.713387719762381e-05,0.0002570913399254605,1
0.015124428287167873,0.9835241622600542,6.019494853345923e-06,0.0013453899577062813,1
0.07535476811090955,0.920005785756392,3.650867562642259e-06,0.0046357952635661,1
0.3324946113703328,0.6605642688381125,4.243999952464372e-06,0.006936875791595431,1
0.903721102720138,0.06016070245877879,5.937099601749159e-08,0.0361181354487228,0
0.9955784101555754,0.0011845738173726283,1.08369316937214e-09,0.003237014943048904,0
0.9994835750107972,1.4196325545042991e-05,1.8942035524951125e-11,0.0005022286448630445,0
0.9996668810699488,1.3036653752180722e-06,8.724253625490246e-13,0.0003318152626765127,0
0.9995490995217068,3.2199894682806843e-06,6.870081565992245e-13,0.00044768048747038605,0
0.9997211232254816,3.7846443331190576e-06,1.5942376711806463e-12,0.00027509212750958346,0
0.9996452425736548,1.1277653536684153e-05,8.650906167613388e-12,0.0003434797624960248,0
0.99735463968644,0.001285481878288373,1.980329805976953e-09,0.0013598764554292751,0
0.9954249468480881,0.0015427266048553614,5.404818517927149e-09,0.003032321142448652,0
0.9933628596611477,0.0028199873177931507,2.4421873328943274e-08,0.0038171285994107146,0
0.9917848469992175,0.002935832036997193,1.0683855935415075e-08,0.0052793102802103685,0
0.9961024026655325,0.002623022439787787,1.2459597451593092e-08,0.0012745624368191552,0
0.9970851315356588,0.0021581466053277416,6.080713044232245e-09,0.0007567157790241541,0
0.9987901423171958,0.0006144547495608391,1.0054737179960967e-09,0.0005954019269564777,0
0.9993487174784867,0.000144117814030326,5.818003626826478e-10,0.0005071641263054254,0
0.9976587004707186,0.0003947171984645749,7.269914118762266e-10,0.0019465816043157938,0
0.9655127570486312,0.024106129970771748,5.157733960900367e-08,0.010381061402471446,0
0.6446237736709675,0.18289462571149606,4.1219791078783677e-07,0.17248118841808835,0
0.09046630524589822,0.9031153025321095,2.931737292011463e-05,0.006389074848090487,1
0.0062209497914425035,0.9914831326493113,1.1139791632745878e-05,0.0022847777669717795,1
0.0006067674968893876,0.9989432983132068,7.723500867516152e-06,0.0004422106906663909,1
0.0006334862851010048,0.999271156345869,9.950238650304252e-06,8.540712878623523e-05,1
0.0018437221098097022,0.9971936553791816,3.966758388187263e-06,0.000958655753075667,1
0.002431276846800442,0.9962242970880602,4.294364213648303e-06,0.0013401317006482458,1
0.0031677067944949756,0.9964322006752214,5.381511186841238e-06,0.0003947110208243748,1
0.003875231205355983,0.9951828059012218,3.6679685390570305e-06,0.0009382949235769454,1
0.0042723658749136625,0.9953962308916493,4.54721844255042e-06,0.0003268560140392722,1
0.004440198207143899,0.9948168680855182,4.392312355814175e-06,0.0007385413941178007,1
0.004785503504653057,0.9949099058568386,4.167295711677971e-06,0.0003004233422056733,1
0.0037879578728809375,0.9959119995257911,3.909242253899185e-06,0.000296133360498253,1
0.0023086795369832123,0.9973054354603966,4.060681642961378e-06,0.00038182431996024754,1
0.001620567693513338,0.998168678190185,4.419080705062934e-06,0.00020633503535393002,1
0.0007681021460694972,0.9989228537790802,4.079448068353547e-06,0.0003049646252052525,1
0.0006129709927493827,0.9991325468335074,5.050546097899501e-06,0.00024943162607952226,1
0.0002509980712537133,0.9996464158790597,6.2024658711112e-06,9.638358509161175e-05,1
8.917672353221209e-06,0.9999023177097279,4.7786669177177056e-05,4.097794692947479e-05,1
3.792498991458287e-06,0.9998130450781345,7.568279769961514e-05,0.00010747962593797527,1
1.1171655898625568e-06,0.9995894679371558,4.113552920092204e-05,0.0003682793662898346,1
6.013421125553215e-06,0.999893074842294,6.076544973975803e-05,4.0146288621422e-05,1
0.00012307222230266166,0.9997134234381,6.988562457475522e-06,0.00015651577576265233,1
0.00014464545111367544,0.9989363196472293,5.1081088249108375e-06,0.0009139267925267235,1
0.0003530168447844036,0.9995017248126902,7.31598903790368e-06,0.0001379423518099331,1
0.0007881959830604453,0.9986582504381007,4.843957606949533e-06,0.0005487096207354278,1
0.0011127017169951516,0.9983195657681665,4.599231436640834e-06,0.0005631332835973361,1
0.002685812974010223,0.9967566037060737,4.0367002837854165e-06,0.000553546620545417,1
0.0031653661337563443,0.9961084697541062,4.582511094176059e-06,0.0007215816011050012,1
0.0017508871140214958,0.9980303338498254,4.891262264666448e-06,0.00021388777447807312,1
0.0006836814419418463,0.9987455708031407,6.39577278487601e-06,0.000564351983070866,1
6.947110653130267e-05,0.9997325689302713,7.85190916625409e-06,0.00019010805468450684,1
2.5373116229166705e-05,0.9999162465251693,1.015004596641406e-05,4.82303129866882e-05,1
1.3009369648468388e-05,0.9999153321598221,9.296164475096663e-06,6.23623072798851e-05,1
2.0046202361130288e-05,0.9999208412018699,1.2907399590131673e-05,4.62051949289713e-05,1
6.653752544143018e-06,0.9997536556654301,0.0001794633473628283,6.022723583315914e-05,1
3.052278283628721e-06,0.9926735491989627,0.007238145442022227,8.525308034221967e-05,1
2.7892061522740213e-06,0.9670902052178283,0.03282449597620722,8.250960007277976e-05,1
1.2045219999010666e-06,0.9221697410693444,0.07745104195052813,0.00037801245844328935,1
5.874822386998901e-07,0.8689586211117943,0.13070553377865896,0.00033525762573865235,1
2.7161620336262887e-06,0.7840089838572953,0.2158345793965184,0.0001537205854468651,1
1.737336240138096e-06,0.7668721690622213,0.23281732356813623,0.0003087700333283094,1
1.3038735886280568e-06,0.785894585477782,0.21395418330587854,0.00014992734455802675,1
1.5239344989813035e-06,0.8044181306597459,0.19545578560985064,0.00012455979678436185,1
2.5020075057106064e-06,0.8176068841003492,0.18230373834833186,8.68755425600523e-05,1
1.850200331572056e-06,0.8276988510269788,0.17152450386094276,0.0007747949110061948,1
8.071592585234047e-07,0.9415796092053771,0.0579461598308409,0.0004734238063010363,1
1.7441023706758265e-06,0.992297950950426,0.0075813157517634,0.00011898919470853755,1
6.365505052100335e-07,0.9982675267168726,0.0015119689816783378,0.00021986775226929788,1
3.156669326555413e-06,0.9995378384777135,0.00041456536446865565,4.443948901422382e-05,1
2.4336652161038294e-06,0.9992178891331154,0.00025872188655844797,0.000520955316064758,1
3.2659016295137905e-06,0.9997472832223999,8.413553075565546e-05,0.0001653153446956873,1
2.6765181949949044e-06,0.9998651470872371,7.615004953280315e-05,5.6026343861242765e-05,1
3.0149545303740006e-06,0.9997508645684929,0.00015184994751083538,9.42705312688948e-05,1
2.267076044951502e-06,0.9998918246398318,4.521146093523037e-05,6.0696822572040216e-05,1
6.843212808242242e-06,0.9999109587578562,3.311397000493563e-05,4.9084057595657945e-05,1
9.872774207161621e-05,0.9998151611479832,1.2999684773912818e-05,7.311142627277958e-05,1
0.0014066447889084376,0.9984531867493569,1.1502436987155721e-05,0.0001286660255603004,1
0.012742393105119635,0.9853984198953162,5.5630982950390215e-06,0.0018536239022941723,1
0.09203454180653965,0.900643955095432,1.0589487440580185e-05,0.007310913609351886,1
0.5454217582330714,0.391143956575335,6.462530801530368e-07,0.0634336389400714,0
0.8110570700024832,0.1798898266840507,4.2841672786744094e-07,0.009052674895415863,0
0.944476609018133,0.05166264000619956,2.48461150245933e-07,0.003860502515529147,0
0.9885442576578981,0.005579388800201297,4.5697978252144575e-09,0.005876348972140661,0
0.9988371158537014,0.00044731648199839585,5.821666713245479e-10,0.0007155670805316112,0
0.9995545605278773,3.093820773195162e-05,3.3995810684995474e-11,0.00041450123165726375,0
0.9995935165353514,1.3590425096421172e-05,6.46258744081662e-12,0.0003928930325048638,0
0.9996074986230101,4.882126401855093e-06,1.264459959361782e-12,0.00038761924992954013,0
0.9997246963346708,2.773770278086142e-06,1.723168995803476e-12,0.0002725298950399045,0
0.9993326470795996,3.864054131434783e-06,7.387339426906073e-12,0.0006634888583012714,0
0.9960358105287369,9.88567962104468e-06,4.516877873059909e-12,0.003954303787530334,0
0.9992453205324188,1.4766859749264534e-06,2.6371012730086508e-12,0.0007532027773623882,0
0.9997568328694536,4.106695338798398e-08,4.6747502611783825e-14,0.00024312606227489846,0
0.9996832668903844,1.4029773996179214e-05,5.299985430648496e-12,0.0003027033312222189,0
0.9993314303414056,7.966566979816881e-05,1.2919309883211458e-10,0.0005889038599382434,0
0.9892071626144385,0.0010756942182045103,9.232228938061079e-10,0.009717142242822063,0
0.9945897814180237,0.0014881079257613213,1.0592906895046399e-08,0.003922100063937682,0
0.9979034808305308,0.0012623680579650677,5.712690358726216e-09,0.0008341453978950907,0
0.998889086077635,0.00034699066276711634,1.3278773490927518e-09,0.0007639219333783466,0
0.9979748754924138,0.00014928354315693455,2.529832516221165e-10,0.0018758407105978793,0
0.9989415443723894,7.605205932091311e-05,8.387309699288581e-11,0.0009824034849173755,0
0.999646738813767,2.5394845698887596e-05,6.760313338595941e-11,0.0003278662711342997,0
0.9986887340450294,5.8839657623614076e-05,1.7764543341483616e-11,0.0012524262812283603,0
0.9994622695968198,3.327258526934588e-07,4.0643612523480743e-13,0.0005373976783191085,0
0.9997509156148062,8.071176287188465e-08,1.4403002394620316e-13,0.0002490036720021118,0
0.9990139751361955,2.0004515361810148e-11,3.2769964365595004e-17,0.0009860248429478021,0
0.9997827525606056,7.244760553553864e-12,5.276751703922871e-17,0.0002172474317597014,0
0.9998353002650359,1.5770189213967698e-11,3.4334119029151046e-17,0.0001646997199546096,0
0.9997098739291902,1.1203871475321515e-12,3.817999453651289e-18,0.000290126069794823,0
0.9997019221479931,3.497307606871398e-13,1.4608062984383583e-17,0.00029807785023539457,0
0.9986462102219459,7.892855707475061e-17,2.503516484034117e-20,0.0013537897793615293,0
0.9996670988395762,1.6187434854803138e-16,5.388724964210076e-19,0.00033290116113087424,0
0.9989946272905978,3.5420530831847065e-18,4.084895537954142e-21,0.0010053727101792312,0
0.9997374293094736,1.9135910410387546e-16,1.3659842820031348e-19,0.0002625706889028365,0
0.9996739194315905,1.2580470027766738e-15,5.212236715781758e-19,0.0003260805675218165,0
0.9984005647883211,1.6653268615679332e-15,4.494473472591468e-19,0.001599435212813607,0
0.9994513822919654,5.637857323040696e-16,1.6233136277892141e-18,0.0005486177097780334,0
0.9984553274671308,1.0982666727952858e-17,1.3675848952718295e-20,0.0015446725320061578,0
0.9996392844814735,6.038282028140091e-17,1.3943977739519217e-19,0.0003607155180258148,0
0.9995095381351162,2.7174397658770506e-17,1.5398954330390326e-20,0.0004904618666264108,0
0.9996629033531254,8.240140246451565e-16,5.07199021975075e-19,0.0003370966466581241,0
0.998977160400948,9.44095682842997e-19,1.0612609891053184e-20,0.001022839598471222,0
0.9987586458423983,1.3791539031033995e-19,2.1797018169518525e-21,0.0012413541576414059,0
0.9995340655789374,1.5389921721680682e-18,2.9101730808501984e-20,0.0004659344204711931,0
0.9990425792693712,3.2368556083703672e-18,1.2719876849570424e-20,0.0009574207322167156,0
0.9993356201503696,2.9659888246674565e-18,1.5358855039053395e-20,0.0006643798503222165,0
0.9995927606854697,7.221458762534553e-17,4.209928746282007e-20,0.00040723931576558484,0
0.9996940221862792,6.246531725841511e-17,7.383987634643885e-20,0.0003059778133738391,0
0.999133658962755,8.42625946162224e-16,4.0534531590496884e-19,0.0008663410388831553,0
0.9985644037091993,1.0207601803752665e-17,2.5385868946452143e-20,0.0014355962917421443,0
0.9996360006279026,6.552637355206868e-18,3.085578317559989e-20,0.00036399937055999604,0
0.9996236954791657,1.2338478022253813e-17,8.25903874894846e-21,0.00037630452154578805,0
0.9996934018353844,1.1197346854766215e-16,3.474411478018838e-20,0.00030659816566589945,0
0.9996804648867572,6.801154491584077e-17,3.2858528461509025e-20,0.00031953511232088184,0
0.99952618007056,3.510802461070651e-17,2.1813002987966157e-20,0.0004738199286720849,0
0.999622820162112,5.556246429613729e-17,5.281706074984461e-20,0.00037717983810356935,0
0.9994139350997779,2.8850487042214413e-19,3.547557846158341e-21,0.0005860649018020132,0
0.9992116920894231,1.7398136718693143e-18,6.2652609023600464e-21,0.0007883079098360955,0
0.9995730013400511,7.598909398299114e-14,7.497701291146575e-18,0.00042699865938896687,0
0.9995770856832158,5.047977855099016e-14,2.3048749660445776e-18,0.00042291431690017845,0
0.9994559254993441,5.818302851418206e-14,1.1815806418396386e-18,0.0005440745006314093,0
0.9997583280508883,6.591737673530834e-16,1.4426902985995402e-19,0.00024167195010688956,0
0.9996970880941952,2.0770640162396303e-17,9.864697514937472e-21,0.00030291190486520317,0
0.9996869216349746,3.617148625603288e-17,4.6181189083366656e-20,0.0003130783646285683,0
0.9991203487290289,2.6750562604341788e-17,2.6829191732315025e-19,0.0008796512713246664,0
0.9919305043020963,6.959432064166441e-17,3.938972218985057e-18,0.008069495698438369,0
0.8776413368608122,1.9027926000407585e-21,3.796983185464869e-20,0.12235866314012149,0
0.20474115039728075,6.601135134514511e-23,4.073180331246647e-20,0.7952588496010246,3
0.023583937805550216,1.3318647448536646e-22,2.8484094626602803e-20,0.9764160621950744,3
0.8429310576231496,8.847734566278731e-22,1.7356572811916665e-19,0.15706894237773217,0
0.958012015738178,5.8066999763924194e-21,2.525765438833938e-20,0.04198798426134088,0
0.9968427487886728,5.936262321213665e-19,3.0080901235378466e-19,0.003157251210604942,0
0.9988649045815106,6.86953053463876e-20,6.0124516243603674e-21,0.0011350954169489463,0
0.9994534097072053,1.7190295856261436e-18,1.4249937840263078e-20,0.0005465902929769092,0
0.9994829547904934,6.607655975349421e-17,7.844439917298706e-20,0.0005170452083032207,0
0.9994100853636149,9.483938410747685e-16,1.6083385441378876e-18,0.0005899146378975025,0
0.9966257686918512,7.538884382477201e-17,1.139007571169451e-19,0.0033742313078512355,0
0.9995813996015978,8.618670097290504e-17,1.1511223638265403e-18,0.00041860039825150755,0
0.9985034239288614,1.3851551870820321e-14,3.3701509935777275e-19,0.0014965760717179635,0
0.9997858533958827,7.086794987124747e-13,3.2354676432364064e-17,0.00021414660217371426,0
0.9996454825769219,7.012334465737788e-16,5.0975209607996754e-20,0.0003545174219949048,0
0.9997483974870958,3.6043613484379494e-16,4.467997996213699e-20,0.0002516025122546343,0
0.9997929934808983,1.344820595498613e-14,4.777027465259656e-19,0.00020700651882478983,0
0.9996384097144521,1.1343699547895767e-13,1.2854221726644601e-18,0.00036159028656747663,0
0.9997711646253278,4.56250064861731e-13,1.4546811532200153e-17,0.0002288353730718123,0
0.9991341487231101,4.264322212962719e-13,2.4385264462085794e-18,0.0008658512752897299,0
0.9997750435257279,8.823496152108071e-13,4.2707121659278124e-17,0.00022495647477017815,0
0.9992997614843817,5.492739950457788e-11,5.516795438589982e-17,0.0007002384592678787,0
0.9998343997666405,7.655725308653715e-12,4.799712957142358e-17,0.00016560022688167633,0
0.9997830480203799,6.480324689913111e-11,2.656913018810467e-16,0.0002169519161453195,0
0.9988007088197154,6.693733495144126e-10,7.709246158316195e-16,0.0011992905107877047,0
0.9994447523826574,4.849801728762047e-10,1.1634814705087783e-15,0.0005552471329927948,0
0.9998301491885881,2.4242893962751035e-09,3.693773713613935e-15,0.00016984838698180454,0
0.9996071291495074,5.86957123954974e-10,4.3777876542315807e-16,0.00039287026270323246,0
0.9997014843351035,4.297966877333598e-10,4.683502721052667e-16,0.00029851523411093047,0
0.9998416531324296,4.343936813909101e-09,3.079004187555101e-15,0.0001583425254287483,0
0.9996325476630675,2.6545529865748643e-08,4.811280685902659e-15,0.00036742578961288376,0
0.9996858692941013,2.1613823042092694e-08,2.047842009195606e-14,0.0003141090917594104,0
0.9994083362751035,4.185874404639109e-08,2.3619532421742708e-14,0.0005916218669544495,0
0.9995750543406626,6.6717404654926e-08,5.165113432083312e-14,0.0004248789424352583,0
0.999717816408485,5.500348584137187e-06,1.3093372034086832e-12,0.00027668324041578483,0
0.9997316600901914,1.1243933318460157e-06,2.420802188369788e-13,0.00026721551697158523,0
0.9997472836806695,1.4292129014630792e-06,2.9908115715923097e-13,0.00025128710667828783,0
0.9997160943458202,1.2830672541113442e-06,2.0032623497250795e-13,0.00028262258640991705,0
0.9997529284601231,2.1325559991727616e-06,3.3046934640705834e-13,0.00024493898220896926,0
0.999745811330992,1.1526880403606866e-06,1.882045242607811e-13,0.0002530359802260995,0
0.9997146010096487,8.49502589422255e-07,1.6886100411485842e-13,0.00028454948615192556,0
0.999738957933468,3.409808889628882e-06,1.4914456730855185e-12,0.00025763225673210567,0
0.9994155918328805,5.957164453953323e-05,5.1379863951335666e-11,0.0005248364719968394,0
0.9890869350207734,0.003483892034514567,2.4092477351761718e-09,0.007429170536068352,0
0.8653543369313264,0.12752812671866418,5.329617185079196e-07,0.007117003387697461,0
0.6880539298248366,0.2948013734461129,9.673892890960286e-07,0.017143729339474535,0
0.19660111198164976,0.7993027988992631,4.347863276073303e-06,0.004091741255597862,1
0.0754182882812006,0.9221889733051967,5.7770878786480035e-06,0.00238696132615065,1
0.03370395821243867,0.9641452756898858,7.649926710048554e-06,0.0021431161696964427,1
0.013479641473104322,0.9852728465302482,5.248804042625156e-06,0.0012422631942058625,1
0.00454201805573212,0.9952372893486316,7.996402760404507e-06,0.00021269619452567233,1
0.00221883092239216,0.9975091742313306,8.554696075729093e-06,0.00026344015081310293,1
0.0020648414457897567,0.9976693846454782,5.21705481500235e-06,0.00026055685406802654,1
0.0014802563093549426,0.9965622553023241,3.203127585384458e-06,0.001954285261341723,1
0.0009239485773732537,0.9986586528582321,5.235361202902424e-06,0.0004121632037690847,1
6.685974592565302e-05,0.9997456109402438,0.00010725854548123497,8.027076816494177e-05,1
5.1992107656867964e-06,0.996082213560127,0.003860200862671847,5.238636639540414e-05,1
2.696051900393521e-06,0.9608617214518576,0.03897761655896096,0.0001579659367388061,1
8.783529236639169e-07,0.731406783654783,0.2681628029629173,0.0004295350294733247,1
1.4350105728326992e-07,0.3483224505059195,0.6512661117031684,0.0004112942914143542,2
1.4540030507471442e-08,0.033693722899065796,0.9661293354415769,0.00017692711912040105,2
4.435254138654791e-09,0.004074974707033323,0.9959083758568078,1.6645001959138615e-05,2
1.4163998221241043e-09,0.0013484254294492937,0.998643732231683,7.840921800337658e-06,2
4.2419928407125837e-10,0.0005812604605487373,0.9994048242584502,1.391485528256954e-05,2
1.2459999673857025e-10,0.0004937571195256518,0.9994987260601037,7.516693980114078e-06,2
1.1403723055017687e-11,9.866070142610822e-05,0.9998940600221419,7.27926344934529e-06,2
1.4768301406611117e-12,2.3935277101382276e-05,0.9999727650318029,3.2996885938129585e-06,2
2.8494421935989697e-13,1.045827505882297e-05,0.9999861871373393,3.3545857970782863e-06,2
1.433881656546981e-14,1.9623894197853316e-06,0.9999933262119939,4.711399108456251e-06,2
1.692267540510833e-14,1.0919169789420913e-06,0.9999968220050072,2.0860793055327905e-06,2
4.407462382713728e-15,4.6921406158533907e-07,0.9999974315284151,2.0992558447307437e-06,2
1.8684937284931106e-15,4.85185091940409e-08,0.9999980427111096,1.908770996503757e-06,2
8.61644934445996e-15,9.60164551558716e-07,0.999996881413014,2.158420766422886e-06,2
2.5898398577935946e-15,2.978957811608002e-07,0.9999974655652579,2.236539013685526e-06,2
3.186680778903356e-15,2.3749275628835075e-07,0.9999984157087782,1.3467966942808495e-06,2
1.0627677155031557e-15,1.3376222151714367e-07,0.9999984166619271,1.449574086684835e-06,2
1.496499509593896e-15,9.789030667959943e-08,0.9999986303019172,1.2718067585633102e-06,2
1.4407926655985096e-15,1.3665457619727077e-07,0.9999982265378359,1.6368074233713207e-06,2
1.7545597314793237e-15,1.1867745384108074e-07,0.9999982875975657,1.5937262048427043e-06,2
1.2051546057597496e-15,1.4777924800132059e-08,0.9999982585920107,1.7266313819923437e-06,2
1.9925895496382753e-15,1.350981851530444e-07,0.9999966051930967,3.259708803146853e-06,2
1.651436831254801e-15,4.265756977510522e-08,0.9999976621647917,2.2951787997600024e-06,2
3.3206799064206503e-15,1.5893544938435798e-07,0.9999983112443878,1.5298211862260563e-06,2
3.1152706417099153e-15,1.7680827345001216e-07,0.99999799245617,1.830734883047916e-06,2
1.6819086035026722e-15,1.8170218726001226e-07,0.999997423550348,2.394747814828891e-06,2
2.5064966622271712e-14,5.381967970941179e-07,0.9999979325897127,1.5292149145713165e-06,2
9.495898291289265e-16,3.791890802199532e-07,0.9999932452893366,6.375520497211938e-06,2
2.6112334645129273e-14,4.6513427546389303e-07,0.9999980623743467,1.4724909178256035e-06,2
2.689876556305128e-14,1.740343360844743e-06,0.9999954805236749,2.7791339184204847e-06,2
1.7778071155638225e-14,2.2110592974874682e-06,0.9999914306284801,6.358312990033417e-06,2
5.131867448509869e-14,1.908136520928939e-06,0.9999962709367946,1.8209264818656751e-06,2
2.1406478735995285e-14,1.7605063849439236e-06,0.9999958747188027,2.364775748355885e-06,2
3.0343454529650946e-14,2.026070470886159e-06,0.9999946160459656,3.357885044600384e-06,2
1.155723807852866e-13,7.5794844999096005e-06,0.9999886447539093,3.775760364450958e-06,2
2.9006446815699923e-13,1.240761578774458e-05,0.9999829317713731,4.660613057164572e-06,2
1.5697414321504927e-12,3.438216497762385e-05,0.9999601428365729,5.47499704936754e-06,2
9.010891434502476e-12,7.942479019473441e-05,0.9999153242915402,5.250910092234118e-06,2
7.999461871614025e-12,0.00014656831866123496,0.9998460249763577,7.4066980089493614e-06,2
1.7599969118222076e-11,8.21835503102177e-05,0.9999135897315838,4.226702206605241e-06,2
3.5364916219293066e-11,0.00012033237135477192,0.9998743183901728,5.3492042905736925e-06,2
4.446919974122356e-10,0.0001929385911242184,0.9997688289872709,3.82319764925712e-05,2
9.613746286160985e-12,9.307116576085393e-05,0.9994499662557736,0.00045696256716623053,2
1.1466223801710757e-08,0.0008328605847316344,0.9991543617528613,1.2766195819421065e-05,2
3.2556806967869318e-09,0.0027976380948699646,0.9971772663002065,2.509234981381337e-05,2
8.749358449721103e-09,0.021337224288668067,0.9784185917646113,0.0002441751981260045,2
1.1920638397051757e-07,0.1386100978651238,0.8610289528161937,0.00036083011369554655,2
9.193841103507998e-08,0.3591733482563803,0.6366487349305372,0.004177824874211242,2
4.347853484950044e-06,0.9393717118831126,0.059506527498208076,0.0011174127656720214,1
5.141573311250207e-06,0.9940973485798268,0.005831839661619458,6.56701864680398e-05,1
1.3382236106889197e-06,0.9987820312461752,0.001010353418961491,0.00020627711188699895,1
9.326992831016503e-06,0.9998686693314794,5.658088007579432e-05,6.542279480192592e-05,1
5.977688097281309e-06,0.9991849018225688,3.9765444536583647e-05,0.0007693550457061671,1
2.1583196873989235e-05,0.9999074863713073,1.1886812967523688e-05,5.904361712101064e-05,1
2.6133468627290905e-05,0.9999155683792779,9.371859587348472e-06,4.892629292428107e-05,1
1.3703463034741928e-05,0.999926207344982,1.1300403258683485e-05,4.878878944235162e-05,1
2.6142803706151464e-05,0.9999153561066092,9.260352363909107e-06,4.9240738418528224e-05,1
2.0571630188355005e-05,0.9999202820962211,1.0396767861825307e-05,4.874950492185409e-05,1
2.0174073461766953e-05,0.9998977027839221,1.1729588846307591e-05,7.039355366755365e-05,1
1.9878789336480423e-05,0.9999193392877591,1.127329670518045e-05,4.950862589081736e-05,1
1.6320054585467127e-05,0.9998688121215925,1.3160871522139087e-05,0.00010170695285537825,1
2.6584366412181414e-05,0.9999169111502768,1.0652344336867504e-05,4.585213844992331e-05,1
1.540884577804392e-05,0.9999305768376073,1.874014474541932e-05,3.527417125167302e-05,1
1.2893802719240652e-05,0.9999208922132097,1.7920266743766467e-05,4.8293717197921575e-05,1
5.9167014503414e-06,0.999907744847648,2.6107236387841013e-05,6.0231213971982697e-05,1
4.308492916589343e-06,0.999868470571168,8.814920517728593e-05,3.907172899837397e-05,1
1.161950241114521e-05,0.999937040170417,1.7890786738791423e-05,3.3449538730079675e-05,1
1.1843722093498829e-05,0.9999142299971083,1.130702455769802e-05,6.261925547452784e-05,1
8.691279141069202e-06,0.999914089437674,2.8489097313249707e-05,4.8730185626637335e-05,1
5.235388431420346e-06,0.9999194442349874,4.265706073187458e-05,3.26633167935843e-05,1
3.7351747769013856e-06,0.999881646433413,7.116621013760492e-05,4.345218334534102e-05,1
6.974515431033502e-06,0.9999335378092851,3.216841084496859e-05,2.7319263961267483e-05,1
5.532916214131762e-06,0.9999210831556292,4.061208092543859e-05,3.277184800938498e-05,1
5.019400813930248e-06,0.9999081407906365,5.9172836541079296e-05,2.766697031791991e-05,1
5.750076275757844e-06,0.9999051077635245,6.268995634410328e-05,2.6452202825854375e-05,1
3.6337700028054327e-06,0.9998308832883079,0.00013169274753378394,3.379019401888454e-05,1
4.578724473821333e-06,0.9993517253426907,0.0006168308035581471,2.6865130783251465e-05,1
3.848129716638289e-06,0.9952077663660098,0.004750420815462996,3.7964687784676615e-05,1
3.154832484282778e-06,0.9740778485026103,0.025837301255473892,8.169540836255059e-05,1
1.5828377923683397e-06,0.8854806343283477,0.11427416550588472,0.0002436173271103511,1
3.2049429554294727e-07,0.3851843349403276,0.6144317916190261,0.0003835529456332802,2
3.4461590109419395e-08,0.08824137725036454,0.9116048201127478,0.00015376817655589592,2
6.5194020874879845e-09,0.006541811400647694,0.9934105882813703,4.759379834959763e-05,2
6.022341890090685e-10,0.001947672781052578,0.9980429628420606,9.363774879521927e-06,2
3.163983657752994e-11,0.00017154395256765601,0.9998230164293407,5.439586008395465e-06,2
1.262374229030957e-12,1.3960937176763323e-05,0.9999827156864195,3.3233762281405753e-06,2
1.1896790899139355e-13,9.045605500181004e-06,0.999987556749258,3.3976466724352345e-06,2
7.178359483115476e-14,4.967407900731957e-06,0.9999928537691407,2.178824085100957e-06,2
4.4828111567059154e-15,8.769690291979668e-07,0.9999965886185217,2.5344111519502275e-06,2
1.455604897686874e-15,7.392330649646088e-08,0.9999984618018978,1.4642756177991312e-06,2
1.7688454908169581e-15,1.6417223942588736e-07,0.9999984284598739,1.4073674841738436e-06,2
6.496127900258099e-14,3.3197331640389526e-07,0.9999982891291521,1.378896716574943e-06,2
1.0216787760751821e-11,0.00030152258714140513,0.9996919309507029,6.54645225908657e-06,2
4.5461330097693775e-10,0.0011655964363300724,0.9988253313178747,9.071791128427273e-06,2
1.970090265922179e-09,0.0014969227801835282,0.9984957430009626,7.332249543331892e-06,2
2.558384805491844e-09,0.003153830779948072,0.9968326591389532,1.3507522030692509e-05,2
6.108452726711581e-09,0.004396437636521574,0.9955890036590508,1.4552596529820409e-05,2
1.4008886152649798e-08,0.009301412712469155,0.9906795780855419,1.8995192955125517e-05,2
2.1734087595242033e-08,0.01884542590047209,0.9810980039423564,5.6548424812181785e-05,2
5.551764468145762e-08,0.032139940179844895,0.9678301963250253,2.980797924066206e-05,2
9.14252124901309e-08,0.04177219460125518,0.9582048329882898,2.2880986263087666e-05,2
9.676847197555497e-08,0.047461785468824215,0.9524981798850015,3.9937876023176296e-05,2
1.25232643295263e-07,0.05127616983426938,0.9486931730745687,3.053186003704241e-05,2
6.540709190118995e-08,0.04188397714451825,0.9580789953675677,3.696208045747143e-05,2
1.9690917742184242e-08,0.01830990756349763,0.9816626200792867,2.7452664846721443e-05,2
8.876615787347256e-09,0.006063969927052958,0.9939218266016645,1.419459367282338e-05,2
1.1684009944549946e-08,0.0027818059828987455,0.9971976366862684,2.0545647979018624e-05,2
7.744978090632004e-08,0.005564128141266074,0.993801692487785,0.0006341019212039227,2
3.4335704508204948e-06,0.05701978856629491,0.8996637831060627,0.04331299475603321,2
1.42995181342718e-08,0.003462498875092319,0.028700144479239152,0.9678373423466956,3
1.4735615735116747e-05,0.005926598972106875,0.010145351388937332,0.9839133140227712,3
7.031232161203151e-06,0.0034101800469686673,0.0015944109745567728,0.9949883777470995,3
6.023589880813015e-11,8.67331457762742e-05,1.8166694009562057e-05,0.9998951001015756,3
0.0004599854868025246,0.9760090183794964,0.00552478732350372,0.018006208809322688,1
3.3552789391189758e-06,0.9899586799418563,0.0028888929127808584,0.0071490718649814934,1
9.063374298499352e-07,0.9949823051375115,0.0016443316718295418,0.003372456854266917,1
4.031413926733005e-06,0.9994216286719366,0.0004923939963383,8.194591867551026e-05,1
5.199178941843859e-06,0.9998717589277768,9.377255861774137e-05,2.9269335012661577e-05,1
5.584650678554848e-06,0.9998691169260813,7.115567457581612e-05,5.4142748431776e-05,1
1.9906746596877636e-06,0.9996166147412702,0.00010039534059644373,0.00028099924232218205,1
1.3120504300865293e-05,0.9999301006338909,1.9442960206474988e-05,3.733590337316853e-05,1
2.3526752773445125e-05,0.999894914020309,1.4261780578462322e-05,6.72974448079529e-05,1
3.561966923714941e-05,0.9999051687739169,8.986843820121465e-06,5.0224712381449e-05,1
4.4734739346897204e-05,0.9997784376241156,8.883157589074802e-06,0.00016794447960182863,1
6.876930354827174e-05,0.99975928072048,6.3945119518368255e-06,0.0001655554646998578,1
5.840671250539838e-05,0.9997921893706335,7.283519296799155e-06,0.00014212039666358314,1
2.6047400507655997e-05,0.9998211282250818,5.52752828449251e-06,0.00014729684512111208,1
2.0912705936274368e-05,0.9999075369781875,1.0252346713587207e-05,6.129796776035259e-05,1
1.3913777746515453e-05,0.9999230028292277,1.5289532789943798e-05,4.7793859775311304e-05,1
1.2464793972722319e-05,0.9999378321052157,1.971298731029877e-05,2.9990112134906055e-05,1
6.183154654347432e-06,0.9998041111377741,1.8461822197069876e-05,0.00017124388678682858,1
1.1671016956012134e-05,0.9999252263495622,1.5068756698210812e-05,4.803387706998737e-05,1
6.723264448193232e-06,0.9999190827291186,3.180529621765965e-05,4.23887097192508e-05,1
1.0829797198755845e-05,0.9999359672494404,1.7939676032485297e-05,3.5263277803267773e-05,1
1.320760756015623e-05,0.9999377449592172,1.509560566315397e-05,3.395182805880528e-05,1
1.3072113545817964e-05,0.9999405996239491,1.7339371996036518e-05,2.8988891543299538e-05,1
1.5468378389405297e-05,0.9999270409593959,1.707174972698273e-05,4.041891222691386e-05,1
2.326648243337095e-05,0.9999207054323442,1.2423711406991155e-05,4.360437541868978e-05,1
8.817591147400353e-05,0.9997621374617124,1.3811885030629936e-05,0.00013587474094462049,1
0.000674585007940824,0.9989094848698102,1.0771011465580532e-05,0.00040515911110740603,1
0.003263118446965601,0.9924751908948282,3.0054665892592342e-05,0.004231635991900581,1
0.014151542138886367,0.8564192699052262,7.165516271997696e-05,0.12935753279326548,1
1.0701203051891008e-08,0.004813614399764199,1.2034616011096196e-06,0.9951851714362396,3
0.02142168761323737,0.8770362019299335,5.7111630851522004e-05,0.1014849988262398,1
0.014249087715163995,0.948106722825321,1.7063570698096957e-05,0.03762712588868106,1
0.008777592642954121,0.9893038093070098,7.72929781667803e-06,0.0019108687519059418,1
0.004004553739702748,0.9957303582372402,5.716938523619738e-06,0.00025937108288394455,1
0.0025505072220093072,0.9972145099383886,6.786739791326774e-06,0.00022819610027450515,1
0.002473420634681938,0.9951989475980071,8.593230720825472e-06,0.0023190385378891155,1
0.002469700425916591,0.9887194526916844,0.00015295746068239846,0.00865788942288477,1
7.811182998191176e-06,0.6014013697461725,0.00014741450284393599,0.39844340456796556,1
0.0019183955174332517,0.5262187884841115,0.0003104728945138751,0.4715523431029684,1
2.5040338138819616e-25,3.2926274677895483e-13,1.8040878191511954e-13,1.0,3
0.0013221511968991254,0.9527265759993804,0.00022231582612890379,0.04572895697907664,1
0.0001168652421886985,0.9970344864640641,2.4383552237905402e-05,0.002824264740578632,1
7.699526875331484e-06,0.9995218471402394,2.8653908067888185e-05,0.00044179942623479734,1
3.719878263225435e-06,0.9978326577195357,0.0001377084265412736,0.00202591397613107,1
5.159140512788506e-07,0.9869188015733463,0.0001976489637498429,0.012883033549096676,1
9.263174640174363e-06,0.999405495422589,7.349807246869534e-05,0.0005117433305086866,1
4.872711688094392e-06,0.9998558657335729,7.425944195215748e-05,6.500211229534234e-05,1
4.984055101510858e-06,0.9997683420255564,6.160702639676462e-05,0.0001650668915304724,1
2.450951168272258e-06,0.9989712916443466,2.001373073600493e-05,0.0010062436726235807,1
1.0994832287857823e-06,0.9995439658250064,6.393358796147993e-05,0.00039100110548587723,1
5.587587940140824e-06,0.9998994791670572,5.8660974453582364e-05,3.6272270289815826e-05,1
3.0012585783045548e-06,0.9997615100380133,0.00016056000027989568,7.49287043414201e-05,1
4.524595860361569e-06,0.9998178213391815,0.0001375747936483669,4.007927122635555e-05,1
1.61410259870856e-05,0.9997581105450811,0.0001661446882180454,5.9603741470280294e-05,1
0.0006925414708069761,0.9990580585939376,7.304385859389367e-05,0.00017635607661004363,1
0.02222254160981549,0.9713136364360214,4.386785219473468e-05,0.006419954103198482,1
0.32232107115618813,0.5878284027196997,2.7969523065116498e-05,0.089822556600091,1
0.4805772184776903,0.051511643911518995,6.686467169957993e-07,0.4679104689657787,3
0.8961964693718842,0.002191760748822778,1.5803881907464052e-08,0.10161175407616356,0
0.9869886446350423,0.0007539260855452531,1.1524116307364996e-08,0.012257417754138739,0
0.9982484850074215,0.00022572502321067023,1.4765192656349076e-09,0.0015257884910885539,0
0.9991266852369417,0.0001055410764371516,4.5570862032297885e-10,0.0007677732302763208,0
0.9980029789373561,5.9658979762148376e-05,1.0169113698044546e-09,0.0019373610652505273,0
0.9604288190913512,0.00046028424908755336,8.752489163220673e-09,0.03911088790880522,0
0.07597531855570777,1.122935387798509e-05,4.178022276426523e-10,0.9240134516741658,3
2.086065410000512e-05,6.691295699210252e-08,9.707088728953782e-11,0.9999790723348072,3
1.3669161528711201e-08,6.450808964756351e-09,1.2857754963415133e-10,0.9999999797510102,3
1.1168427849417813e-08,3.579141262270385e-10,4.3457470288597997e-14,0.9999999884748833,3
0.9730255733794798,4.5420697584640465e-05,1.873464577791239e-09,0.026929004050022937,0
0.9968999762591098,4.5410640121213755e-07,6.775822239531643e-12,0.0030995696263720713,0
0.9996548749561022,2.689592081479221e-07,5.088291958168552e-13,0.00034485608529864016,0
0.9997278554872112,1.1091539159460442e-07,2.1085750992559245e-13,0.0002720335988223991,0
0.998274739001087,1.3516450186936354e-07,2.1109358731294424e-14,0.0017251258342308754,0
0.9997378765252671,4.1562133295876216e-08,8.477565298541521e-14,0.00026208191083920316,0
0.9996915987274113,3.4658335145107956e-08,1.0240903474595713e-14,0.0003083666159139517,0
0.9996828716437912,3.112530089727307e-08,5.662047690850916e-15,0.00031709722923185503,0
0.9998284299150555,1.9370117234382316e-08,2.1260200148506257e-14,0.00017155071571116416,0
0.9992995377454195,2.8345434367845534e-08,1.3000270209000065e-14,0.0007004339074268,0
0.9993818019594601,9.651172395129782e-09,2.077752776953869e-13,0.0006181883891303672,0
0.9917920948387464,2.487661004656246e-08,5.197625798717171e-14,0.008207880282793834,0
0.9981514953478628,1.9859876884334598e-08,5.287340848933073e-13,0.0018484847922592186,0
0.9990358652806994,1.6188558213797462e-07,9.333354456646098e-13,0.0009639728341707917,0
0.99888748764434,1.4611051107376366e-07,6.029086482844125e-13,0.0011123662439750034,0
0.9979284405150003,1.0400429073430184e-06,5.240290461493207e-11,0.0020705193891089493,0
0.9212599390080864,3.882499667801795e-07,1.7851782135508508e-11,0.07873967272320283,0
0.22887786526735326,2.0266445198133365e-08,7.469234801369357e-13,0.7711221144648006,3
0.9405490543219123,2.8997651807819647e-07,2.616002228828459e-11,0.059450655676006145,0
0.9945092546761368,3.047354421603828e-08,5.434658476916502e-12,0.005490714845353592,0
0.9980443774003709,3.155548569546504e-08,1.8150818435122008e-12,0.001955591043499419,0
0.9958435397081277,2.4767930953549803e-07,2.7106993406776626e-11,0.004156212586893347,0
0.8790507962792646,4.416601455230354e-06,3.4507280814123924e-12,0.12094478711537442,0
0.9958265507372318,5.0104453582856355e-06,8.72481570022456e-11,0.004168438728711273,0
0.9994658258913635,4.992869849230038e-07,6.785230911778162e-12,0.000533674813427204,0
0.9984747372840584,4.119312836869652e-07,7.143747471611119e-12,0.0015248507776515865,0
0.9739694690273639,1.559118223801054e-06,5.386613568373829e-11,0.026028971802067417,0
0.3350106705699571,7.632837733323865e-06,1.8339155401451987e-10,0.6649816964078928,3
0.03167574844936472,0.0004856138443112065,1.1911239480791194e-07,0.9678385185949187,3
0.6767697070639747,0.062285077479348576,6.942480496728759e-06,0.26093827297733607,0
0.7788854504116082,0.08253070624646365,8.711562832647486e-06,0.13857513177845862,0
0.6562234282670094,0.06760045729019651,3.943857679395343e-06,0.27617217058431126,0
0.03141735358075361,0.03240104546284789,7.828424995315894e-07,0.9361808181128533,3
0.4781860354680732,0.241003936466936,2.467022742035158e-05,0.2807853578361319,0
0.5646781408892774,0.3008098174837779,1.604025206777717e-05,0.1344960013758444,0
0.4679445201699166,0.2801730845602993,2.1306055660054388e-05,0.25186108921353684,0
0.0099489372975979,0.016275799025633704,2.0251996821061036e-06,0.973773238475443,3
0.006738881120782446,0.004674861527758802,7.032217229545369e-07,0.988585554131242,3
0.05028146006197941,0.006454921403650997,4.256574018134619e-06,0.943259361959505,3
0.24303215717301616,0.007591098139204567,3.1730689943543055e-06,0.7493735716173047,3
0.16227528383984208,0.004470770710462982,2.0738730367994278e-06,0.8332518715776666,3
0.006105889952180878,0.0002890706353465547,1.8003961316331247e-07,0.9936048593740989,3
0.015120051510481791,0.002423048755314991,4.330833822907861e-06,0.9824525689007994,3
5.021885429188412e-09,1.2017893067326556e-05,2.4502480522253365e-08,0.9999879525819709,3
0.0006608384023448745,0.2640494068889347,6.874354830114569e-05,0.735221011162188,3
0.0005013710394071733,0.9309684055517904,0.001097803254397632,0.06743242015435304,1
2.2513090016014827e-05,0.9758086629435839,0.00537700962593854,0.018791814340618575,1
7.57676030915386e-07,0.9502883118179858,0.044740667825067845,0.004970262681459687,1
4.021705312868141e-09,0.0050958832509806285,0.9940647125368126,0.0008394001922052664,2
7.259408403515738e-11,6.335072491093208e-06,0.9999515856876672,4.2079166661432954e-05,2
1.434814635100082e-13,1.6199259829078956e-06,0.9999388707896291,5.950928336518511e-05,2
8.994511169976871e-11,6.041499197866026e-07,0.9999915850011618,7.810758046816322e-06,2
1.0397596482121902e-09,2.6593655860433807e-05,0.998775225626948,0.0011981796768374476,2
6.346881080283797e-14,1.3420163340386165e-07,0.812393832615369,0.18760603318385607,2
2.6959264414032143e-12,9.011267727579599e-08,0.8037076429266407,0.19629226695622315,2
2.898843377917909e-09,3.410447016916545e-05,0.9204613973629607,0.07950449526637288,2
3.7512978155896976e-08,0.00026095191790385713,0.99846025456403,0.0012787560055445332,2
2.6478611212580544e-10,0.00026933535442431726,0.999615068285095,0.00011559609509981977,2
2.7050156861702064e-11,3.549388554798368e-05,0.9999584942698717,6.011816383283078e-06,2
1.2861122292484906e-11,3.1910421219532315e-05,0.9999601967165308,7.892850469253187e-06,2
3.3892944063475945e-11,5.294015844517982e-05,0.9998915505223565,5.550928460085505e-05,2
9.321688653333717e-10,0.00015651562950180528,0.9995965844260342,0.000246899012544192,2
1.0759348220064024e-10,0.0006171958274425693,0.9975766063723853,0.001806197691893207,2
2.2438826380604638e-07,0.006650305044757862,0.9932738469336759,7.562363425417375e-05,2
2.8029699861750016e-08,0.02939411170867379,0.9705162665160123,8.959374481655447e-05,2
1.0094179424278193e-07,0.10652913906697632,0.8931172607379818,0.0003534992525825147,2
7.266207037329542e-08,0.25573782468444783,0.737201717969955,0.007060384683965477,2
5.373664827174607e-07,0.45137324989580424,0.54401769830279,0.004608514435294133,2
6.215653795581368e-07,0.5759418883934978,0.42141744108961343,0.0026400489514972025,2
1.5583656423393302e-06,0.8159803104871524,0.18312879024319462,0.0008893409034704941,1
1.7018810528844932e-06,0.9673703236234155,0.03212589113989741,0.0005020833542579779,1
1.9327326522234655e-06,0.9951931616771327,0.004221228416987177,0.0005836771718936978,1
4.339199233106977e-06,0.9996317107484425,0.00031947833794973405,4.4471714230423964e-05,1
9.168268983368002e-06,0.9999166636537092,4.324959233392765e-05,3.091848342125663e-05,1
2.851300863725147e-06,0.9998455169527737,6.402370338564693e-05,8.760804439481454e-05,1
7.899221877163878e-05,0.9989402993899033,8.273785786900361e-05,0.0008979705317325101,1
0.000583071455079214,0.9585277090753306,0.0007401979946237514,0.0401490214743299,1
7.378461065453876e-14,8.146987610803825e-07,6.946801066209919e-08,0.9999991158332976,3
7.701618256282221e-07,0.0030626175486810894,1.1502300466247551e-05,0.9969251099873249,3
0.0002245424590737814,0.059465071608420315,0.0008856884365650244,0.9394246974962195,3
6.797234233001745e-05,0.06391365166765674,0.00026912919439360425,0.9357492467956401,3
6.99259800060646e-05,0.04469806913907023,0.00019089809141774615,0.9550411067897715,3
1.6378067502131374e-10,0.0002916131688580263,7.916250928842017e-08,0.9997083075039003,3
0.0010256136256716944,0.6336971425557418,0.000251953373196762,0.36502529044422066,1
0.0002883843838730603,0.8789411017509801,3.356083366596172e-05,0.12073695302984985,1
0.002166414592151947,0.9778430224162001,2.2213919919784478e-05,0.019968349070615125,1
9.28479435395365e-06,0.9700321929421787,9.356943335275674e-06,0.029949165319953626,1
0.0001402810911368302,0.9988707495580853,1.1570357668242221e-05,0.0009773989935676485,1
3.387561091639494e-05,0.9998910472990751,1.2361514058345562e-05,6.271557619932279e-05,1
8.572274636469267e-06,0.9997410449538936,1.539323103128117e-05,0.00023498954082549467,1
4.673122812644928e-06,0.9998505489060023,5.253001339173641e-05,9.224795834130258e-05,1
2.8680119818861606e-05,0.999686431818232,2.3083323671038958e-05,0.000261804739025691,1
9.197021045033799e-06,0.9912111489199407,3.502261876607051e-05,0.008744631440275874,1
6.433186921302774e-05,0.9920636766380259,1.9232270440747665e-05,0.007852759221240088,1
0.0017049573872888284,0.9942443235489599,1.743445142528997e-05,0.00403328461222786,1
0.0048190701972124555,0.9422100754687596,8.021974323442909e-05,0.052890634589448156,1
0.0001461506993815012,0.3555353355024775,2.1119620691585988e-05,0.644297394178615,3
0.00720754130766849,0.26467971055842704,1.8327071031941433e-05,0.728094421062566,3
0.06884726074163473,0.1448359722982647,1.4156285366895746e-05,0.7863026106763508,3
0.017502534972063822,0.0072020056523085215,4.124971978667286e-07,0.9752950468783095,3
0.43619486284084935,0.023747468096295438,2.409092001430775e-06,0.5400552599713606,3
0.3917448801006311,0.04455085449711584,8.763594181232281e-06,0.5636955018082268,3
0.0076149016437367,0.05013655009887355,3.571971565525308e-06,0.9422449762869897,3
0.01498400000396512,0.2547166952732654,3.368684403037342e-05,0.730265617879162,3
0.09301021333961342,0.7174609567695174,8.281500969599252e-05,0.18944601488194673,1
0.06327235348457695,0.7461158332728262,0.0005861390055402416,0.19002567423860528,1
1.2053110088212068e-09,0.00777425863089077,1.0338821765003552e-05,0.9922154013420091,3
1.5772343036871377e-05,0.06542230085912429,0.00024948127573817347,0.934312445520493,3
3.936094438196002e-05,0.07935239167959118,0.00012335848809476044,0.9204848888884316,3
0.0057607718594818716,0.11542613802327248,0.0003518316799383067,0.8784612584372937,3
8.266505432584879e-08,0.008175895151470308,2.0599633800411157e-07,0.9918238161858333,3
2.054692267711178e-05,0.1830062987863949,7.119294558400342e-05,0.8169019613436217,3
0.001187538574323517,0.7985799571562352,9.19342332168593e-05,0.20014057003574953,1
0.0001497785070834369,0.9150519856561413,2.0297686294593226e-05,0.08477793814952557,1
8.648265390327097e-05,0.9869597322038549,1.1021213086475163e-05,0.01294276392747436,1
1.069451693214634e-05,0.9974961893387083,2.1976703574735108e-05,0.002471139440410969,1
3.933516307718546e-06,0.9992525726492291,2.82388923268488e-05,0.0007152549423054729,1
3.540400146307002e-06,0.9997007046219573,2.6690104626982913e-05,0.00026906487309627194,1
6.247354525210293e-06,0.9999222587309615,3.818492673193939e-05,3.330898722494808e-05,1
9.369582508896476e-07,0.9995762493313989,2.474392938544693e-05,0.0003980697824112026,1
3.789711559667401e-06,0.9995224934165311,4.663206752170904e-05,0.0004270848045564011,1
1.9252463692026634e-06,0.9995397668626682,0.00019852586365791262,0.0002597820290700154,1
7.038565265296653e-06,0.9984680205332384,0.0014503514356354324,7.458946510412419e-05,1
5.65448120024043e-07,0.9736104144789173,0.02479409041419535,0.0015949296590382475,1
1.3093710289256635e-06,0.96813742733193,0.030725345831572843,0.0011359174662448658,1
2.553216413076741e-06,0.9736944547201121,0.026110750469024262,0.00019224159382323937,1
3.0782368243334445e-06,0.9909298320519925,0.009018875844035542,4.8213868512402365e-05,1
3.443867348534818e-06,0.9961900977282305,0.0037432328765884355,6.322552849322353e-05,1
1.8101915472685833e-05,0.9964738369014803,0.0032014992928886244,0.00030656188863322967,1
0.0004894597538987835,0.9760839271256082,0.004504610319404741,0.018922002799686696,1
2.2126793657433089e-10,0.003866079121370163,1.2065526660621566e-05,0.9961218551317804,3
3.4041016289845986e-05,0.11567452423263483,0.00017474720517807042,0.884116687544918,3
0.00017508508812713507,0.6651141451885189,0.0008366951758188888,0.3338740745469931,1
3.453337520435185e-05,0.7334110452990358,0.0002468662165420048,0.2663075551099919,1
0.0028304378170457326,0.7743171645642565,7.25292112726693e-05,0.2227798684059685,1
0.1567331310347203,0.7177540579987622,1.3626075863327222e-05,0.12549918488942313,1
0.6080086306394494,0.263277511009779,7.283154961238922e-07,0.12871313003428303,0
0.9188851597520745,0.06141585332270093,4.2981962200395625e-07,0.01969855710732975,0
0.968165511341811,0.020991665561198435,3.182305749342534e-07,0.010842504864855268,0
0.96954372466434,0.010211715029910586,4.3909200386299164e-07,0.020244121213621014,0
0.9379640550389865,0.0002825671172980678,7.880808249278704e-09,0.06175336996299531,0
0.9592994098097859,0.00010484502219971005,4.512786221391013e-09,0.04059574065589354,0
0.9811449708082968,6.30952061163363e-05,1.873498227262946e-08,0.01879191525106206,0
0.9656447964482334,4.841758821240092e-05,1.5489503462674213e-09,0.034306784412943034,0
0.9903947547797824,1.488171221629901e-06,6.700572234194611e-10,0.00960375637926984,0
0.9775712520986953,2.8952850701533476e-06,7.816354008723124e-12,0.022425852609279717,0
0.998104341324254,3.999654287672464e-06,1.232028796115883e-10,0.0018916588964449233,0
0.99837085912583,6.289665063456576e-06,1.4774433987641073e-10,0.0016228510624832588,0
0.9906487513646703,8.532220857098076e-06,2.015084768396073e-11,0.00934271639465482,0
0.9988941111206123,3.078950007018472e-05,6.574460964090496e-10,0.0010750987222949854,0
0.9977670855609835,6.771433984717056e-05,3.768558723539076e-10,0.0021651997217389633,0
0.9946472986545865,0.00010690405587506941,8.9883526641145e-10,0.005245796389017715,0
0.9943761477134571,0.00010843152500895651,2.3765972397395497e-09,0.005515418385215077,0
0.9731095094837362,0.0008481999151423986,5.1837219514440425e-09,0.026042285415915953,0
0.9826750362072384,0.0008830129792227453,1.4798704801804578e-08,0.016441936016196344,0
0.997658740089918,0.00033810208390439305,1.2029030044044176e-08,0.002003145795893637,0
0.993088498094385,0.00012209130583877627,2.3166597489403114e-09,0.006789408283403429,0
0.9930498655990702,5.0360110668905144e-05,1.73518895938118e-10,0.0068997741158371515,0
0.9994218110946949,1.1304620021859716e-05,5.106927261285163e-11,0.0005668842326579817,0
0.9995004282330621,5.2727723147083685e-06,1.1986312639112474e-11,0.0004942989815483131,0
0.9981910394921074,1.166810856187107e-06,2.1343971261189716e-11,0.0018077936758721,0
0.9714092156013481,8.550776389797076e-08,6.7056484784869756e-12,0.028590698882820717,0
0.034813464578817045,3.1402224618036836e-13,2.945050904547844e-16,0.9651865354206312,3
0.007247680055157317,5.6271143671284077e-14,4.030944606653788e-14,0.9927523199449259,3
1.5539795325251996e-08,4.244736435480951e-19,9.266557379821785e-19,0.9999999844585546,3
0.03325080976237612,1.077688792598748e-11,3.382301585695031e-13,0.9667491902278486,3
0.05401557067739217,5.2855465353967716e-12,2.9562324575616195e-13,0.945984429318379,3
0.12298120247129071,1.5786130270394477e-06,4.886841139094089e-09,0.8770172140295011,3
0.15553428576532027,1.8807204737164991e-06,9.704477783186928e-09,0.8444638238105802,3
0.0576011191721866,1.6238828214724154e-07,4.701679097936435e-11,0.942398718391125,3
0.808825308156245,2.019736549001966e-07,5.975446429055409e-12,0.19117448986324692,0
0.9955514022095207,3.3899951335914864e-08,1.947758865241348e-12,0.004448563888533316,0
0.9993552530604657,3.833857801396655e-09,3.2652547383131296e-14,0.0006447431043744314,0
0.9996512870623011,3.872012956941024e-09,8.958295413306294e-15,0.000348709065429626,0
0.9995445143676297,1.7937437829064733e-10,2.1573533145223646e-16,0.000455485452995411,0
0.9996995672543649,4.1951528721219886e-10,3.733706096608857e-15,0.0003004323262543523,0
0.9983767462527809,1.1645609219985646e-09,9.305195139137984e-15,0.0016232525811856234,0
0.9968124582824227,1.1138094458630323e-09,1.3754138598360688e-14,0.003187540604975768,0
0.9993659039992607,3.575554479203357e-10,1.3180165492277775e-13,0.0006340956419380228,0
0.9863837582032317,2.777374262345714e-09,5.120172906875801e-14,0.013616239018228693,0
0.9830217017522261,1.028389805781664e-07,9.595719692507651e-11,0.01697819531208666,0
0.8067061874314806,1.204314486709365e-07,3.195067063175351e-11,0.1932936921055832,0
0.05198849230361386,4.5594198020452614e-09,1.3825799194821012e-13,0.9480115031376932,3
0.739787070435097,1.2911635471325104e-08,1.0328725166913028e-11,0.26021291664340096,0
0.9172850290783251,5.148781290400542e-07,7.166296638042701e-10,0.08271445532861638,0
0.903736526790547,2.1046422576214257e-08,9.092788251931485e-11,0.09626345207390692,0
0.1169502058265608,1.056842299961181e-08,3.4463364661222844e-13,0.8830497836040545,3
0.9386445228950441,1.651173638488748e-06,1.170937159899372e-10,0.06135382581295278,0
0.9938628944176291,1.5666016497680635e-08,1.0046770000628911e-11,0.006137089907896887,0
0.991812947735742,7.358907426260494e-08,3.5299949142705793e-12,0.00818697867104199,0
0.9927373814156374,1.812896514568498e-07,4.0813828531881655e-12,0.007262437290776868,0
0.9988687189568819,2.1479530345680767e-07,3.6909864793659625e-12,0.0011310662429293483,0
0.9988603284273601,9.492340019638322e-06,2.1239715436976445e-10,0.0011301790195585228,0
0.9773349904262282,6.720290459999465e-05,3.055984717024251e-11,0.022597806638548157,0
0.9974784943707489,1.7835803059300978e-05,1.671696302991945e-10,0.0025036696597096736,0
0.9993460314829242,1.84101555100984e-08,4.629669820050698e-14,0.0006539501080686648,0
0.9997859109873051,1.858548608776516e-08,1.0070785591324237e-13,0.00021407042708784408,0
0.9979978902255326,3.819108593997324e-07,4.568648867358482e-12,0.0020017278580653944,0
0.9172500046026422,1.1646869691611987e-05,1.1023222515041459e-10,0.082738348418375,0
0.0008362148632491549,3.1963877738675373e-09,2.0558043106968754e-12,0.9991637819376123,3
0.19565903175106966,1.3029385144067113e-05,3.0349488887911716e-08,0.804327908515445,3
7.059526247184753e-05,4.54284617449401e-09,9.69756645895759e-12,0.9999294001866432,3
0.2717362299165659,0.00015830531821991827,2.3203404902734007e-07,0.7281052327306878,3
0.04003757369307397,5.500176220972982e-06,2.824905603796646e-09,0.9599569233067199,3
0.0905280261141566,5.976140539196669e-05,9.3548991945668e-08,0.9094121189306267,3
0.030827060157518127,1.7992664695578428e-05,5.98825701820512e-08,0.9691548872966306,3
2.6898646654860585e-05,1.6207617136875496e-07,2.217417954058973e-12,0.9999729392753434,3
0.923322777388183,0.000881938140524669,4.8573772349818985e-08,0.07579523589755711,0
0.9729431544421022,0.01019468343330788,6.458787795551893e-07,0.01686151624732355,0
0.9582761719850977,0.03649398305250532,5.132022934030069e-07,0.005229331761144928,0
0.8315295705926492,0.16022845210505443,3.483024862915091e-07,0.008241629000435834,0
0.607215246224921,0.3823450458197439,1.013382226942632e-06,0.010438694573357008,0
0.40251781862462244,0.5908842925668805,2.5676052643011607e-06,0.0065953212021216375,0
0.12636668791813863,0.8616479970813893,4.060343041899134e-06,0.011981254657933834,1
0.04072500086264199,0.9567976878462588,6.077137221976874e-06,0.002471234155533371,1
0.0017281312832056407,0.99231822222837,3.1205107640568657e-06,0.005950525979105525,1
0.00014698377129852846,0.9991299632119071,4.687658780124975e-06,0.0007183653594036768,1
7.459027213965111e-05,0.9998545583241748,8.338194163978104e-06,6.251320856890954e-05,1
5.625340377578722e-05,0.9997858897496947,5.209866879543867e-06,0.00015264698125829723,1
4.296585849925775e-05,0.9997684839429777,1.6272925847191803e-05,0.0001722772709840894,1
1.5244925173366028e-05,0.9988757138192417,0.0007304041450719456,0.0003786371105882363,1
2.495599867915118e-06,0.9557352283838705,0.043768159628261465,0.0004941163891454802,1
1.294291207195678e-06,0.17999627325634143,0.818484445128737,0.0015179873249662225,2
1.3670770697547972e-10,0.0006903717248538213,0.9954737488306227,0.0038358793061212303,2
1.7698821283419743e-08,0.00036924446458925294,0.999543844033756,8.689380318637288e-05,2
5.063575985848048e-09,0.0017631122847245736,0.9981531817690013,8.370088147853594e-05,2
5.505523713740966e-09,0.011845085062337057,0.9869367710520726,0.0012181383806578172,2
1.110809199294676e-06,0.06534584338333857,0.9323463412847507,0.002306704522333875,2
3.648169579196217e-05,0.21260470080048544,0.7246128066105002,0.06274601089410131,2
8.236597548744246e-08,0.003712372728710546,0.001395817048978666,0.9948917278547618,3
1.4199200291457458e-49,2.1990788090144444e-33,9.048252628027517e-27,1.0,3
1.1862507871106205e-06,0.0002942905011942472,1.5085645590685236e-05,0.9996894376039382,3
2.540508092857742e-07,0.0012489607829398205,2.7486122063682964e-05,0.99872329904459,3
0.001604113511454779,0.04854182881651276,0.005694053230068429,0.9441600044434235,3
1.0268084103379157e-13,5.4568575452567914e-08,2.7514441981538444e-10,0.999999945157471,3
1.5214281180757953e-08,0.0006986741698937219,9.237257670642488e-06,0.9992920733582598,3
5.303683280184089e-05,0.03133813527580733,0.0019207779706690406,0.9666880499196199,3
0.00010451095761293232,0.035174282087635116,0.0014186161675801576,0.96330259078863,3
8.685629370232734e-10,3.939399972138546e-06,1.5175474896520544e-07,0.9999959079770683,3
3.3930339914246486e-09,4.48245031523704e-05,1.8997792120406311e-07,0.9999549821242668,3
1.2786167436728156e-05,0.00037254221653586813,2.138515155590268e-06,0.9996125331022034,3
3.476581370583209e-05,3.697546528986603e-05,1.782275521190846e-08,0.9999282408998903,3
0.13594931634629004,0.0021043507121242594,2.4946842723108286e-06,0.8619438382565296,3
9.011450463431085e-10,8.891956383587169e-09,1.4316565682853368e-11,0.9999999901920091,3
0.0001502066331138057,9.266193107698712e-05,1.813210147492956e-07,0.9997569501148281,3
1.3395597291847758e-15,1.3954602607477687e-11,8.729084239046578e-12,0.9999999999781721,3
3.7463912440388194e-10,5.541806668953254e-08,3.1630604927554607e-10,0.9999999438914544,3
8.774683185346987e-16,3.1309416682437375e-11,7.018236827215772e-13,0.9999999999672582,3
6.226759360548725e-07,5.151682342297272e-06,1.4681751876784004e-09,0.9999942241723511,3
3.617783050375113e-43,1.381600734882753e-31,3.043626324283348e-28,1.0,3
3.3615423794444453e-15,1.1927399830362893e-12,3.4096804789487966e-16,1.0,3
0.0002553659844259139,3.5591012272167153e-06,3.901455032308278e-09,0.9997410710132622,3
5.866345607511322e-06,7.995475353518753e-08,4.062702345162156e-10,0.9999940532938502,3
9.761153873406492e-12,4.2133542569982834e-11,4.100538333130557e-13,0.9999999999490683,3
8.622875044170513e-06,2.807629363005453e-06,5.778507336836863e-10,0.999988568917467,3
5.556660298494536e-10,3.371518073150364e-10,9.684532088758247e-13,0.9999999991050572,3
4.4177491768754785e-28,8.566907839993908e-25,5.410611843891438e-23,1.0,3
1.5474559992507686e-08,3.8404878949870125e-09,1.7725137361978466e-11,0.9999999806677808,3
0.0007428384544142147,4.3280351127408974e-07,6.1175599510984e-10,0.9992567281304828,3
1.0678955106540666e-06,1.7127156303374066e-11,1.1148259473697699e-13,0.9999989320864433,3
6.658176628101837e-14,7.79926944893957e-15,2.7953904902964675e-17,1.0,3
0.00044767051088045063,6.112009694601092e-09,4.3755824970751527e-11,0.9995523233336593,3
0.0011386840175816974,2.5510299946403492e-08,3.492414862441454e-11,0.9988612904377924,3
0.017050289494160993,1.5424175335886676e-08,1.1809191424184818e-10,0.9829496949625643,3
1.6224675652125942e-05,2.0637258757798246e-10,5.266560848189155e-13,0.999983775117219,3
3.191139782659956e-09,1.7260220779803471e-16,1.1269133103164508e-15,0.9999999968094926,3
1.0460784635872192e-37,1.7132855290987695e-44,1.353069454479663e-39,1.0,3
7.249662984938821e-07,3.604199724997639e-26,2.8768157765728067e-22,0.99999927503476,3
0.005942899216398433,5.876873579568296e-23,1.9758271231262904e-19,0.9940571007851016,3
0.0005320504724483217,2.7341323303318003e-21,4.691699785990318e-19,0.9994679495274214,3
0.0015845501583806186,2.7848790553143885e-21,1.1658189544937644e-18,0.9984154498400394,3
1.7307058019872437e-07,8.0692684283655815e-25,4.930468468677565e-21,0.9999998269304492,3
0.00010938334110079027,2.074498339752592e-24,2.9636690743480866e-20,0.9998906166603332,3
0.084252243541922,4.674598011203241e-22,1.4058059940442841e-18,0.9157477564575214,3
0.04012564667175072,1.4369168848733416e-21,1.2428062876297276e-18,0.9598743533280918,3
1.0022517719478953e-05,1.8134522635788924e-25,1.2577464545831772e-22,0.9999899774840958,3
1.99970013228698e-21,2.4419803017118788e-36,1.1459940834208553e-30,1.0,3
0.008597405729145222,6.280771237714171e-22,1.1555448221952969e-18,0.9914025942699296,3
7.631680222241863e-27,8.465372429302188e-41,4.0313518102359746e-34,1.0,3
5.653772693195692e-26,2.7158850539967853e-42,3.940764248066796e-36,1.0,3
4.790200120795553e-06,6.272608888774465e-29,4.3833979763930065e-23,0.9999952098011042,3
0.0003431279228176637,1.0807586565460232e-26,4.576126492239312e-22,0.9996568720755797,3
3.031874518704254e-06,7.188718019814578e-31,5.303682496360192e-25,0.9999969681239722,3
0.0235598567895004,3.9373529318587777e-25,2.4470637185720853e-20,0.9764401432097172,3
0.005693382953482937,1.4255395881294802e-33,8.1624853829418265e-25,0.9943066170453612,3
0.0010776675943517386,3.0020038696961565e-37,8.291926796752421e-27,0.9989223324042374,3
2.7668700807387945e-07,1.5438194001759745e-37,2.5810750272022086e-28,0.9999997233135601,3
0.0018033957499362144,1.078667338384518e-31,8.145312046080946e-24,0.9981966042507854,3
0.00012283100763882239,4.783469465982581e-32,4.13319395201882e-24,0.9998771689925854,3
2.4355293003490904e-09,8.818666214670752e-36,8.66464081426621e-28,0.9999999975661922,3
0.00022983534731622923,1.146845357067826e-29,2.825181205643805e-23,0.9997701646542817,3
3.838056229344245e-09,9.970783754068435e-33,2.0896617036237236e-26,0.9999999961619324,3
1.387749651286735e-28,5.883231079438194e-44,3.8469387973191324e-37,1.0,3
1.5610753532078462e-10,3.950411665096339e-32,4.1880932109611444e-26,0.9999999998435669,3
2.2402790163072567e-11,6.024905706750448e-32,4.8404092540050904e-26,0.9999999999781721,3
0.017993065002494903,5.27188129618827e-26,2.672767832860761e-22,0.9820069349983278,3
0.755679996172364,4.568442177164054e-23,4.064283230083226e-20,0.24432000382796792,0
0.9069702403069005,4.64457908069536e-22,1.8338760569041693e-19,0.09302975969171455,0
0.923139013194119,3.5710050573906883e-19,8.57867210856448e-18,0.0768609868043628,0
0.8634987459221525,4.480873785301904e-19,1.3289474459841947e-17,0.13650125407607958,0
0.00014226611365790443,1.9954549006043417e-18,6.533253138841739e-19,0.9998577338846365,3
6.117972581009717e-05,1.4351823924589977e-17,3.539754321194684e-17,0.9999388202757448,3
0.029779293417990623,7.76024792207056e-12,8.743366809339947e-13,0.9702207065726014,3
1.851277625337529e-07,1.9085231068235852e-15,1.2394790743265463e-16,0.9999998148705516,3
0.014034239532168702,7.856202146129343e-10,9.588178100857553e-12,0.985965759670929,3
5.770656121714789e-10,4.435324087198666e-13,2.937608362100991e-15,0.9999999994215614,3
0.14265672178979866,4.016181960598811e-08,3.075352010325812e-10,0.8573432377422172,3
2.453183151916551e-05,3.946409161344526e-15,1.707696604496154e-15,0.9999754681692633,3
0.00041618461702990167,9.339207497784141e-14,1.4499381775873316e-14,0.9995838153822051,3
6.781032336335592e-11,1.2812447779174164e-14,6.8229424356952554e-15,0.9999999999308784,3
0.0019917521883669495,1.23811368026079e-09,1.0280847516214267e-11,0.9980082465649489,3
0.04952189223190095,1.1658778552061701e-05,9.952906835328134e-09,0.9504664390363625,3
0.08554242159853923,0.001043748402680906,1.2045600813826806e-06,0.9134126254372599,3
1.5446345170915674e-08,6.225527503590746e-08,2.864769665583599e-10,0.9999999220126513,3
8.997326617524751e-06,0.000935853145196932,2.2210009086334107e-06,0.9990529285277622,3
2.1659307475461666e-06,0.0010346026291259034,1.776457948190716e-06,0.9989614549814646,3
0.07329683537443156,0.059709068978170625,0.00011270593623335478,0.8668813897102393,3
0.0003118034468048489,0.00204234896090746,8.898913145545835e-07,0.9976449577012415,3
6.008162687005165e-07,6.058916579072391e-05,1.808713299845009e-07,0.9999386291480503,3
4.439039238334269e-05,0.0006766943409461044,4.3601002047279777e-07,0.9992784792560268,3
1.3474106238390487e-09,1.73542767480583e-05,1.5638117294746887e-08,0.9999826287365947,3
0.0038891411167830047,0.2200126161413267,1.9692389960552348e-05,0.7760785503513007,3
0.0019684635823738745,0.3565154411020071,3.7796451781494555e-05,0.6414782988630006,3
0.00155162694727885,0.9361749952687602,7.149392472209112e-05,0.06220188386050848,1
0.0008958128892918952,0.9902559260631804,2.3322557201293943e-05,0.00882493848864462,1
1.8531694609269587e-05,0.9846953137259467,6.324334103187202e-06,0.015279830246393148,1
1.3476895817952952e-06,0.9803103148656187,1.952204703736962e-05,0.019668815398003116,1
0.00039229665010488864,0.9889419433316181,4.5021886763586126e-05,0.010620738130085242,1
1.1606411713228074e-07,0.8890123484171918,6.098714942409033e-05,0.11092654837003245,1
0.0012350343147905017,0.9519876257186377,2.0531296124394493e-05,0.04675680867097618,1
2.117914180100577e-05,0.9377408011486231,6.327209887675509e-06,0.06223169249982918,1
3.368411315474247e-05,0.9875429437692252,8.006256815276379e-06,0.012415365860192781,1
0.0006827331328163164,0.9967845034711894,1.0466451619149398e-05,0.00252229694374608,1
3.2940002609477395e-06,0.9903715187041029,0.00033771285230188515,0.009287474442389271,1
1.4288264880937195e-06,0.9943217751240379,0.00048415965454091215,0.005192636394450514,1
1.6585940545816178e-06,0.9981897986551285,0.00024789248040899453,0.0015606502690451956,1
3.531968617789028e-06,0.9959558016938505,0.00029458024562654516,0.0037460860923733373,1
4.161672081383699e-07,0.9836403665691946,0.00047181659438177363,0.015887400667494903,1
1.8166060006062488e-07,0.9929739782106438,0.0001583699511947319,0.0068674701765981915,1
9.297283951026311e-06,0.9998282456685106,4.244924207211223e-05,0.00012000780477190276,1
4.31536035781167e-06,0.9998100946694859,9.536761516057543e-05,9.022235451690828e-05,1
1.4305775384768556e-05,0.9988662386811487,0.00036714359533729905,0.0007523119487798782,1
0.00040767935326090445,0.9785612866210984,0.002715359451962087,0.01831567457508543,1
3.078893574794597e-17,4.399731312845768e-06,1.24266839517758e-10,0.9999956001435226,3
1.0838318809417045e-17,2.9485372590819693e-08,2.3700498563141397e-06,0.9999976004648173,3
7.231240314833831e-06,0.08313320159565282,0.8297753015959061,0.08708426556743469,2
5.312507760149789e-07,0.041920850412125,0.9489078276842061,0.009170790653843665,2
8.010823077814284e-09,0.018758792659720493,0.9792239418431792,0.002017257486950224,2
4.3945328779754475e-09,0.0042068138507874294,0.9956961971366989,9.69846167243197e-05,2
1.2262702498386369e-08,0.0006624586058872334,0.9993085934221652,2.8935710211656924e-05,2
1.81643773690041e-11,0.0002776698176203277,0.9990819726770069,0.0006403574859302095,2
5.012648223770202e-09,0.0008127312206738375,0.9991202532361286,6.701053051773318e-05,2
9.343214488493071e-09,0.0054192465613793,0.9945428197404498,3.7924355930628e-05,2
1.730228613894709e-08,0.030338630655371887,0.9690588225614051,0.0006025294796092498,2
2.2964691544604358e-08,0.5507549821943377,0.435817342254879,0.013427652587496813,2
1.2263273691230568e-06,0.577022129861382,0.41008124415445374,0.012895399655327587,2
5.619301393351263e-07,0.584833299068324,0.40815934806770343,0.007006790932510197,2
1.1905791019498407e-06,0.5538038540808198,0.4453097529669164,0.0008852023720280461,2
1.7981974298519067e-06,0.42120130241932535,0.5784676186578781,0.0003292807268956815,2
3.225520013920199e-08,0.029029154784465053,0.9675111304878111,0.003459682472115364,2
1.916136940995033e-11,0.00046928904310511763,0.9989931849603576,0.0005375259773347003,2
2.859463738987062e-10,1.7742143461859607e-05,0.9999753800995987,6.877471176770678e-06,2
6.60407156181327e-11,1.3650455275448897e-06,0.9999335159464858,6.511894161729493e-05,2
7.655340431281556e-11,3.687110322014384e-06,0.9937254756996222,0.006270837114137511,2
1.207756117870817e-13,6.2915331086883295e-06,0.9140730001262642,0.08592070834223155,2
5.640252530480406e-10,3.993159969796902e-06,0.9994615528897629,0.0005344533847158721,2
3.857401691730878e-11,2.830128699109617e-06,0.9999838699577922,1.3299874662987116e-05,2
6.90666500357971e-13,6.041485202463896e-06,0.9999652258964499,2.8732616375283186e-05,2
6.537860348719147e-13,2.4816694852107415e-07,0.999957590404669,4.216142614016627e-05,2
1.910142506982474e-14,1.1976743688008239e-06,0.9998800443966136,0.00011875792878616014,2
5.774747080061824e-13,7.939032416189482e-08,0.9999949401590811,4.980448630738379e-06,2
3.020141178246069e-14,8.800887942845095e-07,0.9999800436916717,1.9076218468244263e-05,2
2.549266245894662e-14,6.29978376507111e-08,0.999989342241357,1.0594761948232626e-05,2
4.944394531810729e-15,6.043067893696959e-08,0.9999935489457846,6.3906221001862934e-06,2
7.512054050500432e-14,3.732507623500653e-09,0.9999980918128146,1.9044548359922393e-06,2
5.6568057182860134e-11,6.875630468665404e-06,0.9998802419188235,0.00011288239535563096,2
1.4873891511777423e-09,0.0005752119699106385,0.9841248225768611,0.01529996396509299,2
3.642721518199851e-11,0.00044997543956901565,0.9601108303981466,0.039439194124440906,2
3.0634608610706374e-09,0.00024289326517984948,0.9968496636205381,0.002907440050944681,2
4.5446969256040006e-10,6.638531588268106e-05,0.9998726350993784,6.097912996901948e-05,2
2.3663085732509555e-11,5.2277674891106746e-05,0.999941927153576,5.795148965251989e-06,2
8.500278480058518e-12,7.093797670338721e-05,0.9999232717497775,5.790264578227901e-06,2
6.064547467983686e-13,1.4467298363649427e-05,0.9999560598421023,2.9472860554221146e-05,2
4.69456829174401e-11,2.0719210534158198e-05,0.9999669140796131,1.2366662375658395e-05,2
5.345042031939845e-10,9.210667420062493e-06,0.999780430531265,0.00021035826604302982,2
8.809637929064924e-10,4.799662250628618e-05,0.9811320654475906,0.018819937049370974,2
9.379321335548981e-09,0.0005473570322936317,0.4965427511111107,0.5029098824768805,2
5.8431836979439175e-18,2.401993353963063e-11,9.926764416832005e-07,0.9999990072979397,3
1.6231815374582645e-17,6.054745921903909e-12,6.680416532648655e-06,0.9999933195763648,3
8.475929948787122e-05,0.0007099683411310318,0.20927572137354233,0.7899295509843858,3
4.042092114319298e-06,0.002768314092179317,0.16803067860477128,0.8291969652100308,3
9.92926877984051e-22,1.0565160019677043e-12,2.5881207443975507e-11,0.9999999999745341,3
0.00029412156339770983,0.011571016275388134,0.0031818311873719573,0.9849530309739291,3
1.4369024768413323e-16,7.24766876389734e-10,2.419715843299938e-10,0.9999999990322976,3
4.830276883671167e-05,0.1746871045476035,0.004818502775524593,0.8204460899079066,3
2.8510803123096022e-06,0.4367212114367164,0.008434258435136375,0.5548416790472501,3
8.448603874728289e-05,0.9225391464997635,0.008848176580018536,0.06852819088154574,1
7.555095359503758e-07,0.9750554939243311,0.0009494541039414971,0.023994296461679474,1
6.097388475504425e-06,0.9986882114226635,0.0001631792341794201,0.0011425119551455646,1
1.0150750977687671e-06,0.999134424599389,3.570201047858053e-05,0.000828858313965529,1
5.0740495303172214e-05,0.9990863482722432,0.00012151242828540639,0.0007413988043108562,1
0.00040428810787282297,0.9543216505203841,0.0008696523262902991,0.04440440904639184,1
9.892857759642776e-13,0.0005707164560845731,5.5993022087111946e-06,0.9994236842412658,3
0.0003873945085743795,0.7663539812079521,0.00113218804193271,0.2321264362424179,1
1.4131516072766888e-06,0.8136172306969638,0.00042793613108514986,0.18595342002156032,1
1.6271496004684818e-05,0.9731562889133207,0.00022591881943626128,0.026601520772267438,1
7.217984993402581e-07,0.9828610841977586,0.00033830247523586755,0.016799891529440385,1
6.883988568462444e-06,0.9993049584633501,0.0003024776973077266,0.00038567985251732387,1
1.7510843023500796e-06,0.9995680645556717,0.0003649760601916853,6.520830024368947e-05,1
5.654361853770713e-06,0.9985587883594926,0.0011286665483496226,0.00030689072914321443,1
4.755604090791556e-05,0.9914579298665955,0.0020367751429933895,0.006457738949863119,1
0.0002395513799307711,0.851946984704586,0.0015900407066262,0.14622342320983509,1
1.047517556358365e-09,0.04539955424952379,1.726914793278796e-05,0.9545831755546447,3
1.1478767908421954e-05,0.3709705155975328,0.0004923640931240889,0.6285256415431164,3
0.0003065262409850736,0.9808212089630844,0.0003615509577113785,0.018510713839881645,1
1.1181762916278243e-05,0.9993401760468555,7.72146363926534e-05,0.0005714275536529,1
3.967697102594931e-06,0.9998684073295897,8.20379393746976e-05,4.5587032580114986e-05,1
5.402377426238715e-06,0.9998154486880048,0.00011038151712276598,6.87674167152829e-05,1
2.6408324860897424e-06,0.9976813928171255,0.00014970698665437194,0.002166259365540993,1
4.871148422263128e-07,0.9940458483390522,6.270480159339541e-05,0.005890959744904478,1
1.263341696193992e-05,0.9997343856272792,3.5022848312099e-05,0.00021795810867313215,1
1.7236351080119893e-06,0.9984895706870417,9.614594631253828e-05,0.0014125597326254365,1
8.342931727478791e-07,0.9991307923713976,3.9630079440262296e-05,0.0008287432562015572,1
2.5023510459981493e-06,0.9997411300278235,3.8396710654943925e-05,0.00021797090914633474,1
6.598992474201022e-06,0.9999256980729381,3.702352364376083e-05,3.067941139076433e-05,1
3.453091300059744e-06,0.9998351279114542,6.328687888403105e-05,9.813212009502484e-05,1
3.117026940801431e-06,0.9998436525928931,7.577052164076398e-05,7.745985746419124e-05,1
4.405231215870753e-06,0.9998773269706104,9.260873037007486e-05,2.565906700792008e-05,1
2.941473332495813e-06,0.9998203675691374,7.337505923031706e-05,0.00010331589690566987,1
1.706122910372372e-06,0.9992248806425601,7.526850104476493e-05,0.0006981447326192423,1
3.932575387561043e-06,0.9996695648257053,0.0002752488660510377,5.125373392145727e-05,1
1.6894578593762632e-07,0.9979914758643056,0.0012401739300671017,0.0007681812581608223,1
1.1417993332155811e-06,0.9867273980649564,0.01284542361689656,0.00042603652015255614,1
3.2945668894781745e-06,0.9794816626245748,0.020396764305724138,0.00011827850365256031,1
2.0439815404442e-06,0.9796713901736648,0.019997829433762854,0.00032873641223357057,1
4.593986639906434e-06,0.9837345237741679,0.016135662877486683,0.00012521936266174954,1
2.7815352037706116e-07,0.9647981888807662,0.03300492698620767,0.002196605980163526,1
1.3469616309347592e-06,0.9101885594499564,0.08941234794682715,0.00039774564234951903,1
2.4830561746429523e-06,0.8399151822834172,0.15996064143169328,0.00012169322972006067,1
1.1789471075243927e-06,0.741424800262876,0.25828188936210694,0.000292131426809352,1
1.0184399879110917e-06,0.6177479455640762,0.3819287902983543,0.0003222456987038657,1
1.7731327476842545e-06,0.4212370085952732,0.5775471040351506,0.0012141142367046841,1
4.345465722555537e-07,0.15212354493937047,0.8425328229105638,0.005343197602439924,2
9.810996108569887e-10,0.007757618241781236,0.9889212901391051,0.0033210906382653625,2
1.0953045569013113e-09,0.000984158115403877,0.9989558825064161,5.9958283345861305e-05,2
3.363810172813424e-11,0.00011506771690360319,0.9998775019468528,7.430304308547081e-06,2
5.542322688331329e-12,6.737805644195855e-05,0.9999268392191074,5.7827171017492335e-06,2
2.4453909350174925e-12,4.314365360748922e-05,0.9999527811249085,4.075217254047179e-06,2
1.7894482180243265e-12,2.6671419460358482e-05,0.999968809543896,4.51903372268941e-06,2
8.90271105192924e-14,4.87328307328114e-06,0.9999847536562744,1.0373059709875464e-05,2
2.322813259129575e-13,3.5605965986382165e-06,0.9999902827984538,6.156606014128753e-06,2
5.21864112068647e-13,2.2655433496592205e-06,0.999989342663358,8.391792989297153e-06,2
1.8583766885457944e-16,1.4036597112655908e-10,0.9999749292924658,2.5070566767680685e-05,2
1.1601706652841191e-14,1.1073451430534371e-09,0.9999966119196967,3.386972927095561e-06,2
1.016147042313935e-13,6.056486402658004e-09,0.9999920937210527,7.90022129946851e-06,2
2.221342199969316e-15,1.6868579053051005e-08,0.9996331223581351,0.00036686077400439367,2
7.89285016085278e-16,1.8543411452361324e-11,0.9999702872349742,2.9712745653589244e-05,2
3.863188200279788e-15,1.5525917405992444e-10,0.9999964897458758,3.510100028807072e-06,2
1.2720178233101337e-16,1.7002330990921252e-10,0.999995622240509,4.377590067798157e-06,2
9.05783782354459e-16,1.1579565830459179e-10,0.9999979540137258,2.0458691711060623e-06,2
2.07834859904877e-16,5.1467879918453564e-11,0.9999939932893863,6.0066579481114525e-06,2
3.4681115613278577e-16,7.949401047070119e-10,0.9999939455266507,6.053677360878016e-06,2
4.883385651578223e-16,3.873562106210151e-10,0.9999985234509937,1.476163179917089e-06,2
4.824124149309365e-16,4.328852176833711e-10,0.9999982644782502,1.7350904976476182e-06,2
2.074543940959922e-16,3.7795334753821445e-10,0.9999936149601244,6.38466249661019e-06,2
9.720310137711142e-16,1.2210829766504472e-09,0.9999945893033277,5.409475398912637e-06,2
2.702524000703586e-16,3.0071395551743516e-10,0.9999946800631361,5.319635231726656e-06,2
7.825648776822067e-15,6.950477837899222e-10,0.9999948813041594,5.1179999252175795e-06,2
5.729921562492553e-16,5.76514261898464e-10,0.9999577809612114,4.2218462781031407e-05,2
1.9427080839310107e-14,2.36874347321303e-09,0.9999968513379375,3.1462936811674293e-06,2
3.896722894963552e-16,1.5231789207381889e-09,0.9999925086584449,7.489818156478513e-06,2
4.471388166379815e-16,1.228006210260523e-09,0.9999976237951197,2.3749770213680562e-06,2
6.326353236762237e-16,2.45776852519404e-09,0.9999978553883271,2.1421544678397477e-06,2
1.5503992312396915e-16,1.113466404459014e-09,0.9999951541548485,4.844733141298416e-06,2
1.3693032544624185e-15,8.213962558584001e-10,0.9999983409702629,1.6582093245433172e-06,2
3.4076399096006434e-15,6.161434536609396e-07,0.9999946061252509,4.777730226086744e-06,2
4.8527238388842624e-14,2.438788129113857e-07,0.9999948479004096,4.908218943301509e-06,2
3.5058443115112273e-15,2.3887608844671446e-07,0.9999798374260489,1.9923696519730827e-05,2
2.5765012343604636e-14,9.330508377464519e-08,0.9999973115045337,2.5951893098486442e-06,2
5.67378946841671e-15,1.8058291188711422e-07,0.9999972654005533,2.554015260799549e-06,2
1.2300141928099888e-14,3.3935098202624446e-07,0.9999972112784921,2.4493690436261677e-06,2
4.019775231680945e-15,2.6132999958116923e-07,0.999991583793363,8.154878241302023e-06,2
1.5672905732979654e-14,4.915338802822796e-07,0.9999924311664419,7.077299605408792e-06,2
6.785475565622484e-14,5.315802585544104e-07,0.9999970837640607,2.3846564004133225e-06,2
2.404286682936222e-14,3.7096134371621504e-07,0.9999925502002146,7.07883930603737e-06,2
6.884258710937304e-15,4.0756532928491e-07,0.9999798966293241,1.9695805794281818e-05,2
1.0599809873151275e-13,1.8360337480538672e-06,0.9999943029668821,3.861000254766067e-06,2
4.00796984431583e-13,6.287683490482789e-06,0.999990975710508,2.7366048837135505e-06,2
2.8022841298576257e-14,5.10225017579117e-06,0.9999799068627527,1.499088847928115e-05,2
3.876394385572973e-14,1.1554876262209077e-06,0.9999951032634109,3.7412491423459046e-06,2
1.0311993345988757e-13,1.1190507955152198e-06,0.9999970964605698,1.7844869048599317e-06,2
6.115931668243457e-14,6.582156512435509e-07,0.999988457207335,1.0884577635793289e-05,2
7.352483583736055e-14,6.898183409366851e-07,0.9999669674506357,3.2342731485531445e-05,2
3.957778317807278e-12,1.2681805246269105e-06,0.9999876568251768,1.107499068361619e-05,2
8.830252368983174e-13,1.3993270522115412e-05,0.999884717358204,0.00010128937043618922,2
1.1604797302409838e-10,0.0002558458111746789,0.9996913198641775,5.283421013536045e-05,2
2.873313940049651e-09,0.0022815213945256057,0.9976891775328852,2.929820065949604e-05,2
2.4572699798456992e-08,0.021600747346254837,0.9779816155830234,0.0004176124966442593,2
3.990615494435276e-08,0.36472802814070393,0.6073726967848293,0.027899235170046253,2
2.9741027194119048e-06,0.8351860734096217,0.1616377666635637,0.003173185824062769,1
1.0503169728290831e-06,0.9208488367017926,0.07862721383835979,0.0005228991443823653,1
2.4547458404054554e-06,0.9826491474398341,0.017208831501007868,0.0001395663120776887,1
2.285299162242917e-06,0.9962951621533923,0.0036211921782348714,8.136036941457836e-05,1
2.402829138116793e-06,0.999019641706769,0.0009269574254354574,5.099803764528712e-05,1
3.2688247200296744e-06,0.9997144457086631,0.0002456863294458799,3.659913753904917e-05,1
2.0620618921250546e-06,0.9998772904825223,5.7352273658246673e-05,6.329518034331704e-05,1
2.53997195238241e-06,0.9998599276908452,8.121249868474551e-05,5.631983920558333e-05,1
4.640834877367935e-07,0.9997875152811115,3.859570931987123e-05,0.00017342492534766146,1
3.230262910009562e-06,0.9998795503821007,7.564251057055703e-05,4.15768428879919e-05,1
3.2672272347277476e-06,0.9998329258955522,6.579609017327209e-05,9.801078830245628e-05,1
3.561190147212023e-06,0.9998576792681574,7.055265426616324e-05,6.820688863855314e-05,1
3.940212181669167e-06,0.9997343714974858,9.810571988504838e-05,0.00016358257171255157,1
1.834014776783708e-07,0.9990422855658144,0.0002052194562975876,0.0007523115781961858,1
1.5454843500254796e-06,0.9996378186004561,0.00021354742510478622,0.00014708849064786156,1
1.6606137232206194e-06,0.9997871352368249,7.369552274052448e-05,0.00013750862740801494,1
4.941632361986492e-06,0.9998521904017901,5.187422839185322e-05,9.099373814259472e-05,1
1.5530374912194015e-05,0.9999318797046625,1.776079837473584e-05,3.482912322774863e-05,1
2.5041121203187184e-06,0.9998536875918463,4.054417574159675e-05,0.00010326412130235113,1
4.717834918957111e-06,0.9999161745283258,4.932839112000095e-05,2.977924609287765e-05,1
1.4531526284205455e-06,0.9997387242107286,4.6273798818857926e-05,0.00021354883852870045,1
5.361592693571427e-06,0.9999053226385638,3.614447470282852e-05,5.317129483764989e-05,1
1.004193158379607e-06,0.9997993083684832,1.8584648641824636e-05,0.0001811027902033143,1
1.5107387533589508e-05,0.999827665499809,3.980930679343336e-05,0.00011741780641165398,1
5.69378735216013e-07,0.9934682909852087,0.00015644905956950053,0.006374690575119148,1
3.787848824861224e-06,0.9975729753038726,4.8346037389798086e-05,0.0023748908107661874,1
8.861135993117728e-06,0.9994875923385738,1.7426391220248348e-05,0.00048612013525958184,1
1.3982864412962844e-05,0.9998712836650868,1.879973127082126e-05,9.59337402059174e-05,1
8.044968274297267e-06,0.9997223085928496,1.787979208529476e-05,0.0002517666454874246,1
4.78244858738943e-06,0.9998937726886805,2.8413875164968022e-05,7.303098692023294e-05,1
7.15780860662296e-06,0.9998999848208713,4.1850259473171e-05,5.1007109719392366e-05,1
3.2695053411191724e-06,0.9998524201171329,7.945547707078093e-05,6.485489873391972e-05,1
7.132206365301717e-06,0.9994944326900009,8.802472199254242e-05,0.00041041038256672813,1
0.00017310386812763973,0.9960838596861235,4.219032112986801e-05,0.0037008461245876946,1
0.0007929253486475619,0.8675834018320211,1.1048940689233889e-05,0.1316126238775439,1
0.10774364482980832,0.8600759152208253,7.178331426840266e-06,0.032173261618912916,1
0.25859983385181784,0.7284766954743501,3.5616952967362106e-06,0.012919908979609714,1
0.5020221052490589,0.4817773811535033,2.75751651770372e-06,0.01619775608065782,1
0.9647863819136192,0.011852978230734432,6.024607259989988e-08,0.023360579610531437,0
0.9914017363261513,0.002049391328054295,2.6021443843793917e-08,0.006548846324923578,0
0.9823836421318567,0.0013941601378655729,1.0927158159030713e-09,0.016222196635966902,0
0.9987967475976905,0.0003149320565476697,1.910371759005372e-09,0.0008883184336958746,0
0.9988355651164981,0.0005963601239802608,1.8199331208707538e-09,0.0005680729378517229,0
0.9947066925808803,0.0041067437525425235,6.773139967402519e-09,0.0011865568926710667,0
0.9597561138898896,0.03535705416193711,5.125255411629504e-08,0.004886780697203284,0
0.8443114519891725,0.11670449908568219,1.875716184715185e-07,0.0389838613536371,0
0.6125278193961022,0.35104320867549377,2.5421507082692704e-06,0.036426429777000495,0
0.05153003764867067,0.9348071762355126,5.214836902977771e-06,0.013657571280244137,1
0.004187130889106712,0.9951072593043003,1.4871143484600668e-05,0.0006907386620094661,1
0.00018500274165969186,0.9992186764342751,1.8214404247488645e-05,0.0005781064192483214,1
4.9211791897278836e-06,0.999444243014043,5.09823663686512e-05,0.000499853439062557,1
5.279274212658786e-06,0.9999050091036311,3.094756300154736e-05,5.876405793480948e-05,1
3.093901589033173e-06,0.9996967938054401,0.0002622608810558573,3.7851413108492646e-05,1
1.0199057827216373e-06,0.9995750841957769,0.0003086911529915225,0.00011520474540088273,1
2.5515739852846296e-06,0.9995757703509135,0.00035741995449062227,6.425811914214616e-05,1
9.272751121680192e-06,0.9998995774771942,3.064838474004675e-05,6.050138695989484e-05,1
1.8122806418848084e-05,0.9998960773461741,1.4089811917018464e-05,7.171003722234584e-05,1
0.00012791420729960922,0.9991392528718754,2.466122101379913e-05,0.0007081716993544342,1
0.006223629246587453,0.9868320400265356,0.00019391772400032377,0.00675041300431233,1
0.10061949071664031,0.47988429560041346,3.05317421147269e-05,0.4194656819398683,1
0.10656304745432953,0.014686852248980958,1.1807798796173497e-08,0.8787500884889445,3
0.9581580763193163,0.003891588648478738,6.778777675961541e-08,0.037950267246010194,0
0.9935481401607362,0.002062085543603708,1.2748757750711285e-08,0.004389761545095734,0
0.9982189989380736,0.0007384234023233901,1.8368910182393813e-09,0.0010425758238213198,0
0.9990838796721629,0.00027141757471373025,1.2719153312703014e-09,0.0006447014795216516,0
0.9947027490539745,0.0008021531373759392,1.8213839859100912e-09,0.004495095986970736,0
0.9759556793485546,0.008130555092396586,2.2639557009696228e-08,0.01591374291770431,0
0.7904176268183406,0.1960811886969457,1.2119380001326684e-06,0.01349997254795032,0
0.4969392937013502,0.4945675363890777,2.0296094109625298e-06,0.00849114029962133,1
0.30534816990940383,0.6894126415590687,2.678315528922498e-06,0.005236510215128613,1
0.1264481361089736,0.8702880671380209,3.862280459588257e-06,0.003259934474236673,1
0.00963922929479345,0.9897676485668281,1.3781302948284879e-05,0.0005793408367114163,1
0.00024972927660500026,0.9996159746517684,3.1036033228766e-05,0.00010326003864482546,1
1.2324276055104749e-05,0.9999175531058111,3.389476135773615e-05,3.622785665978587e-05,1
3.7653217367410596e-06,0.9999223420378408,2.886077303704483e-05,4.503186914196322e-05,1
4.201984048248285e-06,0.9999042547278983,5.5270004076126085e-05,3.627328332922998e-05,1
3.0306711747387668e-06,0.999883165325572,6.236775593124822e-05,5.143624900292933e-05,1
3.572479038989864e-06,0.999766164089045,0.00010999174276761945,0.00012027168959093313,1
1.5341908612348823e-05,0.9993940082733488,0.0004977431917843857,9.290662682398494e-05,1
0.00034582447880260195,0.9900026798579957,0.0034234616960734502,0.006228033965683066,1
4.60644927905327e-09,0.38548532374923883,0.014438859014057084,0.6000758126296116,3
9.342598677201996e-05,0.8959036468524397,0.049864285738511614,0.05413864142227188,1
1.43379159663944e-05,0.9410399865546566,0.05740509631470876,0.0015405792128815074,1
2.279469357806421e-06,0.9141695511266659,0.08558955010525446,0.00023861929972710804,1
1.1750560068273e-06,0.7972339293303145,0.20244090874358175,0.00032398687105715345,1
9.630513693402134e-08,0.29860215638696574,0.7009958536193888,0.00040189368818343315,2
1.9949792250042776e-10,0.0017335719995304139,0.9979662543922578,0.0003001734090647252,2
3.0234404600362043e-12,3.3849522852967125e-06,0.9999930753459569,3.53969766096054e-06,2
1.2513620199099638e-14,4.136213255958857e-07,0.9999963111035696,3.275273296721015e-06,2
9.761897352743458e-14,4.884651988689528e-06,0.999992817029456,2.298318231911306e-06,2
3.210165992708139e-14,7.457900108465977e-06,0.9999876006263754,4.9414744969205044e-06,2
7.899695315396619e-14,3.3844466702054633e-06,0.9999944650997731,2.1504532061165393e-06,2
8.751872694590623e-14,5.358046320281807e-06,0.9999917617545283,2.880199403514441e-06,2
1.867497649734097e-13,1.2635191055936e-05,0.9999827114264199,4.6533813066643186e-06,2
9.758376178860697e-13,2.6662680980960284e-05,0.9999697152490876,3.622070101637028e-06,2
2.5636182849669772e-12,4.205269784254412e-05,0.9999534437007485,4.503598343214067e-06,2
3.705394745317425e-12,0.00010578185439056675,0.9998892524738593,4.965667930070451e-06,2
1.8057964582717433e-12,2.659820371661092e-05,0.9999684292087853,4.972585930001271e-06,2
2.0150925308691485e-12,4.135826607460776e-05,0.9999532632435898,5.378489300388052e-06,2
1.598963535969637e-12,3.090505361545868e-05,0.9999640036624948,5.091281530738896e-06,2
1.4552753081164433e-14,1.5396334117304365e-07,0.9999920274303292,7.81860702878365e-06,2
2.6413023345875688e-12,1.195664078166573e-06,0.9999954904371224,3.313897357536305e-06,2
6.612324774540302e-15,6.921421748366854e-07,0.9998185956294972,0.00018071222992807303,2
1.4577154031645802e-11,9.754994448262688e-06,0.99997956180018,1.068319218821298e-05,2
2.419960164565975e-11,9.036504858978422e-06,0.9999791365328777,1.1826937810685357e-05,2
2.581610653264569e-09,4.0588697722594e-05,0.9993689424731085,0.0005904662461069471,2
6.596128312924192e-10,8.830077812069333e-05,0.9429426736058604,0.05696902495651529,2
1.4700971533668598e-07,0.0009652767579261701,0.775775001161813,0.22325957506916574,2
8.969861328261066e-23,3.931831251237555e-13,3.968794491096694e-05,0.9999603120540645,3
1.928712899344852e-06,0.00019600690799156185,0.9605133606463512,0.039288703732101644,2
2.1002487771331145e-11,7.542503762845863e-07,0.969066902233898,0.030932343494939167,2
7.301130168176927e-12,7.79198257748133e-07,0.9979689590873209,0.0020302617057111495,2
3.2022462498673906e-11,1.30905484726881e-07,0.9999861794722239,1.3689589710107783e-05,2
1.5398855628756803e-11,5.040071495491575e-07,0.9999551501658708,4.434581256170079e-05,2
7.281129424228024e-16,1.5880340318088188e-07,0.9975121552824266,0.002487685914248473,2
1.1715829289128883e-11,1.445529865953313e-07,0.9999811605549661,1.8694878513798096e-05,2
2.5534249831905465e-14,3.5816234175733046e-07,0.9999869102777633,1.2731560843706802e-05,2
1.279767918063026e-13,7.157162791641404e-07,0.9999968030584739,2.4812259758392203e-06,2
1.1843817064005e-13,1.0116072217357312e-05,0.9999841406809309,5.743248429488289e-06,2
1.0636746764060549e-12,5.661827894784596e-06,0.9999831031609199,1.1235009481765703e-05,2
9.500378067618158e-14,1.45904480948496e-06,0.9999376327309265,6.090822320316841e-05,2
1.9568322749376202e-11,7.248479150115705e-07,0.999993069223281,6.205908950722621e-06,2
1.947263171251181e-14,8.314976888382143e-07,0.9996827631136624,0.00031640538986458855,2
1.4062612883922897e-09,3.704691832269174e-05,0.9999271585121108,3.579316333982368e-05,2
3.3024503897542022e-09,0.023506135394071554,0.9756699378563221,0.0008239234455325962,2
2.8876658646173647e-07,0.41834613627142136,0.5793674660906344,0.002286108871323172,2
3.201778086955674e-07,0.8834436232006964,0.07998685354275173,0.036569203078446355,1
1.755129666538008e-05,0.9882173033217005,0.010144655291695623,0.001620490089892307,1
4.4000671825476815e-06,0.9988390549472022,0.0010299927784069938,0.0001265522075684843,1
2.175889544631578e-05,0.999582122929312,0.00015212535530825737,0.00024399281950618994,1
0.00036284023339786995,0.9825648105965678,6.03414335871106e-05,0.017012007737509865,1
0.11962428577722302,0.8301254195378867,3.849532075595498e-06,0.050246445154449836,1
0.40667027330133115,0.5669471473069406,3.976586355236583e-06,0.026378602806233033,1
0.7514614209340013,0.20513819012313075,4.823122030757827e-07,0.04339990662914238,0
0.9306786986655028,0.058461453904234684,1.3125839811438107e-06,0.010858534844888279,0
0.9512509421417699,0.011739264563685807,3.257712490323268e-08,0.03700976071655019,0
0.9935111253085782,0.002553235551243471,8.920220732768178e-09,0.003935630219297542,0
0.9983734335421542,0.00013339660363415444,1.1536501337709421e-10,0.0014931697386801033,0
0.9996441546735164,1.3362834900141494e-05,4.265814393377307e-11,0.0003424824507148702,0
0.9988001106613269,3.6760897517824535e-06,1.5018800453347226e-11,0.0011962132352591147,0
0.9929529375636776,9.01991441368927e-07,3.791390197114902e-11,0.007046160406055286,0
0.8157783313875925,1.684480611294015e-08,9.856020524137152e-13,0.1842216517659825,0
0.7945957250066759,1.0280350359986652e-07,2.4181195112467024e-10,0.20540417194757765,0
0.014274969214103943,3.2446244538932584e-08,1.8512197425187638e-12,0.9857249983371554,3
0.25371428914444666,0.00035037188388864797,1.6608660314238858e-08,0.7459353223638464,3
0.9216442272982552,4.838428025653093e-06,9.271457209672519e-11,0.07835093418226743,0
0.9982087589171809,2.1009048243562322e-10,1.3814812148506079e-14,0.001791240873681929,0
0.9998164605401543,6.349092698461271e-11,1.1769127792873998e-15,0.0001835393971322254,0
0.9994666438542427,8.73931812357157e-11,5.785819285367066e-16,0.0005333560592774587,0
0.9977123442425544,9.693728948955442e-13,4.212017208421777e-17,0.002287655756970908,0
0.9987750055553785,1.1938325202736639e-12,3.2972817624556833e-15,0.001224994442659023,0
0.9695647605750091,5.457832202551475e-13,3.333909508152684e-17,0.030435239423649636,0
0.9919288019649255,6.423306279722356e-14,9.505374033956898e-17,0.008071198035976687,0
0.9993691154807363,4.839343820442033e-15,5.729867148495797e-18,0.0006308845178104009,0
0.9996907391239327,1.335821988806324e-15,5.197600274406134e-19,0.0003092608773490707,0
0.9994107690203806,1.0204590535835423e-15,4.327472466629134e-19,0.000589230978086008,0
0.99856847253151,7.4648550434746e-15,5.213038955461027e-19,0.0014315274676369033,0
0.9997812212072302,5.960747551425022e-11,9.059923345652102e-16,0.0002187787349286347,0
0.9995499449452975,1.9732885164498542e-10,1.071660195111932e-16,0.0004500548561579896,0
0.9998324095308616,2.3173813683695094e-10,2.7082411094150774e-16,0.00016759023900341362,0
0.9998074548894279,1.7050071515170282e-08,6.446571879088777e-15,0.00019252806214593252,0
0.9995326872356244,1.1390141407575168e-07,2.730683987050195e-14,0.0004671988646309626,0
0.9996081531187448,4.7166117848321405e-08,1.7411507457047117e-13,0.00039179971668057266,0
0.9982445601487896,2.1231432802196566e-07,5.951883650396425e-13,0.0017552275348599457,0
0.9966204563978648,4.776501839339738e-07,3.703604246481099e-12,0.0033790659485026537,0
0.9975626528589291,9.143501298684293e-10,1.1048766025940644e-14,0.0024373462265449538,0
0.9996913326622733,1.1126868054870304e-09,2.1528622889045006e-14,0.0003086662265696886,0
0.9990052016369301,6.63433614909083e-10,2.5789452513164873e-15,0.000994797699905295,0
0.998626816010417,3.1446210166556176e-09,3.4586413566502054e-13,0.0013731808454923078,0
0.9592457399920332,8.955969236501108e-08,3.738714110326175e-12,0.040754170444092304,0
0.07647682170854689,1.0599545142866425e-11,7.374816244058972e-16,0.923523178281365,3
0.2076377984631985,1.0909583008047256e-10,1.0084804479454322e-11,0.7923622014174989,3
0.21499930002985915,7.294676955572567e-08,4.070206813895643e-10,0.7850006266178143,3
0.0056367059597438275,3.60550989773355e-12,1.2880908955049201e-15,0.9943632940376257,3
0.9622005391223395,2.4598890275335007e-09,4.665169871116306e-13,0.03779945841803216,0
0.998002617917406,2.976221837897212e-10,5.745323344986747e-14,0.001997381786653627,0
0.9990744040896212,3.329917140025342e-11,3.5151555110195535e-15,0.0009255958779605074,0
0.9983206283726537,1.644284291540713e-10,1.0692898628903575e-14,0.001679371463826186,0
0.9951889595479106,7.601334726605871e-10,3.882601108324033e-13,0.004811039693321468,0
0.8958444259370179,2.2331863486043988e-10,3.736649186144604e-15,0.1041555738380833,0
0.9625822541457456,3.4630297821784224e-09,1.5750615512440965e-11,0.0374177423766412,0
0.9330223825722602,1.2103407362122463e-08,2.556455462512147e-11,0.06697760530039498,0
0.712200816948908,3.7484065956518584e-08,8.404104326095654e-12,0.28779914556030306,0
0.8291584933087073,2.2658389664305016e-06,4.0406963287732604e-09,0.17083923681149418,0
0.60580351171415,8.353161934514879e-07,5.465804262544849e-10,0.3941956524215481,0
0.004112835030729245,5.619861641885649e-10,2.6457851355188255e-12,0.9958871644060657,3
4.0742875108828254e-05,1.2355488808466553e-08,2.7376930403100333e-11,0.9999592447431171,3
0.013441070447381114,5.629799465283132e-07,3.550176680322003e-11,0.9865583665360553,3
0.9324109288195433,4.390131291696085e-05,4.474128764054521e-09,0.0675451653930812,0
0.9884627595800819,2.0827683473401775e-05,2.4123049599260432e-09,0.011516410323806875,0
0.9947256993970425,2.4065025207198966e-05,2.657230787545831e-09,0.005250232919527368,0
0.9867246094909916,6.871825622673598e-05,1.7023272438903954e-09,0.01320667055143082,0
0.9800156617982482,4.878279812535865e-05,7.957393449878033e-10,0.019935554609208418,0
0.9872348611165286,0.0003521505315167715,2.9345502047915877e-08,0.012412959005350435,0
0.9224036324007784,0.0019152257876565622,1.1319274697856874e-07,0.07568102861730111,0
0.055221142883484266,0.003190887675263181,2.396176606311189e-08,0.941587945481214,3
0.039485483801236024,0.018076697715662383,8.706818688332682e-07,0.942436947802645,3
0.37766149611509486,0.3074656797931906,1.8190461144043087e-05,0.3148546336319518,1
0.3192230592814095,0.4193433613403493,4.2940311606821845e-06,0.2614292853475725,1
0.17051273340879505,0.7857303249507536,1.918712808039086e-05,0.04373775451084453,1
0.08639643400815183,0.9055576484748296,1.283845022987279e-05,0.008033079067208732,1
0.032263108233766505,0.9188815731245534,2.4232198243123107e-05,0.048831086443393644,1
1.687212900142405e-05,0.8072737160031663,0.00010426877317274791,0.19260514309511093,1
8.622543565854357e-06,0.8908988008159786,0.0001767562604019003,0.10891582037914871,1
1.9923144616556654e-05,0.9812654956655179,0.00010420620979042966,0.018610374980289612,1
6.975856611991904e-05,0.9994719320571329,1.4157968579393868e-05,0.00044415140816944084,1
2.76484872208477e-05,0.9999117079877237,1.132642218365905e-05,4.9317101309939376e-05,1
6.7447508422305695e-06,0.9998574266283323,3.2219513206876557e-05,0.0001036091089457706,1
9.892927602542493e-06,0.9997682486348187,1.8749883403328102e-05,0.00020310855551763875,1
5.533973385881355e-06,0.9995353010325582,1.961370722656443e-05,0.0004395512873952792,1
5.280241787275008e-05,0.9997038999913239,8.020934361682753e-06,0.0002352766570033715,1
1.2816139410927543e-06,0.9977158199422087,1.9862253512596824e-06,0.0022809122199803724,1
1.9404142361258784e-05,0.9988875348091382,3.380351013117622e-06,0.0010896806964485767,1
5.212758242560598e-05,0.9997597818406674,8.189964088418528e-06,0.00017990061175025314,1
5.189117855846946e-05,0.9998396689821248,1.1193271468661172e-05,9.724656955073331e-05,1
8.51954332359633e-05,0.9995221013715784,7.5831334754057625e-06,0.0003851200599474233,1
1.6334115189719386e-05,0.9920682782668706,2.3023142813713847e-05,0.007892364474917646,1
8.05437671453684e-07,0.9848049262300836,1.9351440816601048e-05,0.015174916891944152,1
5.581925465288757e-06,0.9990756917024625,1.4074079610581227e-05,0.0009046522917140154,1
2.023140376909621e-05,0.9998956782614391,2.3846575018363628e-05,6.0243760131108935e-05,1
5.1572922857923774e-05,0.9990003311306344,0.00025908513493479537,0.0006890108113302917,1
0.00019133822562123149,0.9363945638373249,0.0013894958939155348,0.06202460204401527,1
1.9100264552038998e-10,0.028748102010188896,0.012631803558292343,0.9586200942390406,3
1.746239850270188e-05,0.2793733024624835,0.5867546578120267,0.13385457732798403,2
9.574215810357467e-07,0.1645162598029097,0.8293419010397588,0.006140881735467051,2
8.371312170242422e-07,0.0592942307737849,0.9403083164555675,0.0003966156403186366,2
1.1407276384766889e-09,0.009553781657457924,0.9884062577011373,0.00203995949899401,2
7.795984796393726e-08,0.0057788378549638985,0.994166458340072,5.4625846327713605e-05,2
1.077348454441098e-07,0.006225218910381354,0.9935944322023657,0.00018024115190051494,2
3.0091740814877016e-07,0.0050676090637037105,0.9913865394561696,0.0035455505624303555,2
8.940259714135964e-11,0.0025345436467116263,0.9702905019439283,0.02717495431887871,2
2.145986669952171e-07,0.003035784809294269,0.995271029927244,0.0016929706659739375,2
9.195502251121756e-09,0.0022031410603042378,0.9973581814171658,0.000438668326741127,2
2.2137801400581942e-09,0.0013215393324293766,0.9985784729242891,9.998552998463434e-05,2
2.156245634031839e-09,0.0011476855670115122,0.9988281962770253,2.4115999293891476e-05,2
1.3491958802064775e-08,0.0010249554577418086,0.9988499366828425,0.00012509436579661974,2
9.363474109729692e-09,0.0012337515520417074,0.9961811238026179,0.002585115280064591,2
8.583686354137358e-13,3.531244307996147e-05,0.9912104596322954,0.008754227923019343,2
2.987304423053091e-09,0.0001373322173885454,0.9997624959975111,0.000100168799250199,2
2.771067568871226e-10,4.1794573745664644e-06,0.9999848368301192,1.0983434466819268e-05,2
4.263676590553884e-14,8.26988256148391e-08,0.9993456848140121,0.0006542324875978932,2
6.363673070041291e-10,3.784769130252993e-07,0.9994809795986662,0.0005186412888572931,2
1.0667225144354828e-11,1.8153189455961445e-05,0.9961311192728729,0.0038507275262509295,2
1.9527950056893795e-07,5.7099698052427415e-05,0.9983491121024964,0.0015935929188804923,2
6.143579680288618e-14,3.738743993877814e-06,0.9869411291452715,0.013055132111306355,2
3.0409283794809905e-07,0.0006541252712066711,0.9985232286441222,0.0008223419928995213,2
3.4701791561984525e-09,0.005569807211199773,0.9929126628543652,0.001517526464915721,2
5.201148274626911e-09,0.0006606558164291355,0.9993052317220062,3.410726071189983e-05,2
3.5038633530010844e-10,0.00016972442209130725,0.9997696276957792,6.064753063437604e-05,2
3.937574653631992e-12,5.1071250317414135e-06,0.9998030055876964,0.0001918872826877944,2
3.5663914553371144e-14,9.17860075271856e-07,0.9998409070868554,0.00015817505401031305,2
5.316029920772332e-12,1.5109338506543287e-06,0.9999957018791575,2.78718022994198e-06,2
1.4930097929818886e-14,5.932049994197553e-07,0.9999817488270571,1.7657968048041447e-05,2
2.072893696978681e-13,8.444184860561435e-07,0.9999911643307489,7.991250053580212e-06,2
3.8897111772530306e-15,7.079415771669245e-07,0.9999711497817678,2.8142275030528604e-05,2
6.035168787300029e-13,4.257820753092548e-06,0.9999925080181654,3.2341593460045198e-06,2
2.029056254717238e-13,4.163503094602773e-06,0.9999919521065813,3.884391166054684e-06,2
1.1110394316199638e-12,2.8327172910816163e-05,0.9999630582226632,8.614602186409577e-06,2
6.657415137610909e-13,3.897002722078979e-05,0.9999474605589014,1.3569411617511848e-05,2
7.69150882910262e-13,8.882423706247563e-06,0.9999878254543412,3.2921197751738874e-06,2
1.9242249955904128e-13,1.1012450170654042e-05,0.9999845722912606,4.415257291978207e-06,2
1.616233157778116e-12,4.890085022114428e-06,0.9999876246367381,7.485275299184039e-06,2
2.40418536413882e-10,7.2632236420543365e-06,0.9998846143134262,0.00010812222403825176,2
4.4056230051196483e-17,1.3659567139816328e-07,0.9868132723497707,0.013186591054697726,2
3.3025139696079206e-11,1.1901295640851007e-06,0.9998468999905334,0.00015190984610215477,2
4.753837104417775e-14,3.010900036238994e-08,0.9999946656422649,5.3042492880409626e-06,2
4.846648217005237e-15,9.867527452929267e-08,0.9999969564315438,2.9448947632028594e-06,2
7.467781874999553e-15,6.840431804283891e-08,0.9999956897647403,4.2418294547077546e-06,2
9.559722863342651e-14,3.7512554100425536e-07,0.9999920728028402,7.552069736000355e-06,2
3.173378639051328e-16,6.336017705931949e-09,0.9999461001145452,5.389355077547279e-05,2
9.14328945412147e-14,1.0130037196054098e-08,0.9999978915206558,2.0983502851012485e-06,2
6.650368650835867e-16,3.5647616271889876e-09,0.9999919213113391,8.075123055642605e-06,2
2.5609853387013573e-15,5.780700178388876e-09,0.9999932574364658,6.73678420865259e-06,2
6.759761406245782e-16,1.034737458493198e-08,0.9999973329758272,2.6566750314397897e-06,2
1.389238988715552e-15,3.998583376915452e-08,0.9999986557750102,1.3042396933459401e-06,2
3.341674950673229e-17,7.934643898869373e-12,0.9999983855172404,1.614474091694512e-06,2
3.344618958080967e-17,1.0385309652865445e-11,0.9999983351276786,1.6648633783551735e-06,2
1.3659692710790216e-15,1.78580626918056e-10,0.9999986488519459,1.3509704728575987e-06,2
8.639963261645003e-16,1.4945503652575706e-08,0.9999812036023592,1.8781450439125176e-05,2
3.319108355533763e-14,4.2795559455820325e-09,0.9999887234352245,1.1272284754578208e-05,2
2.5878292909871192e-15,2.3391940972122415e-08,0.9999808004055522,1.9176202562158918e-05,2
3.318542474320068e-15,6.30032745592663e-10,0.9999975178537962,2.481517682880356e-06,2
1.4013258936664098e-16,1.4078027126584463e-09,0.9999971433285157,2.855262893387124e-06,2
8.199481214300484e-16,8.173068239859281e-09,0.9999987694544257,1.2223730370059632e-06,2
1.0028140938828113e-15,1.587730145532176e-08,0.999998602864319,1.3812578663234284e-06,2
8.96941755691062e-16,5.79633867608082e-08,0.9999957057572263,4.236278823073271e-06,2
9.158908656672851e-14,2.4991937446154663e-06,0.9999955396660308,1.9611411573896867e-06,2
3.7348182380791646e-14,9.578358341924539e-06,0.9999859587263831,4.462914619277603e-06,2
8.058605239380912e-14,2.5899657026731477e-06,0.9999950863432544,2.323692723358561e-06,2
2.487183973511043e-12,8.81276755297013e-06,0.9999876897957722,3.4974334864429253e-06,2
2.583721607132046e-13,2.5408756554519354e-05,0.9998455401085693,0.00012905113459938606,2
2.4160730705062793e-10,6.343475067641086e-05,0.9999283678889873,8.197118335661343e-06,2
3.2712377316971376e-10,0.0011898905560229146,0.9987941377850624,1.597133071302758e-05,2
4.392732202403678e-09,0.007414105498528905,0.9924259395250726,0.00015995058366064638,2
5.759296777899201e-09,0.006508548845100919,0.9932803278955971,0.00021111750143815974,2
9.825872201607341e-09,0.00540676962646207,0.9945644686730076,2.875187544899582e-05,2
1.3482403665441985e-09,0.0023966017276402245,0.9975518460249885,5.155090000319212e-05,2
7.213835133455349e-11,0.00035096317943778893,0.9996303429112693,1.8693836203286612e-05,2
1.0985994914374163e-10,0.00014784109172392014,0.999847195694785,4.963103266160261e-06,2
4.226349668835277e-12,7.63754987414012e-05,0.9998941045935748,2.951990167105649e-05,2
2.497121594563666e-11,7.719254606900359e-05,0.9999180088270481,4.798600703276515e-06,2
9.033029516308815e-12,1.9172994330395346e-05,0.999965495304914,1.5331692404329133e-05,2
1.9972071175105806e-10,0.0008362681997382404,0.9991390125430623,2.4719058568121935e-05,2
8.786422541117875e-09,0.012305893247821673,0.9875955518485378,9.854611731600235e-05,2
2.1881677679152571e-07,0.060314830086083,0.9363510476509735,0.0033339034449009915,2
6.155278819130072e-08,0.20671677330355792,0.7009962681073775,0.09228689703744813,2
1.1677024584580496e-05,0.5705331075088406,0.4245559304789694,0.004899284986024092,1
2.218860766450994e-06,0.7449648667108767,0.25461116731166483,0.0004217471174746602,1
8.873061831961242e-07,0.8811945348201453,0.11838825380954576,0.0004163240624583093,1
1.5749295860756844e-06,0.948443159909682,0.05109118424004856,0.0004640809193815517,1
2.9339713943399986e-06,0.9799234533619416,0.020005407444259462,6.820522230165868e-05,1
2.7338755512708648e-06,0.9874587518085141,0.012479360193265171,5.9154122706456835e-05,1
1.8900800875548983e-06,0.9879080326094591,0.01194842702330309,0.0001416502885738164,1
3.591272560406105e-06,0.9874185662084475,0.012541188139157007,3.665437899512365e-05,1
2.6812971375273383e-06,0.9781754346081338,0.021768234634929867,5.3649458098455715e-05,1
2.237245595561199e-06,0.954372098239948,0.04551792318095073,0.00010774133267202515,1
2.6753011347218136e-06,0.9077271036786924,0.09215875075844454,0.00011147026207332009,1
3.378311272980892e-06,0.8407825794666126,0.15903847569796842,0.00017556652433611036,1
1.1506498085771321e-06,0.8206645773953082,0.17733727528182325,0.001996996671415282,1
2.7497072585170433e-06,0.8541530097080142,0.1456259348596445,0.00021830572370492093,1
1.456237627438515e-06,0.9147954300565495,0.08502669651565965,0.00017641719189223892,1
2.2322340981039473e-06,0.9680978565638803,0.03179676273080061,0.00010314847014525908,1
3.8130456788181246e-06,0.9946961243624577,0.005259087163908091,4.097542863211054e-05,1
3.6941738374776732e-06,0.9991042931901791,0.000858926045741145,3.3086588690599856e-05,1
3.006941587165667e-06,0.9997978551977543,0.00016288543728337654,3.625242457224551e-05,1
3.3499891155789768e-06,0.999742122983074,0.00021786694512767853,3.666008111053906e-05,1
2.7499436687783633e-06,0.9998178573558857,0.00011942931658653816,5.996338427734962e-05,1
2.3031136319322754e-06,0.999874037166144,8.113650914480943e-05,4.252321230747408e-05,1
1.5339035057004674e-06,0.999847071498625,6.847124031368436e-05,8.29233587571714e-05,1
4.376162045462875e-05,0.9998050642947395,4.6223438073084814e-05,0.0001049506477333315,1
0.0011715218962178016,0.9924597819832195,5.757337429582265e-05,0.006311122745185118,1
0.06066551992548749,0.9283473418002406,3.456676159891701e-06,0.010983681599596826,1
0.8533805714761821,0.13186543252612423,1.1284785594191719e-07,0.014753883148344107,0
0.9958011602068754,0.0019178838806608027,1.53690300113883e-09,0.002280954376127549,0
0.9996316663196251,2.4093649887071425e-05,9.320098931351281e-11,0.00034423993896176054,0
0.9986207481440306,2.7431466187981214e-06,2.347111133264885e-12,0.0013765087071067614,0
0.9992375195848642,4.743486037903514e-07,1.774810382120965e-11,0.0007620060484493903,0
0.980654892452259,2.439098435736304e-06,1.041678045416647e-12,0.019342668448535376,0
0.997121093003571,1.8256668387541444e-07,1.1179922080376539e-12,0.00287872442793388,0
0.9997030745532034,1.437061316623421e-07,4.959518337637621e-13,0.00029678173899395205,0
0.9995714192053424,2.193961070924265e-09,2.8069115864553913e-14,0.0004285786004274919,0
0.9933817664433711,2.7821573756977395e-09,2.805712708745023e-15,0.006618230773206231,0
0.999005335715739,8.746924466328619e-07,1.4287619749559302e-11,0.0009937895787179238,0
0.9986705405379537,7.976217571839448e-05,1.057480340732541e-10,0.001249697180546548,0
0.9989877106014787,0.0003446590596183599,8.514195396836992e-10,0.0006676294877463315,0
0.9992158940902318,0.00024202699173354346,3.664070426580229e-10,0.0005420785503916909,0
0.999437242196113,0.00013946591032097634,1.8358222589564106e-10,0.00042329170829099694,0
0.999396495411423,1.4784553284522811e-05,2.1627444948396572e-11,0.0005887200132392321,0
0.9992571393165001,2.3383243089532197e-05,5.757321803678473e-11,0.0007194773819785667,0
0.9969221076532891,4.673529646307927e-05,2.988878723891122e-11,0.0030311570185853932,0
0.9989977690645259,2.4915603302131517e-05,4.5527726188606947e-11,0.0009773152866895164,0
0.9996710115728877,1.666724658865442e-05,1.8084354134946856e-11,0.00031232116379325306,0
0.9994635715555362,4.230400270079102e-06,3.9774775245359185e-12,0.0005321980414499451,0
0.9987267414675401,3.092984707004022e-06,5.108301552131676e-12,0.0012701655432120452,0
0.9981405041654059,4.7112789474226366e-08,1.9311255592552006e-13,0.001859448722956144,0
0.9986165148414275,2.7603490557662494e-08,1.211913430345643e-13,0.0013834575559069737,0
0.9995715949898832,1.746618462437568e-10,9.046406204645714e-16,0.00042840483546268684,0
0.9997689510168891,1.422223949610241e-10,1.3123879956321065e-15,0.00023104883978105297,0
0.9985549146683041,2.527946236488952e-10,8.183278201168761e-16,0.0014450850788298875,0
0.9988733743353523,3.8707703259191097e-10,2.2227492842733398e-15,0.0011266252758390391,0
0.9997595529649566,3.3111152800254454e-09,3.4265224672526247e-14,0.00024044372289309547,0
0.9986715342900521,8.033474973481495e-09,1.3984388344984302e-14,0.0013284576782412521,0
0.9981913503507057,1.8907205680203414e-09,3.2428093822949504e-13,0.0018086477591497806,0
0.9667645599362782,7.370428690983748e-09,1.2688957721222166e-12,0.03323543269045274,0
0.926798667727108,1.9425326695305462e-08,1.3247397321788883e-13,0.07320131284596187,0
0.9967319847286655,2.798153733520991e-10,7.349263292198549e-14,0.0032680149925749563,0
0.9991457693021993,1.0165688417268084e-10,1.7427741884335297e-15,0.0008542305971417914,0
0.9996821958019007,6.898830944365536e-11,6.958047776148915e-16,0.0003178041274090125,0
0.9993949163083732,1.1710126525365225e-11,4.779887054820327e-17,0.0006050836803872298,0
0.9996588238452914,4.045359645081933e-11,8.244227169136461e-16,0.0003411761159662718,0
0.9984075941143387,6.652453669382111e-11,2.89487987064559e-16,0.0015924058197766587,0
0.9996110839376966,1.997827798896404e-10,1.5950001644159136e-15,0.00038891586384599385,0
0.9996262124709057,6.64528063427723e-11,2.9560887766547968e-15,0.0003737874617072223,0
0.9939623345408508,5.261963337791564e-11,8.031631602048531e-16,0.006037665406511281,0
0.998237765331509,5.270864365438244e-11,1.961584446244628e-15,0.0017622346165034658,0
0.9996455716830817,7.312271735799847e-11,7.103323946219875e-16,0.0003544282426586861,0
0.9997889730815303,2.2061216745510582e-10,3.6800050678795667e-16,0.00021102669921990489,0
0.9997297154195298,5.633179075459082e-08,1.0199303670651311e-14,0.0002702282499024051,0
0.9997342541892928,4.778061759533085e-08,6.7532853884586e-14,0.0002656980285300335,0
0.9988726409422923,1.2402579805831409e-08,5.4804584898126874e-14,0.001127346655955059,0
0.9960747793400766,5.030752481445618e-08,7.50553522773966e-14,0.003925170350522295,0
0.9992422908499697,2.3263344569816405e-09,2.6964528916425455e-13,0.0007577068251099884,0
0.995483408700487,5.2998565509868e-09,4.384318475891807e-15,0.0045165860008631875,0
0.9996340207660106,2.155458894167455e-08,8.346133782746264e-14,0.00036595767858900186,0
0.9998145644553263,1.0025515500920502e-08,4.980542022620751e-15,0.00018542551853844511,0
0.999788498774767,3.0364461404002295e-08,1.4224172167694273e-14,0.00021147086179035496,0
0.9993601302343547,3.040086674843409e-08,4.505025403448642e-14,0.0006398393659111625,0
0.9978923509675718,4.8058877000523934e-08,3.3510110125566975e-13,0.0021076009735737115,0
0.9962195310787281,9.430043198959463e-08,8.859034444771317e-13,0.003780374619308533,0
0.998564149430833,2.8895616792473123e-08,1.593824880544763e-13,0.0014358216749222334,0
0.9995522124068035,2.1504079270406555e-07,2.572070160178834e-12,0.00044757255163625244,0
0.9976237109368661,1.647569077313166e-06,4.4304412228548635e-12,0.002374641490923131,0
0.9949396223372863,6.380888690978693e-08,1.8060954896885229e-13,0.005060313854490234,0
0.9994092919234291,5.2025038362137326e-08,1.143502937061239e-12,0.0005906560509968857,0
0.9983500315477585,1.2124746614222917e-08,1.8317567277644025e-13,0.0016499563266177395,0
0.9930135437320274,2.0634503744855488e-08,1.3141606513498427e-12,0.006986435633553941,0
0.962765254313921,3.643233606602632e-06,4.37347047763485e-10,0.03723110201391088,0
0.0026485949565570877,4.8452425003605584e-06,5.327665215159231e-11,0.9973465597462108,3
2.316136090778325e-12,1.8350920136076925e-12,1.7440314224819593e-14,0.999999999996362,3
4.576302166806739e-15,1.2873425677142849e-15,1.721051002530632e-16,1.0,3
9.762438823410161e-07,3.427715865308882e-09,1.4075699891933644e-11,0.999999020314615,3
5.266131491648665e-06,1.5779114249891923e-08,2.2902696845099107e-11,0.9999947180652613,3
1.951294865296161e-05,1.750265172864445e-08,1.5631020412631375e-10,0.9999804693922707,3
0.10622924050211753,1.2696799440441695e-05,2.503298539786727e-08,0.8937580376643043,3
0.0018865120988456618,6.572176443082362e-07,1.5064356500869587e-09,0.9981128291753174,3
0.0043864796182640576,5.245092440087881e-07,1.5283555321204006e-09,0.9956129943451093,3
0.012998085038604305,1.1426420991677996e-09,1.105495142276169e-11,0.987001913808262,3
0.021572133289504233,5.6388027592509095e-11,3.1494705676497017e-13,0.9784278666524403,3
0.6488843563384985,1.2808353288712841e-09,1.5343936596813532e-12,0.35111564237872267,0
0.9622603939781736,3.740970619126418e-09,2.9317258807674353e-12,0.03773960227627618,0
0.9934678853400786,7.0909967362175054e-12,1.297348430877976e-13,0.006532114652047948,0
0.9673120386528852,8.806970317169071e-13,1.5436468364124668e-16,0.03268796134706559,0
0.9959659867759202,1.2884277221062778e-12,2.3680802247516204e-14,0.004034013223622725,0
0.9840440811372182,1.0201720998677247e-12,8.209199560582037e-17,0.015955918860113848,0
0.9988978423423757,6.9243269290559595e-12,8.188975131186943e-16,0.0011021576498873305,0
0.9997369428213179,1.978559547437339e-12,3.720630239905397e-17,0.0002630571754680821,0
0.9997421197351967,6.978267642667955e-12,3.1218155642689803e-17,0.000257880256651389,0
0.999613816702862,6.8834635018491896e-12,2.1445319104058731e-16,0.00038618329030979244,0
0.9968023674633689,2.5327191964799697e-12,4.679622896501263e-17,0.0031976325351053083,0
0.9981872460793907,7.734829990478398e-13,7.509230025528839e-16,0.001812753921459974,0
0.9957524350331995,7.064762945995952e-10,6.208295777197749e-14,0.004247564260818891,0
0.9871414691117902,1.337392866983167e-09,3.932748288895074e-15,0.012858529552574677,0
0.9993318569110817,2.0112570684451415e-10,4.847383400495779e-15,0.0006681428868642175,0
0.9997906535144779,2.3254753146079152e-10,8.050664902063988e-16,0.00020934625293784912,0
0.9996410274281616,3.0686275685047684e-10,2.5169623041670774e-15,0.0003589722640661988,0
0.9970155309040577,4.709902963574392e-10,3.03101107363602e-14,0.002984468623806211,0
0.974279976472417,9.955223338518473e-09,2.699815940706007e-12,0.025720013569349776,0
0.026503140277513822,6.824969450006777e-09,2.1424796614871207e-13,0.973496852896809,3
3.415906985671841e-06,5.152858310081912e-13,6.034153610085782e-16,0.9999965840928915,3
0.8129059459068164,1.221849233944599e-08,7.378204734872415e-12,0.18709404186553175,0
0.9698952634526855,1.0055490109528592e-08,2.2165947322787788e-11,0.030104726468157688,0
0.9769090249447101,4.865211065693831e-09,1.460975280006383e-12,0.023090970187302464,0
0.9892426134323743,2.7478593764106485e-09,1.2650516425887407e-12,0.010757383817562643,0
0.9881019493375925,2.4692779062290875e-09,3.78858364016049e-12,0.011898048189416682,0
0.7739760898722082,1.0360238163381397e-07,2.959090134691326e-12,0.22602380652390552,0
0.6299201042103919,9.177189332110112e-09,5.214649667977939e-13,0.37007988661016505,0
0.955461043579877,2.4834176599677736e-11,1.8400053573276235e-13,0.0445389563959031,0
0.9844360393090285,1.0160545539967779e-12,2.159595575962154e-15,0.015563960690351882,0
0.9973383198889862,3.1149657084242906e-13,1.400058791840509e-15,0.0026616801097867175,0
0.9965679049716849,1.3104727591516816e-10,1.8730441995901964e-15,0.003432094898538041,0
0.9996241281012733,3.319698295904652e-12,2.3553606250714226e-15,0.0003758718970092482,0
0.9951490597948436,5.29729664373987e-11,5.920158711385904e-16,0.0048509401526299865,0
0.9983866025864977,4.8455338788256204e-11,1.4892446603482534e-15,0.0016133973659308604,0
0.99946353118109,4.8414667595209995e-11,3.7996849669816644e-16,0.0005364687703796984,0
0.9997470845044036,8.258661458992878e-11,1.6831886456195054e-16,0.00025291541390007213,0
0.9997918685094388,2.1408048002943118e-10,1.3621850770024448e-15,0.0002081312780813586,0
0.9983209859266173,7.51933674774084e-10,2.135117066570867e-15,0.0016790133229004191,0
0.9987077545011044,4.829762642720046e-09,1.2660449550324238e-13,0.0012922406703259645,0
0.9971610951496216,7.401329396216703e-09,9.92753802328188e-13,0.0028388974483985084,0
0.9183222115478947,1.4105004577073724e-07,1.1312178675005991e-11,0.08167764739231313,0
0.019354519014991113,5.148989335279115e-09,1.8224848706880996e-13,0.980645475834147,3
0.3144393730459795,3.5815749220020845e-07,2.160294940856025e-09,0.6855602666371509,3
6.276652556249707e-06,5.944954174846153e-12,2.4056726710836194e-15,0.9999937233421029,3
8.409536395812596e-08,6.303056090750792e-15,1.660856604948626e-17,0.9999999159044854,3
0.6349997499111736,4.3422425588413364e-08,2.213600249040688e-10,0.36500020644649167,0
0.6501290603327903,3.6949425547214225e-09,8.057308582422568e-13,0.3498709359725582,0
0.9567417355532465,3.151218034184368e-09,5.218195347583512e-13,0.043258261294866526,0
0.9959685511502878,4.360385159844348e-10,1.845539378200188e-12,0.004031448412818506,0
0.9666542897445465,3.570775286224015e-08,7.831781108990629e-12,0.033345674538999164,0
0.043203496554914275,9.3292072797391e-09,3.8242154720727203e-14,0.9567964941172363,3
0.6621541049551288,2.2292859320658464e-07,1.960076801276693e-10,0.33784567192062276,0
0.8702176014810815,1.5995637475678263e-07,1.6741771009536242e-11,0.12978223854640245,0
0.9864420308307764,1.6016696228358961e-06,1.4584296992592942e-10,0.013556367352502433,0
0.9949463852974015,4.335813543796268e-07,8.28647374724976e-12,0.005053181112031866,0
0.9984552422083965,4.691384320055873e-07,1.185538545712026e-11,0.001544288641119626,0
0.9962746854753615,8.997804719381646e-07,1.0850868658141225e-11,0.00372441473309591,0
0.9972934686901396,1.3215609860742716e-06,5.988994370241356e-11,0.0027052096890898096,0
0.989747269799586,2.5422866811065303e-05,8.500950714901248e-10,0.010227306483227791,0
0.9270039472772917,8.172007114470807e-05,4.956205245097981e-09,0.07291432769432975,0
0.14840778772392016,0.0003753798209157921,9.625152056413007e-10,0.8512168314922866,3
0.2901440498741485,0.016172077431745518,1.3086766654462316e-06,0.6936825640157133,3
0.322187006764185,0.09091505748693882,5.2348190031701205e-06,0.5868927009289082,3
0.10456030853305275,0.2990986129539503,7.467054411560384e-06,0.5963336114589032,3
0.03443452391757314,0.9294510506623367,5.6555296049468384e-05,0.03605787012375395,1
0.0027210734045902164,0.9957829735789429,1.575345184179008e-05,0.0014801995651700323,1
0.00021590884919136423,0.9995503617610306,1.244938668016181e-05,0.00022128000412896155,1
4.630589909624106e-05,0.9998448433325083,1.5799544036597218e-05,9.305122513032611e-05,1
0.0001511888415394563,0.9988233417244422,4.271588893834262e-06,0.0010211978457093163,1
4.36665832926872e-05,0.999487662530134,6.629128329277733e-06,0.00046204175643691197,1
9.404184610106663e-06,0.9986056868727244,2.12175700718192e-05,0.0013636913717664863,1
1.3440476046839692e-06,0.9987063346935087,9.550875705486532e-06,0.0012827703821601576,1
1.9330857818568494e-06,0.9988358409612057,1.5232325818898079e-05,0.001146993625954632,1
7.898289201705962e-06,0.9983196748294592,1.3614578938181219e-05,0.0016588123013449039,1
5.5667775920480545e-06,0.9998274146316828,2.8572053539532755e-05,0.00013844653765089225,1
6.095666081108732e-06,0.9998414793882652,2.8658457363890415e-05,0.0001237664869084142,1
5.300477026018198e-06,0.9999285340745199,3.1620955305804554e-05,3.454449409648729e-05,1
5.513848079108116e-06,0.9999163430544942,5.28344625169581e-05,2.5308633962063437e-05,1
4.914983436674229e-06,0.9999115655734386,5.728630898091092e-05,2.623313529293548e-05,1
3.1435489893028695e-06,0.9997987278419365,9.98750751178802e-05,9.825353525737103e-05,1
4.669269073495369e-06,0.9998601281045073,2.3897958767619098e-05,0.00011130466835550491,1
7.811847866885223e-06,0.9999228939892887,2.547374111508859e-05,4.382042165234819e-05,1
2.52640098448848e-06,0.9997347578028384,0.00018995551691720187,7.276028068319896e-05,1
9.546912455777182e-07,0.9982186736901313,0.001622598435753541,0.0001577731825557557,1
8.267728865652085e-07,0.9896235601683309,0.009978259684816608,0.00039735337543268687,1
1.833050058482061e-06,0.9721900582390295,0.027678173054992327,0.00012993565730087353,1
2.644778559726504e-06,0.9466311048287592,0.053267968095838766,9.828229642989114e-05,1
1.8377913830312765e-06,0.916140819905046,0.0836144763745079,0.00024286592867870342,1
2.6478736712737445e-06,0.8587425096533474,0.14095757053852853,0.00029727193297882776,1
1.744243307308106e-07,0.6801562887889336,0.31432283016028584,0.00552070662559072,1
1.9954715009505725e-08,0.020762908436066305,0.9787155501869323,0.0005215214234629654,2
3.0048979419033054e-13,4.693789809777004e-08,0.9998609850818838,0.00013896798159009728,2
3.071621240728342e-14,2.228899924484016e-09,0.9999949129689654,5.084802512227083e-06,2
9.103733265840152e-16,8.32163570316533e-09,0.9999950004873801,4.991189274861073e-06,2
1.032340872670006e-15,1.0196991399069797e-08,0.9999938257942242,6.16400928413913e-06,2
1.8012244349666566e-14,2.0279626233135302e-07,0.9999984349900355,1.3622152802207734e-06,2
2.6081392102165194e-15,2.434618101206526e-07,0.9999967628552995,2.9936838503114035e-06,2
3.6444771643303946e-13,9.627440287010963e-07,0.9999965626034243,2.4746525158094776e-06,2
1.8412952043071567e-16,1.4125152436574161e-08,0.9999212833705633,7.870250410771593e-05,2
2.284590473300359e-13,1.0669382974075495e-08,0.9999972466213582,2.7427084533048625e-06,2
3.361650577957537e-16,5.554053476617989e-08,0.9999695496278562,3.0394831714915686e-05,2
6.967971174692985e-14,7.536433172346636e-08,0.9999984723920379,1.4522424022931464e-06,2
7.732503552523286e-15,8.46956147603482e-08,0.9999957373165574,4.177987956704029e-06,2
5.585876832837611e-15,3.449421224914929e-07,0.9999848645547357,1.4790504248898388e-05,2
1.211593094184344e-13,2.146376629943953e-06,0.9999957427443986,2.110879983972349e-06,2
2.0135796854753486e-15,8.717075956249882e-08,0.9999967740711518,3.1387595553485306e-06,2
4.7277170419553804e-14,1.210767486030421e-07,0.9999982391179443,1.6398062778733022e-06,2
3.841593883474876e-12,0.0001425061290084735,0.9998459729067111,1.1520960441894996e-05,2
3.764794529936936e-10,0.0005030199826733361,0.9994881520640435,8.827576971465915e-06,2
1.1652963547831535e-09,0.0025844131783784685,0.997342983134245,7.260252170642549e-05,2
4.671762929668105e-09,0.004195776850701565,0.9957832156979398,2.1002780762835118e-05,2
1.0508002312111792e-08,0.007106288974832398,0.9928799553229335,1.3745195447727242e-05,2
1.6209290819000686e-08,0.014622379088971307,0.9853524264625468,2.517823787679168e-05,2
3.0572362933266976e-08,0.021538715945654437,0.9784368593536581,2.4394127282894132e-05,2
3.214329347297201e-08,0.029384753999311536,0.9705611687921374,5.404506348228557e-05,2
7.12404806039112e-08,0.03206695537009338,0.9678964689967409,3.650439326940063e-05,2
1.2101387340085996e-08,0.02760623893792701,0.9723309890124201,6.275994719945799e-05,2
5.61581660701078e-09,0.006258769057529129,0.993722257687929,1.896763727203641e-05,2
6.882327652958982e-11,0.0013017450192462456,0.9986795993069952,1.8655604187013642e-05,2
8.742139017937797e-13,1.2579437376824807e-06,0.9999967020466823,2.0400091985206496e-06,2
2.8607856182174024e-15,1.239167336296655e-08,0.9999960434766817,3.944130034475647e-06,2
1.545622019457689e-15,2.2579871304247454e-11,0.9999903469026574,9.653075783416703e-06,2
2.5404942759889145e-12,2.082176674619586e-10,0.999932289455127,6.771033475632257e-05,2
1.4164694223100153e-11,2.414902862237215e-09,0.9832153361865666,0.016784661383930585,2
8.893076766611279e-21,6.098594084058047e-13,0.23660438462715552,0.7633956153726114,3
1.110124693892861e-11,1.0814230734751402e-08,0.975770364440001,0.02422962473439097,2
5.4568603114252474e-11,2.740450469619211e-09,0.9998577620422244,0.0001422351640272527,2
2.931026898825671e-15,9.205213313038064e-10,0.9999497672827233,5.0231796531870736e-05,2
9.439002926309925e-15,1.9485446581422603e-09,0.9999981471718341,1.8508806273015557e-06,2
2.4483733324771997e-16,3.5471666344904657e-09,0.9999982624846413,1.7339681626003356e-06,2
2.471042799919481e-15,2.4609508971003695e-07,0.9999978878826846,1.8660228255066868e-06,2
1.3464856858657396e-15,2.7846994345788217e-08,0.9999981453382961,1.8268159210623436e-06,2
1.4449980577246622e-15,1.6282822996622004e-08,0.9999968512033327,3.1325130193655646e-06,2
4.1210138024447024e-16,1.5220234618827956e-08,0.9999954559419636,4.52883775348101e-06,2
1.5923780942182367e-15,1.9086409791345002e-08,0.9999983592146964,1.621697799525188e-06,2
5.557577601150685e-14,2.6438315366855177e-08,0.9999979806182108,1.9929430418191674e-06,2
1.439200530266213e-16,2.735940463091438e-07,0.9998638026906841,0.0001359237143251559,2
1.4319229259506086e-13,5.458666831028222e-08,0.9999976329991842,2.3124134688768424e-06,2
1.0614521021466007e-14,1.5650060716964732e-07,0.9999975837228792,2.2597759378719563e-06,2
1.6164330263602411e-12,2.5026602659007466e-06,0.999991931530339,5.565808943374715e-06,2
5.877559259946908e-11,0.00016162327920633967,0.9996195351807337,0.0002188414816204552,2
2.840315230698731e-08,0.08921503764368775,0.9103679005712845,0.0004170333802892962,2
2.447693246975234e-07,0.35725706291971543,0.6412970048446195,0.0014456874675665874,2
1.5180469070448482e-06,0.8067802612165913,0.19284901128455414,0.0003692094526033396,1
2.7709437220241476e-06,0.9454475288654479,0.054399647933680934,0.00015005225655877216,1
3.0689792333257038e-06,0.9863184835202318,0.013619326432994513,5.9121067347572274e-05,1
3.6831759254147907e-06,0.996587381074294,0.0033728802939442613,3.605545473699261e-05,1
2.6386970766033935e-06,0.9987427354715982,0.0012148218970813697,3.980393550285588e-05,1
6.3669076291504665e-06,0.9986928315677583,0.0012567854641058857,4.4016060568161184e-05,1
2.5055172223803546e-06,0.9878677196020516,0.011893736473059918,0.00023603840858278113,1
2.3683201098224413e-06,0.9865803557187404,0.013228713145177384,0.00018856281559829151,1
9.651593568134447e-07,0.9910347261293121,0.008742723492477612,0.00022158521777572353,1
2.486604296333436e-06,0.9964964330663785,0.0033749957742120382,0.00012608455564925658,1
5.064678468314027e-06,0.9997335113334989,0.00022257774654586642,3.8846242619252854e-05,1
6.371869614364241e-06,0.9999223646170219,4.199884049013558e-05,2.9264672476973077e-05,1
3.1258201250843592e-06,0.9997988791077588,2.3983853465594794e-05,0.00017401121899296977,1
6.978868708418154e-06,0.9999320764586377,3.440355767774351e-05,2.6541113212594168e-05,1
4.283560423352986e-06,0.9998619106446107,6.030014281328706e-05,7.350565050440267e-05,1
4.748385010143004e-06,0.9998920272715397,6.790086117299925e-05,3.532348331960844e-05,1
1.6410274681084854e-05,0.9999013313322421,2.0614157263665956e-05,6.164423585750007e-05,1
4.25836944604079e-05,0.9978223714726792,3.156777155329548e-05,0.002103477061373786,1
3.1063847937255144e-06,0.9758175378374814,4.954000719189613e-05,0.024129815769173668,1
8.121298376340275e-06,0.9992032627570516,4.906803401164681e-05,0.0007395479114671447,1
5.6405564702092465e-06,0.9999026182247585,5.642427862074969e-05,3.531693839540045e-05,1
4.8281858566747635e-06,0.9997687217862767,5.6859613040496214e-05,0.0001695904165227469,1
5.8411810605975635e-06,0.9999134785863905,4.7218117745126e-05,3.346211638231953e-05,1
6.357120682178411e-06,0.9998923009344475,2.9241353624084042e-05,7.210059182390997e-05,1
5.7872679808802925e-06,0.999795819340123,1.90727196543871e-05,0.00017932067387507752,1
0.000494427045989935,0.9991590205090726,2.0756915115111458e-05,0.00032579553004992277,1
0.009435681655617255,0.9889192852289832,9.436000469738907e-06,0.001635597113958158,1
0.04324552775465423,0.9265382127363029,8.410581389413603e-05,0.03013215369640714,1
0.10291486319071311,0.08900480546090099,2.1334217786569403e-06,0.8080781979265282,3
0.4196512689408396,0.00040852467811160783,1.0565570935551067e-08,0.5799401958164686,3
0.8940084378145781,8.578100287395889e-06,4.796402177678761e-09,0.10598297928738645,0
0.9164127808049773,4.1401738428582897e-13,1.5168023845049302e-14,0.08358721919380886,0
0.9518454990647123,2.106215568187117e-17,7.987712289317481e-18,0.048154500935819286,0
0.9870372243503205,2.5097807453881472e-19,4.732534754406509e-19,0.012962775648350725,0
0.9973787697222121,5.228512086269342e-19,3.51461691063789e-19,0.0026212302760301,0
0.9963987912414355,6.905426077691742e-19,2.1064057439577802e-19,0.003601208759821536,0
0.9952696252305034,6.845722902198494e-18,5.335353418439886e-18,0.004730374770089737,0
0.9331576172845613,9.012035293134581e-17,2.2036259438016257e-17,0.06684238271578868,0
0.5127287414083083,5.4716250263468377e-17,4.95486221826943e-17,0.48727125859350556,0
0.04704327305325604,4.463795526850482e-17,3.895779765802904e-17,0.9529567269457484,3
0.1436159134690413,4.277053771946075e-17,5.957392541766738e-16,0.8563840865297158,3
0.13837998851030955,1.0231280590549465e-17,7.070202674750057e-17,0.8616200114892214,3
0.26897141410257935,5.41228905213999e-18,3.3286132433808548e-18,0.731028585899226,3
0.8722945005655988,3.69600512136954e-18,1.203422397778427e-17,0.12770549943556606,0
0.9662602700732846,2.7260808784603923e-18,1.2359118700307661e-18,0.033739729927514735,0
0.9947627724703385,9.639571476575017e-21,7.616858502052655e-20,0.005237227530129701,0
0.996282609281779,2.617818250798168e-19,7.095481833279775e-19,0.003717390718204575,0
0.9691437151074732,3.2266525060262506e-18,2.4175572312155484e-18,0.0308562848910508,0
0.6011900094534635,8.622051239303723e-18,3.7335561985207304e-20,0.3988099905454748,0
0.9859112885558722,1.5008465676781516e-14,1.3981543396664192e-16,0.014088711443914981,0
0.9989484735885995,2.2056710398708818e-16,1.920596987672688e-17,0.0010515264108719054,0
0.9962121849238651,1.5676939447286793e-15,7.250850446021313e-19,0.003787815077389289,0
0.9989884662300765,1.5815222941597455e-17,7.960682396604884e-20,0.0010115337698485298,0
0.9997354733564756,1.540248069435194e-13,7.929710446206545e-18,0.0002645266429426008,0
0.9996406399552888,1.657588965960726e-13,2.106383304396557e-18,0.00035936004538226547,0
0.9997370561000056,1.5460273374556155e-13,1.865822838239498e-18,0.0002629438993228871,0
0.9998007231682954,3.9203756504188697e-13,3.669812700961876e-18,0.00019927683261734068,0
0.9997537900883754,7.511402426816482e-13,2.4356140400947288e-18,0.00024620990983513817,0
0.9998149419421017,5.035549630384465e-13,1.0149048710812676e-17,0.00018505805578326374,0
0.9992077523421213,2.6901184656429577e-12,7.627479389463814e-18,0.0007922476566575153,0
0.9996431339949626,6.107262269026445e-12,6.554458646670953e-17,0.0003568659990181032,0
0.9996428460717327,2.6795748060570664e-12,6.727355822136665e-17,0.00035715392627760586,0
0.9989898889500678,5.752856616892227e-12,1.3982388561331474e-15,0.0010101110439039505,0
0.978845398369514,2.1667931890876288e-10,3.4604519186490454e-14,0.021154601415425803,0
0.896234296528534,1.573824856134665e-10,1.8932007897293077e-14,0.10376570331566401,0
0.9926506536928854,6.158555749010692e-12,8.834972857794274e-14,0.007349346300612191,0
0.983584309249348,1.233081840555138e-12,1.2136577112106776e-14,0.016415690748627705,0
0.8495343835923025,2.3793057455430116e-11,7.860570712119728e-14,0.1504656163829064,0
0.6687067597857044,6.63716303644795e-13,1.132285427074271e-14,0.3312932402149008,0
0.6232110187651614,3.004795296415416e-12,2.4703049733094733e-15,0.37678898123194426,0
0.98314867222999,1.8366096100747114e-11,1.4818109310527035e-13,0.01685132775331009,0
0.98811043807487,8.860482915766772e-12,1.9707959431132494e-15,0.011889561916152324,0
0.9994568912030914,6.366084424222496e-12,9.36593849740018e-16,0.0005431087909003551,0
0.9997032701710874,1.2845143978976062e-12,2.3125416118418863e-17,0.00029672982919677464,0
0.9995484640463119,1.1465356778127364e-12,1.7512807251624038e-17,0.00045153595341855985,0
0.9993243971177531,3.4487526450982336e-14,2.7818378821952136e-17,0.0006756028808927212,0
0.9918632258806803,1.4021924268534667e-12,1.468705744274213e-15,0.008136774116413161,0
0.926308892716838,8.771569193955849e-13,4.498851545617738e-16,0.07369110728379304,0
0.9875938383831259,9.864042259623125e-13,3.114631514326883e-15,0.012406161614980373,0
0.998705133737812,7.560849313938308e-13,2.625838329033128e-16,0.001294866262742106,0
0.9994678992045845,7.16386828357418e-12,2.6623714490160734e-16,0.0005321007890121237,0
0.9993006372856267,3.1438363954788876e-11,4.2395316327364585e-15,0.0006993626822333268,0
0.9875876064794128,8.731428026271382e-11,1.2538593207286465e-16,0.012412393432724095,0
0.9993654663371637,1.1378037839559971e-10,5.210619014771661e-15,0.0006345335488750437,0
0.9996686945854266,2.5567579772338424e-10,3.4578495873617883e-16,0.00033130515899681403,0
0.9998301604425829,2.1888867474880358e-09,1.4657738484889285e-15,0.00016983736739959352,0
0.999725058439466,4.055450139378716e-09,1.2743120086752945e-15,0.00027493750343733127,0
0.9997185197807457,1.060163795498903e-07,5.234592613089279e-14,0.00028137420297221936,0
0.9994777963263871,1.679313064484207e-07,2.7665920266898554e-13,0.0005220357420322034,0
0.9984367330189994,1.9438249394320275e-08,1.863777595422893e-13,0.001563247542015125,0
0.9813179523870217,0.002936824529785947,5.68606292649945e-09,0.015745217397864733,0
0.8144528569595302,0.11679279844389487,5.167776018181554e-07,0.06875382781789995,0
0.29954252142897964,0.6033407893622968,2.513716806172799e-06,0.09711417549175316,1
0.1226547173013733,0.8702495261734395,1.0950646044578816e-05,0.007084805879863392,1
0.02214792427382745,0.9752317867234673,5.458889804789287e-06,0.0026148301123149276,1
0.003124031410233845,0.9961484794313737,1.0927322599999974e-05,0.0007165618359412959,1
0.00026815309652138716,0.9986724272886427,8.312890506341226e-06,0.0010511067232862055,1
3.311457609676057e-05,0.9940024207074983,9.331318694744544e-06,0.005955133397220862,1
4.0572233913508745e-05,0.9995572626584791,8.677048656133943e-06,0.0003934880584282907,1
1.7693510108478747e-05,0.9998269500947894,9.951024385417197e-06,0.000145405371698347,1
2.2859243751065856e-05,0.9999154013192215,9.91245025127241e-06,5.182698791418361e-05,1
8.99801602763702e-06,0.9999142200117132,2.69303027185391e-05,4.9851670050687956e-05,1
7.888760751639111e-06,0.9999265301117982,2.9522000949617697e-05,3.6059124968889134e-05,1
8.177382134498913e-06,0.9999247371290475,1.9460822695983343e-05,4.762466584992476e-05,1
8.11924385412642e-06,0.9999204203829702,3.116182266355455e-05,4.0298552111089255e-05,1
7.18457524610352e-06,0.9993594383011364,1.7457014197384187e-05,0.0006159201081413312,1
2.8087936868819845e-05,0.99981933693718,1.096337906682989e-05,0.00014161174865388003,1
1.3173793911736774e-05,0.9999321112280779,2.1015548909182987e-05,3.3699428267742996e-05,1
5.384981168144952e-06,0.9999212869573281,4.6221651747465326e-05,2.710640856460406e-05,1
3.0309247599233703e-06,0.9998426573107095,9.010746765119454e-05,6.420429797716696e-05,1
1.7649828363619535e-06,0.9991737935993146,0.0005979043551080413,0.0002265370635481677,1
3.344015763547789e-06,0.9992612586601369,0.000697846998805786,3.7550326505440575e-05,1
2.331198953665284e-06,0.9990636453231198,0.0008829923951323556,5.103108398187575e-05,1
3.1343521101267057e-06,0.9985711545227106,0.0013846861646595423,4.102495901770769e-05,1
3.220119184649224e-06,0.9979375476631989,0.002008144480126054,5.108773908830104e-05,1
2.9186106568284368e-06,0.9957495134483252,0.004193984143223527,5.35837989927439e-05,1
2.9474605114905114e-06,0.9903774367122568,0.009541934080360158,7.768174819766682e-05,1
2.848716352123358e-06,0.9863807574080479,0.01337239719785117,0.0002439966777522388,1
9.238424113430826e-07,0.9808753101824759,0.016920855205584725,0.0022029107692826282,1
2.6806614536556372e-06,0.9828731312660282,0.01696189444295996,0.00016229362905948494,1
2.3553236000339755e-06,0.9841991548305462,0.015578389667676289,0.00022010017729436822,1
2.6942216416482322e-06,0.9853950028678264,0.014480232230317353,0.00012207067956243673,1
2.5316834066442355e-06,0.9916386696729846,0.008258460590852027,0.00010033805105553628,1
4.887394209921165e-06,0.9990467078542514,0.0009108393047559989,3.75654477962941e-05,1
1.989436851376161e-06,0.9992762143931062,0.00044307465988642784,0.00027872150931109666,1
3.824120586291874e-06,0.9997721470444886,0.00018154027024527662,4.248856349459183e-05,1
5.653884244850504e-06,0.9999031457459323,5.7835166824097076e-05,3.3365203473228104e-05,1
3.2536732018783964e-06,0.9998957874694508,6.360355750140964e-05,3.7355301168354304e-05,1
3.1737918823842345e-06,0.9998855404909492,6.381823154621909e-05,4.746748556840713e-05,1
8.166613530741707e-06,0.9999143013572201,3.519677612344042e-05,4.2335251743796226e-05,1
9.85211788651069e-07,0.9987700497157662,4.575591283500342e-05,0.0011832091586589384,1
1.3501998282498917e-05,0.9999093922575754,1.55148329168451e-05,6.159091144112529e-05,1
1.3880324049104725e-05,0.999931506120673,1.5829643517797694e-05,3.8783913371218906e-05,1
1.3343345172287982e-05,0.9999407160978424,1.908101035441162e-05,2.6859546096352646e-05,1
1.87536956354742e-05,0.9999324695701914,1.259821304159959e-05,3.6178519558056576e-05,1
2.491822521754024e-05,0.9999271881958559,1.0791427487003682e-05,3.710215131408725e-05,1
2.9805287194420884e-05,0.9999157528165228,1.0176455028927109e-05,4.426544222339135e-05,1
3.963453254423577e-05,0.999907703720455,8.816105989070934e-06,4.384564198303525e-05,1
3.3660319508839036e-05,0.9998772206382653,8.808865013062314e-06,8.031017643942078e-05,1
1.9745100861252745e-05,0.9997537958531522,1.0642729721087796e-05,0.0002158163169611854,1
3.153136555407116e-05,0.9999102157343848,9.574559203853526e-06,4.867834079187567e-05,1
1.560275488313162e-05,0.9999262309318963,1.5561555129278675e-05,4.260475718765874e-05,1
9.700300883358005e-06,0.9999029856540049,5.352994470346381e-05,3.378409941518321e-05,1
7.540760841876546e-06,0.998814849342857,0.0011139741258461729,6.363577133951477e-05,1
3.0511271471339094e-06,0.9722220589556472,0.02768401346883973,9.087644969638389e-05,1
1.55385401881315e-06,0.8595180793333734,0.14020158547660472,0.0002787813375887676,1
4.722016276815518e-07,0.4139324380930911,0.5855053672378363,0.0005617224689396336,2
1.0205232494801938e-07,0.17751228538989466,0.8223067829257379,0.0001808296330182245,2
1.4569449752689232e-08,0.02454985736126418,0.9753509290780411,9.919899231411365e-05,2
4.866805383849247e-09,0.0033585443829480623,0.9966214362358485,2.0014514933577866e-05,2
2.6516032959486415e-09,0.001376713725556007,0.9986054777626583,1.7805861114161452e-05,2
3.597584521436349e-09,0.004065310650104894,0.9959174159836616,1.7269770360297953e-05,2
1.1831484566658713e-08,0.015057434479640907,0.984805109205727,0.00013744448450385944,2
3.135331178163604e-08,0.05732120633047173,0.9414215980401271,0.001257164276517017,2
2.0957339834136585e-07,0.22910181167255064,0.7684710493591925,0.0024269293949199158,2
1.9035332112831952e-06,0.7910231054580817,0.20848973965229398,0.0004852513547360962,1
3.0513359554503285e-06,0.9575874307871574,0.04217606467598759,0.00023345319912156727,1
1.3012930678479785e-06,0.9855816140963695,0.014227324602420599,0.00018976000724374095,1
2.916650327167206e-06,0.9894236490606269,0.010527361561722364,4.607272558120362e-05,1
2.39854956175004e-06,0.9903142496155467,0.009618390644623158,6.496119118491697e-05,1
1.1805173519712765e-06,0.9905520742051549,0.009214357236087092,0.00023238804311143536,1
3.8600041035852655e-06,0.9898903832290604,0.010061946494831813,4.3810270385585126e-05,1
2.096335319660386e-06,0.9796987595925235,0.020221563960000678,7.758011138979422e-05,1
2.1206911637140874e-06,0.9440880953580995,0.05578573539298052,0.00012404855697536844,1
2.067351991264552e-06,0.837126214560539,0.162633791376135,0.00023792671109223196,1
9.080946957023719e-07,0.5416417958502812,0.45774359527617264,0.0006137007770585559,2
5.658216338012165e-08,0.3030209123543103,0.6965903675408786,0.0003886635237831004,2
3.2204207955370816e-09,0.013105461712906125,0.9868046317427188,8.990332494460694e-05,2
8.690205973640985e-10,9.0026257653201e-06,0.999981448266417,9.548239520150058e-06,2
2.279447472762443e-16,2.8627085681445953e-08,0.9995776590045506,0.0004223123669469476,2
9.640307352281231e-13,8.126343724100795e-08,0.9999942232956033,5.695439710344057e-06,2
3.5726240740198226e-14,3.3836852114546495e-07,0.9999931207439812,6.5408882033407715e-06,2
6.055670311589789e-13,1.1719545076779844e-05,0.9999814749796001,6.805473398667212e-06,2
2.81642601822855e-12,6.736034768797679e-05,0.9999285500441056,4.089605389430903e-06,2
1.1458082234386454e-12,2.658343737887667e-05,0.9999671620579024,6.25450486205756e-06,2
9.431666836358601e-13,2.0151138755944096e-05,0.9999756808366718,4.1680251172518535e-06,2
2.5181713966619397e-13,1.4902323759134842e-05,0.9999790160564545,6.081618672115878e-06,2
3.635531831378016e-13,8.689717771651918e-06,0.9999884310505697,2.8792321771385666e-06,2
4.073495774797294e-14,8.42187655365666e-06,0.9999861352459277,5.442877542222775e-06,2
4.388347625926528e-14,1.4517804459828171e-06,0.9999964137851479,2.134433988813183e-06,2
9.700930209757948e-15,1.0986481697539513e-06,0.9999966918931171,2.2094577412461923e-06,2
1.4859051871384632e-14,1.6532087712951533e-06,0.9999963596704087,1.9871218476981594e-06,2
1.3860227583385192e-14,9.72613087830499e-07,0.9999967890013689,2.238386301863011e-06,2
5.803080102456049e-14,3.969821315943253e-06,0.9999935200967992,2.5100812487211233e-06,2
1.9183901596592423e-13,5.903673247660336e-06,0.9999885596116237,5.5367153361498516e-06,2
5.732053160049454e-13,6.164154966502067e-05,0.9999281777745762,1.0180676177742557e-05,2
1.1349109722443974e-12,4.055825867784162e-06,0.9999939371520742,2.007021196832025e-06,2
1.1845568007632498e-13,1.5538479418762735e-05,0.9999730769982276,1.1384522606223338e-05,2
1.8722306392887104e-13,4.839247422359448e-06,0.9999920945614191,3.066192180234927e-06,2
1.5630001641451917e-13,4.3415042755482796e-06,0.9999933091281595,2.3493666906792298e-06,2
2.842324701140082e-13,3.1579846463804496e-05,0.9999627575330405,5.662621795569175e-06,2
1.0424937588420448e-12,1.513745182155974e-05,0.999979873732346,4.988813706229604e-06,2
3.75170652860358e-12,5.106262260212604e-05,0.9999454486351634,3.488739650063429e-06,2
9.892677518591917e-12,0.00010370319879159123,0.9998886278949956,7.668897642636108e-06,2
9.096177821162755e-12,9.413627606550196e-05,0.9998905302750664,1.533344003645072e-05,2
3.372455260365293e-11,0.00011360693135464016,0.9998748425062446,1.1550528642869185e-05,2
5.5478940640779256e-11,0.0001349223853500889,0.9998428746275784,2.2202929900872838e-05,2
1.7997721843757185e-09,0.0035757184691645252,0.9963997755484583,2.4504183396450767e-05,2
1.2362735042230078e-08,0.01961171626437663,0.980303415307946,8.485606498639956e-05,2
1.098543644894015e-07,0.0793006110692139,0.9202912145309581,0.00040806454373845956,2
6.028037031322453e-07,0.9338037720380309,0.0655488802177468,0.0006467449412368494,1
4.836510566629728e-06,0.9961981593695555,0.0037202731604162485,7.673096093643644e-05,1
6.2160098386952995e-06,0.9997358159525743,0.00019348340367121542,6.448463449768623e-05,1
4.540334623461309e-06,0.9996845816986003,7.945251870634579e-05,0.0002314254463218626,1
4.588669051226402e-06,0.999866135404186,6.469294956429942e-05,6.458297689051416e-05,1
2.9104960668692912e-05,0.999871044145959,1.2180579128720379e-05,8.767031325691895e-05,1
0.00013180099319533932,0.9997065626905501,1.2250616195324434e-05,0.00014938570034522017,1
0.001311874409618111,0.9982486148591638,1.1107643570403355e-05,0.00042840308603292855,1
0.022106663694654402,0.9765660489490977,1.1204665376027806e-05,0.0013160826918676106,1
0.13335017672743993,0.8382989074659538,3.6661160650231563e-06,0.028347249691398242,1
0.49792233105940514,0.4921084773806822,7.946266956854776e-07,0.009968396932422335,1
0.9565469533925577,0.03659691602510712,2.1588957141837603e-07,0.006855914691871215,0
0.9924355692888929,0.0007643353693016612,3.243913571841319e-08,0.006800062902346866,0
0.970420403158456,3.7817898249560737e-07,5.499221671720706e-13,0.02957921866288199,0
0.9979218005521175,1.361561518954937e-07,9.179399040111687e-12,0.0020780632819233833,0
0.9982995471666177,2.3861615309766414e-07,5.74570823026166e-13,0.0017002142176787904,0
0.999617545212647,8.767175413075898e-06,7.1315739899914235e-12,0.00037368760586386823,0
0.9997586446677337,1.9749453991075295e-06,5.66301458606708e-13,0.00023938038678321237,0
0.9997056478950355,7.173246872579503e-07,2.9997967114501706e-13,0.00029363478010671824,0
0.9992320708892164,2.127261111477805e-07,4.023669751188598e-13,0.0007677163859458569,0
0.9974461338421804,6.18159061558515e-07,1.1352975694687751e-13,0.0025532479985033653,0
0.9997607949349275,9.371636915339194e-08,1.859423643001302e-13,0.0002391113485791793,0
0.9997374922736278,1.1685917329221172e-07,1.5063252506757022e-14,0.0002623908658493145,0
0.9998365161872258,2.2878413929626515e-08,5.483938166266066e-15,0.00016346093306267122,0
0.9998030977741098,2.7644045623809093e-09,4.885392526107134e-16,0.00019689946305544563,0
0.9998468251651317,4.551849245542178e-09,1.0614646014801966e-15,0.0001531702822744186,0
0.999829072872255,2.4286311191855523e-09,8.885442087566934e-16,0.00017092469776154888,0
0.9997001322374659,5.006730416097605e-08,6.4180069415971515e-15,0.000299817695498719,0
0.9998136796705601,2.8761839262380726e-08,1.8229315659200475e-14,0.00018629156889384956,0
0.9994777137364912,6.961432075833789e-07,7.501114825676963e-13,0.0005215901185731667,0
0.9969894761663338,4.904301333366922e-07,3.122203731669323e-13,0.0030100334020170534,0
0.9992966754187309,1.4245785882873984e-06,1.5401477453955162e-11,0.000701899985675278,0
0.9981352627396307,1.2566036054347943e-06,2.2106772268348777e-11,0.001863480635343777,0
0.9847007109280863,9.718356045312911e-06,4.01699828472316e-10,0.015289570314321259,0
0.6337079246687161,1.288762411605714e-07,5.769889675337333e-12,0.3662919464491384,0
0.037332649183104596,2.0711397339206316e-09,5.475730806876328e-13,0.9626673487459081,3
0.7483838159434475,4.025730818835965e-08,8.384475494032217e-11,0.2516161437157647,0
0.8573230723755468,1.3760973533497653e-08,5.833499825429923e-13,0.14267691386453188,0
0.9965681385440935,6.712554961997588e-10,2.0942141853199786e-13,0.003431860782928777,0
0.99885172070331,6.874382798938972e-11,2.782023176746861e-14,0.0011482792292666175,0
0.9900475662597569,1.1510777097139477e-08,2.5544814149631666e-13,0.00995242222768515,0
0.9933286159020653,3.779681744026814e-09,6.136056907347145e-13,0.006671380318938084,0
0.9942709052836639,2.3596510978584538e-08,1.508900102665858e-11,0.0057290711040920705,0
0.8160935992592104,4.0956988200983935e-08,2.7081572705931224e-13,0.18390635978318923,0
0.9602076726131391,3.800838229543951e-08,6.91052758055382e-12,0.03979228936984895,0
0.994472678808574,8.448462870035422e-08,5.7323181187450484e-11,0.0055272366500489,0
0.9783373805626265,6.449623285598304e-07,1.3204731256779202e-10,0.02166197434361117,0
0.0003240759008018314,1.3245588552740602e-08,4.807720078070076e-13,0.999675910853882,3
0.41103964654146147,2.14318753272879e-06,6.186554046213012e-10,0.5889582096516767,3
0.9039845493507749,6.062657559670686e-07,4.623719798574926e-11,0.09601484433811505,0
0.9908539150399907,1.4762877680069046e-06,4.469548436262361e-10,0.0091446082256576,0
0.9902354840559178,2.0275334190528954e-06,1.7079635942877276e-10,0.009762488238102463,0
0.9797485814404039,2.732825506188504e-06,5.477263688006508e-10,0.020248685185521545,0
0.9449781386631471,2.6981562105064685e-05,2.041618288228838e-09,0.054994877731483455,0
0.4560074308666728,0.006248192189890781,1.0178861286997212e-08,0.5377443667653377,3
0.285656738158818,0.5853123708987956,2.7727844262869905e-05,0.12900316309778917,1
0.242229999383617,0.7463667545403686,1.3149137308654519e-05,0.011390096937900199,1
0.20245542931428623,0.7878736430518887,3.004418766717971e-06,0.009667923213563046,1
0.14833790975961683,0.8415807925546025,3.403338594118423e-06,0.01007789434736869,1
0.06894859600306884,0.9255487107767363,1.0423460628666712e-05,0.005492269760842405,1
0.045958611497520806,0.9321134129615374,5.455006689613981e-05,0.021873425474293447,1
0.00011005843408374761,0.7242792973170594,4.7333478487253355e-05,0.2755633107708091,1
1.1681951606329419e-06,0.5587709525251987,4.576456238715108e-05,0.441182114715492,1
8.811492937808259e-06,0.5841758698636266,6.247368226130417e-05,0.41575284496019294,1
1.540287700573728e-05,0.7013652613118481,0.00020065311096215065,0.2984186826989477,1
0.00017024639324994062,0.9959191410281224,0.00027576952574082336,0.003634843052518043,1
7.583148586545933e-06,0.9996376118635616,4.160812495095048e-05,0.00031319686322297825,1
2.4063648776318416e-06,0.9997662622515004,4.46037071716993e-05,0.0001867276766275231,1
3.782430649089034e-06,0.9998508956118272,9.17706763986116e-05,5.355127955844232e-05,1
3.6328398493246743e-06,0.9995818272416358,0.000355250232365812,5.928968755084083e-05,1
9.606486965425659e-07,0.99843815730333,0.000492997902238388,0.0010678841465501065,1
4.384752681446994e-05,0.9994920578791671,9.653922037332028e-05,0.0003675553736998663,1
0.0007279408502121212,0.9858994566257321,0.0004598425767060417,0.012912759945963616,1
7.057744321249547e-09,0.08037781006329944,6.833909357531131e-06,0.9196153489693923,3
1.9468474447283863e-05,0.15132465880849738,3.916214517619884e-05,0.8486167105706356,3
0.0005333156556140781,0.5046221653468892,8.097502648294373e-05,0.49476354397232464,1
0.008717994206560267,0.8073284503848762,8.271385881471047e-05,0.18387084155004557,1
2.2685578781868056e-06,0.7723550987301353,1.5160881990285654e-06,0.22764111662231712,1
0.002985962164169216,0.9838701526137671,2.2890316771834152e-05,0.013120994906031119,1
0.0011087853139744776,0.9964317849350216,6.676295301324761e-06,0.00245275345588137,1
0.00022079439397502167,0.9993577501255577,5.360259198556403e-06,0.0004160952201603376,1
0.00012036808574416728,0.9988874410791427,6.018742508716119e-06,0.0009861720941373596,1
0.00015967422210021027,0.9994252350407528,5.4207184661750795e-06,0.00040967001840459436,1
0.0002683936504268204,0.9995669273353487,4.8775563651699e-06,0.00015980145938549402,1
0.00019774425296723618,0.9995294858718633,4.758150227850355e-06,0.0002680117247149085,1
0.00018857505558804362,0.9996015475851925,6.496831701352224e-06,0.00020338052582514769,1
2.848595725731275e-06,0.9990418508912509,4.586729336393044e-05,0.0009094332208831929,1
2.742374698898867e-06,0.999582300115772,3.7134431781626974e-05,0.0003778230761248546,1
6.335339125429526e-06,0.9999256251587116,4.088370518205666e-05,2.7155796993257503e-05,1
7.845853178343697e-06,0.9999150391309325,3.9167039420126905e-05,3.794797672901513e-05,1
2.887167488794422e-05,0.9996698132612256,8.161116539947042e-05,0.00021970389802921484,1
0.0006161982531617884,0.9904462781855518,0.001046543648241788,0.007890979912609005,1
2.269646644390714e-06,0.15738475931115578,0.0024869117029443083,0.8401260593391788,3
5.041736509178788e-15,8.094904468057454e-06,8.167245759522e-05,0.9999102326385546,3
8.130914403357007e-06,0.10788349320012977,0.8648751992782707,0.027233176605560756,2
1.6228110079769543e-09,0.00168217394800557,0.9972598401622568,0.0010579842673441712,2
1.8298213295173165e-11,4.954482303734101e-05,0.9999349516495167,1.5503510001947185e-05,2
5.478241347524614e-14,9.613999360653867e-07,0.9999965128033048,2.5257982337785574e-06,2
2.7455655096423456e-14,1.0278367617735064e-06,0.99999738531529,1.5868492010624878e-06,2
5.099742160261807e-13,2.551441302563105e-06,0.9999934632210087,3.9853365676367045e-06,2
1.5742011330934058e-15,7.571614205489255e-07,0.9998894460365674,0.00010979680195594262,2
1.7527399950710354e-11,3.6176569650898466e-06,0.999992530442499,3.8518819570715285e-06,2
2.731889133907857e-13,2.123020271489746e-06,0.9999598814946263,3.799548400087338e-05,2
1.6623808187624134e-13,2.2321176889686372e-06,0.9999139248842163,8.384299922282173e-05,2
4.342724997306286e-12,8.601652232079341e-06,0.9999779315364725,1.346680617304158e-05,2
1.1340566443449347e-12,2.4658786259221833e-05,0.9999647613901113,1.057982179386826e-05,2
6.668390911014507e-13,1.732366228291858e-05,0.9999713869966361,1.1289340968012835e-05,2
2.779447822469159e-13,3.987240156952476e-06,0.9999882958284709,7.71693233583213e-06,2
1.207597278887693e-12,2.423973867666568e-05,0.9999711725439447,4.587715992310362e-06,2
2.8107184493859883e-12,6.263574476893312e-05,0.9999291340654904,8.230186078689011e-06,2
4.1778100519645366e-12,5.712485713871612e-05,0.9999288626660767,1.4012473563402065e-05,2
3.4478637568312238e-12,4.7039906873965356e-05,0.9999433408856231,9.619203941331356e-06,2
1.979024055797683e-12,2.9403620329125906e-05,0.9999652091550537,5.387222190777808e-06,2
3.288168920669503e-13,7.012700018111113e-06,0.9999855021956612,7.485103766977226e-06,2
7.282506252548811e-13,2.752882641119266e-05,0.9999679781974277,4.492976831906943e-06,2
7.924591237141999e-13,5.4570238515093775e-06,0.9999901014178854,4.4415579632397315e-06,2
2.748602924480166e-13,6.610805757353619e-06,0.9999734285303549,1.9960663639369704e-05,2
9.123447751934226e-13,1.5283808185996245e-06,0.9999786303406439,1.984127909698175e-05,2
1.503078626004102e-15,2.1374143356190807e-07,0.9999389571790723,6.0829077895471435e-05,2
4.188460333937209e-14,2.0100322355704275e-07,0.9999962074324753,3.5915651318055502e-06,2
1.7093151726143384e-14,3.5263115977895704e-07,0.9999970619617174,2.5854074716370627e-06,2
2.0872400927442565e-15,4.554105647833372e-07,0.9999951351537775,4.409436035065316e-06,2
4.787747221871848e-16,1.6574260626976773e-09,0.9999986785596411,1.3197834285453925e-06,2
4.789216166246043e-16,1.187567718050501e-08,0.9999987772360528,1.2108884741332068e-06,2
1.0875143356909605e-15,4.4244583320055124e-08,0.9999984223189753,1.5334347160681812e-06,2
7.463863562262356e-14,7.631987026385341e-08,0.9999968853893125,3.0382910066334493e-06,2
2.097854121793219e-17,2.2845449815493497e-07,0.9998326178211885,0.00016715372368762612,2
2.2366526317682636e-13,3.148688624118858e-08,0.999997381186195,2.587326908245253e-06,2
2.5479928362430153e-15,6.075078517841411e-08,0.9999948090542727,5.1301959371281565e-06,2
6.285235379366616e-15,6.706897831342743e-08,0.999997744626668,2.1883053997171e-06,2
1.768093110122818e-14,5.2970121587527e-08,0.9999973917435818,2.555285181315218e-06,2
4.873651542369026e-16,1.338236902200907e-08,0.9999774879130356,2.249870388651946e-05,2
1.3480145805311418e-15,6.2157212539268874e-09,0.9999970996292401,2.8941554108928252e-06,2
4.843099583863432e-15,6.346496744731391e-08,0.9999986671691445,1.2693666237276259e-06,2
5.892576641799462e-16,4.9900621609041034e-08,0.9999960671743822,3.882924278038988e-06,2
3.284238605346103e-15,1.326452697320237e-07,0.9999982808309368,1.5865252972794975e-06,2
4.434066725799162e-15,2.2888075095710534e-07,0.9999981619565527,1.609163460209328e-06,2
4.23743382617568e-15,2.382130164352674e-07,0.999997221523012,2.5402648813585694e-06,2
1.4315918603675485e-14,2.632374602674657e-07,0.9999962554172349,3.4813450458239884e-06,2
1.3966526208389552e-14,9.285388695628938e-07,0.9999921747600312,6.896701566112347e-06,2
1.2371157378671772e-12,3.932175584244697e-06,0.9999934874170479,2.580405629137119e-06,2
1.8054081703963167e-13,3.3930155354829175e-05,0.9999212060841527,4.486376018779114e-05,2
8.280182404806137e-10,0.0002733444846528325,0.999711151282946,1.550340332677227e-05,2
5.272289056584039e-09,0.00962160799016044,0.9902743813302463,0.00010400540623364703,2
2.153225291503874e-09,0.06681179217455113,0.9278305288367689,0.0053576768370696085,2
1.7081132672245787e-06,0.466250909300855,0.5325460593554135,0.0012013232316283712,1
2.002555010802308e-06,0.787311411660024,0.2123930082360517,0.00029357754759773305,1
2.4157817291646987e-06,0.9445671450225734,0.05529497507557541,0.00013546411996515285,1
2.7904241409702728e-06,0.9911925410622725,0.00872478447495088,7.988403888419196e-05,1
3.862834264303347e-06,0.9989746337373303,0.0009827697484111886,3.873367883262616e-05,1
8.176535511652487e-06,0.9998761996417158,8.202096630039506e-05,3.36028578772405e-05,1
9.129588383418122e-06,0.9998673226131055,2.064354541027569e-05,0.00010290425222177941,1
1.8032920427804732e-06,0.9977800957049618,6.296129100015668e-05,0.002155139710828657,1
4.986672745987071e-05,0.9993191010902372,7.47755766764435e-06,0.0006235546242962656,1
4.5513658815449795e-05,0.9998520271170734,8.316222011471923e-06,9.414300288781019e-05,1
7.132941637277867e-06,0.9999009789451563,4.270045637994227e-05,4.918765674632559e-05,1
5.996852387177125e-07,0.9987992654686185,0.0001460081903665277,0.0010541266566246525,1
4.639606492392724e-06,0.9998402547193728,0.00011327527149879,4.1830401577560326e-05,1
3.5693498818830237e-06,0.9998577674038425,9.067036097204723e-05,4.799288557988378e-05,1
1.724036051225233e-06,0.9998535744818156,6.16819078262815e-05,8.301957418491119e-05,1
5.181598981661453e-06,0.9999119898152862,2.858349446052375e-05,5.424509297743399e-05,1
1.1821425008257114e-05,0.9999202032602327,1.8693830433983506e-05,4.9281482922804323e-05,1
1.3160524031635653e-05,0.9999024207927063,1.238187416932122e-05,7.203681056702618e-05,1
1.5128223664709114e-05,0.9998364175777489,1.892544602295371e-05,0.00012952875433327665,1
4.294537816183944e-06,0.9996338693469351,2.164141472548965e-05,0.0003401947020771413,1
8.951429268910162e-06,0.999904942775029,2.186240193145464e-05,6.424339317913889e-05,1
1.0256003973684373e-05,0.9999254200465539,1.424540957536902e-05,5.0078538803368184e-05,1
1.575537231167773e-05,0.9999314145044566,1.2123288645588772e-05,4.070683575774072e-05,1
2.093391399603903e-05,0.9998925164251246,9.522981464317215e-06,7.702667969505744e-05,1
1.0766240866553189e-05,0.999915595247121,2.029786668905865e-05,5.33406471107757e-05,1
1.2704475066817906e-05,0.9999392587491511,1.8350001739142632e-05,2.9686773359109923e-05,1
1.7094565975636985e-05,0.9999307763087083,1.4832486760442288e-05,3.7296638529756796e-05,1
4.7026798223094226e-06,0.9995702029400785,2.7274130486972054e-05,0.00039782025038236324,1
2.8868824934505395e-05,0.9998934068815475,9.262568441238852e-06,6.846172421867436e-05,1
5.961483123302719e-06,0.9997803456576729,4.476688818875603e-05,0.00016892597006184772,1
3.6529536427778598e-06,0.9996656670924281,0.00025679700491775025,7.388294914362244e-05,1
7.257004171344437e-07,0.9979098409619874,0.0014587228603825245,0.0006307104789768751,1
3.1095300550673606e-06,0.9994817392073746,0.00047328530245731635,4.186595905415154e-05,1
3.3318925605112965e-06,0.9997270487888837,0.00021084177055057435,5.8777546322249995e-05,1
4.022873295488427e-06,0.9998008534220012,0.00016283878334156637,3.2284922370167784e-05,1
5.795345559928733e-06,0.9999089608070124,4.865998640998365e-05,3.658386073283588e-05,1
7.861481056640208e-06,0.9996850160018175,0.00027740949035074774,2.971302765403327e-05,1
2.9484465317968385e-06,0.9949076650835377,0.005040235758909211,4.9150711997495286e-05,1
2.7371640899444336e-06,0.9671479141314232,0.03276750976418576,8.183893948446398e-05,1
8.938736440731645e-07,0.9305127597457075,0.06896394653569482,0.0005223998456081507,1
1.6725898658121492e-06,0.8769056440242541,0.12280908276907516,0.00028360061568059907,1
1.6985173630637673e-06,0.752974192504306,0.24685652511631895,0.00016758386333510857,1
1.1157561953209734e-06,0.6024388358593922,0.3973544633881724,0.0002055849953358925,1
6.526756062804767e-07,0.3733016809110933,0.6264570314662153,0.000240634948052015,2
4.39744765359939e-07,0.22254504441949427,0.7773266010285002,0.00012791480777968352,2
2.051047043680155e-07,0.1351529696859914,0.8646594984950103,0.0001873267146375634,2
9.063713792951233e-08,0.07523366020020977,0.9246249419861686,0.00014130717733725786,2
3.430532815194329e-08,0.031644486034621125,0.9682495206192361,0.0001059590421178699,2
2.1112947890769e-08,0.015197385420543271,0.984778672185869,2.3921281225469537e-05,2
1.5473489723778327e-08,0.008251774674288559,0.9917353938435454,1.2816008890347365e-05,2
4.646131613360808e-09,0.0057177606090154055,0.9942557699723344,2.6464771349903475e-05,2
8.032743667449094e-10,0.0013776749356538864,0.9985697120191931,5.2612240962787427e-05,2
7.840260230933198e-10,0.00034444692399404685,0.9996476843836568,7.867908874786946e-06,2
1.0304527523585937e-08,0.00031223059853866425,0.9996401552743804,4.76038223547375e-05,2
4.438186004090787e-14,3.887909021231434e-05,0.9964658220046513,0.0034952989036258495,2
2.3465004419592373e-09,0.000180094546184926,0.9997663490661238,5.3554041334667645e-05,2
2.1179446232325806e-11,6.094342915703969e-05,0.9999280708184114,1.098573098071223e-05,2
2.963565594252786e-13,3.3168715481917465e-05,0.9999605236414505,6.307643058138956e-06,2
5.317328742225895e-15,2.1641588101939757e-08,0.999998776635787,1.2017228507359882e-06,2
6.386747252560361e-16,3.9126640133854044e-08,0.9999983944266362,1.5664463236670335e-06,2
7.388553138260589e-16,3.320117141339208e-08,0.9999986623924848,1.3044056763902408e-06,2
1.729090604585147e-15,3.596620141358681e-08,0.9999986525408514,1.3114927658899017e-06,2
1.3395682502503214e-13,7.451281652972222e-06,0.9999900045030939,2.5442136025878084e-06,2
4.9922727862193054e-14,4.551825639826612e-06,0.999983784011933,1.1664162315184231e-05,2
1.5641545404020754e-11,2.173225764604154e-05,0.9999756133829114,2.6543450040521018e-06,2
2.215695358705053e-10,0.0009858333604865128,0.9990012276105515,1.2938805943982018e-05,2
6.9829119296886334e-09,0.030912897546787988,0.968891704288617,0.00019539118051441686,2
1.528252819299272e-07,0.39331906988752163,0.6062591656887704,0.0004216115996373975,1
1.3000480207745002e-06,0.7313499813194119,0.26831024509524726,0.0003384735388665339,1
2.8160054324902754e-06,0.9551382318826112,0.044645047822924167,0.00021390428994693688,1
3.4283361689940006e-06,0.9915077976069813,0.00842261182696432,6.61622316884318e-05,1
4.677662169502283e-06,0.9983844865618142,0.0015727336899588056,3.8102086260578625e-05,1
1.5847952265861507e-06,0.9983643950166895,0.0015654748127880273,6.854537461365656e-05,1
2.54720718902514e-06,0.998563813404665,0.001384651645660756,4.898774395921886e-05,1
5.409299077345382e-06,0.9992041178119095,0.000749151918693467,4.132096904670514e-05,1
0.0001323531005428791,0.99978380210826,2.1387156291040287e-05,6.245763488263056e-05,1
0.0008364130615401101,0.999053755075513,7.73243978606919e-06,0.00010209942410397207,1
0.002943462786009029,0.9969264591405118,6.135946118915512e-06,0.00012394212658776592,1
0.008206636510878718,0.9915522070870699,5.711527445359764e-06,0.00023544487461073252,1
0.019869656927890042,0.9795841587952412,4.026506915950522e-06,0.000542157768639943,1
0.029448911722162758,0.969917810401707,4.631258698585452e-06,0.00062864661831461,1
0.0454339111072323,0.9537325028504718,4.594582870724733e-06,0.0008289914579810622,1
0.06984789041631616,0.9285741882132663,7.321247404213892e-06,0.0015706001232757834,1
0.17258114771155003,0.8152517760601442,1.3592595511150852e-05,0.012153483631280125,1
0.3996958317361826,0.47652523898625004,1.9151169345503528e-06,0.12377701416139637,1
0.9516019874430336,0.03196078544412901,2.7508849653864274e-08,0.01643719960545557,0
0.9987714059439583,1.5210811444087107e-06,6.625769476985333e-12,0.0012270729692274449,0
0.9994502887343324,7.67115842643521e-09,1.2694269245478392e-14,0.0005497035941027261,0
0.9997390484954978,7.005918888424426e-09,3.274550858151362e-15,0.00026094449719820377,0
0.9998427236861037,5.078000414318459e-09,3.4125368668894897e-15,0.00015727123605394213,0
0.9995996813892197,5.753740188786211e-09,1.7269702991723967e-14,0.00040031285626955726,0
0.9962872487182364,2.590271081331774e-12,1.6948379035631704e-16,0.003712751279071423,0
0.995480229204114,1.1386193812322591e-12,1.6945039369923695e-16,0.004519770794981036,0
0.9995951066580743,1.5657119341300477e-13,2.2070470563421173e-16,0.0004048933432114941,0
0.9977980201338104,3.707738109241138e-13,3.664234835152804e-16,0.0022019798675181703,0
0.9441237730385621,1.5748747613011251e-12,2.0266917087690855e-16,0.055876226961595145,0
0.9904948961367338,1.0650699443184334e-12,5.774094339830695e-16,0.009505103862038483,0
0.9994706053078249,1.9735354803311389e-13,7.398490762299999e-17,0.0005293946911250721,0
0.9996656273862559,7.694058759356035e-15,4.315558412790521e-19,0.00033437261251834436,0
0.9997737570192691,1.5315281463438186e-14,6.047229180125182e-19,0.0002262429821049523,0
0.9997163777221421,1.0104409821399146e-14,2.75480740425354e-19,0.00028362227892526703,0
0.9997168800901198,2.37177527989387e-14,9.680156328502053e-19,0.00028311990965375914,0
0.9996234840285102,6.229331396365393e-17,2.0775952656676503e-19,0.0003765159725500771,0
0.9964007223497706,1.2934193652048632e-15,1.5785424505063895e-18,0.003599277651459431,0
0.9981738633132715,3.274492166575792e-18,1.3520508910901224e-18,0.0018261366856208738,0
0.9837034018227809,2.6531714618464595e-18,5.382342687553755e-20,0.01629659817639689,0
0.9960380891327983,1.4296904444349619e-18,3.8299650777724815e-19,0.003961910865750966,0
0.9979542897529834,1.3171874367507405e-18,8.496186164257669e-20,0.002045710245244219,0
0.9989889799528909,6.420747757986006e-19,9.29510068378113e-20,0.0010110200470019213,0
0.9967685801094016,1.132685678990291e-22,3.2697145973287377e-22,0.0032314198919634234,0
0.9960964124271239,3.593529440603675e-22,1.1470536057102308e-21,0.003903587572741423,0
0.9984298859402035,1.2592179088403351e-22,7.22929673228362e-22,0.001570114059530113,0
0.9985751863979369,5.208600264835323e-23,1.2719595493569846e-22,0.0014248136022182076,0
0.998844092551177,6.924304421262653e-23,1.50715142742365e-22,0.0011559074484713406,0
0.9987897308727806,1.1845581496438342e-21,6.6760182556990955e-22,0.001210269126918584,0
0.9990155287925953,3.310125019663891e-20,1.5952458288294165e-21,0.0009844712058839178,0
0.9994601932882926,2.246390512140505e-20,7.018851824310718e-22,0.0005398067104003276,0
0.9997221318543774,4.817128484205041e-16,8.732106183578432e-20,0.00027786814588804754,0
0.9997562312687992,2.552804213466861e-15,1.6046369624887611e-19,0.0002437687306156259,0
0.9997554969765687,2.3195851463134885e-15,1.0660733648721753e-19,0.00024450302478196085,0
0.9997625869544814,3.036821705786515e-14,7.313511887218521e-19,0.00023741304623141362,0
0.9997342526253777,5.950861017662644e-16,1.1816745832296436e-19,0.0002657473731519934,0
0.9994900546566533,7.427961365630678e-18,5.380747199727809e-21,0.0005099453440146224,0
0.9996608035453768,3.797048013590784e-17,1.1127504541637858e-19,0.0003391964532204312,0
0.9985730293190346,1.8596532611253376e-12,1.3363388058749168e-17,0.0014269706779303796,0
0.9997711906709329,1.489828440972796e-12,3.411753377420448e-17,0.0002288093274109101,0
0.9997647402198694,1.388299917015801e-13,2.565204163559971e-18,0.00023525978095748792,0
0.99957408560269,1.877765008531422e-13,1.336419762156994e-18,0.0004259143964389858,0
0.9997674175642051,6.79180006466614e-14,2.3071707506678193e-18,0.0002325824350298121,0
0.9996717514146247,8.705629515169067e-16,2.7258937101175204e-19,0.0003282485847913085,0
0.9987200175715018,1.0139088548126824e-15,2.1008356946812013e-19,0.0012799824295613154,0
0.9992031509310828,4.57971055793832e-13,1.833664691976182e-17,0.0007968490697578966,0
0.9996355688079938,5.728880087047632e-12,6.543529270319067e-17,0.0003644311859274583,0
0.999800007451564,2.732114805810504e-09,1.7598124151045718e-15,0.00019998981572685604,0
0.9997752834255836,3.912105812873005e-09,5.797302000519355e-15,0.00022471266362881218,0
0.999101756216825,7.2061811633410435e-09,2.2891335014170395e-15,0.0008982365754616788,0
0.9997493788109497,2.83648417436496e-09,2.6902618264171714e-15,0.00025061835436661334,0
0.9998552097370653,1.6307872451157901e-09,9.491864667279635e-16,0.00014478863122366806,0
0.999729638897147,4.054248811840113e-09,9.078594325965786e-15,0.00027035704996668155,0
0.9971785562529611,2.8599474102274656e-09,6.043486518294772e-16,0.0028214408856479627,0
0.9997568310108985,7.540356776925638e-10,5.3274425292246886e-15,0.00024316823366378771,0
0.9997774456548415,1.8483910018879055e-09,3.9819384151893105e-15,0.00022255249620619925,0
0.9991554238137467,2.2836123198774567e-07,2.2246091886696012e-13,0.0008443478237740434,0
0.99845298623994,7.914679124413277e-07,1.9866204093846364e-12,0.0015462222914781607,0
0.9987275938437776,8.811038100993616e-10,1.0277746634477253e-14,0.0012724052765652153,0
0.9995523225591166,1.146666046770065e-08,2.714728254820433e-13,0.0004476659731611888,0
0.9959973064848469,5.3182715577874556e-08,2.0123222400779695e-14,0.004002640331486706,0
0.9996083307243862,1.325612165585321e-07,3.8717691692933696e-13,0.00039153671324883944,0
0.9997235052398761,2.2024736161484797e-07,7.902255985347166e-14,0.00027627451448234997,0
0.9996985524837194,2.9399442655481094e-07,9.973234717058657e-14,0.0003011535210592649,0
0.9995871305089593,4.201154321284091e-06,1.1814842293829148e-12,0.00040866833672369195,0
0.9995609754336071,4.336218795646437e-06,1.892205668269609e-12,0.00043468834706866387,0
0.9996338502509027,1.6490144739493228e-05,1.5016206181208548e-11,0.0003496595881959894,0
0.9989464411467815,3.743982218215883e-05,2.0713761155090696e-11,0.0010161190095802064,0
0.9993037712241574,3.247225221368051e-05,7.205247122017606e-11,0.0006637564515502586,0
0.9988897796765914,5.364230039365825e-05,3.7202823973439295e-11,0.0010565779845801706,0
0.9996095143906597,4.9290847685543e-05,4.8159541900627793e-11,0.00034119471367080324,0
0.9996719142153027,3.3240697041331454e-05,2.2172878122434647e-11,0.00029484506644046913,0
0.9995283493645041,5.309197330840077e-05,6.161080913331678e-11,0.0004185585991567828,0
0.9985126374841327,2.6677814208664556e-05,1.5500244975019805e-11,0.0014606846867928577,0
0.9995734880466174,8.709076223169118e-05,2.881547205999237e-10,0.0003394209043671305,0
0.9982368736803199,0.0009472623421308205,1.0271419712014152e-09,0.000815862950249772,0
0.9703213791086795,0.023160255988046868,2.6655082099334474e-08,0.006518338246380286,0
0.7848454174314445,0.0994673011356924,3.449114243910481e-07,0.11568693652315304,0
0.15945939643010484,0.8195918375195039,1.3171011148403037e-05,0.020935595038402387,1
0.01779025665485713,0.9805618858365858,1.3040569692510863e-05,0.0016348169378811318,1
0.006354098923413217,0.9935096596021274,1.117903791820342e-05,0.00012506243488091866,1
0.005391714758125318,0.9945003535588136,1.0279876963456439e-05,9.765180719144555e-05,1
0.00988511288014471,0.98938112170055,1.1159095702811684e-05,0.0007226063222365396,1
0.06993334939947532,0.9273172285066783,6.429459956739935e-06,0.0027429926324865532,1
0.6950036361126478,0.2956634120810348,5.786095492802297e-07,0.009332373195662054,0
0.9125905180712613,0.08356288266104338,1.2980089504097334e-07,0.0038464694684077296,0
0.9803725928145807,0.018211049811924524,3.0350919635126144e-08,0.0014163270226284783,0
0.9955627702954518,0.0038208612480143617,6.2343650772011896e-09,0.0006163622209454253,0
0.998607252173401,0.0009171302661738184,3.0892625250097352e-09,0.00047561447091949764,0
0.9984722287238326,0.00012726244634558086,9.957876375673279e-11,0.0014005087286050892,0
0.9996761921312899,2.4379232650194453e-05,1.89627885858906e-11,0.00029942861786065133,0
0.9997411124718458,4.492475199178059e-06,7.839477294600885e-13,0.0002543950517007923,0
0.9998008868992905,1.314127667380889e-06,1.3118805735973656e-13,0.00019779897321881682,0
0.999848066959799,4.4773147707733115e-08,8.574458659696303e-15,0.0001518882662233946,0
0.9997648019127505,2.9825465032947866e-07,2.7266177403826632e-14,0.0002348998338105306,0
0.9998071527771353,1.3445293950255842e-07,1.7392580173384544e-14,0.00019271276877661693,0
0.99982240583011,4.0599740617482916e-07,9.788625070086142e-14,0.00017718817294887343,0
0.9995381022947663,6.331707386094796e-07,6.690154571683988e-13,0.00046126453562660987,0
0.9968327804257845,5.106881193486978e-06,2.2344862315110843e-12,0.0031621126913917237,0
0.9993425407388999,4.647184888419279e-06,2.231887099428091e-11,0.000652812053994086,0
0.999193596968993,1.9203651939691926e-06,5.697070546909125e-13,0.0008044826663288313,0
0.9997872396318713,2.2657020570758043e-07,6.783665017226509e-13,0.00021253379688427308,0
0.9986740089886335,6.939996349808141e-07,4.4317878062039286e-13,0.0013252970102642205,0
0.9991635926373987,5.187892526351602e-06,1.459809139372548e-11,0.0008312194551614337,0
0.9989372355739856,8.38008018213703e-06,1.1604354091618005e-11,0.0010543843342153006,0
0.9992283015619928,7.761653248872453e-06,3.804627646133557e-12,0.0007639367808842212,0
0.9997555322126905,1.0730405266801247e-06,4.092815992175031e-13,0.00024339474766477717,0
0.9997996781530774,6.422550623128845e-07,9.710244941827688e-14,0.00019967959059864974,0
0.9997461864095379,1.253493448679105e-07,1.024604221695929e-13,0.00025368824215947326,0
0.9986423872794283,9.982895727000553e-08,4.394496357284021e-14,0.0013575128909681243,0
0.9993496080141484,5.952126911840163e-07,7.306765718908388e-13,0.0006497967720340133,0
0.9996805913279591,7.249647466396673e-07,4.99335914914826e-13,0.00031868370698638035,0
0.9995445249856892,1.0784175598188576e-06,2.374047275145237e-13,0.00045439659660963705,0
0.9996610945722864,1.162328699369007e-06,3.7391507729399123e-13,0.00033774309690653146,0
0.9997013316438073,1.3920716134502326e-06,4.538358390180376e-13,0.00029727628272544014,0
0.9995509447360793,5.419105608576537e-06,2.4315997712796907e-12,0.0004436361567679353,0
0.9994301548308512,0.0001266820216354335,1.612604470492885e-10,0.00044316298651259886,0
0.9984031916898194,0.00018603880792158518,2.7192365808855393e-10,0.0014107692290770495,0
0.9986490246472922,0.000158817852714141,3.5598334165983e-10,0.0011921571434722986,0
0.9994333884142929,0.00010276066427193585,2.869792861811567e-10,0.00046385063272142216,0
0.9989065715778603,0.00041487117425527057,1.326306875239628e-09,0.0006785559217791294,0
0.9932739329135177,0.0008248040379498544,7.179390575425922e-09,0.005901255868528965,0
0.9909083049968389,0.0001656336125918703,8.865804567519017e-09,0.008926052523847565,0
0.9575422666818911,0.00040447088770879653,1.4100464656600674e-09,0.04205326101896573,0
0.9903327035556987,0.00012972661037684698,4.49098545703431e-09,0.00953756534398629,0
0.9961694741127882,3.672185462865327e-05,2.2376931728803275e-10,0.003793803807914782,0
0.9985576003066802,1.106860625188404e-05,8.179495698715283e-11,0.0014313310044938965,0
0.99881782628733,1.214502386423086e-05,2.922874229017073e-11,0.0011700286593923953,0
0.9991357878868767,2.4527954701530706e-18,9.721466146468228e-20,0.00086421211175954,0
0.9973933559150422,1.0907680541384095e-17,4.5178565844912096e-20,0.002606644086411592,0
0.9995213913232025,1.0157442071379707e-17,2.949548352193311e-19,0.0004786086772089855,0
0.9985534201895455,7.514721573474748e-17,1.5207281880631343e-18,0.0014465798121213274,0
0.9835506528761043,2.5015550090480153e-17,3.21253797112511e-20,0.01644934712510019,0
0.9985597070751435,1.5376429757643945e-17,1.0347444335487245e-18,0.0014402929257167965,0
0.9991183078210728,3.4968479219603647e-17,8.131367822323361e-20,0.000881692180691962,0
0.9994789149667301,1.4635751677085215e-16,8.473478119852088e-20,0.0005210850321775634,0
0.9996607609809163,1.7375226397645288e-16,5.3153994020396986e-20,0.0003392390175858371,0
0.9997069271127645,8.209762625257193e-16,1.5880105933494403e-19,0.0002930728862493586,0
0.9995582958821104,2.0005569748505066e-15,2.3536431754669263e-19,0.00044170411682387236,0
0.9994864769682905,5.407417449443729e-16,1.0760959067226435e-18,0.0005135230308864815,0
0.9974530460666157,5.674500277508111e-16,3.2293366572129724e-18,0.002546953931733228,0
0.9844830645113943,5.139383953933881e-15,2.323036105612794e-16,0.015516935487905467,0
0.767755254783772,2.4760710258501437e-13,1.6935386042375e-16,0.23224474521450858,0
0.836626473732923,8.743180332281437e-14,4.144554598734518e-15,0.16337352626656998,0
0.9238485865250847,1.3999282502890439e-14,7.162346862699859e-16,0.07615141347543443,0
0.9861607514904933,2.623038048866534e-14,3.809747400058276e-15,0.013839248509945092,0
0.9719530961197619,3.0505445138472636e-08,2.467084912291496e-11,0.028046873350014673,0
0.4872868693711657,2.4319459553045157e-07,3.4072463241322213e-11,0.512712887401552,0
1.2066070236800652e-28,5.070751943420645e-28,3.61186201751314e-26,1.0,3
0.00017592929084189713,1.3189841962663784e-08,6.497520431044069e-11,0.9998240574533305,3
0.11007482374380965,1.9346271895761153e-06,1.7355896758129456e-10,0.8899232414548995,3
0.9009994444069076,1.3491479998511971e-05,2.3497223049520157e-10,0.09898706387748991,0
0.9966790260311142,2.6904421432495314e-06,6.700468562807812e-11,0.0033182834598228144,0
0.9993336371896826,2.442932366704535e-05,1.7728090647144839e-10,0.0006419333095728792,0
0.9970155981255003,0.0012437884086691808,2.4926676889941195e-09,0.0017406109716494788,0
0.9946687689068707,0.004230215289167952,1.841698680226925e-08,0.001100997385952188,0
0.9763000900660453,0.01660621906026532,3.181501275533095e-08,0.007093659057363477,0
0.8680475133268136,0.11322798027093363,3.229815927877294e-07,0.018724183420841138,0
0.4959203435364709,0.46584438485382773,9.349614263878807e-07,0.03823433664755618,0
0.10789726102020683,0.8820399991690603,6.573273196392787e-06,0.010056166537964194,1
0.005119761163206768,0.9837531397290441,2.556141654208269e-06,0.011124542966950418,1
0.00030956559721193505,0.9990674643973159,1.0065212303229261e-05,0.0006129047917018992,1
0.00033975192580086973,0.9993619759324467,5.25075721926026e-06,0.00029302138313470053,1
0.00017508570642635638,0.9988420152848329,7.0629299342422736e-06,0.0009758360789719386,1
0.00024580380689505815,0.9984902285845796,3.138579931067464e-06,0.0012608290300838278,1
0.0004694849927065866,0.9986429610782726,3.613329517543372e-06,0.0008839405984984223,1
0.0004344600107261054,0.9993798339699345,4.693746603944877e-06,0.0001810122727572696,1
0.00024084202614703778,0.9996594808948923,6.396940617292694e-06,9.328013969544643e-05,1
0.00013039853319580784,0.9997908184659292,6.81700904616161e-06,7.19659929806562e-05,1
9.337942617642492e-05,0.9998314297259481,7.018627039922498e-06,6.817222173152112e-05,1
6.680059819147529e-05,0.9998744073894172,9.607945258941194e-06,4.9184067975298474e-05,1
0.00020617222523918084,0.9995781634265042,4.073528912197143e-06,0.00021159081811992776,1
9.884085480982802e-05,0.9997842138239625,8.74976641683726e-06,0.00010819555383530787,1
7.4409362043472e-05,0.9998297209767313,8.543454221789895e-06,8.732620573577405e-05,1
0.00031288050951229236,0.9994666868285823,4.254011559018903e-06,0.00021617865119268837,1
0.00023114575985999273,0.999568428611032,4.340248055372168e-06,0.00019608538073524124,1
1.7307394163145556e-05,0.9998397494522293,1.2245503676385424e-05,0.00013069765038562327,1
6.8437286483610156e-06,0.9998907472385823,3.847784085253563e-05,6.393119326773219e-05,1
2.9430116461014e-06,0.9996502578774819,0.0002045634335211083,0.00014223567597983086,1
2.239482997798346e-06,0.9907748663699439,0.009140170573025182,8.272357573976759e-05,1
4.163366401416553e-06,0.9623044023880443,0.03755510006351387,0.00013633418206234575,1
1.872276233870557e-07,0.7548009372784695,0.24262249922115103,0.002576376271450023,1
4.321822956204021e-06,0.1353590379662646,0.8632748800260763,0.0013617601858314347,2
1.1548865350126461e-06,0.011350996135726083,0.9739686373064507,0.014679211670550302,2
5.472325140446384e-06,0.007412169356389108,0.957701866316344,0.034880492002091895,2
2.938222939305027e-09,0.00030660687585609014,0.07166425431569981,0.9280291358711182,3
4.411698381212459e-23,1.0950773891582623e-14,7.804960391988169e-10,0.9999999992178346,3
1.5867807276023843e-22,2.1075036167607873e-14,9.37224304289866e-09,0.9999999906285666,3
1.0798611769548456e-06,0.00027452570032834427,0.8740308492442853,0.1256935451940127,2
1.222322095466886e-11,5.3546121268130395e-06,0.917234959899449,0.08275968547585673,2
2.571134037766048e-10,8.968171984337666e-06,0.9983152012197538,0.001675830349870895,2
5.712350610279929e-12,1.155241361473116e-06,0.9999880621674923,1.0782586854247641e-05,2
4.888038137827503e-14,4.954165135696462e-07,0.9999977214928132,1.7830895188242554e-06,2
1.687454125110062e-15,1.704828635996341e-07,0.9999969146094677,2.9149084197733237e-06,2
2.5020361397813677e-14,1.2881149530801818e-07,0.9999981163036415,1.7548832798772592e-06,2
2.090885549521765e-12,9.178231854628434e-08,0.9999862101945308,1.369802104956533e-05,2
1.0326732738462296e-09,8.395534014212812e-06,0.9969249003261038,0.0030667031073355402,2
9.416515992964951e-17,4.5883382921374094e-07,0.06828206249649303,0.9317174786712389,3
3.3418713305943533e-07,0.0014418162383317223,0.980234792285725,0.018323057290486354,2
2.0511081794657344e-07,0.0019012259472114476,0.9976724515342038,0.00042611740954245756,2
4.684451948031315e-09,0.0025971811263490172,0.9973445473663587,5.826682184810566e-05,2
1.7576878830477953e-08,0.006670420341430822,0.9932953746733456,3.4187407445470615e-05,2
4.220010301539837e-08,0.039412549428756126,0.9603588063419628,0.00022860202951990508,2
1.1976772593078772e-07,0.4825656204754419,0.5147841619540464,0.0026500978021760163,2
7.767485077635568e-06,0.9808100792112611,0.018396743917491635,0.0007854093874147548,1
8.550001712668618e-06,0.9972915154397534,0.0009574028346903057,0.0017425317237408106,1
5.908641453816677e-05,0.9998234138664597,2.0278004886158137e-05,9.722171423428391e-05,1
3.002002681444193e-05,0.9996920625613309,8.043781977028803e-06,0.000269873628671491,1
1.8931825548657452e-05,0.9946562352642121,1.2077987140973655e-05,0.005312754921543361,1
1.5409688216226942e-05,0.988658853113307,7.780712403303951e-06,0.011317956486293338,1
1.9170103254451933e-05,0.953475619725727,7.1792362435901135e-06,0.046498030934231376,1
0.00024681850026320905,0.9967621844879433,1.4686232042449908e-05,0.002976310778972299,1
0.0002976558084881811,0.9989394170468782,4.30892284559726e-06,0.0007586182209789844,1
0.0003247499284695336,0.9977845095422743,7.175586553464419e-06,0.001883564943682201,1
5.29325622932298e-06,0.9727864345025443,8.13799795963702e-06,0.027200134243054876,1
2.569666220345327e-05,0.9989058098225082,1.6240103499483944e-05,0.0010522534120058628,1
3.0412770204381728e-05,0.9997543528253052,6.39423522502434e-06,0.00020884017076547908,1
2.5268416595185783e-06,0.9994739156085737,4.146666913564464e-06,0.0005194108833018652,1
2.266264650366206e-05,0.9999056583049696,1.2441847266397026e-05,5.923720155086783e-05,1
8.089005103015903e-06,0.9998096231097654,9.774547368094841e-06,0.00017251333872824983,1
1.228443178053874e-05,0.9998867079818352,8.158663506733182e-06,9.284892233672046e-05,1
1.5226055718255503e-06,0.9994890355826179,5.506181701439311e-06,0.0005039356294472702,1
1.4343736741020766e-05,0.9999223155263106,1.7352036590557884e-05,4.5988700433220255e-05,1
2.1242768711632198e-05,0.9998722429643766,1.3235985757346668e-05,9.327828033493177e-05,1
5.816797702539705e-06,0.9986523710826701,2.62466027804906e-05,0.001315565517393318,1
1.1510527506794649e-05,0.9999255347180136,2.407059104470922e-05,3.8884163372212455e-05,1
1.3800946900402379e-05,0.9999387295064552,1.5411983179659433e-05,3.2057563484979205e-05,1
1.237973432266734e-05,0.9999001244252678,1.1448025643091516e-05,7.604781601333119e-05,1
8.672543193693016e-06,0.9997320123084955,8.981741784298344e-06,0.00025033340570899113,1
1.5143976567688173e-06,0.9997534447837655,8.937997605463623e-06,0.000236102820856766,1
3.717960385494805e-05,0.9998642282872361,9.885128361328729e-06,8.87069821622074e-05,1
2.7993187095022957e-05,0.9996235095793257,7.54441631527795e-06,0.00034095281680188497,1
0.00017043534300673324,0.9985425680756302,4.415539482546173e-06,0.001282581043332025,1
3.5498599207776726e-07,0.9875329574060681,2.007951495251457e-06,0.012464679657864061,1
0.00016879990296270447,0.9991676048805137,7.847209765984896e-06,0.0006557480063096751,1
0.00015018112958882005,0.9984654452446066,3.689003444993672e-06,0.0013806846216826406,1
0.0013798368777157705,0.9958802031558185,4.732814751487671e-06,0.0027352271522193216,1
0.015787505348668424,0.9779627783815302,1.063200344008238e-05,0.006239084264883595,1
0.047978441248871705,0.8866407497662679,5.2270522250679135e-06,0.06537558193173593,1
0.3300243461221526,0.553770842585375,1.4732962205679487e-05,0.11619007832963536,1
0.4166752655241611,0.24796320560047988,1.8798553326321115e-05,0.33534273032379447,1
1.7614973537927755e-08,1.2392949748541596e-05,5.151341085337318e-11,0.9999875893851603,3
1.3766518839622468e-05,0.00012434969204520006,1.3323401603058977e-08,0.9998618704650468,3
5.43102645258414e-05,0.0034775432609914247,6.925171681124552e-08,0.9964680772243157,3
0.008973623814741915,0.19632559313392056,6.688859626653234e-06,0.7946940941921276,3
0.007859003531174349,0.9729709961669791,8.73151869982641e-05,0.019082685115783725,1
0.0025496747187479735,0.9967983940188251,9.844192269322685e-06,0.00064208707058592,1
0.00046208773467664604,0.9993449442719726,8.12537733351691e-06,0.00018484261718053466,1
0.00017561320884413548,0.9997095567422458,6.303558032340951e-06,0.00010852649255505089,1
1.491267711694517e-05,0.9998193755218877,5.8126616910909446e-06,0.0001598991380777498,1
4.754303178460393e-05,0.9998918985701175,7.83538131866341e-06,5.272301544783482e-05,1
4.426844869350404e-05,0.9998793150841763,7.167605038870047e-06,6.924886199747494e-05,1
5.745787922257772e-06,0.9998793380625152,1.6593115359783997e-05,9.832303509258033e-05,1
4.0915838125146065e-06,0.9994654502562433,9.102441200979117e-06,0.0005213557205333496,1
1.2199715193265623e-05,0.9999306405196451,1.469462152527049e-05,4.2465145364672164e-05,1
7.550020980307448e-06,0.999888156705643,8.076713618161125e-06,9.621656080356333e-05,1
2.8345863197633872e-05,0.9998906883097661,1.1327861875154431e-05,6.963796394152426e-05,1
2.435508844030682e-06,0.9996828864674904,5.912701131516861e-06,0.0003087653227364293,1
1.728392598930538e-05,0.9999294002593976,1.1982305855790264e-05,4.1333507198429786e-05,1
4.7659155117756285e-06,0.9999246423450104,3.04160686193946e-05,4.017567090825985e-05,1
1.8571661240848322e-06,0.9998990986946236,2.2011396531664397e-05,7.7032741445314e-05,1
3.6612566586362027e-06,0.9999168436677417,2.2514785662287874e-05,5.698029026108371e-05,1
3.272584638155907e-05,0.9996877285700491,4.35705364763594e-06,0.00027518852813772664,1
9.402497295853212e-05,0.9996925319998674,6.763362148590113e-06,0.00020667966546459711,1
0.00013675386910799473,0.9997217650553183,5.2175996411465025e-06,0.00013626347631849037,1
0.0006320081910899813,0.9992198658806839,6.83828704536255e-06,0.00014128763993291303,1
0.002487856773002743,0.9969627860691721,7.954833556137783e-06,0.0005414023257788935,1
0.01099668881380716,0.985318324407973,3.207752007455795e-06,0.0036817790264727797,1
0.013270385938687995,0.9856953820961227,3.864125150423185e-06,0.001030367839946078,1
0.014001531375666725,0.9848845514510718,5.679518204618462e-06,0.0011082376554026178,1
0.013016200579281942,0.9750293114527665,5.3359565481545e-06,0.011949152011411968,1
0.009143276162290617,0.9559874318527634,4.102705452377208e-06,0.03486518927914866,1
0.005079854255183997,0.9725123707702231,7.647379507908648e-06,0.022400127596500594,1
0.0007799400173197474,0.9745327755566211,6.412449421832453e-06,0.024680871976906306,1
0.0010801853184864393,0.9755915469016497,1.0368875492592619e-05,0.02331789890574756,1
0.00031754555200308866,0.953758207257252,1.1850726291857763e-05,0.04591239646502437,1
9.349996448847657e-05,0.9656410750411142,8.03848621298781e-06,0.034257386509874005,1
0.00017364853542103223,0.9958577384443842,9.994201215931706e-06,0.0039586188187851834,1
1.2310576619654211e-05,0.9922184974051674,1.322081808544952e-05,0.007755971198332398,1
2.3648614814205912e-05,0.9952470730397305,1.028592677584929e-05,0.004718992418957008,1
2.3969900580867232e-05,0.9934101088076075,9.236532201984708e-06,0.006556684758261818,1
2.101113105261156e-05,0.9983664886181831,7.2294052254868106e-06,0.0016052708452963672,1
6.360225716306334e-05,0.9993453316593149,1.112891469416531e-05,0.0005799371692468134,1
3.4956855386470404e-05,0.9868985541913138,4.054648336052845e-06,0.013062434305595312,1
8.698375555832417e-06,0.995947012699965,6.6400524296875336e-06,0.004037648873154152,1
6.032543106800524e-06,0.9991650393611388,4.094748749982183e-06,0.0008248333452702022,1
3.862269486323746e-05,0.9998698081609502,1.0160721508280312e-05,8.140842367625806e-05,1
0.0001239662656724361,0.9997448026927539,5.437499669268496e-06,0.00012579354157030135,1
3.215405346529743e-05,0.9993314286036143,4.0905950814978645e-06,0.0006323267486810168,1
4.982828440755432e-06,0.9986486255407607,3.3272900298133977e-06,0.0013430643409988086,1
4.606945023058711e-05,0.999787669022175,7.4632141396930615e-06,0.0001587983133568356,1
0.00011516482131721867,0.9997957439620468,8.60226084169255e-06,8.04889552724985e-05,1
0.0003974066238197873,0.9985522657892977,1.9093840337533115e-05,0.0010312337476741297,1
0.00069690196610657,0.9503157262970598,0.00019587326022240845,0.04879149847661997,1
8.109847371345198e-08,0.006413042181043563,7.534416720967873e-07,0.9935861232801613,3
7.691179117711414e-08,0.003130026765959422,5.236937739831969e-07,0.9968693726276311,3
0.00040944634859459167,0.9819551059362238,0.001886725435240427,0.015748722278336468,1
1.7455057016169406e-06,0.9964522450961879,0.0004679131488706847,0.0030780962476484636,1
3.3615518826957716e-07,0.9988670816593695,0.0002549903577485713,0.0008775918293430843,1
4.819681271461583e-06,0.9995095489237055,0.00039619036180439947,8.944103216133852e-05,1
5.303195601470094e-07,0.9968281682002469,0.00041018600088658154,0.0027611154776504424,1
4.810417992086267e-06,0.9997312266759605,6.875435251454639e-05,0.00019520855455853407,1
4.386683248106362e-06,0.9998580480231141,6.345046363189043e-05,7.411482941838589e-05,1
4.0654594919838025e-06,0.9998876643349414,8.166912135253212e-05,2.6601085517128262e-05,1
5.735955180144777e-06,0.9999172474426157,5.1794803057209604e-05,2.5221799533862915e-05,1
1.5775044456200614e-06,0.9998481698735003,3.729551447717895e-05,0.00011295710784053137,1
6.230606331477812e-06,0.9999253409555209,3.282487689449698e-05,3.5603559602957354e-05,1
1.0435086814205267e-05,0.9996912895073423,3.2796619345391165e-05,0.0002654787863229796,1
1.4243836893439935e-06,0.9962171407453854,2.766370963265547e-05,0.003753771161632448,1
9.721493927748268e-07,0.9995432073180819,9.218427351257767e-05,0.0003636362601561209,1
4.149572208819892e-06,0.9998265913540088,0.0001312828136021928,3.797626042907264e-05,1
8.52582423821984e-06,0.9994050911090229,0.0003682696838316314,0.0002181133823250435,1
7.07631052924082e-05,0.9900228185446905,0.001147095077763306,0.008759323270908212,1
3.641701660182039e-07,0.7476054627677536,9.747148544051255e-05,0.25229670157753115,1
0.00012566568916246062,0.9830588441489712,0.002812026187339433,0.014003463975955739,1
4.3056405775587226e-07,0.9803016586992702,0.007771101336225006,0.011926809400015115,1
2.9542688795437495e-06,0.9605824910290733,0.036858015410457,0.0025565392909089567,1
3.98185480343093e-06,0.9111317928502158,0.08849048984050409,0.0003737354528341822,1
5.359443285187684e-06,0.7825664616631418,0.21500106729038718,0.002427111603741074,1
8.359910221454855e-07,0.5762702213500388,0.4064164566046963,0.01731248605426732,1
2.6447710267947924e-06,0.38189835697896973,0.61657041328712,0.0015285849634791748,2
1.8185144517411293e-06,0.22149027824355938,0.7724155107385559,0.006092392503148681,2
9.614176094613157e-08,0.07161792362095316,0.914069017668655,0.014312962566870504,2
3.125722714659025e-09,0.01178012192331172,0.9849280414827923,0.0032918334682617424,2
5.1376927795088196e-09,0.002567548221779557,0.9973565537798107,7.589286051114406e-05,2
3.2991060394995435e-10,0.000689502648953321,0.9992903989982901,2.0098021036744147e-05,2
6.93880170814164e-11,0.0002458429064689406,0.9997404776454277,1.3679377929533453e-05,2
1.7689653256841977e-11,0.00012774580060875062,0.9998611136592902,1.1140522734349882e-05,2
7.336991221124775e-12,5.219422442951664e-05,0.999942437848978,5.367920840651952e-06,2
1.1367874760191556e-12,3.6696816688618346e-05,0.9999563971370948,6.906045654324513e-06,2
1.5264233500743956e-12,2.9110198940309746e-05,0.9999659307596842,4.959041325678594e-06,2
6.563560611631538e-12,2.4871445275112263e-05,0.999971025391955,4.103155207089094e-06,2
1.1112939354170596e-11,0.00030363567338176817,0.9996775427927415,1.8821523351848134e-05,2
6.002986272647116e-11,9.670657765447924e-05,0.9998849715181498,1.8321845648098797e-05,2
3.451597380479634e-11,7.160318150738257e-05,0.999903738129938,2.4658655138203205e-05,2
1.297511353112181e-09,0.0005432126941106446,0.9994384538855656,1.8332123878515102e-05,2
5.344186253351794e-09,0.004586160521717792,0.9945231894060546,0.0008906447289924547,2
1.9341766105552703e-08,0.02361264296993747,0.9664819246755038,0.00990541301348868,2
3.383047968441777e-06,0.5830784480249862,0.4162483607100813,0.0006698082174218707,1
8.001124929507727e-07,0.8808085871575593,0.11855078434439811,0.0006398283846018486,1
2.2915922649866618e-06,0.9682174651082159,0.03159471972033732,0.00018552357758331884,1
2.590939749706231e-06,0.9930742604078674,0.006399726150360979,0.0005234225014417997,1
3.3636912401598726e-07,0.9978840091244641,0.0010438891759083722,0.0010717653313884357,1
2.5157060081085834e-06,0.9994657929670626,0.0004322675295983676,9.942379803435149e-05,1
1.7420448295658096e-06,0.9990513622195604,0.0004198959707338442,0.0005269997664365338,1
5.810347581192719e-06,0.9998312682487548,9.349884340922932e-05,6.94225593681844e-05,1
1.1397175791527205e-05,0.9972379987317594,0.00010157849813487083,0.0026490255953693963,1
9.447780820789225e-05,0.9788019335495832,0.0005972025364463522,0.020506386106915426,1
3.6346138844882953e-06,0.6758847161113979,0.00023477309674275036,0.3238768761774202,1
5.941078958182648e-08,0.5239792292666644,0.0005590592644259207,0.47546165205815677,1
5.677240582397525e-05,0.931234272495456,0.044823609938678885,0.023885345158610752,1
5.778817796656544e-06,0.9254091449533611,0.07319166688647477,0.0013934093419716335,1
3.153285841634952e-06,0.8917533243810033,0.10806745414481378,0.00017606818710637966,1
9.035878037479489e-07,0.7676169761213155,0.23167690783032524,0.0007052124614900891,1
1.7841842270644607e-07,0.35157700079056386,0.6479337159378283,0.0004891048515877176,2
1.68804387911849e-09,0.013595182029986648,0.9860093083292965,0.000395507951969254,2
6.020604577041254e-11,0.0002636376999043979,0.9997263809294014,9.98130977507766e-06,2
5.382266330743142e-13,4.372251570311693e-06,0.999992445343538,3.1824038781108627e-06,2
2.4774427430749368e-12,7.442303431895681e-06,0.9999887289503382,3.828745351063315e-06,2
2.412492873626335e-10,0.001780581644820916,0.9982083923029708,1.1025810927818646e-05,2
7.4988735478147e-09,0.009880358772195489,0.9900843318506436,3.530187827172881e-05,2
1.689483022177606e-08,0.059855225123428654,0.9393869314818494,0.0007578265010325009,2
5.323936017698798e-07,0.2077513709424928,0.7907587483739603,0.001489348290388284,2
1.4182621944656685e-07,0.38594149103957276,0.5843097496759748,0.029748617457935816,2
8.909963129095687e-07,0.5657820246532911,0.3812808386870111,0.05293624566251704,2
8.855296638644328e-06,0.6672448424191975,0.33050949330584334,0.002236808977849549,2
2.224619058101803e-06,0.682827572907902,0.31685281094421164,0.00031739153063095306,2
1.5583111295036784e-06,0.6674301506624732,0.33246146347007965,0.00010682755801699841,2
8.601473433636728e-07,0.6095606776814092,0.3901723526484511,0.00026610952166926903,2
7.272621522540695e-07,0.48905633516190034,0.5106200405375755,0.00032289703959416003,2
1.33547214390554e-06,0.30935589341740677,0.6902804258808348,0.00036234522950557267,2
5.405424380442838e-08,0.05939465368220758,0.9378725640451985,0.0027327282201127213,2
1.2224198799642936e-07,0.03354293367131461,0.9663770321855625,7.991189946994463e-05,2
8.239873215672838e-08,0.029029563142303937,0.9709386403175122,3.171414166337478e-05,2
5.4656598620194806e-08,0.04030385230405698,0.9596483335204552,4.77595176898333e-05,2
1.0314229258593773e-07,0.07638671851227638,0.9234944166494818,0.00011876169519405309,2
7.112525009972594e-08,0.09638342285802698,0.9033928323470546,0.000223673667943273,2
3.167181207995918e-07,0.11395799517284659,0.8860000136159258,4.167449484051453e-05,2
2.1645783586340943e-07,0.12058436986466264,0.8793702182073795,4.51954708968228e-05,2
3.980114696367561e-07,0.11507296741392062,0.8848710075994156,5.562697401561755e-05,2
1.7312258609078148e-09,0.10136297450830259,0.897823337516371,0.0008136862455724586,2
2.159841593141032e-09,0.005206521931064773,0.9947554118122199,3.806409747851349e-05,2
7.628700337406592e-11,0.00017885759647162498,0.999812955706073,8.18662025396655e-06,2
3.432683540470477e-13,1.1436582637615778e-05,0.9999783663891291,1.0197029356291484e-05,2
2.899220327358244e-13,5.145938118573944e-06,0.9999925229737844,2.3310883273617675e-06,2
1.267836775663642e-13,3.838874967147534e-06,0.9999925400066739,3.6211186085567163e-06,2
5.1927914698187115e-14,4.567213604321889e-06,0.9999858984277329,9.534359676305667e-06,2
4.765916761172448e-15,7.862992831334543e-08,0.999994278094163,5.643276031296603e-06,2
2.740252041089323e-14,8.245953846979647e-07,0.9999972873556957,1.888047848219698e-06,2
4.5680914091662615e-14,2.6450064010226635e-06,0.999994550009732,2.8049833474491346e-06,2
6.228622915174321e-15,1.9647445855833345e-08,0.9999946015887158,5.378765211606984e-06,2
4.876948959720376e-16,1.0769545964158284e-09,0.9999867664594401,1.3232464078024886e-05,2
9.750234997427773e-16,7.06153156292661e-10,0.9999976604513077,2.3388432970360038e-06,2
1.9785581022580874e-16,1.6614483601653762e-10,0.9999983009234593,1.6989110453939437e-06,2
7.729362799042615e-16,8.184576486703145e-11,0.9999978297879254,2.170131755860666e-06,2
2.7375526907739874e-17,1.0243561994334374e-10,0.9999842495893811,1.5750308907261478e-05,2
4.114211706676787e-15,1.69833697622513e-09,0.9999986191697173,1.3791311514255808e-06,2
1.077816806301965e-16,1.423697010623223e-09,0.9999972199150298,2.7786602208943443e-06,2
7.012450520552447e-15,4.9648766671971144e-08,0.9999986425000434,1.3078521379209776e-06,2
1.8327596050345594e-12,3.2704160511233335e-06,0.999991302543628,5.427039882259932e-06,2
9.697774065287247e-10,0.020143603194178586,0.9797989744288825,5.742140723909496e-05,2
6.458106507591473e-08,0.07543777194513739,0.924354240293807,0.0002079231802125301,2
2.1191103016218262e-07,0.21841698792375713,0.7805804328435713,0.0010023673213412087,2
1.023031325473843e-06,0.6518439744803275,0.3477635189180211,0.00039148356922236546,1
4.369066822411234e-07,0.903428029131144,0.0958823513331113,0.0006891826284284578,1
2.3400507178593138e-06,0.9584208590528923,0.04147011121856954,0.0001066896775226337,1
2.266313676157871e-06,0.9775281454917193,0.022377856280550834,9.173191458498296e-05,1
2.1587940765294986e-06,0.9914559441819515,0.008469184270400366,7.2712753474613e-05,1
3.1680809684478947e-06,0.9967306569170953,0.003227292408442399,3.8882591972308864e-05,1
3.290431373821658e-06,0.9987033556434142,0.0012567952528892796,3.655867191870647e-05,1
2.9394766658683794e-06,0.9997132150889548,0.00024574732290391963,3.809811315766993e-05,1
1.176130788465385e-05,0.9999280967335086,3.288503485068071e-05,2.7256922357605103e-05,1
3.676424421880095e-05,0.9997742176578753,2.8852759392995583e-05,0.00016016533775462658,1
0.0008818953701816545,0.9934389346591871,6.29836836210612e-05,0.0056161862886994155,1
1.5570563413009698e-07,0.7273544235570981,2.027836320698497e-06,0.27264339290103906,1
0.000686020282718265,0.9742075813822212,3.171066131848931e-05,0.02507468767268703,1
0.0007085189087289958,0.9951630857047523,6.952563699688799e-06,0.004121442823186093,1
0.0017699816906076374,0.9966746771540351,1.821299976788331e-05,0.0015371281545437905,1
0.010244639201641764,0.9715202782811678,4.224176340596254e-06,0.018230858342258408,1
0.9857680992963921,7.428782825269404e-05,2.0432832375492468e-10,0.014157612671471276,0
0.9987498633145726,5.616978739219167e-08,8.481955974542256e-12,0.0012500805076423064,0
0.9954393509420794,1.5486983560365785e-06,9.542273708573613e-11,0.0045591002626263945,0
0.9297920450639262,1.912882872653574e-05,6.561519514783101e-10,0.07018882545234204,0
0.35646076780233354,2.3584234361357968e-06,1.1072093154969227e-10,0.6435368736629661,3
0.5610497398097485,1.7684948477648044e-05,3.2901457163630333e-10,0.4389325749115389,3
0.9603600701738462,6.616926609471867e-06,6.64206325982104e-11,0.03963331283399973,0
0.9989486453605078,1.0344243187042249e-07,1.4978530955038468e-12,0.0010512511943448477,0
0.9997227222071859,6.741173327961585e-08,4.4811231599611173e-14,0.000277210379758991,0
0.9998445327919439,1.4822755681539433e-08,5.506901404225508e-15,0.00015545238617618954,0
0.9997294454781219,1.8528871040647e-08,8.337390994723755e-15,0.00027053599280864283,0
0.9993663131178767,4.289694971747101e-09,1.4557661153374413e-15,0.0006336825925216452,0
0.9997947747883218,1.1431601126572282e-08,2.3534609453854277e-14,0.00020521378064193178,0
0.99939943625177,3.2537227899287156e-08,5.407761490002048e-15,0.0006005312099092532,0
0.9998086683080395,5.939046235662931e-09,3.5420132507291855e-15,0.00019132575403900715,0
0.9998484674150284,7.544704274985498e-09,5.468020026700505e-15,0.0001515250393876814,0
0.9993599570901277,1.1546968035124166e-08,3.0206553430862602e-15,0.0006400313620632568,0
0.9995737434074748,4.096796745674499e-09,7.098793683200387e-15,0.00042625249728342566,0
0.9996548678026677,2.0062764281955953e-08,4.440336731463399e-14,0.00034511213398087393,0
0.9986431256514524,4.577318005529501e-06,3.4564436736079983e-12,0.0013522970270727767,0
0.9989740815933698,2.089770535938638e-05,3.749509192754588e-11,0.001005020662247745,0
0.9990731003516891,9.656244664606036e-06,5.477834429954397e-12,0.000917243398093571,0
0.9996830378358016,1.284551885779222e-06,9.49211911661902e-13,0.0003156776109034577,0
0.9996515767190368,1.1967164325219627e-06,3.011622418286895e-13,0.0003472265642200463,0
0.9997426200539069,2.415683921158767e-08,5.14627566073636e-14,0.00025735578937612503,0
0.9985928089531277,8.712056667017816e-10,5.215129955169654e-16,0.0014071901743846953,0
0.9998276350406249,1.9107662965048203e-10,1.3231967649027164e-15,0.00017236476784540937,0
0.9996765154065653,1.6333370714787213e-10,2.7103226010581237e-15,0.00032348443173530183,0
0.9930472590218302,6.848002986665353e-13,6.583325566050052e-18,0.00695274097882668,0
0.9994223796694107,2.7189100440463835e-13,3.980397258103221e-16,0.0005776203296929997,0
0.998100822114405,3.55102876357179e-16,1.8376967332872776e-19,0.0018991778854999886,0
0.9992913985876299,5.15820742892235e-18,1.6199310027122967e-19,0.0007086014113099734,0
0.997843000216045,1.113880688695639e-17,5.379251111605736e-19,0.0021569997848298254,0
0.9865527170736023,1.2074545451220416e-16,1.1860244873943062e-17,0.013447282927474125,0
0.8539937830813398,5.076494133383853e-22,2.880741767341645e-20,0.14600621691925386,0
0.36951144946111164,2.258853225785334e-22,1.2125719529719506e-20,0.6304885505406936,3
0.4154734682420062,3.085881199924195e-20,9.834526089465747e-18,0.5845265317596285,3
0.31875897753949384,6.662375023683523e-19,6.35692406932623e-17,0.6812410224604385,3
1.6902457870675343e-06,1.574672284680047e-21,5.819806326678858e-21,0.999998309752819,3
0.054314476731612944,3.2990305047144393e-18,1.4536468336308907e-16,0.9456855232695378,3
0.1280823471010439,9.940194187294577e-14,6.559697213485788e-14,0.8719176528995054,3
0.11152445094932883,4.3769853074314806e-14,3.236108650849245e-14,0.8884755490503821,3
0.001745501315529872,1.0523369116268728e-15,1.6691429533697994e-15,0.9982544986831848,3
0.3771783773851523,1.91371592724273e-12,9.228064152188285e-15,0.6228216226138861,3
0.946304290859063,7.751191024512196e-13,1.5350729346954588e-15,0.053695709138574126,0
0.9980295366833202,7.188808474351873e-11,7.483548293450436e-14,0.001970463244444864,0
0.9975198097553618,2.5523554613311967e-10,1.3877493181535194e-14,0.0024801899889989455,0
0.9981654975687084,4.2603856720704515e-12,9.87513261618331e-17,0.0018345024282287515,0
0.99975298814097,3.6381474804325075e-13,3.418265305877737e-17,0.00024701185685916093,0
0.9995098384339217,2.3669029616716977e-13,1.7051763190983855e-18,0.0004901615641328048,0
0.9997801241570903,3.398636922140818e-11,1.5183922894150206e-15,0.00021987580866048468,0
0.9961599626133903,3.171853046678504e-09,4.2102344347699916e-16,0.0038400342130286897,0
0.9997680074527423,2.508941099517136e-10,3.3783910220561177e-15,0.0002319922947757447,0
0.9997586267841093,2.1136006730139318e-07,1.147683262888861e-13,0.00024116185629441105,0
0.9993051965926414,8.456618877400601e-08,5.1631309696591216e-14,0.0006947188413634682,0
0.9992832923308069,1.3607657945804491e-07,2.699611007887829e-13,0.0007165715917267658,0
0.9989711113680669,1.5580671526908179e-06,3.75603313610319e-12,0.0010273305617877454,0
0.9981208234736788,0.0005326550525368908,1.4050368201878648e-09,0.0013465200702311342,0
0.9529401030798955,0.029203876520390862,2.81516063865821e-08,0.01785599224801618,0
0.8673150047239017,0.12044854574682112,9.187410503301919e-07,0.012235530787025845,0
0.6087567775335053,0.36770190064706293,1.059526403597877e-06,0.02354026229322018,0
0.3774696584826735,0.6123755119865043,3.2337814302044924e-06,0.010151595750429674,0
0.055872218510310996,0.9386076611068359,4.424316959425442e-06,0.0055156960657985615,1
0.006601932402203075,0.9922641481272079,9.43259297495277e-06,0.001124486876766956,1
1.9237514443999697e-05,0.9962102886687411,4.625270836300428e-06,0.0037658485470173676,1
2.5555437983857065e-07,0.998755746190698,1.2251103261224966e-05,0.0012317471520176745,1
5.810178813026059e-06,0.9999136419684467,3.766337056970648e-05,4.2884483252447835e-05,1
5.019780285812825e-06,0.9999224096044139,3.37060989140894e-05,3.886451730750238e-05,1
4.592399405422285e-06,0.9998840222754054,8.175087439208984e-05,2.9634449708501135e-05,1
1.4603613669395455e-06,0.9998517293526022,6.984758632248427e-05,7.696269861892256e-05,1
8.321047223334374e-06,0.9999248824226336,3.3929631771283264e-05,3.2866898989442574e-05,1
7.482907082664702e-06,0.9999327530551368,3.384174651854515e-05,2.592229084306667e-05,1
3.318548966359922e-06,0.99987834460359,6.484317602329993e-05,5.349367169670094e-05,1
6.2242878159861e-07,0.9998287178662769,4.061886168566183e-05,0.00013004084249155059,1
3.3851803086970183e-06,0.9998803948884365,6.52862245302041e-05,5.0933705606915306e-05,1
3.1433832019840073e-06,0.9997848047917457,0.00018020926527539797,3.18425583700724e-05,1
3.830039289819139e-06,0.9998523567747214,0.00011688178269518016,2.6931404633943434e-05,1
3.3568860936682063e-06,0.9998159472793174,0.0001479957850607229,3.2700049423743115e-05,1
4.098565039943113e-06,0.9998282423730679,0.00010997488580424315,5.768417702254797e-05,1
3.233345292344263e-06,0.999771482668363,0.00017703152128684482,4.8252464552082164e-05,1
3.5368180776091374e-06,0.9995066605058245,0.0004529527388741866,3.6849936218861224e-05,1
1.7982357550208237e-06,0.9984680790258659,0.0014697986189751136,6.032411986087165e-05,1
1.7160716370804028e-06,0.994983071335759,0.004915073945539436,0.00010013864591285544,1
2.441276421242694e-06,0.9931122118408453,0.0067501069882721036,0.00013523989368954798,1
1.1455383951985154e-06,0.9948600300130195,0.004941008787318415,0.00019781566283677703,1
3.170329345132662e-06,0.9982462202237583,0.00170973629818413,4.0873149397448446e-05,1
3.0703049736378524e-06,0.9995448173060051,0.00040651274881659135,4.559964155935649e-05,1
2.753578621568386e-06,0.9995397785933865,0.00040874534898808606,4.8722479458067506e-05,1
2.827301977324971e-06,0.9998851995895713,5.838456541578057e-05,5.3588542506404175e-05,1
3.428287658547339e-06,0.9998853398866778,6.932898206579996e-05,4.1902844636534826e-05,1
2.387623104350351e-06,0.999821224930728,7.021201439520952e-05,0.00010617543111302289,1
2.4688391198971884e-06,0.9998802282707618,2.5769601774876034e-05,9.153328906353752e-05,1
6.08595286505044e-06,0.9999126664745848,3.7806204166230726e-05,4.34413689523641e-05,1
6.9917390788021055e-06,0.9999298133046236,2.8840400708793747e-05,3.435455724655138e-05,1
2.8241618943946674e-06,0.9997040820291764,0.00023063462453744974,6.245918410679016e-05,1
1.2039008849488753e-07,0.999158378324444,0.00016962866484320171,0.0006718726219091646,1
1.5060365705932453e-06,0.9997647656579075,0.00014272427230499067,9.100403175773634e-05,1
3.2975353499321187e-06,0.9998508863763762,0.0001107477971923962,3.5068290289142656e-05,1
1.3275584645586708e-06,0.9996837848582648,7.374290899504316e-05,0.00024114467499968255,1
2.7793881142194738e-06,0.9998829028506394,6.927399221554354e-05,4.5043770379062716e-05,1
7.716820404254018e-06,0.9999261629612791,2.032830285328147e-05,4.579191625922278e-05,1
1.7622910548001593e-05,0.9998746881988726,9.895708519768901e-06,9.77931816805505e-05,1
7.2332519395380295e-06,0.9998895001564337,8.67525388349494e-06,9.459133931371438e-05,1
2.217249469982332e-05,0.9999296241866739,1.1609848429475486e-05,3.6593470747267e-05,1
1.8831687853776596e-05,0.999905970235908,9.108838963547354e-06,6.608923733818444e-05,1
4.686901780308265e-05,0.9998577618749013,6.155235867715598e-06,8.921387289414034e-05,1
1.5544216572536593e-05,0.9998872727360429,1.026575026753589e-05,8.691729588679741e-05,1
3.159082679396091e-05,0.9998734375610727,1.1752874327525844e-05,8.321873898086075e-05,1
1.5428332396617198e-05,0.9999344158029643,1.713801269915276e-05,3.3017852064733995e-05,1
8.834605999670962e-07,0.9997293468573829,2.3053881775185828e-05,0.00024671579901861055,1
5.050869407358035e-06,0.9998750049980695,8.829788597206973e-05,3.164624614824702e-05,1
4.330537266007605e-06,0.9996180579934278,0.00034707156051620546,3.053991030587289e-05,1
5.6762100060624094e-06,0.9967896383851991,0.0031669214037174645,3.7764001949185455e-05,1
2.306843419414762e-06,0.9576786860668461,0.0421983278338926,0.0001206792545004791,1
1.9512033495514763e-06,0.9102959909699788,0.08959651903680095,0.00010553879028917649,1
1.936876047065829e-06,0.8548886418180102,0.14499452317458209,0.00011489813179539394,1
1.4797891749321137e-06,0.8285514445641966,0.1712793208474703,0.0001677548005791745,1
3.7048625752871554e-06,0.7841355744427813,0.21548561017778836,0.0003751105163129201,1
1.3819460517272465e-06,0.8305288642663006,0.16919652026621065,0.00027323352279002384,1
4.887921497053804e-06,0.8977345974647027,0.10171788755553568,0.0005426270574756249,1
8.393622177683692e-09,0.9818722158103174,0.0013428259246415694,0.016784949871920866,1
1.699100442780167e-05,0.9996272606359596,0.00014444306545763694,0.0002113052953966178,1
5.889132089095284e-06,0.9998387538101918,2.8177897955190227e-05,0.0001271791610803715,1
8.648258702806786e-06,0.9999264446874221,1.2688823545493981e-05,5.221822909894621e-05,1
1.6453057395709567e-05,0.9999293874182392,1.284557119090474e-05,4.131395486202827e-05,1
1.1175300102183569e-05,0.9997308839214065,2.1559197970051086e-05,0.00023638158004260086,1
7.583354136542187e-06,0.9997799118804405,1.7370863621769917e-05,0.00019513390246656307,1
3.068969572670476e-06,0.9995717076680083,1.968645697453782e-05,0.0004055369056280161,1
6.382842800855378e-06,0.9998956629253206,4.8343309676826325e-05,4.9610922531930196e-05,1
3.261775399759299e-05,0.9986391727019233,0.00011449908569905057,0.0012137104587418904,1
0.00020538287998329814,0.9518222012336949,0.0003732579420471225,0.0475991579451805,1
3.62181015737054e-09,0.37956493422335263,7.566959776219373e-07,0.6204343054598941,1
6.310660323652773e-05,0.586052744370349,3.928398718704905e-05,0.41384486503837453,1
0.0002157981315884591,0.9877233161013764,0.00013930336397289516,0.011921582404294116,1
4.819502095674808e-06,0.9977932843725705,0.0001585480411609543,0.0020433480848702063,1
1.2574358997084312e-05,0.9982163487894185,0.0016869478275886058,8.41290249377779e-05,1
2.66054624360628e-06,0.9590605149892518,0.0407520891444978,0.00018473531908646377,1
4.907765708256879e-06,0.8059750053120733,0.19365818690754225,0.00036190001361341884,1
6.409276126225862e-08,0.39038659527817415,0.6012027115489379,0.008410629079318409,2
1.5028217809716256e-08,0.055529871504783744,0.9441757712123203,0.0002943422544239668,2
8.182159562412078e-10,0.003090456087562397,0.9968859603406311,2.3582753891294852e-05,2
7.1321694662478556e-12,2.549005395620404e-05,0.9999684626225662,6.04731776775576e-06,2
5.0170233143081153e-14,1.8537092602236593e-06,0.9999885762333588,9.570057816865887e-06,2
2.8905473600968444e-14,8.049136758765699e-07,0.9999944896669083,4.7054181126666805e-06,2
4.476698324754846e-14,9.77918177349321e-07,0.9999970801224545,1.941960453103063e-06,2
7.358098091569844e-15,3.275802072835415e-07,0.9999952590045331,4.413413864181884e-06,2
9.730420356130135e-16,2.3800362320146493e-08,0.9999957040619355,4.2721388663215035e-06,2
4.10334606094159e-15,1.3766317494857227e-08,0.999998709002208,1.2772307174959841e-06,2
4.084291470726134e-16,4.9939114926511344e-08,0.9999953679178322,4.582144291171406e-06,2
3.561593189922286e-15,5.3616692372940974e-08,0.9999985560399602,1.3903447741529695e-06,2
6.922274425009758e-16,1.9959758283763783e-08,0.9999983288958313,1.6511442154932325e-06,2
1.2819705175718097e-16,6.586535542696172e-10,0.9999981441523172,1.8551904899998027e-06,2
1.4118019669131415e-16,1.9494139700628373e-10,0.9999984835715297,1.5162325710784847e-06,2
7.513389779304065e-17,1.2326009311635093e-10,0.9999981655399552,1.8343381408137139e-06,2
4.612849364691902e-16,3.555312433129971e-09,0.9999983603970376,1.6360466564431134e-06,2
6.213296675757724e-14,6.470961257893385e-10,0.9999973150915712,2.684259919964759e-06,2
1.4082649530567207e-16,1.5671255984056956e-06,0.9994504446305789,0.0005479882439932388,2
6.8421946353763234e-12,2.146856437045599e-07,0.9999871343306944,1.265097756074214e-05,2
8.800723428796721e-16,5.592255779853493e-09,0.9999734278646225,2.6566543030960357e-05,2
3.437381457597769e-15,2.419409726934066e-09,0.9999981719355102,1.8256444079209757e-06,2
2.7052899513036367e-16,8.251579920961931e-10,0.9999987045493277,1.2946239269652788e-06,2
1.7683980500758967e-16,6.959775127545276e-10,0.9999980808988992,1.918406329129738e-06,2
2.0120422064764664e-16,8.789053794841103e-10,0.9999975995626007,2.399557182506615e-06,2
4.948080343625315e-16,2.6375830498068406e-09,0.9999982624664514,1.7348943544147609e-06,2
1.6442601339302244e-16,2.6915643869356532e-09,0.9999973272605778,2.670049478753408e-06,2
3.823845520811595e-16,2.358083120755808e-09,0.9999983838001172,1.6138405639456653e-06,2
1.1785656545981723e-15,2.4684868709001074e-08,0.9999988110874047,1.1642261775077389e-06,2
1.6638318923783038e-14,4.710560669021723e-07,0.9999972486840866,2.2802614107529013e-06,2
4.8143438521540274e-15,2.046150725811373e-06,0.9999861684893178,1.178535827863799e-05,2
3.1574825985735964e-13,1.4307513018612931e-06,0.9999966931336638,1.8761150728150744e-06,2
1.0172674482458663e-13,1.817327718659225e-05,0.9999746666406534,7.160080876795408e-06,2
5.133406826666396e-13,1.0504896855431862e-05,0.9999827017022708,6.793402005768505e-06,2
2.6686884867945017e-13,2.0737365252014853e-05,0.9999713112961041,7.951338490752967e-06,2
7.387346052783708e-14,2.149652107762464e-06,0.9999959460556374,1.9042930270325402e-06,2
3.1965226130248776e-14,1.6775408830412374e-06,0.9999964526931925,1.8697645882278207e-06,2
3.782240365873158e-13,4.933697199358004e-06,0.9999908876976848,4.178605329327165e-06,2
3.3126480501064265e-12,4.143763472397421e-05,0.9999298803987976,2.8681963037009993e-05,2
2.958848329529743e-09,0.0024083233094281415,0.9975504505750165,4.122315542545343e-05,2
1.0044776124807406e-08,0.10360342964241588,0.8957833000617409,0.0006132602506448175,2
4.907217240699799e-07,0.4674714830752727,0.5320452449125391,0.0004827812912041815,2
1.270476874015428e-06,0.8472577355257019,0.15230133483984792,0.0004396591564705751,1
1.850360016927824e-06,0.9715607618855292,0.027920774381750866,0.0005166133717770262,1
3.315101586939747e-07,0.9987066649325987,0.000548710121746408,0.0007442934367514954,1
2.051728562748265e-05,0.9998949448125639,2.3749069112854294e-05,6.0788831083078816e-05,1
1.0348239540196558e-05,0.999800146510963,1.6881417972037582e-05,0.0001726238331854285,1
1.371882704528781e-06,0.9971676910352851,1.5404281769861512e-05,0.0028155328012065637,1
1.112556622203468e-05,0.9997447705666881,2.0065117661758478e-05,0.00022403874950946805,1
1.998950988207562e-06,0.9997805688059473,1.2640489222824626e-05,0.0002047917548540266,1
1.3496248035852485e-05,0.9999350459798132,1.598375468583826e-05,3.547401863211382e-05,1
9.41526457180713e-06,0.9999371643886658,2.6315585422735887e-05,2.7104760484197974e-05,1
5.783167837011779e-06,0.9999151750815721,4.052904838891357e-05,3.8512703648764425e-05,1
2.513960330541343e-06,0.9997252944684926,1.3931885394324933e-05,0.00025825968544729213,1
1.2435361140796367e-05,0.999612535731443,7.507903926798639e-06,0.00036752100400324424,1
9.260003138245141e-06,0.9999342575321756,1.803562458660474e-05,3.84468409810807e-05,1
6.001142705229184e-06,0.9999294467567609,3.384112871123842e-05,3.071097321776468e-05,1
5.956114843555547e-06,0.9999286613510339,3.6116561684896244e-05,2.9265971545635092e-05,1
6.415209178102425e-06,0.9999196320669086,4.692739185669231e-05,2.7025332307993713e-05,1
2.522134943136845e-06,0.9997044279968378,0.00023706561419727746,5.5984254913565284e-05,1
3.950295210783341e-06,0.999784172916445,0.00017243076956351605,3.9446017292872505e-05,1
3.965957159507838e-06,0.9998364959997446,0.00012247408278195191,3.7063960843858e-05,1
7.124780182930011e-07,0.9995214203331068,0.00012377565767805038,0.0003540915321760047,1
2.873287724617804e-06,0.9992986127977969,0.0006236212832548788,7.489263089458394e-05,1
2.0969387111978653e-06,0.9980332555513327,0.0018945000425080725,7.014746716756359e-05,1
1.4025845539592118e-06,0.9929297475035731,0.006898278171406111,0.0001705717420388295,1
2.3864936783547265e-06,0.9905531444411105,0.009350261462789751,9.420760285491218e-05,1
2.1746919796525423e-06,0.9904379293774878,0.009466299270979143,9.359665990950543e-05,1
1.3470429878132276e-06,0.991961785057462,0.007815324110177135,0.00022154378821356746,1
2.538821101623038e-06,0.9961118559202785,0.0038321844261988178,5.3420834220307484e-05,1
3.4735292428302548e-06,0.9986726403946605,0.00129204759616082,3.183847832188658e-05,1
7.10247224050728e-06,0.9981741470622256,0.0017821463782683438,3.660408799626117e-05,1
1.8286784679015887e-06,0.9772429693002598,0.022572678083186068,0.00018252393840458738,1
1.3253246806377583e-07,0.8459693378754952,0.15342549337931868,0.0006050362138587923,1
6.4199111177684686e-09,0.0239068011503194,0.9758897767390614,0.0002034156924486396,2
1.9863159939583985e-10,0.0005009608905537637,0.9994896542904321,9.38462127514469e-06,2
3.9215539803694465e-11,1.3221305515627614e-05,0.9999820225399865,4.7561167642453434e-06,2
3.824962301992687e-14,1.0067224937234497e-05,0.9999062277442452,8.370503233392796e-05,2
6.286652349712261e-13,1.6313505325961618e-06,0.9999943251038572,4.04354462752433e-06,2
2.1234059038796665e-13,7.485264809105979e-06,0.9999900498136681,2.4649201834392496e-06,2
9.088288083187977e-14,8.736006452094193e-06,0.9999863969512529,4.867043837155664e-06,2
4.796779257923239e-13,4.134173106313716e-06,0.999992169423158,3.6964037849190634e-06,2
4.088902411312895e-12,4.886992524324745e-05,0.9999397084124978,1.1421658630428115e-05,2
7.090454410182405e-10,0.0006043385480260942,0.9993759953776903,1.9665364998053214e-05,2
1.703499107645255e-08,0.0021788639936191102,0.9972720744825667,0.0005490444893143428,2
8.605173572854227e-07,0.009596875233617505,0.9714769156758926,0.018925348573216528,2
2.9701599293415018e-12,8.475011679046588e-05,0.10455683063780064,0.8953584192425619,3
2.8378254897260805e-11,0.00011890679785107716,0.10825588436747777,0.8916252088052137,3
4.3169612716986185e-06,0.008827948143298911,0.9750038693418496,0.016163865554210496,2
4.7627997749212883e-11,0.00016144935611132696,0.9963471154552395,0.003491435141714888,2
2.38904052142963e-11,3.5578820653475168e-06,0.9999594459660959,3.699612803680558e-05,2
9.302349305708082e-13,4.409554237962277e-06,0.9999898845383112,5.705906572314183e-06,2
6.632763641829465e-14,4.122012319912956e-08,0.9999905380729787,9.42070639208613e-06,2
7.904119259454025e-16,3.1021557082218324e-08,0.9999153164232584,8.465255660488835e-05,2
1.3128255413682776e-13,3.414546338673284e-07,0.999996690816279,2.967730028742947e-06,2
8.482654043996643e-15,1.2188605498785082e-07,0.9999974743909722,2.4037244382690345e-06,2
1.3380918029553453e-16,1.1922377625005541e-09,0.9999918051516209,8.193657216454917e-06,2
1.0547472750616634e-15,1.140879040534394e-09,0.999998193810637,1.8050480685968298e-06,2
5.1822519781946285e-16,1.646670600441449e-09,0.9999983101275302,1.6882267862159747e-06,2
9.440252585371014e-17,5.43688066410526e-10,0.9999967369056809,3.2625508702177194e-06,2
3.237198679828986e-15,8.1832128283553e-11,0.9999983479879123,1.6519292115517738e-06,2
1.3834549205704032e-15,4.595218848358228e-12,0.999961686454319,3.831354271460884e-05,2
1.3748038509064485e-16,1.879822086839229e-12,0.9996929765115729,0.0003070234856749455,2
2.1240107070316965e-15,1.0504594904882676e-12,0.9999933008881927,6.69911242911231e-06,2
1.7030871674850328e-16,3.441828767071137e-13,0.9999961834182686,3.816582628064186e-06,2
1.558595744975102e-16,2.218350047159327e-13,0.9999906453559644,9.354644306973142e-06,2
1.3371106424932426e-15,1.0082424296235463e-15,0.9999810522834865,1.8947717341518658e-05,2
1.047396349067894e-16,5.378129350876547e-17,0.9996586475508142,0.00034135244994182724,2
4.440833128369196e-15,2.1337051215763845e-16,0.9999082813492347,9.171865151129418e-05,2
1.0359356613751007e-15,2.8188446769046394e-15,0.9999590807715568,4.091922943709346e-05,2
3.3165866158867516e-14,1.793728653808008e-15,0.9999814854895263,1.8514509608256387e-05,2
1.0264300174646839e-15,7.681805973256567e-14,0.9993768578554211,0.0006231421443627633,2
2.4580115820998207e-16,2.1321993395385648e-14,0.9995109142502424,0.0004890857482139826,2
3.174700793157358e-14,1.906506013311425e-11,0.9999961339019292,3.866080740232809e-06,2
5.0831565650365034e-17,3.409538779618553e-12,0.9999965696137854,3.4303833744721275e-06,2
7.482982078936641e-17,5.6752149652724485e-12,0.9999979281950434,2.0718005856078644e-06,2
6.651505481182382e-17,1.8743556022424668e-11,0.9999983206267192,1.679355375019527e-06,2
5.853898543982975e-17,3.6074903625388885e-11,0.9999979409133911,2.0590500375021764e-06,2
5.367124254119119e-17,1.8973329353846607e-11,0.9999983772517659,1.622730258577726e-06,2
5.344415207337819e-16,3.5450781268616845e-10,0.9999983896827194,1.609960970674181e-06,2
1.3026219686982796e-14,1.6638126575696675e-10,0.9999922798749737,7.719959255353459e-06,2
2.838799587638009e-11,1.6646646398627264e-08,0.999798062371523,0.00020192095416077949,2
