regime_prob_0,regime_prob_1,regime_prob_2,regime_prob_3,regime_most_likely
2.3224e-318,9.749292089007184e-81,1.0,1.9229103456086637e-189,2
4.989696767730016e-06,1.3819416704790802e-05,0.9997390766642914,0.00024211422202218043,2
1.1074530446414325e-05,1.4732922313876413e-05,0.9999061468359115,6.804570958994507e-05,2
7.03980433197867e-05,2.077830921440307e-05,0.9994492574476056,0.00045956619892213366,2
0.0022134819284851375,5.183593196484905e-06,0.9806801017817878,0.017101232695877117,2
0.035098525295333395,1.45475718356485e-07,0.8849942078067434,0.07990712142306203,2
0.0025027694830045185,1.55539894777002e-05,0.995762465757493,0.001719210770102641,2
0.0001383045760872566,1.820235746715656e-06,0.9986656735125105,0.0011942016761293287,2
2.6480999110261104e-05,2.214962296125283e-06,0.9995889775208684,0.00038232651749303724,2
1.7761670971623136e-05,6.973154076033756e-07,0.999231329777035,0.0007502112380373314,2
8.008483518740143e-05,4.5745563996192384e-07,0.9995319682163077,0.00038748949145752857,2
0.0005647976430896853,1.0757862890200606e-06,0.9991261407256204,0.0003079858444318606,2
0.004172710249372073,6.834270619797326e-07,0.9957107468630463,0.00011585946160256181,2
0.010977105152607513,4.284891570918715e-07,0.9886561733483659,0.00036629301052166845,2
0.018722053742795664,2.768092688871745e-07,0.9770553188953847,0.004222350553318154,2
0.04169134617707236,3.966300705398936e-07,0.9567442725773999,0.00156398461689332,2
0.09875951762614467,8.298231537477814e-07,0.9007567631497116,0.0004828894010003724,2
0.28126076153938084,8.52118353198386e-08,0.7162146299719666,0.0025245232751638365,2
0.9245612873893574,5.668426585237389e-09,0.07451468467354869,0.0009240222694089031,0
0.9921732783252359,1.26237621966912e-10,0.0075937644015343295,0.00023295714741025102,0
0.9998542100020528,9.711820324346473e-12,0.0001236389790997956,2.215100849785045e-05,0
0.9999500459561295,6.400315490003631e-13,1.72142432922132e-05,3.2739798308672876e-05,0
0.9997255434343137,1.1376472380693018e-11,0.0002480322694160256,2.6424286535359824e-05,0
0.9989397967616575,4.3799125780816815e-11,0.0009606144695602512,9.958872485239434e-05,0
0.9986506553421283,2.2552000303320458e-10,0.0013264426198187902,2.2901812115227568e-05,0
0.9970977580458329,2.4192053748592764e-10,0.002863254349071164,3.8987362668065255e-05,0
0.9864549562107863,1.2067463972334509e-09,0.013473684734172488,7.135784969202194e-05,0
0.9614010786921784,3.7464982799321294e-09,0.03834226620352521,0.00025665135920060724,0
0.8340196221228322,1.1049296908653823e-08,0.1648409426811446,0.0011394241451617125,0
0.15300156522077712,1.3332284261202322e-07,0.843971386886142,0.0030269145696796224,2
0.013793158533340991,2.6123757134977086e-06,0.9857710308642819,0.00043319822555397506,2
0.003965424831525766,7.350711151349826e-07,0.9959264543012858,0.00010738579493844567,2
0.0008405505994078757,1.4753294437434025e-06,0.9991066484844044,5.1325586236039484e-05,2
0.0005584825401988244,9.597191642190323e-07,0.999321657211124,0.0001189005299819336,2
0.0018319533760985172,6.642823944836533e-07,0.9979906246246105,0.0001767577161149412,2
0.008893328035532293,1.0024883446913737e-06,0.9909332119300058,0.0001724575452139444,2
0.03756262401291581,5.809519389427943e-07,0.9618230478261862,0.0006137472105017418,2
0.10149690928504015,3.647508062084111e-07,0.8981413144239745,0.0003614115411016387,2
0.1593184987456414,3.227138343985336e-07,0.8403075780529041,0.0003736004882250256,2
0.2074601069385217,3.3042784333567867e-07,0.7921522797183378,0.0003872829170768584,2
0.266828369106195,4.184715155562343e-07,0.7324363248517194,0.0007348875701905038,2
0.33145710108642484,4.473468968058954e-07,0.6678355338820982,0.0007069176861833692,2
0.39144529682567997,2.2102036169688793e-07,0.6027863442074024,0.005768137947645942,2
0.33159049068390734,2.5151600399100496e-07,0.6460047456975574,0.022404512104286293,2
0.15019028265065823,2.3498673219917473e-07,0.7705541824399619,0.07925529992189163,2
0.0882290884737005,1.7491074308383277e-06,0.9049265607811566,0.006842601637924348,2
0.03795807850648176,6.18530608437536e-07,0.9612166859104657,0.0008246170535273491,2
0.0007447035261623941,1.4946367573164196e-05,0.9991129776359254,0.00012737247175326834,2
2.195816017357066e-05,8.846478001076281e-06,0.9998789855049408,9.020985732693648e-05,2
2.0182056883059885e-05,1.2361075793798805e-06,0.9997266575365741,0.0002519242972549999,2
0.00012805389511827425,1.2268519652693524e-06,0.999816139081926,5.458016921599644e-05,2
0.00031303407276204857,5.560423466776046e-07,0.9996096816068942,7.67282764573748e-05,2
0.00013361733106362515,1.0248173104430063e-06,0.9997770041317005,8.835372004374885e-05,2
0.00021149010748266054,8.816181563468569e-07,0.9996782004692664,0.0001094278047411956,2
0.0001677472347913885,8.13074627120819e-07,0.9997488012994246,8.263839219890183e-05,2
9.935280605791068e-05,7.61592895248141e-07,0.9997412227577243,0.0001586628440254702,2
6.540053400976054e-05,5.302231901396126e-07,0.9997804515723516,0.00015361767167014663,2
7.940365162343198e-05,1.1239542693272001e-06,0.9998234599042275,9.601248856995385e-05,2
6.797951382747221e-05,1.00480074938892e-06,0.999801770843441,0.00012924484023687927,2
5.34407487443742e-05,2.0565233927937354e-06,0.9998797332012712,6.476952490196284e-05,2
1.0100659940146877e-05,7.455169002770381e-06,0.9998550848160569,0.00012735935648850762,2
4.3666101695553046e-05,5.767661487928957e-06,0.9998875097163973,6.305651891617893e-05,2
0.0011023204599070614,7.0425232491114525e-06,0.9987887952455992,0.00010184177303608166,2
0.030477327847507264,3.7901002061137803e-06,0.9686531281401258,0.0008657539125836797,2
0.5298189202177837,2.285709990499121e-08,0.46284215315414345,0.007338903771907519,0
0.969898900594438,4.077216008137126e-09,0.029167768198836857,0.000933327130899149,0
0.9901682315178227,4.160846262895939e-09,0.009582101609920235,0.0002496627123105731,0
0.9954110915905906,1.1160130226309121e-10,0.004312218136792632,0.00027669016244945825,0
0.999489826958981,2.7933854032564985e-11,0.00047903138805707366,3.114162474393327e-05,0
0.9997874145996231,1.140271295850649e-11,0.00019437522672314866,1.8210162437534713e-05,0
0.9998561599600316,2.9153367402082597e-12,0.00011935653230183075,2.448350402680727e-05,0
0.9998709743821634,2.566766256803132e-12,0.00010737999265055128,2.1645622020561466e-05,0
0.999974134854525,3.2938132510024286e-17,4.726551159950457e-09,2.586041972960394e-05,0
0.9999931744292666,1.592897472805863e-16,8.879303184675994e-08,6.736778628217993e-06,0
0.9999914993347614,1.5477170694887006e-16,3.313745348647866e-07,8.169291962744221e-06,0
0.9999924205690899,8.069354886566578e-18,1.82549014791415e-08,7.5611753047127375e-06,0
0.9999943544258005,3.2345747081841633e-18,7.99783226246962e-09,5.637578110245937e-06,0
0.9999952884101768,2.903299822446107e-18,3.296897045112912e-09,4.708292957753031e-06,0
0.9999883737821715,1.3756167314948301e-18,3.769709355197437e-09,1.1622447775697428e-05,0
0.9999949279828276,5.534374075980335e-17,2.087148095701971e-08,5.0511441963296835e-06,0
0.9999781969830492,3.2627028874764705e-17,1.633861320041221e-08,2.17866789239022e-05,0
0.9999445713229745,2.6099197052018244e-18,1.1695314382973265e-09,5.5427509002938414e-05,0
0.9999923048458679,8.056095348862063e-18,2.0913357273269317e-09,7.693061800702045e-06,0
0.9999932900216228,3.437751081986013e-18,3.3083376865330603e-09,6.706670248788223e-06,0
0.9999912860710034,3.8635998153765817e-19,3.292272190619866e-10,8.713598530000116e-06,0
0.9999929928699139,4.408625775163926e-19,4.814399824212982e-11,7.007081454205639e-06,0
0.9999720289762308,1.5934012128073938e-18,4.489997060715465e-11,2.7970978696979353e-05,0
0.9999035132954143,4.503634436053687e-18,1.4502842109557269e-12,9.648670249240269e-05,0
0.9987478368032805,3.979907060864753e-20,6.1107247174852535e-12,0.0012521631897922255,0
0.9999745083453043,4.3894077759227786e-18,7.340378386062147e-13,2.5491655756205552e-05,0
0.9999716191112592,3.79516449562646e-20,2.443060859850873e-13,2.838088724187374e-05,0
0.9999796526859511,9.016983775026366e-20,2.590130601081907e-13,2.03473141902319e-05,0
0.9999627308858385,1.2771960916006834e-20,1.4061030125803888e-13,3.7269114614316456e-05,0
0.9999828165949365,3.82670202014843e-20,1.2190980674629443e-13,1.7183403637744157e-05,0
0.999973380688568,3.9683759443486144e-20,1.9512517186740433e-13,2.6619312971207066e-05,0
0.9999664755868042,1.1519892180181909e-20,2.6342571018952415e-15,3.352441356623234e-05,0
0.9998734427299864,1.281495269141376e-21,7.652772970928321e-17,0.00012655726897335912,0
0.9999077519083135,5.246033374394505e-21,1.1840137443937582e-15,9.224809263723426e-05,0
0.9999649789190499,1.1489941729814853e-20,2.467634401513832e-15,3.5021081650355235e-05,0
0.999953495161202,6.908990927787994e-21,7.0264553318542e-15,4.650483936863492e-05,0
0.9999560759576405,1.3157656451596806e-20,1.6375122233286737e-14,4.3924043148751446e-05,0
0.9999693800522903,1.6266561850167392e-19,2.576774390934565e-14,3.06199461996266e-05,0
0.9997844287712265,1.045972640697054e-20,1.9198702587422778e-15,0.00021557122985411855,0
0.999651305864093,1.1464080678704339e-20,2.7206439848586342e-17,0.0003486941350305132,0
0.9997462684360525,9.085314155803525e-21,3.026655994578606e-18,0.0002537315643431329,0
0.9995462840179077,4.4815986289772656e-20,1.5038263506375974e-17,0.0004537159830612799,0
0.9987073243247571,8.785820895694009e-21,2.1362798205671513e-17,0.0012926756754839891,0
0.9995473782005703,8.442317200680926e-20,6.423076711922688e-17,0.000452621799029887,0
0.9997398587859849,2.232144765366438e-19,1.1825519862383092e-16,0.00026014121240628074,0
0.9988987257207005,2.3257899676142015e-21,1.094583121793467e-18,0.0011012742787149,0
0.9995839803613509,1.314801085448869e-20,1.1646685344203937e-16,0.00041601963913393377,0
0.999917874967689,1.9738335505779595e-19,9.697620122909259e-16,8.212503203826865e-05,0
0.9998099650511014,1.8361967102405312e-20,1.177620862315757e-14,0.00019003494853364546,0
0.9999307742461171,7.878107379097313e-20,2.5495754579737862e-15,6.922575229544426e-05,0
0.9997666372395165,9.447900349710781e-19,7.997579128714576e-11,0.00023336268002727023,0
0.999985038774919,4.563239866863567e-19,7.116281464136747e-13,1.496122617222603e-05,0
0.999985688060959,1.5380660918194305e-20,2.4972407340175115e-13,1.4311940443339408e-05,0
0.999979253229534,1.0613281016059941e-19,9.47791184639149e-13,2.0746769149063014e-05,0
0.9999323377132873,2.482854594158689e-20,1.0549097259160571e-12,6.76622867220915e-05,0
0.9999898200303255,3.2572500432795103e-19,4.0679005550057085e-12,1.0179964639851269e-05,0
0.9999889845300532,7.039273928959765e-20,4.660532142018505e-12,1.1015464085620912e-05,0
0.9999829390217411,6.264006930101389e-20,9.236155930359568e-12,1.7060967490590652e-05,0
0.9999926741888923,1.5854408626377923e-18,4.1286425133325066e-10,7.325399196818042e-06,0
0.9999925959983896,6.322133003758824e-19,8.415325109201045e-10,7.403158920669594e-06,0
0.9999948534228329,1.5053274786357054e-18,1.989765266309274e-09,5.144587034163194e-06,0
0.9999945439343406,7.455299269936457e-17,1.1761944419667513e-07,5.338444730519905e-06,0
0.9999831152497193,2.99063767946548e-16,1.1095329161161023e-06,1.577521852144143e-05,0
0.9999810058091889,1.3570419650315248e-15,3.4849392668084e-06,1.5509251904974422e-05,0
0.9999943414601173,4.480560505039486e-16,4.1998179141391977e-07,5.238557237613854e-06,0
0.9999927099572385,1.0223868922674052e-16,4.2004076422872617e-07,6.870000509497473e-06,0
0.9999931214752099,3.60635563590317e-17,5.8960108786308806e-08,6.8195630965217925e-06,0
0.9999903110689128,1.3230302130355904e-16,3.017969440088055e-07,9.387133687697235e-06,0
0.9999874928125781,2.2838821848730557e-15,2.081979838930757e-06,1.0425206573537363e-05,0
0.9999761939757866,2.8218452266063642e-14,1.2870703511999695e-05,1.0935320660757744e-05,0
0.9999522398411963,8.517831521648935e-13,3.209388634521024e-05,1.5666270887575052e-05,0
0.9995615650330645,8.524176537391461e-13,0.0002024910821273364,0.00023594388277933324,0
0.9995181984643909,1.567259470510931e-10,0.00045422669540594974,2.757468240216688e-05,0
0.9978899267140263,7.342766345602205e-11,0.0017960198979225053,0.0003140533141775519,0
0.9564382247555251,1.7038882408033047e-09,0.0416802424943795,0.0018815310467558415,0
0.13465825926299832,9.234157979368812e-08,0.8632395373636711,0.0021021110321279074,2
0.011386959621086915,2.3122486074868583e-06,0.9883580433170424,0.0002526848135386383,2
0.0008174915192372628,1.9563234500361975e-06,0.9990551663451821,0.0001253858110824657,2
6.056660796054912e-05,2.650566292841326e-06,0.9998566190179361,8.016380610492528e-05,2
2.5216080902341528e-05,7.185100163919098e-06,0.9999214807226728,4.611809741973442e-05,2
4.2301346696179646e-06,0.00018215024031071564,0.9994814626934191,0.00033215693284442243,2
3.234421663998927e-06,0.0007923327257347532,0.9988998705389479,0.0003045623121109956,2
3.4139478864086044e-06,0.001495103193272478,0.9981187176565932,0.00038276520143224645,2
3.0397940311412984e-06,0.0017399044691400402,0.9978609379832818,0.00039611775232802765,2
3.0973509386574626e-06,0.0013679810643093394,0.9983115845760504,0.00031733700937579094,2
3.4824570375450166e-06,0.0012549681524438422,0.9985097147606729,0.00023183463101099643,2
2.629863475171026e-06,0.0010465377420416614,0.9985590363881868,0.0003917960063659115,2
1.432432285449831e-05,6.032054030505702e-05,0.9998158592382514,0.000109495899213744,2
5.607695297629203e-06,2.7046208159308677e-05,0.999720437534297,0.0002469085612202484,2
1.155340591095815e-05,8.225932671404348e-06,0.9998241311058051,0.00015608955437834506,2
6.141506737614308e-06,9.241647646190839e-06,0.9996491404891387,0.00033547635759275605,2
7.654620905762228e-06,1.4421854663318983e-05,0.9998841214461236,9.380207952178111e-05,2
1.0105744578852857e-05,1.3763014831470828e-05,0.9999149599643294,6.117127712126454e-05,2
5.268652282061713e-06,0.00010493842711921138,0.999769257965945,0.00012053495603932499,2
3.882021555849049e-06,0.00043604190739366267,0.9993135548278436,0.0002465212442131722,2
1.871639563047247e-06,0.0006876767829397025,0.9986163228148343,0.000694128763767444,2
4.618254279588583e-06,0.0003056656744450881,0.9995077378931939,0.0001819781793855209,2
4.5012857047524975e-06,0.00013541622508041388,0.9988485463357403,0.0010115361551616647,2
3.06504988787745e-05,5.016656165987336e-06,0.9999060674226532,5.826542243348987e-05,2
2.4980770882313283e-05,1.971483640064102e-06,0.9998231507524918,0.00014989699149396614,2
2.0770851060297694e-05,1.5238309740941664e-06,0.9997804191214313,0.0001972861981243137,2
2.4782462450465675e-05,3.96929804807686e-06,0.9999216468524954,4.9601386284327714e-05,2
6.646373884778727e-06,2.3845326849865488e-05,0.9997546965553704,0.00021481174561730756,2
7.4756989069427065e-06,1.8104943467194992e-05,0.9996601806330082,0.00031423872582897033,2
8.885707994640332e-06,1.5945761523616343e-05,0.9998800082248924,9.516030585047387e-05,2
4.234468465691954e-06,1.3956322123970096e-05,0.9997800956343338,0.0002017135741218856,2
7.65164875481907e-06,1.4581721016900261e-05,0.9998972238312818,8.054279990326444e-05,2
5.244259511437192e-06,1.3849844640954979e-05,0.9998025606960761,0.00017834520144800726,2
6.511009596777128e-06,2.5048754548159897e-05,0.9998980091359261,7.043109982830367e-05,2
6.787179773023319e-06,2.0975943642354897e-05,0.999889734423683,8.250245291070601e-05,2
7.875954517655015e-06,1.4832774483668688e-05,0.99983578201426,0.00014150925734866454,2
7.870439691481952e-06,1.4803844382106042e-05,0.9999080881284567,6.923758823445691e-05,2
7.584941832727966e-06,9.683650562809942e-06,0.9998439873110564,0.0001387440980354554,2
6.790830928135418e-06,1.542836528218436e-05,0.9998846662723209,9.311453024458003e-05,2
1.350958004221543e-05,9.814398248970906e-06,0.9999193777890217,5.729823241418216e-05,2
0.00013358464950818008,7.590319679669407e-07,0.9997744249904181,9.123132861426177e-05,2
0.0001727330839680536,9.739766199777101e-07,0.999589192989813,0.0002370999491203666,2
0.00010600506248297138,3.462962613180595e-07,0.9989669435770758,0.0009267050638723048,2
0.00015268163816922387,7.303434499679456e-07,0.9997442800451103,0.00010230797403179593,2
1.415520671545061e-05,1.4285195006525782e-05,0.9998750976276244,9.646196971761266e-05,2
1.1361012968175643e-05,1.854567020340397e-05,0.999232422644329,0.0007376706717659104,2
1.1410974712874957e-05,1.1919055001861425e-05,0.999903017937935,7.365203096135249e-05,2
6.30263100343605e-06,2.8720803446763634e-05,0.999731737940235,0.00023323862629343465,2
6.163236265467736e-06,1.5231386974049012e-05,0.9997460155661474,0.0002325898097743966,2
4.907150342845649e-06,4.132034115075876e-05,0.9998115622944214,0.0001422102158510244,2
4.084667571453711e-06,6.552239857946963e-05,0.999762732435459,0.00016766049898755145,2
7.097172312418713e-06,2.6355215299143406e-05,0.9998867105208568,7.983709119159399e-05,2
7.331597914609358e-06,2.2601582204975002e-05,0.9997151236854199,0.0002549431331753567,2
1.607293839267889e-05,5.425567438446079e-06,0.999765760727981,0.0002127407652623427,2
2.014930666421762e-05,3.1540752782836903e-06,0.9999188503502264,5.784626867643052e-05,2
5.485313337044711e-05,2.899432458517905e-06,0.9998570773521969,8.51700811797939e-05,2
0.0008604178996648209,3.392380128559868e-06,0.9990366130698158,9.957665137355589e-05,2
0.018988806056516056,1.028453673578907e-06,0.9800859913058744,0.0009241741830518643,2
0.28875005732551967,2.5798380877769576e-07,0.7092247887213344,0.002024895968303377,2
0.6854692199996704,9.716955949307575e-08,0.3132449006702782,0.0012857821612544565,0
0.9025666499767553,2.8852802365573984e-08,0.09508720007639647,0.00234612109389247,0
0.967720182759081,5.998180469404172e-10,0.03132754936055683,0.0009522672813956968,0
0.9969890071302473,2.8582548412012367e-10,0.0029493784791517277,6.161410398068665e-05,0
0.9996064014871168,5.032540097522896e-11,0.00035558855893265986,3.8009902795787226e-05,0
0.9996146533261259,1.9565211360091006e-11,0.00034287324036654865,4.247341370702525e-05,0
0.9993033720013764,3.87480396140053e-11,0.0006553857469371634,4.124221178265399e-05,0
0.9982589562268486,2.683289740695235e-10,0.0017092787535337947,3.176475223885851e-05,0
0.9942379848588702,4.929699126109657e-10,0.005387412414915993,0.00037460223462865735,0
0.898222949792851,2.68960514262215e-09,0.1002022788112446,0.001574768706471,0
0.7084374540852749,3.56687748469851e-08,0.29013798269093233,0.0014245275537463952,2
0.5660758664779535,4.2757540876712026e-08,0.4308030029908849,0.0031210877722855353,2
0.46314912167548333,2.29795116610407e-07,0.535956343203412,0.0008943053259787123,2
0.34439764746033474,3.659476354751524e-07,0.6476395827556376,0.007962403835535134,2
0.15865967616953505,4.458400246787928e-07,0.8383425429561583,0.0029973350349544146,2
0.08156997042923675,4.386001363929714e-07,0.9179089210438138,0.0005206699281199765,2
0.048250493633199845,4.935240210764084e-07,0.9511985349833194,0.0005504778577903926,2
0.01438244540640346,3.577404704780587e-07,0.9852679142624303,0.00034928258897534654,2
0.003357722272436367,7.990208368999693e-07,0.9964840981391285,0.0001573805659232872,2
0.00031111228914486614,2.2944453238505322e-06,0.9995860275697919,0.0001005656961138445,2
4.526279811143523e-05,3.1822685741886488e-06,0.9999014347352294,5.012019841467832e-05,2
1.1287497976880003e-05,4.637502259544859e-06,0.999866282366141,0.00011779263310000485,2
1.618621814705851e-05,7.179481135561645e-05,0.999797947252752,0.00011407171660096472,2
2.9312302963554474e-06,0.002516959952950497,0.9965876866803622,0.0008924221360612732,2
4.25334982477805e-06,0.010390724016173504,0.9891993059785035,0.00040571665370727015,2
4.047378898055731e-06,0.05159894874418024,0.9471758232502889,0.0012211806262595023,2
2.0607923488115025e-06,0.18552935221209269,0.8069686216998038,0.00749996529417654,2
1.680810093452151e-06,0.3178851137384133,0.6794186670512855,0.002694538401238933,2
1.2146675289647035e-06,0.48659657858686195,0.5108544836612855,0.0025477230857255486,2
9.160774036084585e-07,0.6177429655894147,0.3802051673283484,0.0020509510034822645,2
5.599573095459623e-07,0.7413077830719189,0.2569230434529008,0.001768613516580215,2
4.3560585911182225e-07,0.8024068186877,0.19672070715113904,0.0008720385558997366,2
3.891687116708481e-07,0.8284529465224202,0.17028301406211416,0.0012636502463066674,2
3.4734089943974654e-07,0.841543761628155,0.15436193041981003,0.004093960612300048,2
4.020403940200866e-07,0.8543085855505921,0.14381067282177476,0.0018803395868642943,2
3.19012752422553e-07,0.8463186325473789,0.1491319423074459,0.004549106132854564,2
8.570140403328505e-07,0.5303432517891314,0.46305350206561624,0.006602389129894682,2
2.1340404797562334e-06,0.2667509385610315,0.7273013333562419,0.005945594043954755,2
4.830975344586816e-06,0.02787689291243426,0.9558320513250528,0.016286224786510303,2
6.120819865618029e-06,0.004817527398140433,0.9937895661545441,0.0013867856257958448,2
8.296040696045205e-06,0.0035697618242834027,0.9962948668182466,0.0001270753149962905,2
3.3401299503360146e-06,0.006986633149631152,0.9926571265836712,0.000352900136695185,2
2.710821705590922e-06,0.020801598966440384,0.9774968082080516,0.001698882005426867,2
2.7564637737148183e-06,0.09204919372407544,0.9053924317669272,0.0025556180436284944,2
2.3463621330971444e-06,0.2504943430539921,0.7471789054919779,0.0023244050902065765,2
4.4059217934122237e-07,0.44782569289677476,0.5433848598631504,0.008789006647812526,2
7.74463197296565e-09,0.9640399560154724,0.030912320872552853,0.005047715367789885,1
4.419542769771599e-10,0.9989076868497366,0.0007342176225195711,0.000358095084172839,1
2.4633186972208284e-14,0.9997755612283646,1.1106550569960971e-07,0.00022432770532422122,1
1.734470034289649e-15,0.9999497490610031,1.1346888878024316e-08,5.0239592664971324e-05,1
9.137081497801198e-16,0.9999595599539074,1.697061878764614e-08,4.042307629363087e-05,1
1.6812010441435742e-16,0.9999378912841774,2.3015026846956602e-09,6.210641597736555e-05,1
6.010498327885786e-16,0.9999389424425199,1.1048795029077955e-09,6.105645415440848e-05,1
2.4858619547843207e-18,0.9997562188845011,6.374756164535315e-12,0.00024378110890555093,1
4.3801131113605775e-17,0.9999329010236226,6.872737523893596e-12,6.70989693203726e-05,1
7.238516365739008e-19,0.9998222258039804,6.247290743229021e-13,0.00017777419464724272,1
1.063714866153292e-17,0.9999403560939542,5.963512172517047e-12,5.964390169067618e-05,1
2.91344188320996e-17,0.9999332274194221,1.9400721453539965e-11,6.677255958013274e-05,1
1.600718665047481e-17,0.9997553678780919,2.3755254375342988e-11,0.00024463209988819927,1
8.434464369401817e-17,0.9998959613758317,1.2625953759643142e-11,0.00010403861145162713,1
1.969381093335078e-18,0.9996975932419657,1.119614629448917e-12,0.0003024067567671939,1
1.596824431737435e-17,0.9999196614339515,2.452408047063987e-12,8.033856249699461e-05,1
2.4078727294735957e-18,0.999890972317591,1.308102083361911e-12,0.00010902768195973587,1
3.333838172048246e-17,0.9999160721678265,5.448427554415581e-12,8.392782684252586e-05,1
1.4481439500576076e-18,0.999680307943597,4.3851096222333254e-14,0.00031969205815807195,1
8.007458224950944e-19,0.9996472344261371,1.495692168483661e-14,0.0003527655735324898,1
4.911398863563727e-18,0.9998654613626308,8.579054685040696e-14,0.00013453863570263416,1
1.894057141103711e-18,0.9997721891081278,2.9952061681309624e-13,0.00022781088986367033,1
2.0642349009118754e-18,0.9998359528147923,2.9798805408538664e-13,0.00016404718340077117,1
4.703362042708198e-18,0.9999029789607733,1.7056034293944338e-12,9.702103695463184e-05,1
7.421568794496715e-18,0.9999225571930486,1.5509511899703826e-12,7.744280404500758e-05,1
3.1906613958803806e-17,0.9998062854469316,1.559678681932677e-11,0.00019371453709757773,1
3.972348428138125e-18,0.9996274406924434,5.055787369095942e-13,0.0003725593081139562,1
6.050478974780695e-18,0.9999094132104348,5.696736034979926e-13,9.058678844178586e-05,1
1.515447970189649e-18,0.9999081062584767,7.59839043943585e-13,9.189373934617641e-05,1
4.1684451835807074e-18,0.9999244899470231,2.9368786188339727e-12,7.551004880127486e-05,1
4.065322964004268e-18,0.9999252305110987,2.811393192981515e-12,7.476948550711914e-05,1
2.3947787180946425e-18,0.999896211850108,2.102587474541762e-12,0.00010378814916597457,1
5.703834752418591e-18,0.9999155439523131,2.420291005063591e-12,8.445604405364572e-05,1
1.4803714141870053e-18,0.9998809463547615,2.687825254855918e-13,0.0001190536462248136,1
2.2710834246230826e-18,0.9998559076806984,7.956304955966905e-13,0.0001440923180736563,1
4.567852126957727e-16,0.9999198669159721,9.532543522321288e-10,8.013213010188834e-05,1
1.866901661372479e-16,0.9999234419432087,6.20870813166313e-10,7.655743742698459e-05,1
8.342244404694561e-17,0.9999033087225235,5.993334591036137e-10,9.6690679123688e-05,1
4.202471282694015e-17,0.9999550379647292,1.271114176036052e-10,4.496190869456473e-05,1
4.3868905990641065e-18,0.9999454082885424,1.4804698575683224e-11,5.4591695499449414e-05,1
1.0502561121129485e-17,0.9999465539171293,2.0814899201438594e-11,5.3446060265581076e-05,1
4.1204236698738316e-17,0.9999066445339428,1.8921888360483384e-11,9.335544728042131e-05,1
1.3412681421620184e-15,0.9994850216451628,1.683689580339342e-11,0.0005149783373940281,1
1.6257194821583185e-16,0.9860597564217974,9.705072378054041e-14,0.013940243577158137,1
2.5765832241177186e-16,0.8365938304554834,2.2571457173342482e-14,0.16340616954433038,1
6.635332443026476e-17,0.6904098137148067,4.4013844041987704e-14,0.30959018628545526,1
1.0237556213897383e-15,0.9723392634145942,1.0479163334933402e-13,0.027660736584215282,1
6.86005774075041e-17,0.9962525040600264,9.957284393844304e-14,0.0037474959392307236,1
1.3182137540527827e-16,0.9997775456806356,9.506179178755835e-13,0.00022245431772116721,1
2.8006276877105852e-18,0.9998461481029866,3.005958077094344e-13,0.00015385189782654004,1
7.632700809872266e-18,0.9999100051143461,2.8071192783680616e-12,8.9994883908404e-05,1
1.5048765751402273e-17,0.9999169771777456,1.9683740187959702e-11,8.302280316260392e-05,1
2.0476182643857184e-16,0.9999111992177855,8.168632908413764e-11,8.880070205597343e-05,1
1.437731393943766e-17,0.9996013149091688,1.9198231771558053e-11,0.0003986850711008822,1
2.0523641974691135e-16,0.9999381740103693,2.1627984485935888e-11,6.182596856195701e-05,1
4.255761290452479e-17,0.9997602432984579,3.4975972708033495e-10,0.00023975635188819001,1
2.7490799240924275e-15,0.999956489632315,8.265412175661096e-09,4.35021033746979e-05,1
1.3694481508751613e-17,0.999936986535436,1.1081318943117959e-10,6.301335194090731e-05,1
1.3643860321959084e-17,0.9999518445610148,6.831178654990889e-11,4.815536886943112e-05,1
8.631116878339951e-17,0.9999588020556166,7.007739050687416e-10,4.1197243658639345e-05,1
1.5488894720321537e-16,0.9999335435459964,3.708011810693897e-09,6.645274629911956e-05,1
1.8070958217576843e-15,0.9999528970108957,7.566659424921135e-09,4.709542226432926e-05,1
3.045302474012624e-16,0.9998327096793315,1.0846396029074105e-08,0.0001672794754117246,1
6.00882434412817e-15,0.9999529649651412,1.0860375839632483e-08,4.702417308480714e-05,1
3.867837922339828e-15,0.9998386708049054,1.307497213501804e-07,0.00016119844505661676,1
7.389341057443719e-15,0.9999588312673834,5.108490948914046e-08,4.111764893514329e-05,1
2.9602157751466126e-14,0.9999396845924491,2.0411141961554642e-07,6.011129675107037e-05,1
5.918927855368901e-14,0.9996663100358792,1.2506036537120345e-06,0.000332439360732565,1
1.29923512133084e-13,0.9998418369776934,8.794351435413733e-07,0.00015728358638015123,1
2.8681309905354573e-13,0.9999394676183143,1.7318617650159543e-06,5.8800518905938014e-05,1
3.4929575547121035e-14,0.9998971351974045,8.099373265240429e-07,0.00010205486525577379,1
4.7468906620862935e-14,0.9999234152897791,5.420473148027603e-07,7.604266335747208e-05,1
4.0086100319158914e-13,0.9999394262824643,2.7019817592814323e-06,5.78717353810686e-05,1
2.9721297786427564e-12,0.9998510141995346,1.2605150447725633e-05,0.00013638064761015302,1
1.2547506034878816e-10,0.9997078603377031,0.00010345461798530624,0.0001886849179390604,1
1.5898762073969755e-09,0.9966135097273628,0.0021985321636947587,0.001187956518252168,1
4.3109721057851755e-08,0.9724113076682929,0.023042225863525743,0.00454642335752547,1
6.142461828885281e-07,0.7674234249069293,0.22927528918415427,0.003300671661896611,2
9.578864743662382e-07,0.6693410153034464,0.32805243573523885,0.002605591073745831,2
1.3306385914682383e-06,0.5826519534466189,0.4152818062945304,0.00206490961902941,2
1.4109845769980118e-06,0.5134249625245201,0.4842236104470232,0.0023500160436081695,2
1.7858702563889372e-06,0.4317642700724982,0.5663778043602559,0.0018561396963450497,2
1.8340475541242346e-06,0.36929913455888214,0.62865586662976,0.002043164764853951,2
2.096874533954394e-06,0.29559260766163925,0.7013232323790729,0.0030820630829409123,2
2.69865170183922e-06,0.17327095169997841,0.8241717855055438,0.002554564142016055,2
2.777560624060159e-06,0.08062184026517874,0.9174102790365392,0.001965103138421182,2
2.349458975682103e-06,0.023971933625831145,0.9733172418559013,0.002708475059158136,2
9.975944140672854e-06,0.0018159650530732581,0.9978810247149509,0.0002930342873897533,2
6.134002501329522e-06,0.0002288033381189856,0.9996260161044102,0.00013904655561908002,2
1.73471767677425e-05,1.1460260209210206e-05,0.9999263619258577,4.483063619768188e-05,2
1.1980307403396262e-05,6.966096237795265e-06,0.9999098622128584,7.119138303463175e-05,2
1.0983303019571935e-05,1.1226037036015348e-05,0.9998561595962862,0.00012163106540148776,2
1.1365984626218604e-05,1.2679420282628183e-05,0.9998099523133208,0.00016600228036817751,2
1.5780547497584823e-05,5.899899342138975e-06,0.9999203585495294,5.796100232182505e-05,2
1.628066442789915e-05,6.7129438462037976e-06,0.9998586454801274,0.00011836091164507047,2
8.314345561897263e-06,1.8188563317028582e-05,0.9999061756168988,6.732147306072922e-05,2
7.80996019633334e-06,1.8920030769505428e-05,0.9995478861308507,0.00042538387862948654,2
0.0002256653797520698,1.3341504887657003e-05,0.9996266255436307,0.00013436757287147992,2
0.01150115550017738,1.5856191054542384e-06,0.9881222854063403,0.00037497347465701613,2
0.11852587674739354,4.675104451399002e-07,0.8807081301985404,0.0007655255443275365,2
0.3518530661706439,2.0983575602848028e-07,0.6469083931204102,0.001238330873808999,2
0.7115930472406108,3.407818880569562e-08,0.28696258244978895,0.0014443362315058146,0
0.9359108662238977,3.4993012086052402e-09,0.0635165736260904,0.0005725566505712496,0
0.997676700521317,5.2979057220918305e-11,0.0021955723346070155,0.0001277270909368042,0
0.9998790362267798,4.050395038448488e-12,0.00010815263375971743,1.281113395618941e-05,0
0.9999285069043984,1.243573917338877e-12,5.897471139353855e-05,1.2518381521824559e-05,0
0.9999213895366227,5.919500865185054e-13,5.233995677287096e-05,2.6270507522421998e-05,0
0.9999179035198401,6.798838390640039e-13,6.826449978007793e-05,1.3831981459374335e-05,0
0.9999701296133243,6.162741040050266e-14,1.4313704982671161e-05,1.5556681118642693e-05,0
0.9999871044960145,9.429387125394831e-15,5.030859645672471e-06,7.864645009597284e-06,0
0.9999889584132915,3.1754076537925223e-15,2.548771607304356e-06,8.492813372974279e-06,0
0.9999849980592701,1.7485902578976617e-16,6.297050151471145e-07,1.4372234721153996e-05,0
0.9999932721338013,1.8901932813479157e-16,3.231727955845242e-07,6.404694123292842e-06,0
0.9999930829056246,5.2775192454880195e-17,1.7465631695822662e-07,6.742437223475422e-06,0
0.9999931252186643,1.3031136298341846e-17,2.767562066221848e-08,6.847105523633169e-06,0
0.9999929461840602,1.5790441031905687e-16,3.9611598883793865e-07,6.657698793922112e-06,0
0.9999926755858659,2.5905690519580278e-17,1.0058175767917521e-07,7.223833793713135e-06,0
0.9999955174599076,2.6123480405669753e-17,8.272913951459462e-08,4.399811967574093e-06,0
0.999995063125788,8.28769600742013e-18,5.067928182504081e-08,4.8861946282309125e-06,0
0.9999955829250449,8.974168413553823e-18,3.4456055386776865e-08,4.382620333296564e-06,0
0.9999944588861397,1.3371628654668902e-17,5.860268903592349e-08,5.482510151642461e-06,0
0.9999945713972931,1.405938879068705e-17,3.87683765808865e-08,5.389834178250288e-06,0
0.9999935617295598,6.8948676669810566e-18,8.273641249901095e-09,6.429997594576541e-06,0
0.9999884391195134,3.010804267529067e-17,6.039564562717607e-08,1.1500484582965565e-05,0
0.9999916339970493,1.2375076091414253e-17,2.0988595453969432e-08,8.345014091476769e-06,0
0.9999949659594966,2.6791679647280493e-17,5.073356287483167e-08,4.9833075727552156e-06,0
0.9999938749612054,2.7787008391409316e-17,6.168217335368533e-08,6.063357437407548e-06,0
0.9999917098701033,1.1831859334791423e-17,4.759608245541283e-08,8.242535583167314e-06,0
0.9999950316174097,2.4162570480122227e-16,1.5285541370249494e-07,4.8155263719769804e-06,0
0.9999774261852028,1.5578155941188924e-17,1.6617160793494667e-07,2.2407642227586078e-05,0
0.9999951223627063,2.1440787741823354e-16,1.4041939278021597e-07,4.737218429472776e-06,0
0.9999908932782936,2.975279241196789e-16,4.52922977618141e-07,8.653797683331203e-06,0
0.9999807132994638,3.311546604903719e-16,7.318736611981037e-07,1.8554827752092142e-05,0
0.9999941609082671,4.809612789460865e-16,5.188882369445991e-07,5.3202033283196115e-06,0
0.9999924502911519,2.7298979311902853e-16,5.927103615072785e-07,6.956999052126618e-06,0
0.999989188985869,3.315345794895548e-16,6.735737479967174e-07,1.013744040649939e-05,0
0.9999884077459473,1.1282615746513988e-15,1.268601567135886e-06,1.0323651450011522e-05,0
0.9999848614916038,1.6038953989800197e-15,1.9289785093497953e-06,1.3209529823922994e-05,0
0.9999777488266739,1.0566242913242355e-14,7.81067709593211e-06,1.4440495023741967e-05,0
0.9999738324881452,4.382199100757165e-14,1.4630259367303292e-05,1.153725219964207e-05,0
0.9999618706672487,3.289987053638152e-14,2.3470781896891895e-05,1.4658551999609092e-05,0
0.9999789228970524,4.0957322105356046e-14,1.2345083748588742e-05,8.732018106419603e-06,0
0.9999734523839484,1.670149150268549e-13,1.5477724954450415e-05,1.1069891229978758e-05,0
0.9998886401863569,4.882462074945058e-12,2.6503768018068478e-05,8.4856040946961e-05,0
0.9987591990372607,4.0422794564144525e-14,1.2118541727432481e-05,0.0012286824195188784,0
0.999949788803925,5.936045758705231e-12,2.8366208121055643e-05,2.1844982186098708e-05,0
0.9999539245901691,8.327455518351373e-13,2.956387250316814e-05,1.6511537808674414e-05,0
0.9994004641130683,9.808397189329335e-12,0.000527239851050538,7.229602702472996e-05,0
0.9905917455932796,4.6446447134930133e-10,0.009162010833991034,0.00024624310670437054,0
0.9117197214270873,1.0274474465020856e-09,0.08178200518600162,0.006498272358426353,0
0.25978600527388424,3.8747714042015293e-07,0.7376375201260482,0.0025760871237640566,2
0.09438161087196015,6.158246388283167e-07,0.90524584556746,0.0003719277354140172,2
0.03553195463885755,2.7053949747129126e-07,0.9634538838160012,0.0010138910051768776,2
0.004102501090493043,1.4501463984227741e-06,0.9957136201999236,0.00018242856393133148,2
0.00046428712823495024,1.5563283353433169e-06,0.9987346728950885,0.000799483647971677,2
6.543725810294692e-05,2.3697253519916622e-06,0.9998651457995663,6.70472161886783e-05,2
2.7843580442993455e-05,3.0738401166122027e-06,0.9999178870702506,5.11955108069238e-05,2
3.182315065980089e-05,1.4564090909200452e-06,0.9998961850337121,7.053540525810473e-05,2
2.6135656651820256e-05,2.9896831124652956e-06,0.9999160229719316,5.485168829714524e-05,2
2.7532722331068708e-05,2.1267949646389666e-06,0.9999111140020654,5.9226480571968435e-05,2
3.252440389654331e-05,3.1900371106105186e-06,0.9998745663527746,8.971920605137384e-05,2
2.9073919176477927e-05,2.6620093884442597e-06,0.9999105013665119,5.776270608982832e-05,2
2.958567266158468e-05,2.636364653615288e-06,0.9998507240848924,0.00011705387761370867,2
2.8546372922689e-05,3.380867230771895e-06,0.9999168913867804,5.1181371477971075e-05,2
4.848401841342137e-05,2.0612149867727454e-06,0.9998986051763243,5.0849589595440125e-05,2
5.455199625170317e-05,2.273543540723715e-06,0.9998694949718039,7.367948753325236e-05,2
9.950562628640981e-05,1.0183808347139662e-06,0.9997941877028445,0.0001052882891782974,2
0.0002516980014059618,6.897511085872235e-07,0.9996446620892884,0.0001029501596797183,2
7.302529270666458e-05,1.423945770803129e-06,0.9998720760461467,5.347471706209131e-05,2
3.755727917239221e-05,1.955633613472757e-06,0.9998792756677962,8.121142011505957e-05,2
0.00010201950295279706,1.5417996386418671e-06,0.9998138823591777,8.25563376391642e-05,2
0.00028386617421047197,8.363283584647007e-07,0.9996328537374537,8.244376068114577e-05,2
0.0006321878153767825,5.647633532535385e-07,0.9992379729459133,0.00012927447359847302,2
0.0010444284053107774,7.868659545663341e-07,0.9988857579852867,6.902674183538084e-05,2
0.0029532320959547256,7.774682072776202e-07,0.9969396325714822,0.00010635786339246623,2
0.007972600225289743,6.363512833467862e-07,0.9919150806079844,0.00011168281597316225,2
0.017159138048285432,8.273120946572907e-07,0.9827177305682068,0.00012230407046282365,2
0.04484750569562998,4.7579117700041265e-07,0.9548518043446772,0.00030021417016568805,2
0.1046072483113893,4.926313906248472e-07,0.8950388069219063,0.00035345213470726274,2
0.22453081382312676,3.833681429952326e-07,0.774932628374141,0.0005361744335376239,2
0.3998075232293351,2.4356935957550527e-07,0.599434549020852,0.0007576841796522747,2
0.6119715515951943,5.653483274954041e-08,0.38713847230163745,0.0008899195666387242,2
0.9419332601758693,2.8470146583928598e-09,0.05749642093727392,0.0005703160388679676,0
0.9959864655262971,1.2755634560952347e-10,0.003931296226752348,8.223811988672688e-05,0
0.999877257591955,2.3980414949504685e-12,0.00010281377136083899,1.9928634099195033e-05,0
0.9999650618293247,1.3238965913403034e-13,2.446044063198552e-05,1.047772998599148e-05,0
0.9999850786611226,9.18500796765282e-15,5.362010604172114e-06,9.559327577259366e-06,0
0.9999911043082687,1.037479941437155e-15,1.2904914335875663e-06,7.605201871229531e-06,0
0.9999904949597007,5.350097559026253e-16,1.377747034122117e-06,8.127291575726944e-06,0
0.9999938815822863,3.7551153028030253e-16,7.033206284774956e-07,5.415097915233685e-06,0
0.9999923197978458,1.8004612056098322e-17,1.0723317536262736e-07,7.572967984236775e-06,0
0.9999948251122279,3.9349669707929305e-18,1.2509322156726154e-08,5.162380063103753e-06,0
0.9999954129994578,7.217799327395753e-18,2.998650690498702e-08,4.557012907887112e-06,0
0.9999957107921673,2.2859160743114184e-17,3.567270224726073e-08,4.253536677867676e-06,0
0.9999723257324572,1.1443769160593534e-14,1.694550533256809e-05,1.0728763123655499e-05,0
0.9999399603528369,1.2666546144022132e-13,4.7792940634008495e-05,1.2246707767414263e-05,0
0.999963747146962,1.923209929029965e-13,2.6679642417479452e-05,9.573210614723722e-06,0
0.9999499195645158,1.3995773457264098e-13,3.619703207640269e-05,1.3883405052093113e-05,0
0.9999646359679436,9.485725938029271e-14,2.1628787675249526e-05,1.3735245213693187e-05,0
0.9999616999798061,2.300423436674639e-13,2.6339463358058025e-05,1.1960557810037383e-05,0
0.9999320098590478,2.4153362568137085e-13,3.950754796259389e-05,2.8482593306596984e-05,0
0.9999300434197613,5.205554023256688e-13,5.5926578401004615e-05,1.4030002325313534e-05,0
0.9999300679161971,7.426299084519495e-13,5.836218285575429e-05,1.1569900820011953e-05,0
0.9999117141208144,1.0943292327010396e-12,6.643203672616927e-05,2.185384038097427e-05,0
0.9998376038274858,2.370562755646287e-12,0.000145058435933871,1.7337733640444063e-05,0
0.9999076474097424,8.861536002621941e-13,7.636662031059088e-05,1.5985968321063026e-05,0
0.9999741568491762,7.151583484675601e-14,1.5266898073963763e-05,1.0576252753689555e-05,0
0.9999844822126611,1.427182718181791e-14,7.177603897276356e-06,8.340183422795688e-06,0
0.9999858016879694,3.837646946251096e-14,2.0991245830809144e-06,1.2099186596013045e-05,0
0.9996922787871418,3.204617159614694e-12,2.0115626861190224e-05,0.00028760558138702204,0
0.971922586508273,4.718587554353321e-09,0.004285665374808162,0.023791743398114216,0
0.055044048354631676,6.459230137526816e-10,0.0008367710174391745,0.9441191799838097,3
0.03204206426721004,5.947698738911505e-07,0.0020054242292727635,0.9659519167342686,3
0.013091517056121604,2.3989902320379917e-07,0.0010411690801748017,0.9858670739658975,3
0.0028744758872725653,5.558879674478856e-12,6.391525455348783e-06,0.99711913258187,3
0.8995145828331063,2.1606292175714424e-06,0.06237951177269796,0.038103744765678425,0
0.9146630798986874,4.509116897601214e-08,0.06148597788714955,0.023850897123223688,0
0.9076213965070503,3.521122939504385e-08,0.07594232878411715,0.01643623949920699,0
0.8307915349684157,1.8915380335902722e-07,0.1678635449401771,0.0013447309379470758,0
0.5947179892909701,1.1416647762966639e-07,0.4046084272757824,0.0006734692682188357,2
0.38423618540375004,2.5740421148460337e-07,0.614708028230058,0.0010555289615285124,2
0.20436058017518707,2.1321512229415555e-07,0.7917052697873173,0.0039339368215963065,2
0.04623075620654574,9.191501391731131e-07,0.9534103933702657,0.00035793127299042294,2
0.006836421845652652,1.4028102703732797e-06,0.9930052742394283,0.00015690110363490942,2
0.0007634152322585229,1.6064948902486623e-06,0.9991773029538934,5.767531716611936e-05,2
0.00010580378199487702,2.0192818630382315e-06,0.9997394433933247,0.0001527335429206644,2
3.8402029484130905e-05,2.0535136782156645e-06,0.9998731477709383,8.639668491995839e-05,2
3.292815516544949e-05,1.8521585790838002e-06,0.9998745058826027,9.071380222576096e-05,2
3.299774232834986e-05,8.451620570617157e-07,0.9998409542493853,0.0001252028476781915,2
8.636686743623522e-05,1.1411945810821826e-06,0.9998381533023822,7.433863604235639e-05,2
0.000147988156709983,9.761962909724073e-07,0.9997666874064496,8.434823929963774e-05,2
0.00016366507820630874,9.889099696382146e-07,0.9997743172214274,6.1028790341431155e-05,2
0.00012006135349358942,6.564022265732644e-07,0.9995825416130582,0.0002967406328271591,2
0.00015250747998061655,8.396405533068507e-07,0.9997550697205045,9.158315760663366e-05,2
0.00031468300596668126,6.934366638395076e-07,0.9995621981495012,0.00012242540664363067,2
0.00019681812831369306,8.338595657342288e-07,0.9997333162225155,6.90317904279417e-05,2
0.00015105739962280158,8.75011194369455e-07,0.9997881140090107,5.995358008783949e-05,2
0.00016900061055894248,8.769544038006802e-07,0.9997733720518681,5.6750384176983056e-05,2
0.00013740544008871705,1.0069552949383587e-06,0.9997919094681924,6.967813571799795e-05,2
9.528318758399512e-05,1.0603342938316047e-06,0.9998428505406682,6.080593748933423e-05,2
6.703499361298953e-05,1.47357473805564e-06,0.9998023385031297,0.00012915292956598503,2
4.150617550703531e-05,3.231369427358246e-06,0.9998238820535975,0.00013138040110288664,2
8.0811700542963e-05,2.26104070160678e-05,0.9989508181835725,0.000945759707375219,2
0.0002628528017358985,0.0006870197766838545,0.9543734979545557,0.04467662946672608,2
2.2921699952602042e-06,5.1801379381663934e-08,0.07052447783930053,0.929473178189945,3
0.00032196697090733747,0.0002624320978679869,0.9741410258136805,0.025274575117704565,2
2.831518583119961e-05,3.169484872874412e-05,0.9972983348150033,0.002641655149628508,2
1.4093626511786683e-05,8.897843300658235e-06,0.9998872300891883,8.977843944468512e-05,2
1.7351913311879365e-05,4.203675966517521e-06,0.9999169284619795,6.151594863718506e-05,2
2.144034307171517e-05,4.496504824357087e-06,0.9999039734699862,7.008968139236968e-05,2
2.4598265064483757e-05,1.4851037222898772e-05,0.9994607246411221,0.0004998260583861822,2
0.0005554867130648754,4.2951566951406296e-05,0.9933000652727952,0.006101496447066381,2
0.0006290195579863358,1.066666139908407e-06,0.6998577874710388,0.2995121263060539,2
0.001559875427747437,0.00013068139405996118,0.6408414716668198,0.35746797151257104,2
3.186960216383911e-14,2.0506331470236635e-21,1.1133955671200045e-11,0.9999999999890861,3
0.0030648342630524815,6.170127224550473e-05,0.9415362526878341,0.05533721177549745,2
0.0014314256320738755,3.812180509474186e-06,0.9944962493696856,0.004068512817699552,2
0.0020254553519290577,1.2244625956734022e-06,0.9952468179261036,0.002726502259656701,2
0.004513573654242841,1.0155254585533205e-06,0.977194792575862,0.01829061824505895,2
0.004497680922268015,3.297580897844419e-07,0.9462485165148409,0.04925347280343762,2
0.005698631116183072,1.7117187180156038e-06,0.9893819120024091,0.004917745162981268,2
0.004834359726746077,6.849749546972013e-07,0.9947077497258985,0.0004572055728862015,2
0.003716109090246085,8.412021035618896e-07,0.9956115953412636,0.0006714543668647214,2
0.003342190054181269,2.955015498741282e-07,0.9920236666433211,0.004633847801887798,2
0.006346965724885873,1.4641906094261494e-07,0.9914833988203013,0.002169489034361423,2
0.009048717102826996,6.469047912695641e-07,0.9907618210255301,0.00018881496624857677,2
0.013036180757471729,4.077882642130786e-07,0.9866031476656145,0.00036026378691873996,2
0.013820810384360973,4.041859953180332e-07,0.9859525807635432,0.00022620466650933978,2
0.011673440910209897,3.797359180140678e-07,0.9880777204052875,0.00024845895027128734,2
0.005597824980152692,5.324541522641236e-07,0.9942810943752847,0.0001205481912277442,2
0.0006549639527091176,1.9988640356650104e-06,0.9992126895825438,0.0001303475993996401,2
1.7401154101501387e-05,3.0015406160948356e-05,0.9996786653807389,0.00027391806012090224,2
3.9643164214980575e-06,0.0001726076981411043,0.9952941453784168,0.004529282606009874,2
3.294594759593284e-06,0.0005673527832920344,0.9975539547034077,0.001875397919722989,2
4.532951328950844e-06,0.0008544523068474461,0.9987599325614038,0.0003810821811317544,2
4.610329791095018e-06,0.0021054268577500243,0.9976397420658618,0.0002502207476465625,2
4.553544309159461e-06,0.005596665513948384,0.9939808508813673,0.000417930062016963,2
7.310516944175564e-06,0.01792498138360352,0.9780870925878016,0.003980615509873461,2
6.379089327977725e-05,0.028524390536083733,0.915628398426171,0.05578342014267089,2
3.723562726152454e-06,0.007291980391978582,0.036285939592878076,0.9564183564522774,3
5.17952894328726e-09,1.5638089755592446e-05,1.5137745214331313e-05,0.9999692189857236,3
1.3453453097886641e-09,2.001599127829919e-07,6.939218497558941e-07,0.9999991045737632,3
5.153028169041183e-12,5.779828747001461e-07,5.2829402489906114e-08,0.9999993691819498,3
1.0518946480476032e-07,0.9581888122288518,0.0045317453124901555,0.03727933726924544,1
6.998510560920668e-10,0.9968767341857334,0.0003040093350023731,0.002819255779326077,1
5.292522312751075e-11,0.9997660238268461,3.610537436962055e-05,0.00019787074521642503,1
1.2829210051621504e-11,0.999885646675039,9.114267729895011e-06,0.00010523904448565546,1
6.248913392092103e-13,0.9993556435639074,1.485944744932503e-05,0.0006294969875718556,1
2.4285859706217366e-12,0.9999069070514842,3.810475098493278e-06,8.928247229724567e-05,1
2.936062249353885e-13,0.9998999529626401,2.827605901745328e-06,9.721943063552185e-05,1
1.8734814119523725e-13,0.9999003962824963,2.7926119941535174e-06,9.681110691196195e-05,1
4.919649560484741e-13,0.99993941686067,2.4462368092010915e-06,5.81369009313729e-05,1
2.6838680019154553e-13,0.9998099365384054,2.6426017775605854e-06,0.00018742086101971808,1
3.574008036786504e-12,0.9998585729527241,1.2255109494734905e-06,0.0001402015319621154,1
8.335774202265581e-13,0.9984100751145316,3.7388296698478305e-06,0.0015861860537946604,1
1.0975508522137648e-11,0.999633646318683,2.362729478821063e-06,0.00036399094035582214,1
1.7730265530232625e-11,0.9996903370480134,1.3182078414417444e-05,0.0002964808555060982,1
1.1992276980504896e-11,0.9996459314462824,1.4844995572636333e-05,0.0003392235472368587,1
4.5398350046075986e-10,0.9996427174969377,2.9338286206930364e-05,0.000327943763295055,1
2.439918981039922e-10,0.9925714595912882,1.1880294632511456e-05,0.0074166598685621215,1
2.6634661707268996e-12,0.9018567039116119,3.841132874911324e-06,0.09813945495380572,1
2.1094512834227044e-10,0.9939665105249811,1.7395390074681457e-05,0.006016093875127473,1
2.7434985334990746e-11,0.9995005417758437,2.829154520171545e-06,0.0004966290430122005,1
6.642264408673033e-12,0.9996549652486711,3.5618979801221604e-06,0.0003414728466456715,1
2.0841002375211477e-10,0.9994097810626424,1.0324718836270845e-05,0.0005798940105042247,1
4.9250483164634306e-11,0.9840298205762101,0.00011828798683867598,0.015851891386088317,1
3.037553834029481e-09,0.9989550534157622,0.00016471918885861212,0.0008802243588204626,1
7.10408719601658e-10,0.9996330408318507,9.205116669881156e-05,0.00027490729082210974,1
1.3783247033226862e-09,0.9981117645516154,0.00022095075873205982,0.0016672833120008332,1
1.1205058995462546e-08,0.9726788679282045,0.0013099944221505334,0.026011126444354965,1
3.111901917931009e-08,0.35987349495397325,0.022930761685139436,0.6171957122406992,3
9.99760766981182e-06,0.004090487944194766,0.1211446989850868,0.874754815462849,3
0.00015490939183072797,0.0015064084102423797,0.9542929366193835,0.04404574557751916,2
2.2021800304054274e-05,0.00032833978360067586,0.9980036357118939,0.001646002702932534,2
1.1367582336935358e-05,0.00022902637408474982,0.9957398839753236,0.004019722069867631,2
6.447566341183971e-06,8.954342597638751e-06,0.9543405054102791,0.04564409268173111,2
2.2277631101739668e-05,4.204608745208545e-05,0.997632880443968,0.00230279583648841,2
1.1884445379562615e-05,1.3190190819133854e-05,0.9998732447980799,0.00010168056534237585,2
1.1975256277281294e-05,2.1160544531292057e-05,0.999218658302215,0.0007482058959069707,2
9.259246676544172e-06,8.014953795987876e-06,0.9803721107100952,0.019610615089039343,2
1.1654649428063068e-05,2.2730317639911035e-05,0.9801016022958424,0.019864012737194812,2
1.598811437041185e-05,5.613270059621081e-05,0.9906896118564633,0.009238267329241195,2
1.303172122171314e-05,0.0007012078026272496,0.9912605104601048,0.008025250014999059,2
4.3104040585630355e-05,0.0012477771718997996,0.93287725377859,0.06583186500927235,2
1.4250958214384879e-05,0.00021289941571650336,0.658655527001641,0.3411173226247801,2
0.00013008339867169214,0.001986604420827737,0.5776156823732409,0.4202676298067016,2
2.477404550443791e-06,4.486553528542147e-08,0.02208659413659367,0.9779108835948414,3
0.00931664014133334,5.760884644362391e-05,0.3207772724949422,0.6698484785182067,3
0.14573521724522828,1.7168785656629644e-05,0.7167643641981543,0.13748324977035045,2
0.23751388872646123,1.0243642240955954e-06,0.7005194455790255,0.0619656413289276,2
0.4440351374944275,8.451122311763714e-08,0.5446540350247057,0.011310742969793957,2
0.9980626067276911,1.9703190374474667e-11,0.0001746607082204448,0.0017627325438955702,0
0.9998731870124759,1.126886487864008e-13,3.9753873980687046e-08,0.0001267732322266641,0
0.99976491772967,1.6191524766297117e-15,1.2788375828715166e-07,0.0002349543868937184,0
0.9999453520666509,2.960556778899285e-13,3.573494663358627e-08,5.4612199382828564e-05,0
0.9935685933487179,2.734459884917901e-12,3.8093938511134767e-06,0.006427597254002246,0
0.22636973756111947,1.0323422710588199e-15,1.8982056012766364e-08,0.7736302434551102,3
0.2069044463091666,2.3700106526355247e-13,1.662464066353442e-08,0.793095537066413,3
0.5934342948633774,4.799319876089521e-12,2.0598820225343014e-06,0.40656364524846966,3
0.9936466716259,1.3472403130532548e-10,4.726698045199103e-05,0.0063060612574795324,0
0.9996348505147317,1.0615281144984869e-12,8.249115780938346e-06,0.0003569003699828764,0
0.9999881113160004,2.3198995588733967e-14,6.090893049861561e-07,1.127959446326623e-05,0
0.999986334717198,5.6456761538302745e-15,6.944428150601743e-07,1.2970838260364067e-05,0
0.9999242844567772,3.333028559592999e-14,1.5652172934124684e-06,7.415032676825633e-05,0
0.9997684428869811,2.177464725235386e-12,4.5417187101728205e-06,0.00022701539263538637,0
0.9983570888149189,4.116030317968848e-15,2.1955748451982103e-06,0.0016407156085041948,0
0.9999742154664155,5.486774933590843e-13,4.031144688124078e-06,2.1753387709263657e-05,0
0.9999840134337344,1.067154809291391e-14,3.921307244420621e-06,1.206526076252305e-05,0
0.9999713632376767,3.1724386541130874e-13,1.1846405574306435e-05,1.6790357271166695e-05,0
0.9996467248852303,4.642345636788281e-13,3.9345949310780427e-05,0.00031392916415462474,0
0.999525197169483,2.2711472037688767e-11,0.00021330525102045443,0.0002614975577844705,0
0.998564642486656,7.640059189934987e-11,0.00116263433558535,0.0002727231021031893,0
0.9754616272030973,1.8734169193325486e-09,0.0239173001386662,0.0006210707855809041,0
0.8513087792625461,1.5058697215772437e-08,0.14586902710742095,0.0028221785718644363,0
0.5136142888327991,9.20134727882162e-08,0.47951820108500126,0.00686741806924429,2
0.3085311338192228,3.421240688750881e-07,0.6905094186480802,0.0009591054083478121,2
0.1671698065865453,6.246253808999564e-07,0.8325118133781033,0.0003177554103209771,2
0.11925994125034313,2.8153977557085213e-07,0.879909159569553,0.0008306176396951214,2
0.08385140027473328,7.364604435252849e-06,0.912405909706264,0.0037353254153257194,2
0.06499462281561405,5.954624997061867e-05,0.8568718091491014,0.07807402178550112,2
2.1462583554063624e-07,1.6059319285957817e-12,1.3923139096703365e-06,0.9999983930587583,3
4.035640536839013e-05,2.807396938074195e-08,0.0004518783763906495,0.9995077371441392,3
0.004497502178391973,1.0079327788886091e-05,0.023534184945173266,0.97195823354992,3
0.0028822322223838143,3.784414480974053e-06,0.026741542122414516,0.9703724412395766,3
0.0016376765543097143,5.153070660483502e-06,0.01806813972311283,0.9802890306530314,3
7.175914551449495e-07,3.5390833584886515e-10,0.00020465354540576927,0.9997946285097651,3
0.0008928653722106264,8.518648222039505e-05,0.8047961624453306,0.19422578569947335,2
7.478484100836972e-05,1.0578601082819317e-05,0.9543556682031387,0.04555896835429834,2
4.394552891609059e-05,4.66998345055541e-05,0.9961514007263736,0.0037579539088425594,2
9.796937099352752e-06,6.968422852474398e-07,0.9845803679243247,0.015409138296789963,2
2.903943090032412e-05,5.68923434740191e-06,0.9995963352523185,0.0003689360807219207,2
3.6242813560549356e-05,2.8048850056346277e-06,0.9998961171815406,6.483511959500545e-05,2
4.921339574025045e-05,1.8869197246554424e-06,0.9995844522182948,0.00036444746711715496,2
0.00011319570853776641,1.353435061552661e-06,0.9996682384323009,0.0002172124242596791,2
3.8218936190596724e-05,5.0704718685169484e-06,0.999698141188802,0.0002585694030890885,2
3.89229563253108e-05,3.5943095092394953e-06,0.992691244706367,0.007266238027595035,2
1.4300970316818119e-05,3.368024797815622e-06,0.9960591126219738,0.003923218382033344,2
1.2746728524627406e-05,1.4307083691948132e-05,0.9997420409459883,0.00023090524115017608,2
1.901370032321687e-05,6.730208861731286e-05,0.9974123808193186,0.0025013033921908283,2
1.5321302333748166e-05,6.3362898177558935e-06,0.9560738899411623,0.043904452465909335,2
1.7303088211535204e-05,9.143446943520222e-05,0.9644128632942093,0.0354783991492109,2
9.680357648229217e-06,0.0010157764897493302,0.9679719525447711,0.03100259060850315,2
5.623195810677147e-06,0.00038488942564223383,0.9047290904443246,0.09488039693397275,2
9.049560462020096e-06,0.002596059102817116,0.9808409351005324,0.01655395623788225,2
8.8503219436194e-06,0.0015065574619757289,0.9900145401203542,0.008470052096215892,2
7.677271952435226e-06,7.843573955172238e-05,0.9702618408484193,0.029652046138537808,2
8.63914843671447e-06,4.021006863193476e-05,0.9861068322740302,0.013844318508225607,2
2.433645795125971e-05,0.00015896417372542206,0.9976852409793606,0.002131458389605072,2
0.0005520753582213267,0.00029123208840087244,0.9800521907089335,0.019104501844011537,2
2.6663772107577054e-06,1.3349438497439898e-09,0.008667410183280332,0.9913299221049806,3
0.00015096070342449037,8.333228407507592e-07,0.04991092190757895,0.9499372840653477,3
7.671417122976227e-05,4.212167659540545e-05,0.08181782030544046,0.9180633438474143,3
0.00046869523409929424,0.0017648863941633092,0.12934541518075404,0.8684210031926084,3
6.799699255189703e-08,2.2533455618532104e-07,0.002780149915704068,0.9972195567518987,3
6.753833531130646e-05,1.659545539302897e-05,0.17600834503645169,0.8239075211735173,3
0.0001814548361170076,0.00046782650052213103,0.6843333318299911,0.3150173868317027,2
5.50975326735846e-05,0.00011234323367245486,0.8230212035742401,0.1768113556594029,2
2.075963518146601e-05,3.016316405333102e-05,0.9685634321950701,0.03138564500740669,2
4.721721568723202e-05,1.2802179858278255e-05,0.9903479877313958,0.009591992873594645,2
3.193758275362067e-05,3.6659799371346178e-06,0.997719338469697,0.0022450579671996194,2
2.5866358649332075e-05,1.8607266255428583e-06,0.9994755234995925,0.0004967494145137032,2
3.593875323740509e-05,2.4820994205773846e-06,0.999896885133946,6.469401252620247e-05,2
2.8286183065195344e-05,6.870242322158797e-07,0.9991900914284952,0.0007809353625188444,2
0.00014398633600774352,1.5677678273643526e-06,0.9990507967344617,0.0008036491628433703,2
0.001723786167084531,8.897408435614831e-07,0.9976202175493959,0.0006551065419684473,2
0.011688853390953869,2.165940996666023e-06,0.9878695285532104,0.0004394521143704511,2
0.11721342952442738,1.0156580844083899e-07,0.8768416866791576,0.00594478223033686,2
0.14804864193016745,1.8844290622823368e-07,0.8483541372550681,0.0035970323714405983,2
0.1485025323421796,2.71108127549823e-07,0.8507828369653437,0.0007143595856205975,2
0.11669643552254035,4.7530001632130123e-07,0.8831437326649716,0.00015935651269397637,2
0.09712558717740981,7.229103474398208e-07,0.9026460450643181,0.00022764484954347224,2
0.09000214024070378,1.6889762602933297e-06,0.9088433380243832,0.0011528327591868177,2
0.08041313226971573,6.0492160129206074e-05,0.8842927384983481,0.03523363707131584,2
1.905824338712147e-05,1.0580860976546262e-09,0.0025682339640967604,0.9974127067334608,3
0.0004375438397299181,5.095695798428835e-06,0.05703088590585924,0.9425264745573225,3
0.003336568324370906,1.4575770295769726e-05,0.6684586053952659,0.328190250511291,2
0.0015203591221553331,2.554703261448856e-06,0.8142186288585497,0.18425845731477675,2
0.0004199195990811217,1.8095307717696789e-06,0.9468415005153688,0.05273677035568858,2
3.202326789210384e-05,4.394153148093175e-05,0.9962186714091763,0.003705363790405192,2
4.744774743738887e-06,0.00020846923140751947,0.9979482411122534,0.0018385448805640426,2
3.930063251368229e-06,0.0004059462425437304,0.9991373336742772,0.00045279001857810326,2
4.440153693539926e-06,0.0005150903872887058,0.9987948691874113,0.0006856002699467646,2
4.683007033329795e-06,0.0004501871731450451,0.9982064261375165,0.0013387036810484703,2
3.950639233965613e-06,0.000589968194602656,0.9909849933622015,0.008421087802960782,2
3.2353826175839986e-06,0.0008805375532808791,0.9947952322608054,0.004320994805089159,2
5.180144032787412e-06,0.0016175255311872392,0.995683869619257,0.002693424705524338,2
4.608864465692719e-06,0.0022931944065301096,0.9899476457731863,0.007754550956697547,2
2.9199137028413647e-06,0.00617527979209742,0.9833397836043857,0.010482016688189223,2
1.1001250650392263e-06,0.004229490118888341,0.9792609314582146,0.016508478299146312,2
3.6495344594318895e-06,0.003841872093742196,0.9936275201408095,0.002526958232272515,2
3.927925844330662e-06,0.0026494714620381265,0.9961323937245882,0.001214206888660768,2
4.378858680560333e-06,0.0012222375788714785,0.9955472766822003,0.0032261068819003113,2
4.498871254348852e-06,0.0002934067222978271,0.9994362959562942,0.00026579845145618594,2
4.763520845852749e-06,7.40500827467451e-05,0.9996342746803998,0.0002869117161134872,2
5.749146812998596e-06,4.223044085819689e-05,0.9994935724742898,0.0004584479397984181,2
2.8548525018826413e-06,5.410834524130723e-05,0.9995605677116711,0.0003824690904440175,2
3.895841828105466e-06,5.697952293225649e-06,0.9992384233953664,0.0007519828096887055,2
1.0971120618375751e-05,3.961375014014367e-05,0.9994567439268012,0.0004926712019147318,2
6.341122553810962e-06,0.00039379937614896697,0.9994619318140175,0.00013792768597617624,2
6.709740289964501e-06,0.002944395664022238,0.9957323190256891,0.0013165755704007695,2
5.151440143065986e-06,0.01807644401871232,0.9783592351146804,0.0035591694282427703,2
3.225757282908418e-06,0.08514713283133554,0.9129893990569369,0.0018602423529677581,2
4.775242568792068e-06,0.2731713979264323,0.7206111092886365,0.00621271754134985,2
1.1304388269493902e-05,0.5857754453289555,0.37328558585627863,0.04092766442532125,1
3.3458384158011114e-06,0.700634076993786,0.06674606074280445,0.23261651642398196,1
1.525262780424692e-11,0.11187582310234186,4.1943595985985984e-07,0.8881237574447078,3
9.446421571431708e-11,0.055367615735728105,4.342180766872759e-08,0.9446323407465003,3
2.584749775457717e-15,0.00012555938570247088,8.721639001611113e-13,0.9998744406145429,3
8.920056990367601e-10,0.33940475992494545,7.409963979711034e-07,0.660594498188279,3
5.467982907219829e-10,0.4234924651724119,2.551852811014489e-07,0.5765072790957304,3
7.548783239012361e-07,0.4798433950277598,0.0009922448798618695,0.519163605214437,3
1.658044006228358e-06,0.5089041111073748,0.0013255105788689107,0.4897687202715597,3
7.66582357632939e-09,0.429313582999147,0.0001825365236776271,0.5705038728129692,3
1.5772391922209087e-09,0.9162081438002858,0.00015324399000657543,0.08363861063399407,1
5.669477861402613e-10,0.9977021743819982,4.9190577690748714e-05,0.0022486344748573616,1
1.0866753684535759e-11,0.999738897169624,6.28196066130787e-06,0.0002548208605459156,1
1.0175699757718838e-12,0.9998830955682059,3.935958006776887e-06,0.00011296847113546214,1
5.070209707034458e-14,0.9998915401406909,4.892297027349191e-07,0.0001079706290272721,1
3.7299922056821713e-13,0.9999165375609668,8.42918731111035e-07,8.261951859935758e-05,1
6.437955349372635e-13,0.9996511434995397,1.7626648348835517e-06,0.00034709383628874656,1
3.687956347383001e-13,0.999552088000013,1.012451809300463e-06,0.0004468995476697227,1
5.236154951335104e-12,0.9998962350398162,6.871690780324497e-07,0.00010307778564578446,1
3.4957871808121038e-12,0.9981418873357204,2.3574068070610426e-06,0.0018557552553163604,1
2.3944461146833804e-09,0.9965886976805195,1.8563132480300796e-05,0.003392736791188401,1
1.4319831631767394e-09,0.9430572964011313,5.929663360680122e-05,0.05688340553226443,1
4.745749456976587e-12,0.5388996185015453,2.8898623392894624e-06,0.4610974916321573,1
9.220831739806562e-10,0.933894619038929,2.200474109987455e-05,0.06608337529609995,1
9.853640434982713e-09,0.988282232681494,4.1349776894589384e-05,0.011676407688707816,1
1.7737543693141153e-09,0.9888781665586759,3.579891775102619e-06,0.01111825177497429,1
1.7432418676082597e-12,0.840698400797456,4.145423544976467e-06,0.15929745377805418,1
9.894831872346487e-10,0.9906826885373158,6.495805491832883e-05,0.009252352418167752,1
7.732898542321296e-11,0.9993703664584609,1.5214825109695646e-06,0.0006281119834219884,1
1.6654955479192084e-11,0.998749659010411,3.80549550033797e-06,0.0012465354788193073,1
6.181955251718607e-11,0.9988251251995915,1.2717771819170531e-05,0.001162156965706894,1
4.079957970397437e-10,0.9995704855004899,7.005699162691355e-05,0.00035945709989612743,1
4.709151903782418e-09,0.998589276457643,0.0007871046485201585,0.0006236141831060184,1
2.4600756917593256e-09,0.991528116431167,0.0014263140842507222,0.00704556702269768,1
1.884772311845468e-09,0.9981115364889194,0.0007846811795833217,0.0011037804484482225,1
4.5619876611415585e-12,0.9997934631996128,8.395844362487608e-06,0.00019814095115631042,1
9.880257537730135e-12,0.9998983133563851,3.151640008308756e-06,9.853499300890041e-05,1
2.574816898989683e-10,0.998115119248493,4.5310064155757656e-05,0.0018395704298693576,1
6.711674857123912e-09,0.9260934290069255,0.0005772419418276504,0.07332932234118328,1
6.662144593265294e-11,0.019136793251814634,1.5523770226730253e-06,0.9808616543038767,3
2.8711929072952515e-06,0.09658063450147172,0.0017802154454794861,0.901636278860047,3
9.105234330974787e-10,0.0008219062485335376,2.332092693341283e-06,0.9991757607469058,3
1.558379479970659e-05,0.11580612751091213,0.010508824725480799,0.8736694639692776,3
1.5655544521035588e-07,0.04275809133148362,0.0007963611495521186,0.9564453909628632,3
4.234921832327991e-06,0.0631867793574553,0.0036351183334950602,0.9331738673857063,3
1.2667641637019476e-06,0.03135048746837714,0.0012337334956775377,0.9674145122726993,3
4.8792527060412e-09,0.00011768594249747065,0.0002439845197922221,0.9996383246601733,3
4.2058925339901284e-05,0.07842445945338479,0.6243356541027272,0.29719782751835927,2
3.363836948040156e-05,0.046453585900775175,0.9205507784914225,0.03296199723813731,2
7.454843762378327e-06,0.020261872871744576,0.9775328544557216,0.002197817828621643,2
4.691037347988078e-06,0.0042885031502812275,0.9952779176389521,0.0004288881720071078,2
5.271195486486988e-06,0.0006250775894638902,0.9991834173786696,0.00018623383651093276,2
6.233075076028219e-06,0.00011623583883545208,0.9997915520893933,8.59789966731293e-05,2
1.1528795853850168e-05,2.1505723561761245e-05,0.9997439822618084,0.00022298321874551636,2
1.0065121966165082e-05,1.2305547319248452e-05,0.9998829806433468,9.464868601446745e-05,2
4.151554727306375e-06,1.1687827480759245e-06,0.9992330401100074,0.0007616395536159167,2
9.972259690261471e-06,3.854103673137348e-06,0.9997003444171652,0.0002858292194331584,2
1.6875538792505352e-05,5.235921720206211e-06,0.9999296250742782,4.826346498988493e-05,2
1.816728829008706e-05,6.695938039868589e-06,0.9998616705166323,0.00011346625661111151,2
0.0003616394094480439,5.375449644518038e-06,0.9994285905381769,0.0002043946033967025,2
0.009896469622405922,2.5328373051749265e-06,0.9882713276717449,0.001829669867163168,2
0.16028021879948828,6.041412557040983e-07,0.8377587909921211,0.0019603860666400205,2
0.929660206385977,1.3010618563612537e-07,0.06499216125064668,0.005347502255452893,0
0.9911684316718107,2.4835737909621708e-12,0.00018723816252677651,0.008644330164760457,0
0.9998066257030677,2.78365045941031e-11,1.908530238686934e-05,0.0001742889655146841,0
0.9998730791710014,2.1374226488051744e-11,5.304894485251537e-05,7.387186377320869e-05,0
0.9986948136056958,4.2627177724531574e-11,0.0005736602338457912,0.0007315261183730557,0
0.9916321301362139,5.941810619730519e-09,0.00659957029144502,0.0017682936315689486,0
0.8945928485058401,5.312643527158043e-07,0.05579790908892125,0.049608711140906814,0
0.002274595895336351,1.521977487312434e-08,0.00015654440546397904,0.9975688444803649,3
5.589096069208932e-29,1.7531934572786856e-40,1.0393389774486627e-30,1.0,3
4.2815559304317835e-05,1.8753576645470226e-07,9.687509613763786e-05,0.9998601218080468,3
0.0001012999685962314,4.331420920568495e-08,0.00010799026464672629,0.9997906664520597,3
0.013303721046078906,4.2822654205791e-05,0.028934270197348896,0.9577191861037512,3
1.0397645712201234e-10,3.3812446923436628e-15,2.4138876892223283e-09,0.9999999974825187,3
1.4216223065227413e-05,1.8196590417711856e-09,1.5255562644420289e-05,0.9999705263958991,3
0.002946314426926678,1.544382084542228e-06,0.010712438209478932,0.9863397029798897,3
0.0024338702971204514,5.6625338308483625e-06,0.014649785571851578,0.9829106815984866,3
2.5092679438317447e-07,7.675958770769413e-10,1.9368566590959837e-06,0.9999978114489142,3
4.957418996641045e-07,8.433427122358201e-10,1.2185334388291534e-05,0.9999873180790187,3
2.0031342457688135e-05,2.5128499793666806e-06,0.0007946943419200939,0.9991827614671188,3
2.4356358123155584e-07,8.659676354845084e-06,0.001627600430929563,0.9983634963297514,3
0.00010738738689270838,0.02584319162029182,0.04327244377663549,0.9307769772171299,3
3.0714825076296103e-10,3.1807165174086487e-09,3.810961139030718e-07,0.9999996154147823,3
2.7724043301332647e-06,7.496982379273781e-05,0.0007688616834692135,0.9991533960869837,3
1.2391161674308061e-11,9.753280053339547e-14,5.506690250467743e-10,0.9999999994361133,3
1.4860721929350195e-09,5.177752498825178e-10,6.521667300812894e-07,0.9999993458297788,3
8.98119822715642e-13,5.5969978487800886e-15,3.887644318726391e-10,0.9999999996107363,3
3.580177588064944e-08,6.341884490167765e-07,2.0296306138257418e-05,0.9999790337039195,3
7.219434698711837e-28,7.938309684345676e-36,1.1031200204485012e-27,1.0,3
3.766214122946729e-15,3.0728511764443756e-14,1.5170011185293095e-11,0.9999999999854481,3
2.238942228705839e-07,0.00011701329684712398,0.00012041693377020105,0.9997623458756101,3
6.442859729166711e-08,9.069965325666684e-06,2.6079691976069746e-05,0.9999647859128624,3
3.199912565029844e-11,2.5183478485400444e-10,1.3007594900232164e-08,0.9999999867068255,3
4.774956188335433e-08,9.716908998388216e-06,3.2523743171844715e-05,0.9999577115988003,3
5.423111994546252e-11,2.826971800489587e-09,1.440106040813563e-08,0.9999999827159628,3
2.6941744928871657e-22,7.454537102267284e-23,1.8394265556542962e-20,1.0,3
5.048461553937384e-10,2.1386402728411134e-08,3.8917407542876167e-07,0.9999995889339451,3
7.85593548336937e-08,0.0003813469648235537,7.114385661927953e-05,0.9995474306183,3
5.0533083660730517e-11,5.8782246246900086e-06,8.868150778275677e-09,0.9999941128581247,3
4.9987270732729646e-15,3.247473897685212e-12,7.073472692853398e-13,0.999999999996362,3
1.4831047707034983e-08,0.0008101920625701759,4.517574303223165e-06,0.9991852755311063,3
6.909572828657918e-09,0.0017760738092123204,9.225841102542477e-06,0.9982146934414771,3
4.250528716952602e-08,0.01286322903622676,1.8414703916422144e-05,0.9871183137547738,3
1.1384327012102762e-10,4.0468065784157824e-05,3.821184591010364e-07,0.999959149701161,3
3.191112897757226e-13,5.370753780394195e-08,1.1474654386048958e-11,0.9999999462816064,3
4.556549711133827e-36,1.5218372722917552e-30,3.9330223472852366e-36,1.0,3
1.5874524701406402e-17,4.879668185694055e-06,4.660651412501709e-18,0.999995120332724,3
1.0419677348525309e-14,0.004053156381350673,7.858229497351815e-15,0.9959468436181357,3
6.6301681697353196e-15,0.0004469722407479821,1.6833253699132332e-14,0.9995530277603895,3
1.7081593930064526e-14,0.0007609886058288404,3.0071739225359885e-14,0.9992390113941022,3
2.8804138280919284e-17,2.3034682394350765e-06,9.648823816105394e-17,0.9999976965326978,3
3.8929693481487884e-16,0.00019838599620187574,1.4530795889063244e-16,0.9998016140049033,3
7.022705029534302e-14,0.06540391230562118,9.417280155739402e-14,0.93459608769312,3
3.746495967770453e-14,0.04593358373674843,1.0100994606431876e-13,0.9540664162644298,3
7.421888066276672e-18,0.0001363013269562426,2.410851644273579e-17,0.9998636986732163,3
9.111286102414619e-27,1.0534791081881083e-17,2.394425058773219e-28,1.0,3
3.3292399770351514e-14,0.005686301355385897,1.5805299164857394e-13,0.9943136986436533,3
1.4296820573131424e-29,3.9092700831455175e-23,1.2330476758371159e-30,1.0,3
1.0716605492855242e-32,1.86759463540849e-22,4.3345607078283615e-31,1.0,3
7.764779314450133e-18,1.0707127799106734e-05,5.0786801050777395e-19,0.999989292870874,3
1.2366803692089598e-16,0.0003502362974888576,2.455406281077976e-17,0.9996497637037477,3
9.013462847254394e-20,6.055501091893288e-06,6.813766419727899e-20,0.9999939444971089,3
4.682134475774698e-15,0.010455802171284308,1.121793027225567e-15,0.9895441978278248,3
8.341779356913507e-19,0.001803688238003163,1.445187474006782e-21,0.9981963117618895,3
2.884211105486394e-20,0.000138318840488434,1.90970110600953e-24,0.9998616811598858,3
3.409466956960856e-22,1.4564813537018058e-07,2.9621930381343148e-24,0.9999998543535291,3
8.935586726726018e-18,0.000495089239337038,3.39573186022804e-20,0.9995049107610472,3
2.308428058536078e-18,0.00011046182775777777,1.9485980515394264e-20,0.9998895381727497,3
3.3361380522596984e-22,1.6807910485936616e-08,2.3133535169926695e-23,0.999999983192538,3
1.2254011700754664e-17,0.00010228934545515798,2.570093837559577e-19,0.999897710655703,3
1.2020568329431579e-20,1.0278005017189504e-08,3.99553195248091e-21,0.9999999897227099,3
1.5512683220789706e-32,2.720389226807425e-26,5.571171802623278e-32,1.0,3
1.4797097760149425e-20,9.631101207097263e-10,6.1834898054010935e-21,0.9999999990359356,3
5.1646682104375705e-21,1.3406457572724479e-09,1.3552493270156627e-22,0.9999999986575858,3
2.935851125348632e-17,0.02990680386122866,2.0973468177870065e-16,0.9700931961387034,3
1.6910656605436378e-15,0.8673578740152387,5.130740215422986e-14,0.13264212598539468,1
3.939411411061815e-15,0.9716067508033064,5.715601778941938e-14,0.02839324919806095,1
8.287314317486878e-14,0.979313536070918,2.6098635881168106e-12,0.0206864639256065,1
1.5049680171301147e-13,0.9451565862462762,1.7231535146811404e-11,0.05484341373523542,1
3.1011425487760745e-15,0.003401394180706962,3.3173853821642864e-12,0.9965986058176839,3
3.1024581289543204e-13,0.0008705452953651018,9.539702937799007e-12,0.9991294546943398,3
2.4495421490260416e-09,0.019702450699174912,1.3427071272606799e-06,0.9802962041436712,3
3.266165659257173e-13,1.1082590162226805e-05,1.411066791037717e-10,0.9999889172682063,3
1.4008284372564107e-08,0.011648843005792749,7.704410547943865e-06,0.9883434385761904,3
9.188769671499991e-13,1.0077443706210166e-07,1.0340361379096532e-09,0.9999998981911683,3
2.7275423773253667e-07,0.07388623507890504,0.00016830515998148674,0.9259451870066593,3
3.2771375531209905e-12,0.000310517324247712,1.04366655475855e-09,0.9996894816279962,3
4.9824872141426886e-11,0.0009728463345490048,6.6938680780275364e-09,0.9990271469235324,3
8.244680031321747e-13,9.550369614248677e-09,3.378676843614896e-10,0.9999999901119736,3
4.941725564508422e-09,0.0008240161928007395,1.7690486596383092e-05,0.9991582883784268,3
3.291109375056487e-06,0.0060922206907712126,0.024959411130534098,0.9689450770682548,3
0.0001313255885509806,0.010431070356460369,0.06042439944101167,0.929013204614462,3
5.143746116439519e-09,1.1971148075331276e-08,2.0580298330770467e-05,0.9999794025873043,3
2.9023369543446773e-05,7.592690983161714e-07,0.000576132969835913,0.9993940843919208,3
3.386237735281752e-05,1.8678247829453167e-07,0.0078070700539490424,0.9921588807877976,3
0.0026842757085074934,0.002853860653746507,0.23506354913898236,0.7593983144990394,3
3.572572660237217e-05,3.959825777947837e-05,0.05924936423316803,0.9406753117832845,3
5.362732345402408e-06,1.7024657179765586e-07,0.0035877350576428444,0.9964067319627595,3
1.0073315127230234e-05,9.39398490786564e-06,0.0016382245040672296,0.9983423081946508,3
6.815250783175021e-07,3.423101202376276e-09,0.0007630833686410819,0.999236231683484,3
0.00029078882246280624,0.00018509087724321164,0.8277825108014529,0.17174160949956135,2
6.36765828900593e-05,4.9008285610395274e-05,0.9396494394571159,0.060237875673015806,2
9.057623377396605e-05,6.3590325050792536e-06,0.9956580251327528,0.004245039600879092,2
4.8415068293299635e-05,5.8671448721565176e-06,0.9993555522803967,0.0005901655059272356,2
1.8587612010280304e-05,7.842316460507567e-07,0.9905502216859892,0.009430406469324845,2
9.381674270745582e-05,2.529450823131024e-07,0.980924642390226,0.01898128792262489,2
0.0003133470100569945,1.7187493100039424e-05,0.9888436962078724,0.010825769288858967,2
9.232645505713917e-05,3.6393758851204085e-08,0.8734518123919679,0.12645582475752387,2
0.00014739990517348978,5.675049435208588e-05,0.9711451833837111,0.02865066621516205,2
2.2295267147024404e-05,2.1604290389600367e-06,0.9586778164185256,0.041297727884658256,2
0.0007284970261236896,4.217662668185841e-06,0.9778222614923172,0.021445023819304288,2
0.010721452117892938,0.000550810017492777,0.9662871277933827,0.02244061007118231,2
0.30966831746244566,2.1882771672089534e-06,0.15569941262273704,0.5346300816377128,3
0.460202196733897,3.832752838753264e-07,0.05532360776762396,0.48447381222368513,3
0.5211642139263879,7.349183194289628e-07,0.045146116780684364,0.43368893437323236,3
0.5339096634492906,1.9798279438200693e-06,0.02962056142479281,0.4364677952963551,3
0.5121145805960577,6.459340301528698e-08,0.020954735929457426,0.4669306188817203,3
0.5020783769891912,7.574081534917438e-08,0.11027104884136028,0.3876504984303272,3
0.49314750474685903,8.861512192490844e-06,0.4928121458452788,0.014031487894338071,2
0.483030694801029,8.824307600875907e-07,0.5140440127840901,0.0029244099834553903,2
0.47442537085822645,1.698294154881443e-06,0.5177753877944974,0.007797543052243554,2
0.45167878225833574,1.6995992139156894e-05,0.4942152990059575,0.054088922742889185,2
2.59735565291324e-10,7.834542554278957e-19,2.2735822589338395e-08,0.9999999770043362,3
3.818545065682125e-07,4.120282693667142e-19,1.8945609761607296e-09,0.9999996162515171,3
0.9149056004007152,3.363693694918542e-08,0.006514732926551438,0.07857963303408105,0
0.9921122491010951,3.1852729030057735e-09,0.000711532708125868,0.0071762150049903516,0
0.997868326154783,3.2658732983337505e-11,0.00023971986526956655,0.0018919539474027737,0
0.9998874898807306,1.1982391049068718e-11,2.5476848937718315e-05,8.703325811006693e-05,0
0.9999257174291852,2.0721849308226588e-11,1.5213248831827139e-05,5.906930223292326e-05,0
0.9977813517791825,2.7727994723781607e-14,2.8429515460426236e-05,0.002190218706179973,0
0.9998352559763024,1.6283554419749814e-12,1.621565565647866e-05,0.0001485283660723469,0
0.9999734854704878,1.0365423913956585e-12,1.0223781097970536e-05,1.6290748942940815e-05,0
0.999899033381307,1.2249098360123122e-12,1.1250606864133653e-05,8.971600933821121e-05,0
0.9942320410656172,3.521264118265583e-11,0.000987695629374912,0.004780263270968143,0
0.9938024597653751,4.51440499893636e-09,0.0010322650721529584,0.0051652706494286025,0
0.9950985244622302,3.4106919082558e-10,0.001105540345565938,0.0037959348510427093,0
0.9990657990276439,2.7123924275766844e-10,0.0006573022392778814,0.0002768984621204587,0
0.999681483348599,2.230548235426433e-10,0.0002888233304361244,2.969309613341542e-05,0
0.9997643004336091,8.980132586152189e-13,6.048773121075043e-06,0.0002296507908445327,0
0.9998247207550043,3.185735184164113e-15,1.3014172352175836e-06,0.00017397782952953677,0
0.9999881325469926,3.459841460887141e-13,8.490396661831162e-07,1.1018411639072318e-05,0
0.9995756115005155,2.5455858696917484e-13,6.162223971018724e-07,0.0004237722780123282,0
0.9719332788824476,1.2625605955648465e-12,2.682480555466657e-06,0.028064038636208044,0
0.7849448383882662,7.583301990996683e-15,1.7742070186834073e-07,0.21505498419063848,0
0.9977143432088358,1.2664262525364297e-12,7.629336428430903e-07,0.0022848938567658276,0
0.9999381848254117,8.756053741704755e-13,5.698119262008333e-07,6.124536303677923e-05,0
0.9998999513657272,2.109598429455246e-14,4.3097017588571647e-07,9.961766499027715e-05,0
0.9997881216944311,2.2764503127206016e-14,5.8332202632710974e-08,0.00021181997256578786,0
0.9993703865710883,8.558438190755466e-16,4.7076762241466136e-07,0.0006291426612534372,0
0.99997635900878,4.671365227354768e-15,1.4881533063884886e-08,2.362610807182563e-05,0
0.9999392668358867,7.403852049482953e-16,9.996042596673342e-08,6.063320258903389e-05,0
0.999956705536986,5.105536129269592e-16,4.053827624567225e-08,4.3253923814438434e-05,0
0.9999757216283369,1.0514709761929084e-16,1.969014693950973e-08,2.4258683313673992e-05,0
0.99998953391716,3.1468894593627247e-16,1.5491006369496297e-09,1.046453199450895e-05,0
0.9993844708359382,1.1147708259788188e-12,3.381158396001815e-06,0.0006121480032717616,0
0.9405218356696738,2.957582134553797e-10,0.0005546119409605326,0.058923552094364326,0
0.8796885971454501,1.5363627481852713e-11,2.6118224878159723e-05,0.12028528461458288,0
0.988583531067194,9.181250994925468e-11,0.00010460525226484906,0.011311863588787911,0
0.999707719436313,7.983041641761e-12,1.558922221151831e-05,0.000276691334814642,0
0.9999713758210851,4.430678528944078e-13,1.3121385667770842e-05,1.5502793024403396e-05,0
0.9999711300426645,1.8306394908160317e-13,1.4501174576794898e-05,1.4368781532455145e-05,0
0.9998852696490018,2.1100386907126796e-14,7.634821919817207e-06,0.00010709552952849883,0
0.9999455367894985,2.7104690670323303e-12,4.928979519372159e-06,4.95342287267121e-05,0
0.9990252102706617,1.0430347876093792e-11,7.415580098659639e-06,0.0009673741376215638,0
0.9429849500403215,8.016045346064163e-12,3.755523178740007e-05,0.05697749472138855,0
0.3694430898795364,9.277731787254067e-10,0.00017379110157939606,0.6303831180922304,3
1.0527356479050155e-07,7.252875522946939e-17,2.8201103003345662e-11,0.999999894698709,3
8.505702679299421e-07,1.4416762428573698e-17,8.777336204700226e-12,0.9999991494227267,3
0.22967046162162907,1.2568523358466717e-07,0.000125320844806044,0.7702040918470563,3
0.17538015988781344,3.1061111697554894e-08,0.0004021671689752792,0.8242176418831423,3
1.2438782128703126e-11,8.262441871942377e-19,3.407641070238138e-12,0.9999999999854481,3
0.006792963337155827,9.75161542601498e-06,0.007523758737001112,0.985673526309717,3
4.927252285816503e-10,7.523128499548175e-16,1.8231406306803e-12,0.9999999995052349,3
0.013877099581452458,4.682970794111092e-07,0.004968665252780551,0.9811537668679433,3
0.0339872948550382,7.667287723204455e-08,0.043347664645262025,0.9226649638255893,3
0.05753104080530756,7.0740223615089995e-06,0.5666419852540593,0.3758198999194605,2
0.019792371296159288,1.6029317043152705e-07,0.7320535211488446,0.24815394726032583,2
0.009419150440448117,5.384844884475387e-06,0.9604042492914604,0.030171215423109087,2
0.003111671285623138,7.649975812786194e-07,0.984818190429357,0.012069373287984804,2
0.0029667666026610626,9.582297411986356e-06,0.9911411078349301,0.005882543263953388,2
0.004095036030665412,7.851832242796368e-05,0.9150107556757529,0.0808156899710475,2
2.4812810853619263e-06,9.320778846359742e-12,0.0005936914043351445,0.9994038273043233,3
0.013880360850371188,3.6902788852593247e-05,0.3721167041752553,0.6139660321870503,2
0.013043300843428583,4.291046240517002e-07,0.4200864674309194,0.5668698026223156,2
0.033867684878274594,2.529401667628649e-06,0.6956424103419293,0.27048737537765843,2
0.05828069761067945,4.660813420335479e-07,0.7525364327055973,0.1891824036014706,2
0.11686331384286364,2.445738047310172e-06,0.8735160026480425,0.009618237770663117,2
0.12941678849329494,3.5134530597669336e-07,0.8691182650904548,0.001464595070018947,2
0.14318485934282366,1.2059371625580476e-06,0.852726418536234,0.00408751618413972,2
0.1422475708802423,1.1372762437381168e-05,0.8224528091871236,0.03528824716866093,2
0.08588915135946697,4.469790247730509e-05,0.5236852295757412,0.39038092116298095,2
0.00023044071989108495,6.656338413840098e-10,0.012359635351311111,0.9874099232613531,3
0.005765827834342265,1.3078804806245751e-06,0.2591739883505795,0.7350588759343023,3
0.023369732575572337,1.3497457417517634e-05,0.9233325700030343,0.05328419996232982,2
0.023251483694649515,1.289794459852514e-06,0.9717498950874288,0.004997331424973278,2
0.022754782573741722,5.196173652573101e-07,0.9768209483244402,0.00042374948278859053,2
0.021182111534869933,8.234318750576523e-07,0.9782865044450105,0.0005305605880680316,2
0.017793729378124706,8.947617709181674e-07,0.9736577085928861,0.008547667265657168,2
0.015779908916580383,2.884830801031916e-07,0.962633527308955,0.021586275291316244,2
0.02182456117308861,1.8378517962130805e-06,0.9760949567539641,0.0020786442203088763,2
0.032492412586770936,5.250752458065742e-07,0.9604267353476194,0.007080326990669932,2
0.05535611018479868,1.5846380122340187e-07,0.9360956108061274,0.008548120545811567,2
0.09097243105343589,2.708551085492148e-07,0.9062834894894057,0.00274380860109938,2
0.15744683927651731,5.418366865459751e-07,0.8419842423865432,0.0005683765000477824,2
0.2823313628630215,3.270095910299017e-07,0.7155404010837937,0.0021279090432490934,2
0.47934814167860434,1.5728616181196218e-07,0.518686961224842,0.0019647398091084795,0
0.651294627435657,1.8353188450879843e-07,0.34810960976851885,0.0005955792630216666,0
0.7641125447975213,3.092418706911559e-07,0.2331397505970721,0.002747395363038778,0
0.8576767240371443,6.612176366810191e-08,0.12937405078080788,0.012949159059992377,0
0.9306555715397541,2.4529127002020427e-07,0.06774786527197972,0.0015963178965724388,0
0.9623100516239886,3.600965908945931e-10,0.027948938429563294,0.009741009587417299,0
0.99803274981764,3.396580937233013e-11,0.0011851292344472785,0.0007821209153620634,0
0.9999428058858134,7.550412408818e-12,3.998110934143551e-05,1.7212998991738762e-05,0
0.9998754050457725,2.2382335586107683e-12,6.962289366611071e-05,5.4972058567453596e-05,0
0.9989916407188618,5.259208176340618e-10,0.0008816010586030498,0.00012675769497490718,0
0.9986176416583047,1.3506852289297069e-11,0.0004582171518973114,0.0009241411775115585,0
0.999773449014057,1.4265697523992365e-11,0.00015359426561485282,7.295670509668377e-05,0
0.9998897643609476,4.749929590778093e-12,9.558025578276943e-05,1.4655376742041517e-05,0
0.9999082694177587,1.2463505524899657e-12,6.290024644285378e-05,2.8830335412997144e-05,0
0.9998955089748578,2.718747014380159e-12,7.63575884725397e-05,2.81334331708234e-05,0
0.9998509386354254,1.4686847637448605e-11,7.426150075916601e-05,7.479984949937959e-05,0
0.9996422011141068,8.276535608659804e-12,2.5102799256973872e-05,0.0003326960770189641,0
0.999598093015657,5.619500909423033e-14,3.4814574752079005e-06,0.00039842552718841304,0
0.9999711881285969,1.7530302153805612e-13,7.149445024053336e-06,2.1662425352893766e-05,0
0.9999819685278876,7.871982790618757e-15,4.993111785623797e-06,1.3038360408494244e-05,0
0.9999817648556993,5.834797791497259e-15,6.108116117989579e-06,1.212702843265199e-05,0
0.9999865543353635,6.105492877304522e-15,5.20407740683446e-06,8.24158870880114e-06,0
0.999987415637464,6.5502844062629714e-15,2.7607945960345477e-06,9.823569287054364e-06,0
0.9999699779105131,5.867185692245017e-16,8.633911407770992e-07,2.915869920613603e-05,0
0.9999824459859207,1.795522766086889e-15,3.498749999279044e-07,1.7204138357475287e-05,0
0.9999753914789163,7.749194740571252e-15,2.549780146611866e-07,2.435354149196363e-05,0
0.9998384671364418,5.427461206287374e-19,1.1919147829824604e-10,0.00016153274269301203,0
0.9999823272080047,4.8390176746810233e-17,2.187931276368291e-10,1.7672571889989652e-05,0
0.9999511921793535,6.033545805732422e-16,1.8600560516919318e-09,4.8805960247186336e-05,0
0.9984261725827235,9.627717605376384e-17,2.608174703501222e-09,0.001573824810910834,0
0.999647104607028,1.1823165172789176e-18,6.109053483172869e-12,0.0003528953855328235,0
0.999975424299954,1.0637391147121354e-17,1.5572217931502897e-11,2.4575684562621166e-05,0
0.9999701605752376,9.837444763051052e-20,1.4019143038018662e-11,2.9839409803796773e-05,0
0.9999893216797201,1.3802201504007002e-18,2.0753957109578822e-11,1.0678299274844639e-05,0
0.9999680064527047,3.1232879547938507e-19,9.359853533103534e-12,3.199353752330192e-05,0
0.9999665573621915,4.881551519144008e-19,4.261114005078985e-11,3.3442596326600054e-05,0
0.9999920500401874,4.1932732134982076e-19,3.112003629725294e-11,7.949930361445527e-06,0
0.9999908372066384,6.053631993900132e-19,4.6434143598332904e-11,9.162745968358973e-06,0
0.9999629054586744,4.858727220844577e-19,7.397354546763687e-11,3.7094467770842766e-05,0
0.99996921198283,1.547978431378208e-18,6.604460336752601e-11,3.078795275576896e-05,0
0.9999678093060462,7.625489368509472e-19,5.949968844013192e-11,3.2190633896323285e-05,0
0.9999705639205452,1.9386146118829037e-17,1.2950304151237706e-10,2.9435948454377877e-05,0
0.9998042268937766,2.5193879312981892e-18,1.572259777385267e-10,0.00019577294988166338,0
0.9999849871964285,5.061197344156241e-17,4.0097480261323694e-10,1.5012404227547268e-05,0
0.9999668104115664,2.228309627455515e-18,6.922677332468685e-10,3.318889508402535e-05,0
0.9999889514502769,2.1107317061115527e-18,7.443005057093586e-10,1.1047806055737308e-05,0
0.9999906149027291,3.2987947242652734e-18,1.221535408260217e-09,9.3838767304043e-06,0
0.9999769200302137,5.447402863422334e-19,5.873615307087549e-10,2.3079380690443877e-05,0
0.9999926600299825,4.582664145630831e-18,5.974416617177614e-10,7.339371705520935e-06,0
0.9999809058176077,6.345973726372326e-17,1.876954121422069e-07,1.890648826804881e-05,0
0.9999828439666191,1.2462712244244988e-15,1.2266351085856164e-07,1.7033369175168986e-05,0
0.9999250413467254,1.5924735683623647e-16,1.261359669832895e-07,7.483251781369052e-05,0
0.9999905878182315,4.767107732057416e-16,6.83021562773295e-08,9.343878137619036e-06,0
0.9999911075715067,6.855093584252355e-17,8.350500752601942e-08,8.808925082377447e-06,0
0.999991050848647,1.6972029048120453e-16,1.193142743169684e-07,8.829836979818187e-06,0
0.9999680228158099,1.218372189574985e-16,1.8004553578186208e-07,3.179713878292298e-05,0
0.999975557843245,5.162913533397953e-16,2.1993943007797425e-07,2.4222216298473516e-05,0
0.9999920516627131,1.5206164657159085e-15,2.4833223604904497e-07,7.700004883366871e-06,0
0.9999708065120502,8.648349858653809e-16,3.0795794745443575e-07,2.88855312292275e-05,0
0.9999150600948232,3.9094248115310845e-16,3.9288028383457773e-07,8.454702315821794e-05,0
0.9999867486117524,2.384437522396864e-15,7.545637378353173e-07,1.2496826148394202e-05,0
0.9999900157989053,1.0116575201281057e-14,2.2857510981948557e-06,7.69844944619613e-06,0
0.9999496925842218,1.126545850648416e-15,1.5992644552247668e-06,4.870815076773317e-05,0
0.9999863706490243,1.163680481634104e-15,8.164386234818656e-07,1.2812910636822771e-05,0
0.9999937123190963,2.166586094555802e-15,5.273156996458406e-07,5.760364922584999e-06,0
0.9999598309687671,2.4085235407461785e-15,4.706802807735297e-07,3.9698350338250874e-05,0
0.999889013721593,4.468846617869184e-15,2.8620211510428527e-07,0.00011070007735936324,0
0.9999602152803979,1.1901544737663012e-13,6.273951066772776e-07,3.9157324491660584e-05,0
0.9997010817311501,3.904946707218209e-14,4.073970012649388e-06,0.00029484429792487075,0
0.999861779531781,2.6938377335031e-13,1.0995823448184342e-05,0.0001272246428980113,0
0.9998386291604064,1.0694971730271585e-11,0.00013005631339311794,3.131451462900747e-05,0
0.9961518855603462,1.5663438450478253e-10,0.0033475606350836786,0.0005005536495638742,0
0.8509031003465259,3.4165644196594616e-09,0.11494064764891618,0.03415624858747049,0
0.5216926539933204,3.493102936853477e-07,0.4686246967969522,0.009682299900141226,2
0.32737015709803297,1.3763660511435067e-07,0.6698363615740813,0.0027933436926012565,2
0.1378012476665663,4.840561578494484e-07,0.8613341050365766,0.0008641632420018766,2
0.05255989655142266,3.697489608947093e-07,0.9469337956571715,0.0005059380412990422,2
0.019239325290785824,5.175604747713506e-07,0.9805670296512099,0.0001931274974466236,2
0.005473520407007334,7.440824015288349e-07,0.994416630456533,0.0001091050550801478,2
0.0008195920186342901,5.405081126096898e-07,0.9990028375141494,0.00017702995976824937,2
0.0002836907171630675,6.213481483274514e-07,0.9995771933691269,0.00013849456475863614,2
9.251527223412747e-05,1.6877396063624598e-07,0.9992653974042086,0.0006419185483658049,2
0.00011593754699337312,9.532058410580067e-07,0.999778916414379,0.0001041928320447665,2
9.116945854437195e-05,1.7270770115484713e-06,0.999690131194923,0.0002169722688284333,2
8.089968870000596e-05,1.3128216737980572e-06,0.9997854030706462,0.00013238442034906186,2
9.244906187338648e-05,1.7814970465337098e-06,0.9996002454685597,0.00030552397308670706,2
0.00022415656771137746,9.905901043257585e-08,0.9975149103321408,0.002260834041874776,2
0.00025764714937448875,4.3958753207520215e-07,0.9993459683980005,0.00039594486439670186,2
8.805028135630219e-05,7.349791592178048e-07,0.9996337303179363,0.00027748442252773013,2
6.577779609892522e-05,1.5189047561683936e-06,0.9997819499861953,0.0001507533128453541,2
2.67730993735882e-05,4.0373435470168805e-06,0.9999204777456944,4.8711811351921814e-05,2
5.019019247043754e-05,8.539661367669307e-07,0.9997640882366985,0.00018486760322752576,2
6.834100946260514e-05,1.2433500700706978e-06,0.9998658211722304,6.45944676982027e-05,2
4.254065060664414e-05,6.858912871520876e-07,0.9995776489716063,0.00037912448521846447,2
5.565188085145284e-05,1.75245612885673e-06,0.9998345905434112,0.0001080051183096028,2
3.264514837349459e-05,6.133175217118369e-07,0.9995316026069924,0.0004351389276027134,2
5.575523177221522e-05,3.214384993796657e-06,0.9997532583069596,0.00018777207667541453,2
7.686185807162007e-05,4.262412073963996e-07,0.992783302514663,0.0071394093848712835,2
3.838921489917032e-05,1.7808248298400762e-06,0.9971691693683289,0.002790660591969407,2
3.217415689500341e-05,3.4193408140393003e-06,0.9992651617236912,0.0006992447796782738,2
2.5872985571071643e-05,4.433518200477104e-06,0.9998410359599468,0.00012865753512686143,2
3.756847757494976e-05,2.5594228363659994e-06,0.9994566948007733,0.000503177297669873,2
5.581930397017737e-05,1.1786974562557043e-06,0.9998151526621475,0.0001278493365642155,2
8.15411176290317e-05,1.6802457153671235e-06,0.9998312050604526,8.557357648500767e-05,2
0.00019140919898389828,6.682923034853798e-07,0.9996606366915384,0.00014728581637423342,2
0.00013960067451331709,1.1886049136468323e-06,0.9994580636474869,0.00040114707219235867,2
4.7762388955890846e-05,8.42645395117192e-06,0.9988605605275496,0.0010832506302872436,2
2.9007649278615527e-05,6.343193474593183e-06,0.9679321446748947,0.03203250448083598,2
1.886404022301848e-05,1.850729062732476e-05,0.9986811030829831,0.0012815255858964767,2
7.090943979389644e-06,2.5098612603867552e-05,0.9997752073361723,0.0001926031072193758,2
7.3949556481362e-06,0.00010655314533718187,0.9997165838897777,0.00016946800830728797,2
2.7216597658861864e-06,0.0010666236044428645,0.9976057183423239,0.0013249363940319937,2
2.7927856679076004e-06,0.0009463173223307067,0.9982187225483117,0.0008321673439398381,2
2.888808718564596e-06,0.0003284519070084103,0.9983220284192956,0.00134663086555829,2
3.385803177127706e-06,0.000512926273245018,0.9992194763027314,0.00026421162211603684,2
3.829488679520375e-06,0.00047218624764208396,0.9992832354735993,0.0002407487911029344,2
4.04756599839998e-06,0.00031680788755569886,0.9994767498488425,0.000202394696047502,2
5.162523431103383e-06,0.00011951126147302805,0.9997291880625928,0.0001461381530225142,2
3.948662080459787e-06,7.588784151724184e-05,0.9993595326789392,0.0005606308177724789,2
5.133424406795102e-06,5.736590978533873e-05,0.9996913755589893,0.000246125106629389,2
1.3323533242421664e-05,3.93172278938442e-06,0.9998340596901958,0.0001486850548675596,2
4.481938752290434e-05,2.4511296415479456e-06,0.9998705049143961,8.222456926537505e-05,2
0.00010438169545669043,2.6048894984856955e-06,0.9992851584995829,0.0006078549144916613,2
0.00039449685983397977,6.749273134491423e-07,0.9988706821933941,0.0007341460194820736,2
0.0016584442879053174,9.384671104132637e-07,0.9981802487827338,0.00016036846111391266,2
0.008865061979752285,3.502962474117273e-07,0.9909060997789374,0.0002284879436315287,2
0.010768689909587239,1.0743174821433529e-07,0.9882505904208301,0.000980612239536807,2
0.008299524889070849,3.294435920276502e-07,0.9913924369881785,0.0003077086774411284,2
0.001197054610884133,1.8141692535387247e-06,0.9986639580906274,0.0001371731306914646,2
0.0001539629131995777,1.7477378262501547e-06,0.9997517523382662,9.253701007705979e-05,2
0.00010207666703323164,1.2778929277269713e-06,0.9994139629467284,0.0004826824947042498,2
7.67832307698664e-05,5.61484956756877e-06,0.9996951198111241,0.00022248210677153522,2
1.0614811772130642e-05,0.0002653737912018162,0.9916246836781701,0.008099327719582298,2
1.3694465316076916e-06,6.03787023098241e-05,0.9535281398368172,0.04641011201263518,2
8.322874358365739e-06,0.0003596938396179834,0.9975918684277929,0.0020401148588564916,2
3.997316695535935e-06,0.0002124878749524376,0.9995440831326888,0.00023943167672906725,2
4.068107642543711e-06,0.0004995799875022794,0.9992801899896142,0.00021616191629717388,2
2.8223835993222594e-06,0.0012409721152805097,0.9984196111167568,0.00033659438261610016,2
3.2821465071089184e-06,0.001988617072061275,0.996581411760946,0.001426689020155791,2
2.307461202335924e-06,0.001901869285903131,0.9963293923881549,0.0017664308648188123,2
5.6332467353059105e-06,0.000440506004385318,0.9993177252282908,0.0002361355214685954,2
6.769088854301913e-06,9.267454128101425e-05,0.9997782797344582,0.00012227663554246264,2
5.4386666315621155e-06,3.9704948965717135e-05,0.9998634988299233,9.135755499186277e-05,2
6.976818544435924e-06,2.0339037957809147e-05,0.9999011391859048,7.154495853200634e-05,2
3.657103473263169e-05,2.568065762369351e-06,0.9999151894285436,4.5671472671881274e-05,2
9.253467963488792e-05,7.636296332525001e-07,0.9998116064766237,9.509521343686327e-05,2
0.000123043605459463,9.793442506459883e-07,0.999802205241217,7.377180843807871e-05,2
0.0001952686236718584,6.671159893127774e-07,0.9996858660464067,0.00011819821411686588,2
0.0006246815569336642,7.72901332444086e-07,0.9992816858796358,9.285966151661007e-05,2
0.0018014226136803659,6.748009047410077e-07,0.998048657185538,0.00014924540130439515,2
0.006206504916509214,9.208502167234821e-07,0.9933403187020271,0.0004522555309342437,2
0.01905552544359934,1.739519605415355e-06,0.9803655492899417,0.0005771857483342712,2
0.045536789683955234,5.0174700049254416e-05,0.9350384821176259,0.01937455349805931,2
0.07743982552619945,3.4882996535764045e-10,0.02155883695423117,0.9010013371711441,3
0.806268404270737,7.023220788160575e-07,0.0730186832188621,0.12071221018876904,0
0.9268016046182069,1.6560428215317383e-07,0.06598684392963734,0.007211385846433856,0
0.9544116809658509,2.0060960514625826e-08,0.044942320120736796,0.0006459788536305928,0
0.9761362876854665,2.4708438518882574e-09,0.02372357930195288,0.00014013054229646332,0
0.9976835585791285,1.672398503851204e-10,0.002264034251319059,5.2407003013802656e-05,0
0.999947561598459,7.427493398255658e-14,7.753363658150131e-06,4.468503886456038e-05,0
0.9999934094483969,1.200461245876029e-15,3.0152201290200275e-07,6.289028200575893e-06,0
0.9999892570990121,6.985717616048622e-17,1.89280748319581e-07,1.0553619760607875e-05,0
0.9999931935576287,8.250255262527462e-16,8.462298089600938e-07,5.96021241164377e-06,0
0.9999857721188978,2.239547293340256e-16,9.584294959316958e-07,1.326945126194743e-05,0
0.9999935986257039,4.008541750493954e-16,5.541445773913106e-07,5.847229446024035e-06,0
0.999991364505146,3.88498348678825e-16,8.674953466534924e-07,7.767999879249666e-06,0
0.9999870096078414,9.096186805386802e-16,1.712984871868975e-06,1.1277408509122848e-05,0
0.9999874837977795,4.138628698530785e-15,4.464341236288513e-06,8.05186179331552e-06,0
0.9999839083560399,6.2176172920242454e-15,6.424879270905478e-06,9.666763428522344e-06,0
0.9999743037178718,2.260015453577255e-14,1.6252763945992684e-05,9.44351951473255e-06,0
0.9999838913778661,5.5732567416815114e-15,4.446119638405799e-06,1.1662502284196316e-05,0
0.9999812549551041,1.1438355863284273e-14,6.944106371005497e-06,1.1800937732487283e-05,0
0.9999829389126036,2.067945344152796e-14,5.6001986765442916e-06,1.146088793779131e-05,0
0.9999720448846673,1.1927855291150027e-16,6.543658273964529e-08,2.7889678526777367e-05,0
0.9999878407082007,4.3034912328601543e-14,3.7418601617192036e-07,1.1785107373502364e-05,0
0.9993854653602584,2.299006436082618e-16,2.1210344213165448e-07,0.0006143225367341321,0
0.9999624781649018,5.211820941523213e-13,2.720323408922259e-06,3.4801512610123986e-05,0
0.9999550676238372,4.415071659234247e-13,2.0830446242991537e-06,4.284933157343093e-05,0
0.9981603066027639,2.7041315552049992e-11,2.4012455129378826e-05,0.0018156809138522652,0
0.8693042582497919,1.7234242655448286e-11,4.23650211615416e-05,0.130653376712885,0
0.637426698522069,5.803891580380738e-09,0.0005242362287131339,0.36204905944458826,0
3.4167397660090276e-06,3.53584297265305e-21,1.8850890204784845e-13,0.9999965832597972,3
0.9131119279675022,1.2110198208832578e-08,5.404114458718236e-05,0.08683401877697729,0
0.9220112372241883,7.53263172213493e-13,1.4874430442678514e-07,0.07798861403185017,0
0.9907547460571521,1.9627667555587092e-13,5.722958644897883e-07,0.009244681645623224,0
0.9998821452068769,6.311788782458963e-13,6.720153645132625e-08,0.0001177875895635412,0
0.9996978584468295,7.974999722011932e-13,4.3718411286059986e-07,0.0003017043681540677,0
0.9902543360661941,1.4694739683967562e-16,7.848992430557066e-08,0.00974558544470634,0
0.999879964090593,1.3379033033659804e-13,8.305947557872056e-08,0.00011995284907274348,0
0.9999530473432998,5.842553297408447e-16,8.62412006500038e-08,4.686641696187752e-05,0
0.9999917148031617,7.054385099380423e-16,1.189898050966707e-07,8.166205569310587e-06,0
0.9999824514646206,6.637614541713845e-16,8.590867256116669e-07,1.6689449684228025e-05,0
0.9999672598362905,9.423800068151538e-15,7.514344332666737e-07,3.198872785172178e-05,0
0.9998304279923396,1.3297206048249594e-15,1.5151987996839104e-07,0.0001694204861360113,0
0.9999745324899545,1.0771153938695972e-13,1.1361501657909583e-07,2.5353894844060693e-05,0
0.9989304321170106,7.652627550726221e-17,4.3119258784639236e-08,0.0010695247621135618,0
0.9999683896251884,9.321347982771059e-14,1.5961220317527987e-07,3.145076231941054e-05,0
0.9998704748140202,7.025379085179494e-13,2.574463562077535e-05,0.00010378055128192882,0
0.9924252141188401,5.971875683122198e-10,0.005737476287634788,0.0018373089949948872,0
0.8672330057812832,5.116249334465438e-09,0.06429774179986536,0.06846924730253703,0
0.6795970660573769,1.2361309596602343e-06,0.30860347193677645,0.01179822587643979,0
0.40532782204257145,3.3350897115554696e-07,0.5922196932519518,0.0024521511975540682,2
0.2118490396779594,3.8109867276806247e-07,0.7868595033479194,0.001291075876339828,2
0.0831872940353592,2.499936147446692e-07,0.9018620385941177,0.014950417378385554,2
0.0021698816912491697,1.4920028012035589e-05,0.9945352077541154,0.003279990527241792,2
6.020068872875807e-05,1.3519949494440622e-05,0.9997038443976476,0.00022243496338245986,2
3.806514660507239e-06,4.127451870847233e-05,0.999639708222311,0.0003152107454804121,2
5.4479757461300256e-06,0.00040235310682293335,0.9994321430260678,0.00016005589154531534,2
5.099519913843647e-06,0.0023628199739714477,0.9952813374614342,0.002350743046396404,2
5.04722157528307e-06,0.013406770896112218,0.9856137835825787,0.0009743982989799318,2
2.0321020885085467e-06,0.07999076788297496,0.9158799452114713,0.004127254803745713,2
2.6142253386200617e-06,0.24943079291869608,0.74742351009708,0.0031430827585270213,2
2.1943276550442905e-06,0.5340574405722877,0.4517155249004784,0.014224840198453765,2
3.5963746125570633e-06,0.8461183969010894,0.1046431951663824,0.04923481155644511,1
3.0620323553329745e-08,0.832743160752115,0.0006350199768457134,0.16662178865125962,1
9.101089459014352e-08,0.8097651589770639,0.00017822570435780026,0.19005652430802325,1
6.263292753099998e-11,0.10801478940661244,3.4770738380478614e-05,0.8919504397927989,3
3.638360463573439e-07,0.3545413902560738,0.007785634770127221,0.6376726111374983,3
2.0876812824678978e-09,0.9495244692707019,0.0009158733770316046,0.049559655264734354,1
1.322985109332601e-12,0.9991900263432426,5.028812637027164e-07,0.0008094707723624811,1
6.120861147698697e-14,0.9999499849866523,5.320253015760413e-08,4.9961811389707e-05,1
1.1706928491341094e-14,0.9999003990980114,5.3211643071166136e-08,9.954768980000656e-05,1
8.320015002756099e-16,0.9997185480762544,2.142499322114051e-09,0.0002814497807692432,1
9.64133422966031e-14,0.9998515091202205,4.115135003593605e-09,0.00014848676605395237,1
8.912018412984325e-16,0.9949946609738178,8.581025370008356e-09,0.005005330445866086,1
4.741579132875498e-15,0.9992726042868714,4.848331770448656e-10,0.0007273952284655633,1
3.194473450914016e-16,0.9999206905360024,1.1760243480711325e-10,7.930934555803926e-05,1
4.1656106636732514e-17,0.9999420768440838,6.114231771222098e-11,5.7923094617309445e-05,1
4.9014158970760786e-17,0.9998940364287113,4.902170460090018e-11,0.00010596352095894715,1
4.035764810984543e-17,0.9998037408204996,1.9765822179651922e-10,0.00019625898003864682,1
1.9752962172366472e-14,0.9999520353347304,5.213148194304737e-08,4.7912534236908616e-05,1
3.921996845701751e-15,0.9998799807287108,1.9376499120732892e-07,0.00011982550772654794,1
1.838388869237818e-14,0.9999543065931568,1.484037923162272e-07,4.5545003565743944e-05,1
3.476273473985837e-13,0.9999295080014526,3.0313168404568893e-06,6.746068085091315e-05,1
1.4539775211780124e-12,0.9998061787838749,1.3581263717635461e-05,0.00018023995039741336,1
1.3512562066719853e-11,0.9998364197674539,1.3481122746999344e-05,0.00015009909704720922,1
3.7969905893427526e-11,0.9993840683741968,2.973973849854314e-05,0.0005861918476554368,1
6.941336145476025e-11,0.998744996927172,6.595196173302577e-05,0.0011890510409598813,1
6.290258171299459e-13,0.9995534329010748,7.176589366412542e-07,0.00044584943961811026,1
9.009007531526896e-13,0.9999119361343592,8.600477465513411e-07,8.72038168056259e-05,1
1.1473978414860386e-13,0.9997383184093794,7.928708115640639e-07,0.0002608887179685441,1
1.3423311255171828e-11,0.9997733974428429,1.0912989628621833e-06,0.0002255112454059603,1
1.6416531073890023e-10,0.9934505066507554,1.3818694063137427e-05,0.00653567448937347,1
1.4053480977692848e-13,0.8235244293023732,1.6616411669943696e-08,0.1764755540813508,1
1.1599755276858356e-09,0.8642514305141968,4.112037388087256e-07,0.13574815712204352,1
1.988907008311919e-08,0.8248850786865807,2.682378478325178e-05,0.1750880776412118,1
1.0498233225405454e-13,0.3546006972692739,2.8772456961469466e-07,0.645399015005567,3
1.6515760402585453e-10,0.9821776095467292,1.617033279598683e-05,0.01780621995415067,1
1.1288490911589397e-11,0.9993445096656827,1.1447963683208065e-06,0.0006543455257840748,1
3.633584663130714e-13,0.9998302422395589,1.469317869877183e-07,0.00016961082935761185,1
3.308778772695781e-13,0.9997095055016505,3.4848885663213396e-07,0.0002901460109561796,1
1.5452788112391818e-11,0.9995301555270344,6.287808021156612e-07,0.00046921567534995596,1
1.0896582591577987e-13,0.987924519608549,4.4502261502426565e-07,0.012075035369574839,1
4.2168288575598876e-10,0.997623494138628,1.7109521705865398e-06,0.0023747944886767266,1
5.128472522537379e-10,0.9922141938830642,7.193697002660112e-06,0.007778611908767731,1
2.053255270068034e-10,0.9343719802588965,1.1500149517287989e-05,0.06561651938481726,1
3.081741115581412e-07,0.9422122945390181,0.0003987661861766913,0.057388631101868585,1
5.0918028352089966e-08,0.7606940897678905,0.0004218250759170571,0.2388840342379168,1
2.592920145197689e-10,0.05948434879469279,1.2867358083423565e-06,0.9405143642113133,3
3.777491374654845e-09,0.000741915717505054,3.3078109812011973e-06,0.9992547726926344,3
8.215092902253286e-07,0.002460804265534704,0.004642798203954925,0.9928955760211976,3
6.346634345568444e-05,0.040748989055060525,0.7755512948952532,0.18363624970453069,2
1.8838059217342555e-05,0.026275495115778848,0.9422908419517608,0.031414824872615266,2
7.118141990619575e-06,0.012077942682758096,0.9817916255911331,0.006123313582460897,2
3.6620380458879973e-06,0.002447273758406388,0.9943090056341352,0.0032400585703308837,2
1.6988521711516015e-06,0.0004885408283262411,0.9969597532861249,0.0025500070325830564,2
4.282045899258451e-06,0.0002811930967213913,0.9993377092554345,0.0003768156011141515,2
6.652098313087399e-06,0.00018831317869909365,0.9990621070242602,0.0007429277003365384,2
3.2714575080728787e-06,6.081205466931074e-06,0.9881010892139771,0.011889558124552798,2
3.0511929390392024e-06,4.043662848419643e-06,0.9877723235890804,0.012220581556406764,2
6.990656066578301e-06,5.960460470738706e-05,0.9993997361248299,0.0005336686128613735,2
3.0246115778235847e-06,1.809269391948046e-05,0.9992691545149137,0.0007097281802559515,2
8.743470418856584e-06,9.578146855158995e-06,0.9997649789570103,0.00021669942486368072,2
3.888641663942814e-05,1.459932197682772e-05,0.9996168448606993,0.00032966940090532314,2
0.0001975769901106825,7.839165241400481e-05,0.9777196463990638,0.02200438495729855,2
0.00038107445831589887,1.357764882092297e-06,0.6540957542546083,0.345521813522261,2
0.0017993203107308391,1.2987291344831221e-06,0.6968198370396876,0.3013795439217847,2
0.0017566380571974343,1.823681445593171e-06,0.8792236085594993,0.11901792970189591,2
0.00026442596893367,1.5040332247420606e-05,0.9976538971045099,0.0020666365929489644,2
5.914957949552087e-05,2.597469797517018e-06,0.9998572890923368,8.096385703840008e-05,2
7.08764316745021e-05,1.6272716244382646e-06,0.9997495823485169,0.0001779139475925857,2
3.565086157079698e-05,3.011091905002087e-06,0.9997038310283981,0.000257507017358434,2
2.789981623507259e-05,1.4360430956314856e-06,0.9994095920466828,0.0005610720950100693,2
1.4945869407705576e-05,7.491049860335559e-06,0.999753971811612,0.00022359126806030356,2
5.514242606419514e-06,9.316861694348322e-07,0.9962788073444526,0.0037147467252920457,2
6.54443955266425e-06,3.256004906921215e-06,0.9989319483722239,0.001058251182369758,2
1.2699532158027012e-05,7.0548943889990605e-06,0.9998570882609361,0.00012315731229164097,2
1.81964820424638e-05,5.534987867526244e-06,0.9998976641416274,7.860438904853473e-05,2
1.4059145519019857e-05,9.606889400456384e-06,0.9997181635629094,0.000258170400679748,2
2.3218194537340833e-05,6.294927466690049e-06,0.9926652283213528,0.007305258555233437,2
2.1532347468889483e-05,5.235478409425658e-07,0.977634891719395,0.02234305238464954,2
6.099735719708119e-05,7.650396990648865e-07,0.9977775379552808,0.002160699646579585,2
0.00028593920214041766,2.884057164334454e-06,0.9995472104165813,0.00016396632282205496,2
0.0024431543137419446,9.985640647487492e-06,0.9942724696240802,0.0032743904210684282,2
0.0048877183102846835,1.607609887446145e-05,0.8442140548721225,0.15088215071911257,2
0.008556365330024475,3.617398521379739e-11,0.002102222228029832,0.9893414124040231,3
0.8281597375373768,4.154671898275208e-08,0.01946447007919058,0.15237575083682947,0
0.9893410676508158,3.719301877260218e-09,0.004601147607651005,0.006057781023369332,0
0.999155434504006,3.709079807751248e-09,0.0005595318760149133,0.0002850299093610102,0
0.9985345145546789,8.349174593945631e-13,7.866481160907005e-05,0.0013868206328672115,0
0.9998543305289137,2.6228549933095295e-10,9.583012540536297e-05,4.983908161331033e-05,0
0.9987103808919693,7.137841806842452e-10,0.0007451756192549846,0.0005444427762272603,0
0.9853041458082664,1.0209774659882612e-08,0.0016301588791542128,0.013065685103110045,0
0.8970751103765544,8.729836627436309e-12,0.0005997547897228976,0.10232513482611423,0
0.9929210662647746,7.130051106322427e-09,0.0007826450686901484,0.006296281536633538,0
0.9984690637570101,4.2418295129721756e-10,0.00026630792861116504,0.00126462789023363,0
0.9996650093186827,4.391613845039949e-11,9.620562557634426e-05,0.00023878501210639289,0
0.9998545407334682,3.750550428622097e-11,8.968843254978994e-05,5.577079649912424e-05,0
0.9993216299666049,3.0790617567104117e-10,0.00016761277619326852,0.0005107569509893961,0
0.986557692955991,4.859819582116881e-10,0.0004290515337284999,0.013013255022837827,0
0.959191785801017,2.4741078299305216e-13,1.9919720953702943e-05,0.040788294478031575,0
0.9994560859851019,3.4987546358609284e-10,5.329922971461643e-05,0.0004906144358806869,0
0.9998646052471394,2.6375100594518933e-11,2.6741905308455734e-06,0.00013272053447611974,0
0.9933554701445336,1.6331229411409517e-14,7.205888726289221e-08,0.006644457795625741,0
0.9931488481949087,3.6148253683404103e-11,2.3201313140795508e-07,0.006850919757178223,0
0.9746849561314617,8.253844460749046e-12,2.891998045899386e-06,0.025312151863304853,0
0.9806567761905854,1.850781057024095e-08,0.00010892604829718946,0.01923427925433204,0
0.909480906434577,6.487443474605386e-14,7.223667035733827e-06,0.09051186989746744,0
0.9937716993047596,1.5554040366898476e-08,0.0003299577410551333,0.005898327398345458,0
0.9926209889456038,6.626241072054875e-10,0.0015959776582389915,0.005783032734151864,0
0.9997657509295619,2.1583338616889642e-10,9.87293708947273e-05,0.00013551948517221275,0
0.9997658383770008,2.8108314814731415e-11,2.2045423751153256e-05,0.00021211617125076388,0
0.9989398083908473,1.1933764823949944e-12,4.499348343646453e-06,0.0010556922585440078,0
0.9989213379955622,9.883104307804132e-15,1.9347255960551088e-06,0.0010767272782024034,0
0.9999836806549984,3.0856053578729715e-13,8.772284062563441e-07,1.5442114881872582e-05,0
0.9999301206268251,8.947357176073865e-16,3.678395598807708e-07,6.951153454831642e-05,0
0.9999667299530629,1.2810383583020957e-14,6.217642836249148e-07,3.2648284140713314e-05,0
0.9998842004320447,2.8746867586451326e-16,5.970113301171149e-07,0.0001152025558794851,0
0.9999878657008116,2.254928316999056e-14,1.9692619177567453e-06,1.0165038891541632e-05,0
0.9999868048832645,4.339617481485341e-15,1.7749313961822731e-06,1.142018541359011e-05,0
0.9999679763202907,3.653761451537811e-14,9.595984165797362e-06,2.2427695721991564e-05,0
0.9999569577799091,2.0357427134180208e-14,8.632196899134361e-06,3.4410022472034905e-05,0
0.9999882485316632,7.370879972302687e-15,2.2031032660919394e-06,9.548365307487104e-06,0
0.9999839626083463,3.689334973591275e-15,2.4420440433810702e-06,1.359534794848004e-05,0
0.9999650211144893,9.117732810960474e-14,1.7677013067671585e-06,3.321118296448844e-05,0
0.9991235377253446,7.825876433344109e-12,1.0395909125594267e-05,0.00086606635590306,0
0.9241057321316167,4.087291735510938e-17,2.3042040563755424e-07,0.07589403744754605,0
0.9985353927693704,1.3211952798996939e-12,1.661183140312427e-06,0.0014629460462543791,0
0.9999594921592784,1.3717130906726605e-15,1.7439804398100188e-08,4.049040166589142e-05,0
0.9999886888347989,8.304816792537949e-17,2.749436326398595e-08,1.1283670521154637e-05,0
0.9999847852698287,9.306514477549646e-17,2.297167094949204e-08,1.5191758078999335e-05,0
0.9999658408100889,2.213799332193725e-15,5.7536541359329366e-08,3.410165374967464e-05,0
0.999560256833943,5.521004479412417e-19,9.732560429009465e-10,0.00043974219231471013,0
0.999988536150567,4.523423021815305e-16,1.965054099820769e-09,1.1461883148758304e-05,0
0.9999670372684211,3.974990448565002e-18,8.567118610198917e-10,3.296187556487743e-05,0
0.999973576530325,1.6035628391223643e-17,1.7013383103137314e-09,2.642176979197605e-05,0
0.9999876235817373,1.5084138356629949e-18,1.6769664419247179e-09,1.2374742785001962e-05,0
0.9999951893302957,8.20122869526742e-18,7.79339165164871e-09,4.802874860609944e-06,0
0.9999920444704862,1.608584953900061e-20,3.906942861291988e-12,7.955523964033335e-06,0
0.999991787180153,2.0788849999398336e-20,4.582505760967084e-12,8.212815094889435e-06,0
0.9999937145819049,1.988534313953297e-18,6.52662065625051e-11,6.285352662617525e-06,0
0.9999159142418825,5.225091506992561e-18,1.3965127339909522e-09,8.408436236068737e-05,0
0.9999484806460133,1.86659130598269e-16,8.797408203913482e-10,5.151847254140679e-05,0
0.9999025478694648,3.249933103995655e-17,9.66525561485376e-09,9.744246374808486e-05,0
0.9999885175279671,9.225982054685223e-18,1.9998317687832688e-10,1.1482272454705421e-05,0
0.9999868493315041,3.309929637218406e-19,3.139403163976766e-10,1.3150354662976987e-05,0
0.9999950670293201,1.5646710979554505e-18,1.0572945886125573e-09,4.931914677634711e-06,0
0.9999945399253098,1.9239790206924018e-18,1.7095796951551716e-09,5.45836421747765e-06,0
0.9999837986436465,2.287974345980819e-18,7.928821655112193e-09,1.619342871606583e-05,0
0.9999947602401277,2.9493525168291073e-16,2.116152093850149e-07,5.028144412567342e-06,0
0.999988877410953,1.3450044307345756e-16,5.980793118742651e-07,1.0524511288501484e-05,0
0.9999937455554623,1.2645449703165603e-16,1.671873554548021e-07,6.0872565458754725e-06,0
0.9999900891216388,9.106500755452514e-15,5.4094370363042e-07,9.369935542934823e-06,0
0.9995694404277359,2.582520761843295e-16,1.1762894819469089e-06,0.0004293832843680222,0
0.9999798659363144,3.7389570555086634e-14,1.174561821843055e-06,1.8959503298853507e-05,0
0.9999784166758235,7.584701683689773e-14,7.655492990118389e-06,1.3927832453099455e-05,0
0.9998185831389442,2.9819717538387294e-12,8.724654233188232e-05,9.417031534767748e-05,0
0.9997742290530895,1.1266964103104472e-12,5.562801455840581e-05,0.00017014293076188488,0
0.9999478752122148,2.4978870179634006e-12,3.133158614967386e-05,2.0793198293295005e-05,0
0.9999337452767243,1.1722767935716407e-13,1.5322010563870227e-05,5.0932711701002236e-05,0
0.999973525283473,3.949671339742837e-15,2.8004253199095545e-06,2.3674292848077867e-05,0
0.9999896918256278,3.494390763208993e-14,3.4603791859427313e-06,6.847794011152389e-06,0
0.9999469717822317,8.476172802220051e-16,2.707627506872902e-06,5.0320589913968165e-05,0
0.999990481964964,2.21659663787351e-14,2.1062241942971067e-06,7.411809502047032e-06,0
0.9999698857960215,3.275424095237634e-16,2.10052773822126e-07,2.990415022669071e-05,0
0.9999794287292819,8.191719145810089e-16,7.113062404630689e-07,1.985996499281526e-05,0
0.9999862185290254,3.983331197309422e-14,3.1694932088238825e-06,1.0611978782898868e-05,0
0.9999088128457069,1.9775254079692488e-12,8.148254583690467e-06,8.303889693776232e-05,0
0.9968498698642617,1.6156428264955844e-13,1.669013895758101e-05,0.0031334399954882773,0
0.9998099004274171,7.0578515773834345e-12,3.0293437557096383e-05,0.00015980612693997128,0
0.9999571248978381,9.623983846080642e-13,2.525347119719286e-05,1.7621628884567946e-05,0
0.999918129001469,3.1774755835813905e-13,4.444715423042444e-05,3.742384377053789e-05,0
0.9998769799864431,1.0283057584484519e-12,6.017042243149882e-05,6.284958971465346e-05,0
0.9998705264920921,3.2631792139469164e-12,0.00010938805032415788,2.008545424335371e-05,0
0.9998837110060739,2.89263763104707e-12,9.446600924616194e-05,2.182298355933051e-05,0
0.9999035712319138,1.1030545083808516e-12,6.077893432999853e-05,3.564983129452749e-05,0
0.9998608754630012,2.5953653675881857e-12,0.00012385745766577193,1.526707608684456e-05,0
0.9998807454022075,2.09309498689675e-12,0.00010404560427910379,1.52089908652241e-05,0
0.999893589546835,1.2748957663470077e-12,8.505443620852658e-05,2.1356014090117995e-05,0
0.9999267981347816,3.9818173124179637e-13,5.776642232764372e-05,1.543544203705431e-05,0
0.9999785565749267,4.218006082655916e-13,1.2969385331697935e-05,8.474039127845216e-06,0
0.9999081986655641,2.7119856463528316e-14,7.224585303247011e-06,8.45767499452496e-05,0
0.9999046527284045,4.894604346720732e-12,7.978779644146429e-05,1.5559471836289577e-05,0
0.9989612722829486,1.7156681089146178e-11,0.0009976633214823112,4.1064379159148846e-05,0
0.9895817502070337,4.0113143704619975e-10,0.0103319513173039,8.629807279677769e-05,0
0.9466330502916477,5.400947968870218e-09,0.05322656725024718,0.000140377058343358,0
0.8865181743232123,2.0369799943430387e-08,0.11325581124695748,0.0002259940603176403,0
0.8060421746232278,3.478665263018884e-08,0.19361136968139156,0.0003464209073204836,0
0.7425623051843717,6.626317374421496e-08,0.25707401048805567,0.00036361806568087986,0
0.5884667806523185,1.1303533464781239e-07,0.4104826078429373,0.0010504984705337445,0
0.40925559334291595,1.1181651760780167e-07,0.5897673392765922,0.0009769555624077593,2
0.2421758791831482,1.2808104933157005e-07,0.7557972327659692,0.002026759971479888,2
0.08475495097331412,5.720974025670934e-07,0.9147505727652616,0.0004939041627059088,2
0.018146338378526628,7.896090872496578e-07,0.9797910033431507,0.002061868670224719,2
0.001067297033438894,2.159122697068165e-05,0.9986753985587139,0.00023571318083781466,2
2.4702803832351672e-05,0.0030889114901574014,0.9966461157489311,0.00024026995667398172,2
3.157378006639356e-06,0.03534048550221773,0.9638412521361286,0.0008151049851329617,2
3.1855730512961793e-06,0.11664484941186919,0.8816773739106568,0.0016745911026617307,2
2.544989007564258e-06,0.266440521879296,0.72373815244656,0.009818780685255499,2
4.221651693996966e-06,0.5227254677634288,0.4669201173719894,0.010350193214571875,1
4.148495130436853e-07,0.6400054645902057,0.2867798187129822,0.07321430184564288,1
1.0875878656160637e-07,0.9107000081862302,0.07362325364222938,0.015676629411444945,1
1.3998805354535558e-07,0.9702153812075259,0.02767348411523865,0.002110994689723499,1
7.116458895270242e-08,0.9865513068619892,0.009096110909360711,0.004352511062720504,1
2.6727034361829383e-08,0.931432064584797,0.011900096819338882,0.056667811868667886,1
5.165307867435882e-06,0.5771626554392439,0.3938916815245069,0.028940497729471746,1
7.858126964699892e-06,0.06372386704594613,0.9256465696790465,0.010621705147321565,2
1.7114382751036868e-05,0.002473180925553413,0.9969483084075288,0.0005613962840393489,2
9.5881397096665e-06,0.00017655218549785727,0.9997208122687227,9.304740690780673e-05,2
8.969874053796452e-06,3.4113449593283864e-05,0.9998922395465311,6.467713054065441e-05,2
4.346908166697394e-06,5.99254784914542e-05,0.9997773010919265,0.00015842652058255032,2
5.453100901752617e-06,9.669692834532958e-05,0.9997547464816566,0.00014310348884926736,2
4.171622571716651e-06,0.0003671610415991771,0.9992343325694416,0.00039433476755478257,2
6.627782851571825e-06,0.0032777769125006007,0.996342414997734,0.0003731803053382188,2
5.630327329761008e-06,0.01864400201297908,0.9808353758096952,0.0005149918494295432,2
3.0255543743566354e-06,0.11049123295146454,0.8857782205445578,0.003727520951368177,2
1.4064373947131953e-06,0.39493751893622236,0.589125917869681,0.015935156758281693,2
5.5127709213301384e-08,0.920681226933947,0.05745436718432035,0.0218643507542682,1
1.4214899145152938e-09,0.991058172578337,0.004991848785750615,0.003949977213487751,1
4.584249969419669e-12,0.9997179036189663,1.8428461576596433e-05,0.00026366791612550915,1
4.4069297451037765e-13,0.9999343856679248,5.449218656401839e-07,6.506940994559728e-05,1
8.101535841127665e-14,0.9997338192136598,4.053533854106761e-07,0.00026577543454938497,1
2.4986772205711375e-13,0.9997739080812698,6.782658927298259e-07,0.0002254136538606824,1
5.511659576695052e-12,0.9999046208336482,5.457451616260335e-06,8.992170853953878e-05,1
1.7440447603742105e-12,0.9995974515161383,8.494649414643152e-06,0.00039405383434924237,1
3.9519610347170544e-11,0.9997351427808298,3.981349398654741e-06,0.00026087583004501095,1
7.310056312223448e-11,0.9967616012356489,8.294087475925675e-06,0.0032301046031602935,1
7.93953373171145e-12,0.989495819315785,1.1187111772306212e-05,0.010492993565969475,1
1.3624893567078622e-11,0.9995728609776772,1.7157133542838434e-06,0.00042542329474162783,1
3.2541181654341116e-13,0.9998061435787036,1.0078788460556186e-06,0.00019284854208553206,1
1.9049628303776767e-13,0.999915974678182,6.557595960280429e-07,8.336956047863686e-05,1
1.8830935515082086e-14,0.9998749920375712,2.0827754273433928e-07,0.00012479968361351872,1
2.0397572220147114e-13,0.9999165142107301,4.483962956717818e-07,8.303739324229075e-05,1
6.718327101071846e-14,0.9996976446528837,5.796614277510216e-07,0.00030177568473028224,1
2.8072554912149305e-13,0.9998984575730369,1.1105660894435718e-06,0.00010043185924339798,1
5.799117767412777e-13,0.9999211946654372,6.027139326360821e-07,7.820262043312887e-05,1
8.620344662418543e-14,0.9992148208924864,6.870988786403753e-07,0.0007844920090098053,1
2.7352568852925556e-13,0.9997436790921296,3.5612303261088453e-07,0.00025596478287275454,1
1.3133853027344234e-13,0.9999189629292643,6.327816684376039e-07,8.040428878406255e-05,1
3.487678451980776e-13,0.9999297989028766,1.7158145910276241e-06,6.848528273409919e-05,1
6.950208127399709e-12,0.9998168433090232,4.002769628758432e-05,0.00014312898898801896,1
2.6691838019028374e-11,0.9998302194624031,3.67878019509853e-05,0.000132992710000956,1
2.2076586627162847e-11,0.999618861916367,1.569733549643998e-05,0.000365440725934543,1
8.542142787500908e-12,0.9989223161381927,1.6755492060638537e-05,0.0010609283601761262,1
3.146335454354696e-11,0.9997823282026429,4.247174007692262e-06,0.00021342459209702834,1
1.0074530802800514e-12,0.9989407855667161,5.082666864088053e-06,0.0010541317648874965,1
1.434858834748548e-11,0.9998517861439452,1.2125148751532882e-05,0.0001360886917900184,1
2.1380469685972158e-12,0.9999128197147076,9.260958276038564e-06,7.791932594013919e-05,1
5.4551963170901394e-12,0.9998836267275482,1.6197039137237597e-05,0.00010017622938473218,1
1.0567401155199586e-11,0.9996672288176629,2.425776741828638e-05,0.00030851340550500957,1
4.226105025685526e-11,0.9993694369006735,1.5672163912360425e-05,0.0006148908922439932,1
4.4726285555628195e-11,0.9991000680549118,2.7034453213174386e-05,0.0008728974486154854,1
6.035255299800707e-11,0.9995335387579232,2.33099962670072e-05,0.0004431511867704235,1
4.2430563723375e-10,0.9996724657048418,8.993668649226229e-05,0.0002375971835936752,1
3.3131567272616375e-10,0.9982990194382387,0.0002678398064815759,0.001433140424032613,1
2.8802493884070516e-11,0.9986611419229006,2.0409835154977727e-05,0.0013184482140987737,1
1.1534572434504929e-10,0.9997601971508507,1.3187657402139012e-05,0.00022661507636771694,1
3.5561867999505634e-11,0.9990770176985605,8.972468332621158e-06,0.0009140097982643888,1
4.4224213399195326e-10,0.9945206385182418,3.0441364828765057e-05,0.0054489196764063155,1
6.321075547370665e-08,0.9536352329126471,0.0010054756646149209,0.045359228211433615,1
4.373356706145569e-09,0.005506162453107398,0.00017382668643090154,0.9943200064868838,3
2.318071304567141e-13,3.1957600825023534e-10,9.285623970444921e-11,0.9999999995889084,3
6.6817572908459796e-15,6.688138886867011e-13,4.227919254634252e-13,1.0,3
2.485506249162882e-09,2.4757905509577206e-06,4.742693289932174e-07,0.9999970474535007,3
4.57942943802992e-09,1.977702930304163e-05,4.484424582048438e-06,0.9999757339680615,3
5.112148255742526e-09,9.922369078366986e-05,4.508124889968677e-06,0.9998962630711723,3
3.5281094717418733e-06,0.048193045011135395,0.00298136591825811,0.9488220609625442,3
1.1987244226738108e-07,0.016545080717517573,0.00012028986902266881,0.9833345095423318,3
1.6969557177416659e-07,0.056299740940695356,0.00019724097317915852,0.9435028483922026,3
3.5165088991809207e-09,0.13662270068009902,7.47496343380978e-06,0.8633698208398172,3
4.7446650311690243e-11,0.22265875923988385,3.805647160303186e-07,0.7773408601462585,3
1.053672663795271e-10,0.8658540148422252,5.4877995829187705e-06,0.13414049725213462,1
4.940611307704125e-11,0.9918919153964907,2.6866767177681587e-06,0.008105397876483931,1
4.8071470767059325e-12,0.9994815751032213,1.8317577823236777e-08,0.0005184065760559546,1
2.572020955219411e-15,0.9959690343662275,2.78975976962803e-09,0.004030962845652165,1
7.612146100998835e-13,0.9997216774662556,4.885069882749639e-09,0.00027831764969026083,1
2.6208190415290546e-15,0.9979249177031692,1.2032372081455015e-08,0.002075070265493201,1
2.923761657604851e-14,0.9998648752541422,1.669486082265001e-08,0.00013510805052290964,1
1.4560967506076899e-15,0.9999475780230721,9.181770375932558e-09,5.2412795362285153e-05,1
1.391248355876962e-15,0.9999434518813494,1.827396098988755e-08,5.652984335944744e-05,1
7.23168102851956e-15,0.9999306247682895,2.045309932935721e-08,6.935477889500523e-05,1
1.3182988537865978e-15,0.9996005076001903,7.678017663692689e-09,0.000399484720841262,1
1.3433454264943825e-14,0.999802659709587,2.414748677222689e-09,0.0001973378774408988,1
7.267196592193631e-13,0.9994843751385726,3.042706419871887e-07,0.000515320590126098,1
8.116342647321595e-14,0.9985595883572383,2.7133307393171704e-07,0.0014401403086959676,1
1.5709010745445184e-13,0.9998962557377679,2.1444705565999706e-07,0.00010352981374225575,1
2.9163558812555373e-14,0.9999454450010209,2.2847591376687596e-07,5.432652143491716e-05,1
1.6816421548648087e-13,0.9999083211086969,2.2584089781220193e-07,9.14530487498546e-05,1
2.7411486009033074e-12,0.9990000091570569,3.344043834775633e-07,0.000999656434329612,1
3.6144970949443e-10,0.9822245275315403,1.1829620669263521e-05,0.017763642487155153,1
6.043778617422593e-11,0.1476276422351607,7.3160579949313085e-06,0.8523650416473737,3
6.921559650817885e-14,0.002051566398161327,9.663330057729008e-10,0.9979484326364364,3
4.3677336805902106e-10,0.9123923119682146,1.713796481074108e-05,0.0875905496291289,1
4.716302845797609e-10,0.9938948598059084,5.337126821901812e-06,0.006099802597362155,1
1.2080754470035067e-11,0.9977163791908773,6.369939826215242e-07,0.0022829838044464332,1
4.250423250945684e-12,0.9993049288453372,6.848409282559238e-07,0.0006943863107248483,1
2.144707429409499e-11,0.9996083573985095,4.859959521534916e-07,0.0003911565835067552,1
1.4406436326924355e-11,0.9894610506225929,2.0776815432784046e-06,0.010536871682871075,1
2.053368040712977e-12,0.974712591438519,7.054409495469262e-07,0.025286703119206007,1
1.1441452977557599e-12,0.9985416225993129,2.995960571882819e-08,0.0014583474394130173,1
7.172141352754991e-15,0.9995006157862835,1.2049941890313833e-09,0.0004993830074139924,1
5.926173421413815e-15,0.9998555499043652,1.1119623304121026e-09,0.000144448984234274,1
3.4437737846866365e-15,0.9996614686916782,2.9023604765140973e-08,0.0003385022859040529,1
1.6785012933927076e-14,0.9999479344790779,4.483047632396776e-09,5.206103775430434e-05,1
2.458585828317686e-15,0.9995145792297321,1.2707697402878069e-08,0.00048540806155993467,1
1.5508117192830112e-14,0.999796065417355,1.715947078270056e-08,0.00020391742347286983,1
5.284686714323328e-15,0.9998780878517659,4.4138697549330415e-08,0.00012186800903516132,1
4.067592108821268e-15,0.9999412537375515,3.9952820394029506e-08,5.870630843108641e-05,1
1.7562621028693365e-14,0.9999504339781919,9.056746279766275e-08,4.9475454102905516e-05,1
2.0695955970964667e-14,0.999742116632801,1.5587845745074832e-07,0.0002577274905303897,1
1.588837573941354e-12,0.9997193915700994,6.974979956767249e-07,0.00027991092880072,1
2.822152274892195e-11,0.9991211083617086,1.0624070409819747e-06,0.0008778292025522744,1
2.798283785637129e-10,0.9665385658630754,1.7824367075317703e-05,0.033443609488788814,1
4.807232752717083e-12,0.34747001565537383,5.198567082366621e-07,0.6525294644814759,3
3.082533728267543e-07,0.43778190892606084,0.00018573638602568742,0.5620320464355466,3
7.556669697004031e-13,0.00026568792496150834,1.6750513784613728e-09,0.9997343103993154,3
1.8427700758380903e-15,9.008357076029722e-06,1.1717865789151326e-11,0.9999909916301598,3
1.5473304265811128e-08,0.874513737182099,4.103144491713189e-05,0.12544521590066218,1
2.3593221365331957e-11,0.9178519454894905,7.182683078960024e-07,0.0821473362194492,1
2.4148878147832553e-11,0.9939123138374665,1.525060761937021e-06,0.006086161076096369,1
8.902699801037389e-11,0.9993920243205836,3.01746015867841e-07,0.0006076738458134029,1
3.096726488726635e-10,0.988458939567663,1.4621571753068094e-05,0.011526438549576499,1
1.0338433572892172e-12,0.5753762111120305,1.28193456539146e-06,0.424622506950616,1
3.6872609685176575e-09,0.9236935438914218,4.3053909909430926e-05,0.07626339851138617,1
5.00166450418684e-10,0.982431587340888,1.6810784792949725e-05,0.01755160137453369,1
3.0843702677260974e-09,0.9977844166272445,8.106078526657811e-05,0.0021345195042298732,1
1.0922438121080282e-09,0.9987496743689201,0.00011968467256967616,0.0011306398667199657,1
3.830933096747838e-09,0.9985329577812156,0.0006048292754578121,0.0008622091132676693,1
1.4098904662924536e-08,0.9932775079022303,0.00337779816469619,0.003344679834068855,1
1.1638895162202506e-07,0.9787977664078178,0.014701217929577659,0.006500899274102641,1
3.7836820456374565e-07,0.9073458119535398,0.07161854615172383,0.021035263524794106,1
1.3500843938289617e-06,0.7728787724249608,0.12841175960876663,0.0987081178834356,1
3.1537820977460705e-07,0.030815379190306722,0.21335899214238127,0.7558253132905499,3
5.963637222813747e-05,0.02655728306436803,0.7011878721744249,0.27219520838864386,2
3.393958543373601e-05,0.014093274761386677,0.9188055218225745,0.06706726383201272,2
1.6766125740668608e-05,0.002186590586065165,0.9526145830154692,0.04518206027323056,2
2.9858148297446847e-05,8.858302300025272e-05,0.9985349289381193,0.0013466298910466685,2
3.689973119624999e-05,3.0682805309695624e-06,0.9998205919593982,0.00013944002958819746,2
3.905745194876785e-05,1.8908029988595996e-06,0.9998235011079768,0.00013555063704846052,2
4.726868289257055e-05,2.364106117865301e-06,0.9998442559193627,0.00010611129278036788,2
7.096749998575875e-06,1.3072685873417319e-05,0.9995169271060415,0.0004629034591908758,2
2.5851206606110337e-05,4.972235338138945e-06,0.9995189202373361,0.0004502563206020357,2
3.99208565416883e-05,3.13014903942195e-06,0.9982009347807246,0.001756014214611088,2
4.6914646554524694e-05,7.247830688107374e-07,0.9967768113286647,0.003175549239922718,2
6.608885330520495e-05,7.889188540621111e-07,0.996862354951123,0.0030707672749896386,2
8.184127049257917e-05,2.2806711615133684e-06,0.9953942037398034,0.004521674317125849,2
0.00015481891422834503,1.006645671609293e-06,0.99943318446843,0.0004109899708488609,2
0.00020848484360859774,8.900540078300016e-07,0.9994964382738762,0.00029418682792045734,2
0.000597913638662103,8.10851232969723e-07,0.9993181052541047,8.317025543267483e-05,2
0.00224071449628047,6.98725444436011e-07,0.997680304891012,7.828188817977421e-05,2
0.006063105175309032,6.112983057923416e-07,0.9938373355819348,9.894794460312468e-05,2
0.015513249427673218,6.323003300000904e-07,0.9840749822200894,0.00041113605291971,2
0.03390753156481418,8.762046442646542e-07,0.9650534860836936,0.0010381061477688597,2
0.0913871268820269,6.45992035789141e-07,0.9076378803959598,0.0009743467297482593,2
0.3384482055386015,2.83399924514531e-07,0.6582113870924342,0.003340123968513177,2
0.7112158069876217,5.690624889849875e-08,0.2823661946454581,0.00641794146130335,0
0.9348915222284427,2.399414036718995e-09,0.06153937635201329,0.003569099021016391,0
0.9937834032178112,3.081110053707418e-10,0.0059729569284789116,0.00024363954380155696,0
0.9993201890946977,8.770962927735049e-11,0.0006511711835527133,2.8639632244888033e-05,0
0.9998066157805806,1.0139999811863881e-11,0.0001480069656789864,4.537724450712935e-05,0
0.9998328333390141,2.301368336665775e-11,0.00013193937985642284,3.5227257221079234e-05,0
0.9995940701744517,3.6761668355954965e-12,0.00011356318768512402,0.0002923666337903938,0
0.9999708491079015,4.010621546525054e-13,1.9372912793800936e-06,2.7213601823590022e-05,0
0.9998190419177091,5.275068370922244e-18,3.67420671295266e-10,0.00018095771540209898,0
0.9999786405122153,4.808739169972586e-17,7.33471390429639e-10,2.1358753726132558e-05,0
0.999971437592199,2.8614352034002166e-18,1.4771034182617717e-09,2.8560929223939278e-05,0
0.9999709727373768,2.9653370707702163e-18,1.826559626197343e-09,2.902543673888456e-05,0
0.9999954774896144,1.55429552411554e-16,5.421576217182613e-08,4.468294450833958e-06,0
0.9999900951715376,2.4630071454752914e-17,5.487815681541767e-08,9.849950652811293e-06,0
0.9999903079002639,4.533652922544753e-15,2.1905816000264764e-07,9.473043209222835e-06,0
0.9996154132328019,9.197943047628747e-18,1.2875553011343749e-08,0.00038457389179059393,0
0.9999857567741217,1.878119550481547e-15,5.047574283499383e-09,1.4238177734573453e-05,0
0.9998737632717961,1.4535911315281828e-17,2.6333480316103093e-08,0.00012621039458723634,0
0.9999946995807888,5.915915747226351e-16,2.823751922356798e-08,5.272181660017924e-06,0
0.9999847023470049,1.0529480353325107e-16,3.5389089485819286e-08,1.52622650571827e-05,0
0.9999481680397354,5.398165973094026e-17,7.586214268003844e-08,5.175609889763762e-05,0
0.9999937730402206,8.537657559717844e-16,2.436867570218513e-07,5.983271926168161e-06,0
0.9999892297671713,7.64458633992893e-18,1.8334231362689027e-08,1.0751899629752816e-05,0
0.9999943922569292,5.57717676535716e-17,2.2704840750389746e-08,5.5850388979122e-06,0
0.9999615443239429,1.2469406758139972e-14,1.517225609966805e-05,2.328341898674785e-05,0
0.9999661268291671,5.621978905243309e-13,1.994515745706688e-05,1.3928014541463355e-05,0
0.999842017374732,5.920122476029367e-13,6.117088349389294e-05,9.68117396981918e-05,0
0.9999243406883972,5.921490033008173e-13,4.753418206106244e-05,2.8125129613948754e-05,0
0.9999397371871755,7.359540917541905e-13,4.806890779054751e-05,1.2193904049156635e-05,0
0.9998615468133709,1.5159967320395557e-12,0.00011814105091178075,2.0312133150766527e-05,0
0.9997831333524873,7.291402027645951e-12,0.00019550310096767078,2.1363540258074536e-05,0
0.999346640042505,2.4683624354964537e-11,0.0005946397891096174,5.872014291599005e-05,0
0.9991867130969109,1.4196915217496605e-10,0.0007741827333175524,3.910402629729444e-05,0
0.9992309917123993,2.0175151892049713e-11,0.0007094294039054413,5.9578862737679404e-05,0
0.9999200679818816,3.0680172947245827e-12,6.677114049334554e-05,1.3160873671665695e-05,0
0.9999503671409227,6.195078183528937e-14,2.507041899073869e-05,2.4562439584441858e-05,0
0.9999943066994271,4.632794423732185e-16,7.304189056582326e-08,5.620257571768916e-06,0
0.9999831409334163,1.585927216522446e-17,1.8445948118584282e-09,1.6857221408991372e-05,0
0.9999113243131369,4.315443213150627e-18,1.462785212662392e-11,8.86756714313254e-05,0
0.9993327813986755,2.2667298223982216e-15,1.6505625534175953e-10,0.0006672184351229514,0
0.9393538467948327,8.904650129818282e-15,1.6344353822849174e-09,0.06064615157035674,0
0.012623700963490865,9.759723233747641e-22,3.2389999565906945e-13,0.9873762990370132,3
0.9206239639428717,6.064301398521614e-15,1.5041472757468142e-09,0.07937603455265449,0
0.9988368494309483,6.886264971928465e-14,7.471147884969116e-10,0.0011631498213596192,0
0.9995865969361343,4.0843123268813497e-17,2.386561889703747e-10,0.0004134028237327609,0
0.9999897129184117,3.382116822874359e-17,3.4823912122806665e-10,1.0286733525790596e-05,0
0.999991973708726,4.059770241541855e-19,4.666884187285359e-10,8.025824799120265e-06,0
0.9999938158553275,1.0174408525792459e-17,1.902059090444161e-08,6.165123581555631e-06,0
0.9999923267354182,1.85847032798605e-18,2.3457867775064584e-09,7.670917704955875e-06,0
0.9999879403512336,5.9265029552322516e-18,2.134244958567137e-09,1.2057515146897941e-05,0
0.9999798225179125,1.7202372141584865e-18,2.9544855855695944e-09,2.0174527775166398e-05,0
0.9999934585353226,6.812542628282788e-18,3.2599119813772995e-09,6.53820366561992e-06,0
0.9999898765239249,2.1393979431089225e-16,5.193753212773275e-09,1.011828333345016e-05,0
0.9993601558147953,5.5689156568463324e-18,5.423083340434753e-08,0.0006397899538251366,0
0.9999891163180306,2.478532668878081e-16,3.124712510852328e-09,1.0880556881359234e-05,0
0.9999924474317221,1.0547468632141689e-17,6.569005080250377e-09,7.545999080612951e-06,0
0.999989272742153,3.5653527211459124e-16,8.389516017213144e-08,1.064336299491171e-05,0
0.999936096585865,3.046183813653653e-16,1.1565856548330657e-07,6.378775593919489e-05,0
0.9999644744546855,1.4142392359758092e-13,1.2199827054630124e-05,2.332571834588765e-05,0
0.9999203902956425,4.897542639478979e-13,3.792846989492715e-05,4.168123412820804e-05,0
0.9996986506940897,9.370055083242592e-12,0.0002773655460036499,2.3983751078898617e-05,0
0.9994714013310187,4.106252049849132e-11,0.0005022634031854762,2.6335224095762147e-05,0
0.9992650736693257,6.733827042928844e-11,0.0007113731771569179,2.3553086922493925e-05,0
0.999000339573211,1.2841157894436033e-10,0.0009752850409002621,2.43752568637989e-05,0
0.9987331748808964,1.6999447383141065e-10,0.0012306163521594764,3.6208596855925336e-05,0
0.9982523922463329,1.4428693159799005e-10,0.0016813131919815503,6.629441808805415e-05,0
0.9999065946728238,4.973183713479307e-12,6.914242867706562e-05,2.4262894695495383e-05,0
0.9998881732893335,4.387133141861465e-12,8.921672087789866e-05,2.260998525291127e-05,0
0.9976017071159387,1.908954244170936e-11,0.002248592577685278,0.00014970028667286614,0
0.9703278100149616,1.6765608995027922e-09,0.029102016938290978,0.0005701713699494896,0
0.7711327613504693,2.1842061216160807e-08,0.22817240215848072,0.0006948146506369082,2
0.5890702022470165,1.219621458533916e-07,0.41044657639149573,0.00048309940012908364,2
0.4507991607209741,1.368236510702236e-07,0.5476246675839158,0.0015760348715167394,2
0.3916088500657121,2.944713370457985e-07,0.6081410547545794,0.0002498007095966334,2
0.3430739290390904,2.81976604237787e-07,0.6560695850762304,0.0008562039066589644,2
0.25338308934368386,2.702076770734669e-07,0.7460617587944919,0.0005548816543752908,2
0.09346086202310284,9.575954446321374e-07,0.905850627306331,0.0006875530757246652,2
0.04351611383685166,4.195552638732768e-06,0.9474976773759601,0.008982013236100905,2
0.019502014075339656,1.0351658229078691e-06,0.9299340948497743,0.05056285590908244,2
0.01547067275817892,8.701200534071653e-07,0.9804880765955185,0.004040380527599199,2
0.012451949886881208,5.318564548827453e-07,0.9872709924352239,0.0002765258227613405,2
0.008387630226285808,5.710383055970533e-07,0.9909071971349362,0.0007046016009149707,2
0.004931965290009193,6.124950139300599e-07,0.9949242223945833,0.0001431998192283947,2
0.002072631628284274,8.542816113129739e-07,0.9976899641993897,0.00023654988934453588,2
0.0005447525923252157,2.509236615969188e-07,0.999000505099334,0.00045449138332847027,2
0.00025100904666787606,1.3700931186598832e-06,0.9994622006469265,0.0002854202123287916,2
4.772083712850295e-05,2.816040486980838e-05,0.9997616969819086,0.00016242177721655391,2
0.00016457477789014608,0.001399978880996298,0.9934178333250248,0.005017613014666806,2
1.54988835944181e-05,0.06205166471093228,0.6070523326462531,0.3308805037588219,2
3.701151470524005e-07,0.587869627421378,0.18305435334664463,0.22907564911614742,1
1.3119351125055902e-07,0.9437428459076586,0.028135319043121353,0.02812170385655266,1
2.0104455643496094e-12,0.991387620356912,2.1271710567846714e-07,0.00861216692470092,1
1.4463617858193277e-15,0.997286287734735,3.951300571998584e-12,0.0027137122608209764,1
6.000285093847018e-17,0.9993877145462058,3.391118988596975e-13,0.0006122854541205186,1
2.79722339294098e-17,0.9998123436944409,5.162600183544007e-13,0.00018765630439329935,1
5.654121929548834e-18,0.9996888618472671,5.934619035946267e-13,0.00031113815354431824,1
1.4412281273575722e-16,0.9998587916080018,1.4771695803852449e-12,0.00014120838987851002,1
8.77341322805571e-16,0.9984190941380499,3.826935052085532e-12,0.0015809058598027976,1
3.8341676588502946e-15,0.9779813702994979,1.0914772857762253e-11,0.022018629691396098,1
3.306410755049158e-15,0.9191668938773068,1.0840969889392144e-11,0.08083310611301088,1
8.83924384602023e-14,0.969921473460553,5.843244948000779e-12,0.030078526532527083,1
1.075721576747803e-14,0.9681519595416815,1.7712168135094303e-12,0.03184804045718003,1
4.655541715000232e-16,0.9777413809860297,6.68841877251763e-13,0.022258619012261466,1
7.32697215038384e-16,0.9977575916137955,4.560200004590557e-13,0.0022424083863208173,1
4.7065582627519027e-17,0.9993681922356534,5.37684331825319e-13,0.0006318077628839477,1
2.8516723531093593e-18,0.99977073040471,2.5910773447817166e-14,0.00022926959596439534,1
2.1818547155183557e-17,0.9998059518798561,1.237346772702741e-13,0.00019404812052954036,1
2.700898875501111e-16,0.9987753191211354,4.11847541517567e-13,0.0012246808793455195,1
1.5699259917512729e-18,0.9768831609083958,6.241961696778077e-13,0.023116839090845817,1
1.7977115078648678e-15,0.999338318882441,2.3984060123399352e-11,0.0006616810929285852,1
1.3626761939719387e-16,0.9998962898948455,1.8722400765447555e-12,0.00010371010438970603,1
1.3106110814138131e-17,0.999507906423248,7.538322742134996e-12,0.0004920935690462159,1
1.160598039563677e-17,0.9998412342092059,2.4030000430376618e-12,0.00015876578849389068,1
3.1478392714115806e-16,0.9999470846881988,8.160352892084254e-10,5.2914496153363696e-05,1
8.994048840634019e-17,0.9999325348602278,8.785302336620047e-10,6.7464260570917e-05,1
8.426355956076834e-17,0.9999424633170019,1.037708380843247e-09,5.753564513513183e-05,1
1.4953291990998927e-16,0.9999569823315716,1.4561025284190687e-09,4.301621300385137e-05,1
1.0901445911704727e-16,0.9999449560216208,2.376194983239783e-09,5.504160240048659e-05,1
3.617658988319284e-16,0.9999584477711577,1.687936515897657e-09,4.155054036166385e-05,1
2.1926286308751438e-16,0.9998599133082919,2.8258680742089764e-09,0.00014008386556747958,1
1.184316045799284e-15,0.9999285932856707,4.7914726642727994e-09,7.140192447935409e-05,1
5.008447367707361e-16,0.9999249795712022,2.7122280062169712e-09,7.501771583714533e-05,1
5.076237316176603e-15,0.9999216479292528,4.109761070275271e-09,7.83479612048235e-05,1
8.828384868334134e-14,0.9991861724423446,2.2035486882708745e-08,0.0008138055236991813,1
1.3045785327586165e-14,0.994165583096233,3.119350870032508e-08,0.005834385709791181,1
1.9357967007874886e-13,0.9998367835168028,7.788595560820069e-09,0.00016320869599815546,1
2.4826802356666417e-14,0.999720275740429,3.4804813270424235e-09,0.0002797207790096829,1
2.85885670532993e-13,0.9969158515800081,1.461640266383839e-08,0.0030841338014907845,1
1.897933107788265e-13,0.9922308131229018,3.0048030432990383e-09,0.007769183872932223,1
1.1303407088924568e-14,0.9902256615408357,2.8591560681204214e-09,0.009774335599908564,1
9.967023369352436e-13,0.9997246190052632,1.5307016675440256e-08,0.0002753656856800513,1
4.7932612273607616e-15,0.9992757609747178,1.5439135311853682e-08,0.0007242235851654522,1
1.4182549306161319e-14,0.9999400679505194,1.614384352605335e-08,5.9915904038830604e-05,1
1.4957335465275427e-15,0.9999392435942521,1.3370664074242166e-08,6.0743035589124195e-05,1
1.318216643235064e-15,0.9999146816099032,1.7285536108027172e-08,8.530110554049841e-05,1
4.159979076984322e-15,0.9999296693053505,4.0349989339041645e-09,7.032665986643182e-05,1
1.0966880543201226e-13,0.9995202515960717,1.7048792544843944e-08,0.0004797313558480192,1
1.424302459199972e-14,0.9941601079507779,1.6308485207601064e-08,0.005839875739948804,1
1.4599624719526664e-13,0.9994781289113202,1.8200807772647473e-08,0.0005218528870496106,1
1.65738442942748e-14,0.9998922986827811,2.016912900407302e-08,0.00010768114719088321,1
2.2643150319126008e-14,0.9998984672345275,9.804400493940773e-08,0.00010143472318315369,1
6.756622277694683e-13,0.9998485424551612,2.6856312995835726e-07,0.00015118897937443254,1
2.599530568344643e-14,0.996972741692137,9.987459354380553e-07,0.0030262595629611355,1
1.1484035030859779e-12,0.9998444678059214,6.11062699162649e-07,0.00015492112921502668,1
9.694216363716643e-14,0.999910131915607,7.208292429474543e-07,8.914725341854196e-05,1
1.3176925202197031e-12,0.99992895515875,4.4692382991598025e-06,6.657560072004801e-05,1
3.352969608592263e-11,0.999766326894187,7.67367200322771e-05,0.00015693635132932375,1
2.4769381815795507e-09,0.9972251369623006,0.0022855904698362195,0.0004892700901319521,1
2.5230842418614696e-08,0.9813913729658569,0.015514244871158683,0.003094356932015689,1
8.252165108802646e-08,0.91152389910468,0.06705726807980021,0.021418750292232773,1
4.2473043155827016e-06,0.16527940027758334,0.8103220361949237,0.024394316224806218,2
1.925887214910128e-05,0.009285549358820814,0.9855140100212466,0.0051811817465736475,2
1.6673094464720152e-05,5.330034792043499e-05,0.999062199127821,0.0008678274306090168,2
4.6288878559987024e-05,2.5586363818039402e-06,0.9998906707256991,6.048176057963089e-05,2
7.090556579776773e-05,9.399920738228104e-07,0.9998106241969157,0.00011753024374227842,2
0.00012373013146434222,1.2151022871659725e-06,0.9997149255266311,0.00016012923981610058,2
0.00012922633485607733,4.694407290684802e-07,0.9992149901401618,0.0006553140848056944,2
0.00011295004677462251,2.2760563995387032e-06,0.9949667919407503,0.004917981957141596,2
0.0003311281032433718,1.0267793180720321e-06,0.9993887210099375,0.00027912410823172003,2
0.001263884428696169,6.179461551519663e-07,0.9985555076194662,0.00017999000651511867,2
0.005075745627946436,7.241832044327003e-07,0.9948158698306476,0.00010766035786480708,2
0.020432441836997002,5.360241119306998e-07,0.9792929857406943,0.0002740363985202945,2
0.036727624212240545,5.013078832403014e-07,0.963052322713402,0.00021955176531526243,2
0.05246944440283258,4.378301278317178e-07,0.9472419150559428,0.0002882027100432618,2
0.07627057342211728,5.812925076830767e-07,0.9232530436333088,0.0004758016524181939,2
0.09416386292151135,5.82505543345618e-07,0.9004731290443324,0.005362425527311151,2
0.12066102693547859,1.1463342333190925e-06,0.8781342085008605,0.0012036182305918614,2
0.2685802846231833,3.632091129925789e-07,0.7305384143180973,0.0008809378485599986,2
0.5978675312591136,1.2284589965347834e-07,0.4010397942010347,0.0010925516956101387,0
0.83828499877665,3.993863353375687e-08,0.15970354478275237,0.0020114165029537275,0
0.9839352265496586,7.418738246515877e-10,0.01476937331033943,0.0012953993978392572,0
0.9981670124377027,1.5129879223263903e-10,0.0017886774479071508,4.4309963462151916e-05,0
0.9996737315149011,1.1641092532343775e-11,0.0003036433081460441,2.2625166673377297e-05,0
0.9999097040296221,2.8367383237580333e-12,7.771681904744148e-05,1.2579148046740555e-05,0
0.999895110745185,1.2296691105794373e-12,8.48223641306353e-05,2.0066889719599885e-05,0
0.999919249582442,5.64344922752559e-13,6.21564365049906e-05,1.8593981906576195e-05,0
0.9999583308804868,6.083643212657998e-13,2.9117000292539924e-05,1.2552116923483803e-05,0
0.9999265400536639,3.5785542697464277e-12,3.546785175597694e-05,3.7992090431828426e-05,0
0.9996269282232356,2.975552050841058e-13,2.5011461110392384e-05,0.00034806031633676497,0
0.9999439817704309,4.253385362500503e-12,3.364615899339054e-05,2.2372064781404347e-05,0
0.9999077111230587,9.025053411174384e-13,4.5739148229233253e-05,4.65497266322276e-05,0
0.9997016027596143,1.4358839012027629e-11,0.00027700949485216965,2.138772936332903e-05,0
0.9946040737993098,1.1424743388151441e-10,0.005277726567461401,0.00011819952059667974,0
0.9247556328758672,5.06809181905258e-09,0.07499834227746636,0.0002460197776031953,0
0.8654644267525572,2.758907659137742e-08,0.1330655329911207,0.00147001266694029,0
0.7667248944444047,6.387792827154736e-08,0.23266791585608648,0.0006071258226283437,0
0.5725865136186546,1.4349047203149638e-07,0.42685865609778695,0.000554686793226012,2
0.4298828608871373,1.5627462595977775e-07,0.5694678310000056,0.000649151838692438,2
0.2763611234974805,1.8195138479918128e-07,0.7228484748553784,0.0007902196969582792,2
0.11664574805472132,6.113395605848138e-07,0.8827678534941354,0.0005857871099664238,2
0.04159526227188654,1.4834408977699288e-07,0.9527011220178164,0.0057034673648598475,2
0.009939844186774242,1.0189454200330429e-06,0.9897962368830667,0.0002628999832174709,2
0.002539555187544221,9.964429700223324e-07,0.9973684004230895,9.1047946152391e-05,2
0.0007374530854094999,9.206268425802179e-07,0.9992051064860181,5.65198001879962e-05,2
0.00018578480348408987,1.1993011738644998e-06,0.9997605637203245,5.2452176498394776e-05,2
7.851213487069123e-05,1.5286469165281858e-06,0.9998734989041844,4.64603136556978e-05,2
5.6511884668689055e-05,1.7594615556135104e-06,0.9998918836305538,4.984502468459367e-05,2
4.3627258532406327e-05,2.0942096146447557e-06,0.9999117289115304,4.254961872108441e-05,2
4.2121738762174446e-05,2.457831209725553e-06,0.9998734407584513,8.197967129957479e-05,2
5.3235347717622586e-05,2.248208916537639e-06,0.9996784540712015,0.0002660623707858288,2
9.457034248732322e-05,2.3059548500658407e-06,0.9998534579998855,4.966570129789887e-05,2
0.0006695589868348236,1.3105179753732909e-06,0.9992499997393373,7.913075433402384e-05,2
0.004601199781253607,1.099814895751112e-06,0.9952903075685574,0.0001073928355856604,2
0.027479569972559664,7.803881599002046e-07,0.9720601026579168,0.000459546982268517,2
0.14491413953175583,4.800550976375287e-07,0.8544092414989837,0.0006761389151532671,2
0.3754305951257924,1.9265226572839987e-07,0.6232740823085076,0.001295129913865586,2
0.8045873531874015,2.313812823856162e-08,0.19380049360748264,0.001612130065751181,0
0.9501612140675143,3.6505512402223343e-09,0.049514227781990945,0.0003245544990759522,0
0.9957981128947753,2.514098932284019e-10,0.004092079368309022,0.00010980748500250916,0
0.9996336086393943,3.148185619111859e-11,0.00034034253309696164,2.6048795517685246e-05,0
0.9999134879097235,1.4249403236263329e-12,5.3427458851696184e-05,3.308462951702052e-05,0
0.9999383334422216,9.569241295257142e-13,4.5377459144397195e-05,1.6289096651989786e-05,0
0.999867897672309,4.498528740954097e-12,8.684160015739675e-05,4.5260721263203246e-05,0
0.9996622576479351,1.1728003924476023e-11,0.00018586490094716352,0.00015187743988887218,0
0.9992124237248386,6.020200396297256e-11,0.0006725701718866906,0.00011500604158089296,0
0.9955285825228822,8.861201809126783e-10,0.004424332045299396,4.7084546278590206e-05,0
0.9919309460841531,3.6417902132224504e-09,0.007971521227832073,9.752904796634572e-05,0
0.9915162337041902,1.2360836751957679e-09,0.008238109976666267,0.0002456550824440322,0
0.9953220818093248,9.623316133339612e-10,0.004641222815247386,3.669441168356636e-05,0
0.9971042874386433,7.534801086474663e-10,0.002862924805691405,3.278700124804421e-05,0
0.9971427947182617,5.300655820117557e-10,0.002709986164124866,0.00014721858603197548,0
0.9960076221494677,1.3704277543627608e-09,0.00394614481119009,4.6231668168043014e-05,0
0.9960642017139547,6.808610661100235e-10,0.0038836404047036303,5.2157201449019164e-05,0
0.9966737806045114,6.546893703159671e-10,0.003282919364352835,4.329937470876881e-05,0
0.9976712658207715,4.885365133334311e-10,0.002288966353666152,3.976733706417273e-05,0
0.9990916259469385,1.224444173009376e-10,0.0008611063059125685,4.7267623484784987e-05,0
0.9995776438842235,8.40468780818125e-12,0.00039059187225210033,3.1764233549328995e-05,0
0.9999747080288905,4.589145276449425e-13,1.632802738602406e-05,8.963942648265227e-06,0
0.9999762384308303,1.028650198412738e-13,3.8284492493536956e-07,2.337872255738007e-05,0
0.9978949127544304,2.895964375833583e-17,8.307785311239734e-08,0.0021050041677416744,0
0.9999643771858686,3.277730293603964e-14,1.1789895028648987e-07,3.550491652951535e-05,0
0.9999775698275637,1.792050203747932e-15,2.3813933824835794e-07,2.2192031744845583e-05,0
0.9999733177968666,1.3862290681306541e-14,6.191306030846375e-06,2.0490895724268542e-05,0
0.999976167146332,4.630543131060706e-14,1.4640323013917762e-05,9.192530065721728e-06,0
0.9999765857222851,1.2354039163366982e-14,7.717691190844249e-06,1.569658482294972e-05,0
0.999984094843126,1.2753782068133405e-14,5.381778315665692e-06,1.0523379164636634e-05,0
0.9999779748201901,5.3465503479524074e-15,5.628666874718212e-06,1.639651417495789e-05,0
0.999989437824598,5.920039281122962e-15,2.794055421425927e-06,7.768118732479397e-06,0
0.9999800684803648,1.1810889426717185e-15,3.919339487329563e-06,1.6012180296862108e-05,0
0.9999928989670674,6.560447034443447e-16,5.848216251717278e-07,6.516212172363336e-06,0
0.9999926126311057,1.451462733380042e-16,5.141218822528461e-07,6.873245294504809e-06,0
0.9999934767614774,2.1437596406122735e-16,5.4638483875443e-07,5.976852982445766e-06,0
0.9999925887770552,1.9188298620947385e-16,4.710093949349321e-07,6.940211941319723e-06,0
0.9999919911345047,7.555857960858282e-16,1.066600114760777e-06,6.942265423316612e-06,0
0.9999825950276692,1.3151815835866933e-15,1.5584651286714478e-06,1.5846508033235144e-05,0
0.9999700841945166,8.53891351114624e-15,9.097834776562304e-06,2.0817972339619066e-05,0
0.9999938538610578,4.05204178679975e-15,7.823004504794452e-07,5.363840183361356e-06,0
0.9999714940083645,9.39706895980425e-16,2.01535001642316e-06,2.6490641612802217e-05,0
0.9999913449839205,7.733276111252058e-16,6.735286778665534e-07,7.981488394478158e-06,0
0.999993232465548,3.4220452719505166e-16,4.992719601800427e-07,6.2682614011251015e-06,0
0.9999844878914579,1.5801553148299532e-15,3.6368688109742124e-06,1.1875239302482997e-05,0
0.9999871759595511,1.3308582863554932e-15,1.5726362356027912e-06,1.1251403681513821e-05,0
0.9999883653385209,7.0764691293555935e-15,4.816869295366671e-06,6.817793420881111e-06,0
0.9999730755976435,4.023171459789618e-14,1.2334993057485233e-05,1.4589408801787317e-05,0
0.9999508268605057,3.747215931089431e-14,1.4741092225780264e-05,3.44320460594483e-05,0
0.9999660899340365,2.1378038238978296e-13,1.2023079063214371e-05,2.1886987468618176e-05,0
0.999953029041488,6.002031684871623e-15,3.705954676301374e-06,4.326500560413356e-05,0
0.9999728011486735,2.0621423145064838e-13,1.2937495498577138e-05,1.4261355434292554e-05,0
0.9997698346600188,2.2821930711928695e-12,0.00019504485478684036,3.5120481464860665e-05,0
0.9929143920570713,1.2076073133522807e-10,0.006632939821001843,0.0004526680004223696,0
0.3299637936726283,1.6938345365029203e-08,0.6684887045627174,0.0015474848271681675,2
0.0968884586680375,4.333681637491774e-07,0.9025559448838876,0.000555163080686405,2
0.028360008666068547,1.038317877064651e-06,0.9712320776254808,0.0004068753918946264,2
0.01230093469215491,8.717518888439261e-07,0.9867610561424167,0.0009371374126898877,2
0.004603459012445011,7.355830195931006e-07,0.9951489011048792,0.00024690430040720773,2
0.0003773570927223044,1.9691473864649297e-06,0.9994981613399102,0.00012251242061736662,2
5.105967211580501e-05,2.3286733966776576e-06,0.9998245876865247,0.00012202396732721173,2
3.400662829311103e-05,1.7315140938512104e-06,0.9998440670103772,0.00012019484702779684,2
2.2407639820181053e-05,1.168453035505822e-05,0.9999109897834152,5.491804511072601e-05,2
1.365870082991188e-05,0.00039399942487653675,0.9989765704666005,0.0006157714067814034,2
8.699538296514636e-06,0.007735896639727551,0.9917883935545836,0.0004670102683811961,2
4.907084812814936e-06,0.11124526870220786,0.8862484110190272,0.0025014131956309442,2
6.869712397575284e-06,0.4501575472513919,0.5247907585844293,0.02504482445108814,2
1.656121067761958e-08,0.8202191616603616,0.03629560167281837,0.14348522010407402,1
2.9770153882114084e-08,0.9850662542365825,0.004790809405890878,0.010142906585685564,1
1.5508693397496695e-08,0.995319978677946,0.00237739398956541,0.0023026118244560694,1
2.6410855170445453e-08,0.9961822035234663,0.0032969093472929385,0.0005208607196577104,1
3.3986747177944397e-09,0.9975434812766362,0.002229291798440731,0.0002272235248292446,1
1.2489039068826904e-09,0.9989375443136942,0.0008658118912127716,0.00019664254446963826,1
3.937430853465117e-10,0.9993716148927665,0.00024322769610892286,0.0003851570169028575,1
4.66691419534049e-11,0.9990224816587367,9.745000143357584e-05,0.0008800682937668838,1
4.320630977161262e-11,0.999838874440674,3.6816169773307433e-05,0.0001243093447660971,1
3.984613218238026e-12,0.9998536090230045,2.4398872106705495e-05,0.0001219920993627365,1
9.621819101662631e-13,0.9999218117782687,8.482134357187486e-06,6.970608592284325e-05,1
1.1800892070363923e-13,0.9999305351929181,1.9298875533397737e-06,6.753491849387313e-05,1
1.7568071994605753e-13,0.9999393528033843,3.1326739181947987e-06,5.751452247005754e-05,1
2.383770308872335e-13,0.9999342175388668,2.5570633481803605e-06,6.322539929750902e-05,1
8.521524616977073e-13,0.9998701479585536,1.0998426118201614e-05,0.00011885361603872358,1
5.1030152037142835e-12,0.9999063455709738,1.1152055833743878e-05,8.250236633474099e-05,1
5.860960376058561e-11,0.999686566988601,6.555647223865926e-05,0.0002478764794972858,1
1.0330091451674187e-10,0.9989522047008874,6.206193499939245e-05,0.000985733262430571,1
2.367447547395343e-09,0.9993072298152743,0.0002462065635595486,0.00044656125432084915,1
4.380022674567061e-09,0.9981251287905276,0.00041138802879309475,0.001463478802174711,1
5.025025019914154e-08,0.9868960384205882,0.0009650521352205719,0.012138859192527003,1
1.6193082213968818e-09,0.8168561105293441,5.028370168118157e-05,0.18309360415028883,1
1.1567021825189087e-11,0.3805571472529507,2.0414430710389615e-06,0.6194408112938721,1
5.185712797517432e-09,0.9075187635488057,2.7832612231187067e-05,0.09245339865277102,1
2.1098385972247763e-11,0.9621587613439582,4.708099571435266e-06,0.037836530536932284,1
8.02151685189078e-12,0.9993069862723021,6.423488171942498e-07,0.000692371371545263,1
6.496543469921372e-13,0.9998430892309881,6.712166425504852e-08,0.000156843648388451,1
6.721359641189849e-13,0.9986559732369509,8.992002053341962e-07,0.0013431275620688703,1
2.0645936844877534e-12,0.9993995505211452,2.4536971336454826e-07,0.0006002041059625813,1
7.380889484494526e-11,0.9993683727980964,1.1803881635142052e-06,0.0006304467382723311,1
8.294004145162926e-13,0.9707190569779673,2.35400719301634e-06,0.029278589014289782,1
1.1350248455081166e-10,0.9951052149079872,3.954477043111199e-06,0.004890830500932701,1
1.3495244287815625e-09,0.9982919065434313,6.958542154073201e-06,0.0017011335642118095,1
3.7231950230413354e-09,0.9812755744166213,9.121644296539624e-05,0.01863320541544777,1
2.531986452368034e-12,0.01213579489470605,2.375947103480783e-06,0.987861829154728,3
1.3571075018991242e-08,0.6464260064628523,0.00040508943328469054,0.35316889053406436,1
2.7477572939139392e-09,0.9461083930107043,0.00014001288636053059,0.053751591356026654,1
1.644401181843517e-08,0.9939005656928995,0.00011363194070311291,0.005985785922562145,1
6.2818972136390436e-09,0.9925138727899661,0.0003086684691603765,0.0071774524605672215,1
2.306440601284201e-08,0.9828058983849773,0.001300668562633466,0.01589340998819148,1
1.016316554029684e-07,0.9286080855442727,0.014683840491724606,0.0567079723333745,1
1.226401186587467e-07,0.3093745367931807,0.18057391495838934,0.5100514256067062,3
7.873678992066692e-05,0.041163163992483966,0.8779141604128164,0.08084393880569815,2
2.1867864577570695e-05,0.008098262266523007,0.9888133922565493,0.003066477610610309,2
2.721093087760065e-06,0.001978689056640229,0.997160629471808,0.0008579603780662442,2
3.3950690424774e-06,0.0005582899266997956,0.9989336462910848,0.000504668711640578,2
1.3509141588168114e-05,9.145460986609817e-05,0.9995783739293703,0.0003166623197262662,2
6.417187700588545e-05,0.00016861617831574294,0.9945542091407429,0.005213002805071793,2
3.2119040859582755e-05,6.549880246165459e-06,0.7971171893862622,0.20284414169302178,2
1.961562173650436e-05,1.0265656243564222e-06,0.6692078115282661,0.33077154628387007,2
4.252926140191899e-05,4.03225240596223e-06,0.6972421100500128,0.30271132843791454,2
0.000145389714722295,6.68406498991755e-06,0.7909062298732137,0.20894169634742027,2
0.0004932074590895967,1.2394757470102823e-05,0.995741718810528,0.00375267897426394,2
7.452809659346888e-05,1.815415026888467e-06,0.9994914186548272,0.0004322378330154955,2
5.6501548986692884e-05,8.800952064957721e-07,0.9996329980394638,0.0003096203161235637,2
8.645073710529076e-05,1.4114155065344296e-06,0.9998170661562722,9.507169078479655e-05,2
0.00028719613367819366,8.773731711259385e-07,0.9995839094357334,0.00012801705588392955,2
0.000349221777838599,4.5213276251198475e-07,0.9976547049319057,0.0019956211574634437,2
0.00011429309084414484,8.825147944555438e-06,0.9992091434473126,0.0006677383144437391,2
0.0005324873388335556,0.00020244138327900446,0.9823404995868379,0.016924571691868322,2
1.2022752488350507e-06,1.446932402158861e-08,0.0789539919406842,0.9210447913146943,3
8.615261782264153e-05,1.203371837711149e-05,0.18128975156796875,0.8186120620967694,3
0.0001523605833450012,0.00014427573549229022,0.6029421426597202,0.39676122102142564,2
0.00018560550732354245,0.0010075704374871504,0.8450694577568946,0.1537373662969974,2
8.749759787098753e-07,2.790065694664399e-07,0.7778090029190788,0.22218984309987289,2
4.042307681745253e-05,0.00046526165571032823,0.9899194502537503,0.009574865013668091,2
6.701328557618021e-06,0.00012018730487934945,0.9986524422001385,0.0012206691661402374,2
5.155384389403641e-06,1.9415946471572645e-05,0.9996866848330873,0.0002887438348906729,2
5.315883973630102e-06,2.912119507774319e-05,0.9992859296944765,0.0006796332255348698,2
5.3862842281497795e-06,3.4990990216124885e-05,0.9996635256162113,0.00029609711090534014,2
4.701103946046641e-06,4.512918083022234e-05,0.9998368118302082,0.00011335788432292123,2
4.449874010237733e-06,2.860661052077259e-05,0.9997618043785536,0.00020513913779289544,2
5.5958095343186495e-06,4.3252486251091575e-05,0.9997964816009991,0.00015467010319063882,2
2.607397198892947e-05,1.3289396469955906e-06,0.9987484131588772,0.001224183930162232,2
4.5499407607422715e-05,2.5305965051472604e-06,0.9991524262164655,0.0007995437792049702,2
5.5538225525513306e-05,1.668863901869456e-06,0.9998870841026604,5.570880849549393e-05,2
5.986951094722872e-05,2.2587067358072246e-06,0.9998720219126734,6.584986895981681e-05,2
0.0002074610977342013,4.670432491848437e-06,0.9993476521036956,0.000440216365935801,2
0.001814171305042645,9.184093854377653e-05,0.9851775085158965,0.012916479242061683,2
0.0012299271909651356,7.11987145610065e-07,0.12148097887280482,0.8772883819474887,3
1.5008959567875451e-05,7.217577673115278e-15,1.8440690857404542e-06,0.9999831469723593,3
0.9476080653750663,2.6047654584925464e-07,0.025087830301072266,0.027303843845852157,0
0.9980832454193636,2.690899737595921e-11,0.0003487493399349698,0.0015680052139955747,0
0.9999520481216126,2.462708992574707e-13,8.772020116886167e-06,3.917985971676161e-05,0
0.9999909448170713,4.206402078159757e-16,3.3281220446195025e-07,8.722369218678924e-06,0
0.9999946703934399,4.7915044709769e-16,4.307023511718782e-07,4.898905359933408e-06,0
0.9999842586550816,1.3271152789615297e-14,8.702036833580169e-07,1.4871139563529906e-05,0
0.9994684295797787,1.1822349433944795e-16,6.415067631496664e-07,0.0005309289141472168,0
0.9999854524688511,4.597923685731355e-13,7.932145574804458e-07,1.3754315038496993e-05,0
0.999856778953304,1.6889560405778174e-14,6.329980533352973e-07,0.00014258804916604837,0
0.9996680508294419,1.6502329294025328e-14,1.2631848837017197e-06,0.0003306859845839936,0
0.9999547057558591,1.5114552851451633e-13,2.4259793358581272e-06,4.286826616101559e-05,0
0.9999664632035395,1.1246951495241177e-14,3.4092475274611942e-06,3.0127547410926594e-05,0
0.9999664313031738,1.3550348003189097e-14,3.7839806305998128e-06,2.9784715908440783e-05,0
0.9999763283267925,2.9138410334381057e-15,1.1302408409869108e-06,2.254143104844911e-05,0
0.9999856602089923,5.70883824321649e-15,3.198007359648857e-06,1.1141783240531191e-05,0
0.9999745828237486,1.8324612773802375e-14,8.341601226797816e-06,1.7075573589944965e-05,0
0.9999598193058755,1.1616018328657612e-14,5.823664988231201e-06,3.435702971477535e-05,0
0.9999720720123172,2.5684843576647546e-14,7.3614620398716365e-06,2.0566527163667932e-05,0
0.999984337699844,1.3463064553761602e-14,3.962871100780358e-06,1.1699430421669604e-05,0
0.9999791289223849,1.6088004455149784e-15,1.3670418736602518e-06,1.9504035297417826e-05,0
0.9999859518215963,8.000097493319098e-15,4.255194317560342e-06,9.792984440814944e-06,0
0.9999871616697538,5.628002388794752e-15,9.727538241384988e-07,1.1865574606382753e-05,0
0.9999400078729019,7.535928639387205e-15,1.1500663833743531e-06,5.884206138756899e-05,0
0.9999139072706393,2.430207120982313e-14,5.123237091015705e-07,8.558040624186238e-05,0
0.9997325053444992,2.343570982093333e-17,2.4833178612783844e-08,0.00026746982113039864,0
0.9999849028984527,1.9949900509480217e-16,2.3378826800903005e-08,1.5073721324366463e-05,0
0.9999917194852017,1.1274802186804197e-16,4.955115529837207e-08,8.23096206047347e-06,0
0.999986326611892,1.3647409467550447e-17,4.021521431745737e-08,1.363317371608085e-05,0
0.9999939652953079,3.4470431410266924e-19,1.9849672930566953e-10,6.034505978935371e-06,0
0.9999951607468341,7.990458162879033e-19,1.1068092100586225e-09,4.838147087664074e-06,0
0.9999938971454646,2.8752891849581382e-18,3.0966233179756354e-09,6.0997590511678585e-06,0
0.9999815956855082,4.3498524523581854e-16,7.275370487386843e-09,1.8397040585498277e-05,0
0.9987620178396284,1.0716861146453247e-19,1.0820612869470413e-08,0.0012379713410137125,0
0.999983035222816,1.0010445695395304e-15,3.675526559125999e-09,1.69611005135083e-05,0
0.9999803231993204,8.869178491362832e-18,3.783676909541387e-09,1.967301806810443e-05,0
0.9999915507862596,1.0428554964468679e-17,3.93157134422677e-09,8.445282200881754e-06,0
0.9999899658863357,6.563571266315597e-17,5.650112331010456e-09,1.0028463982264342e-05,0
0.9999019792216488,3.719717859257394e-18,1.6767595161531836e-09,9.801910069376974e-05,0
0.9999856288900824,1.879440731285633e-18,4.663892948524503e-10,1.4370645262871294e-05,0
0.9999953823532653,1.0953157920818486e-17,4.01484863154107e-09,4.613633411515849e-06,0
0.9999847876744961,1.9913257212736922e-18,5.584053119015969e-09,1.520673974803026e-05,0
0.9999942726445019,4.538740727194776e-18,6.5141929244631915e-09,5.720840215226499e-06,0
0.9999949171817234,7.649803648164551e-18,1.0897997791807332e-08,5.071918858542092e-06,0
0.9999914253461801,9.148618740409493e-18,1.594042498670445e-08,8.558714305281186e-06,0
0.999988585444616,3.4934431541016604e-17,1.6545386653482002e-08,1.1398009826309488e-05,0
0.9999793765617403,4.1350259963886914e-17,6.388871357568614e-08,2.0559550703849185e-05,0
0.9999931603649366,3.05960991381549e-15,1.6523499763535335e-07,6.674399750698674e-06,0
0.9998477366197295,3.602102507486546e-17,6.962255954269274e-07,0.00015156715511004503,0
0.9999838883292891,1.1633162812817573e-14,6.737150330776117e-07,1.5437954920054537e-05,0
0.9999828409107694,1.7334178208196855e-13,5.687747346762358e-06,1.1471343132294387e-05,0
0.9996897574321262,1.443867766945201e-14,2.1201343409117643e-05,0.0002890412242359529,0
0.9986039778605957,2.6508040607902596e-10,0.0013130383232930955,8.298355171659812e-05,0
0.9850366047296767,9.527340523479502e-10,0.01485904127634608,0.0001043530414780034,0
0.9146357391299755,4.90123668593586e-09,0.08500951293338,0.0003547430368059572,0
0.6854031218102302,3.254581604637474e-08,0.3136196672434015,0.0009771783993566064,0
0.35557166502968535,1.719833714488257e-07,0.6434839827406555,0.0009441802455090039,2
0.09957866354151079,6.012317040827547e-07,0.8999314445975204,0.0004892906301632382,2
0.014831658636751914,1.0669635893201222e-06,0.9847116566504351,0.0004556177501146811,2
0.0028189958065153392,4.1939678608762455e-07,0.9941001680690545,0.003080416728888081,2
0.00013042529820351967,3.582771587372343e-06,0.999505042699763,0.00036094922868599175,2
5.665155672695367e-05,4.151552623451867e-06,0.9998617570085301,7.743988256583518e-05,2
0.0004420673528809285,9.343822653314289e-07,0.9993614982325901,0.00019550003199644367,2
0.0009346778805376575,1.5534624168146196e-07,0.9954477287127333,0.0036174380619621136,2
0.0012832391941386594,6.382883681205777e-07,0.9985092978812327,0.0002068246379626327,2
0.0010696233941354105,5.582810047901525e-07,0.998765407659598,0.00016441066427279406,2
0.0006825755353432398,1.9378307505428734e-07,0.9990034964549396,0.00031373422766793857,2
0.0002568395500398003,6.248095008574673e-07,0.9996215419757024,0.00012099366560140209,2
9.917207762838334e-05,1.7013239428381871e-06,0.9998160631676334,8.306343197414229e-05,2
4.866810565041415e-05,1.2882913308000424e-06,0.9998613903692158,8.865323213899008e-05,2
4.61791833412291e-05,2.1817879188037343e-06,0.9998171628324269,0.00013447619615477828,2
4.786145311858329e-05,8.547304815583997e-07,0.9995125563629323,0.0004387274540783495,2
6.984147389292574e-05,1.3042782736375175e-06,0.9998272634779383,0.00010159076862425484,2
5.660562088853485e-05,9.444399662209385e-07,0.9998580105317899,8.44394065233006e-05,2
4.559319205435248e-05,1.7146998473078552e-06,0.9998967759912912,5.59161169636296e-05,2
3.1241885192960254e-05,1.8601247408507387e-06,0.999877633803801,8.926418795541908e-05,2
6.470157023477616e-05,1.3775940528477785e-06,0.9998542791681371,7.964166896905171e-05,2
7.372997033601892e-05,1.4211181261867237e-06,0.9998746127311874,5.023618203346118e-05,2
9.563318047518354e-05,1.8697679655596876e-06,0.9998500592127835,5.243783897775184e-05,2
0.00039486751632777424,8.940126015160417e-07,0.999073252198302,0.0005309862720119082,2
0.0030268530323814794,3.4446031026467046e-06,0.9967732000079487,0.00019650235774246188,2
0.04767190795839555,1.0225992430566767e-06,0.9499028275851654,0.0024242418559922776,2
0.2929706547792363,4.966074543675948e-07,0.7046021099481202,0.0024267386645218762,2
0.5748885681140729,3.9768183881009164e-08,0.42041927295183895,0.004692119165384143,0
0.6005736604872122,1.261032465045221e-07,0.3990968565119088,0.00032935689938766406,0
0.608233115673343,1.5553070435845654e-07,0.3915117088080056,0.00025501998619088844,0
0.6133933830995206,1.6534492994959893e-07,0.38647703698155966,0.0001294145728505816,0
0.6117465185728866,2.9072967885201525e-07,0.3880519496502681,0.0002012410488171899,0
0.646017590541082,2.648172050451863e-07,0.35365553352935164,0.0003266111125274981,0
0.778607046791283,3.4699671578490135e-08,0.22076251925233664,0.0006303992571032274,0
0.9329567364206125,2.0777954363266545e-08,0.066695583870842,0.0003476589294689888,0
0.9712783224382191,3.334070597264416e-09,0.027999600396849164,0.0007220738326385028,0
0.986553990023526,1.6768115300237975e-09,0.013261466152865168,0.00018454214690071465,0
0.9967384211169247,3.080451288640027e-10,0.0032216946963196103,3.988387761780534e-05,0
0.9990115161752372,7.74499591931131e-11,0.000965083895675954,2.33998516645273e-05,0
0.9997662240252809,1.0084190108843138e-11,0.00021533711344001502,1.8438852892445412e-05,0
0.999902151561291,3.2882312382695485e-12,8.468051736539519e-05,1.3167916410146867e-05,0
0.9998906462556916,1.964341720972838e-12,7.78228692164034e-05,3.153087386192926e-05,0
0.9998824096277005,2.429485111915497e-12,8.307497606069067e-05,3.451539282111595e-05,0
0.9999092735247133,8.218245630322333e-13,5.440075780699967e-05,3.63257162957493e-05,0
0.999940539833683,4.511967764753514e-13,4.487792223622508e-05,1.4582243725640082e-05,0
0.9999436340101133,6.531599265970144e-13,4.4802050899494555e-05,1.1563939568484016e-05,0
0.9998776704774159,1.1726779300869974e-12,9.10699363819006e-05,3.125958472625419e-05,0
0.9999114076336558,3.126021440494088e-13,2.1827194385718618e-05,6.676517017147912e-05,0
0.9999696580290536,1.4036902762625052e-12,1.6403045481547255e-05,1.3938923483728244e-05,0
0.9998040956866675,4.4759976620645144e-11,5.382615083829792e-05,0.00014207811706485555,0
0.9872667480231222,4.099236361312986e-16,8.084928858216377e-06,0.012725167048817529,0
0.9997917159243659,2.100079883761188e-11,2.9154558829134726e-05,0.00017912949559223211,0
0.9999691485857272,1.898510102399112e-13,7.315148873010475e-06,2.353626456764404e-05,0
0.9999798584094878,3.797469119450545e-15,5.692951091062192e-06,1.4448640646349048e-05,0
0.9999956225933914,8.351997526392377e-18,5.597550980504477e-09,4.371810114957948e-06,0
0.9999944206621089,2.7711309792718274e-18,1.0201669652352221e-08,5.569135676266131e-06,0
0.9999952306720888,2.400811910847606e-18,7.177584341525166e-09,4.7621516772710716e-06,0
0.9999953434161587,3.9027588926241945e-18,9.580395890560108e-09,4.647002174444608e-06,0
0.9999921843423925,2.2227073146984976e-15,1.4133895865764502e-06,6.402269304298788e-06,0
0.9999590858936214,1.233709754275236e-16,7.088455222979751e-07,4.0205261296232866e-05,0
0.9999926627911883,3.426454909086747e-15,1.4369545807401903e-06,5.9002553881179845e-06,0
0.9999901713209587,3.36455528913361e-15,3.331279795083545e-06,6.497398408845943e-06,0
0.9999508188900862,1.8602679644164395e-13,3.7643620978236434e-05,1.1537489642499525e-05,0
0.9983163008681327,2.6226660025278986e-11,0.001656682604316877,2.701650233086786e-05,0
0.9921056906434922,6.556784723791162e-10,0.007846506693782106,4.7802005415689375e-05,0
0.9739793298456124,5.52092053621007e-09,0.025918503592242386,0.00010216104132048713,0
0.9630552036457857,1.3891866446216526e-08,0.03686347718436481,8.130527912296883e-05,0
0.9540245767158381,2.3567168310311343e-08,0.04589159871624273,8.380099992669055e-05,0
0.9516994325161638,6.311673366414821e-09,0.048178244133874344,0.0001223170367995336,0
0.922293366163877,1.164918145090703e-08,0.0774419913959778,0.00026463078918397286,0
0.7413944790156132,2.7253155145657336e-08,0.25772025962925016,0.0008852341023937305,0
0.06553849501202323,6.150994148140576e-07,0.9336186769953946,0.0008422128940330533,2
0.003877610389099903,3.4922913436075844e-06,0.9959934547274566,0.00012544259155203516,2
0.00021856924503222932,3.956584763680355e-06,0.9997318066541326,4.5667515900270225e-05,2
2.7620327553165804e-05,4.668768145574771e-06,0.9999200281164594,4.768278771658231e-05,2
1.0390278262472057e-05,8.439075696062416e-06,0.9999143082396862,6.686240734781405e-05,2
1.4375035771908316e-05,6.998174498996463e-06,0.9998983169612555,8.030982899434041e-05,2
1.2430417884772113e-05,5.685141959822333e-06,0.9999131788574688,6.870558364222777e-05,2
2.294701242286358e-05,1.4332208154637714e-05,0.9998943348496362,6.838592872123562e-05,2
1.7689361152643144e-05,0.0005410968345914044,0.999066194811699,0.00037501899253832434,2
8.261261977073625e-06,0.016175648639350226,0.9752903774976167,0.008525712601260307,2
3.9023338350317845e-07,0.32192463825590517,0.6701674504148637,0.007907521095286045,2
3.114413174258581e-09,0.9875392899614204,0.008597045594349897,0.0038636613303234283,1
2.8342116937919736e-11,0.9995280580671577,8.258143949825451e-05,0.00038936046634775273,1
6.733108002731628e-13,0.9999074123780292,2.999938168678883e-06,8.958768467559826e-05,1
2.302934743121321e-13,0.9999442894353,1.7442067238092842e-06,5.396635819938995e-05,1
5.206618576101435e-13,0.999879484153401,2.497366220324368e-06,0.00011801848093078124,1
4.503819176015407e-15,0.9994992463831374,8.057454376010503e-09,0.0005007455611522217,1
2.2024494498484754e-15,0.9995314944860036,4.33707284476352e-09,0.00046850117718999517,1
3.204480011701526e-15,0.9999450304578484,1.0337801793668397e-09,5.49685068056167e-05,1
1.2619788254700689e-14,0.9998134870027459,1.518829472820527e-09,0.0001865114788988786,1
3.0955840419808433e-15,0.9937075324223195,4.677419577193726e-09,0.006292462898764744,1
2.1484613881545135e-14,0.999355347201557,3.1119811640177437e-09,0.0006446496850846982,1
1.8190784754671065e-15,0.9999344906603852,1.9208889811819972e-09,6.550741855670349e-05,1
3.567723790829028e-17,0.9999342959139672,2.920812925770251e-10,6.570379465586595e-05,1
6.420696789720492e-17,0.9999540629506892,3.3616987490755957e-10,4.593671236994435e-05,1
3.296586325098475e-17,0.9999415731806682,3.718218433676055e-10,5.842644841433715e-05,1
6.498885856252678e-17,0.9999456182466866,5.513468170019274e-10,5.4381202045133594e-05,1
7.603517079403297e-17,0.9999461946423337,4.079055358441111e-11,5.380531800652512e-05,1
1.1871891085369014e-16,0.9996038782504126,2.451341717483946e-10,0.0003961215027223385,1
4.561842164947534e-16,0.9998672388488481,5.094479423251165e-12,0.0001327611462946436,1
2.3121268793488783e-17,0.9986040203146673,9.031671927526702e-12,0.0013959796774746448,1
1.5933175448315662e-16,0.9997164600626255,5.5556049386520375e-12,0.00028353993309885114,1
1.9283589300779036e-17,0.9997970875614648,5.845069295208168e-12,0.00020291243240918978,1
3.587760304510937e-17,0.9998896803183542,2.5197054192275954e-12,0.00011031967866704803,1
7.740709847620442e-19,0.9996486532911486,2.5761160722912337e-14,0.0003513467089633457,1
2.38126461313222e-18,0.9995956504176635,4.134523837043453e-14,0.00040434958071428805,1
2.0455461017187923e-18,0.9997970668255564,1.869927594201679e-14,0.00020293317368861354,1
5.696372193164733e-19,0.9998034610494033,1.2773599654634862e-14,0.0001965389519077892,1
6.996007443539914e-19,0.9998342737206455,1.5357158757075255e-14,0.00016572627899525351,1
1.4133570887733709e-18,0.9998273239270663,7.951431158047186e-14,0.0001726760742907211,1
3.4831323785354656e-18,0.9998737660763237,8.14017942331359e-13,0.00012623392427493625,1
1.3917398106813717e-18,0.9999217228693847,7.236307197551105e-13,7.827713170391502e-05,1
4.7046262216806457e-17,0.9999535656073879,3.465446852107945e-10,4.6434045187481344e-05,1
6.229394332944297e-17,0.999957463077181,8.544540325089396e-10,4.2536067592657214e-05,1
5.64215978859284e-17,0.9999564040416775,9.511671971411621e-10,4.359500605221112e-05,1
1.9088185981835804e-16,0.999955767925363,3.384313170138528e-09,4.422868962137844e-05,1
5.968780500245249e-17,0.9999555913311469,3.492790567647475e-10,4.440832084833623e-05,1
5.657992870070094e-18,0.9999219074787365,3.8146499718667377e-11,7.809248162221755e-05,1
8.222556297187138e-17,0.9999495777244641,7.358303050907755e-11,5.042220169923617e-05,1
1.0799852926188485e-15,0.9997810473353543,4.35607656078906e-08,0.0002189091023472219,1
5.136451950733775e-15,0.9999521658773467,2.7705603390366578e-08,4.780641872882801e-05,1
5.641763296220418e-16,0.9999533911016631,5.5632903992405835e-09,4.6603335317627025e-05,1
3.1180553687039556e-16,0.9999194370105435,6.0197114347664435e-09,8.055696912876692e-05,1
3.991077767779442e-16,0.9999542533501333,3.088990280175745e-09,4.574356185081093e-05,1
1.007350915326936e-16,0.9999463946003754,2.4280090228760335e-10,5.36051582249734e-05,1
7.114202229997368e-17,0.9998063001233326,3.855432319491229e-10,0.00019369948987956373,1
1.2603027320414187e-15,0.9998633053740876,6.23658745679043e-09,0.00013668839080434645,1
3.953934237554108e-15,0.999931180522098,2.666851987001926e-08,6.879281024825638e-05,1
3.605873956839732e-14,0.9999422148391878,6.143321010885345e-07,5.7170827270626754e-05,1
1.3634897565933914e-13,0.9999352973405765,8.801980367283297e-07,6.382246024376866e-05,1
5.1733979137384444e-14,0.9997808776971879,8.951139621846908e-07,0.00021822718762352157,1
8.291286369830817e-14,0.9999285358097117,6.542902500695329e-07,7.080990045096457e-05,1
3.932876396759271e-14,0.9999549559756528,5.563893333076325e-07,4.448763341734278e-05,1
3.1333975780768723e-13,0.9999204918053645,1.2063637372357694e-06,7.830183238344171e-05,1
2.4438125169941516e-14,0.9993953763797672,9.212693815499244e-07,0.0006037023510925448,1
2.1933866619232068e-13,0.9999363981623566,5.165928396128494e-07,6.30852446202076e-05,1
2.8252507785502337e-13,0.9999341355878749,9.872509277404695e-07,6.487716190744715e-05,1
1.0056462688913964e-11,0.9996438626259937,2.7051152641600574e-05,0.0003290862125498108,1
4.098731796013419e-11,0.9994102236997874,4.649600535050108e-05,0.000543280254031615,1
7.26891067719515e-13,0.9997389231707441,6.755165447977346e-07,0.0002604013127018423,1
1.2069970169627446e-11,0.9998446252222555,6.115511873493182e-06,0.0001492592524221566,1
4.942088502418689e-11,0.9987967938207349,7.040693028889696e-05,0.0011327992002189999,1
7.546096226119021e-09,0.9985521230782177,0.0010447850509043932,0.0004030843246972056,1
1.7537465947916063e-08,0.9867979997792433,0.011711902257145313,0.0014900804274889624,1
1.1771319770297201e-07,0.912540211931539,0.08047843709826019,0.006981233256456044,1
7.647480197256771e-07,0.5289850942354364,0.461009726152387,0.010004414864404695,2
2.4700668064950746e-06,0.2894411091426582,0.7028399763621909,0.007716444429784599,2
3.5553711974101138e-06,0.08673272409917383,0.9104112351333508,0.002852485395469103,2
4.334820741712677e-06,0.02123327624734064,0.9768574806301521,0.0019049083011570308,2
3.799540637344512e-06,0.004682082613347246,0.994825014156017,0.0004891036892480486,2
4.855452053144916e-06,0.0007829351245390249,0.9989406699906324,0.0002715394344906458,2
5.410134585953562e-06,0.00020810341212267343,0.9996936700540968,9.281639793861981e-05,2
4.479218514224551e-06,0.00011276732760528502,0.999782989385249,9.976406749566974e-05,2
5.221284261162007e-06,7.762426474402313e-05,0.9998140036304615,0.00010315082026991329,2
2.619651029677705e-06,0.00013982403237147451,0.9993344652930154,0.0005230910247029831,2
3.6684298617754414e-06,0.0002241002193122495,0.9996159240923739,0.00015630725804598397,2
3.04143640946333e-06,0.0002705386413672951,0.9995180193039147,0.00020840061715536007,2
5.038622844769975e-06,0.0001103684079892687,0.9997720550864323,0.00011253788129823615,2
4.686040349182307e-06,9.704192658459769e-05,0.9991332140418456,0.0007650579922546837,2
1.7898540644871568e-05,6.548962361155849e-06,0.9998494954798882,0.00012605701707334375,2
4.6059824430347884e-05,1.6059123448901599e-06,0.9998816268488535,7.070741567229694e-05,2
4.5298590209636426e-05,2.0558780945980485e-06,0.999910289229512,4.235630220459444e-05,2
4.262258673080723e-05,1.7616760122436728e-06,0.9999043640387004,5.125169935994265e-05,2
4.3778306288481584e-05,1.410486834873235e-06,0.9998463009655357,0.0001085102396153438,2
4.6512500992673065e-05,1.9835110804496382e-06,0.9999055054988228,4.5998490825337516e-05,2
9.66135877631535e-06,1.355107622848266e-05,0.9999184529151851,5.8334651228575576e-05,2
8.135395265991334e-06,1.642473540748191e-05,0.9999137621750819,6.167769312622682e-05,2
7.520047350545767e-06,2.8032943636165882e-05,0.9998936830329458,7.076397636043709e-05,2
6.6906789140972145e-06,7.29528212767137e-05,0.9998463563961754,7.400010418592615e-05,2
7.2007402690979846e-06,0.0004399295086085881,0.999461697388842,9.117236148367372e-05,2
4.861078679398434e-06,0.004375824892063715,0.9949244214786898,0.0006948925522662659,2
4.59334949210866e-06,0.027736407696162788,0.9716644424984889,0.0005945564540559125,2
2.3539700316216325e-06,0.13883611690978878,0.8593212488967362,0.0018402802232008833,2
1.3295740487989346e-06,0.3765771486689299,0.6210151604499113,0.0024063613073754746,2
8.301998599591067e-07,0.5945211465333579,0.40388943109386305,0.00158859217167123,2
1.0106829110467322e-06,0.613698822005311,0.3855360997996086,0.0007640675108512912,2
8.766285005046362e-07,0.6115773810902455,0.3873926974462015,0.001029044834616272,2
1.055191426225599e-06,0.5703177723848459,0.4277679028667103,0.0019132695555395792,2
1.1926717940359667e-06,0.4617613916196471,0.5309786848717252,0.0072587308379586345,2
2.4180909964273867e-06,0.22959931272641887,0.7488611321140302,0.021537137067675884,2
5.84573545899077e-06,0.15054079818701915,0.8461575224945141,0.00329583358446053,2
3.2142871539728124e-06,0.11723174620666116,0.8807367414094738,0.002028298097549322,2
2.3585362441631514e-06,0.10215520198350758,0.8966229430998371,0.0012194963811102745,2
3.067398801862761e-06,0.06616330564486074,0.9293834986310161,0.004450128324236986,2
4.86679701916616e-06,0.02165830419166983,0.9766183193120733,0.0017185096999258922,2
4.787531345165445e-06,0.007528756362748112,0.9917342184874214,0.0007322376182278618,2
5.7729021854362245e-06,0.004873929665419034,0.9947792018383097,0.00034109559554889083,2
3.829967094740311e-06,0.005124190852996149,0.994661024201311,0.0002109549776981466,2
3.1917809591852717e-06,0.006069910011094526,0.9936913631556697,0.00023553505274764638,2
2.4420330197159424e-06,0.007302512134124495,0.9921155921981996,0.0005794536351225545,2
1.8429201042077309e-06,0.007203872387426124,0.9904498849134175,0.0023443997786464893,2
3.614383354810189e-06,0.005637006836729932,0.9934657814281767,0.0008935973501064088,2
3.308744979798574e-06,0.0038317325514608002,0.9958055664529482,0.000359392251646336,2
3.3431454350351023e-06,0.0023169216687600374,0.9972971517376013,0.0003825834479665543,2
3.839791370459333e-06,0.0012201576500853865,0.9985182206947181,0.00025778186269539397,2
3.508225290256253e-06,0.0005890847944643373,0.9991972750489218,0.00021013192986413956,2
4.1270191645304545e-06,0.00019519992345231167,0.9996187261514783,0.00018194690444677618,2
1.1674464572807446e-05,1.5258140120202203e-05,0.9999191381856193,5.3929210581748834e-05,2
8.942689138400584e-06,5.920714473177641e-06,0.9998579050563025,0.00012723153914257832,2
1.1356144639842429e-05,8.955171027693277e-06,0.9998589571708768,0.0001207315145045913,2
8.659542652707416e-06,1.4440841690680065e-05,0.9999051539287335,7.174568680124862e-05,2
1.6343281517924582e-05,6.020502655018833e-06,0.9999295954704905,4.80407455149737e-05,2
1.837150699670897e-05,3.0129437917283324e-06,0.9998143806987352,0.00016423485028702463,2
6.5437907332521686e-06,3.1139414641894714e-05,0.9996726104089799,0.0002897063849826714,2
5.460047528112342e-06,9.809716091805074e-06,0.9989500678384455,0.001034662398213827,2
8.40911422750938e-06,0.00031316417857973406,0.9993414293260345,0.00033699738180893116,2
4.2778661789287175e-06,0.0041569512939742224,0.9949367693534509,0.0009020014862366687,2
5.568277662462187e-06,0.03619628419926881,0.961092864952145,0.002705282572624785,2
7.005534672426372e-07,0.17648901189975974,0.8142228687658807,0.009287418780772064,2
4.635379799607218e-13,0.994037950292728,2.959252899238627e-08,0.005962020114362505,1
7.891665700296282e-16,0.9990442198312082,2.3268325564379852e-11,0.0009557801469449548,1
2.0397336638586825e-16,0.9999243589205676,1.664275029057997e-11,7.564106265773858e-05,1
3.410031425253191e-16,0.9998844572763774,5.836954541966825e-11,0.00011554266444452139,1
1.2167470551752641e-17,0.9986239015011323,1.540378290960006e-11,0.001376098483381193,1
2.294716144668241e-16,0.9998879688759967,1.283798458173237e-11,0.00011203111036423442,1
2.0478694724105725e-17,0.9998902165410675,2.7190553233577172e-11,0.00010978343099803016,1
2.708031403232788e-17,0.9999215078234872,7.337466852433095e-11,7.849210221134616e-05,1
1.947416753628612e-17,0.9999427628873642,7.991416281532608e-11,5.72370317997623e-05,1
4.289629096738221e-17,0.999948041495572,1.7867355172346967e-10,5.195832687838415e-05,1
5.043274764673385e-17,0.999928505009147,2.7128882643085686e-10,7.149471894635638e-05,1
8.329909805208641e-17,0.9999251704343728,8.760253525684971e-11,7.482947710858177e-05,1
1.5813308959598694e-16,0.9998341510792498,1.1303656711627074e-10,0.00016584880769567758,1
1.2428518013966548e-14,0.9995254000250651,2.227908409785927e-10,0.000474599753643167,1
7.0303914325633104e-15,0.9869002242569483,2.28712619718982e-09,0.013099773457642393,1
1.4043336952003014e-13,0.9940539363425006,2.554873385464569e-09,0.0059460611010703785,1
2.0548085932522976e-14,0.9982669153607041,4.2321176355949333e-10,0.0017330842153774684,1
2.0472202899668541e-13,0.9994268178276015,6.317122670753568e-10,0.0005731815392506184,1
4.1916565717694487e-10,0.989669722340423,1.9353342729413625e-05,0.0103109238993935,1
2.625847170383944e-09,0.6730912099084334,0.00012508278598985777,0.32678370467834367,1
1.540208345342285e-25,3.5231048477393115e-22,9.324836851231532e-23,1.0,3
1.7015052239154625e-08,0.000626739255233198,2.9381229666037035e-05,0.9993438625010492,3
1.4462267188763525e-06,0.06397063146954643,0.014784994404207307,0.9212429278977762,3
3.438833448718648e-05,0.26411935795941566,0.37870084595700915,0.35714540774885634,2
2.182481582883862e-05,0.2667640335138088,0.6711279850290681,0.06208615664037628,2
7.0877679529298015e-06,0.16089114133450777,0.82894063669793,0.010161134199903657,2
6.633303823089515e-06,0.02623721542537927,0.9704339562473642,0.0033221950250303103,2
5.474415365450708e-06,0.005363509853804371,0.9942358318283829,0.00039518390106567554,2
4.1546021639373244e-06,0.0014972860587883082,0.9980971499550758,0.0004014093833214609,2
5.241441103814194e-06,0.0003451749335081683,0.9994023304461264,0.0002472531799270722,2
4.858068746068068e-06,6.219856492104709e-05,0.9996946223529422,0.0002383210130760818,2
1.3589391414113843e-05,6.9253984219612866e-06,0.9998838924000829,9.559280894730973e-05,2
7.041423443413257e-06,2.68896009706622e-06,0.999409343679468,0.0005809259366762969,2
2.618391647641053e-05,1.1754143867012017e-06,0.9998051824805486,0.0001674581898760483,2
8.541335083679745e-06,1.0102788128528991e-05,0.9998893482730631,9.200760554296724e-05,2
9.27998267875032e-06,7.172359666630211e-06,0.999638836120594,0.00034471153600703746,2
5.717622281430029e-06,1.0933653330295104e-05,0.9996022240707743,0.0003811246524459108,2
5.700809261278893e-06,1.4569712442573582e-05,0.999742287631918,0.000237441845062738,2
8.517645773181174e-06,1.4149539142150406e-05,0.9999094689319477,6.786388223508755e-05,2
1.1493891311448821e-05,9.853507769227054e-06,0.9999211888342167,5.7463768464072e-05,2
1.2832667829402974e-05,7.720407583198256e-06,0.9999271868280755,5.226009774485222e-05,2
1.3003971638546574e-05,7.297078764241411e-06,0.9999253788604306,5.432009076914582e-05,2
1.8574554606554806e-05,3.888102715549789e-06,0.999928341664677,4.9195679178881036e-05,2
8.627647826413936e-06,1.118941504140451e-05,0.9999000799954335,8.010294037136002e-05,2
1.9442286218013775e-05,4.342709430708529e-06,0.9999056306152878,7.058439067111033e-05,2
2.2412020946262084e-05,2.8021508606240855e-06,0.9998996446311788,7.514119716233719e-05,2
9.286461500674218e-06,9.470139929516615e-06,0.9999076333466154,7.361005101485393e-05,2
2.3362726988949862e-05,8.498861527504389e-06,0.99988696122562,8.117718599701267e-05,2
0.0005304429179215424,2.062175179439406e-06,0.9992132040095524,0.00025429089840653835,2
0.005699822278846943,1.6177331236369615e-06,0.9939700893009601,0.00032847068845561855,2
0.029002973968143515,5.520168909141063e-07,0.9683862306150948,0.0026102434007368052,2
0.37313061382747914,1.4594389193091952e-07,0.6252169012286979,0.0016523389993439992,0
0.5805844333546978,3.2274021698781753e-07,0.41840017127722184,0.0010150726281678076,0
0.8429441624558015,8.698425321453129e-09,0.15062910354292436,0.006426725302114909,0
0.9946608646193977,1.2093904681384401e-08,0.004383468846402044,0.0009556544400765022,0
0.9959904237155346,2.845086902939524e-10,4.085954168592487e-05,0.003968716456879192,0
0.9737487961013616,1.2246105942581638e-09,0.00017187543142956275,0.026079327242320652,0
0.06651862243534279,7.502872788367204e-11,6.483466191823392e-05,0.9334165428294992,3
1.3179956214641125e-10,4.958344607985466e-22,1.4303514818822948e-14,0.9999999998690328,3
1.1711997280844564e-09,1.3745159452363874e-20,2.1856064233115948e-14,0.9999999988285708,3
0.6534523398075829,4.343111765761675e-09,2.9569492841246618e-05,0.34651808635571374,0
0.7102081302351093,5.712124648117063e-13,2.933077618843716e-06,0.2897889366851676,0
0.9910790670656411,3.6771062884568236e-12,5.077578639357822e-06,0.008915855352665534,0
0.9999272758975046,7.316954295165131e-14,3.3809094392808035e-07,7.238601103467524e-05,0
0.9999941992414266,6.711192218451977e-16,9.973958432688122e-08,5.701020620161744e-06,0
0.9999896934954429,1.2665312568153025e-17,5.2481416580323725e-08,1.025402439907027e-05,0
0.9999939749649973,1.297549710808548e-16,2.6429834719185334e-08,5.998605184695153e-06,0
0.9999554060898719,4.179789158819123e-15,2.275232543086754e-08,4.4571156421398746e-05,0
0.9945768386528661,2.052998479859356e-12,3.391704591728382e-06,0.005419769642135706,0
0.01748290215533038,4.339593934371785e-17,5.30129057255371e-08,0.9825170448320765,3
0.973973288290611,3.6387127914305735e-10,0.00019511671996129865,0.025831594626947705,0
0.9993565676190516,3.2477341661804455e-10,0.00010111055795860933,0.0005423214975704234,0
0.9998946010852057,9.608457924002659e-13,2.8333001470523876e-05,7.706591295534245e-05,0
0.9998703562749297,9.04637454787547e-12,0.00011053544078039174,1.910827348997649e-05,0
0.9965486797663896,6.250566945905006e-11,0.0032712207531453473,0.00018009941934120092,0
0.8320007154291286,1.6968763009449605e-09,0.16225536780835462,0.0057439150656320844,0
0.10025511508789124,8.67748721280758e-07,0.8977040026131232,0.002040014551863557,2
0.00775024161832741,2.1597100377258985e-06,0.9890890433436521,0.003158555327449742,2
0.00030693080291363105,6.855574345534546e-06,0.9995842219499547,0.00010199167126732194,2
3.3226379125524306e-05,5.2775608690759055e-06,0.9996386103710092,0.0003228856897975674,2
3.04389508231468e-05,8.321866809082767e-06,0.9922678347800876,0.007693404403177252,2
2.2218426967249618e-05,6.266455831004155e-06,0.9845309606658983,0.015440554452401221,2
1.9845352435535366e-05,1.2924241473128523e-05,0.9419923241599643,0.05797490624623781,2
4.671401884406381e-05,1.5401653139485117e-05,0.9976735114500442,0.002264372877986173,2
9.005160105445202e-06,2.1172831350448403e-05,0.9996265283731363,0.0003432936356048371,2
1.3417873920714456e-05,3.278265430519303e-05,0.9988414214803925,0.0011123779909980932,2
1.0975327541875732e-05,1.0450004767269661e-05,0.9693302807922702,0.0306482938759735,2
3.5339912128707656e-05,4.309308001147751e-06,0.9986223240947434,0.00133802668599933,2
9.078971546260236e-06,5.768332309774478e-06,0.9997838306020248,0.00020132209315921969,2
6.846692585322204e-06,1.258872357809264e-06,0.9991718018250675,0.0008200926099067756,2
1.8482484358395623e-05,5.112044057326044e-06,0.9999054690133441,7.093645669239604e-05,2
1.3711783961816032e-05,2.6318816274134958e-06,0.9997536445395945,0.00023001179370798927,2
1.3373367863863739e-05,4.023995886498481e-06,0.9998489115486664,0.00013369108689225185,2
9.571498799837435e-06,8.946638050590024e-07,0.9988260033719122,0.0011635304671141443,2
2.5826346875326768e-05,3.993703444338158e-06,0.9998932450924246,7.69348568711752e-05,2
1.9685173496019162e-05,6.5813726569597876e-06,0.9998578166587081,0.0001159167939399133,2
2.493385063366001e-05,3.377241711617398e-06,0.9985891587497864,0.0013825301561672363,2
3.7719389499918026e-05,2.3275801023635592e-06,0.9998993128626747,6.064016895636481e-05,2
2.5922696773002702e-05,3.173269237176078e-06,0.9999231697232199,4.7734309467680784e-05,2
1.8215564680714498e-05,2.7393955761351738e-06,0.9998787785872189,0.00010026645222832734,2
1.3003781234146851e-05,1.8319711692673885e-06,0.9996341324220015,0.00035103182716912315,2
1.7497987359435506e-05,8.685125952172937e-07,0.9994577861001837,0.0005238474006645811,2
1.2591144408856087e-05,9.777912236547936e-06,0.9998863534755648,9.12774684742666e-05,2
1.0275736002216442e-05,6.9110358967336146e-06,0.9996219680509915,0.0003608451772552621,2
7.754964474486113e-06,5.5786625332812744e-05,0.998677900937086,0.001258557474661652,2
2.369950785295756e-06,3.0699260480750747e-07,0.9776913050418198,0.022306018015721,2
1.7771061592183075e-05,1.710299662780754e-05,0.9993399522370399,0.0006251737037094578,2
9.604904624680601e-06,9.215209458108572e-06,0.9988795745754169,0.0011016053094705899,2
1.085323118511716e-05,1.1337698124230691e-05,0.9991514490516609,0.0008263600200750394,2
6.87578863049977e-06,4.507864965466683e-05,0.9996932418061334,0.00025480375435784654,2
4.0318938700803016e-06,0.00032464140997395563,0.9970139568216758,0.002657369875656607,2
9.331060220186306e-06,0.005949583959331389,0.9846910965359799,0.009349988444239473,2
5.055555688034e-05,0.023216110362937255,0.8711068948511543,0.10562643922915635,2
1.6749603802933427e-10,2.137716290055749e-09,0.0001921301389633784,0.9998078675569262,3
1.9444307449647967e-07,1.341734573468815e-05,0.0012118842083601584,0.9987745040022532,3
9.756745622079806e-07,2.725229816322481e-05,0.03488305229594796,0.9650887197329105,3
2.7933730364539127e-05,0.0010816359824446131,0.5824910682818639,0.41639936200474836,2
0.00014934438889759556,0.00022733442725071388,0.9929634061346609,0.00665991504807947,2
1.5144342894817274e-05,3.0069265497044803e-05,0.9997933342271736,0.00016145216434102725,2
1.0813357048260495e-05,8.470230162875497e-06,0.9998692422162306,0.00011147419655916627,2
9.213183059682587e-06,1.2703473359928906e-05,0.9998999815979445,7.810174623734505e-05,2
1.2621372516173283e-05,2.2993312843282627e-06,0.9997759258575892,0.00020915343777407432,2
1.4936631363007335e-05,6.120266054331995e-06,0.9999313571301918,4.758597328531401e-05,2
1.354948177490907e-05,5.127446101646141e-06,0.9999190648498998,6.22582229170081e-05,2
4.941374920258594e-05,1.4025228865987508e-06,0.9997186203352767,0.00023056339091516862,2
2.7750554801460578e-05,1.4104363630540396e-06,0.9990836047330403,0.000887234275439143,2
3.5070578509080383e-05,2.1883288475448484e-06,0.9998971288570597,6.561223556617611e-05,2
2.041676866070402e-05,1.9016528836655157e-06,0.9998355937288678,0.00014208784877244385,2
2.0410935983857822e-05,4.525434056112769e-06,0.999905852616569,6.921101249159664e-05,2
1.299088507203133e-05,8.057734246042508e-07,0.9994996639595033,0.0004865393833720834,2
3.26546172581412e-05,2.6975800306050627e-06,0.9999092090874054,5.54387147149293e-05,2
8.699389118069509e-05,8.76992421544817e-07,0.999826458459873,8.567065753496373e-05,2
7.506889725518573e-05,3.4421712467014647e-07,0.999697918033467,0.00022666885072829257,2
6.885864592237678e-05,5.135070048738502e-07,0.9997903382478145,0.00014028959854320744,2
7.458334603219791e-06,3.6546471920167943e-06,0.9997738536512274,0.00021503336785634654,2
1.0419819441991772e-05,8.052308005774755e-06,0.9998430150242309,0.0001385128468916827,2
9.956489191962672e-06,5.933150964148961e-06,0.9998780575219971,0.0001060528371601605,2
1.2200649660366925e-05,8.76339277639529e-06,0.9998980024281774,8.103352940476582e-05,2
1.3609092188645357e-05,1.2926126496207444e-05,0.9998166103137244,0.00015685446590030477,2
3.2399477402919046e-06,7.621268010632207e-05,0.9993657435788832,0.0005548037935052497,2
4.097378846522865e-06,4.0991792531593494e-05,0.9997928841968202,0.0001620266329371142,2
6.5054984113236285e-06,4.225121711454461e-05,0.9998426887379013,0.00010855454711442578,2
4.085676883961063e-06,7.938460289275239e-05,0.9990824284426737,0.0008341012758575318,2
4.693966333256228e-06,0.00022188709635579258,0.9951187739044978,0.0046546450328114695,2
6.727257794015015e-06,9.530858647158454e-05,0.9982320543479002,0.0016659098091383784,2
4.592362602106754e-06,1.3218820856153206e-05,0.9973434608089745,0.0026387280072385274,2
7.485906341582361e-06,5.5181908014007014e-05,0.9981736720908011,0.0017636600956016323,2
5.518777984087211e-06,6.82311724279788e-05,0.9923346988574726,0.007591551190413592,2
8.053612573798226e-06,3.456163628186617e-05,0.9918273141295275,0.008130070620614336,2
1.2040102062091668e-05,1.2308822706295259e-05,0.9993255962041792,0.0006500548695076196,2
1.2512364435242498e-05,2.6086498638048118e-06,0.9967430237603547,0.0032418552235837107,2
9.857116277642936e-06,6.49076850639902e-06,0.9975934302811603,0.0023902218335650417,2
1.1420712605689193e-05,2.0830622250777562e-05,0.994844230904013,0.005123517759334725,2
1.2254586351335393e-05,1.3525773243756836e-05,0.9979420797160483,0.0020321399252295584,2
1.4201397128952244e-05,1.6759996429456934e-05,0.9993315098726254,0.000637528733221731,2
3.8035052213480965e-06,1.8531893948051474e-05,0.9858600484151104,0.014117616186998026,2
7.226668407015397e-06,5.668841007902458e-06,0.9946726419390395,0.0053144625514264495,2
6.125363458757386e-06,4.702074902891426e-06,0.9985570134717915,0.0014321590908386997,2
1.058089267181662e-05,1.2877939848764975e-05,0.9998638568564497,0.00011268431275981438,2
6.2000533410888675e-06,3.0406191893799482e-05,0.999861344402451,0.00010204935182449765,2
7.001803859055075e-06,1.8328190846850084e-05,0.9990353233811747,0.0009393466251943538,2
7.128090763664769e-06,6.172359766195061e-06,0.9974805007321381,0.002506198817155367,2
1.0302995997147405e-05,8.684388454003756e-06,0.9997820587707836,0.00019895384354674795,2
1.1874614041403666e-05,1.3736491238876144e-05,0.9998971637380505,7.722515829898851e-05,2
3.077763469751172e-05,5.6443099035925336e-05,0.9989302710687912,0.0009825081965929446,2
0.00026388033136284344,0.00018466993492233122,0.9436816169538073,0.055869832780244245,2
5.932818534843165e-07,5.059424258213451e-07,0.0014913987949592671,0.9985075019800203,3
5.724964506706484e-07,1.8854375658743258e-07,0.0009016387503358367,0.999097600209661,3
0.006544957961276663,3.775691677503939e-05,0.9612424283676465,0.032174856755553746,2
0.0028815621356479745,3.81497117459514e-07,0.9840863805839074,0.01303167578175847,2
0.0023232752306917535,2.1056242050303637e-07,0.9895495764672229,0.008126937738690335,2
0.002107334374460573,1.4235579187890252e-06,0.9969390894841947,0.0009521525831191605,2
0.0014034304771437986,6.798849736150213e-07,0.9882544531018069,0.010341436535655169,2
0.00025324571115022994,1.9705830312130904e-06,0.9989038166818883,0.0008409670239558974,2
0.00012606981845960752,1.233626055358212e-06,0.9996833304802986,0.00018936607429155883,2
0.00012520773250130178,9.229448404109313e-07,0.9998154095542151,5.845976910094189e-05,2
8.137401834693549e-05,1.4607472685387394e-06,0.9998653282960039,5.1836937245814816e-05,2
7.404041046186068e-05,7.464192719323677e-07,0.9995929587364041,0.0003322544338041861,2
4.9984564428285856e-05,1.5470012199502306e-06,0.9998710121540619,7.745628143673999e-05,2
5.429865939046812e-05,4.093584768147074e-06,0.9992309575307913,0.00071065022492349,2
3.674797804875609e-05,1.4437409356655925e-06,0.9912914734762708,0.008670334804504094,2
0.00019854403123395034,3.486887893129577e-07,0.9985977009918451,0.0012034062896464676,2
0.0005327305883201667,9.409222753340224e-07,0.9993385614659871,0.00012776702406541336,2
0.0015575654292195042,3.7559503584328794e-06,0.9972080765560393,0.0012306020660781513,2
0.0035753569961583936,2.9960409043449453e-05,0.9622885334530329,0.03410614914324371,2
0.0006528246743102952,1.6204263769641566e-07,0.3631236206051517,0.6362233926763827,3
0.09394066060566375,7.50995987672274e-05,0.7022839856101717,0.2037002541842632,3
0.13462640619393204,1.8013495124712366e-07,0.6498750360075553,0.21549837766293875,3
0.4400630117037701,7.496777053734811e-07,0.5051988006348062,0.054737437983981035,0
0.6279234938828785,6.398486630495075e-07,0.36665254012015375,0.005423326149381884,0
0.7938656897960161,7.531700253716615e-07,0.19683558863948292,0.009297968394724899,0
0.8969803450619869,5.64809669485505e-08,0.07389737776937705,0.029122220686358155,0
0.9599918840749778,9.250362543368386e-08,0.0366305705554491,0.0033774528675385262,0
0.9749633329372198,1.2186467362180325e-07,0.019109910988978678,0.00592663420793053,0
0.9858409635266872,8.112267699335396e-09,0.003863771241463152,0.010295257121159975,0
0.9960897362117557,5.1264835465939425e-11,0.000700324278549554,0.003209939458991276,0
0.9997666925020688,4.7647429532076614e-11,0.0001366500743930586,9.6657375999105e-05,0
0.9998823655878712,2.478910627331064e-12,7.528843500542307e-05,4.234597339745465e-05,0
0.9999151416113691,8.126058216549985e-13,5.241958800592955e-05,3.24388014830916e-05,0
0.9999393178190645,2.6076546277603817e-13,3.354407089646467e-05,2.713811045077187e-05,0
0.9999707698095542,1.1735953608741323e-13,1.5676236128907453e-05,1.3553955818775231e-05,0
0.999970793441174,1.649324090625454e-14,9.503086523301966e-06,1.970347186259011e-05,0
0.9999781320392697,2.3677677616649927e-14,9.246947411469215e-06,1.2621014280697152e-05,0
0.9999828847513006,3.785490804064988e-14,6.058746013619899e-06,1.1056503437699967e-05,0
0.9998864294206573,3.0867990511282386e-13,7.505994413685229e-05,3.851063560567542e-05,0
0.999943716809485,7.576644531335138e-13,1.519171125468572e-05,4.109147963105493e-05,0
0.9999283215735602,7.850434415068365e-14,1.0058712406779814e-05,6.161971342878654e-05,0
0.999956505260392,4.1712896912312844e-12,2.4412021098912896e-05,1.9082714623103526e-05,0
0.9992176945916945,3.910993042353979e-11,0.0002627264755543187,0.0005195788931499794,0
0.9925760302173077,1.2972005655762972e-10,0.002398305256465213,0.005025664396103815,0
0.8985629042576738,6.80962050186471e-08,0.10083544725350765,0.0006015803944247725,0
0.7435126000809047,2.0924992256672157e-08,0.25506751678753886,0.0014198622078066385,0
0.6010611698188042,1.6337390845744427e-07,0.3975287158128742,0.001409950993005332,0
0.4188403880251101,4.078586934738318e-07,0.5714818413124702,0.009677362803490614,2
0.23706924529624607,6.789750345653428e-08,0.7403772811228615,0.022553405684849166,2
0.16954397315206943,6.803555698786025e-07,0.8283929809312074,0.002062365561304964,2
0.11689290508264923,4.158244451977305e-07,0.879989137914058,0.0031175411802323513,2
0.06489391807320742,1.684405282249752e-06,0.9334985892430739,0.0016058082773977266,2
0.04014520115111372,4.5038875835458515e-06,0.9304580850546778,0.029392209908249322,2
0.031818478441455335,2.937389508838984e-05,0.8520215915078186,0.11613055615383196,2
0.002824719156713885,1.971545203760296e-06,0.16941019983887062,0.8277631094574603,3
0.003012012080319043,1.9250834835104544e-09,0.014671006698098895,0.9823169792957452,3
0.8255472781785393,5.21842169429424e-07,0.06848726790667853,0.10596493207296233,0
0.9538162357659681,4.014150765354651e-08,0.04007071579744335,0.006113008295224263,0
0.9745691411699144,1.3895574391543657e-08,0.025105236990220152,0.0003256079460735238,0
0.9880353992568406,1.5189591955126017e-09,0.01176590559241923,0.00019869363276248776,0
0.9982100057151774,1.3889488107580546e-10,0.00174183531462681,4.815883098184987e-05,0
0.9999346280505773,2.8420538357521835e-13,2.73287826034825e-05,3.8043165908055965e-05,0
0.9999901321548645,5.111747621550315e-15,1.727836709542341e-06,8.140008881723622e-06,0
0.9999908919504433,1.4527187385680045e-16,3.2424814227501147e-07,8.783799631522447e-06,0
0.9999905944392906,3.0087013462323843e-16,3.471507246662663e-07,9.058409196169343e-06,0
0.9999789554308117,7.912506586781068e-15,1.0854637124651807e-05,1.0189931703525813e-05,0
0.9999820071406991,9.840632252777178e-14,9.466374462256862e-06,8.52648292783678e-06,0
0.9998776351933389,2.9877357233392185e-13,3.645208549845045e-05,8.591272051995014e-05,0
0.9998278567372385,1.1012954351783383e-10,6.036126661255386e-05,0.00011178188463947546,0
0.9967772017601401,3.364461605860821e-11,8.08553057267432e-05,0.0031419429007687517,0
0.991962674596838,9.411661296252713e-11,0.00016946086380476117,0.007867864446364144,0
0.9989911972022543,1.1768737356207143e-09,0.0004850422273222357,0.0005237593925118425,0
0.9994858769338598,1.177683986861554e-10,0.0003951845942981353,0.00011893835423133931,0
0.9996618134699228,3.484169614454895e-11,0.00030637946236048927,3.180703146700638e-05,0
0.9997483387630705,9.691764642530693e-12,0.00020213779052007347,4.9523435700129635e-05,0
0.9998199222624111,5.090982849992806e-12,0.00014657970788151784,3.349802304389376e-05,0
0.9998914995270638,1.8978560603363285e-11,8.333339064877824e-05,2.516706414754009e-05,0
0.9997635843137712,5.316751081198226e-14,8.873251044887536e-06,0.00022754243503097377,0
0.9999775542246226,2.4527445052299006e-13,9.27064457131106e-06,1.3175131514269054e-05,0
0.9999776640963984,1.775357900727704e-14,7.909343877232879e-06,1.4426559098287665e-05,0
0.9999659102349072,1.0018191265104007e-13,1.9642333885558906e-05,1.4447431492262708e-05,0
0.9998673654482608,2.5387989329264177e-12,9.356362404580574e-05,3.90709262635345e-05,0
0.9998438737656338,7.468309343607209e-13,5.9953552379170074e-05,9.617268230600111e-05,0
0.9998883104221691,4.167294397153093e-12,9.513855879518799e-05,1.655101384946402e-05,0
0.9998829272295187,1.6366767358924738e-12,9.439942347506192e-05,2.2673346226645415e-05,0
0.9998860704220937,1.8905719837873925e-11,9.05859599280434e-05,2.3343600192797954e-05,0
0.999300754841045,6.969691308063344e-14,0.0001799246134051844,0.000519320546383027,0
0.9999878989879143,9.255967134838319e-14,2.4508338383988293e-06,9.650178934697767e-06,0
0.9999872188835136,1.848020576531119e-15,1.2263932569300707e-06,1.1554722236854495e-05,0
0.9999760904486558,1.8560104720117232e-16,6.340519800782601e-07,2.3275500654810405e-05,0
0.9999943467242428,5.202811543720718e-16,2.850550425504798e-07,5.368219126777784e-06,0
0.9999910032461216,2.2247924460392236e-16,1.9658430299477073e-07,8.800169844613858e-06,0
0.9999736485640425,3.1133933003496436e-16,3.154043878693713e-07,2.6036030804979027e-05,0
0.9999765032366884,1.0598195115770555e-17,1.0375625293126157e-08,2.3486389031926894e-05,0
0.9999944172351519,6.021657867009805e-17,4.302022814397884e-08,5.539744722794095e-06,0
0.9999927069559279,1.7550671884418986e-16,1.394406553304725e-07,7.15360345428324e-06,0
0.9999760846753214,1.0787321268590557e-17,1.7829645863734065e-09,2.3913540554199475e-05,0
0.999936829370116,2.2034502047360513e-18,1.8458998108318716e-10,6.317044601864139e-05,0
0.9999874782317415,9.575381161199397e-19,6.805878900104563e-11,1.252170163396592e-05,0
0.9999917092443762,2.4303303870060403e-19,2.774353835982752e-11,8.290729077086006e-06,0
0.9999883487495307,9.073142696555115e-19,1.6962963846419247e-11,1.1651232254320977e-05,0
0.999906709105678,7.415094910339526e-20,3.93875675914115e-11,9.329085660803025e-05,0
0.9999935040679686,8.202588079312851e-18,2.598092984901307e-10,6.495671967245146e-06,0
0.9999877073960972,1.7178499781375164e-19,2.0147049623995378e-10,1.2292400870969401e-05,0
0.9999951980068335,2.7271137229769967e-18,2.22052220989068e-09,4.799773844969379e-06,0
0.999993700881363,2.7416570504851466e-18,3.01698258569566e-09,6.296102346076548e-06,0
0.9999769320352667,6.682990232491284e-15,1.0831778629337794e-05,1.2236187381229529e-05,0
0.9999722289503522,5.876778900608314e-14,1.2167133372173462e-05,1.5603917803966385e-05,0
0.9999522481426675,1.008869968427344e-13,1.7834659163829316e-05,2.9917197877523342e-05,0
0.9999030146386082,3.4029310936348223e-12,8.203133268999124e-05,1.4954024384721032e-05,0
0.9996881054234048,1.1497472710841626e-12,0.0001933522637870304,0.0001185423117971601,0
0.9997042610157003,2.3583110545276005e-11,0.0002704690349923523,2.5269926786568864e-05,0
0.9993981976429703,3.752712531565996e-11,0.0005774581139494732,2.4344207114038928e-05,0
0.9966111705311717,1.2672608372517557e-10,0.003328034567354318,6.07947754314935e-05,0
0.983180565906739,1.2593169888906114e-09,0.016725646313796624,9.378651887449923e-05,0
0.9222837463505535,5.721985211898128e-09,0.07736387454602738,0.0003523733829371696,0
0.6413213195779279,2.873477335129759e-08,0.3575238059831336,0.0011548457025464857,0
0.2353175088332478,3.670284359538438e-07,0.7640549626760715,0.0006271614638099784,2
0.10597328505092539,9.780523057161396e-07,0.8921059333730796,0.0019198035236344588,2
0.05653017678766342,0.00010111687410248793,0.924446125201251,0.018922581136877125,2
0.00013203374142914387,4.3107758410314743e-07,0.36293428444456827,0.6369332507348321,3
0.0005198813769765715,4.23568020497697e-05,0.9617870914663894,0.037650670352957355,2
0.00010649819742662568,9.404056079969012e-06,0.9952352476613484,0.004648850085355306,2
0.00010165377398965204,3.104981962644942e-05,0.9981230425907268,0.0017442538168687593,2
1.1288612584691099e-05,0.0022367690141785915,0.9741553943292185,0.02359654804228167,2
2.8319919765697023e-09,0.9866440803055262,0.0069092842193706734,0.006446632641523878,1
2.793607665823127e-10,0.9994880419042576,0.00010898558891781869,0.00040297222886751156,1
5.863383019358621e-10,0.9993140618576754,3.430515140648067e-05,0.0006516324042131697,1
2.4165011342262944e-09,0.990493586154164,9.668750853865489e-05,0.009409723920924129,1
4.1005287291004534e-10,0.9124038875994005,3.3234898392646755e-05,0.0875628770904185,1
1.932660084230565e-09,0.955590655835982,9.704675312907539e-05,0.04431229547787062,1
3.125935358936533e-10,0.9950209102631209,0.00010821703643613163,0.00487087238879042,1
1.1357501422772399e-11,0.9998272917910742,5.309435107786517e-06,0.0001673987634090508,1
3.36996239508706e-13,0.9999175644517315,3.1621546145879653e-06,7.92733920459009e-05,1
1.178520953928522e-13,0.9999479680085833,1.332481011460486e-06,5.0699509071983776e-05,1
1.4408282991378022e-13,0.9999077914240324,1.994237885832659e-06,9.021433707594268e-05,1
7.68068168941811e-14,0.9998321748441964,7.481214460446369e-07,0.000167077033835214,1
9.736491278003357e-12,0.9998753344996049,3.1137569325404504e-06,0.00012155173199362159,1
4.8642845888679575e-09,0.9971282826907903,0.00019540112398811507,0.0026763113224007253,1
