regime_prob_0,regime_prob_1,regime_prob_2,regime_prob_3,regime_most_likely
4.934917054097949e-75,4.6584139016506777e-57,1.0,1.9790301185490763e-89,2
1.8904090355112122e-05,0.0011726161999579135,0.9978378539114168,0.000970625799793582,2
1.6758707578284045e-05,0.010037321494174915,0.9871936785283121,0.002752241270694158,2
9.77655260877893e-05,0.051596255454796486,0.8905541195084428,0.057751859510415116,2
1.4758108046466471e-05,0.19083119721528158,0.0719009583106983,0.7372530863646158,3
1.7077578707213163e-09,0.334149988854322,5.745950487634694e-06,0.6658442634863904,3
1.7979943071330754e-06,0.6863172633906364,0.006979187390129618,0.3067017512266447,1
2.6412389377261507e-07,0.6430355992517108,0.004897768562444244,0.3520663680631862,1
4.317798177667946e-07,0.7531996035795151,0.0031476505871887023,0.24365231405222257,1
4.91441489468465e-08,0.8061934158249678,0.0010694429603282467,0.19273709207219103,1
2.1506405673869016e-08,0.9198916223320668,0.00021848253414837377,0.07988987362830767,1
2.470735336280507e-09,0.9673892863792614,0.00019000919568475412,0.03242070195257023,1
5.319315492259895e-10,0.9973559995186414,1.4249339478362647e-05,0.0026297506097250163,1
1.0836614583215588e-10,0.9966678268833316,4.5551225882052895e-06,0.003327617887433028,1
1.9120747674831698e-11,0.9679635632098353,2.106471617608086e-06,0.03203433029919179,1
9.55993889963816e-11,0.9882035795058125,4.520926005938312e-06,0.011791899473220869,1
7.548842384131956e-11,0.9989342004332568,7.671648064732295e-06,0.0010581278437955697,1
1.7587818286463155e-12,0.998812508493551,2.9561128599303265e-06,0.0011845353930167869,1
7.077354796938609e-14,0.9996555075788586,3.964438265090311e-08,0.00034445277594432363,1
1.0393732875540608e-14,0.9993950842631302,3.381280143103036e-08,0.0006048819245118542,1
1.6173296123217292e-14,0.9995137625766564,1.8681150280076407e-09,0.0004862355537641692,1
7.636965615934124e-15,0.9984612096799218,2.163248143195523e-09,0.0015387881564508288,1
4.0844793886864006e-13,0.9993018955648448,5.844376486581033e-08,0.000698045989608169,1
1.1859882494392057e-13,0.9984882087208257,2.798273137642534e-07,0.001511511452820571,1
1.5900287701430762e-13,0.9996118597007267,1.2018016594476504e-07,0.00038802011766068283,1
1.8635292164779805e-14,0.9995027866901106,3.169502133715744e-08,0.0004971816137334163,1
1.0912972426555616e-13,0.9995563510323118,1.976173679214015e-07,0.00044345134897001595,1
3.3207218853785105e-14,0.9994469612991697,6.972805521563545e-08,0.0005529689740678977,1
1.5001991941742684e-13,0.9994913429469965,5.649358973728804e-08,0.0005086005595641828,1
4.9378309420507324e-12,0.9975892029956888,5.177860465546465e-06,0.002405619137459033,1
1.0803453287379338e-10,0.9974757411779495,4.1032371733612516e-05,0.002483226342010293,1
1.8496819437038527e-11,0.9990790676051093,6.555022948854357e-06,0.0009143773534400626,1
3.5825318277808924e-11,0.999229403197653,1.99771332113994e-05,0.0007506196322616417,1
4.498799100052631e-11,0.998078114821504,1.4073564501085381e-05,0.0019078115694787898,1
2.9918939405794045e-11,0.997906744119089,7.78414604370699e-06,0.002085471705817731,1
4.413542015378622e-11,0.9987361402239918,9.039693293166936e-06,0.001254820039568999,1
3.949836311000147e-12,0.9980105281309721,4.025972698542138e-06,0.0019854458931639718,1
1.3476514221956104e-12,0.9993744025458963,7.005271832399583e-07,0.0006248969241636313,1
4.4436282245941063e-13,0.9993651832420934,5.867098695512943e-07,0.000634230048215963,1
1.5597564290977946e-12,0.999268749609418,1.2052374937100299e-06,0.0007300451505756838,1
2.7097295950389085e-12,0.9982838692732742,1.0142668204737865e-06,0.0017151164567003508,1
1.746681702890555e-11,0.9986526437269079,1.051129510788785e-06,0.0013463051268282392,1
5.499457043983838e-12,0.9928906031847776,4.941571156369088e-08,0.007109347393667729,1
1.8349186216596441e-10,0.889567904516874,6.167622727972777e-06,0.11042592767778309,1
2.036085169417678e-10,0.6070660007488606,3.0559412498189558e-06,0.3929309431070802,1
4.821315035833319e-09,0.9273607710680071,0.00013088953497532074,0.0725083345763455,1
3.255559556736286e-09,0.9894672192664398,6.542211294758313e-05,0.010467355366839397,1
2.084105414629405e-08,0.9957079626953355,0.0012643603007251342,0.0030276561617139774,1
1.5340700414472447e-08,0.9953514977478033,0.0011501509858720333,0.003498335926783954,1
4.3386289187552724e-10,0.9940694110583306,0.00012776358452128283,0.005802824923524299,1
2.0491543740764954e-11,0.9992318414000075,8.695898801175683e-06,0.0007594626814867768,1
1.1839323786154794e-12,0.999539185483203,9.931795158698387e-07,0.0004598213378818203,1
3.874645031413824e-12,0.9988899751244313,5.110952148040303e-06,0.0011049139181622044,1
4.461129360497037e-12,0.998899298296823,2.5996461081184504e-06,0.0010981020528222987,1
1.578932908579241e-11,0.9990615951283726,3.760902572379772e-06,0.0009346439537303569,1
2.6434267870357043e-11,0.9967195364146081,1.4949472951590935e-05,0.003265514086670599,1
3.6104947054270476e-11,0.9972341081138095,1.1631397844509941e-05,0.0027542604530221425,1
1.1427015371851034e-10,0.998305889400701,1.3687819781570402e-05,0.0016804226660095069,1
2.338690798705403e-10,0.9976125688387092,4.634437003176502e-05,0.0023410865573145973,1
2.1092003549091972e-09,0.997847419010886,0.0004927781834662413,0.0016598006960604223,1
1.0784927076505459e-08,0.9933110344084024,0.0023961831351639374,0.004292771671128021,1
1.6813811041168045e-08,0.9946323743407293,0.0030076714055930908,0.002359937439968963,1
1.529033724873195e-08,0.9958403745781744,0.002654235259704382,0.001505374870845361,1
1.5804395688876382e-08,0.9969096641058056,0.0014766381055923952,0.0016136819833060842,1
2.0148138183225167e-10,0.9962060116639387,3.217398652235169e-05,0.003761814148921606,1
5.448141516982379e-12,0.9989444696754096,3.5143414920732977e-07,0.0010551788859371448,1
1.4096902891825013e-11,0.9973165321026222,2.7847751516100536e-06,0.0026806831071636865,1
4.862875855604042e-12,0.9962759097492905,4.1638839096702996e-06,0.0037199263620452806,1
1.9907262060115922e-12,0.9990598728149487,6.871788890032129e-07,0.0009394400054420903,1
1.4803247395577788e-12,0.9994119734715039,1.429858171237131e-06,0.0005865966676840263,1
4.4461654568878837e-13,0.999297843047285,4.5185699912995946e-07,0.0007017050968131562,1
1.8610967661535133e-12,0.9992236440422276,9.71747222447281e-07,0.0007753842080828755,1
2.306554233633249e-16,0.9982386053062394,6.20847747816164e-12,0.0017613946868766767,1
6.786604503190212e-15,0.9995986771676844,8.73372131212869e-10,0.00040132195967598864,1
6.434200162667325e-15,0.9994171408818703,3.86289019611564e-09,0.0005828552534271075,1
4.6512361744048e-16,0.9995837589151823,1.1144972737633432e-10,0.00041624097391154664,1
1.353254159232515e-16,0.9997041502138223,6.658940700159183e-11,0.0002958497211647254,1
1.7434797118582933e-16,0.999734986698332,2.7471791033852563e-11,0.0002650132754979735,1
1.0973259655908813e-16,0.9991533356786011,1.3706446110471605e-11,0.0008466643086723865,1
3.0955937507711277e-15,0.999683034384454,1.7543468739182996e-10,0.00031696543897475086,1
1.9934006484654505e-15,0.998380114160308,8.838426752114884e-11,0.0016198857508180622,1
2.6014242596925903e-16,0.9952007673852004,1.9143612631168783e-12,0.004799232611915527,1
6.535057832143668e-16,0.9994791037521831,1.4187079840509779e-11,0.0005208962354097513,1
5.546258075910137e-16,0.9995967012307804,8.743948182145319e-11,0.0004032986808704918,1
7.821187752275625e-17,0.9996031307821821,6.29155903351977e-12,0.00039686921139117697,1
1.0639628600695442e-16,0.9996412156841873,1.6579154765343543e-12,0.00035878431300485154,1
4.368770356332745e-16,0.9980547286669099,1.3523414170970305e-12,0.0019452713301592285,1
1.614365805436999e-15,0.9939310022958799,3.883125327477194e-14,0.00606899770314479,1
2.9205640057738264e-17,0.9341308296505302,9.416134595384766e-14,0.0658691703496447,1
6.326419053934895e-16,0.9981665665746128,5.619713048073862e-14,0.0018334334243137848,1
1.036682160004928e-17,0.9991062006677414,5.0345415142565835e-15,0.0008937993336851618,1
5.1262579221366005e-18,0.9994690625099623,3.613470827370489e-15,0.0005309374894404346,1
1.9097768663032957e-18,0.9993636739205493,5.685855113187663e-15,0.0006363260779066391,1
2.5304666896913756e-18,0.9996657153159002,4.943827675462339e-15,0.00033428468461156813,1
1.7791564669068673e-18,0.9992790509192311,4.123095014641762e-15,0.0007209490801121038,1
3.72991353643049e-19,0.9996118112507489,5.999866703151254e-17,0.0003881887496944385,1
3.778654459335627e-20,0.999072896988192,7.326242702031568e-19,0.0009271030114357657,1
9.897692855915197e-20,0.9992122944529365,1.9812601829502356e-17,0.0007877055475487798,1
3.393567136881153e-19,0.9995243540831144,5.4108522105444396e-17,0.0004756459181929438,1
3.411947759632537e-19,0.9991683752286153,1.778261334715028e-16,0.0008316247696141082,1
4.994707734387194e-19,0.9993601431845436,3.6622393215041007e-16,0.0006398568143369155,1
1.964484725541084e-18,0.9995444018671135,4.836689749788102e-16,0.0004555981332671451,1
1.1280746415871058e-19,0.9985517275414068,2.0532976945701515e-17,0.001448272457956014,1
1.3109946988631845e-19,0.998590588566416,6.061652815077374e-19,0.0014094114333524641,1
6.04831722171907e-20,0.9993997721737385,1.478149100745317e-19,0.0006002278266004502,1
5.252989418544702e-19,0.9984707153240715,5.518255356113161e-19,0.0015292846766821772,1
3.949798047452803e-19,0.9883244557465943,1.8411529796437765e-18,0.011675544254881888,1
3.2373364787149905e-18,0.9972347920307326,1.0533449580645767e-17,0.0027652079709836424,1
3.472733522334602e-18,0.9987961878706204,1.238481024146159e-17,0.0012038121291172072,1
1.2340246757145748e-19,0.9962665607482781,8.665506445690134e-20,0.003733439252018389,1
2.817009807375466e-19,0.9985756326942128,1.597490578820122e-17,0.0014243673044188744,1
6.672009588004253e-18,0.9994988575834816,4.747591788259439e-16,0.0005011424154178716,1
2.8834972123926317e-18,0.998129156181424,4.801934959359657e-15,0.0018708438195855512,1
3.5854219569140115e-17,0.998389640447386,1.1441638543334872e-15,0.001610359551031457,1
4.79724441519657e-16,0.9896280304646382,2.944725541457497e-11,0.010371969506405293,1
2.260305959374569e-16,0.9994451291335102,3.8303515607591315e-13,0.0005548708660678529,1
6.87834926792065e-18,0.9996873729632632,6.753218833679376e-14,0.00031262703704467316,1
3.519525562898428e-17,0.9993936455176774,1.760497565782848e-13,0.0006063544825319944,1
1.6357701188514607e-17,0.9977977407969181,8.540350555082846e-14,0.0022022592039815654,1
8.353464708860649e-17,0.9996723306454831,5.601080446531376e-13,0.0003276693543643317,1
2.145270670284962e-17,0.9996178247280703,5.650499300841167e-13,0.00038217527087701283,1
3.3839997595948485e-17,0.9992829529871176,1.2686727451495668e-12,0.000717047012538022,1
6.197116589818353e-16,0.99961676329574,8.086388015436561e-11,0.0003832366246415928,1
3.2954315105067605e-16,0.9996164116344345,2.0686746301517217e-10,0.00038358815964146555,1
7.511023875568461e-16,0.9997142944810737,4.1949377390436586e-10,0.0002857050991577902,1
2.117970571269111e-14,0.9996154060832863,1.5663968985706108e-08,0.0003845782517689303,1
1.330858817481337e-13,0.9986334089375676,2.4475546731037066e-07,0.0013663463051783718,1
4.29500498560305e-13,0.9984893282405659,6.575919268205667e-07,0.001510014165885291,1
1.0044645750581264e-13,0.9996358476374926,5.167520978416884e-08,0.00036410068899562825,1
1.7509922297743663e-14,0.9995542089611815,5.7008627335142854e-08,0.00044573402997071546,1
8.35035688124329e-15,0.9995832248314157,4.344951168742761e-09,0.00041677082302237715,1
3.1699376107732044e-14,0.9994206827486777,4.6984897596022215e-08,0.0005792702668527661,1
3.2937637462037523e-13,0.9992116847973905,3.4314648965784964e-07,0.0007879720543558618,1
2.674270463277136e-12,0.999266860183479,2.190742720799854e-06,0.0007309490720823101,1
2.5792671093796856e-11,0.9988719572793492,6.096441716772695e-06,0.0011219462544768864,1
1.51334989008751e-11,0.9912464848267241,1.2259226429638525e-05,0.008741255932981614,1
2.0003889483252145e-09,0.9972620981258706,3.425400826336743e-05,0.002703645866341669,1
4.2384320544349916e-10,0.9803945062157994,4.0126751345308434e-05,0.019565366608088035,1
7.610603209166967e-08,0.9359604419260295,0.00566115246714992,0.05837832950207568,1
3.156597556259078e-06,0.3463103485028532,0.605461624381858,0.04822487051872404,2
1.0401407931889727e-05,0.04940343365343637,0.9430228471368176,0.007563317800979851,2
1.0705140333792301e-05,0.006324602452525896,0.9917062120635419,0.001958480343876864,2
1.5438570696603355e-05,0.0008399723358830715,0.9987644962505718,0.0003800928415747286,2
1.2819275710039367e-05,0.00010076905842040457,0.9998008335880536,8.557807867048842e-05,2
8.084888693530287e-05,5.041346773566601e-06,0.9997657482962822,0.00014836147107339236,2
0.0001570843477589744,2.3918604079297935e-06,0.9997513175477848,8.920624481749283e-05,2
0.00021084128445084157,2.0998997873266495e-06,0.9996981560745546,8.890274285792113e-05,2
0.00021170023519907907,1.5520468168725468e-06,0.9997200260412538,6.672167596305368e-05,2
0.0001505047247045005,1.817259020021606e-06,0.9997554799440797,9.219807302875625e-05,2
0.00010365190324873605,2.2910336007651317e-06,0.9998467380379769,4.73190245103613e-05,2
0.00013516620188214616,2.2658667087075687e-06,0.9997855889678589,7.697896498177317e-05,2
2.309455181425784e-05,1.5527502766599924e-05,0.9997810784987324,0.00018029944763835876,2
3.437986216425328e-05,5.667166264799798e-06,0.9997369230977488,0.00022302987359365203,2
1.5115078251605645e-05,9.851794720469677e-06,0.9997606730627006,0.00021436006481722188,2
3.674570643065202e-05,1.3237796382270968e-05,0.9989747020612053,0.0009753144365013895,2
1.490245094776151e-05,1.2763166679370125e-05,0.9998501486427233,0.0001221857409446471,2
9.905599419359564e-06,1.8937888644645247e-05,0.9998728214238499,9.833508828116893e-05,2
1.9438351980720804e-05,7.147713497185903e-06,0.9999043368510476,6.90770848480123e-05,2
3.7628185766297e-05,4.7308311711521485e-06,0.9998897986887696,6.784229514934717e-05,2
6.469713635325244e-05,2.3214946638096173e-06,0.9998398293949178,9.315197267904713e-05,2
2.765485424293124e-05,6.239288891151266e-06,0.9999016632032692,6.444265473722858e-05,2
6.0518475417842124e-05,1.1681336929589223e-05,0.9990499927413716,0.0008778074463709456,2
8.320060600119185e-06,0.00015517305073453012,0.999554912189242,0.00028159470005151147,2
1.1286849293210254e-05,0.0002207895507078328,0.9986666692434538,0.0011012543559152696,2
1.2749281606762272e-05,0.00022260764879853456,0.9983175474009485,0.0014470956674228375,2
7.51930533041069e-06,0.0001402737686951746,0.9996028419577041,0.0002493649679818462,2
2.0964119604423494e-05,1.9428204967634764e-05,0.9997587274154165,0.000200880261546174,2
2.1526987082010608e-05,1.0835502859726094e-05,0.9996395780550591,0.00032805945507240035,2
1.380719448892487e-05,1.7856594675924494e-05,0.9998279045429642,0.00014043166962123316,2
1.579212260847633e-05,1.0352393779544203e-05,0.9997459117427859,0.0002279437424946189,2
1.1544993573076591e-05,1.3966219036347287e-05,0.999878886476596,9.560231077788507e-05,2
1.4455216534906275e-05,1.1015685996686978e-05,0.9997649464447612,0.00020958265288355618,2
1.3838085371703907e-05,1.1401669682994961e-05,0.9999138814868658,6.087875738901022e-05,2
1.4941676816866739e-05,1.7394430756735748e-05,0.9998807869029589,8.687698997271573e-05,2
2.028511816176988e-05,5.7957755083900314e-05,0.9996917031306664,0.00023005399434857828,2
1.250002263184087e-05,0.0003378713942005324,0.9994832530414606,0.00016637554114206496,2
1.601722745587017e-05,0.0027471518961429383,0.9961730192344894,0.0010638116435601863,2
1.1612110175148845e-05,0.017488452767657432,0.9790160398036112,0.003483895317559294,2
8.309154601420304e-06,0.14769512774335736,0.8377926600008526,0.014503903099670968,2
4.138876898858356e-06,0.7516512376436479,0.17808167993363322,0.07026294354546359,1
2.355725422882495e-06,0.8167098041817119,0.09017264041139537,0.09311519968147342,1
7.494312675831043e-07,0.783533947771713,0.08154344676495433,0.13492185603051052,1
2.405239848299031e-06,0.7763431608087834,0.14503201352729378,0.07862242042478315,1
6.650013827248624e-06,0.2820443860746301,0.6783601131517579,0.039588850760781995,2
2.9639558287297657e-05,0.06162785345204573,0.8393837332397782,0.09895877375091004,2
1.1758377972746765e-05,0.020496614256731653,0.9729707492270169,0.006520878139535677,2
2.0771776465945602e-05,0.004647113467001917,0.9929078787914544,0.002424235966593777,2
1.419147751253437e-05,0.0014830856399715533,0.9975812955372402,0.0009214273443796661,2
1.0643677716346761e-05,0.0007652295225595698,0.9990294497034751,0.00019467709716088134,2
1.4444431137573197e-05,0.0015145497701285792,0.9980998292097996,0.00037117659036429307,2
1.3131548573482953e-05,0.012161526146107337,0.9855695259170905,0.0022558163892801865,2
2.8720019774253537e-05,0.060181577120249234,0.9053617149228547,0.03442798793850999,2
6.902800218355446e-06,0.2537351847161949,0.6725425867552773,0.07371532572662373,2
2.617089040294381e-06,0.5100492144397174,0.46566321063910265,0.024284957831205628,1
2.1688595213238475e-06,0.6921963064164371,0.28530325073107143,0.022498273992110105,1
9.910178421978542e-07,0.823302191019128,0.16439442042196584,0.012302397540379973,1
1.2777180956385674e-07,0.9393141278851735,0.04558765412021636,0.015098090222641454,1
2.379372126304116e-09,0.9947695479333076,0.0006242726160798075,0.004606177070668095,1
4.3685024637758394e-11,0.9991951844962437,3.1056492060586515e-06,0.0008017098095647045,1
8.758541152517764e-13,0.9970650476504712,2.426313001234533e-07,0.002934709716635878,1
1.94558155622151e-13,0.9980244389224876,2.0661875017866757e-07,0.0019753544601402127,1
2.187828322642938e-13,0.9996001539117864,3.693743722967164e-08,0.00039980915011312494,1
3.773607994957688e-14,0.998993358517135,2.3399669203572092e-08,0.0010066180816879012,1
3.3651234057784196e-13,0.9990664671545733,2.2119195001878422e-07,0.0009333116535968832,1
2.502558854766098e-13,0.998891569753331,3.2778615435521647e-07,0.0011081024615569078,1
1.6961984945395683e-12,0.9994524660118144,4.524142093438994e-07,0.0005470815725508896,1
1.7436519478709574e-13,0.9977030239528464,2.3619912381231736e-08,0.0022969524285984667,1
8.038679027994435e-12,0.9976761616420048,7.851983025860045e-07,0.002323053150460829,1
5.2567227520893385e-11,0.9974385247703222,8.207454381399193e-06,0.002553267722997807,1
2.996187337452451e-11,0.9939850391729295,2.8316224481347424e-06,0.006012129176242979,1
8.455675564364464e-10,0.9962252944149635,1.7061684172469402e-05,0.003757643055378423,1
2.9710304469530653e-10,0.9636756213201454,4.830618256549276e-06,0.036319547765344726,1
1.419013326817333e-09,0.9798381545091518,3.301618748257597e-05,0.02012882788409294,1
2.0561955073516845e-09,0.9952149284484346,7.393314480397834e-05,0.004711136349809736,1
3.9527917894918355e-09,0.9941129470719912,0.00029954531665007245,0.005587503658542603,1
1.7896592181985906e-08,0.9821536792887681,0.0059063162253630026,0.011939986590251141,1
3.0566179939711315e-07,0.9325225259898919,0.03837039345008523,0.029106774896736527,1
1.95969063344897e-06,0.7099015298383275,0.24864998595884272,0.0414465245131672,1
3.178212334198291e-06,0.41114727783827293,0.5697925910138616,0.019056952936631448,2
4.293524937766222e-06,0.13996578339949095,0.839513213826532,0.020516709247583614,2
1.1457164482954774e-05,0.04971367046846578,0.9405478581245912,0.009727014240912931,2
3.084398642521561e-05,0.0036559912966732367,0.9934054600480586,0.002907704669863323,2
1.0466490402806831e-05,0.00041809580343684565,0.9993561146804635,0.000215323024211446,2
1.7100463756924964e-05,4.3116872593456196e-05,0.9998480660177056,9.171664423920364e-05,2
9.14942575147261e-05,7.375045616202738e-06,0.9995024499808295,0.00039868071622436475,2
2.9147338694714338e-05,4.927914328172617e-06,0.9999013983808536,6.45263678081749e-05,2
3.733622595444239e-05,3.993961868564218e-06,0.9998919166743809,6.675313605206072e-05,2
3.666162160009298e-05,4.452367647833564e-06,0.9999023549335293,5.6531077181715986e-05,2
6.082111535240625e-05,3.118232423605494e-06,0.9998769678480013,5.9092805212396254e-05,2
5.936631482924831e-05,2.4552907461424135e-06,0.9998908302772928,4.734811856282179e-05,2
6.600173990925319e-05,2.5262533328774533e-06,0.9998529895551894,7.848245097851354e-05,2
0.00012617570925312042,3.66153333214819e-06,0.9995612704242024,0.0003088923333266375,2
0.0002402615345018095,2.36177704876662e-06,0.9996622442137804,9.513247454877014e-05,2
0.0005905514176435217,1.2316866993449223e-06,0.9993070601593458,0.00010115673674076292,2
6.422507118988972e-05,3.6093488157823777e-06,0.9998829174081258,4.924817271788665e-05,2
3.8196637028522785e-05,4.483519422982703e-06,0.9999036377313935,5.3682112730734577e-05,2
3.151293652339901e-05,1.0004795487607014e-05,0.9991261867203772,0.0008322955467275291,2
1.3126527502218087e-05,1.3983894904271424e-05,0.9997286053327372,0.0002442842465659872,2
1.0750718422842985e-05,2.008904456236906e-05,0.999870373367576,9.878686981037284e-05,2
2.0192583618795448e-05,6.80264358126444e-06,0.9998808606942017,9.214407939153645e-05,2
2.0401579057377284e-05,5.913444936157204e-06,0.9997902086574517,0.0001834763178206248,2
3.602642600908399e-05,6.994082665917319e-06,0.9998570113323207,9.996815760316366e-05,2
0.00017746951230571625,4.798326973740842e-06,0.9997706330783589,4.7099083694129634e-05,2
0.003503700490187635,6.718177335570031e-06,0.9963086333283014,0.00018094800514739608,2
0.06473723022061822,9.802403218438708e-07,0.935044559338499,0.0002172302020123643,2
0.3216892060158855,9.260984778572204e-08,0.6780228811050087,0.00028782026944067663,2
0.9822719400728559,1.2793257400640711e-09,0.01742907319169988,0.0002989854564784865,0
0.999465220789792,7.00914370237922e-11,0.0005293484082386956,5.43073365042062e-06,0
0.9999504038062919,1.0851818836978133e-12,4.8395937007544167e-05,1.2002551799775534e-06,0
0.9999940310913977,3.186224564972678e-14,5.0887068323288956e-06,8.802024006724341e-07,0
0.9999966516171878,5.520008280916152e-15,2.6612753907103575e-06,6.871091368353694e-07,0
0.999999307329075,8.25152756437108e-17,3.542269937919813e-08,6.572490591491954e-07,0
0.9999996361476158,1.7931356645102214e-16,8.250333049987203e-08,2.8134862749567183e-07,0
0.999999614021437,1.089882277884126e-17,6.09767525085761e-09,3.798793061843459e-07,0
0.9999995856342997,1.5579325123819146e-16,1.327771909593246e-07,2.815869188753949e-07,0
0.9999993230705986,3.9113284909767076e-16,2.8196012866314395e-07,3.9496933408067196e-07,0
0.9999988128299945,1.6751487111295375e-16,3.007197173880346e-07,8.864488332798956e-07,0
0.9999993282401629,6.130214024765652e-16,1.8107054881634547e-07,4.906903997274759e-07,0
0.9999993286003226,3.933598017848467e-17,1.7949445429377912e-08,6.534490241856361e-07,0
0.9999996330626109,1.6692416104025167e-16,7.555355445574133e-08,2.913829946974244e-07,0
0.9999996200750314,5.926255890236757e-17,3.854366732095611e-08,3.413816936811568e-07,0
0.9999992372616542,2.3231417908987644e-16,3.4839607853173085e-07,4.143435172911118e-07,0
0.9999996160223246,5.4162377659350925e-17,2.1004782394444978e-08,3.6297161557914746e-07,0
0.9999996475272095,1.7057656066036894e-17,5.231825192846875e-09,3.4724142627408807e-07,0
0.9999997331979459,5.942391493309537e-17,2.5364929766007966e-08,2.4143753264439097e-07,0
0.9999995374201878,2.4357520102927338e-17,2.8879543883320462e-08,4.3370074917017473e-07,0
0.9999996292209067,5.438100336542473e-17,2.9188360764020028e-08,3.41590039026888e-07,0
0.9999995296167268,9.045608273191606e-17,1.1354951963626195e-07,3.56835412226874e-07,0
0.999999583018594,3.190863712490726e-16,1.240764773115401e-07,2.929042973243154e-07,0
0.9999988085699264,2.7082374303965314e-16,3.407540746600042e-07,8.506773380083966e-07,0
0.9999994316169046,1.0059282261926463e-16,2.4311289614895638e-08,5.440720884709324e-07,0
0.9999997392915587,5.984298151813229e-17,2.891521969655223e-08,2.317948569046163e-07,0
0.9999996871011297,3.4191413322603117e-17,3.519253169537279e-08,2.7770459344136715e-07,0
0.9999995783547072,8.56970550865126e-17,1.1641867492543168e-07,3.0522831604156086e-07,0
0.9999996226361675,7.264785388729234e-17,7.668766000040114e-08,3.006749786816698e-07,0
0.9999996051957039,4.7088888642964346e-17,5.436204818251874e-08,3.404427164101357e-07,0
0.999999624007685,4.109381355581508e-17,6.653773197890019e-08,3.0945341039880115e-07,0
0.9999997968407321,9.539818623235661e-18,2.799363977610449e-09,2.003583832295641e-07,0
0.9999996856532146,1.8525330939922178e-17,4.319009740870057e-09,3.1002779157455977e-07,0
0.9999984321233127,7.548899084917608e-16,9.30489805629458e-07,6.373850625991409e-07,0
0.9999986954216508,1.584758524302497e-15,6.582646233512153e-07,6.463150674872872e-07,0
0.9999986610900902,4.646335851414276e-16,6.270678538920372e-07,7.118433519135858e-07,0
0.9999996765037008,1.0493178326395958e-16,6.60755194335378e-08,2.574214196436187e-07,0
0.9999997798368228,1.3971547879640972e-17,1.1749820989524797e-08,2.0841466235867885e-07,0
0.9999997664126841,1.685310319983217e-17,1.725206226427066e-08,2.1633692680593328e-07,0
0.9999997026571223,1.3111235573044158e-17,1.139887480311722e-08,2.859444476545386e-07,0
0.9999997084997146,1.1010345771366004e-17,6.72588668583798e-09,2.847742831923706e-07,0
0.9999998095918453,1.7514781895110688e-18,9.189056642805875e-12,1.9040017764140984e-07,0
0.9999991710614066,5.22174923417533e-18,1.4996990088911554e-12,8.289363016645908e-07,0
0.9999836454108356,8.723285657788597e-20,1.5497087893444145e-11,1.6354574028175883e-05,0
0.9999998360290326,3.7622270993472516e-17,5.62429671837036e-12,1.639649749441149e-07,0
0.9999996608021895,4.088583081071969e-19,2.4817413176284374e-11,3.391727707997985e-07,0
0.9999998134044464,5.631639823996936e-18,9.696717317743246e-10,1.8562412928545832e-07,0
0.9999997736231564,1.8980868472580723e-18,4.152695305491606e-10,2.259612518667072e-07,0
0.999999784104171,9.333431494779025e-18,2.6181470453536165e-09,2.1327916852738806e-07,0
0.9999996652514361,2.2431611191081632e-17,1.845220422683944e-08,3.1629479287164174e-07,0
0.9999995404724505,2.143816156619889e-16,7.144422326411902e-08,3.8808252478692184e-07,0
0.9999991135923046,2.053141153361353e-17,2.2797014928005128e-08,8.636109990360582e-07,0
0.9999997361701737,4.207353258587392e-16,3.052602328978061e-08,2.333029194603587e-07,0
0.999998650772796,3.9165958931643897e-16,2.4708679014567334e-07,1.1021411207964124e-06,0
0.9999962316795123,3.55394522611791e-15,3.173340137525276e-06,5.949788296970775e-07,0
0.9999995259023522,1.4891754978329738e-16,9.827550163184874e-08,3.758227662419883e-07,0
0.9999996318438884,1.4062599471324256e-16,8.985008847122116e-08,2.783077879976101e-07,0
0.999999033844245,5.501763931379751e-16,5.702943945848415e-07,3.958603890576944e-07,0
0.9999979904552857,1.1401547854649384e-15,1.3427966515623652e-06,6.667474016407468e-07,0
0.9999969049506638,7.78503084427736e-15,2.457512941907003e-06,6.37537307574967e-07,0
0.9999968035641513,3.173346574918903e-15,1.6917184150493778e-06,1.5047169624438665e-06,0
0.9999958445237036,5.0485922030248275e-14,3.487055154097905e-06,6.684196314282861e-07,0
0.999980025687674,4.7514657487161726e-14,1.7617198998805672e-05,2.3571128790213783e-06,0
0.9999882524860997,2.50638504421128e-13,1.0933368208431003e-05,8.141463574974831e-07,0
0.9999592442556478,7.279066626978009e-13,3.923261003234974e-05,1.5231338410448526e-06,0
0.9999083965534629,3.07194954574164e-12,8.466357854676557e-05,6.939866053333118e-06,0
0.9998337766115172,3.499923912584015e-11,0.00016171995281806506,4.503401648618012e-06,0
0.9993458442641004,1.5664092984272812e-10,0.0006507257713019884,3.42980929540078e-06,0
0.9985048536481606,4.89446720404759e-10,0.001486753975088696,8.391888636617277e-06,0
0.9926736901453892,2.1836267971991264e-09,0.007299449596576502,2.6858075391829094e-05,0
0.953979352569161,1.3879651865475739e-08,0.04595390379178919,6.672976033642849e-05,0
0.8666936158124598,7.586558680925498e-08,0.13307724782275052,0.00022906049917435575,0
0.7428347215266057,2.155078114446328e-07,0.2568539271660421,0.0003111357994256348,0
0.5337526749916841,2.925580548884054e-07,0.465549042101359,0.0006979903502521987,0
0.28377247444261844,5.510979379490123e-07,0.7156513916983058,0.0005755827628910859,2
0.037554717936945904,1.7778402928067946e-06,0.9622541104478818,0.00018939377601172352,2
0.010430196472151342,1.3412588984549183e-06,0.9894871538810608,8.130838699827928e-05,2
0.0028592875546830554,1.4514774734880618e-06,0.9970804746468765,5.8786321447795996e-05,2
0.0009987126736549707,1.5471572491950122e-06,0.9989303596060605,6.93805623771388e-05,2
0.0004030479449976279,1.8001188317869554e-06,0.9995390292785742,5.6122656506597216e-05,2
0.0003297518114233767,1.6323490084120217e-06,0.9996091086599405,5.9507180306436656e-05,2
0.00034581217480409413,1.6592588088849963e-06,0.9995703398911213,8.218867601410027e-05,2
0.00016695068935970733,1.9030789998748349e-06,0.9997811962161469,4.995001709443036e-05,2
0.00011995237417233924,1.9024096088815662e-06,0.9998249968110485,5.314840484597138e-05,2
0.00011330193246995996,2.0037026523522906e-06,0.9997393430040026,0.00014535136000338176,2
2.1552993150601353e-05,8.647254215397909e-06,0.9998851377655836,8.466198810324505e-05,2
2.3548649281524303e-05,7.577835150771323e-06,0.9998823349778813,8.653853854805739e-05,2
7.451380533929685e-06,5.387218897691511e-05,0.999802798936669,0.00013587749518854405,2
8.64381287854962e-06,4.2248662924680414e-05,0.9997687519636064,0.00018035555890438335,2
1.2800999634184286e-05,2.7498779527859895e-05,0.999729981665822,0.00022971855327823045,2
1.5333269206362135e-05,3.1397557842298516e-05,0.9996286292253338,0.0003246399467838452,2
8.162251349580832e-06,6.982872978843453e-05,0.9997324768376492,0.0001895321801578056,2
1.3629410710868658e-05,9.488193095709061e-05,0.9995476188894261,0.00034386976809386917,2
1.2112468483741384e-05,0.000261999172462722,0.9995650840587622,0.00016080429884849162,2
2.7812399903949738e-05,0.0017028141839589938,0.9954852793148464,0.0027840941027192294,2
1.387704356860417e-05,0.0311232293512828,0.9610163124240038,0.007846581182651646,2
1.893268764701822e-06,0.37582918098864143,0.579372928498438,0.04479599724382099,2
1.7555063408161687e-07,0.9282585002479774,0.04616004550294711,0.02558127869715526,1
6.626084625739937e-09,0.9938780854178143,0.0024072455721239304,0.0037146623824234754,1
4.492199563389607e-11,0.9991211788074098,1.2653965282513278e-05,0.0008661671822822731,1
3.344055131648561e-13,0.9994434269892803,3.5464975319467964e-07,0.0005562183603376854,1
6.986930884532316e-15,0.9995121960913927,1.0053550766699706e-08,0.00048779385549371513,1
9.174933111696597e-15,0.9996624110424297,1.6344337284558603e-08,0.0003375726142760112,1
5.29649259231279e-14,0.9996407079174074,5.609923624666671e-08,0.000359235983462928,1
4.140700531169224e-14,0.999000446292037,6.872059701902291e-08,0.000999484986553026,1
1.837970423725004e-13,0.9996103235906513,1.4081080430835647e-07,0.00038953559659113185,1
1.2207390530539895e-14,0.9993235071026233,1.8867028957895477e-08,0.0006764740306358281,1
8.501410735586052e-15,0.9996654655612539,5.740545331892917e-09,0.0003345287000111859,1
9.326781066043729e-15,0.9995873817349904,3.064363501927597e-09,0.00041261520167340206,1
1.2898888263012503e-15,0.9989355332553894,8.982160402989524e-10,0.0010644658450296154,1
1.440678257086954e-15,0.9995812029129878,3.337687032049903e-10,0.0004187967550147194,1
3.4998468849705433e-16,0.9995949488846455,1.1578909754856638e-10,0.0004050509982462218,1
6.582058766544848e-17,0.999621280256765,5.6700742245363005e-12,0.0003787197359326013,1
5.658725627092226e-16,0.9996565071042821,1.4365812884809474e-10,0.00034349275200109213,1
9.763066895640177e-17,0.9995400124005226,4.445881457758222e-11,0.0004599875546290376,1
1.0392411668942863e-16,0.9997593148146848,2.7027942801466437e-11,0.00024068515965920077,1
3.6490710545973046e-17,0.999706691604516,1.824449212829854e-11,0.00029330837549989766,1
3.800784919201142e-17,0.9997512672179546,1.0259277243155156e-11,0.0002487327733485374,1
5.906138383272384e-17,0.9997060109967183,1.673032870804037e-11,0.0002939889863513239,1
5.1124057878079266e-17,0.9997067640990807,1.181600813461172e-11,0.00029323588729446125,1
4.6055754136715526e-17,0.9996415289291132,1.4811335728871146e-12,0.0003584710696258027,1
2.617009351554386e-16,0.9992266723921968,2.4468739087085232e-11,0.0007733275824208648,1
1.0576775985328847e-16,0.9994944942534817,5.7433126339312415e-12,0.0005055057390360917,1
1.701888702339397e-16,0.9997138003229635,2.9019531654270824e-11,0.0002861996473577775,1
1.2636721186956939e-16,0.9996550575741768,2.5863135522001145e-11,0.000344942399807736,1
6.532436371543347e-17,0.9995563864905057,2.1686793638162804e-11,0.00044361348659710835,1
1.5798639487828378e-15,0.9997076403152195,1.0052500131059118e-10,0.00029235958316018525,1
2.2948443202735027e-16,0.9980567520871078,1.7422047640612307e-10,0.001943247738635297,1
1.2627501477112978e-15,0.9997083834536542,8.3383989175927e-11,0.00029161646351522546,1
1.552740561141241e-15,0.9995555281269277,3.0608520172074634e-10,0.0004444715680357685,1
1.955522712293913e-15,0.9986004161825801,7.045741501129214e-10,0.0013995831128240134,1
2.3911822136633856e-15,0.9996955806789906,4.993516695331156e-10,0.00030441882264482676,1
9.361030655989572e-16,0.9996462613778284,3.95978226486596e-10,0.00035373822619744536,1
1.227037957721874e-15,0.9995184124272256,4.740899780131134e-10,0.00048158709762025797,1
2.83323380631001e-15,0.9995221012879448,1.954782329902856e-09,0.00047789675702733964,1
3.1275852183492783e-15,0.9994700297135476,2.9173835540734633e-09,0.0005299673708443856,1
7.999356262836518e-15,0.9994701528229627,7.53104413910862e-09,0.000529839647016491,1
2.951922518087849e-14,0.9995185829117337,2.1626169056518504e-08,0.00048139546181274204,1
2.932620466932572e-14,0.9993576406854587,8.155122250994276e-08,0.0006422777638533983,1
5.84641314888181e-14,0.9996376388584924,2.5741238899939987e-08,0.00036233540167335834,1
7.883283433303927e-13,0.9990012724329331,8.659375569846766e-08,0.0009986409710887204,1
2.99346835741358e-11,0.9773626444670087,1.2649341155490948e-06,0.022636090569920622,1
4.365385505727167e-13,0.8386289474831409,6.487352052721307e-08,0.16137098764397878,1
2.878742180990206e-11,0.9952542773473783,8.536189103719858e-07,0.004744869003136434,1
1.65474620688845e-12,0.9989804894374628,5.5062720456391594e-08,0.001019455496383368,1
3.47908879583338e-13,0.9977704363987585,5.969216559147823e-08,0.0022295039072610127,1
1.1799374214768977e-11,0.9985753583926482,3.5347932473186987e-07,0.001424288115537451,1
1.8901541321909423e-12,0.9876582797890566,8.233085035140044e-07,0.012340896901194144,1
8.589000793933978e-10,0.994843944493284,5.51771615638839e-05,0.0051008774876528115,1
1.2092998356288305e-09,0.9981066118463179,9.975995381369502e-05,0.0017936269887746394,1
1.395924002039379e-09,0.9862648197320518,0.0006824346384848671,0.013052744232121386,1
1.0384426484113639e-07,0.9755919005527933,0.010328260787602137,0.014079734816288879,1
2.4963273914826674e-07,0.9125282035598548,0.02594413094655131,0.06152741586246594,1
8.792197768789662e-07,0.9334591225751616,0.057867679879694774,0.008672318324572317,1
4.753072868556487e-07,0.9306210259884801,0.06656941974430909,0.0028090789615193203,1
3.273690596844783e-07,0.9284042222247239,0.06879037260636597,0.0028050777996441825,1
5.531579517350625e-07,0.926844139398776,0.07060388913149367,0.002551418312388779,1
4.104399246844384e-07,0.9282369548625296,0.06903971880873278,0.0027229158877773636,1
6.288460013107918e-07,0.9312739219264131,0.06421261982213075,0.004512829405472696,1
5.782991879358929e-07,0.9395233995559634,0.05729518914984376,0.0031808329949165504,1
5.374581277188403e-07,0.9471268107907466,0.045929246802953204,0.0069434049484575705,1
2.0627962017236635e-07,0.9615551510454907,0.03551776950905112,0.0029268731674635335,1
1.2393560319258757e-07,0.9792547155818243,0.018394101312133537,0.0023510591699028955,1
8.154790580208742e-08,0.9886822996282242,0.00827064250097928,0.00304697632267805,1
8.98343826139016e-09,0.9940512619018754,0.0026977285793641503,0.003251000535580343,1
1.870677932249406e-09,0.998485726694639,0.0002973879993857583,0.0012168834369432873,1
1.3439843945893197e-09,0.9982155395340064,0.0003816485589205951,0.0014028105613077162,1
1.8492144761638024e-09,0.9971555876579317,0.00038199555259573517,0.002462414940346584,1
5.435290447830678e-10,0.9980571623036952,0.0001309089252256954,0.0018119282265120099,1
8.551757565806767e-11,0.998856829252454,3.340179921190718e-05,0.001109768863984231,1
1.9925891835665245e-11,0.998801156183327,1.1235990588524646e-05,0.001187607806129402,1
5.383896860577793e-11,0.9989471532652089,4.0039613135414904e-05,0.0010128070662693584,1
4.007628659810205e-11,0.9988113993452726,3.1079592073967665e-05,0.0011575210215473096,1
2.0053558056532276e-11,0.9991759312202237,1.764271795483955e-05,0.0008064260421049845,1
1.386688404591452e-11,0.9992955558626466,1.3721217544143565e-05,0.0006907229057242647,1
3.3211979310471128e-12,0.999160462573489,6.17894046894555e-06,0.0008333584827428117,1
2.6846186628984304e-12,0.9994115943007736,5.70133736933899e-06,0.000582704360183551,1
1.0232072238805214e-12,0.9995043608365942,2.2745292233601468e-06,0.0004933646325338907,1
5.966290971941928e-13,0.9994780438234098,1.5715335358576324e-06,0.0005203846436947011,1
5.377993145397647e-13,0.9994951317671656,2.1900287752237523e-06,0.0005026782050066375,1
4.6630645192578576e-14,0.9996154308120282,1.1367386756332719e-07,0.00038445551386472683,1
1.4452688653595727e-14,0.9996763280130875,3.3392078436353844e-08,0.00032363859440006363,1
3.1496914856097487e-15,0.9995344984677025,3.051977846911488e-09,0.00046549848013541256,1
2.1211988721574655e-14,0.9996457146049855,5.325995789285215e-08,0.00035423213584977203,1
5.436451521181523e-15,0.9995873888988515,6.380963552840914e-09,0.0004126047191976116,1
1.926983485551883e-15,0.9995787755093386,1.0693832744366957e-09,0.0004212234214083897,1
1.430608227439471e-15,0.999586935586549,1.0103142595819937e-09,0.0004130634039652095,1
1.3433129026762984e-15,0.9997294502462217,5.05021816547448e-10,0.0002705492476791204,1
1.4147932076100771e-16,0.9994687717862092,1.229218521740821e-10,0.0005312280905521248,1
2.849490990522364e-17,0.9996660871676806,4.038998838170915e-12,0.0003339128281244597,1
3.959619788769659e-17,0.9997447804085463,8.116255157118934e-12,0.0002552195835190862,1
4.98292435500873e-17,0.9997599436736629,1.2923471533543461e-11,0.0002400563116729759,1
6.2877242639253186e-15,0.9996366808752841,1.8643576296090847e-08,0.00036330048198907636,1
2.3158060481858646e-14,0.9996534377568377,1.0824485815501606e-07,0.0003464539996389505,1
1.98150055798575e-14,0.9996869729398755,4.069403115058178e-08,0.0003129863665645982,1
5.445157000063053e-14,0.9995082099614083,2.1196588987309306e-07,0.0004915780722539111,1
4.4898049297765376e-14,0.9995110690941749,5.0771052099204176e-08,0.0004888801332970579,1
2.1878540229523446e-13,0.9995122704444988,1.2650182876809428e-07,0.0004876030519500473,1
2.0453899596050739e-13,0.9986759207710938,3.665263190655369e-07,0.0013237127009218636,1
4.707873603051096e-13,0.9994895873930585,5.786253019185811e-07,0.0005098339824095301,1
3.9555149971630217e-13,0.9995930747370605,6.07799789805122e-07,0.00040631746416205233,1
2.503643795345082e-13,0.9991108498399259,4.7427688392387377e-07,0.0008886758817640072,1
1.8812784834019592e-12,0.9994537912535587,2.533406776566526e-06,0.0005436753393496621,1
9.053594261491173e-13,0.999348829942436,2.127030752613839e-06,0.0006490430264250151,1
1.881933146498633e-13,0.999513370200597,3.634043664945377e-07,0.00048626639625197476,1
1.6200652076471227e-13,0.9995593053249132,1.8599239789967642e-07,0.00044050868174741345,1
3.586186220444227e-13,0.9990797086701815,9.698797797396525e-08,0.0009201943423556086,1
7.494016821012606e-12,0.9938757047702073,1.6261105866518098e-07,0.006124132611709215,1
1.989955785431337e-09,0.9084805139938947,6.893310579016101e-05,0.09145055090931131,1
1.6900591656031158e-10,0.0009355046518690225,9.349783216037843e-07,0.9990635602014385,3
4.671602267147989e-08,0.0013067194170616543,2.723275842850715e-05,0.9986660011077723,3
3.7507146163218676e-08,0.0004325259041442955,5.3596241145436796e-05,0.9995138403479165,3
7.953431036932074e-12,8.008796123444637e-07,5.196647415343004e-09,0.9999991939151707,3
3.2956146673476367e-07,0.7413237654282668,0.0008340065047037694,0.2578418985044168,1
2.114789034637563e-08,0.6996998812568322,8.078740279684863e-05,0.3002193101932928,1
6.887641420368148e-09,0.7312731725892537,0.00019192562881753593,0.268534894894182,1
1.370716953037875e-07,0.9709988188870134,0.004738126972443491,0.024262917069565952,1
1.9189394094689012e-07,0.9759149938361666,0.014564495836482807,0.009520318431646885,1
2.647786068229111e-07,0.9225660273857869,0.03775763770085217,0.039676070133344156,1
1.0939739364579555e-06,0.6555288600322554,0.10443192035290091,0.2400381256426499,1
9.630748215930693e-06,0.2948279656325384,0.6738426582584371,0.03131974535937285,2
8.156027223447476e-06,0.07626567803300995,0.9135417368755239,0.010184429064244622,2
7.60986087395896e-06,0.015770423747776246,0.9825185158248048,0.0017034505665885354,2
1.7267102317258225e-05,0.002523301799600712,0.9958227757838268,0.0016366553152379942,2
1.2811104392517125e-05,0.00021472089339440804,0.9995278948899186,0.00024457311125720185,2
1.2275323334048241e-05,3.991215250578057e-05,0.9997583670187743,0.0001894455054710287,2
9.002505086334803e-06,3.018333862798971e-05,0.9996552707662288,0.0003055433889340615,2
9.25535730272485e-06,6.972078339695427e-05,0.9997318066577696,0.00018921720168840248,2
8.012426510047358e-06,0.0002037890957087269,0.9994773289230799,0.00031086955293835544,2
6.370883799237887e-06,0.00042465927642004606,0.9991930811925727,0.0003758886487153865,2
8.476819667649104e-06,0.0004900346824401845,0.9977328898045337,0.0017685986951582846,2
7.602350484382952e-06,0.0007459029473435675,0.9984230009260112,0.000823493777112188,2
7.477907063160151e-06,0.0009379920863250182,0.9980851264999463,0.000969403506188616,2
5.641726340466462e-06,0.0006159489287207065,0.9990228785704751,0.0003555307737230431,2
5.985078468050471e-06,0.00038234162704781386,0.99935784905139,0.0002538242444661449,2
6.4083728213419064e-06,0.00025652047756448876,0.999533850365507,0.0002032207823742738,2
7.264737257805989e-06,0.00016103048410469534,0.9995959769761166,0.00023572780104865644,2
7.029243081462241e-06,9.516676751696977e-05,0.9997029038553822,0.00019490013361139798,2
1.1376815334776622e-05,6.484583548049328e-05,0.9995316408460587,0.0003921365015546785,2
1.5337311801123538e-05,9.995840105172328e-05,0.9994543858256442,0.00043031846102374594,2
2.80088030534055e-05,0.0005021744610483823,0.9962145149819961,0.0032553017533974208,2
0.00045991181389133803,0.0014497052285745973,0.9283767555113674,0.0697136274445403,2
3.7955711553022495e-06,2.067729192518953e-08,0.019443001953395808,0.9805531817989938,3
0.0001305684892824857,0.0018159095499486906,0.9608416290856651,0.03721189287680303,2
4.025999438223026e-05,9.633247609083022e-05,0.9961285296598786,0.0037348778685692956,2
1.3828381505829864e-05,2.6336292478966668e-05,0.9998258087970903,0.00013402652785030349,2
1.3015871332905462e-05,3.109119029462119e-05,0.9998195338217779,0.00013635911565052004,2
1.249526779600824e-05,0.0001162507166386103,0.9995639099142654,0.0003073441010847536,2
4.7061528556576886e-05,0.0007665484539887009,0.9928760947686429,0.006310295250405148,2
8.821915077228194e-05,0.011120632390441905,0.9080151028590173,0.08077604560050225,2
3.4743401873965377e-06,0.00033039016684224815,0.08498677449810038,0.9146793609940232,3
2.2833221706049935e-05,0.006566363742983517,0.07422986741390915,0.9191809356197405,3
3.2941106198223662e-18,9.283987460615824e-20,5.684297500284904e-16,1.0,3
3.102952176042675e-05,0.08319613716838575,0.20889490159924065,0.7078779317119251,3
2.1751721721607627e-05,0.11426211778992733,0.25265072951086404,0.633065400976222,3
1.9860822575527156e-05,0.11265300754549726,0.19013581461972479,0.6971913170122545,3
5.566066853806855e-06,0.06595873909447067,0.028530372219395944,0.9055053226207769,3
4.4809538354406e-08,0.01752742066475432,0.00011798680718274877,0.9823545477172585,3
1.9581352261353864e-06,0.4862170150395904,0.013789344159779785,0.49999168266637584,1
2.3134971412990815e-06,0.6439322227161742,0.018388066266210798,0.3376773975205696,1
3.0187818598789264e-06,0.5712404251378623,0.01526622929080292,0.41349032678815956,1
2.106690144089639e-07,0.344268831181895,0.0007683876146837101,0.6549625705350723,1
5.3508167182369716e-08,0.5588503832787871,0.002585086156597329,0.4385644770553,1
1.446102746000853e-07,0.9504002750901794,0.003957304462629818,0.04564227583603266,1
4.715476735791577e-08,0.986234933105017,0.0028356647445160308,0.01092935499491082,1
5.6917571646701204e-08,0.990224268053723,0.005194323533262345,0.004581351495854882,1
9.94130575032785e-08,0.9679488171223788,0.020375135328970815,0.011675948136026591,1
4.302401252942621e-07,0.8169037423617197,0.15738770164302976,0.02570812575490763,1
2.7016956200795695e-06,0.30040597081231074,0.6491712951064377,0.05042003238404863,2
2.3391720813476276e-05,0.019136701565085526,0.9692012304807738,0.01163867623156828,2
0.00014460296634269908,0.00027491357536866846,0.986455636176786,0.013124847281730618,2
0.00016700248424106486,8.429946828593843e-06,0.9985540874725055,0.0012704800963632328,2
3.7763790208727036e-05,5.443005991953472e-06,0.9998042893820185,0.00015250382044407947,2
3.4641116527532357e-05,5.740664768546876e-06,0.9998579270884093,0.00010169113119357567,2
2.9858358937907047e-05,6.126881007527893e-06,0.9998881328031581,7.588195797244798e-05,2
8.467264974929673e-05,1.941930953328219e-05,0.9996882905060571,0.0002076175360700379,2
0.000493006259897925,0.00040995967433826036,0.9880703205523211,0.011026713513116666,2
0.0023226299018436107,4.074647472756446e-05,0.2746862041655829,0.7229504194569336,3
5.719361489157464e-05,1.3895629316660714e-07,0.0003399638421957829,0.9996027035875967,3
9.818907143458324e-08,1.9133907537974138e-08,1.00840368298375e-06,0.9999988742717475,3
2.173280302390948e-07,2.498950040971651e-10,1.4346279057215403e-05,0.9999854361418399,3
0.0010326755007027545,0.00035255619140249316,0.9852970281222829,0.013317740185888502,2
0.0011721494309667648,7.608958154237427e-06,0.998071420447633,0.0007488211628002298,2
0.001590564749946104,1.9564446141676434e-06,0.9983247036397587,8.277516596699168e-05,2
0.0036639549435387433,1.4772491451653644e-06,0.9962486921546946,8.58756517950989e-05,2
0.00857309728445195,1.34104697265382e-06,0.9910192530978756,0.00040630857016726814,2
0.01797891540211852,1.280256179564825e-06,0.9819223319923002,9.74723504369689e-05,2
0.03195628507306454,1.4133844452443367e-06,0.9679209188635691,0.00012138267718427648,2
0.04936472591988393,1.3531640537062565e-06,0.9504903974540088,0.00014352346337753895,2
0.06782669493206776,1.133582397326452e-06,0.9320850582584035,8.711322787258393e-05,2
0.09184819942813706,9.891707617522929e-07,0.9078658461287878,0.0002849652719204775,2
0.11154946782592969,1.685445180248067e-06,0.8881853534418429,0.00026349328731827367,2
0.11859878405061952,1.060417228095432e-06,0.8790917817711307,0.0023083737608274087,2
0.11664166459514633,1.2641491356349153e-06,0.8828127255093339,0.0005443457462327094,2
0.10856318235740513,1.195706493998316e-06,0.8911848581133389,0.0002507638244897207,2
0.10962070033307136,1.6646783530176395e-06,0.8898530271990329,0.0005246077893431845,2
0.11118416198715898,2.8698657930464743e-06,0.88865511406743,0.00015785407849380593,2
0.14079938216378174,1.1333311581070313e-05,0.8536394688436592,0.005549815680031397,2
0.15428988493238854,2.014510658505219e-07,0.7906491835706018,0.055060730045010046,2
0.15054630747620396,1.1292533174751761e-05,0.8441500624918695,0.005292337497502967,2
0.13084751879483686,1.5846343688363262e-06,0.868545668624478,0.00060522794492662,2
0.10219762364046113,1.0825754077289098e-06,0.8970816514945236,0.0007196422881335869,2
0.05022811675843159,2.1182981869955014e-06,0.9494670838416601,0.00030268110018611847,2
0.01490298671390929,6.061677465347739e-07,0.9804535548640841,0.00464285225573313,2
0.003449092039742982,3.2604184918128365e-06,0.9963983402378808,0.00014930730440677415,2
0.0016639807776434497,1.6651958692509294e-06,0.9982438985817933,9.045544474575953e-05,2
0.0015865340704377144,2.5436112634154646e-06,0.998201401637969,0.00020952068196541268,2
0.002655827691855989,2.357712058829589e-05,0.9934704231331312,0.0038501720551661505,2
0.0019524329844445246,3.079481390906516e-05,0.8804318488976645,0.11758492330232591,2
0.00026179396259166666,5.912188544350148e-06,0.7872786456538717,0.21245364819680113,2
5.983727836965364e-05,0.000206968504022941,0.9919947099676688,0.007738484248218337,2
1.8556649515700657e-05,7.551791903365045e-05,0.999476933194317,0.00042899223579595573,2
5.8635860139512604e-05,9.302152913337288e-05,0.994979723603995,0.004868619007043564,2
9.071768256376451e-05,3.910448912145418e-06,0.885174095462022,0.11473127640714624,2
4.526689013801796e-05,0.0001084363629227718,0.9952531084584914,0.004593188288281806,2
1.6835144216487396e-05,3.20690524539713e-05,0.9997759059950388,0.0001751898096982852,2
2.9567089502495764e-05,5.479511138302214e-05,0.9987920927471274,0.0011235450515873495,2
5.045713809235279e-05,4.618248787644621e-06,0.976582989253137,0.023361935359579294,2
9.214834981512888e-05,8.95034026907494e-06,0.9800371189634703,0.019861782346318604,2
6.346491572050452e-05,2.7849074780114556e-05,0.9894143499126039,0.010494336095920456,2
0.00019108724892732398,0.00010624860698613883,0.9927961665172936,0.00690649762560889,2
0.0007278846311245679,0.00032245901499891724,0.8859303003875236,0.11301935596781872,2
0.00034852052262705335,3.7608410589499645e-05,0.5932948765524119,0.4063189945158897,2
0.0007020481144819802,0.001420123201647289,0.4662402567073686,0.5316375719766043,2
2.59245136183292e-07,2.0246781133579805e-08,0.00017817378875089725,0.9998215467179511,3
6.9756902660293396e-06,0.0038948882850830292,0.004341608866445566,0.991756527159111,3
3.4236640287341657e-06,0.21457133986165827,0.017335398291239205,0.7680898381848376,3
4.717606790112888e-07,0.4135015283018279,0.00918316534856797,0.5773148345905204,3
2.4778459348866823e-07,0.8574088128944937,0.0055992833404302075,0.13699165598145957,1
1.617863135839165e-10,0.9675823090012445,6.581503871928355e-07,0.03241703268545436,1
1.185412778500595e-11,0.9793712789743025,8.502681343471383e-09,0.020628712510025547,1
8.14823126084566e-13,0.9773740463477684,3.1198995670603783e-09,0.02262595053115809,1
8.639019956417269e-12,0.9955772308425086,6.683792885992859e-09,0.004422762465251659,1
2.908045689546577e-11,0.9543037731679882,1.8141122202014178e-07,0.04569604539270494,1
3.948917092501667e-14,0.00013852121676996096,1.572481137815905e-10,0.9998614786252646,3
7.324063612389965e-13,4.876190303240242e-06,1.2513242576483456e-11,0.9999951237960629,3
1.6728981130223347e-11,0.03698632334565747,2.8590462361948035e-09,0.9630136737796947,3
3.0665240505198394e-10,0.9111665875917083,1.4728146647474625e-06,0.08883193928687637,1
1.2547681590190366e-10,0.9810509290662579,1.2842744299640747e-06,0.01894778653429072,1
5.4903960359311836e-11,0.9969860627230526,1.992004142725536e-07,0.0030137380202346184,1
9.534543999679182e-11,0.9840164609821147,9.251208052915688e-07,0.01598261380300869,1
5.548864166681653e-10,0.8156254656703805,5.201101840306466e-06,0.18436933267138486,1
6.784258100138054e-09,0.5789813829927082,1.3188222184135068e-05,0.42100542200004076,1
4.2766407750485316e-11,0.3285461687808679,1.484572188030301e-06,0.6714523466048259,1
6.10161872572892e-10,0.9711743801250768,1.6246842742911168e-05,0.028809372420294195,1
1.6357744208283457e-10,0.9964271419363889,1.6436235201621727e-06,0.003571214274972399,1
4.0252999161676603e-10,0.9896394159978591,9.698785750298991e-06,0.010350884815607777,1
3.944840553049244e-10,0.8711781897845823,1.8996472004892144e-05,0.12880281334920507,1
3.958551713974385e-09,0.8776629033622735,3.073505837553581e-05,0.12230635762023262,1
6.004800738188419e-10,0.9370872501351797,1.0628806244275586e-05,0.06290212045724965,1
3.2817458917819057e-09,0.9822905542405364,1.682570844685033e-05,0.01769261677061471,1
3.566359224671354e-09,0.9828394886872152,3.985699565469484e-05,0.01712065074897243,1
2.0335155943394154e-09,0.9736830894454942,9.394802359874343e-05,0.0262229604979229,1
5.336754369556457e-09,0.9953694782166319,0.00032642543151663474,0.004304091013427553,1
8.732155360854386e-09,0.9968564634881881,0.0006002084988235952,0.0025433192791798425,1
1.1183317872561205e-08,0.9881505250773371,0.0006157181713503382,0.01123374556882932,1
1.238509060774995e-07,0.9411548040259772,0.0025615894759437913,0.05628348264760251,1
3.227287801965359e-07,0.6809628732644651,0.002227761734763999,0.31680904227074963,1
1.254207036901968e-13,2.6060259921596293e-09,2.604075342300061e-11,0.9999999973661033,3
4.405163410283955e-09,3.340269574694032e-05,9.321645200532094e-07,0.9999656607363056,3
2.6563659055740253e-07,0.007252593721131899,0.0002122618579406813,0.9925348787851984,3
1.5571854214812632e-07,0.0024679068557727003,0.00044542869680377884,0.9970865087274062,3
1.8116331937360449e-07,0.0016141354018440514,0.0003060893489420993,0.9980795940867161,3
6.615164192131225e-10,3.991334706837317e-09,4.994107880822092e-07,0.9999994959363354,3
8.783484862761844e-06,0.010725859066014674,0.04268037324065682,0.9465849842067142,3
7.204630709917931e-06,0.03194412730149863,0.07029548997475214,0.8977531780926786,3
5.451977013348541e-05,0.10558926059767695,0.1320098837710979,0.7623463358616097,3
1.4670436778257007e-06,0.04039731666859821,0.015248507578160667,0.944352708708547,3
5.004169090306231e-06,0.6960440583922433,0.1078020694550722,0.1961488679827894,1
3.7949289676217857e-06,0.8330758253839334,0.0973744718547068,0.06954590783211649,1
4.276373908592427e-06,0.8309321145917995,0.05200948881435484,0.11705412022070978,1
9.126917930355245e-07,0.8492747465854916,0.02435525753721465,0.1263690831865961,1
1.826027365339587e-06,0.7531023764359457,0.024872197171431475,0.2220236003661818,1
1.1480675397662262e-06,0.04868540731598603,0.015724552737189448,0.9355888918775367,3
9.423132869100645e-06,0.03304233348633305,0.1263090357224707,0.8406392076598407,3
2.904992328834336e-05,0.08945025691761271,0.6567954509951428,0.2537252421637383,2
2.219245777750798e-05,0.06097871754378037,0.7034795459197898,0.23551954407893813,2
9.302159477947424e-06,0.0010008808785596155,0.6431710250588245,0.3558187919016449,2
2.1312589109156194e-05,0.0008125705919663911,0.7645881092887771,0.23457800753122807,2
5.864431729442755e-05,0.0009214810577881028,0.9429819777501403,0.056037896875287076,2
7.137860084941195e-05,8.915168405006174e-06,0.9306542586352856,0.06926544759497158,2
3.862690623129942e-05,0.0003168761303560006,0.9932466656474095,0.00639783131638002,2
6.612401461322584e-05,0.0006330345953836416,0.9840672610586552,0.015233580331684829,2
4.353639174115054e-05,0.0001359897708757438,0.7801946861292662,0.21962578770900013,2
2.562043888443087e-05,0.006691131044490772,0.789885194172298,0.20339805434257557,2
5.6313374141037834e-05,0.09488009602965247,0.7986556728899337,0.10640791770794605,2
2.751315075676074e-05,0.17403660348589864,0.43673046175057717,0.3892054216112947,2
2.8666987769397486e-11,1.0298542471881963e-06,4.404736446642282e-08,0.9999989260692328,3
8.471151067162764e-10,0.005518379854093687,1.0701321794789502e-06,0.9944805491661213,3
2.0467197313554005e-08,0.003173181536665093,1.1228730068947986e-05,0.9968155692666221,3
1.105211961006127e-06,0.038338288226510614,0.0014509273268014417,0.9602096792333018,3
2.0347684293859882e-10,1.4719910724903516e-07,2.0033051116462997e-10,0.9999998523962967,3
1.6874224989148166e-08,0.00021521985052691965,1.4340844346140643e-05,0.9997704224295275,3
8.571628110970173e-07,0.004081629677849433,0.00014300517763462606,0.9957745079823738,3
2.3286413711737717e-07,0.005934499827952843,2.413566469546906e-05,0.9940411316448889,3
5.077131544963692e-07,0.10430445196001792,0.0012640459192717877,0.8944309944078416,3
1.640336073427956e-07,0.2073507010023754,0.00019094810950197994,0.7924581868544568,3
7.474731428918548e-08,0.4433607799304747,0.000283303033635136,0.5563558422890003,3
1.4340294598716488e-08,0.75093960823002,0.0004349789175356654,0.24862539851325827,1
3.732871381456643e-08,0.9617450210467534,0.00014019445691754366,0.03811474716822799,1
3.4588240903524543e-09,0.9392052145187781,2.2528726948176594e-05,0.06077225329713086,1
4.632725623779091e-09,0.9370956033999905,2.701418404237194e-05,0.06287737778450961,1
7.867322258340306e-10,0.9645797036913102,3.0617579844683467e-05,0.035389677942192416,1
3.3368470747480267e-09,0.9931373422981324,2.955350158152746e-05,0.006833100865012699,1
5.17659615305907e-12,0.9833295518162156,1.8741593016903252e-07,0.01667026076202544,1
2.154328947407756e-12,0.9910746139318208,1.0811320492065097e-07,0.008925277953831669,1
4.851941571871359e-13,0.999082190537295,5.2329657897611395e-08,0.000917757133812354,1
1.1592785340695205e-12,0.9995150610971397,8.136974545412298e-07,0.00048412520355369995,1
3.6170968315288855e-12,0.9988760894144122,1.4566948505808468e-06,0.0011224538855597222,1
7.604230207683961e-11,0.99642274946618,5.172410385942632e-06,0.00357207804611136,1
2.6591649926722465e-09,0.9265550910709434,0.00012854757220506882,0.07331635869601583,1
1.2152161017663544e-12,3.0054645647603133e-06,2.7647504335928326e-09,0.9999969917707631,3
3.5236968897986806e-08,9.4068940783042e-05,1.0697089893994273e-06,0.9999048261125081,3
8.337619642975168e-08,0.007146163779337532,8.897125008050112e-05,0.9927647815938494,3
1.2939294569805903e-07,0.0025353106837334534,0.0015296955749938028,0.9959348643490243,3
1.4402461984274146e-06,0.00609856228147476,0.02645221241600969,0.9674477850552786,3
5.429874429308472e-05,0.008343143117167957,0.8362149723948433,0.15538758574222944,2
8.447577420089035e-05,0.000579068102864445,0.9813326245577391,0.018003831564069196,2
3.419911999916381e-05,5.836480682164316e-05,0.9993241082611111,0.0005833278118291435,2
4.7518138064401235e-05,1.098230281167504e-05,0.9996499267008636,0.0002915728574740432,2
2.9442943208123944e-05,8.729328094969244e-06,0.9997209237016421,0.00024090402762860162,2
0.0001540791772530734,1.3495281428302121e-06,0.9985065117439856,0.0013380595493147995,2
0.00016531391866991856,4.118965990557261e-06,0.999105737927096,0.0007248291878312639,2
0.0001855000520272543,4.761331709191906e-06,0.9993574538898301,0.000452284726563918,2
0.00021770672751630075,3.2385575589660307e-06,0.9987296536791154,0.00104940103721265,2
0.0006410032259668126,1.933587266510409e-06,0.9989262536989072,0.00043080948861919175,2
0.0008006450770431592,1.8702263448552116e-06,0.994758612223363,0.0044388724724576225,2
0.0003264171635506266,3.250127617414353e-06,0.9994347213243525,0.00023561138398557675,2
0.000237087513536237,1.994354871366867e-06,0.9996346863199796,0.00012623181161853624,2
0.00022350416529233266,1.0090837198582444e-06,0.9992297364633183,0.0005457502888340795,2
5.760764733689986e-05,3.2096136562728667e-06,0.9998632120144915,7.597072390052224e-05,2
4.2742371963761446e-05,3.3193614658799993e-06,0.9998128966145258,0.00014104165222579028,2
4.9421208438397645e-05,3.0821047896574555e-06,0.9997160636609076,0.0002314330274930331,2
6.86204463125208e-05,3.2403294157623565e-06,0.9997318506545974,0.00019628856807691613,2
3.7619065515424025e-05,9.792210678178291e-06,0.9980198468020377,0.00193274192023636,2
4.17076086926099e-05,6.822344113050762e-06,0.9993759674227265,0.0005755026231640759,2
3.313386904310751e-05,4.965842850732133e-06,0.9998964325506741,6.546773908709937e-05,2
0.0001313131859313823,2.275299946919618e-06,0.9996001530208379,0.0002662584920874853,2
0.0008509864698137687,2.228935484928148e-06,0.9988350075951575,0.0003117770010144974,2
0.0055397386385245976,2.280588064230766e-06,0.9943860218756079,7.195889647847143e-05,2
0.051224105224829126,1.7060599444872193e-06,0.948595791492234,0.000178397222666322,2
0.3008903436434691,2.7522104487201637e-07,0.6987547151880206,0.00035466594734665966,2
0.8818005021942591,6.613583218239453e-07,0.11776507416305455,0.0004337622841867542,0
0.9965540609599891,1.68682033180259e-10,8.198149945062304e-06,0.00343774072230984,0
0.9977202841583327,2.3725933401110043e-09,2.978507530669751e-07,0.002279415619905629,0
0.9912744163954282,1.2996269283096691e-17,1.5774637365600281e-10,0.008725583446395948,0
0.9997798099885375,6.836542490168858e-11,4.628688578064604e-07,0.00021972707407857167,0
0.9999800276412296,2.4012839430021307e-12,1.1531041846928543e-07,1.9857046865957902e-05,0
0.9997610623606462,2.669988000323197e-10,0.00020891635152621473,3.0021019509661505e-05,0
0.9996868885470064,3.4453146854015627e-09,0.00026015518016722134,5.2952827933396324e-05,0
0.999118287041086,7.087427424915336e-12,0.00013104774680593273,0.0007506652045227523,0
0.9999254033130996,2.4346112883075216e-10,3.0137384426010315e-05,4.445906076840566e-05,0
0.9998860458285215,5.075244030896333e-11,0.00011144841778990877,2.5057011532152974e-06,0
0.9999062042378308,4.865952347789565e-12,9.024427834515469e-05,3.5514803573893955e-06,0
0.9999110934456747,1.3084807562349992e-12,8.61945447976232e-05,2.7120076360963295e-06,0
0.9999884361073017,3.5275037746729337e-13,9.904170111698647e-06,1.6597240114426123e-06,0
0.9999745362951834,4.679399794338647e-13,2.392207665937661e-05,1.541627289844486e-06,0
0.9999654270333238,6.67678227118462e-13,2.969215332987891e-05,4.880814235104531e-06,0
0.9999783290642748,3.924872417192338e-13,1.410151953397423e-05,7.569414607614645e-06,0
0.9999744678083407,4.7280994840677495e-12,2.4203849912017214e-05,1.328338388735937e-06,0
0.9999549160579102,1.3446651179014585e-12,2.9611468578024585e-05,1.5472472995259327e-05,0
0.9998181268810507,2.1093804561376228e-10,0.00017542708418758559,6.445824438388432e-06,0
0.999799599141098,8.717344054655313e-10,0.00013232109013009652,6.807889588477481e-05,0
0.9985658153047806,1.035028922706654e-12,9.415337694261462e-06,0.0014247693577155876,0
0.9998817180094524,1.383014615937169e-09,2.2911815901254448e-05,9.536879061315756e-05,0
0.9995369894098867,2.2423087708459535e-09,0.0004455327666463777,1.7475582219686672e-05,0
0.9994548359399712,6.768080931599229e-09,0.00048078435225169585,6.437294004276787e-05,0
0.9936752980571888,1.2150800616169352e-10,0.0019665031339360563,0.004358198686273029,0
0.9839996125477947,6.953825801124913e-07,0.01565642126552736,0.0003432708030209887,0
0.971459376629997,1.0528315055676467e-07,0.02829237819331338,0.0002481398932990229,0
0.8897715024078621,9.515105152365844e-08,0.10796297609799037,0.0022654263445448055,0
0.5930961548541105,3.293297394780789e-07,0.4043480913627135,0.0025554244516303904,0
0.28746432132058214,9.882000339918982e-07,0.7113072595638155,0.0012274309157085652,2
0.038923981212491125,2.4062277601894883e-06,0.9608166978573109,0.0002569147017201523,2
0.015518299866198543,2.736831712783263e-06,0.9832936317690903,0.0011853315318790557,2
0.015907317845184538,3.9840301656473165e-06,0.9839165529845758,0.00017214513870721549,2
0.04083263377044081,1.5419673945626909e-06,0.9586929779928623,0.00047284627002300143,2
0.04539558111888187,1.5286730847862404e-06,0.954459746819247,0.00014314339018029078,2
0.04481455377055248,1.2164628601717017e-05,0.9541854481085982,0.00098783349238426,2
0.04773221495585275,0.0002251717607330715,0.9059592519293076,0.046083361353795635,2
0.025841061719460396,4.481264271198513e-08,0.0817768091703602,0.8923820842964659,3
0.029428022975135377,0.002530130110432423,0.17382982636177047,0.7942120205510568,3
0.0050822771625427185,5.961909012894549e-08,0.035310897810461594,0.959606765408245,3
0.009035637440398783,0.002677321870173832,0.7006289588961218,0.2876580817940475,2
0.00829534822285872,2.2354794423094785e-05,0.645715470442887,0.3459668265409139,2
0.008562144889449294,0.0008312187283865267,0.6788949401185717,0.3117116962619039,2
0.0053499486092523805,0.0002471402002172719,0.49848500378373106,0.49591790740542374,2
0.00038728791070436586,3.431315534769722e-07,0.08598350562990364,0.913628863328617,3
0.001053349702592653,0.00032790556288747754,0.9712595519259323,0.02735919280969577,2
0.00012181326209559994,2.9103389314083103e-05,0.9988660963903296,0.0009829869588824666,2
3.4357453416984144e-05,6.470651750570772e-06,0.999893899746152,6.527214973162834e-05,2
2.3397067971522572e-05,8.196631463140797e-06,0.9998905648138943,7.784148781810217e-05,2
1.973107214994322e-05,1.150555903710337e-05,0.9998644245550266,0.00010433881515642638,2
1.4949766702816925e-05,1.2605129755291446e-05,0.9999032034932539,6.924161134326908e-05,2
1.8580902374308304e-05,3.052042210164564e-05,0.9994889572860506,0.000461941390022313,2
1.4350139969808133e-05,9.456648127177565e-05,0.9994526311438087,0.00043845223521600594,2
8.930648855814397e-06,0.0002866896991964578,0.9943722261167792,0.005332153533774967,2
1.8773373501124534e-05,0.0015110711852666504,0.9957376870120934,0.0027324684281888807,2
8.030043262904968e-06,0.004127399475696573,0.9952444570709174,0.0006201134097161237,2
1.6289779961440194e-05,0.010073437085528936,0.9867636334325043,0.003146639702832104,2
3.061069555991851e-05,0.04290926328309207,0.9301054065902892,0.026954719430147347,2
2.0008059496058527e-05,0.2551521640902862,0.4694656650912475,0.27536216276012165,2
9.281459244491051e-06,0.7194977023403583,0.1845493670446005,0.09594364915455264,1
2.8110324977361084e-07,0.823771094299755,0.0011828682353564575,0.17504575636191042,1
4.310997694276223e-12,0.694526574902825,1.3396891735681482e-08,0.3054734116946843,1
3.547344595724291e-10,0.964807776981759,1.0040612952991726e-06,0.03519121860044545,1
4.700469734815571e-10,0.980456353754714,7.540625298550562e-07,0.019542891711143262,1
1.2044905263554905e-10,0.952264747069864,1.0027202665440808e-06,0.04773425008799755,1
1.6543090272328253e-09,0.9787382915508065,3.799964546669037e-06,0.02125790683130779,1
2.596337228058874e-08,0.906622630720084,0.000304863617481285,0.09307247969999942,1
9.909809756562523e-11,5.0995514478392447e-05,3.6663396406433025e-09,0.9999490007193554,3
2.4220568643660466e-35,3.8832892597378535e-39,1.8818273631178314e-38,1.0,3
1.9087198637860458e-08,3.780347195066701e-05,8.430216871542263e-07,0.99996133442066,3
2.5635208290111544e-09,2.062144371382064e-05,5.9390312728646796e-08,0.999979316601812,3
2.2918426357208555e-07,0.09403499414794993,0.00019876986785941016,0.9057660067990834,3
1.182785458443596e-15,1.236946906325365e-11,2.0162026613627053e-16,0.9999999999890861,3
1.8206563603720324e-10,7.865659169107707e-06,6.645605812318914e-09,0.9999921275139713,3
1.7046098132681035e-08,0.012154085142779072,5.78106235527217e-06,0.9878401167487977,3
7.666959661977949e-08,0.009932992890394591,4.1956131070749716e-05,0.9900249743086064,3
4.958077373098771e-10,2.1086436341211742e-08,8.405652548349717e-09,0.9999999700121411,3
1.9193899213399006e-09,2.3573783559855013e-06,1.439366356093277e-07,0.9999974967644856,3
4.3823390781327854e-07,5.235423321783457e-05,0.00013578777790463324,0.9998114197561826,3
2.1741580569649727e-06,3.0225853777357575e-05,0.0012125476271284197,0.9987550523614335,3
0.0006714694476309665,0.01219595760294383,0.16298494216237788,0.8241476307860512,3
7.730076525018368e-08,1.7025429203737994e-09,1.4352180152093817e-06,0.9999984857797795,3
8.208891201241046e-06,0.00019120725131374975,0.0004338984921016306,0.9993666853636454,3
3.093467143693336e-13,5.502036536099571e-13,4.950489543157291e-12,0.999999999992724,3
4.923829891450228e-10,1.0805244434894902e-08,7.736365190078016e-09,0.9999999809660951,3
7.95277257663872e-14,1.5323042133475587e-12,5.757706563328878e-13,0.999999999996362,3
3.268208211914263e-07,8.233197212601926e-07,2.7626726536797342e-06,0.9999960871868251,3
5.0338483090982486e-29,1.0762256922302155e-35,2.587124647062289e-30,1.0,3
6.823263610050072e-12,6.182849147402132e-14,6.867025662701044e-13,0.999999999992724,3
2.3058469068121044e-05,1.1247692504967384e-05,8.988574329287786e-05,0.9998758080945954,3
3.714239676515562e-06,1.0228122480658794e-06,5.139909585493907e-05,0.9999438638519608,3
4.0427559697788717e-10,2.8305484557902586e-11,6.310719329242368e-10,0.9999999989377102,3
8.574623122660187e-06,4.031631179346757e-06,2.453982689447483e-05,0.9999628539177039,3
8.73184927393051e-08,1.4877824345558363e-09,7.180048506821943e-08,0.9999998393941625,3
8.906287637348832e-18,2.447909129374803e-25,1.1884908570571115e-19,1.0,3
1.420981377037146e-07,9.318771066154848e-08,8.589756549114097e-07,0.9999989057402293,3
0.00015695118969816154,4.678138451900286e-05,0.0006510214380261203,0.9991452459863044,3
2.233159626893025e-05,1.1717955331827314e-09,5.335770068548042e-08,0.999977613875224,3
2.932004565738031e-08,8.536752313658933e-15,1.2808645628535848e-12,0.9999999706778913,3
0.006772967164123577,2.3991463091506056e-06,0.0002095593900874777,0.9930150742999588,3
0.01075651263598964,3.8393988662196906e-05,0.000793998469347255,0.9884110949067608,3
0.013811951935585284,9.769483468392257e-05,0.002473414347899304,0.9836169388812132,3
0.001265927439910352,4.329762542711804e-07,1.2048078555626807e-05,0.9987215915061443,3
1.3988918268364297e-05,1.8741284831677855e-10,3.664091693217424e-08,0.9999859742530588,3
1.950921650251451e-18,7.423431364124625e-35,7.420034699696318e-31,1.0,3
0.6709890801214754,3.146563148214136e-14,6.638220116430211e-11,0.3290109198112774,0
0.9989161248305672,1.3205903353182674e-11,7.871780017299596e-10,0.0010838743704991876,0
0.999957204980873,5.07504943487574e-13,1.551987323980604e-10,4.279486382319578e-05,0
0.999991204002558,7.957019093819837e-13,9.841529501505894e-11,8.795896937622332e-06,0
0.9995977174326486,4.372362662771925e-17,2.5083760089833406e-12,0.0004022825661761632,0
0.9999063131414306,5.806611233699381e-15,2.447251518099211e-11,9.368683297566148e-05,0
0.9999977992035044,1.5832436416284987e-12,2.4847434120651784e-11,2.2007685182912346e-06,0
0.9985304514649894,6.096668624854217e-13,2.2753822104215215e-09,0.001469546257909148,0
0.5506150743675498,1.3812718119748558e-14,2.618180188263488e-12,0.44938492562954135,0
1.011867741216853e-05,3.812173481905356e-25,7.739063321236807e-21,0.9999898813223704,3
0.05139116875433355,5.056144796284783e-07,7.495965343073914e-08,0.9486082506712651,3
3.8581621244630156e-14,1.1930363838747554e-26,4.7029789363033906e-27,1.0,3
2.640143575544744e-11,1.7302285376165054e-29,1.131653442031078e-25,0.9999999999745341,3
0.942134867688952,1.3235589408037382e-13,5.382618337541649e-12,0.05786513230461006,0
0.9990998895182244,3.399123660139807e-12,8.009286164849764e-13,0.0009001104793917515,0
0.999629889106725,2.671439751391986e-18,2.3090058636067537e-15,0.0003701108950195379,0
0.9999994575847829,2.305249579869126e-16,4.3475460331829265e-13,5.424157431305094e-07,0
0.9999997403174685,2.9628030785858596e-20,1.624959370844696e-16,2.5968119516623715e-07,0
0.999999405347075,8.55148767090415e-19,1.622887219299928e-18,5.946515610137872e-07,0
0.9999321837208004,1.1689313490476804e-20,2.4100890693800215e-18,6.7816280322521e-05,0
0.9999979419938686,8.975709309903777e-15,5.294099580790477e-16,2.058005593487217e-06,0
0.9995648527657837,1.150965800950184e-15,1.2610639680948328e-15,0.0004351472328706102,0
0.9625913025653792,8.480062646178177e-17,1.7081464238522956e-17,0.03740869743528194,0
0.952604557517014,1.5097484190402716e-10,2.6779835197273543e-13,0.04739544233352171,0
0.10350933109146729,4.2791356234026116e-14,4.672697280203763e-15,0.8964906689100205,3
1.3414747596767347e-15,1.8454067354270903e-26,3.4480964814169384e-30,1.0,3
5.446920983746932e-05,1.0826474268498615e-13,1.8862005918689416e-16,0.9999455307907982,3
0.009376947333940873,1.412546887098175e-16,1.3786153209296677e-14,0.9906230526652942,3
0.9799001567153834,7.132605831751996e-13,4.390066996424637e-11,0.0200998432391253,0
0.9999800723038044,2.2121064044302778e-14,2.3020208877446222e-11,1.9927673222615507e-05,0
0.9999997902669058,9.491889616232576e-17,2.0386581997002997e-11,2.0971358861173618e-07,0
0.9999996402294266,2.9372555025016184e-17,3.086761666877009e-10,3.594627834498535e-07,0
0.9999970840441842,3.051693536289969e-14,3.4121866733364534e-10,2.9156155949526932e-06,0
0.9972049742761725,7.690284925015987e-16,3.6894237798048235e-10,0.002795025354124238,0
0.994822647367125,3.5477320110261485e-12,8.312695289481027e-10,0.005177351798733435,0
0.9879165483718642,1.3544851420088413e-07,3.5870052044187245e-05,0.012047446127090843,0
0.39976243807734174,7.828364476798375e-12,1.3821303350504245e-07,0.6002374237027941,3
0.39259217482937236,3.811256218220329e-05,0.0005668966201722342,0.6068028159881533,3
0.008210468969926502,9.774158800356459e-12,8.683835168350442e-08,0.9917894441812403,3
0.08209978258864795,0.00039690128352534113,0.008786659772760394,0.9087166563551216,3
0.06753496234376903,8.353521504032312e-10,4.1789118662502535e-07,0.9324646189295601,3
0.060292547624658625,3.6473929403113726e-08,1.689326713911502e-07,0.9397072469686009,3
5.759264722031572e-05,7.575518442165605e-12,1.4505726250060195e-09,0.9999424058948121,3
0.0008950326679777385,9.931180737683968e-07,9.266985148566917e-05,0.9990113043634344,3
0.0016406507661612419,0.0002132469348425909,0.05711475210019471,0.9410313501997792,3
0.0013887200249828543,0.00421575864017939,0.1306612250845375,0.8637342962488007,3
3.118097327372552e-08,1.2643079915524197e-08,6.677704443068362e-07,0.9999992884043225,3
1.755776759601036e-07,2.565239884506045e-05,7.517565989883882e-06,0.9999666544566035,3
1.6612506206166201e-07,3.0127136521401837e-05,0.0004247476077726382,0.9995449591298794,3
0.00013562548352352572,0.04393998581445594,0.13297049140889997,0.8229538972938106,3
1.73145746454607e-05,0.0001995547398302539,0.015153155373493644,0.9846299753132342,3
1.0938352784871093e-07,4.583393595867231e-06,0.00023271440186773654,0.9997625928211481,3
2.685640221792523e-06,5.2601783887939755e-05,6.585493679957701e-05,0.9998788576381936,3
1.2372907205740607e-08,2.1025599998586842e-08,3.4483479494718516e-05,0.9999654831217434,3
7.169701999377915e-05,0.0022814995621184718,0.3239013640922335,0.6737454393249093,3
5.1669361889801386e-05,0.00180627121025603,0.4140926835040059,0.584049375925246,3
2.674776199273748e-05,0.025837201089399502,0.46936780418352814,0.5047682469640637,3
6.026270372954824e-05,0.04610180152386242,0.4754379557954009,0.4783999799780163,3
1.598090584959935e-05,0.005535501379531649,0.13032792948418337,0.8641205882289196,3
1.3708967205994425e-06,0.0027146859935602693,0.031083701523666372,0.9662002415843802,3
1.3777041564537253e-05,0.06494516153089007,0.056452949066240585,0.878588112362226,3
3.70190094303863e-08,0.0002661610948458249,0.0003797616787617568,0.9993540402066844,3
3.4630071680012856e-05,0.01684724175803716,0.030276556429215087,0.952841571742781,3
3.718077041988422e-06,0.0008474026137662276,0.011414936735305041,0.9877339425727855,3
1.26562803882897e-05,0.020556368118365854,0.08016393763265996,0.8992670379701038,3
0.00014064989984671815,0.06018215872064674,0.2037981207219469,0.7358790706561431,3
3.149854872236136e-07,0.0026361926547653703,9.184151844596417e-05,0.9972716508419688,3
2.534384507325687e-08,0.002909608611980984,3.7381961205650624e-06,0.9970866278469317,3
7.569159961482853e-08,0.014907909964869855,0.0001080360494079631,0.98498397829435,3
2.7022296076409713e-07,0.010319528160241374,4.3259403085558564e-05,0.9896369422147984,3
1.5967144997187755e-08,0.0028474395602445164,5.448653984337458e-06,0.9971470958200869,3
3.1051576062358228e-09,0.08249593489774217,9.614656917350134e-05,0.9174079154285453,3
4.2555671840446904e-07,0.8499612342902945,0.0047182032176282815,0.14532013693606294,1
2.145185225586128e-07,0.9240714034557591,0.002185305732555905,0.07374307629403105,1
1.0786735680841835e-07,0.9180476176223106,0.0010010487005675467,0.08095122580898152,1
1.0993540743989589e-07,0.8623159803065688,0.0007775872183975725,0.13690632253881782,1
4.545148738243152e-18,9.083421380295037e-09,3.57261219240065e-14,0.9999999909159669,3
2.696734984771486e-18,5.27253560207908e-10,2.0430279332854916e-14,0.9999999994724931,3
5.207438821404526e-09,0.8048307263833936,1.4864815105915959e-05,0.19515440359289715,1
6.412228819185724e-10,0.9201590325861324,3.28801158363986e-06,0.07983767876065717,1
3.7955871495385627e-11,0.965056521329075,2.863618846466294e-07,0.03494319227022755,1
2.4635996313539587e-11,0.9943099840424175,1.637668390083487e-07,0.005689852166543652,1
5.036085654397073e-11,0.9942972051616822,1.5109115689625355e-07,0.005702643698570391,1
2.6109910095950467e-13,0.9379660835301487,1.0754099331712254e-08,0.06203390571424231,1
1.4112295795126127e-11,0.9905345741536605,6.58925086400077e-08,0.00946535993888683,1
4.71862409181742e-11,0.9965756476696974,2.391646347232379e-07,0.0034241131178885465,1
2.968518563017937e-11,0.9617749172898331,7.976305812875305e-07,0.03822428504816249,1
2.091452303755637e-09,0.5609114627230182,6.969239526549553e-05,0.4390188427892265,1
3.33436144540996e-08,0.4510414516272101,6.058152211005128e-05,0.5488979335082421,1
4.531006714402861e-09,0.5783362100665186,1.7753701883844374e-05,0.4216460317011411,1
1.0497155738572284e-08,0.9173921768516797,0.00013404449706984123,0.08247376815585161,1
2.060052936862255e-08,0.9773236385218499,7.093834298171783e-05,0.022605402534358793,1
6.752324760550745e-11,0.9141753595382597,6.673422579388556e-08,0.08582457366038744,1
3.178260754979391e-12,0.9038607926214507,5.4502538897773245e-08,0.09613915287331617,1
7.91803914330981e-11,0.9868156042192345,7.055683863519264e-08,0.013184325146167353,1
1.2300408284469253e-11,0.949189210115511,7.918503086541843e-09,0.05081078195522931,1
6.719081338183419e-12,0.40155126982921946,4.2778092069811015e-09,0.5984487258853444,3
1.712532681378797e-13,0.002766995427132802,9.721900831201352e-13,0.9972330045711357,3
3.1513277911452428e-12,0.9531314997370028,2.688327617630119e-09,0.046868497572283646,1
8.212032269964875e-12,0.9894777806879195,3.720805283246279e-09,0.010522215584596454,1
1.1606254057142003e-12,0.9802778080021172,1.4273411063966597e-09,0.01972219056836326,1
2.435637288213322e-13,0.9575078914683637,4.524734102263139e-11,0.04249210848469147,1
9.618179278131174e-14,0.9577523452150596,5.3995385597668695e-11,0.04224765472943387,1
1.14079206175143e-13,0.993479143217706,2.6828749119520856e-11,0.0065208567545429405,1
5.226008773496246e-14,0.9907998813464135,6.918336334420683e-11,0.00920011858286982,1
9.117099334936294e-15,0.9934768110891868,2.806292099344675e-12,0.006523188909100004,1
5.668651974698125e-15,0.996954304795408,6.0368419903929154e-12,0.0030456951987023204,1
5.567114902567286e-15,0.9981186201751546,6.204640683412721e-13,0.0018813798253486344,1
9.626344531680002e-13,0.9617284781600131,5.000863939759873e-09,0.03827151683733838,1
2.529368161592966e-11,0.12557534944126855,4.8416665583622514e-08,0.8744246021167753,3
5.385892750842464e-12,0.007056335605971893,1.0366078114188094e-10,0.9929436642850191,3
1.974532260012833e-11,0.5546628634943819,9.855556612986291e-08,0.44533703792914614,1
2.4280079140757414e-12,0.9729566481473321,3.585831540927721e-08,0.027043315991706535,1
3.4060742095387625e-13,0.9987172015290892,4.942641818645536e-09,0.0012827935290233216,1
9.048496503607199e-14,0.9993661371840173,6.369764443378503e-09,0.0006338564443810807,1
7.680028585766532e-15,0.9957122507618202,3.331738871082367e-10,0.004287748906664404,1
2.7390641989101113e-13,0.9979111250627029,1.082780003594799e-09,0.0020888738538615372,1
2.7224726471657284e-13,0.9886560521032722,4.871702422814998e-10,0.011343947409633438,1
6.450664815721574e-14,0.8239713111219459,9.840610631169971e-11,0.17602868878116215,1
9.191244361407485e-12,0.03148956883282165,1.7347009461343277e-09,0.9685104294218849,3
5.799467285811974e-18,2.67507272411497e-12,9.339900790259131e-19,0.999999999996362,3
2.8099926946570678e-18,4.196962967536515e-10,1.1100061147342618e-18,0.9999999995816324,3
3.964822189912032e-10,0.21190318194378235,1.7558444030806525e-08,0.7880968001003732,3
1.9158926002039891e-10,0.07987934564473158,1.7356952927102897e-07,0.9201204805925259,3
1.365962055091402e-17,4.680858333404485e-15,3.4255618314190863e-16,1.0,3
2.0316667475375658e-08,0.02709893934567721,9.367118973854686e-06,0.9728916732195514,3
9.408651847766306e-15,8.047966987019063e-15,4.5626037723658514e-18,1.0,3
1.6175858311478302e-09,0.0025981167645131188,6.1662160507696e-08,0.9974018199546391,3
4.179741842316759e-10,0.022205410422909664,6.683264196032832e-07,0.9777939208315723,3
2.5718349558001838e-08,0.2809487473599609,1.4122634301096991e-05,0.7190371042864236,3
8.852124157238838e-10,0.2838927878253026,7.898444134255617e-06,0.7160993128436214,3
1.0303242381218799e-07,0.5709212668139875,7.921785641148289e-05,0.42899941229779076,3
3.0384545236579526e-08,0.5975566333168012,7.46748636988283e-05,0.40236866143328937,3
3.2045323861300646e-07,0.7534208514953293,0.0009243252028656895,0.24565450284965074,3
1.2325880492737798e-07,0.5763617745019085,0.0003734646026084687,0.4232646376364117,3
9.901951059134682e-14,6.617274384161709e-08,2.0444860509605396e-11,0.9999999338069778,3
2.2745730237689094e-07,0.02728736809174585,0.0003451876165879738,0.9723672168340025,3
2.613223572270489e-09,0.009182977228840025,1.9246012793821464e-06,0.9908150955549108,3
2.534297239028535e-08,0.15956856708436326,6.755488117769724e-05,0.8403638526930783,3
6.670533988939856e-10,0.2281588598059472,1.297527701384948e-05,0.7718281642491157,3
2.2934662212779155e-09,0.9359943391937243,5.678519641603306e-05,0.06394887331621679,1
5.685009840192893e-10,0.9897459312334501,5.748531867847133e-06,0.010248319665474676,1
3.5371707322581835e-10,0.984358762987484,1.337491413480333e-06,0.015639899167461207,1
2.466873684507844e-09,0.903037445500279,2.35001210012593e-05,0.09693905191345234,1
1.7193523871016426e-08,0.26246810923900044,5.7520619581766126e-05,0.7374743529461174,3
4.8903887144927234e-11,8.687152059073657e-06,1.7656844718112948e-08,0.9999912951404055,3
5.976711579697146e-09,0.023502020643068038,3.9160336302037485e-05,0.9764588130424536,3
6.577729027968796e-08,0.7223274260092837,0.0005714518746391193,0.27710105633718185,1
1.600233951311676e-08,0.9312640051543383,0.00020915783465271575,0.0685268210095619,1
2.5814480475834486e-08,0.977027141381173,0.00012630643093830513,0.022846526371705436,1
3.2738100668184466e-08,0.9402214912584975,0.00032805295644167695,0.0594504230467485,1
1.8050514933667994e-08,0.34443624824480595,0.00024062355287640238,0.6553231101525888,3
2.8388991562357877e-08,0.13583700332328472,8.731899324680141e-05,0.8640756492959369,3
3.6433004691203437e-06,0.32425032931318043,0.009061876272931351,0.6666841511132686,3
2.898358655058207e-07,0.2523607409884738,0.0009361995610569129,0.7467027696140661,3
7.750431972432752e-08,0.32655951143800427,0.0008323749756527978,0.6726080360836901,3
4.115817354488829e-08,0.6810250659606726,0.0013967437621961569,0.3175781491191974,1
5.308720840601442e-08,0.9694765623852994,0.0011165086934559845,0.029406875834410456,1
5.678715583945481e-09,0.9879022959448218,0.00020468099634813575,0.011893017379728742,1
9.040400228681395e-10,0.9948984519750776,7.72530475035144e-05,0.005024294072542942,1
1.9999971401176174e-09,0.9973581769579016,5.3672830253479245e-05,0.0025881482135634423,1
2.1892944902375513e-09,0.9690022988089735,6.78858663784911e-05,0.030929813134101133,1
1.6074739234876453e-09,0.8901070123629716,8.100488870843266e-06,0.1098848855401758,1
2.5947044115659015e-08,0.9744693330129026,0.00011263923803111046,0.025418001801832173,1
6.213204071922377e-11,0.9424277458482397,5.2884204200600724e-06,0.05756696567050752,1
3.239996294311952e-11,0.9856188285795215,1.5238891831650905e-06,0.014379647498267199,1
3.8723161202958385e-11,0.9988325361531581,6.516702730849171e-07,0.001166812138097813,1
1.7747303232465195e-11,0.9956153307130794,2.041069298859234e-06,0.004382628199504131,1
3.770989765920612e-09,0.9922256475552416,6.35635021024507e-05,0.007710785171491524,1
6.053707126676332e-11,0.9550300005881338,3.839482513916871e-06,0.044966159868961436,1
3.243791464315596e-11,0.9930166934324894,3.1757307474066798e-06,0.006980130806102637,1
1.3650147329511953e-11,0.9992906813560024,1.1716581264066445e-06,0.0007081469738323926,1
2.615263041136995e-12,0.998457231170304,9.29873212066797e-07,0.0015418389543742745,1
3.94150339518283e-11,0.9968490324579273,2.0708043031236886e-06,0.003148896697627842,1
2.3198853364973837e-10,0.968431943268262,2.6896336071099268e-06,0.03156536686740342,1
3.0909661142155434e-10,0.8446946637855012,2.2024710819639215e-07,0.15530511565844426,1
4.460935131600968e-12,0.8234387327911373,8.456018614297005e-08,0.17656118264462847,1
4.57478159329785e-12,0.9917241805911361,1.1879789879016906e-07,0.008275700605094164,1
1.8041449333241294e-13,0.9988048639407107,2.330582858509203e-08,0.0011951127546568378,1
1.971414772262346e-14,0.9994680249026001,1.2621510866372681e-08,0.0005319624766766686,1
1.447094652465099e-14,0.9996296953069691,1.113436633724736e-08,0.0003702935571600856,1
2.7990437369159258e-14,0.9994279452897502,6.150801950878777e-09,0.0005720485607672661,1
8.177888026882432e-15,0.9977568869968269,1.2282662888291146e-09,0.0022431117766243225,1
3.4926371528429925e-14,0.9987063902789458,4.851378251478321e-10,0.0012936092357976523,1
2.1079674550639558e-13,0.9968791271534325,8.591026239378044e-10,0.003120871985573686,1
2.5175512649922153e-16,0.9881273233893829,8.618531936304283e-15,0.011872676609071818,1
2.249189867508045e-14,0.9912951277729839,4.877872328418363e-13,0.008704872226348971,1
1.4766383001686189e-13,0.9113229954542378,3.341298007001757e-11,0.08867700451124638,1
8.690686999638506e-14,0.27613556936923545,4.985294986698499e-12,0.7238644306254307,3
1.5210830340661781e-15,0.4799986262699569,1.7160137378949777e-13,0.5200013737294399,3
1.7683439337588556e-14,0.9683297261128339,7.343612013194908e-13,0.03167027388810516,1
2.134871317250206e-16,0.9946644839663549,6.4754172287996e-14,0.005335516035163253,1
1.960230761710497e-16,0.9993608572702871,3.032065208043638e-14,0.0006391427292603334,1
1.4595071498988823e-17,0.9983127832026285,8.035607967877961e-15,0.0016872167973982762,1
5.1756713972063416e-17,0.9983389700367269,2.997038493914443e-13,0.0016610299615605585,1
3.2966056871707643e-17,0.9996069878695674,1.7753105531071703e-13,0.0003930121310240647,1
4.3122336365801055e-17,0.9995970566962175,1.6588766102131048e-13,0.0004029433023105751,1
3.748401176705998e-17,0.9980469652405265,1.6666977368984598e-13,0.001953034760351159,1
1.9978427948835099e-16,0.9985150423413681,1.8986098855958027e-13,0.0014849576579323207,1
3.14650511629085e-16,0.9959127860880843,3.0518630675996167e-13,0.004087213909802846,1
8.446952492907365e-15,0.9946185467451705,3.6370271576896826e-13,0.005381453253201753,1
4.473887009139204e-16,0.9689727143213769,8.182286582767028e-14,0.03102728567914189,1
4.25882290230693e-15,0.9973405047857234,6.551520432725131e-13,0.0026594952153353073,1
2.737902878925348e-16,0.9967334495322445,9.148965461846629e-14,0.003266550466288164,1
4.2053573132092616e-17,0.9988637911634214,1.611677015965262e-13,0.0011362088370102136,1
2.173604919977826e-17,0.9994412679293999,1.1241889261201407e-13,0.0005587320697525908,1
3.905714746810903e-18,0.9990203101117558,2.8472245348639416e-14,0.000979689888551033,1
2.336374183469916e-17,0.9994551224164626,4.361640655300353e-14,0.0005448775842196115,1
5.528246925258227e-16,0.9988449646208936,3.956407211754082e-11,0.0011550353377613619,1
8.166649538675039e-15,0.9978150709146036,3.591708533091553e-11,0.002184929050483105,1
1.0307731712693943e-15,0.9926934827557098,9.478407176349601e-12,0.0073065172357155,1
2.341870094214306e-15,0.9991308230056327,6.484970169803857e-12,0.0008691769869255728,1
4.465078816962989e-16,0.9993275905026787,9.673401549567475e-12,0.0006724094883419778,1
1.2395808556826131e-15,0.9993662216261581,3.13832955365108e-11,0.0006337783424820937,1
1.4450771851555493e-15,0.9964833997904013,5.189808242662894e-11,0.0035166001574983585,1
2.894309786178484e-15,0.9979055142034889,3.373088450462462e-11,0.002094485761427102,1
6.151815877447838e-15,0.9994439784836643,5.3594097459011517e-11,0.000556021463869416,1
4.615842779335769e-15,0.9980498232941197,2.4039473399978233e-11,0.0019501766809071589,1
3.0179627361215048e-15,0.993164317629742,2.9337858400183844e-11,0.006835682340835924,1
1.1072247656007753e-14,0.9988096161271852,5.192204815528712e-10,0.001190383353431542,1
2.683408078207017e-14,0.9995928761733569,8.770261362612899e-10,0.0004071229512579942,1
1.7789867431868627e-15,0.9974272448934497,3.8292276926974194e-10,0.002572754722511197,1
2.3979280893660405e-15,0.9991874790213818,9.857607264934286e-11,0.0008125208806941935,1
8.819424349124126e-15,0.9995803572338625,1.027554061512945e-10,0.0004196426640346921,1
1.9839921551089872e-14,0.993106763754909,7.70702513631718e-11,0.006893236167376086,1
1.513109962993552e-13,0.9734319180923453,4.767361522874447e-11,0.02656808186108178,1
4.792349943609486e-12,0.9733155319637949,1.2483136969562662e-09,0.026684466782642302,1
3.0749522039723164e-12,0.9209641665658188,1.809471237392498e-08,0.07903581533563044,1
2.286515018542668e-12,0.9683020690663419,5.683579534409746e-08,0.03169787409406506,1
7.742156908816038e-12,0.9967008698172161,7.409019210549593e-08,0.0032990560846419318,1
9.782993177569267e-12,0.9953097836871742,4.0218747069162946e-08,0.004690176084864579,1
2.1807553852201973e-11,0.8899880233169978,4.32355735215583e-07,0.11001154430588217,1
3.995189336937567e-10,0.9606847359032827,1.3909002146434127e-05,0.039301354693434626,1
9.484202446731373e-12,0.992654278169523,4.7432815975224195e-07,0.007345247491221079,1
2.4064115595401383e-11,0.9979125418919256,1.033191184843218e-06,0.0020864248910421974,1
2.279569078135399e-12,0.9981363161570989,1.0325931666053838e-06,0.0018626512478590014,1
2.364160603925012e-12,0.9991397197608669,1.2369652235562441e-06,0.0008590432706805243,1
5.143697724796306e-12,0.9992264184104888,1.7136508113955807e-06,0.0007718679322872292,1
6.6660015975683905e-12,0.9978242058545176,5.234406424719384e-06,0.0021705597324127037,1
4.8731093834710044e-11,0.9975332603062762,4.864975563650373e-06,0.0024618746709119243,1
3.720096938679742e-12,0.9918317520051224,2.676075004303908e-06,0.008165571914959195,1
8.53201046296279e-11,0.9982553085330841,4.9394439979217895e-06,0.001739751935933777,1
2.8723924641465274e-11,0.9960939186950497,3.5891787238043415e-06,0.003902492096223286,1
1.6246583666699025e-10,0.9970828081215194,4.831332933176416e-06,0.002912360382381996,1
4.316285428496162e-10,0.9912733643417444,1.294591782204402e-05,0.008713689308678713,1
1.3776611580529295e-11,0.9776094554846914,2.0618779571912345e-07,0.022390338315181398,1
1.23489638463339e-10,0.9924743181328616,3.4958192686594063e-06,0.007522185925438522,1
1.0940639501931315e-10,0.9941782509892714,6.0254019341106364e-06,0.005815723500771647,1
1.7461070869262756e-10,0.9963246399395179,2.3664093279232905e-05,0.0036516957908897503,1
6.66676918760221e-10,0.9985957159133858,6.995809494008278e-05,0.0013343253233046904,1
4.8615855996269456e-11,0.996445821779047,1.2628623111101887e-05,0.003541549550525542,1
1.634598264313709e-10,0.9986521684950977,9.679163923420665e-06,0.0013381521786606544,1
6.466140240106026e-11,0.9906992660144569,7.789981511732219e-06,0.009292943940728328,1
4.449925499116623e-09,0.9922178520505505,6.22870240019083e-05,0.007719856476501564,1
3.183626271261705e-09,0.9584567938159687,7.970418824028983e-05,0.041463498812190185,1
1.2047752591254036e-07,0.9220904463317889,0.0008239849753632637,0.07708544821703853,1
2.7934871667839897e-09,0.29772851702962144,2.3452742444993717e-05,0.70224802743395,1
1.2626814465495917e-07,0.34755720291188463,0.0002484045269804159,0.652194266294574,1
3.820518141430002e-07,0.5909770956303341,0.0035594951978620234,0.4054630271200701,1
6.784898654580933e-07,0.8513035227972618,0.0033839398955060208,0.14531185881674152,1
5.058596556209899e-08,0.8827004452843277,0.0005402223342875554,0.11675928179413683,1
1.3381315872044833e-08,0.9737754535845115,0.0004665810369729037,0.02575795199760784,1
1.4390703057061105e-08,0.9920207742456838,0.00032499479880213024,0.007654216565672198,1
7.875262315739848e-09,0.9832314589267469,0.0004164736990076199,0.016352059497396855,1
2.8685082491424523e-08,0.9032005457480662,0.002261598063849169,0.0945378275012167,1
9.152680531183114e-07,0.7408327672093725,0.02942223467682128,0.22974408284505782,1
3.5240620399569616e-06,0.005707599462250855,0.060215397811977,0.9340734786650446,3
3.633788338583104e-05,0.0073759775399538634,0.9113299284542523,0.08125775612069458,2
2.237709096544929e-05,0.0019008045113972768,0.9890123610162339,0.00906445738132383,2
1.1980743216410426e-05,0.00032176084530590056,0.9989320612435327,0.0007341971697090902,2
5.816958266721563e-05,8.015442227935153e-06,0.999781216191555,0.0001525987837908143,2
4.6571940661152803e-05,5.268379151486977e-06,0.9998417692783433,0.00010639040181846373,2
5.1145476211960665e-05,1.0362400896683004e-05,0.9991899443587311,0.0007485477629368915,2
3.390664700996798e-05,4.968158403784762e-06,0.9999062344738749,5.4890720488157435e-05,2
3.519489040921655e-05,5.22799929304682e-06,0.9998868185493173,7.27585626266266e-05,2
3.297218991502234e-05,5.959692309301522e-06,0.9998928028124517,6.82653069881605e-05,2
2.6198859082561892e-05,3.166649851721462e-05,0.9998034913005268,0.00013864334105100933,2
6.789290742841403e-05,0.0003411929896406926,0.9975899642950209,0.002000949809036043,2
3.590424910497614e-05,0.0052483292105169835,0.9913044088624908,0.0034113576777873725,2
1.5240175475767742e-05,0.06903015545075665,0.9077590201915497,0.02319558418145693,2
2.7721241085384093e-05,0.22475663764987058,0.7166399227906786,0.058575718318700495,2
3.2558511782042976e-05,0.38560587554331277,0.27117953340565026,0.34318203253890583,3
1.029481464636329e-06,0.6037034380032766,0.06595871278804537,0.3303368197267636,3
1.0081103439801806e-07,0.9285120595812063,0.0189167783318415,0.05257106127505341,1
7.998397835261198e-09,0.9951438611069632,0.0007466336853351446,0.004109497210430979,1
2.6589175336605764e-10,0.9964118855782619,4.7701628115664965e-05,0.0035404125267471014,1
2.3770318262827145e-09,0.9972288582348899,0.0002976665149125961,0.002473472873522896,1
4.284954871455627e-08,0.9739945959673376,0.015175065078946266,0.01083029610436696,1
3.520949574137786e-07,0.9294935541468528,0.0426980147906998,0.02780807896670007,1
2.0358309136699665e-06,0.7969665218325757,0.06566204999278373,0.13736939234429352,1
5.182083089363854e-06,0.6703702025591128,0.21907663335780272,0.11054798199832085,1
8.23888520895724e-05,0.11099825060876042,0.39844962221602187,0.4904697383235053,3
0.0002526861849020023,0.0005025903391950814,0.38564685042258007,0.6135978730543031,3
0.00013163966321578884,0.00048506634019871575,0.9900469593757572,0.009336334619412493,2
1.8322636809605663e-05,5.255456004469858e-05,0.9995468782704747,0.0003822445328190598,2
2.2905838319553907e-05,9.8031793005169e-06,0.9998771384373174,9.015254536995414e-05,2
3.113024012831211e-05,4.366854666773963e-06,0.9999033841669114,6.111873874257261e-05,2
9.55434414542246e-05,4.561022429322166e-06,0.9995882434787579,0.000311652058611357,2
0.00011297107139529842,7.359250393585097e-06,0.9995898234582044,0.00028984622136118553,2
1.935510609300258e-05,0.00013278775517478017,0.9996909862445368,0.00015687089267852594,2
1.221536910583219e-05,0.0016332053169124867,0.9978992689924882,0.0004553103210093579,2
1.1029200081098727e-05,0.010381004743911413,0.9880593310404063,0.0015486350167546088,2
7.4985455699085325e-06,0.07415138983497956,0.9178412362638892,0.007999875354085343,2
2.721190164761487e-06,0.4591241370491318,0.517559838989284,0.023313302773195592,1
5.227812510130339e-07,0.8375905106104861,0.12989196613279133,0.03251700047443178,1
2.585187896796173e-07,0.9591941136168621,0.03109737405020507,0.009708253815805853,1
2.8260924296889514e-08,0.9873468078875184,0.007371942211751789,0.0052812216397219594,1
7.188000197081531e-09,0.9967701565276813,0.0012012812346251117,0.0020285550490986596,1
3.6010623322481113e-09,0.9974699293339808,0.0001614169913173693,0.0023686500720861473,1
8.402413189549904e-10,0.9937058895691067,4.856119812108901e-05,0.006245548392207712,1
2.5125654262524763e-09,0.9960828801302498,8.266274336360485e-05,0.0038344546127467814,1
9.728515708127935e-09,0.9549406056955028,0.0003776699239376643,0.04468171465123574,1
5.865107573084983e-13,0.016220508560342954,6.504997724684631e-09,0.9837794849323788,3
2.5873025189566746e-09,0.7535914837282451,2.5450310314209708e-05,0.2463830633737911,1
1.079094938996798e-09,0.9766413844449133,4.243025764427344e-05,0.023316184220074178,1
6.967977004205724e-11,0.9965383284399575,6.222825651327783e-06,0.003455448666046053,1
8.643006806051795e-12,0.9990898284822382,3.8852746831957625e-06,0.000906286233771646,1
1.0444673215639991e-12,0.9994416407375721,4.148975298666465e-07,0.0005579443646630712,1
2.8987643561100135e-15,0.9978368569739912,1.137048800213684e-09,0.0021631418873226714,1
5.72130845007453e-15,0.9995898678960715,2.757370562909272e-10,0.0004101318266391648,1
5.401544208366993e-16,0.99928272965908,1.1578786200430113e-10,0.0007172702237141812,1
7.876856530922256e-15,0.9996578152329899,3.2625531239449434e-09,0.0003421815052987803,1
1.8099603222584227e-15,0.9993253067000671,3.1281891223289534e-09,0.000674690173422549,1
3.2791013530217965e-15,0.9996783281321495,1.9432406658593633e-09,0.0003216699252445565,1
3.4512000861360364e-15,0.9995292247333766,2.7227387163107667e-09,0.0004707725423471904,1
6.150615027570712e-15,0.9993615114663779,7.79502506364384e-09,0.0006384807401621097,1
1.9673425646710728e-14,0.9996252580734406,2.018518938986868e-08,0.00037472174156110485,1
1.2201964921855531e-14,0.9995676473216426,2.0996194629156208e-08,0.00043233168137131857,1
6.009364810344203e-14,0.9996358191079421,8.139932000329088e-08,0.00036409949294792255,1
9.353869964530816e-15,0.9993167616039985,1.6302005819001448e-08,0.0006832220951375543,1
4.5117008229315034e-14,0.9994269520648016,2.0421015022125066e-08,0.0005730275148318538,1
1.406835557458014e-13,0.9993249265042805,1.2731338975566639e-08,0.0006750607650690434,1
4.569662894684912e-15,0.9966470919972384,2.4876964697241264e-11,0.003352907978291837,1
1.0107461532909525e-12,0.9948230181520861,1.6855428389485558e-09,0.005176980161195387,1
3.8876101584400764e-14,0.8774992986962747,8.944613740365054e-11,0.12250070121262302,1
1.1346176104460453e-11,0.9834201418282364,1.333487256284125e-08,0.016579844827281687,1
5.569190226660028e-12,0.9921486024183493,9.564831468675667e-09,0.007851388012967654,1
2.1013486230811085e-11,0.950905243071606,4.402534607192666e-08,0.04909471288123956,1
9.685794344864418e-12,0.222944392218473,3.6058029619298976e-09,0.7770556041667498,3
3.877925167893935e-10,0.06630228639868539,4.205223740260731e-08,0.9336976711616861,3
3.2873550082894285e-18,7.939111530474556e-14,1.5442777106179544e-19,1.0,3
4.490172206293294e-10,0.1301255969504803,7.138686875554541e-08,0.8698743312153314,3
1.6749792125577075e-12,0.007527104748560283,2.0307107088802594e-11,0.9924728952287059,3
6.913844513148207e-12,0.2738552339129642,1.7461481529319624e-09,0.7261447643346756,3
2.4841255886623458e-11,0.7418791542792971,1.1191462727963094e-09,0.25812084457818907,1
3.498582303446519e-11,0.6851183295436628,2.7916861638460567e-09,0.31488166763048486,1
5.601551505990673e-14,0.06314857721541677,6.648347154781097e-12,0.9368514227779527,3
1.6515654712567072e-12,0.9404726119769433,4.524024449985202e-10,0.059527387569677515,1
6.405958200363225e-14,0.9842141414601513,4.411000318702255e-11,0.015785858494833587,1
2.4173089348801512e-14,0.9990763551873304,8.735451879081294e-11,0.0009236447262214194,1
5.254030379060345e-14,0.9985340700676744,2.3319310605097434e-09,0.0014659276017549737,1
8.934105320926936e-13,0.991197508671858,3.0490191833151926e-09,0.008802488276926283,1
1.0395329717681256e-12,0.9336496245674425,6.806577197240054e-10,0.06635037475166355,1
2.0927471903565646e-11,0.9658869537581289,3.957724355786862e-09,0.034113042265022875,1
1.658895733310634e-14,0.8250258600837008,1.373444442966477e-11,0.17497413990426977,1
5.431554252371208e-12,0.9830963065314725,1.078641829341622e-09,0.016903692385870885,1
4.444479120140906e-11,0.9816590108769648,1.6328299243537808e-07,0.01834082579504854,1
1.9549827230170105e-09,0.957845196550923,9.79557501694241e-06,0.042145005918130064,1
6.934702601268623e-10,0.5275554683459295,1.2839805644277876e-06,0.4724432469782567,1
7.571099857393799e-08,0.8069644418496654,0.0002680303350188927,0.19276745210585913,1
1.4274519603451976e-07,0.9015608962212093,0.0021380547643757536,0.09630090626993569,1
2.4364356645280433e-07,0.870745280644629,0.0070936820506001756,0.12216079366295932,1
3.0331628924858244e-07,0.250910196826294,0.024027681615350426,0.7250618182434844,3
8.807940413655828e-05,0.022391172569655553,0.8063209605528249,0.1711997874735723,2
2.5628214739423616e-05,0.002452964989811929,0.989573960631343,0.007947446165738474,2
2.487514759130979e-05,0.00015460762188188048,0.99857376942711,0.00124674780475918,2
1.9542739528411098e-05,1.5575755587706998e-05,0.9998803324172632,8.454908731652378e-05,2
4.5210898596998544e-05,3.0890954703375164e-06,0.9992994836502145,0.0006522163548803817,2
3.837888521203792e-05,8.085318031602179e-06,0.9997942101118191,0.00015932568540909792,2
0.00024060275282615243,4.114091242513364e-06,0.9994953854862857,0.00025989766894345747,2
0.0018418061267998843,3.6642272305946013e-06,0.9980938302310831,6.069941535472821e-05,2
0.026591973772665034,2.533390451394081e-06,0.9731269919439522,0.0002785008914770136,2
0.2695200279260556,1.2022083135988168e-05,0.7286817605404603,0.001786189450585132,2
0.7375510042757526,1.5263321876677098e-06,0.21439867845005228,0.04804879094252758,0
0.7677739233420002,4.535501484828492e-05,0.17231443443309818,0.059866287208599316,0
0.6943876765087356,2.605760571022219e-07,0.0936275071816783,0.21198455573301184,0
0.7051106455634425,3.934244288318128e-05,0.18165041687809208,0.11319959511699454,0
0.8063896768293579,1.7257287880337846e-06,0.18324611771529822,0.010362479725266287,0
0.9712048222786714,2.0687349108350556e-08,0.028639963172312682,0.0001551938626723561,0
0.9951542698777814,1.1519224229293928e-09,0.004836966037815204,8.762933925500803e-06,0
0.9993758572316767,5.7115994045483114e-11,0.0006193151962965297,4.827514794983616e-06,0
0.9999911514051244,2.521443832759642e-13,5.306727810815885e-06,3.541867962462107e-06,0
0.9999896681790096,1.5923806856142686e-12,9.223090244741358e-06,1.1087280597398948e-06,0
0.9999722172254721,1.3616607711948062e-14,2.125461204082537e-06,2.565731259007162e-05,0
0.9999975141758087,2.147833403839219e-14,7.086559414209984e-07,1.7771686382840521e-06,0
0.9999989787361968,1.863601971232454e-15,5.207182431972173e-07,5.005457704875703e-07,0
0.9999992831911027,4.447953692670556e-16,3.049672355972268e-07,4.118416862316707e-07,0
0.999999263295011,1.0130871230914234e-15,2.2762816229989398e-07,5.090752984364356e-07,0
0.9999980771481501,2.3814995735016344e-14,5.621081749477409e-07,1.3607439739035185e-06,0
0.9996283666317505,2.3339235111096888e-11,0.0003685156031271041,3.117742778038187e-06,0
0.9976690492035079,5.331026913162777e-10,0.0023149820205063004,1.596824326190383e-05,0
0.9893197229081567,4.838443398276307e-09,0.01065802545777359,2.224679549351743e-05,0
0.9582012991936696,1.8525077078540085e-08,0.04175970793713085,3.8974342633842356e-05,0
0.9384438619887103,6.367841736528144e-08,0.06150195500718872,5.411932634961789e-05,0
0.937076597084621,6.497169125886522e-08,0.06289331464637268,3.0023297660236073e-05,0
0.9443653382427464,8.455191721550754e-08,0.055528876569930705,0.0001057006340875947,0
0.9569934121696588,1.6603072283373694e-08,0.0428463328956929,0.00016023833207690774,0
0.9906943893579674,2.6949408601270635e-09,0.00925497053551075,5.063741091301797e-05,0
0.9963775967091532,1.8756755636850333e-09,0.0036138871673918253,8.514248516916102e-06,0
0.9988963032558621,4.80190528295474e-10,0.0010897733360614623,1.3922929179601093e-05,0
0.9993601058827648,3.103806732153294e-10,0.0006362320729227391,3.661733699091016e-06,0
0.9995482834586034,1.0479032730950323e-09,0.00044137755179198104,1.0337942363937971e-05,0
0.9998027736504281,7.056311198558122e-14,1.5667234871354824e-07,0.00019706967655569284,0
0.9999778907483552,2.1128364066342625e-10,1.0305289525377164e-05,1.1803751198427934e-05,0
0.9998175707208629,8.86127150269705e-10,0.00010369707485915966,7.87313193284557e-05,0
0.9985766055867827,2.5708231035124153e-14,2.42556947046042e-06,0.0014209688431708067,0
0.9999354089247243,3.942935546890565e-10,4.5775934536163856e-05,1.881474546102076e-05,0
0.9999399098243466,5.852896046766554e-12,5.743232481560265e-05,2.657845910193187e-06,0
0.9999717204224607,7.910927832227486e-13,2.6007053383905424e-05,2.272524108549037e-06,0
0.999949345585855,2.1052366837383983e-12,4.662137654720243e-05,4.033036953875043e-06,0
0.999926337123945,5.579720807172955e-11,6.983238841172575e-05,3.830431516128563e-06,0
0.9998745112406731,6.791876233564824e-13,3.3894129433069403e-06,0.0001220993473950152,0
0.9997495875895315,6.206767127155208e-09,0.00020701319882127008,4.3393006114259926e-05,0
0.9977023060863751,2.021243388376922e-08,0.0012859464169184234,0.0010117272838497825,0
0.9726651033081587,1.678390168399659e-08,0.0033031010056894508,0.02403177890349908,0
0.9179661457247287,5.198687306579516e-05,0.059686404982869146,0.022295462420804536,0
0.7487299094237218,2.105361601194089e-05,0.0872410980561059,0.16400793890425694,0
0.15676874638784435,1.0788581156310065e-07,0.00018458192605966739,0.8430465638001249,3
0.03891476288886799,1.0060631862288301e-07,0.0001765315802302054,0.9609086049263484,3
0.02950056985703709,4.909236988103726e-06,0.045334234304400874,0.9251602866012477,3
0.00512194128221689,0.0002902893889304767,0.9713598420270197,0.023227927303124254,2
0.0005880879643483565,1.5318991114795108e-05,0.9984222983090527,0.0009742947357692642,2
0.00013104807594474605,6.0789784821608586e-06,0.9995714115252242,0.00029146142077282557,2
5.319222497785829e-05,5.1969896081431265e-06,0.9994112232599184,0.0005303875260305561,2
6.147631556088514e-05,3.9199557975216065e-06,0.9990006276239358,0.000933976106093856,2
4.8654766040747625e-05,8.259472569899059e-06,0.9998032681398616,0.00013981762169491883,2
5.059466500683196e-05,5.2396141943850755e-05,0.9984221797673025,0.0014748294269875779,2
2.9529134941276494e-05,1.858219739232657e-05,0.9550839532092036,0.04486793545826609,2
3.4284702225046774e-05,1.802547998080889e-05,0.9498892306156869,0.05005845920034389,2
3.5420221239506576e-05,8.402155168217469e-05,0.9985651994756467,0.0013153587519901973,2
6.407909266609647e-05,6.34956810108138e-05,0.99745645734212,0.002415967884915563,2
2.0970357188438357e-05,0.0009415469496552598,0.9958819274438299,0.0031555552489105775,2
3.368057067764628e-05,0.004939501894150436,0.9829626343945186,0.012064183141193483,2
0.00011654268880674348,0.00925148637607972,0.7086544269298263,0.28197754400375624,2
2.582095192599607e-06,6.467052986794858e-05,0.0025169749122365714,0.99741577246303,3
9.592341758999135e-08,0.00800547820224018,0.00021558972986037247,0.9917788361450056,3
3.1537785405260133e-07,0.17986729361973,0.0028034226694184108,0.8173289683337265,3
5.231426411189756e-06,0.7537529349215775,0.12042308463525199,0.12581874901701706,1
2.415014558486387e-06,0.8318356252989499,0.12580075615763314,0.04236120352978254,1
2.3618189301959258e-06,0.8134826914288382,0.10484820580816699,0.08166674094566474,1
2.841117309584686e-06,0.7091581055022523,0.10416884907915568,0.1866702043019379,1
3.1791969531180216e-06,0.5314399532166594,0.11396367182873028,0.35459319575812714,1
1.232523069083434e-05,0.4198377915254853,0.23060961220371298,0.3495402710405583,1
1.103711750496951e-05,0.1456957385416762,0.2469261883688908,0.6073670359719324,3
2.0300734856021437e-05,0.14493558741861012,0.5688497743012556,0.2861943375437595,2
1.784769270474204e-05,0.19878857354738746,0.7377944012968829,0.06339917746219406,2
1.1872544520391804e-05,0.2072537458636551,0.750467803882806,0.04226657771069525,2
4.299729195937995e-05,0.18437879586637587,0.7088765550203417,0.10670165182006836,2
3.940852487113543e-05,0.046806029332613436,0.18978450365314928,0.7633700584908776,3
1.214536348979911e-07,0.024630547206412536,0.00036881134029304724,0.9750005199986536,3
1.0787454317025609e-07,0.5897146362068203,0.003493892642629173,0.4067913632754023,1
7.749887798722807e-07,0.909383666476597,0.0075470092456764335,0.08306854928851012,1
3.924001010119117e-07,0.9204100022068638,0.004328157816790267,0.07526144757485335,1
5.5981847914853776e-08,0.5468561224026536,0.0006929808868606805,0.4524508407297721,1
1.6570961880090203e-12,0.00022465280208933065,3.244739106154104e-08,0.9997753147488172,3
1.291588510432282e-09,0.7621793028960129,3.734577163695414e-05,0.23778335004137663,1
9.320701337776005e-10,0.9744530955216011,4.102542100499153e-06,0.025542801005971276,1
1.131766210159062e-09,0.9869429708646822,2.1886147840259e-06,0.01305483938877926,1
9.904658155731478e-13,0.8872811020016624,5.032131540142953e-08,0.11271884767434612,1
6.392222041733787e-10,0.9881889764290952,1.2752396757922256e-06,0.011809747692661366,1
1.2161988697863183e-09,0.9693469025754605,7.417120186608244e-06,0.030645679087912433,1
1.2894134122581504e-09,0.6499339480569235,1.4811796067922888e-05,0.3500512388584018,1
7.065316928901724e-12,0.058243462684126175,6.998683461683746e-09,0.9417565303117057,3
4.69453806161226e-09,0.7829406513541953,6.714585099405812e-06,0.2170526293672312,1
1.3683731226337767e-09,0.8600402769491668,4.246360845375672e-06,0.13995547532146865,1
3.200367825172713e-10,0.9379887054356811,5.379216492076219e-07,0.06201075632120123,1
6.225920798528724e-10,0.9727041883027214,1.9951413850233386e-06,0.027293815934246773,1
1.060354252568936e-09,0.926135820376981,5.238457244520495e-06,0.07385894010586727,1
8.634198568769167e-10,0.5232080402754019,2.160112255216818e-06,0.4767897987506576,1
5.450406291416767e-13,0.026705683500156032,3.8401922677024555e-10,0.9732943161166424,3
4.179901454105163e-09,0.8855841822271745,3.6662834463220528e-06,0.11441214730808802,1
2.396781224925362e-10,0.877240314241931,5.377799057017172e-08,0.12275963173883263,1
2.021039289858072e-13,0.029616458052779397,1.151876682699545e-11,0.9703835419357425,3
5.707913297474317e-11,0.02218505591970051,6.422909490271589e-10,0.9778149433814154,3
3.318827526230871e-11,0.0012155742687890993,9.651877224923149e-10,0.998784424732424,3
4.012077282430617e-09,0.08666500746342182,1.530826743156936e-06,0.9133334576977877,3
3.651995252906703e-13,0.0012031739573451056,3.588001059129531e-11,0.9987968260071782,3
3.530635389028671e-09,0.6360911527402564,1.1731449139909646e-06,0.36390767058376794,1
3.05534062293773e-09,0.6207627633963688,4.118962234895906e-06,0.3792331145843156,1
2.7307781911026987e-09,0.8451672412677462,1.2325376332598164e-06,0.15483152346355353,1
5.836816574131734e-10,0.732901727480301,2.79542961973932e-07,0.26709799239256565,1
1.98507863187428e-11,0.47901641263441086,3.1358240965645337e-09,0.5209835842097674,1
4.5007037418547997e-13,0.5445941305538181,2.4669628211018826e-10,0.4554058691986802,1
1.1272636492350249e-11,0.9727517491953076,4.765115431773509e-09,0.027248246027427616,1
2.8095547405343806e-13,0.969678070850267,4.3810151980758925e-11,0.03032192910406284,1
1.1371859214984938e-12,0.9809142713219042,7.664885453767112e-10,0.0190857279112113,1
1.925101104649285e-14,0.9679988274157252,6.878123400882297e-10,0.032001171896238315,1
1.348024987279382e-13,0.9984815413570473,1.2129078936092452e-09,0.0015184574306473775,1
1.2004229069777336e-14,0.9993228076547035,4.3886604491136193e-10,0.0006771919048574048,1
6.523203439821104e-14,0.998803095792031,9.25682056214976e-09,0.0011968949516655825,1
2.2306000164197212e-14,0.9982362670857443,5.992507903603455e-09,0.0017637269217504426,1
1.0378279379773443e-14,0.9995485951435107,1.2831496099896673e-09,0.0004514035716767676,1
1.7533555300056195e-14,0.9993015174428937,1.875280672014056e-09,0.000698480683413002,1
3.554747029445919e-13,0.9944418801402248,6.85456633096503e-09,0.005558113004927243,1
1.1345628222118698e-11,0.9512771866505689,5.121518260456006e-08,0.048722762121084,1
1.641820929901724e-15,0.0066606153108521755,6.546954568946772e-12,0.9933393846815344,3
4.077296119278506e-12,0.9123954937935779,4.147988967534308e-09,0.08760450205274703,1
4.23363283351985e-14,0.9879590405871385,4.686408563024891e-11,0.012040959364788282,1
1.3799361737781617e-14,0.9979499576754675,6.04958913086431e-11,0.0020500422627119023,1
1.0127319930040612e-14,0.9982566453702767,1.9398192325439545e-11,0.0017433546118667486,1
5.1845457705864015e-14,0.9943612104407112,1.3402310454332407e-10,0.005638789426677359,1
8.115062644267184e-17,0.9667530901002718,3.037579091204981e-13,0.03324690989955095,1
3.1385418313825223e-14,0.997813045966088,5.542731302893247e-12,0.0021869540269523475,1
1.2649998578442858e-15,0.9951039526780078,1.6724160431389405e-12,0.004896047319492303,1
1.8694983691581426e-15,0.9965171385164547,1.8047884318415316e-12,0.0034828614835244196,1
7.307787202126759e-17,0.9992245124991767,1.784794378325317e-12,0.0007754874989503892,1
7.827317184777026e-17,0.9997190744710591,9.517970243904866e-12,0.0002809255196682051,1
3.04487757911262e-19,0.9997090684891992,1.4651987009985023e-15,0.0002909315119777591,1
3.8312710633553587e-19,0.99970414966465,1.6564997741007621e-15,0.00029585033580515854,1
4.309342108101267e-17,0.9995927145455933,4.755744135075318e-14,0.00040728545608718583,1
5.851539917260525e-16,0.9924664878146523,2.599829680651569e-12,0.00753351218236707,1
2.966811174915622e-14,0.9903148865661708,3.991333293683727e-12,0.009685113430886304,1
4.3826424361127176e-15,0.9907847645115639,6.721137812064589e-12,0.00921523548128715,1
8.180988441242505e-16,0.9989868123565222,2.891014004516942e-13,0.0010131876430226454,1
4.6190415828357843e-17,0.9990219182579706,1.4192342515189858e-12,0.0009780817422067403,1
1.065652749932898e-16,0.9997220374023248,5.345108144366374e-12,0.00027796259209623086,1
1.0430896974805065e-16,0.9996805367393403,1.307839424596827e-11,0.0003194632460069464,1
2.2768201463427996e-16,0.9990972253962558,3.412215882595897e-11,0.00090277457023059,1
1.1962316597980894e-14,0.9996817873504332,3.7620064969917414e-09,0.0003182088884104881,1
6.313456083390742e-15,0.9994028081291428,1.2810344734626925e-08,0.0005971790601580882,1
1.820108181926137e-14,0.999587784104057,3.905126765484653e-09,0.0004122119903573971,1
8.322702225049864e-13,0.9981627643182831,4.9641159896949627e-08,0.0018371860414485121,1
5.0897448455532957e-14,0.946860840731599,1.2165612728215635e-08,0.053139147102278635,1
8.333658422170478e-12,0.9960757165051604,1.0098306921617124e-07,0.003924182504019151,1
3.6887072121056174e-11,0.9974531850281914,1.011610904887299e-06,0.002545803325819203,1
9.795243620186105e-10,0.9814125666220193,3.583369926424809e-05,0.01855159870078467,1
2.913107032482917e-10,0.9709966057456683,1.5206206645172316e-05,0.0289881877557214,1
6.313521877201965e-10,0.9959849943309782,1.1014067680569602e-05,0.004003990971036847,1
5.600945761673427e-11,0.9940716328525191,3.1789621568522565e-06,0.005925188128264718,1
2.1527380747064107e-12,0.9962938951592403,8.828722523141862e-07,0.003705221965910905,1
1.2488609522981429e-11,0.9993602549408266,6.256638135933303e-07,0.0006391193827351057,1
3.4596589447354064e-13,0.9955084311524927,3.732886668944924e-07,0.004491195557266557,1
7.579437682096402e-12,0.9992792782744218,4.3614624990071165e-07,0.0007202855721067821,1
4.911614817304476e-13,0.9965117522365582,3.791959604751571e-08,0.0034882098434719576,1
4.3709591740903555e-12,0.9976069135845393,2.66275443247501e-07,0.0023928201373294533,1
2.1528977588156796e-10,0.9939284052225447,6.153676514284638e-06,0.00606544088400354,1
2.601369826411439e-09,0.9118846249049272,6.835152300625012e-05,0.08804702097206064,1
8.195468262666669e-10,0.34986968432643106,1.6084412098382407e-05,0.6501142304408968,3
5.9248338561226065e-09,0.8967433044857065,0.00018429226262943382,0.10307239732810923,1
3.4801977943138548e-09,0.9874982658887642,8.100122307368662e-05,0.012420729406430575,1
8.831929145716352e-10,0.9921775774178608,4.614002497226062e-05,0.007776281674810879,1
3.599571277565634e-10,0.9909126458399772,3.857656441632203e-05,0.009048777236206174,1
5.185881411946599e-10,0.9982118478546955,4.66404576911515e-05,0.0017415111672351446,1
1.7028477921045747e-10,0.9983708063775398,3.6818473711505303e-05,0.001592374977665995,1
4.3560295296687195e-11,0.997510721700821,1.3874373720446757e-05,0.002475403880866638,1
5.884440850897074e-11,0.9991368538172961,3.1898685244557635e-05,0.0008312474391140171,1
2.0647305301094195e-11,0.999210040594447,1.5251780146849173e-05,0.0007747076046290257,1
8.08853696462199e-12,0.9988426334794791,9.512443725351706e-06,0.0011478540674339432,1
5.652245189936753e-12,0.9992390119902766,5.516855146189938e-06,0.0007554711473903565,1
9.551894650725598e-12,0.999296733156475,1.2652906287688235e-06,0.0007020015424009432,1
4.1993961163503126e-13,0.9904301365285546,2.0986664868986202e-07,0.009569653603352808,1
1.6716021019453125e-11,0.9988056724130183,1.6973986246442777e-06,0.00119263017323265,1
2.426435497516704e-12,0.9989946839823771,2.4071516380316868e-06,0.0010029088642738604,1
7.45353482633212e-12,0.9991137135934792,8.657765135060054e-06,0.0008776286321419294,1
3.1393900269462663e-11,0.9991915187976782,3.0836333993702426e-05,0.000777644838503615,1
6.693460116289444e-11,0.9989121258911855,3.877439510689884e-05,0.0010490996478513892,1
7.976253244638683e-11,0.9983628136981048,6.464952206444927e-05,0.0015725367001448148,1
3.1221660644618474e-10,0.9988269161415682,7.138653999374556e-05,0.001101697007466378,1
2.8637158454906307e-09,0.9955310563398807,0.0007230870026027946,0.0037458537949380945,1
1.5593907752027476e-08,0.9855690537236915,0.006088095928985355,0.008342834754634543,1
8.37335849825943e-08,0.9307917371388459,0.030696459373704906,0.038511719753882026,1
9.739069778822654e-07,0.7752129308052761,0.17507814739196975,0.04970794789731797,1
3.4509989815982963e-06,0.25313066010194896,0.44465827401438435,0.30220761488320347,2
4.426205254041943e-05,0.06074550302608181,0.8956984770780215,0.04351175784357743,2
0.0015680201508333812,0.0012102957311481415,0.9958491445999397,0.0013725395189203712,2
0.017024456955050452,1.4814743601517022e-05,0.9828290592694828,0.0001316690301616786,2
0.07096981142117445,1.4084632492724402e-06,0.9289079308774156,0.00012084923968381486,2
0.22732044276397112,5.425235178830568e-07,0.7721355009893481,0.0005435137220694589,2
0.48533743177610156,7.298330955050584e-07,0.5144081614246971,0.0002536769644403387,2
0.7658672796645237,2.0489473337299953e-07,0.23176802758696935,0.002364487852233987,0
0.9345804091588726,6.430963227886085e-08,0.06507151295546136,0.00034801357709683694,0
0.9642493673534133,2.656729973112642e-08,0.03571881108899473,3.179498853148836e-05,0
0.986839943304633,5.5033696895326727e-08,0.013109229256529017,5.077240537815109e-05,0
0.9841486600947604,1.561104907846546e-08,0.014798165909245584,0.0010531583844096113,0
0.6552731751384825,2.6943916698231676e-07,0.3435400774261479,0.0011864779969177203,0
0.12576733613934077,1.5423392743896235e-06,0.8729424632854499,0.0012886582360764763,2
0.004099782246651985,6.7297957256050475e-06,0.9957220559626431,0.00017143199630847763,2
0.0002121889398350937,4.394260935060086e-06,0.9997241371713955,5.92796270380843e-05,2
4.650678804643327e-05,4.470649292272503e-06,0.9999002093199411,4.881324292815104e-05,2
0.00013032546676731836,1.6872739068528528e-06,0.999788911223483,7.907603605790243e-05,2
0.000163410904644131,2.5964841556710024e-06,0.9997478486070851,8.614400312282265e-05,2
0.00032493633319659906,3.1196326528191834e-06,0.9994463871256272,0.0002255569093866004,2
0.001261685600368185,2.5767809512471965e-06,0.9985889569778962,0.0001467806420138921,2
0.006368547222931623,2.3800212724371475e-06,0.9935719188957608,5.715385871026994e-05,2
0.057285373034684374,1.356272071429929e-06,0.9425003143173387,0.00021295637609641683,2
0.30471455610511505,4.387791191092918e-07,0.6943593130073443,0.0009256921086164391,2
0.8868276872916443,5.13741074156924e-08,0.11207041037367355,0.0011018509596357506,0
0.9696228541943324,2.050994391017511e-09,0.03023719482003322,0.00013994893314862877,0
0.9991328346751847,8.083129885462209e-11,0.0008569231578560591,1.024208743696254e-05,0
0.9999471223756656,6.077033006446169e-12,5.1571202008098716e-05,1.3064169421584832e-06,0
0.9999883160044655,1.8693176465829193e-13,7.907675123656355e-06,3.776320873043836e-06,0
0.999968067623363,8.918499714175816e-13,2.9030355814717996e-05,2.902020808354556e-06,0
0.9999139777867895,3.6892728225610395e-12,8.415976435066233e-05,1.8624448232758297e-06,0
0.9999271417095108,1.9731324810955573e-12,6.815571313412453e-05,4.702574958736837e-06,0
0.9999702804139665,3.1275986170448753e-12,2.771226483575178e-05,2.0073172941331198e-06,0
0.9999580531324175,2.1449216350960712e-12,3.0880400551372665e-05,1.1066465122727477e-05,0
0.9999563359962529,5.373101528143451e-13,1.4618854095738309e-05,2.904514868035699e-05,0
0.9999909024131752,7.49128788716074e-13,7.770891557386466e-06,1.3266963180211884e-06,0
0.999991859600805,2.9306719972454575e-14,6.271357328814124e-06,1.869042672879218e-06,0
0.9999921070177602,3.6085351910680635e-14,6.821532502797139e-06,1.071450513259295e-06,0
0.9999974912384096,6.076064044419917e-15,1.3352228245489393e-06,1.1735370812436459e-06,0
0.9999942562736912,3.7708679014804056e-14,4.807677944556674e-06,9.360490030404183e-07,0
0.9999926491852474,1.849763859139227e-14,5.164910389926722e-06,2.1859043363941365e-06,0
0.999988387911917,5.3797456296668927e-14,1.0327793385283989e-05,1.2842947466384796e-06,0
0.9999930256151323,9.68864884049181e-14,6.082446804528631e-06,8.919368947033267e-07,0
0.9999915016375824,8.390734183939975e-15,4.00839697421118e-06,4.4899652219969215e-06,0
0.9999959713103842,3.5038409165723076e-14,1.959662686420496e-06,2.0690260818321324e-06,0
0.9999906092093457,1.1015777799343807e-13,8.251147409551367e-06,1.139642917809672e-06,0
0.9999660905160933,1.2699511011490666e-12,3.2663589319225407e-05,1.245893754617395e-06,0
0.9995959161955074,1.8244914270390743e-11,0.00040016936028435364,3.9144257505530166e-06,0
0.9995279550554999,6.26236987994487e-11,0.00046814986184157093,3.8950206881736795e-06,0
0.9997977481645982,4.1311547250991425e-11,0.00019550237172794995,6.749423108916874e-06,0
0.9998649947601547,1.2174765394623329e-11,0.00012327483956343753,1.1730386486890825e-05,0
0.999920218556713,1.5041311316395787e-11,7.684783108058652e-05,2.933597390197163e-06,0
0.999941884351604,6.245458270301882e-12,4.495947784038625e-05,1.3156162758367458e-05,0
0.9995958669971815,1.4243632047444916e-10,0.00040012563294721383,4.0072259299050774e-06,0
0.9993938367338999,1.403833082292398e-10,0.0006030648725896761,3.0982528114023966e-06,0
0.9991098389272353,2.6589969440889525e-10,0.0008861402186652049,4.0205867768276244e-06,0
0.9991661140720781,3.7821734040655503e-10,0.0008229378557296446,1.0947692276515512e-05,0
0.999101589085557,5.973967486027002e-10,0.0008784606757589033,1.9949641213665076e-05,0
0.9976689110502729,1.5774128464416707e-09,0.0022871897214976115,4.389764983923934e-05,0
0.9945451475945963,6.361085071958265e-09,0.005412270963533914,4.2575080292014775e-05,0
0.9849348582256269,1.2041644636216658e-08,0.015042866645219479,2.226308659445009e-05,0
0.980669836429161,2.3833494369407232e-08,0.019248202259953384,8.193747657976185e-05,0
0.9859716681391757,1.132947932262679e-08,0.013945669157299036,8.265137417810525e-05,0
0.9836873088443205,3.218369819952965e-08,0.016285146477270203,2.7512494195506644e-05,0
0.9807351060364069,4.434488952444881e-08,0.019056183455000382,0.00020866616294078186,0
0.9653932826344128,2.72135790992886e-07,0.03207268346494811,0.0025337617661968176,0
0.8616638570973125,1.3869015601447721e-05,0.10632456176715119,0.03199771211893487,0
0.07878028550217146,3.4038930749957484e-06,0.011157186350928907,0.910059124252839,3
3.215736204363964e-08,1.3297214523045078e-13,4.0480721138695086e-13,0.9999999678439059,3
2.6512545307087265e-10,2.757105971764248e-16,1.8176601579401229e-12,0.9999999997344275,3
8.31538926039161e-06,2.840935908668109e-08,2.8792911347959153e-06,0.9999887769092735,3
0.00010971884019441363,5.687832577513262e-07,9.576562944273988e-06,0.9998801358153336,3
0.0021254621951811163,6.52760447009503e-08,3.84952393625414e-05,0.9978359772899829,3
0.4194493940666218,0.0005491249215114556,0.13031745619769353,0.4496840248135736,0
0.48585123852651924,2.8517867374260165e-06,0.07549346181917926,0.4386524478658706,0
0.7128866285552277,3.169110493987294e-06,0.03413407873532425,0.2529761235973918,0
0.9356216472698844,1.0994998163050992e-07,0.0004807590496397836,0.06389748373033184,0
0.9870835606890777,1.0211696653279623e-10,1.1113790250527156e-05,0.012905325417888924,0
0.9995973868370963,4.200536863935435e-10,3.89042398077683e-05,0.0003637085047857247,0
0.9999564100295296,1.4163891786088209e-11,3.383830899322641e-05,9.75164801770777e-06,0
0.9999969454485194,8.09149290834477e-13,2.218159794524076e-06,8.363890934643262e-07,0
0.99998556513906,6.449097419313132e-16,9.025127931802073e-08,1.4344610860744051e-05,0
0.9999982657151609,5.490500057170748e-13,1.047341181963225e-06,6.869440972147474e-07,0
0.9999894578805636,2.2393502628614864e-15,5.697543949635456e-07,9.972363310252678e-06,0
0.9999953977454827,6.731990351055635e-14,3.4683767428547602e-06,1.1338790674719054e-06,0
0.9999967509664233,9.036645489676988e-15,2.594234290685496e-06,6.548002957204827e-07,0
0.9999950283468829,9.313829826880532e-15,4.1023317625325045e-06,8.6932062522397e-07,0
0.9999947705646575,3.225008261207155e-14,4.298240768491608e-06,9.311928003807324e-07,0
0.9999956616214579,2.3846935915017283e-15,4.86905992373193e-07,3.851474086009294e-06,0
0.9999974856468503,5.971358919102495e-14,9.905455123098013e-07,1.5238092327720747e-06,0
0.9999755980855837,9.171243213430982e-13,1.9997553588867223e-05,4.404360741309687e-06,0
0.9999813975648483,1.9477636248474522e-13,5.848861381999751e-06,1.275357382174336e-05,0
0.9999756667362089,1.954108946887529e-12,2.2354386860866854e-05,1.9788749894623204e-06,0
0.9999607422826452,5.68827320844636e-13,3.779708102764502e-05,1.4606346140549138e-06,0
0.9999659624308491,7.790057133212456e-13,3.22362976130175e-05,1.8012722696585869e-06,0
0.9999784898849315,6.351953853338417e-12,1.656575742208799e-05,4.9443517281586805e-06,0
0.9998230156800496,2.199310069960936e-09,9.372732507627324e-05,8.32547965126946e-05,0
0.9905060666406964,6.798119015447404e-10,2.0252226657044284e-05,0.009473680453468872,0
0.9790777054948239,6.951923934761702e-15,3.6394858568138e-08,0.020922258110864858,0
0.9991411762059899,2.760311311906647e-09,5.456294558220668e-05,0.0008042580882911311,0
0.9999124030315657,1.0913552492484392e-09,6.007789346060455e-05,2.7517984437538043e-05,0
0.9999662667265509,5.459021932008527e-12,1.1237354392596867e-05,2.2495912904665664e-05,0
0.9999459051403238,7.965736611936911e-12,4.686812568913963e-05,7.226724720756813e-06,0
0.9999562996617078,1.7774466429089212e-11,4.134869419118059e-05,2.3516249507078584e-06,0
0.9999382329965504,1.460059564453379e-11,2.4879468724479576e-05,3.6887519884285396e-05,0
0.9998919001888431,1.352956151946185e-13,3.989862634438406e-06,0.00010410994757605402,0
0.9999927681681148,2.014699640551014e-12,4.732681211995529e-06,2.4991484182369427e-06,0
0.999996480629133,4.652985270368304e-15,3.6243224913421534e-07,3.1569380329673977e-06,0
0.9999979861297376,7.591539912520297e-14,7.823412464629508e-07,1.2315302265056847e-06,0
0.9999808039088585,5.0725258221810266e-14,1.0167469696317165e-05,9.028620142584273e-06,0
0.9999839404061179,2.853952206916057e-12,1.501157971000164e-05,1.0480130104625466e-06,0
0.9999809393191155,1.156692290827821e-13,7.231590029555165e-06,1.1829090584606283e-05,0
0.9999792429815604,2.6290150933432548e-12,1.6855591907045422e-05,3.901423433546924e-06,0
0.9999515531693496,2.107276873258203e-12,4.467036669176301e-05,3.776462958577252e-06,0
0.9999104545862927,6.976660555132154e-12,8.7394649745747e-05,2.150756364671005e-06,0
0.999813539001592,1.902088927249834e-11,0.00018413402443754882,2.3269560014279052e-06,0
0.9996794324678663,8.833949258194412e-11,0.00030725586002672007,1.331158273439387e-05,0
0.9982756568924862,1.4219660418384957e-09,0.0016952211054921675,2.912058150693032e-05,0
0.9955763629332797,6.031603716358437e-08,0.004205318737824328,0.00021825801432785263,0
0.981621802665373,8.903258743691114e-07,0.009113679423594355,0.009263627584273695,0
0.8059160588256516,1.8026669140887726e-09,8.903805316589275e-05,0.1939949013187218,0
0.7899791040603471,0.0004681534896376376,0.027119730018215972,0.1824330124319432,0
0.2700091944418049,2.517796425569714e-10,9.10467212864691e-08,0.7299907142580214,3
0.25937347373370745,1.981405924657213e-14,1.6645973367089051e-09,0.7406265246013368,3
0.9547380654807649,4.954572941686316e-06,0.017229200034933997,0.02802777991220508,0
0.9911420853579366,9.269552508448632e-10,0.00010097665575326202,0.008756937058451184,0
0.9995788237831658,2.716144500964318e-09,8.658085337462316e-05,0.00033459264672933224,0
0.9999124830964684,2.486927391392884e-09,8.155026062278379e-05,5.964155599742405e-06,0
0.9996979056062486,4.138807088568272e-09,0.00020995298233834563,9.213727334861015e-05,0
0.9946953949953697,3.3019552849084064e-11,4.6335475507138984e-05,0.005258269496411534,0
0.9911022205010218,6.485463414043516e-07,0.005154346547665675,0.0037427844067343,0
0.9454280203059451,4.3785451130770115e-07,0.04970115823785557,0.004870383603002228,0
0.5232796717377433,1.6701348053506298e-06,0.4755734854693818,0.0011451726591632733,2
0.29417383132989683,9.889603243557873e-07,0.7044216610421516,0.0014035186665859601,2
0.14772341624508215,1.8329194592707533e-06,0.851259644264494,0.0010151065702520784,2
0.05226795223770676,1.1422001715917727e-06,0.9470373186960805,0.0006935868652121472,2
0.020227407796149885,2.0913423280748786e-06,0.9792562634784812,0.0005142373834666709,2
0.0030267468219032766,4.55149242334364e-06,0.9967170196491583,0.000251682035615399,2
0.0009001189742695221,2.3569716190382072e-05,0.9968411868014263,0.0022351245070410908,2
0.0004673989815723667,1.3038696452465663e-05,0.9254235605336917,0.0740960017881808,2
0.0003167094515290486,6.224555811465327e-05,0.9788499290143828,0.02077111597441879,2
0.00016142538403807863,5.068932357738109e-05,0.9940417062788319,0.005746179012071916,2
0.00017630450749047655,5.890780827758782e-05,0.9848969901988383,0.014867797486023656,2
1.7060488521342105e-05,0.0016141188001608578,0.9957823055865745,0.002586515126086285,2
1.2051978345490105e-05,0.004359512907784528,0.991869285573644,0.0037591495411614037,2
8.575356469743978e-06,0.007161223764368953,0.9848717103561508,0.007958490522671918,2
2.2623255161975777e-05,0.012694704850415163,0.9518704241926554,0.03541224770259553,2
0.00015449063253621386,0.007613549043619867,0.833090402221843,0.159141558101021,2
0.0002233062613434374,0.010641046169033221,0.5143858451733985,0.4747498023967386,2
3.085524123439832e-05,0.0047096926194595745,0.06132359641274417,0.9339358557265367,3
2.2314070481738638e-06,0.004027794373338574,0.003699016652187755,0.9922709575682116,3
7.018000701390211e-07,0.011185502740309572,0.0007548484982184006,0.9880589469604043,3
2.94381958717205e-07,0.03592644514425543,0.00017510899393715374,0.9638981514795888,3
3.0937060108893807e-07,0.6882256136253238,0.0031922479604016736,0.3085818290427216,1
2.8491826871622183e-08,0.8820007216478897,0.0010964987542183423,0.11690275110427989,1
3.889282518935386e-09,0.9888726677895726,0.00039710063257817463,0.010730227690007125,1
3.333098356718492e-10,0.9986139942741734,6.300566930594454e-05,0.0013229997235097305,1
1.5795042822623922e-10,0.9989611596154885,2.7019679517912818e-05,0.0010118205470363508,1
2.0128887401558782e-10,0.9953497308964834,1.9355235002391438e-05,0.004630913668851262,1
1.94209550433797e-09,0.9896068748435812,8.800688546921162e-05,0.010305116329093412,1
3.091265442312988e-09,0.9957675394702193,0.00017517703984468007,0.0040572803994608974,1
1.1522291288785113e-09,0.9959041656969299,5.365004357026269e-05,0.004042183107444618,1
3.741059401917705e-10,0.9931829433613498,8.668852273830944e-06,0.006808387413734811,1
5.3163717193923616e-11,0.9897712113786264,9.63501992847114e-06,0.01021915354968943,1
2.8686722756894017e-11,0.9977978845581428,4.77365302875907e-06,0.002197341760996292,1
2.0348345491727377e-11,0.9990756934616167,2.4068340633450185e-06,0.0009218996854222686,1
1.603403788222133e-11,0.9965221035479592,2.4728333608712307e-06,0.003475423602122156,1
3.505131532308067e-10,0.9960453813566944,1.2357048195808837e-05,0.003942261243454094,1
1.5727745182785637e-10,0.9655866006148763,4.770302734600712e-06,0.034408628925796436,1
1.0924550434813438e-11,0.9925634923856154,1.7501622973792012e-08,0.007436490100097456,1
8.174526588107224e-16,0.970499364542488,1.2468130744008038e-13,0.02950063545634649,1
8.488840023338459e-15,0.9952265969178149,1.5826872685419015e-12,0.004773403080096203,1
5.169403062849888e-16,0.9967936541320584,1.1483778455083985e-12,0.0032063458664335636,1
1.2759750257426578e-16,0.996806898752414,5.827572223604845e-13,0.0031931012473944576,1
2.1018516129282364e-15,0.9996903523118824,2.7458296091921376e-11,0.0003096476608822441,1
9.313838037492189e-16,0.9992384677594484,2.3264451534173668e-11,0.0007615322171150011,1
1.0233263544826346e-13,0.9965248266973987,6.819116550123515e-10,0.0034751726190061804,1
6.099900801784843e-16,0.9097478699506413,6.95232966272869e-13,0.09025213004992659,1
1.877459961305451e-13,0.9871405648624736,1.1810884777922316e-11,0.012859435124998824,1
2.4735923242975166e-15,0.9763862610808205,1.020938657850316e-11,0.023613738908497772,1
1.8311762389722825e-14,0.9991747351850115,1.5102203791727862e-11,0.0008252647992026328,1
5.618934719358048e-15,0.9981258656072384,1.3859007280259758e-11,0.0018741343788204515,1
1.9609488368456133e-15,0.9917586727171698,2.5832195490435802e-11,0.008241327256870365,1
2.869076100629946e-14,0.9994661057425105,8.218030236184868e-10,0.0005338934371295443,1
1.8411491046348872e-16,0.9992102212882602,7.069438815895362e-12,0.0007897787062170063,1
4.1077397231736494e-16,0.9996243628372931,1.2807198159509495e-11,0.00037563715074191294,1
2.450238130982459e-14,0.9990206564751728,2.237172275341538e-08,0.0009793211519350817,1
5.368593417178641e-13,0.9992964451694237,2.7707524744944063e-08,0.000703527123348997,1
3.981492000035652e-13,0.9938716180483195,1.0981261313288723e-07,0.0061282721374504795,1
2.5844493733338044e-13,0.9990327961597543,8.023900935780726e-08,0.0009671236027329432,1
9.324514097191362e-14,0.9995986100739146,8.209094687124732e-08,0.0004013078334505037,1
7.689726411404498e-14,0.9993824748751039,1.9857256197045807e-07,0.0006173265528086031,1
1.2449623228864804e-13,0.9994982053482725,1.203283918068289e-07,0.0005016743240385105,1
2.9526934910425846e-13,0.99889504344143,2.890873406089179e-07,0.00110466747050028,1
1.1998713977702917e-12,0.9991951706648751,5.858264190269444e-07,0.0008042435063740793,1
4.95190537635855e-13,0.9989833086899338,6.879328658676264e-07,0.001016003375894249,1
1.5081404579306392e-13,0.9995534144647592,5.0005476461183476e-08,0.0004465355293084259,1
3.3827090446596196e-14,0.9989116165796179,3.124932135370221e-08,0.0010883521721172656,1
2.0359503946972997e-15,0.9996508782270611,8.152113923289963e-11,0.0003491216898552299,1
2.48401300009611e-16,0.9988504070595342,1.660328585200606e-12,0.001149592937819122,1
1.258444890336877e-16,0.9957660372702459,8.591506999019927e-15,0.004233962729768171,1
6.273124889376611e-15,0.9881342355764257,2.891353369294132e-13,0.011865764422065442,1
1.1606311712970024e-14,0.7756699388535035,2.4574073718995307e-13,0.22433006114474222,1
4.1653810281611945e-20,9.82588566552618e-07,1.0274844267182442e-20,0.9999990174115108,3
5.6402316602691995e-14,0.5078324516275482,3.96453615932901e-12,0.49216754836760807,1
5.736685700388306e-13,0.9424356883747546,7.043458835550989e-12,0.05756431161865436,1
2.1877743670245607e-15,0.9392275790961551,6.907641639349688e-13,0.06077242090364006,1
4.889934310024469e-15,0.9977825281784195,1.8433536192773487e-12,0.0022174718195844337,1
1.3223420574785233e-16,0.9993266760321347,1.8029586542976678e-12,0.000673323967689288,1
7.96399141887813e-16,0.9995386233619223,1.891923202248747e-10,0.0004613764474808385,1
1.17113765876694e-16,0.9995987626440624,7.933574099433122e-12,0.0004012373479279923,1
2.9656477192270327e-16,0.9990666238160009,3.60207884904406e-12,0.0009333761801618443,1
2.448569056522476e-16,0.9975636275517333,5.99027149873566e-12,0.0024363724426885074,1
3.3131324958537268e-15,0.999287106711581,8.197653829151959e-12,0.0007128932786205794,1
1.957418878350541e-14,0.9955403160041342,3.713761123019516e-11,0.0044596839592053635,1
4.352934953076872e-15,0.8780493952430695,3.8128129611948544e-10,0.12195060437553126,1
1.168194136680998e-13,0.9958436603203132,2.0877303059726821e-10,0.004156339469056743,1
1.8590145055184038e-14,0.9992139515642617,1.260168373480316e-10,0.0007860483114573844,1
1.0655597041584227e-13,0.998564268363613,1.8640462731002317e-09,0.0014357297734766644,1
2.2869844237772494e-14,0.9920715983050155,3.6509146249051677e-10,0.007928401330771776,1
4.476991949183053e-12,0.9981580250974018,2.557023133370626e-07,0.0018417191955299823,1
1.6684446001575092e-12,0.9971810365389292,2.67210168084665e-07,0.00281869625014959,1
8.37676827050259e-12,0.9991924696657982,4.430750493712073e-06,0.0008030995735451405,1
3.3747427642608274e-12,0.9992326489419769,4.4073885857233305e-06,0.0007629436646410377,1
3.1702606620040037e-12,0.9993363294887211,5.030846959472518e-06,0.0006586396603171035,1
5.269313702293611e-12,0.9993576486729641,6.279586636261854e-06,0.0006360717344129033,1
1.0046391751727198e-11,0.9990329980613044,9.456411661821631e-06,0.0009575455181477366,1
8.506657051372739e-11,0.9982222062037471,4.9274667258321624e-05,0.0017285190448354869,1
4.257428945481115e-12,0.9986339723117825,5.589413224564093e-07,0.0013654687433011646,1
6.023811540347768e-12,0.9985936405658681,7.174817452137497e-07,0.0014056419455297246,1
1.3612017082849788e-11,0.9959471420059528,7.65954456631183e-06,0.004045198436287194,1
1.82350155910863e-09,0.9966280841376365,0.0002370692799340614,0.0031348447587843586,1
1.7053786526773724e-08,0.993814267197435,0.003328489639744512,0.002857226108410425,1
4.08858782773379e-08,0.9890915815267562,0.007576458998240393,0.003331918587488694,1
8.660492725577485e-08,0.9700655033774161,0.011586051232369365,0.018348358783836793,1
1.4678720578565255e-07,0.9812047520975409,0.014741678189096873,0.004053422926826032,1
2.718108553425973e-07,0.97450623415911,0.016196416931434584,0.00929707709932771,1
2.577000954449812e-07,0.9651161710640833,0.023588071864062223,0.011295499371628843,1
1.0619476878000794e-06,0.8880883128687745,0.042906852396020635,0.06900377278852543,1
6.889659656858888e-06,0.41503138049427174,0.039112018887099954,0.5458497109585959,3
2.0817952795945884e-06,0.05986726960774212,0.013800686429694961,0.9263299621690099,3
3.322698427610825e-06,0.6809463401711264,0.07083631909967544,0.24821401802937262,1
2.2064893274873263e-06,0.8389408689827851,0.10877024145736117,0.05228668307070551,1
2.553192118829926e-06,0.8137020190355729,0.12819323371789626,0.05810219405535453,1
2.006876791765939e-06,0.7937147556537103,0.18227037312662028,0.024012864341134737,1
2.799543559232147e-06,0.6722861958993156,0.2647057439999019,0.06300526055625902,1
4.694440351073729e-06,0.46613256245840134,0.3830996349424611,0.15076310815770885,1
2.514810588271889e-05,0.20162399048292856,0.6887741430036534,0.10957671840630258,2
0.0002486028205497426,0.044214500336780045,0.9462368698405884,0.009300027000364,2
0.007145350411684996,0.020198908244079616,0.9630343094304941,0.009621431913989524,2
0.3227496335795454,5.209674200932542e-05,0.5868179979654553,0.09038027171210858,0
0.5660996431149126,2.6772403702444373e-06,0.39603732542240594,0.037860354222707775,0
0.7850003753432037,1.6994948390605144e-07,0.212469772010767,0.002529682698260859,0
0.999709743505491,1.1529850302064604e-11,8.565575969892117e-05,0.00020460072298957572,0
0.9999973225603217,8.761688455072963e-15,7.272353951803271e-09,2.6701666084495363e-06,0
0.999999632887988,4.4573753459266304e-17,1.9476674993030244e-09,3.6516463791265583e-07,0
0.999999709736627,2.2126714282058357e-17,3.1198988577114777e-09,2.8714379884869094e-07,0
0.9999994041538186,4.771232520654037e-18,1.8000034407420679e-09,5.940471827113444e-07,0
0.9999997555496819,7.0604780674662e-17,1.4031168290273963e-08,2.3041856855374209e-07,0
0.9999994882420141,6.106606488727533e-17,1.1022148215915751e-08,5.007359321119245e-07,0
0.9999985854020452,1.5189537832934448e-15,9.083537413672598e-09,1.4055134770190288e-06,0
0.999966831165547,5.9382697311275e-17,9.90281322194991e-09,3.315893206741487e-05,0
0.9999992948362645,6.6563343116743555e-15,2.173209266688737e-09,7.029922904128683e-07,0
0.9999967603960338,8.453860032975056e-17,2.2084770077855464e-09,3.2373943686635474e-06,0
0.999997591879208,7.274151111410997e-17,6.401766549840837e-10,2.407480603349147e-06,0
0.9999996456172713,1.0740190796055251e-16,1.0655650267402006e-09,3.5331748075944837e-07,0
0.9999992419109875,5.98114475424741e-18,1.920813440771006e-09,7.561694974341893e-07,0
0.9999998025669097,5.373858223932749e-18,3.026162639870697e-10,1.9713082271819842e-07,0
0.9999997899685916,5.7672682805031456e-18,2.1842155296757157e-09,2.078461303714529e-07,0
0.9999997357627202,4.1455155755326095e-16,3.1037592187698628e-09,2.6113315006428536e-07,0
0.9999825942455174,1.783365371956781e-18,4.447158016995505e-10,1.7405311505875053e-05,0
0.9999988821952565,1.7157116156466106e-14,5.99493372042019e-07,5.183109459040724e-07,0
0.9999993537496535,1.8710967956184525e-15,2.946207874471891e-07,3.516301348947896e-07,0
0.9999975011409632,2.7912715817863537e-16,2.728969793612238e-07,2.22596269345834e-06,0
0.9999995074578086,8.343134143750677e-16,3.258758429602082e-08,4.599555044847821e-07,0
0.9999964531115585,3.83003191626074e-15,2.88541645720862e-06,6.614729826323477e-07,0
0.9999966382367466,4.9458698816883714e-15,2.4847630694143568e-06,8.769990264340605e-07,0
0.9999953993098064,1.0050359144368737e-14,3.8036704514138207e-06,7.970186512737724e-07,0
0.9999925439065581,1.9541045438744306e-14,6.741640033245063e-06,7.14453594059269e-07,0
0.999990555524198,2.1612403118547254e-14,8.391669564270852e-06,1.0528073918711276e-06,0
0.9999909040793543,5.129543705461962e-14,8.333567617174232e-06,7.623524187696923e-07,0
0.9999907783665101,5.142034474755061e-14,7.309137473201721e-06,1.9124970652712764e-06,0
0.9999785688019114,1.844806945669999e-13,1.989301045351061e-05,1.5381860818761825e-06,0
0.9999815195039989,2.0616720307450858e-13,1.7087384446601992e-05,1.3931106290503495e-06,0
0.9999791678479465,5.916438938629657e-13,1.937115796800787e-05,1.4609941367228905e-06,0
0.9999696139817437,5.659671123536456e-12,2.0736742346551393e-05,9.649268969402669e-06,0
0.999891809089155,1.4004323830108929e-13,1.0585022662285524e-05,9.760588696808199e-05,0
0.9999941399427178,1.500024471533243e-12,4.6284199051714896e-06,1.2316370033196097e-06,0
0.999997146981036,3.536899312134659e-14,1.489506244908164e-06,1.3635132651118055e-06,0
0.9999889226050621,4.0762212225635596e-13,3.5521100564893063e-06,7.525285531455402e-06,0
0.9999737864289018,3.091490084706608e-13,1.7787431738833393e-07,2.60356967999438e-05,0
0.9999595681244774,1.2445646489278569e-14,9.156530459333098e-08,4.0340309785229e-05,0
0.9999938945734292,3.832340575479291e-12,5.050541176338024e-06,1.0548829929127536e-06,0
0.9999884226869532,1.8705984118706833e-14,2.854640892099837e-06,8.722673393095619e-06,0
0.9999887984676941,1.7298590714913004e-13,1.0221562179097813e-05,9.799697442340357e-07,0
0.999996066876069,1.5713661463465725e-14,3.118214537608042e-06,8.149078597953802e-07,0
0.9999959953791553,3.3837023479885196e-15,2.845489037339602e-06,1.1591331392502435e-06,0
0.9999992602718528,2.9406470685994586e-15,2.447867884963634e-07,4.949396828845152e-07,0
0.9999978998552477,4.194932321124098e-14,4.839142676414975e-07,1.6162291034580698e-06,0
0.9999681375467232,2.4088614802492536e-15,1.2565680100697809e-07,3.173679576074749e-05,0
0.9999977451359838,7.031140945091986e-14,6.070610179755808e-07,1.6478013517040208e-06,0
0.9999980464982382,1.0316788340603603e-14,9.109438381072061e-07,1.0425570923192778e-06,0
0.999993964280318,2.4454271109356844e-14,4.697447309908968e-06,1.3382732134182952e-06,0
0.9999872916458004,9.752655702537988e-13,1.1242820305068425e-05,1.4655332896011329e-06,0
0.9999597243729997,7.654584542231359e-14,4.357565512383681e-06,3.5918060941982645e-05,0
0.999974382227078,1.7378634977051082e-11,2.3513426919636863e-05,2.1043291902076583e-06,0
0.9998342183343242,2.29805344965171e-11,0.0001624350155076056,3.3466278845672675e-06,0
0.9970556680188367,4.4611708412104227e-10,0.0029345099519060796,9.821584385774819e-06,0
0.9844181031318253,4.638680908992068e-09,0.01553471891356262,4.7173316923156233e-05,0
0.9413914527564764,3.2814749246157624e-08,0.058543608272000516,6.490615505973829e-05,0
0.90975166565958,7.7187882465718e-08,0.09016113690577152,8.7120246482404e-05,0
0.8871898952958338,1.2978830024357168e-07,0.11232933186336164,0.0004806430523267935,0
0.41789955934913503,4.3427088106364e-07,0.5794480366443042,0.0026519697343649613,2
0.08935647972236738,3.382375491996165e-06,0.9082997265696214,0.002340411330947658,2
0.00451184170381165,5.504702181653234e-06,0.9943537339861895,0.0011289196085677966,2
0.00018418966764881126,9.066641514586704e-06,0.9997266548124728,8.008887703789032e-05,2
2.164049797805919e-05,1.821855338735739e-05,0.9997164288612551,0.00024371208875551318,2
2.5236164346353262e-05,9.522170873387965e-05,0.9981716858689182,0.0017078562566153414,2
2.2743222884621572e-05,0.00022411117712483865,0.9855599141211018,0.01419323147883915,2
0.00031694783153637837,5.1589363981547935e-05,0.9037810403269828,0.09585042247833832,2
2.4254048605870317e-05,0.0011209314771025438,0.9926996319199349,0.006155182554953542,2
1.1057099728252956e-05,0.0017627649045353056,0.9969148848788147,0.0013112931179716874,2
8.170407501386318e-06,0.005255691239864388,0.9939396704304408,0.0007964679230061763,2
1.0470915891222888e-05,0.02355276194861509,0.9728998292294057,0.003536937904378872,2
8.176721575630928e-06,0.048314629082502426,0.9474630029128039,0.004214191282601261,2
1.3227807479596204e-05,0.07194541294228339,0.9153769599238287,0.012664399328105102,2
2.7443472002199615e-05,0.10467700245502395,0.8500678873148391,0.045227666756357136,2
5.308396672078528e-05,0.11024539742392457,0.6067979210555757,0.28290359755538397,2
1.0622358056323581e-05,0.29985815011204914,0.6040517057121657,0.09607952181846882,2
3.019288073797528e-06,0.5275364807032263,0.4513027995510961,0.021157700458858838,2
2.271266692495373e-06,0.7762773993545863,0.20587912295131042,0.017841206427490777,1
1.1828393873469796e-06,0.9086013149042106,0.0594390255138881,0.03195847674246692,1
1.0277889821490472e-08,0.9729631282942963,0.0013313004156567366,0.025705561010526134,1
3.86709575447161e-10,0.9982227847363375,7.992438847030626e-05,0.0016972904887335846,1
1.4735867880436624e-11,0.99907034337905,7.691657569649917e-06,0.0009219649490745957,1
4.19515051754034e-12,0.9994192468968809,4.101002580003961e-06,0.0005766520956597387,1
4.633772613360512e-12,0.9990882207900796,6.777068699372318e-06,0.0009050021374485077,1
4.834946389696088e-12,0.9990814747606592,4.42294402620759e-06,0.0009141022887375625,1
1.7492629049062384e-11,0.999035822132257,2.031049757360881e-06,0.0009621467988284154,1
1.1063624718184699e-10,0.9916111107615626,4.892748529215989e-06,0.008383996380582412,1
9.523211361609497e-12,0.9456890876722247,5.095790072497998e-07,0.05431040274025648,1
3.3384387953931067e-10,0.9958710140755257,3.7209196869268343e-06,0.004125264670997489,1
1.0550669153843668e-11,0.9955471256395031,1.0862640231157857e-06,0.004451788087301837,1
4.2262022426214265e-12,0.9991120165825583,5.545049684813916e-07,0.000887428909237942,1
3.7108537714030255e-12,0.9989805937809899,1.1971254548048377e-06,0.0010182090892224462,1
3.2316304126597583e-10,0.9982216140351754,6.326679406577388e-05,0.001715118848991973,1
1.7097570731740724e-10,0.99058150228453,3.921889417034557e-05,0.009379278649583607,1
1.7218828836528935e-09,0.9978150727985893,0.000139318184915471,0.0020456072929245493,1
5.082176818652693e-09,0.9969281129324519,0.0013268488268435624,0.0017450331595425543,1
1.8286619332875168e-08,0.9925758960589274,0.004116518253889309,0.003307567401754975,1
5.216228527691857e-08,0.9667041758157945,0.01871346235943446,0.014582309663519092,1
3.9852975295968876e-07,0.861177752059933,0.08006506364316592,0.05875678576655562,1
9.175119818489144e-07,0.24995658405116247,0.17555021446197377,0.5744922839734503,3
2.6966646242243338e-05,0.1824719126463886,0.7482231702292865,0.06927795047806302,2
1.0283630158098076e-05,0.1242368009596446,0.8650982644512895,0.010654650959523247,2
5.5341954565609865e-06,0.08306493174218976,0.9143738766174813,0.0025556574450699347,2
6.14021976286007e-06,0.04966798238676556,0.9490698147046371,0.001256062689802647,2
7.374812772209055e-06,0.03657657720115641,0.9628387558013908,0.0005772921847481667,2
7.5047007199994905e-06,0.032549254875624434,0.9670320922281296,0.0004111481950690356,2
7.956615156108457e-06,0.03350682044482257,0.9659544368798944,0.0005307860592642974,2
1.2966321397422857e-05,0.04241525811148876,0.9537253858958898,0.003846389672199791,2
2.0387730213896578e-05,0.0783539503905948,0.8927504690482597,0.02887519283025582,2
7.47436685078486e-06,0.17976899224329224,0.8094866528844435,0.010736880506186857,2
3.7962992968826176e-06,0.4360545116354437,0.5359702578490434,0.027971434217774996,2
1.7488316432842672e-06,0.7100534111088567,0.2697700245636128,0.02017481549725537,1
1.6127253390286871e-07,0.9061128026045818,0.07269522028016036,0.021191815843480743,1
1.888075028310011e-09,0.9961160979456962,0.0007811865848038752,0.0031027135812628846,1
2.5344556605125017e-11,0.9993146118155748,8.55935711377861e-06,0.0006768288010386866,1
6.806658154155498e-14,0.9992773233159356,6.249909124854191e-08,0.0007226141833196034,1
6.82338353942206e-14,0.9996437859174382,9.356316848341873e-08,0.00035612051953389255,1
8.618721431806086e-15,0.9994748846203455,8.72627121015731e-09,0.0005251066529965916,1
2.2536899635625123e-14,0.9994500829488518,6.268907444055117e-09,0.0005499107816378773,1
1.1014610569046335e-14,0.9988719711171453,3.6195262668311773e-09,0.0011280252630013505,1
1.6789799135365958e-13,0.999445277426158,3.335335724298305e-08,0.0005546892187412842,1
9.248801900449121e-13,0.9976119221931995,6.529168368766257e-08,0.0023880125131086768,1
2.198748312559486e-12,0.990736237916034,7.191163259296942e-08,0.00926369017160414,1
1.6026891796122802e-12,0.9942951210087437,1.3511215884607185e-07,0.0057047438781269765,1
2.4809907938149458e-11,0.9990608926217409,2.6235472524814233e-06,0.0009364838047419684,1
2.0093310890205274e-11,0.9985023981598239,5.6171204604476096e-06,0.0014919846996484817,1
3.4745825524884725e-12,0.9970226796703506,2.529035851139478e-06,0.0029747912914525887,1
1.942287474802788e-12,0.9994446547099002,7.967990693711654e-07,0.0005545484905793115,1
1.4796108847073897e-12,0.9993346506155816,6.023091508889524e-07,0.0006647470740030718,1
3.891756491396276e-13,0.9965455111771228,3.535677195665914e-07,0.0034541352533644125,1
9.080808706255952e-12,0.9992406838249147,2.386174990657925e-06,0.0007569299892721242,1
8.459023940916469e-13,0.9990662068421643,1.6174824743949807e-06,0.0009321756753636659,1
9.144920320813555e-13,0.9992984948790881,1.2949644464797998e-06,0.0007002101567668722,1
1.0155003098508071e-12,0.9993819413642582,7.424699575921767e-07,0.0006173161632321474,1
3.022101570829913e-13,0.9988543727604664,2.4568630000760937e-07,0.001145381551885206,1
4.566142215513326e-13,0.9992541483210633,2.093152034843649e-07,0.0007456423635244252,1
1.8968630684641475e-13,0.9992740609220646,3.632150067336191e-09,0.0007259354455912627,1
8.749421940395591e-14,0.9833842311829162,1.5565272572686551e-10,0.016615768662801088,1
4.565781200553397e-16,0.4655125355943231,1.4022448321895722e-12,0.5344874644025073,3
1.5953748465756355e-13,0.9653855970040757,2.596812898489946e-11,0.034614402970095985,1
1.769786468217564e-14,0.9938730835692386,9.908593548448576e-12,0.006126916419057053,1
1.4922026766665164e-14,0.998650686324949,5.497607514405419e-10,0.001349313125880299,1
2.3085440469726926e-14,0.9996692641806951,6.477248673183202e-09,0.0003307293415862124,1
2.7063531913336093e-15,0.9993497385835513,1.5106390897877741e-09,0.0006502599048431557,1
6.0771059406558114e-15,0.9995002466831773,1.1818050467224843e-09,0.0004997521347214417,1
1.9793833807067555e-15,0.9992046192390752,6.592710681140643e-10,0.0007953801026924679,1
3.0721420167424438e-15,0.9996378727685261,4.917963057434234e-10,0.00036212674132115864,1
6.706416810477017e-16,0.999297263426297,3.911603366059178e-10,0.000702736183347474,1
3.251567090486876e-16,0.9996722652378754,4.348656825482942e-11,0.0003277347196801743,1
1.171178842041508e-16,0.9996595086032147,3.97499863829595e-11,0.00034049135607861126,1
1.5566718607545938e-16,0.999715979771118,5.7542817208514196e-11,0.0002840201695279664,1
1.3190534628318497e-16,0.9996335961984288,3.041679865885887e-11,0.00036640376943375023,1
1.041349149452165e-15,0.9996303504791046,3.547258553287247e-10,0.00036964916788624196,1
2.8919110366469798e-15,0.9992876436108765,3.278385211206862e-10,0.0007123560600374121,1
2.376319856468683e-14,0.9988162799404815,1.2388900612404264e-08,0.0011837076702892295,1
8.815006206462742e-15,0.9996911514559453,3.179107540268008e-10,0.0003088482274632062,1
5.753478096141255e-15,0.9978415389693164,1.5672703830714343e-09,0.0021584594624575377,1
4.5631231367334975e-15,0.9994379647577705,5.954437688285487e-10,0.0005620346481536379,1
1.1244331180552177e-15,0.9996935243504096,4.283985912902188e-10,0.0003064752202116751,1
8.992587919111704e-15,0.9994620872466693,6.938281882118802e-09,0.0005379058143338061,1
3.857203903735162e-15,0.999295279581971,1.9064911891571e-09,0.0007047185121476712,1
1.8554895832032656e-14,0.9996945325004891,1.2235877868052578e-08,0.00030545526265202263,1
4.2448119465970395e-14,0.999352534457609,2.650222727248085e-08,0.0006474390406775385,1
6.128077746289433e-14,0.9986165743563461,1.31170682217231e-08,0.001383412527033398,1
2.9718392668430184e-13,0.9987930985129133,2.495586383595827e-08,0.0012068765312097309,1
2.4519535744648966e-14,0.9980965824901309,3.121934524726808e-09,0.0019034143890181467,1
3.188911048449756e-13,0.9991678617116142,9.699585693320609e-08,0.0008320412930494714,1
5.584838181260532e-14,0.999069641625897,6.393288121707351e-08,0.0009302944410152122,1
9.979146642808348e-14,0.9995691786097108,1.848144653676334e-08,0.0004308029093083585,1
1.1603389324414102e-11,0.9988038732789668,1.7682982169719593e-05,0.0011784437254669887,1
2.346686508993698e-10,0.9981135101436484,5.515710374235569e-05,0.0018313325175691047,1
3.6875952103540696e-09,0.9887912747763966,0.00026265255597221894,0.010946068979911973,1
3.061370723155434e-08,0.9499485597746322,0.0015464037706559475,0.048505005839552,1
5.202529962430149e-07,0.9229795044453885,0.02370445057596172,0.05331552472585903,1
2.5344138653264923e-06,0.6440148927552256,0.29352246904339296,0.06246010378570148,1
4.692604378728561e-06,0.37832297864589254,0.5747790617587858,0.04689326698913484,2
5.5469730576431415e-06,0.2020573336191837,0.7671679333857399,0.030769186020236546,2
6.357921894898521e-06,0.08433311404063766,0.9078265450428895,0.007833982994396511,2
4.154871411104288e-05,0.013827845751691987,0.9624776568845121,0.023652948648860004,2
1.8109890499965554e-05,0.0017934447404190773,0.9972899989425401,0.0008984464260676754,2
0.0003464377092597873,7.50649797487e-05,0.9994718999652881,0.00010659734621125146,2
0.004848533765996231,2.7231829190240244e-05,0.9928086457029812,0.0023155887000831554,2
0.029195884626593744,2.458896234133463e-06,0.9002230703276136,0.07057858614864475,2
0.02166621787912668,1.70479257432397e-05,0.9745344656486075,0.0037822685481958863,2
0.014327971725815554,3.629615998472869e-06,0.984221569296579,0.0014468293610938629,2
0.0035999750892747318,3.330486125826893e-06,0.9963192424417388,7.745198292396671e-05,2
0.004366990420096088,1.8927431529849904e-06,0.9955795686296413,5.154820558949552e-05,2
0.015529788986634875,1.7295134663020543e-06,0.9843888508233039,7.963067567439409e-05,2
0.05672263047844745,1.2835098851756321e-06,0.9430246784001259,0.0002514076113629303,2
0.13553333666162282,1.6639648288498275e-06,0.8637537639110877,0.0007112354640678359,2
0.21501393661829013,9.343394486873493e-07,0.7848477724003147,0.00013735664329609252,2
0.35491871548646764,6.536049322068292e-07,0.6449047687480088,0.00017586216044006972,2
0.5847751736545321,2.63827790416401e-07,0.4150814699538639,0.00014309256359827172,0
0.7950140450184141,2.0279914062870292e-07,0.20488581058419705,9.99415965448217e-05,0
0.8496569606364663,1.6115458693236704e-07,0.15030032999037424,4.254821878861708e-05,0
0.8638269071370529,1.5052879056787192e-07,0.13612969470920844,4.3247625293301344e-05,0
0.8524754715600475,1.6010564830694921e-07,0.1474671309075778,5.723742687812349e-05,0
0.8397475856921951,1.7634915538116733e-07,0.1602069793532574,4.525860662958788e-05,0
0.8237565890590174,3.389588353935713e-07,0.1761685319668711,7.454001347458762e-05,0
0.8252533311126987,3.7548539860397575e-07,0.17412351165264453,0.0006227817501783243,0
0.8124566911322205,5.063346586365548e-07,0.18746122086684458,8.158166594520625e-05,0
0.8233565042215142,4.0922866508163936e-07,0.17651820047989664,0.00012488607156606012,0
0.8518968040650218,2.5965833389806115e-06,0.14773537416432933,0.0003652251863362166,0
0.9555182063418326,6.21299879963452e-06,0.03313443773597406,0.011341142924978011,0
0.9632888643683115,6.202902088780815e-10,0.00023010703274846264,0.036481027979545236,0
0.9977055170528865,1.0910567921220482e-07,0.0004782238126468595,0.0018161500290396076,0
0.999599197473657,5.614417420853997e-10,5.671218389808473e-05,0.00034408977957411165,0
0.9999454086123047,1.2821231015757736e-10,5.069448978036532e-05,3.896769841565851e-06,0
0.9999543721683685,1.4547051944942093e-11,4.2211997170173425e-05,3.4158185872590944e-06,0
0.9995552483561969,7.412259952804367e-11,0.000412129611276573,3.262195732073733e-05,0
0.9993019457520831,1.3061299746913122e-09,0.0006412323523381098,5.682058820357617e-05,0
0.9933255854941435,5.964166742018942e-08,0.006519417375180179,0.00015493748867971888,0
0.9769536810557098,2.6019997763031022e-08,0.015211890927069734,0.007834401997522061,0
0.928556596866024,1.0963977703609984e-06,0.06956337905707866,0.0018789276796183486,0
0.8252584193126555,2.2656259923686794e-06,0.17321801516282714,0.0015212998974381672,0
0.7281380820590603,3.985094593579498e-05,0.24812753316349692,0.023694533831148192,0
0.012633531098214136,3.988695822694446e-08,0.006778606269104565,0.9805878227455294,3
0.012603892440694514,0.00010635311726114405,0.7449954933372889,0.24229426110386748,2
0.008112688870436143,5.3704447230897775e-05,0.961633702119174,0.030199904564453612,2
0.0024025285417118244,1.0055712244089434e-05,0.9965751580178165,0.0010122577270397241,2
0.0005750366924345895,2.7186238153445957e-06,0.9990017767166643,0.00042046796824061713,2
0.00039215167989916527,3.2996398386821783e-06,0.9989754101185148,0.0006291385609365253,2
0.0002727195548128376,3.0725566572835437e-06,0.9992983851619148,0.00042582272825836,2
0.00014418433032092955,3.808309076753924e-06,0.9964695558795853,0.0033824514814940186,2
1.6709325080546976e-05,7.099938732840091e-05,0.9983014648711676,0.0016108264149351772,2
1.0434914509500281e-05,0.00016809800150050457,0.9995369807955053,0.00028448628895898074,2
1.2012531762930702e-05,0.00042379843284435484,0.9988466390848214,0.0007175499522342277,2
1.7574442548886908e-05,0.002954609056750434,0.992700373579526,0.004327442920791572,2
2.8030344718800655e-05,0.026157984892563952,0.9380745307269165,0.03573945403647106,2
8.104987499395357e-05,0.0449530330036598,0.7776361897275644,0.17732972739430103,2
3.3671129253887675e-06,0.004089050950621854,0.013658728058008354,0.9822488538796998,3
1.956767561452939e-08,0.00010104340794749935,2.347832566199296e-05,0.9998754586992756,3
3.9192601348389794e-08,0.0008925066777919891,1.4607758768448701e-05,0.9990928463694964,3
2.5098924125585264e-09,0.02709030976207872,1.0148065636581128e-05,0.9728995396614197,3
3.655363685831773e-08,0.9208791044626429,0.0003863067876553978,0.0787345521973662,1
1.0767553218677016e-08,0.9669483997213913,0.00016165415092464733,0.03288993535872719,1
4.427844661253608e-10,0.9807112381431071,5.416059675806248e-05,0.019234600816550856,1
1.8474465345312297e-10,0.9971013503666407,7.223106288535e-06,0.002891426342431095,1
5.7637598362648385e-11,0.9979658914323412,1.0844772060779095e-06,0.0020330240339742813,1
1.5992545801077542e-11,0.9682858225603278,6.983689869429601e-07,0.03171347905382844,1
1.4394731428937055e-08,0.9808409214839816,0.00012984115767140583,0.019029222963354065,1
3.911687497980433e-08,0.9183898391617308,0.0005188016348612967,0.0810913200860275,1
2.762303507922041e-12,3.438930713887784e-05,2.7135237085041333e-09,0.9999656079765121,3
7.810963768560636e-08,0.00034491631491750404,0.00036371682347293707,0.9992912887512676,3
9.000697577871918e-07,0.01295856908232469,0.008730340782434733,0.9783101900654263,3
8.921515333911073e-06,0.0934762738168407,0.03725701240933132,0.8692577922573205,3
1.0109118839405804e-07,0.0015396071889447905,0.013105813679529843,0.9853544780408372,3
5.768795511110551e-05,0.04838920363116609,0.8198004656528555,0.13175264276074367,2
1.0238325839074358e-05,0.04286275989705317,0.9306945118515161,0.02643248992629806,2
5.335475918965755e-06,0.04240785986540074,0.9477587368332181,0.009828067824322967,2
7.881203069309474e-06,0.039707427165108576,0.9525959299836565,0.007688761647908309,2
7.210761680459841e-06,0.0451626668063799,0.95107423196836,0.0037558904623602512,2
6.5440527607255755e-06,0.057916090313832415,0.9397893061031503,0.0022880595306630164,2
7.746728075400469e-06,0.08968536297636132,0.8972822040190012,0.013024686277127141,2
5.6721542927531486e-05,0.17473911201497572,0.77160434470871,0.053599821732570226,2
1.6511591096277566e-06,0.34118316578953045,0.016623125986240432,0.6421920570643187,3
5.962101311921964e-09,0.6361627570249202,0.000335051252989886,0.3635021857588613,3
1.973727055311145e-09,0.9834815993854255,9.437560845517148e-05,0.016424023031835357,1
1.0046404555305735e-09,0.9974842851303356,2.44076638382683e-05,0.0024913062014297435,1
1.2591123877869586e-09,0.9937077390932465,4.644519151341965e-05,0.006245814457740229,1
7.778063285659428e-09,0.9570500267197201,0.00024300029730767308,0.042706965206425904,1
6.557439755514447e-11,0.0322105002163324,4.910644957785045e-07,0.9677890086535325,3
1.0996629742141114e-15,2.6229675227051744e-08,2.6001123844166065e-11,0.9999999737447073,3
1.6549184961087485e-09,0.9621315510151074,1.78380575101442e-05,0.037850609273058305,1
3.956877176107237e-13,0.9888709934435601,2.5947603064199294e-09,0.011129003961100012,1
1.9550283811174804e-14,0.9988244056173214,1.1557243310539285e-09,0.001175593226106284,1
2.632770176273052e-16,0.9996084829178159,3.73261968450642e-11,0.00039151704304537686,1
2.041857337874782e-15,0.9997014027305059,7.586175451520877e-11,0.0002985971947605509,1
1.0053324519556697e-13,0.9965511943158085,1.525876189796898e-09,0.0034488041597077,1
1.1130423103258201e-14,0.917617993250615,1.1614887280726107e-10,0.08238200663429134,1
2.945704622141728e-11,0.9849071230327685,8.934346136980921e-09,0.015092868002098256,1
1.9764425885555817e-12,0.9331185341002948,1.2579571062394893e-09,0.06688146463975081,1
1.1604666815150879e-12,0.8963495010007498,1.2665561700724915e-09,0.1036504977310823,1
6.234943521821146e-12,0.97967786831435,1.1939604249009284e-08,0.020322119738997668,1
5.519445116726434e-13,0.9951722870862655,9.486225111810796e-09,0.004827703426974353,1
3.2715984504895715e-13,0.9979635177155712,4.324154616638525e-09,0.002036477959871442,1
1.6757387127553838e-14,0.9982617929377845,7.863012737896187e-10,0.0017382062757891855,1
3.525189444354803e-14,0.999334720138365,6.698597908203146e-09,0.0006652731614446973,1
8.51362745018513e-14,0.9989138468814993,2.456631380889162e-08,0.0010861285522153975,1
4.795631272635516e-14,0.9980914232656185,8.760828209038222e-09,0.001908567972997239,1
1.210237554192345e-13,0.998824419915939,1.7527800409943928e-08,0.0011755625544434224,1
8.408838495976525e-14,0.9994062314501819,7.466319114801227e-09,0.00059376108501662,1
7.088525582437214e-15,0.9985932795393238,2.0221797883815916e-09,0.0014067184375726226,1
7.261935098409369e-14,0.9994967902129567,7.95539829526843e-09,0.0005032018320219417,1
8.002475955756148e-14,0.9987694625234806,1.6754767731469594e-09,0.0012305358025926029,1
5.083812272634335e-13,0.9883224197085854,5.380533386082428e-09,0.011677574911132,1
1.9110512256556565e-12,0.9705161427784909,7.512715511215213e-10,0.029483856467057947,1
1.3562578246940104e-14,0.912977583313846,3.079993260852209e-10,0.08702241637799153,1
3.7034100886707086e-14,0.9923949706170103,2.861147716790145e-10,0.0076050290960666045,1
2.1545740487250866e-14,0.9991413355798296,9.988033218020059e-11,0.0008586643202414911,1
7.640466661264455e-16,0.9987846175071529,1.8890689050259323e-10,0.001215382304088974,1
2.293966590210017e-17,0.9996533216546216,4.1548789382190663e-13,0.0003466783438284354,1
3.847376315449694e-17,0.9997427307400264,3.0314665314816086e-12,0.00025726925713284845,1
6.850483338934262e-16,0.9995006908003096,1.7074472870514604e-11,0.000499309183427519,1
4.441042213199385e-14,0.9926726584876365,3.3473844727021996e-10,0.00732734117814165,1
1.4019309762116726e-16,0.8604479821420848,7.712409492661464e-11,0.13955201777980758,1
1.6473302349444172e-13,0.9933383040993059,7.20155124880877e-11,0.0066616958267990654,1
5.822575528834578e-15,0.9970606927181584,1.836034607367517e-11,0.0029393072642909528,1
2.6169124836898962e-15,0.9993735728679325,2.3940928063724233e-11,0.0006264271073395028,1
9.999869870025508e-15,0.9988914616943079,3.4841380454840725e-11,0.0011085382711748077,1
1.4696485252527934e-15,0.9862567190386375,1.3557948260425718e-11,0.013743280949024174,1
8.075452830157051e-16,0.9977166072903206,9.260136986150724e-12,0.0022833926990316103,1
1.8432277251197915e-15,0.9996772822083723,4.139704454431076e-11,0.00032271775182219573,1
1.603945487125933e-16,0.9990677513006929,2.0419479283412217e-11,0.0009322486803418784,1
3.616659840398769e-16,0.999625500799372,8.63203048044064e-11,0.0003744991143368644,1
6.865359877612372e-16,0.9996922827731396,1.8512057868939632e-10,0.00030771704269594107,1
1.0262354802605897e-15,0.9995187331242997,1.8146284168601412e-10,0.0004812666939008656,1
3.778251024545946e-15,0.9991323886969091,2.1730794366953798e-10,0.0008676110851113604,1
7.687259197887539e-15,0.9983678399108746,8.023067663367962e-10,0.001632159287214322,1
2.1661589765896814e-13,0.9993127464352256,6.153367246391844e-09,0.0006872474106936236,1
8.37452236160084e-15,0.9924654029249981,9.002735709495426e-09,0.007534588071443802,1
1.948092303785507e-12,0.9982117913889149,2.6183124249903773e-08,0.0017881824271443148,1
2.6146589552572366e-11,0.9975577174206394,5.386570900241319e-07,0.0024417438944926216,1
3.4826864870859276e-13,0.9494553401522302,4.5960419357666546e-07,0.050544200244554624,1
8.051405110851946e-11,0.9917265221891263,3.332998947026024e-06,0.008270144732982716,1
2.7680403300704372e-11,0.9990958140853474,5.0926669477656475e-06,0.000899093221617997,1
1.2331405575350363e-11,0.9992775070356215,1.0965697546510996e-05,0.0007115272532730955,1
8.396016495011643e-11,0.9987476765148172,6.587878347999584e-05,0.0011864446160486167,1
1.4852107971172424e-09,0.9979899805950129,0.0004754238826182075,0.0015345940371757588,1
1.4482583253023931e-08,0.9904420662831523,0.004087228366554456,0.005470690866044919,1
1.6500727982774616e-07,0.9433841938564382,0.010572065305183455,0.04604357583290042,1
2.452733514104396e-07,0.7198212716735174,0.015288431906587453,0.26489005114829084,1
3.004316633854961e-06,0.7961062724930379,0.06548460691044646,0.1384061162813371,1
1.8851406230531181e-06,0.9014361262867887,0.06210500866110989,0.03645697991281432,1
2.0497189164277784e-06,0.9460647175291863,0.024781590393275904,0.02915164235760277,1
3.2946867820746948e-09,0.9066141072056765,0.00016310635862111636,0.09322278314168592,1
2.4327949085707394e-09,0.9936768932325228,8.473427483006434e-05,0.006238370060500635,1
1.0979349704816505e-09,0.99739961115678,6.752063001416083e-05,0.00253286711351955,1
9.222897303014873e-10,0.9936479806201799,0.0003559236400444367,0.005996094816724413,1
1.8373090427078982e-08,0.9922733931153459,0.003133620447369547,0.004592968065282629,1
6.366523150113207e-08,0.9879035263152436,0.008037521637804957,0.004058888382463299,1
7.939252117883807e-08,0.9794830995220584,0.013430655687650695,0.007086165399157533,1
2.890509143899098e-07,0.970241016382659,0.015265527855495504,0.014493166712324883,1
2.417526648468113e-07,0.9562397416088014,0.014183632629820657,0.029576384010184247,1
2.1919988213746008e-07,0.9757837364750803,0.016363493650599796,0.007852550674985196,1
1.1743454568190871e-07,0.9770934634335575,0.018462463615204566,0.004443955515952909,1
1.5196208853485982e-07,0.9768508160658961,0.02048195812401492,0.002667073849518533,1
1.7281068164083821e-07,0.9742667709944246,0.020941256962050306,0.004791799231427482,1
1.4948855003729497e-07,0.9779784413718262,0.019091573000649373,0.0029298361384374897,1
1.0481759815461998e-07,0.9805964252701947,0.017722141358791518,0.0016813285532963232,1
3.2392005085151246e-07,0.9795164446307074,0.01667262526941576,0.0038106061781942664,1
2.0608806989334312e-07,0.9588793649318665,0.011839992330425122,0.029280436650831562,1
3.2520262325412424e-07,0.9792848448443955,0.011123764448812998,0.009591065504921392,1
6.788568707499769e-08,0.9813410214026412,0.0029865659646877546,0.015672344747539008,1
1.144695222901752e-08,0.9938645974599469,0.00030433406092425156,0.005831057033755065,1
1.659370016921484e-11,0.9896836338771896,4.8852029025364895e-06,0.010311480905050394,1
9.233143860539593e-11,0.9986299654957421,1.036088344510156e-05,0.0013596735286688787,1
1.7659834458940433e-11,0.9983772448530517,1.3631785060430901e-05,0.0016091233447516162,1
3.982284263487785e-11,0.999216657688778,1.4535136274706763e-05,0.0007688071347923687,1
1.0068879942002678e-10,0.9985862859318422,7.513844304198851e-05,0.0013385755243720983,1
1.389073843513094e-10,0.998879606975294,8.331958341116181e-05,0.0010370733013411366,1
1.1080290080072526e-11,0.9991322888010885,1.128477444364073e-05,0.0008564264135691595,1
4.948449048827921e-12,0.9993831992877485,1.0842377743821943e-06,0.0006157164705997246,1
1.6774415096232848e-12,0.9960877323325249,1.1007123327279066e-06,0.003911166952532715,1
6.167801986936123e-12,0.998238619774418,1.9298672445463482e-06,0.0017594503530912443,1
7.918518737808575e-13,0.9994738907997031,7.193937571275998e-07,0.0005253898067709826,1
3.8021723801372974e-13,0.9994907223982572,1.0371058829652412e-06,0.0005082404957965939,1
1.5812612722829506e-13,0.9994721804908067,3.307539987206486e-07,0.0005274887557255443,1
3.275418512239312e-13,0.9995756437884215,2.8237229238107627e-07,0.00042407383843829385,1
4.884612334898422e-13,0.9986816709274869,3.399408473549219e-07,0.001317989131421287,1
1.888469062706543e-12,0.998634554835918,4.6709709530698787e-07,0.001364978065390321,1
4.65745402578677e-13,0.9982584694521762,2.7066924707883933e-07,0.0017412598772335976,1
2.697910282484219e-13,0.9995015090826154,1.6572201028485667e-07,0.0004983251944852098,1
2.474751447362445e-13,0.9995986027936045,1.78904425949105e-07,0.0004012183026871384,1
1.260617233089747e-12,0.9985716134047754,6.6106496646296e-07,0.0014277255281733652,1
1.5464595270521068e-12,0.9944797827217149,1.1866291478679476e-07,0.0055200986143044296,1
2.2023999364225686e-11,0.9981129494305356,1.257375977415346e-07,0.0018869248115520308,1
1.0726251568772012e-10,0.9731809320044937,4.704951183468201e-06,0.026814362935631744,1
6.9896399347105185e-15,0.09135348555136853,2.4604289665749546e-08,0.9086464898449763,3
1.2075394654513127e-10,0.9620662090688425,2.7200142018588977e-06,0.037931070796259944,1
3.730359699359152e-12,0.99553216448568,5.5476147105392376e-08,0.0044677800332793725,1
6.398980414464711e-14,0.9992617430264646,1.2838261422402047e-08,0.0007382441348766755,1
6.85021578954327e-17,0.9997499464881735,3.625546325205798e-12,0.0002500535069509839,1
3.433548816197819e-17,0.9996528394223476,7.003485178060894e-12,0.0003471605718526631,1
2.745368176871279e-17,0.999746695284642,5.7590640266277555e-12,0.00025330471120183265,1
3.699695074916068e-17,0.9997389831162581,7.541736939147347e-12,0.00026101687485752674,1
8.941572682928462e-15,0.9996631920458505,2.309831305705356e-09,0.0003368056449915362,1
5.20920107015571e-16,0.9980550808463069,5.058821952377701e-10,0.0019449186478796288,1
7.955627404552272e-15,0.9996984408278068,2.0732908133147403e-09,0.0003015570977999222,1
3.806869684214856e-15,0.9997117421857206,5.75655750251954e-09,0.00028825205906167977,1
1.1571747823660099e-14,0.9995846515912574,1.7802761295601046e-08,0.00041533060771684733,1
1.4298530295469568e-13,0.999534517678198,4.4876106255489043e-07,0.00046503356163439725,1
5.271441339589375e-13,0.9995146988720508,8.061330476874443e-07,0.00048449499588387436,1
3.135888796764012e-12,0.9990358692858867,5.220135039924607e-06,0.0009589105764158427,1
8.016627451217086e-12,0.9991187507035062,5.974906270392968e-06,0.0008752743816458086,1
2.1020367862117016e-11,0.9989719413842421,1.915574552247751e-05,0.0010089028474753751,1
5.623506667022529e-12,0.9989503549952082,3.7874625056243836e-06,0.0010458575359436713,1
2.1393185297183303e-10,0.9984682204717543,0.00011847576336386071,0.001413303550315557,1
1.2568809030615804e-08,0.9720871284941104,0.011780485812460573,0.01613237312447592,1
1.0404451268919115e-06,0.24935601672567284,0.7316076535711238,0.019035289259606257,2
9.089596699544988e-06,0.03798673499336812,0.9580364712393145,0.0039677041705777445,2
1.0093786687999921e-05,0.005005869671554671,0.9944343567541117,0.000549679787659815,2
1.0488722219946437e-05,0.0005821863778111867,0.9992605910318454,0.00014673386964020457,2
1.8423429495504794e-05,4.9297936144482746e-05,0.9998292473017241,0.00010303133315216097,2
2.067330635148348e-05,1.803613070114727e-05,0.9998198665495257,0.00014142401198106696,2
1.3738695306662775e-05,1.5773430499737312e-05,0.9998493067554217,0.0001211811204193313,2
1.014476888307218e-05,3.431164932018877e-05,0.9997858577132387,0.0001696858698778073,2
6.57206971110762e-05,2.8655182843662566e-05,0.9995631971925337,0.00034242692908061784,2
0.001396207115923892,1.3195746932854726e-05,0.9972320371016573,0.0013585600372470175,2
0.025111829728010137,2.8406371667336554e-06,0.9746052635190763,0.0002800661170233885,2
0.35234317185355113,5.177845450612806e-07,0.6473343078130299,0.0003220025487289194,0
0.6079243235596269,3.2684225626842083e-07,0.3917766978606514,0.00029865173906062475,0
0.7564592257212042,1.7642099349782222e-07,0.24341749636801918,0.00012310149123120396,0
0.8666046216521098,7.563517805026427e-08,0.13333633255453242,5.897015815163161e-05,0
0.9475686818055729,7.253141608529902e-09,0.05235893031115691,7.238062945394266e-05,0
0.9993455127411536,6.441799307960132e-11,0.0006113211580798765,4.3166035932312376e-05,0
0.9999792850211717,3.9810365542012735e-13,1.5841925934980293e-05,4.8730507713787375e-06,0
0.9999953826515783,5.6498148221577874e-14,3.9036684133342655e-06,7.136807482122739e-07,0
0.9999956098059519,1.2448403751980515e-13,3.5084555958873864e-06,8.817393252451146e-07,0
0.999979316452658,1.653864223047708e-14,3.594792247301475e-06,1.7088754869620066e-05,0
0.9999945825330858,1.3129388216438486e-13,3.136162194623665e-06,2.281303778999362e-06,0
0.9999950209909264,1.430919180726436e-14,4.1791838158355014e-06,7.998234460718895e-07,0
0.9999985782388752,1.622967697082053e-15,7.925216753730723e-07,6.292406062586768e-07,0
0.9999984712606281,1.5496115709120166e-15,1.0463896336687618e-06,4.823514200599843e-07,0
0.9999985373080346,1.0689429739939312e-15,8.920026620166049e-07,5.706896510741575e-07,0
0.9999979866899852,5.30565288285588e-16,1.465432194401329e-06,5.478773088400121e-07,0
0.9999997293198615,4.113336592182509e-16,3.4996716241991855e-08,2.3568489804879665e-07,0
0.9999984523540814,3.889425295268075e-17,8.727189226730154e-08,1.4603723378856176e-06,0
0.9999997624290982,5.890912712543469e-16,4.9489944992298875e-09,2.3262137591118096e-07,0
0.9999977590039278,8.778075409806651e-18,2.045743067714851e-09,2.238949101007877e-06,0
0.9999995025865573,9.218034428750139e-17,2.412414964149736e-09,4.950016157986308e-07,0
0.9999996085644709,9.900753773630995e-18,2.5454890086372998e-09,3.8889068293693636e-07,0
0.999999761810642,7.944336508560609e-18,1.864510657147922e-09,2.3632638912797638e-07,0
0.9999997429950201,5.01940922817308e-19,2.174645609608382e-11,2.5698270914906874e-07,0
0.9999997399682227,3.977708443215023e-19,4.7549011694555764e-11,2.5998383738816335e-07,0
0.9999998439671012,6.462106217127997e-19,3.205577425918834e-11,1.5599946481638738e-07,0
0.9999998428029481,2.452401005693868e-19,1.884734608160537e-11,1.5717816052464496e-07,0
0.9999998572784636,3.4323798858357644e-19,1.9055180525838524e-11,1.4270383231446898e-07,0
0.9999998117091486,6.888000334837685e-19,8.198508781563322e-11,1.8820791486262012e-07,0
0.9999997812338064,1.035562779249708e-18,2.648844822711871e-10,2.1850023728457357e-07,0
0.9999998509120016,2.4769788179478376e-18,3.061257120473637e-10,1.487819214793652e-07,0
0.9999996589249931,2.639053068027206e-17,5.264561328949905e-08,2.884282007102632e-07,0
0.9999995361869135,9.338204932746666e-17,1.5736036867839778e-07,3.0645228246498304e-07,0
0.9999995536601177,1.257233053882725e-16,1.2700458176914436e-07,3.1933600884011345e-07,0
0.999999116968346,1.865493041788804e-16,4.6397482941640324e-07,4.190560842963707e-07,0
0.9999996814295226,6.969721661152627e-17,5.371773735455016e-08,2.648537225515078e-07,0
0.9999997157574803,8.38432643911183e-18,4.888739487745127e-09,2.7935498792999136e-07,0
0.9999997689483546,1.4579157152578046e-16,1.3111705689389202e-08,2.179406497395731e-07,0
0.9999956593986625,6.981252127912737e-16,2.4859847692424e-06,1.854617670498926e-06,0
0.9999970231809782,7.226322409884628e-15,2.3719662621918844e-06,6.04853496030071e-07,0
0.9999988109746275,1.4532011556727789e-15,6.975205593094074e-07,4.915039816972655e-07,0
0.999998637272275,8.672945522413691e-16,6.902308708631529e-07,6.724963792479608e-07,0
0.9999989983812625,5.498056133216713e-16,5.608582434171085e-07,4.4076041801700865e-07,0
0.9999996449915391,2.4837523946026923e-16,5.279590652803519e-08,3.022138101861657e-07,0
0.999999004318438,1.5192762632155066e-16,2.8452688269793563e-08,9.672272953036605e-07,0
0.9999974972774394,6.105542178778866e-15,1.0826694077377537e-06,1.4200542368082363e-06,0
0.9999861821242738,5.319791418534338e-13,1.2639749036772686e-05,1.178125862100316e-06,0
0.9996719266276508,1.1278425210809649e-11,0.00032474161214762965,3.33175067568367e-06,0
0.999520281136833,7.513725637318205e-11,0.00047627139459409075,3.4473945203606364e-06,0
0.9997124809774327,7.876176417096673e-11,0.0002771144764878136,1.0404468515454886e-05,0
0.9996428828531098,9.136116694199687e-11,0.0003536011941346115,3.5158630363452784e-06,0
0.9996469088692131,5.49885531441023e-11,0.0003507729374040688,2.3181390766812167e-06,0
0.9996960638629224,6.824842387761556e-11,0.0003001452388933227,3.7908310748017616e-06,0
0.9999198990840412,1.646456686434738e-11,5.783650931588751e-05,2.2264389031166218e-05,0
0.9997177851197854,2.066050666393501e-10,0.0002795288292827771,2.6858445473556324e-06,0
0.9987570458301743,2.8851048572303786e-10,0.001237941608124452,5.012273186901979e-06,0
0.9951063964711829,2.598527270377617e-09,0.004868982747550658,2.4618181757215578e-05,0
0.9928060540941636,1.2645760742556002e-08,0.007132977780469161,6.095548032205078e-05,0
0.9911397531987203,1.423942548541932e-08,0.008781484197912751,7.874836267583857e-05,0
0.9533966232961416,2.8490374708088484e-08,0.046440430421333806,0.00016291779135595554,0
0.8603729550425552,8.768792376837435e-08,0.1369966144105008,0.002630342860734078,0
0.5865686008591863,7.697259306469439e-07,0.4129545679987148,0.0004760614179410817,2
0.3482791759405549,7.111209974302287e-07,0.6513221737091898,0.00039793923058430386,2
0.15915817269878998,9.71804143432251e-07,0.8404936302303019,0.0003472252651282111,2
0.026972199676149552,1.5361459412806405e-06,0.9728327491102193,0.00019351506853680363,2
0.00492547961979368,1.6235598942367938e-06,0.994979420992235,9.347582648999132e-05,2
0.00048605355315575776,2.6630605025999535e-06,0.9994563278191311,5.4955565822906505e-05,2
0.00012062378324098462,3.867900877980907e-06,0.9997461635506447,0.00012934476596536634,2
5.426257235372037e-05,2.742568605542425e-06,0.999869900993724,7.309386475853285e-05,2
4.2751943643402836e-05,3.132159486354151e-06,0.9998433715848216,0.00011074431080851668,2
3.459811611848829e-05,3.7280436622075285e-06,0.9999191917796284,4.2482059623634146e-05,2
4.0886272141846636e-05,3.132380747951223e-06,0.9999145522435094,4.142910508345146e-05,2
4.1292604622774025e-05,4.122170924214501e-06,0.9998977601198799,5.68251036122381e-05,2
0.00010419008721380283,3.0610533417379117e-06,0.9995588658108403,0.00033388304702951314,2
5.11405064990615e-05,3.0561835967139067e-06,0.999900008898245,4.57944118905511e-05,2
6.0295104875114064e-05,2.400354326512781e-06,0.9998889068860197,4.839765317223317e-05,2
2.5115065279847018e-05,5.2901680157951305e-06,0.9999181396707874,5.1455097496195844e-05,2
7.301353382139333e-05,2.54018760821155e-06,0.9996369406671882,0.00028750561301350944,2
1.9824143947316637e-05,2.8540333686224734e-05,0.9996665544446909,0.0002850810777269801,2
8.196153265843572e-06,6.241303836203836e-05,0.9996974540622661,0.00023193674546476153,2
7.729908636295542e-06,7.517837254908248e-05,0.9997841156451956,0.00013297607385778535,2
7.503995527613697e-06,8.918268486914019e-05,0.9997085953077819,0.00019471801095335476,2
1.0476031137957544e-05,0.00012604920304584648,0.9991730252099195,0.0006904495547737078,2
7.013918398402635e-06,0.00010216232708792315,0.9996892115010623,0.00020161225364727126,2
3.796495083406786e-05,6.263649804322266e-06,0.9999076962523739,4.807514687261874e-05,2
4.24751595567387e-05,3.574780201075225e-06,0.9999063322062915,4.7617853503065615e-05,2
4.8332083985344386e-05,3.2258363367026695e-06,0.9999016426543481,4.6799427126185105e-05,2
5.1732676593775566e-05,3.1415374470944276e-06,0.9998998244930051,4.530129392730481e-05,2
5.139323970766245e-05,3.450651332834683e-06,0.9998935915293224,5.156458070178601e-05,2
0.00015216475307941482,2.3918272082097115e-06,0.9995688297615448,0.00027661365986636434,2
0.0001018379359888007,2.403458971042698e-06,0.9998527149718555,4.304363243105146e-05,2
0.00029633888016447667,1.7751402864804311e-06,0.9996471968154335,5.468916585410896e-05,2
0.0009380719039550823,1.5103478551759724e-06,0.9990087632576858,5.1654489979944216e-05,2
0.002585418349764047,1.163020000132082e-06,0.9973228890301443,9.052959897729772e-05,2
0.002406601630969569,1.4307657574731915e-06,0.9975127773280696,7.919027532470618e-05,2
0.002470959955516405,1.2510697372466753e-06,0.9974406286189321,8.716035530780018e-05,2
0.001784519654542418,1.381791000625051e-06,0.9981558178131421,5.828074129186355e-05,2
0.001759700287036295,1.6600711860154703e-06,0.9980739725456317,0.0001646670977748703,2
0.0013935017340544489,2.7557914415493463e-06,0.9978897512687871,0.000713991204649211,2
0.0008035241338948723,2.294590314916143e-06,0.9990798550367748,0.00011432624080460533,2
0.0009327115391119748,1.369864183083209e-06,0.9989089433986041,0.000156975198281967,2
0.0015040806039170903,1.24166983163536e-06,0.9984177921814785,7.688554540748863e-05,2
0.0015906036886967404,1.137644636883418e-06,0.998182720066937,0.00022553859925046206,2
0.0012277384323814804,1.4085823943519058e-06,0.9986243338540279,0.00014651913031186228,2
0.0015246974552270665,1.396096050996189e-06,0.9983305610833724,0.00014334536571205365,2
0.004010429076851063,1.8067393589238337e-06,0.9958462485188857,0.00014151566325950574,2
0.012054488208376285,1.3554203310749268e-06,0.9878634379261457,8.071844511856849e-05,2
0.02562348829509409,1.2684479005955913e-06,0.9742911447133015,8.409854344530653e-05,2
0.046128196062419836,1.2356866447384026e-06,0.9536768806505275,0.00019368760180045913,2
0.05540377176786464,9.564973189353673e-07,0.9434950441363477,0.0011002275973831346,2
0.04603171894925099,1.8051359093575788e-06,0.9535914846369573,0.00037499127725138887,2
0.03097315244634441,1.4572595971666684e-06,0.9689098531636207,0.00011553713168139817,2
0.019539285249131785,1.4184588451180998e-06,0.980313145490931,0.00014615080041333623,2
0.010107478697111903,1.2753667852790955e-06,0.9897858934552691,0.00010535248029432706,2
0.004815883027643576,1.430859761296339e-06,0.9950758151497227,0.0001068709621244432,2
0.0015081131398195621,1.6177222880156933e-06,0.9983920583492009,9.821078839397391e-05,2
0.00013101766736747908,3.5028502002888714e-06,0.9998160736940076,4.940578784185873e-05,2
6.31967856910025e-05,3.4135315983926587e-06,0.9997668769554986,0.000166512726343402,2
6.608136121455922e-05,2.5528567442704707e-06,0.9998264515961982,0.00010491418462291272,2
0.00011046415861782045,2.2027742513658015e-06,0.9998307672418675,5.65658249629287e-05,2
5.736003956110876e-05,3.3886681551192576e-06,0.9998935582271711,4.569306574204887e-05,2
0.00011936085141026885,6.6458325450568365e-06,0.9995694966284917,0.0003044966860362682,2
0.0007512768239625201,2.1674482309134734e-06,0.9989420010552099,0.00030455467269476085,2
0.0018177398198112463,5.6435687177148395e-06,0.9959431073576179,0.00223350925437811,2
0.006306954140660124,2.3242663973945245e-06,0.9934124370065169,0.00027828458570354974,2
0.035144166677521564,2.32460599500895e-06,0.9645304928931153,0.00032301582368134243,2
0.12490351370873563,1.7599048249552996e-06,0.8745892059332189,0.0005055204517235062,2
0.3363775885449786,9.026630630342262e-09,0.6627820267848568,0.0008403756444409488,2
0.9999719991201743,2.8258794531045762e-12,3.079832699460811e-06,2.4921043620096556e-05,0
0.9999990506262252,6.627755513855347e-16,3.1263282707664294e-09,9.462457940505555e-07,0
0.9999997898449003,5.887890376240234e-17,7.980058430345888e-09,2.021741954003513e-07,0
0.9999996744591574,1.0738403705098185e-16,1.893160007180969e-08,3.066091486298e-07,0
0.999997957164209,1.139082475385602e-17,3.0383361668529034e-09,2.039797284511091e-06,0
0.999999732361211,1.4285171694249448e-16,6.393707476804121e-09,2.612444362598954e-07,0
0.9999995688741384,2.6180964268234594e-17,9.960394849357968e-09,4.211655893459373e-07,0
0.9999995662802607,5.21233649702867e-17,2.8336228741471995e-08,4.053817614468291e-07,0
0.999999659408844,5.689704634902454e-17,3.909828880113568e-08,3.014931276458912e-07,0
0.999999617248323,9.855147612792699e-17,8.893682157111561e-08,2.938166322613478e-07,0
0.999999486997826,8.220803875122274e-17,1.0407301219252095e-07,4.089304096389954e-07,0
0.9999995580729841,2.2620413375961045e-16,9.096810225684658e-08,3.5095940978751685e-07,0
0.9999992822488668,5.4358504663463163e-17,3.5402905187501035e-08,6.823465310559696e-07,0
0.9999994784740461,5.600331314312093e-15,8.23610052773873e-08,4.391639240976333e-07,0
0.9999855897714592,2.4152060599427338e-15,1.3387603121547217e-07,1.4276352253687953e-05,0
0.9999962304426042,1.6615334768367924e-14,1.1304013021718865e-07,3.656516116289908e-06,0
0.9999983183166066,4.2025032700557734e-15,8.903047711397912e-08,1.5926529900777798e-06,0
0.999995198341526,1.864072777057369e-12,6.227567200543048e-07,4.17889871423366e-06,0
0.9970927605937635,3.5241668282869937e-09,0.0017827945569433494,0.0011244413267511766,0
0.9033613161309616,1.4689195351013362e-07,0.00910932575670878,0.08752921122009735,0
5.784536000030672e-14,4.279159348549392e-29,5.094278662883743e-20,1.0,3
0.0010160673936708367,8.403590413240967e-07,0.00620275075959083,0.9927803414863824,3
0.008143670500264825,4.346166025185384e-05,0.30981536706652024,0.6819975007747188,3
0.007389074044000422,0.00013534000912946768,0.9421866966676613,0.050288889277461606,2
0.0027079925008373414,1.706236729691243e-05,0.9962597527338971,0.0010151923997337967,2
0.0005767452781818668,2.6985374423199194e-06,0.99933123292034,8.932326525119401e-05,2
6.491948243021917e-05,5.842931291138826e-06,0.9997811086800722,0.00014812890656826583,2
2.652843860193191e-05,4.920779529117089e-06,0.9999115153992357,5.703538163017705e-05,2
3.499937108956121e-05,3.1974493276314626e-06,0.9998577100083412,0.00010409316954087321,2
2.7972722923367754e-05,5.059314995507814e-06,0.9998593538693269,0.0001076140914918371,2
3.0462699877086377e-05,1.3187353285098063e-05,0.9997271044238574,0.00022924552440703095,2
9.401080946264503e-06,5.482228880337036e-05,0.9995643106702341,0.0003714659603037211,2
2.512086537496645e-05,9.813061703930806e-05,0.997037167153564,0.0028395813650215727,2
1.0402307462125641e-05,0.00024418967694451657,0.9978567512024342,0.001888656812163666,2
1.1610806959418018e-05,5.905701625154248e-05,0.9996769111743452,0.0002524210019776589,2
1.807949886846999e-05,3.209501745977758e-05,0.9991626749618839,0.0007871505201611754,2
2.1281390615262837e-05,1.874066219263848e-05,0.9993348399736526,0.0006251379725722273,2
1.4518593601538534e-05,1.2567710261446498e-05,0.9997206441464792,0.0002522695481631957,2
1.2104799241472095e-05,2.5216506659971824e-05,0.999865282223571,9.739646973978669e-05,2
8.558103675399212e-06,5.213096160926333e-05,0.999804207496234,0.0001351034395240476,2
8.462817957055444e-06,8.833619570707736e-05,0.9997484371710962,0.00015476381516707564,2
8.397976877050081e-06,0.00013374785871247643,0.9996485958858311,0.0002092582789809035,2
5.759290943972183e-06,0.00019939325767756084,0.9995096156660588,0.0002852317841339783,2
1.5449694612443526e-05,0.00012621918462486084,0.9997344141487318,0.00012391697365609651,2
8.820563268183076e-06,0.0005633914247364301,0.9991231987703063,0.0003045892403536939,2
9.694424567999695e-06,0.002169556163949124,0.997163611026663,0.0006571383859467131,2
1.7973931977081845e-05,0.005299655973197536,0.9933741113361916,0.0013082587575543006,2
3.531113761427704e-05,0.04219343409495471,0.9448316147084092,0.012939640058224152,2
1.3722327921612275e-05,0.41068616445346384,0.43969569274473524,0.14960442047504643,1
2.847760360589241e-06,0.7940877476058901,0.1254183047059346,0.08049109992846179,1
2.118949576417539e-07,0.9191238691462104,0.03384944644012475,0.04702647251845643,1
4.481495848531672e-09,0.993293039691468,0.0010360650712400825,0.005670890756859843,1
1.3475015911278078e-09,0.9986463847284318,0.0001005913596885365,0.0012530225653516142,1
2.7250589470704023e-11,0.994599520346049,1.5603726870244806e-06,0.005398919255280468,1
3.15426006717174e-11,0.9967768092979631,3.1241225909549716e-07,0.0032228782600510265,1
3.2893413272159766e-12,0.9540606971846303,2.8450193200624894e-08,0.045939274363111036,1
2.5933501944587807e-10,0.8824153896040511,5.580391700007269e-07,0.11758405209850006,1
8.03367799705768e-11,0.0013783178553536753,6.126432973720331e-08,0.9986216207998372,3
9.665644191024473e-20,1.4235207593679131e-16,1.7010229641487343e-17,1.0,3
2.876823295066929e-18,2.5117189500223483e-15,1.994410094357011e-18,1.0,3
2.1572540986728928e-10,0.0790536893509665,2.711622521114479e-08,0.9209462833172042,3
9.470916149545234e-13,0.06591137717272068,4.520421955695188e-10,0.9340886223756927,3
2.2268430840817775e-12,0.8478593578982863,5.842384320276054e-09,0.15214063625756033,1
1.8420384528081024e-13,0.9949857804230126,1.1868092635047233e-09,0.0050142183892947605,1
5.375123470454406e-15,0.9995627496403319,8.256159834667774e-11,0.00043725027776155483,1
1.4800860967632538e-16,0.9994405640504682,1.8585702892321416e-11,0.0005594359304834127,1
2.639299746434335e-16,0.9996677261240163,1.3022035622169295e-11,0.00033227386338106473,1
1.6319678162614345e-15,0.9990573700646356,9.468785228282335e-12,0.00094262992763334,1
1.7536310953976444e-13,0.976935333078588,4.0892423533386004e-10,0.023064666511682964,1
5.715892844035369e-16,2.7165126929582654e-06,3.563753608068703e-13,0.9999972834885347,3
1.0434764764613351e-11,0.9000735786252541,3.347745989856286e-08,0.09992638788784998,1
3.225273634684202e-11,0.9937397066819407,2.1152312133188135e-07,0.006260081762937952,1
1.9837628486802606e-13,0.9969616440948078,5.9089405449797074e-08,0.0030382968167850244,1
1.8811874313049495e-13,0.9993360269516408,2.2291369299596655e-08,0.0006639507572667768,1
2.3007326323140605e-13,0.9994070224592091,1.2165944995834363e-08,0.0005929653763036622,1
1.2684918160287988e-11,0.9925341670926632,4.618064838730992e-06,0.007461214830863576,1
3.323658933903793e-08,0.9753037059940017,0.0035028202766248942,0.02119344049399785,1
1.7602435372105808e-07,0.858115485032649,0.01592336469158465,0.1259609742512958,1
3.235869996111296e-06,0.8755661482129118,0.04440187157966911,0.08002874433820104,1
4.7959352812839785e-06,0.7330030319495878,0.041393961533381915,0.22559821058303464,1
1.944665007603428e-06,0.08465265020820427,0.003175024402636208,0.9121703807233787,3
1.59745197857892e-06,0.03376032030372206,0.0022569970504837714,0.963981085193331,3
4.123927942353802e-06,0.0005824635778488404,0.0010342586510124498,0.9983791538445759,3
1.99173843823687e-05,0.1602047114965908,0.4227476582563183,0.41702771286355556,2
3.48045695971565e-05,0.19466406427704278,0.48963220827000264,0.3156689228838347,2
6.794337406808977e-05,0.1840164976238661,0.4551775550690033,0.3607380039319885,2
5.169301616171907e-07,0.02803113333275597,0.0009864725387402375,0.9709818771983285,3
2.714321648841702e-07,0.7702912100107266,0.0027432830478706124,0.22696523551086972,1
3.579476759065626e-07,0.9079100400709866,0.0035034521620388543,0.08858614981955844,1
1.8108562892419523e-08,0.926534645304568,0.0008426444380809751,0.07262269214905441,1
2.869538209624962e-08,0.9896609589037547,0.0005821226937118051,0.009756889706696567,1
6.008928647612823e-09,0.9891709195862919,0.00020617641542662393,0.01062289799024644,1
1.5938435375906985e-08,0.9910280966995272,0.00021478703698441366,0.008757100325655355,1
2.0468111253943873e-10,0.9669657705299243,5.4793937570238164e-05,0.03297943532698914,1
3.825942528132243e-09,0.9954625809204044,6.837484988394533e-05,0.004469040405307447,1
6.62883974112802e-09,0.9917780815642762,0.0001231588018537142,0.00809875300361346,1
3.1572542693846586e-10,0.9483968601371418,6.305701667157706e-05,0.051540082529464286,1
4.81648716135009e-10,0.9969872521812961,2.905435773448267e-05,0.0029836929807236768,1
4.1582494218520547e-10,0.9987037067291817,3.958707248748479e-05,0.0012567057821873766,1
1.0312324771519217e-09,0.9939837143481511,0.00012002552069087562,0.005896259099689593,1
2.3334781907564005e-09,0.9700684222078978,8.59998897022672e-05,0.02984557556886111,1
1.070447154929714e-08,0.9650572068062366,0.00021323560467778412,0.03472954688313531,1
1.6766588132555918e-07,0.970308794847248,0.0034574921776172585,0.02623354530843338,1
1.8110203797227583e-07,0.8884673651439198,0.007259551889937588,0.10427290186581571,1
2.758025813030429e-06,0.7260744991786519,0.01881572133571505,0.25510702145919534,1
1.8253818043915758e-07,0.10679514575498161,0.006416826595998472,0.8867878451104435,3
1.7589223898045385e-05,0.18712250580925036,0.2801910538777196,0.5326688510901907,3
2.5906706975056282e-05,0.09356889193773105,0.30264763287406843,0.6037575684798611,3
5.049699964864744e-05,0.0594452478697606,0.4329102376523479,0.5075940174765697,3
2.4379597396177748e-05,0.04227975342697533,0.873573575522656,0.0841222914532879,2
2.0054646396529223e-05,0.020844048298401793,0.9325109960081241,0.04662490104791246,2
2.0385528510507672e-05,0.012401980948223104,0.9714250185238658,0.01615261500105484,2
0.0002602435636956383,0.008972408710431465,0.947285244789298,0.0434821029348385,2
1.0014296942082216e-08,1.6679860350332016e-07,2.0150108909595672e-05,0.9999796730764077,3
1.8365092412022798e-06,5.634036081809164e-05,0.00021165470651856528,0.999730168421972,3
2.208925629027764e-06,0.000929848766045742,0.006303198810118616,0.9927647434980896,3
1.2230118908545577e-05,0.13586607235607578,0.10956984886250931,0.7545518486613353,3
2.0877756666735667e-06,0.794739073741231,0.1331049237276816,0.07215391475368961,1
9.586567428970935e-07,0.8697192201167109,0.12108721264582044,0.009192608580085705,1
9.287778903389369e-07,0.8940388989693423,0.09916041119550931,0.006799761056265082,1
1.0435111485030345e-06,0.9139185594996743,0.08141721371000425,0.004663183277648315,1
5.654296021799765e-07,0.936381337716693,0.05111061536642425,0.012507481486474499,1
3.117112554738828e-07,0.9568925123283876,0.04017023475009288,0.0029369412086993813,1
5.591694686854197e-07,0.9676312884560292,0.027491643504824866,0.004876508871191324,1
3.04419815344179e-07,0.9718038195082522,0.007944513250849133,0.02025136281969749,1
1.9171486087777544e-08,0.9503723890361014,0.003083203297954964,0.046544388492799696,1
2.1623417359933156e-08,0.9933428293334301,0.0014033982269234927,0.005253750817194175,1
1.1403948364923397e-08,0.9939185680820917,0.0008896938073460487,0.005191726708062751,1
2.2390952733081876e-08,0.995222779035515,0.0009238459374548174,0.0038533526369857758,1
4.836854371539197e-09,0.9847525600210668,0.0005047408208125594,0.014742694321114138,1
1.0005497936841421e-08,0.9966064530383034,0.0007521270751350999,0.0026414098820820384,1
6.771223602172324e-09,0.9957544231138187,0.000996510097402344,0.00324906001887139,1
1.0003079936143438e-08,0.974654358845068,0.005102688337859843,0.020242942814642687,1
1.79247796658836e-07,0.8920341597583306,0.055948240137353326,0.05201742085829075,1
1.8078887413285715e-06,0.4479079219353151,0.4733098116988506,0.07878045847667457,2
9.781233774771917e-06,0.24010468598910048,0.7224499625290159,0.037435570247067576,2
8.516758765871917e-06,0.13917741017053273,0.8472412144358343,0.013572858634945926,2
8.19783689734314e-06,0.07201772631439242,0.9218891926523862,0.0060848831957424285,2
1.3558554155261905e-05,0.029608028284377582,0.9625192431323095,0.00785917002851646,2
2.752163851334645e-05,0.002201829616951278,0.9955416368263067,0.0022290119189874126,2
8.903468352915928e-06,0.0006527636784636543,0.9989882343254927,0.00035009852593460546,2
1.2042185676996589e-05,0.0005664308320645414,0.9984810884082128,0.0009404385742457905,2
5.881093112626633e-05,0.0006843264876422293,0.9775676806533248,0.021689181928603092,2
0.00031803044072380935,0.0005679847080845548,0.8041518714603595,0.19496211339090297,2
0.0001229441694863938,0.005188057399254874,0.7142888814942321,0.2804001169355186,2
3.890097389929153e-05,0.006215714639886061,0.49738999990425475,0.49635538448239375,2
8.048930591092141e-05,0.011564428257588272,0.4089378894643117,0.5794171929719053,2
6.207053329503612e-05,0.002094814914892603,0.1792855438144015,0.818557570737817,3
1.4789951725292095e-05,0.0040737038801703365,0.06397868320508258,0.931932822963311,3
1.698370748746613e-05,0.06309249917457879,0.07976403568323966,0.8571264814363345,3
1.8866580108453916e-06,0.009005136968773572,0.02346521277589115,0.9675277635964936,3
3.4791186522509163e-06,0.01040275229768044,0.007923952965213388,0.9816698156174598,3
1.90849531555786e-06,0.004880909970087376,0.001382867992574659,0.9937343135424895,3
2.1373207790003002e-06,0.04689959831506526,0.006897997651779119,0.9462002667137581,3
5.982221862561411e-06,0.12564432775676862,0.021797651956957605,0.8525520380631975,3
1.0300221588367445e-06,0.015564353473769605,0.0014313974945096251,0.9830032190103527,3
2.0660064765812755e-06,0.15673284068305662,0.016491820113918233,0.8267732731977997,3
5.372729679607125e-06,0.4278859668799851,0.06361411616853659,0.5084945442202712,3
5.985858292568662e-06,0.7158400819527689,0.16464415033871332,0.11950978185125417,1
8.169275217338801e-06,0.7230169422342376,0.1937911941118317,0.08318369437781518,1
2.1404363111907845e-05,0.6035132635709991,0.14826517357181127,0.24820015849350432,1
7.923422683760543e-06,0.5358730466865155,0.0995961218269143,0.36452290806456006,1
3.813149106418342e-06,0.7575878716056107,0.13912693930262024,0.10328137594420855,1
2.3143563757094397e-06,0.8208137519645166,0.15110688592229365,0.028077047755515873,1
6.9803209943788054e-06,0.8064014631847862,0.14157155656492423,0.05201999992785491,1
8.529305674903637e-06,0.5965658834824529,0.06501643596574332,0.33840915124770354,1
2.2162834210233387e-09,6.138192919069501e-06,3.039722513109933e-08,0.9999938291920755,3
3.219489825099534e-11,2.4467807864550723e-06,2.90220325787328e-10,0.9999975528983597,3
6.58211959367428e-08,0.8760471933007099,0.00016852857287021268,0.12378421230653301,1
2.2154889634019623e-09,0.8944688759949262,5.5181903611879295e-06,0.10552560360063118,1
2.109229130077068e-10,0.9160752977467381,1.4634272067898642e-06,0.08392323861508809,1
8.579938309297168e-09,0.9700951708643031,1.9947935830290984e-05,0.029884872620759798,1
4.012372466422632e-11,0.8313352629589283,1.40140489086376e-07,0.16866459686087476,1
3.276465567666166e-09,0.9395355597843349,2.200892195509269e-05,0.06044242801728488,1
2.137399252999693e-10,0.9879507373755124,8.946847275683673e-06,0.012040315563935372,1
3.485613456104111e-11,0.9989419310218964,4.586886134636831e-06,0.001053482056134883,1
6.844283678612734e-11,0.9989543959969367,9.148849198203623e-06,0.001036455085456028,1
8.235588821536094e-11,0.9905302578707468,1.8722629666175992e-05,0.0094510194157445,1
7.964210067482491e-09,0.9840822712344256,0.00013362540393137105,0.015784095397165437,1
2.342693753702578e-08,0.8314142047050691,0.00025222898675035624,0.16833354288163288,1
1.6636857490023389e-09,0.5118981558711423,4.8597839347427835e-06,0.488096982680966,1
1.0954127053817507e-09,0.8880607282105574,1.6218798503550163e-05,0.11192305189506815,1
3.017953446113572e-09,0.9890629272749034,1.9314354869248185e-05,0.010917755351819658,1
1.923271131884685e-09,0.9862451263328466,1.1866738444059686e-05,0.013743005006380687,1
2.183119561523121e-09,0.8806340981712782,2.7994630019274374e-05,0.11933790501466869,1
4.2788088831207266e-11,0.0029071824047711943,2.7162196085089328e-08,0.9970927903892467,3
4.986823950785665e-07,0.43927642156905977,0.0007153502153907788,0.5600077295332817,1
1.8513257366980452e-09,0.42602064255649746,2.096793881924632e-06,0.5739772587989529,1
6.737677950016414e-09,0.6928956107974681,8.376318214893501e-06,0.3070960061472247,1
2.4166766581721342e-08,0.8640434269539504,2.7400217943880776e-05,0.1359291486620585,1
5.255951533149123e-09,0.8038397779003955,4.116900993517938e-06,0.1961560999425985,1
1.324701512543047e-09,0.6087385645782489,3.672500041220283e-07,0.3912610668470407,1
7.315216958592652e-09,0.7874467664899691,9.89715345815279e-06,0.21254332904234516,1
2.4805318815189394e-09,0.6396909421496755,1.1805771826594099e-06,0.36030787479375403,1
2.678711765731798e-10,0.49604748617325645,3.508838778770585e-08,0.5039524784687538,1
2.927767517289261e-11,0.742682372688081,2.7313059884243267e-07,0.25731735415335727,1
2.2241196428507718e-11,0.9840482801552458,4.6358867873415507e-07,0.015951256234184974,1
2.1929639672834694e-12,0.9975063553613542,3.252635666753535e-08,0.002493612111028378,1
3.080657133023238e-13,0.9986241528701705,2.5364662962361622e-08,0.0013758217641260614,1
7.129391592538857e-14,0.9987490411530817,1.5122025015400776e-08,0.0012509437263405713,1
3.3987220413735246e-14,0.9994294145898075,7.079594121547656e-09,0.0005705783289290764,1
4.8746812209274215e-15,0.9993507512004937,3.8005671217409615e-09,0.0006492450004801632,1
1.0831851213608397e-14,0.999450889518226,3.989212331597979e-09,0.0005491064922105889,1
1.1031276084652536e-14,0.9995299744553736,2.3121360230768405e-09,0.00047002323169069096,1
5.262967670059626e-13,0.9987465709447818,1.5681223599520441e-07,0.0012532722435694475,1
7.666932031149443e-13,0.9967368787327155,1.7212765972695458e-08,0.003263104052461243,1
3.662579919531953e-13,0.9961097147477519,1.5085009110149096e-08,0.0038902701670558825,1
7.602553768468903e-12,0.9983438188392555,4.6477779228609124e-08,0.0016561346741821267,1
2.0616481337918257e-11,0.9753069638856329,3.4145426727055217e-07,0.024692694637729416,1
3.6158812753399137e-13,0.9338782162529893,2.0013591398976133e-09,0.06612178174397289,1
1.2637568170446174e-10,0.9963873862742971,1.8720295148422628e-06,0.0036107415698152447,1
1.8317269855270294e-11,0.9962657207403464,1.770844734675702e-06,0.0037325083972204595,1
2.843463886656504e-10,0.9939709799325332,5.099599915412992e-06,0.006023920184954707,1
1.0309744343127413e-09,0.9542132333427913,6.482682128710986e-06,0.04578028294402526,1
1.427129823173419e-10,0.9312239045892425,3.6203563581534815e-06,0.06877247491316073,1
6.564899263574415e-09,0.9811877445009592,2.2032569677640237e-05,0.018790216365745033,1
1.663657923098249e-09,0.9584242694565206,1.902648631379631e-05,0.04155670239400218,1
4.20286712901803e-08,0.9572009964096264,0.000300785587547524,0.04249817597408675,1
1.86862664480679e-08,0.6963920098717301,0.00020227446899838048,0.3034056969744222,1
1.1122268225304432e-07,0.5298496234783091,0.0003647128382588566,0.46978555245988896,1
5.016638059819135e-09,0.0181439495342495,1.1105584975577699e-05,0.9818449398656648,3
3.895723299227294e-11,0.0005356477075370866,1.0968074496667752e-08,0.9994643412846301,3
3.990330004852885e-09,0.856669726066761,5.06010189456616e-05,0.1432796689234824,1
1.6296452769426802e-10,0.984727601671056,4.010903273393711e-06,0.015268387262053438,1
9.320124552054791e-11,0.9981792512417648,2.9349227041839152e-06,0.0018178137416476883,1
5.352592365330511e-12,0.997651920377121,3.2895126854699574e-06,0.0023447901038776745,1
2.153727482054583e-12,0.9992562606524292,3.184757135752109e-07,0.0007434208679371329,1
2.6065256852059807e-14,0.9981476374784019,1.079692722888186e-08,0.0018523517244806431,1
2.0919663623520012e-14,0.9995471395226636,4.0017847333390986e-09,0.00045285647732856417,1
1.2028615866373973e-15,0.9995370531395841,8.324493499774951e-10,0.0004629460285590832,1
1.6556573596921753e-15,0.9994846986536149,5.387468875238044e-10,0.0005153008068738029,1
7.82874394798649e-14,0.999550600283344,7.675331281359788e-08,0.0004493229618497922,1
1.232677642822776e-12,0.9991117664028613,1.3361056764539147e-07,0.0008880999841100703,1
1.2551746758266011e-11,0.9787770220104316,4.275636661127269e-07,0.0212225504145519,1
2.610119865201449e-09,0.9298615331306894,1.983406385050014e-05,0.07011863019494383,1
8.549201882455083e-10,0.25070279349742586,2.181551266022856e-05,0.7492753901363347,3
8.805700405654559e-10,0.10908363968525896,2.2407581636276676e-07,0.8909161353599875,3
1.1890086891061014e-08,0.8831551988615853,9.21770641466796e-05,0.11675261218475877,1
1.2022302863559703e-09,0.968573626544556,1.747047117817167e-05,0.031408901781305294,1
1.9826172488073671e-10,0.9970040807062139,6.69448582042079e-06,0.0029892246103309927,1
7.65316479560917e-12,0.998228012959885,1.9150061078882078e-06,0.0017700720247075792,1
8.70839691907535e-12,0.998727913455079,1.3732764526138043e-06,0.0012707132580502788,1
6.191655241759275e-11,0.9976549551205846,2.628817284515228e-06,0.0023424160003470366,1
4.847152459267246e-13,0.9754065720987976,1.108656117581664e-07,0.024593317035401893,1
6.512681274083713e-12,0.9984073488764569,3.6713545957798805e-07,0.0015922839822541917,1
1.6840046616240697e-13,0.9992094136844437,5.691132741671901e-08,0.0007905294034625639,1
3.359708756474617e-13,0.9993093164761238,1.7743967077331406e-07,0.0006905060820669593,1
8.054320843463075e-12,0.9980025162610955,1.971412718024179e-06,0.0019955123173228235,1
1.4244390389095834e-12,0.9960478031619788,8.658260241705972e-07,0.003951331012039536,1
1.0767808303794861e-11,0.9992854048401129,2.915904853107156e-06,0.0007116792425802519,1
2.685707506778579e-12,0.9991292399714917,3.025530659802548e-06,0.0008677344938309854,1
3.127799589358197e-11,0.9987569541253581,3.846668126321005e-06,0.0012391991735664935,1
5.542955674495275e-13,0.9878479938085617,3.109416697825139e-06,0.012148896773724155,1
1.1770684297940218e-12,0.9993292255048194,8.285915991001768e-08,0.0006706916343219818,1
1.2412958902626981e-13,0.9993583563109274,2.703938056461931e-08,0.0006416166482608599,1
1.8226350333047695e-14,0.9982800676015192,2.0617763695577544e-08,0.001719911779613395,1
4.6143901622303027e-14,0.9996470771390712,7.964145492945964e-09,0.00035291489536701546,1
1.9498243779211823e-14,0.9992690257082635,4.6577688901633876e-09,0.0007309696342972676,1
3.4072033279690136e-14,0.998509865965877,3.681603267536476e-09,0.0014901303533655901,1
8.623690748211568e-16,0.9988537918923068,3.1856376180476226e-11,0.0011462080742050383,1
3.1569426532312826e-15,0.9996591399614851,6.772382560862607e-10,0.00034085936072595073,1
1.3123312376342533e-14,0.9994480757163628,2.460523659898224e-09,0.00055192182480801,1
3.9477902440833856e-15,0.9982519452265667,1.3296447679827708e-11,0.0017480547610237592,1
1.1450110258470817e-16,0.9937840400172009,2.332344086843799e-13,0.006215959981087983,1
6.00420657818942e-17,0.9993537422124127,1.7873849774111946e-13,0.000646257786900074,1
1.0141815106552079e-17,0.9996361950907521,5.1298026490359935e-14,0.00036380491067665156,1
3.6179498020390746e-17,0.9993971938710837,3.0771882677118367e-14,0.0006028061286379231,1
8.14443699067202e-18,0.9952002437930779,2.1043401844546342e-14,0.004799756208388063,1
4.2894629256628914e-16,0.9996006258818244,8.660118430586733e-13,0.0003993741170927467,1
1.558113023762385e-17,0.9992310122002805,8.571489095338741e-13,0.0007689877989179711,1
3.5240898423507903e-16,0.9997167990298078,5.803373661497834e-11,0.00028320091298551146,1
2.1091290399352876e-16,0.9996794032133463,7.878964719762413e-11,0.00032059670692458525,1
9.826925987310384e-14,0.9994391498730247,2.4891820493225715e-07,0.0005606012081884931,1
9.055888646802364e-13,0.999045934616023,2.8835029219272865e-07,0.000953777032354211,1
8.645967596871595e-13,0.9979289731301033,5.244847906470152e-07,0.0020705023836057,1
1.8004962307357976e-11,0.9992824051042595,2.655344986374039e-06,0.0007149395341126603,1
1.4473473690013193e-12,0.9965598623556685,3.9882718488247195e-06,0.003436149369355086,1
1.4231020191300797e-11,0.9990691137375773,4.679517322664372e-06,0.0009262067320271528,1
2.4956713159599704e-12,0.9992448238615221,1.5594623485519053e-06,0.0007536166748799874,1
1.2542798649434129e-12,0.9989736896544945,2.716606241975359e-06,0.001023593738415779,1
3.3931733841675293e-12,0.9994166148969206,4.14402908996538e-06,0.0005792410712217455,1
2.2114152817708953e-11,0.9994196454860467,1.8164323343332277e-05,0.0005621901700862627,1
7.279809216230109e-10,0.9980132025457485,0.0005923870586764648,0.0013944096678550437,1
1.6576320959348462e-08,0.9894180046684266,0.007451114777932833,0.003130863977521202,1
9.04179854282469e-08,0.9591933033802417,0.015807210537019625,0.024999395664133638,1
2.708372643637922e-06,0.8257771237355059,0.030420589710225706,0.14379957818180836,1
2.7695736091728027e-07,4.0788233810958675e-05,0.00011932593606127066,0.9998396088741656,3
6.514380157436717e-05,0.00974439515023997,0.7302569700270845,0.25993349102008023,2
8.492139906056088e-05,0.006879313871911202,0.8520837962731064,0.1409519684575707,2
1.8827600664595494e-05,0.009773762165307577,0.9443671474695778,0.045840262763084325,2
1.926340797602375e-05,0.006767939544972847,0.9532126044287151,0.040000192618113876,2
0.001090369621451865,9.024753064183111e-05,0.9970441353448417,0.0017752475014973946,2
0.0008313486260657849,2.1777855712261074e-06,0.9990206443507612,0.00014582923883755405,2
0.00028962649407682326,2.549006337638241e-06,0.9995863763003198,0.00012144820050950687,2
0.0003628664433410023,1.6599265943391215e-05,0.9978472426220217,0.0017732916676133225,2
0.0007637531267672089,1.1715378056826808e-06,0.9692420783083935,0.029992997027902188,2
0.0012527277812018408,1.3186639429909677e-05,0.9793451452776505,0.019388940303122125,2
0.0005799705906158559,8.003892965368605e-06,0.9984336046109914,0.0009784209041957704,2
0.0009704158056087313,1.7304982097875773e-06,0.9989515223462998,7.63313487771725e-05,2
0.0020595926190701223,1.6222220191552737e-06,0.9978453753595831,9.340979974797337e-05,2
0.004831578703197746,1.3161705918893161e-06,0.9951018561147483,6.524901006001017e-05,2
0.009911099063812519,1.3225274903516987e-06,0.989977151123416,0.00011042728425734469,2
0.020096922286633668,1.0180886035900674e-06,0.9794272378480413,0.0004748217767843605,2
0.021807217498647995,1.4588093905815136e-06,0.9780821737076457,0.00010914998398405088,2
0.023731863872874567,1.7172412064589693e-06,0.9760401138329139,0.00022630505292756229,2
0.025473810305813898,1.2920348395819474e-06,0.974426483147821,9.841451175816358e-05,2
0.025894114257039153,1.2605586350015338e-06,0.9740232542544185,8.137093038692319e-05,2
0.026783733122207304,1.3015007920270943e-06,0.9727983974418379,0.0004165679352427815,2
0.021762818898881407,1.147650510750773e-06,0.9780385580992886,0.00019747534952197795,2
0.011511134355362716,1.376897734593286e-06,0.9883075421146732,0.0001799466334310523,2
0.0012077746877102618,3.0371779501886103e-06,0.998580862424328,0.00020832570994738642,2
0.00016882464164868932,5.17999865107865e-06,0.9997097063106817,0.00011628904916015563,2
0.0006418957016131687,4.845884300559655e-06,0.9992098893668222,0.00014336904697212664,2
0.006469260947126005,2.2602069007888537e-06,0.9934411976221533,8.728122231090498e-05,2
0.05022592481010607,1.3550183867527058e-06,0.9495928492175874,0.00017987095390769467,2
0.4143037456759165,2.3666771014538976e-07,0.5853756005386341,0.00032041711783045945,2
0.8957142532859583,1.4924798754736268e-08,0.10385203019802344,0.0004337015906685959,0
0.9826089492836425,3.511563838928206e-09,0.01736561685339779,2.5430352959340827e-05,0
0.9979231212737785,2.84267375148285e-10,0.0020712027949731883,5.675646451499052e-06,0
0.9999865458480731,1.1705657038340592e-13,7.173353621493075e-06,6.280798229607126e-06,0
0.9999968199313658,3.534766507827417e-14,2.4268398260651987e-06,7.532287911668965e-07,0
0.9999991204426126,1.023982579435297e-16,3.437164501590058e-08,8.451841826990013e-07,0
0.9999997110644889,5.673134572133264e-17,6.3401773097280356e-09,2.8259669154423965e-07,0
0.99999962061709,1.7082236158967882e-17,7.042419062786306e-09,3.7234093268240707e-07,0
0.9999996113038678,1.93741657349256e-17,1.0112190475670904e-08,3.785826166028059e-07,0
0.9999997825216506,5.019207648474886e-18,6.574208808619616e-12,2.1747290675363391e-07,0
0.9999976132086266,3.984819027352568e-20,9.815216053387335e-13,2.3867913549561693e-06,0
0.9999997457380555,1.6153623179921938e-16,2.3255618211703943e-11,2.5423909022460906e-07,0
0.9999917931281995,1.797485633204764e-14,3.7773096301988187e-10,8.206493359685557e-06,0
0.9962446820282836,1.759283856618188e-18,2.7301725711002226e-11,0.003755317945256318,0
0.9999754679582656,1.026811282678041e-13,1.2803986510062032e-09,2.453076236404909e-05,0
0.9999986955526178,2.3237819654282486e-14,5.3359447963619537e-08,1.251087539737889e-06,0
0.9999973027079246,5.775400295843386e-14,2.3385089830621253e-08,2.6739076556226364e-06,0
0.9998378144686478,1.6889694592169544e-16,4.9105963192368086e-08,0.00016213642632416988,0
0.9999922506258504,6.915606026811416e-14,1.1487782605362626e-07,7.634496417500189e-06,0
0.9999991256994875,7.608043163312593e-15,1.281363347277589e-07,7.461624893231664e-07,0
0.9999937532461014,2.93785920691522e-14,5.43977476143852e-06,8.069795700506156e-07,0
0.9999869367327993,1.513052040369908e-14,9.722837154046642e-06,3.3404307871254454e-06,0
0.999997802488592,3.2222559479097994e-15,5.151868844547118e-07,1.682324978566012e-06,0
0.9999993511448624,1.941358026815462e-15,2.753252781665142e-07,3.7353069701813473e-07,0
0.9999991691078135,2.805285059906729e-16,1.669679811589571e-07,6.639240668688952e-07,0
0.9999956611994542,3.860891764366749e-14,3.7383054204081534e-06,6.004941733914401e-07,0
0.9999836616941625,1.3893764619622067e-13,1.046184273669143e-05,5.876463693664142e-06,0
0.9999336945702988,2.960967235900135e-11,6.465546704888485e-05,1.649931225420278e-06,0
0.9957349339475886,2.5665962051330727e-10,0.004252469249551857,1.2596546391725302e-05,0
0.9877783838677224,7.472771603606144e-09,0.012103801859153385,0.00011780680151315984,0
0.9206834386985074,3.5414382975440705e-08,0.07892896361784905,0.0003875622684807351,0
0.7163616276112966,1.455446698041239e-07,0.28257890766354593,0.0010593191811348287,0
0.29320398896257266,6.331050019661375e-07,0.706289382050607,0.0005059958833237136,2
0.0925040475146085,1.4835092791057872e-06,0.9056706274628185,0.0018238415138282428,2
0.013901497690864531,3.138395885197986e-06,0.9858577181365539,0.00023764577525573068,2
0.0013768186268116615,3.2006760900438204e-06,0.9984365030513754,0.000183477646856759,2
0.00014057325706116623,8.497793366271225e-06,0.9997732901940759,7.763875709592269e-05,2
3.8325243715090274e-05,0.00020472491960278686,0.9984671490650536,0.0012898007715193098,2
0.00012435414790455316,0.0021204254324850053,0.9727394360632087,0.025015784356426457,2
2.703183738309624e-05,0.00396198295179645,0.3607809416484348,0.6352300435636034,3
1.5550013252786927e-06,0.08526371056229272,0.22293313632780076,0.6918015981098115,3
2.8964076696404756e-06,0.688975140678219,0.22332028417110622,0.08770167874429212,1
1.5716958139925933e-06,0.7963762355288183,0.18491591973520627,0.018706273041587746,1
1.1114619160179484e-06,0.8710924885753772,0.12163948671810612,0.007266913243430401,1
9.854755534797024e-07,0.902045404277362,0.08749202468653981,0.010461585560353925,1
6.323688322299394e-07,0.9168582389838351,0.07949995645124329,0.0036411721958237338,1
6.758839450715762e-07,0.9333999838513409,0.06360109586299653,0.0029982444030285395,1
7.101815888278913e-07,0.953660705866794,0.03692258533643867,0.009415998616377685,1
9.159123269766312e-08,0.9604791987783119,0.01574262537756742,0.023778084251168743,1
3.895288540762749e-08,0.9834656276387308,0.008256119435343956,0.008278213973362144,1
7.876920373321259e-09,0.9964230918260437,0.0020432118555668522,0.0015336884407640484,1
3.836245169699725e-09,0.9978386496361262,0.0009992440912316917,0.001162102436042094,1
3.153267979988293e-09,0.9982118822483821,0.0004779221556099485,0.0013101924418828879,1
3.381087978347313e-09,0.996526023965398,0.0004383780132034017,0.0030355946386162744,1
1.133644066632047e-09,0.9974718579351246,0.0002311983636479844,0.002296942566640125,1
5.722693104504415e-10,0.9986777372483014,0.00010659103776242644,0.0012156711398766216,1
6.794264029679857e-11,0.9982855014964164,3.3368294921101785e-05,0.0016811301401417004,1
9.447615298237705e-12,0.9988367053347099,4.548539095606983e-06,0.0011587461158514536,1
7.836306457225176e-12,0.9988521238918248,2.36188628953718e-06,0.0011455142142827537,1
5.318976376985853e-12,0.9979207355803507,2.6042077811652584e-06,0.002076660205807209,1
6.939812413059542e-11,0.9991231805091264,1.8544159590991613e-05,0.0008582752618744694,1
4.737179555938545e-11,0.9979735909175595,3.902011331905554e-05,0.0019873889213334025,1
1.1840818450486257e-10,0.9988206366687561,2.1568980197685105e-05,0.0011577942322245503,1
2.790676300569745e-10,0.9965620820446404,0.00013251691784755965,0.003305400758293449,1
2.0181960059389226e-09,0.9974485406993354,0.00012115542708113467,0.002430301854856818,1
1.6415051366765226e-09,0.9931230016284313,0.0001234836570688049,0.006753513074132603,1
4.2632689012550526e-09,0.9927847841860628,0.0003443997165806933,0.006870811832286839,1
5.257210074992796e-09,0.9962626483430231,0.0004691079919237265,0.003268238408199162,1
3.8299676607540625e-09,0.9971057033000671,0.0005052044558759596,0.002389088413669394,1
4.148280757391289e-09,0.9964142150703701,0.00010933518547299584,0.003476445596580205,1
1.3395297239651562e-11,0.9715717460226202,3.7816342344467377e-06,0.028424472329265833,1
1.4835388717828474e-09,0.9922951961729415,6.263873344775321e-05,0.007642163611382738,1
4.734596315550698e-09,0.9954167664455901,0.0003876416582653678,0.004195587160990103,1
2.761287151378587e-08,0.9677349510215646,0.0023923436623938363,0.02987267770305795,1
4.197438434474149e-07,0.9632098165848022,0.021499031827695466,0.015290731845210107,1
8.931427810340279e-07,0.8671915916208429,0.11634556606226912,0.016461949173103736,1
1.685998485662324e-06,0.7451370742097645,0.2423481015599506,0.012513138232536539,1
2.837641822920127e-06,0.7099393749868349,0.27983642638323447,0.010221360988093649,1
2.035417332943843e-06,0.6895739672259411,0.307695528261221,0.0027284690969764376,1
1.913837679213753e-06,0.6786890674101328,0.3174516234618458,0.003857395290232356,1
4.213584918450272e-06,0.6785722072704076,0.31731905013149625,0.00410452901269323,1
5.319423965178046e-06,0.7006655825466642,0.28635927894347835,0.012969819084776495,1
2.641454360993225e-06,0.738474825331475,0.25232245280681154,0.009200080408860141,1
4.292005213318314e-06,0.8352298134076489,0.15196943686853542,0.01279645771795117,1
1.1244281154206034e-07,0.9143938461506397,0.016618802815714442,0.06898723859207168,1
7.2474001231692715e-09,0.9930750195369836,0.001686204140878981,0.0052387690751911405,1
4.563263891569436e-10,0.9985786135430048,0.00017957307321901232,0.0012418129264289064,1
6.015903798806893e-11,0.999265297026135,4.104572203059077e-05,0.0006936571924025286,1
1.282018227011293e-12,0.9993434318289383,8.429521730940628e-07,0.0006557252171299817,1
2.1149115220180037e-13,0.9994684161445926,6.020183414582952e-07,0.000530981836669566,1
1.516057412183707e-13,0.9995429936153907,1.8842311477158826e-07,0.00045681796276245574,1
2.673894938090264e-13,0.9989316423452775,5.829722651489134e-07,0.0010677746808289744,1
7.336151446705087e-14,0.9996214315466526,5.904719348699122e-09,0.00037856254744263884,1
1.32127639982685e-12,0.9978652616842673,2.1587332336329793e-07,0.0021345224406862083,1
1.9529860668979007e-10,0.9792751397309905,4.76069930039222e-06,0.020720099373120204,1
1.7695239927858412e-12,0.450566439003833,2.1311255666931936e-06,0.5494314298677451,3
7.675080771064353e-08,0.9554526759657623,0.0014868769356089684,0.04306037034759551,1
3.8556536252708247e-08,0.9790770295067088,0.002145849240420954,0.01877708269670199,1
6.11110502130891e-08,0.9906488599339461,0.003354188497965287,0.00599689045709302,1
7.884263269795702e-08,0.9886472566907891,0.004522623440155163,0.0068300410279608925,1
1.9259185601173357e-07,0.9526220091558198,0.004237711166925779,0.04314008708422955,1
2.8754087304548094e-07,0.9200824019071154,0.0024670153688668194,0.07745029518464412,1
5.882158427292573e-08,0.8984353604654023,0.001715426939178129,0.09984915377467878,1
1.533755809466943e-07,0.959640454067094,0.0014910191237918948,0.03886837343190622,1
1.0721399606037274e-07,0.890784089743205,0.0015504645596003622,0.10766533848252614,1
1.4595853932637578e-07,0.45232485631549135,0.002142367147100294,0.5455326305790685,1
8.550864709617902e-10,1.0345360288780943e-05,1.2535718299231692e-08,0.999989641247331,3
2.0614525157412728e-07,0.004687983455736527,3.0010494806441336e-05,0.9952817999044613,3
6.886283561387721e-07,0.5794663340359537,0.00451481453518685,0.41601816280198706,1
1.5168729677630445e-08,0.6973342230330175,0.001749191489684966,0.3009165703095414,1
1.868297084132451e-08,0.9767292322438126,0.0012488589438560361,0.02202189013044316,1
1.9459507296142453e-10,0.997261444310009,2.4372616815241058e-05,0.002714182878600402,1
1.1156803313389196e-10,0.9985150118059299,3.247537165359529e-06,0.0014817405455137623,1
9.19514479346634e-13,0.9760175073699088,1.472008671510604e-07,0.023982345427480692,1
5.338510340314346e-13,0.9985804152356751,5.390859036177485e-08,0.0014195308539406435,1
7.270257527314833e-14,0.99961773534073,1.050360300828798e-08,0.00038225415607798686,1
3.771192482914131e-15,0.9989471317583178,1.5102114805426996e-09,0.0010528667328098434,1
9.287105324401989e-15,0.9981959661309395,5.567038816761976e-10,0.0018040333134080584,1
3.177092708914662e-15,0.9988703195513661,1.894411715115626e-10,0.0011296802608137028,1
5.174850783025241e-15,0.9996546469481273,3.0915678993810276e-10,0.00034535274289992007,1
9.27786254143027e-16,0.9988759789368932,6.999792368960004e-11,0.001124020993786005,1
1.6303988750509553e-16,0.9989982111484892,3.721502868975502e-12,0.001001788847029179,1
3.202149155370455e-16,0.9996822281514386,3.857024471193694e-12,0.00031777184635710533,1
1.009192314422764e-16,0.998660117968247,1.2870560887328807e-11,0.0013398820194054054,1
3.4027014702031915e-16,0.999714125312488,1.7374267296460102e-11,0.0002858746685608441,1
4.384281348881468e-17,0.9996683521868946,4.829826942294723e-12,0.000331647809207717,1
6.4140442482157795e-18,0.9995225541635859,1.1651447057621078e-13,0.00047744583792815764,1
2.316392631463378e-18,0.999602083547926,1.3445263388506178e-14,0.0003979164531040104,1
1.3527730379092255e-18,0.9996235517712658,7.329976884120708e-15,0.00037644822742925526,1
4.002007959097166e-17,0.9994546879549648,2.794456419513454e-13,0.0005453120434993801,1
7.475139399529398e-16,0.9975872751366565,1.620199268763747e-13,0.0024127248643360092,1
8.36245929866477e-17,0.8984259931887562,6.7400598822434564e-12,0.10157400680513161,1
7.836217294597881e-13,0.9830075737381063,6.420098649723229e-11,0.016992426195186396,1
3.7533329007619743e-16,0.9826535553088942,1.4729093145898928e-13,0.017346444691290902,1
2.44924920553856e-16,0.9991264890376345,1.4858798387659303e-13,0.0008735109606209925,1
7.442551617513921e-18,0.9996647398347943,2.972506395614273e-14,0.00033526016541730386,1
4.8780665075473324e-18,0.9995534744936951,2.8766494682909155e-14,0.0004465255055398026,1
4.910054275979373e-18,0.9994040891226674,3.8806994816729707e-14,0.0005959108787203081,1
7.191870113919277e-18,0.9995890434939546,9.566422469573948e-14,0.00041095650589756237,1
2.104708692096771e-18,0.9994039261583647,5.696691784672834e-14,0.0005960738398474625,1
6.673904540060404e-18,0.9996209010029884,8.659000394281055e-14,0.00037909899520765307,1
2.294673369018868e-17,0.999751236070054,1.2884454447501773e-12,0.00024876392747778044,1
8.455287499870199e-16,0.9995212558442697,6.705243427225549e-11,0.0004787440895189798,1
4.186000070442025e-16,0.9978289650748955,1.7291553962992955e-10,0.002171034750894232,1
6.67841893695389e-15,0.9996809025995211,2.7244179678341327e-10,0.0003190971281196703,1
3.0452153314325508e-15,0.9992459225744924,2.7252806898098484e-09,0.0007540747002498348,1
1.6895084344935253e-14,0.9991344455360092,1.7094681265325437e-09,0.000865552756276447,1
1.754957268099452e-14,0.9987995183134414,6.747088749120205e-09,0.0012004749398986032,1
1.5515759771829542e-15,0.9996970780091359,3.9593104902974203e-10,0.00030292159477283536,1
9.967161466520874e-16,0.9997243261231872,2.9921497914115424e-10,0.00027567357868761734,1
1.2945151676826744e-14,0.9992690168017306,1.600246713894039e-09,0.0007309815986679379,1
7.263535488993315e-15,0.9969491337363321,1.126704203608512e-09,0.0030508651354180325,1
1.015227953831945e-13,0.9995010923708857,9.531787841418339e-09,0.0004988980961042756,1
1.23341913753237e-13,0.9989393934069251,9.311602883035177e-08,0.0010605134761320668,1
5.494631352407018e-12,0.9993061711448648,1.2428851004767052e-06,0.0006925859634792381,1
9.284264748246427e-11,0.9966488094405329,1.5000666589136708e-05,0.0033361897986520003,1
1.9630740287940814e-09,0.9660487978156951,0.0001563192168935537,0.033794881003178415,1
8.035782242466913e-09,0.8818493045197787,0.0012988431499221752,0.11685184429596018,1
1.6968960664182201e-06,0.9191797004316874,0.011545882747433026,0.06927271992487194,1
1.4894638384887926e-06,0.853327207648589,0.010225455552434839,0.13644584733362328,1
7.004263389032634e-08,0.5812837224830467,0.0005020248724225343,0.4182141826012633,1
5.580108621655739e-07,0.8065788022554691,0.0026405782185919993,0.19078006151381605,1
8.72169693564624e-08,0.9051382918838555,0.002562483682703713,0.09229913721502868,1
6.063289666000924e-08,0.9865180125172409,0.00364813798433113,0.009833788866856739,1
3.467797601213337e-08,0.9945558329610061,0.0028169077849701644,0.002627224575323959,1
5.698784846745314e-08,0.987785563230153,0.0023706455907224113,0.009843734191789803,1
5.028546849021182e-08,0.9229759175140785,0.0034548672585397802,0.07356916494163629,1
1.0448658861581579e-07,0.9090040653555235,0.0032324046127361356,0.08776342554616186,1
3.201663020946843e-08,0.9866829118364308,0.002521370908076647,0.01079568523927106,1
3.827632711042723e-09,0.996843618984131,0.0008449571796891244,0.0023114200083664397,1
1.0577517433581855e-09,0.9984283226573988,0.00032586294926270675,0.001245813335631861,1
3.294479136174462e-10,0.9988320598582687,0.00014320830581175944,0.00102473150599675,1
2.1641255901533687e-11,0.9990070348423801,6.1303164161487464e-06,0.0009868348190779645,1
1.6039722288604196e-11,0.9990368823662051,8.239641780491725e-06,0.0009548779760677131,1
1.6116290491578834e-10,0.9983633178956313,1.6430883619069624e-05,0.0016202510586959267,1
2.6942672614144437e-11,0.9861845885611003,6.891799503799445e-06,0.01380851961305604,1
9.545463105780464e-11,0.997268973197231,5.231561985762366e-06,0.0027257951471189724,1
1.5856519148683826e-11,0.9986106626080796,3.460076088716173e-06,0.0013858772994852064,1
3.872214446585808e-13,0.9988940455458855,1.4849123750842958e-07,0.0011058059609573147,1
2.982889985360118e-13,0.9994474184203003,1.8484623758134282e-07,0.0005523967335905165,1
2.4404142964261046e-13,0.9993701240635214,1.964678587206095e-07,0.0006296794688666489,1
1.5108254303008218e-13,0.9984947625516545,1.3868535266280729e-07,0.001505098761656287,1
9.31085512116719e-13,0.9994454973581752,7.263274008097129e-07,0.0005537763153052724,1
3.225008550351191e-12,0.999309790101126,6.3115363731687495e-06,0.0006838983578252838,1
3.008954206940851e-11,0.9990625613415755,3.48268773091603e-05,0.0009026117493610167,1
1.2131296937730551e-11,0.9985136325575622,5.1004190592048025e-06,0.0014812670097456991,1
2.808731714093981e-12,0.9988787341957927,5.5704173711893615e-06,0.0011156953826435966,1
6.6003567160476984e-15,0.9997142304054772,2.659005298766799e-09,0.0002857669351020701,1
4.542321536800691e-15,0.9996915638208599,1.632686843101174e-09,0.00030843454614780635,1
7.719661113224011e-14,0.9985885087248281,1.8432056802266627e-09,0.0014114894307805455,1
8.939140741201924e-15,0.9776552679534439,6.044526044519216e-10,0.02234473144052285,1
1.3988555482048375e-14,0.9985636003073387,1.8156456150869796e-10,0.0014363995097012847,1
8.631702692377398e-15,0.99968181629953,1.0059782616054223e-09,0.00031818269362578287,1
1.8889710935792483e-15,0.9993580086415736,1.0031988343498248e-09,0.0006419903555091468,1
3.926190258536097e-15,0.9994295706900445,3.4884055075201443e-10,0.0005704289611072114,1
1.205928255238503e-14,0.9986793017318234,3.5289441627548054e-09,0.0013206947396402935,1
1.0176465384524632e-12,0.9991292045066414,5.6560905990588825e-08,0.0008707389307930261,1
5.171795817420157e-12,0.9937174498771937,1.3408649027541094e-07,0.006282416031305038,1
1.2739384009645787e-10,0.9266887018267552,2.6967778541174666e-06,0.07330860126656757,1
6.948651738750567e-14,0.0003989052379229371,8.904926619070576e-11,0.9996010946737602,3
3.21299696032231e-13,0.0005914142115087334,9.356536562522021e-11,0.9994085856928221,3
3.856612042011138e-09,0.8657764387538065,3.27718578887836e-06,0.13422028020429916,1
2.1503471034866293e-12,0.8672134362960785,3.1845406421439845e-09,0.13278656051893853,1
6.308271206130685e-13,0.986528494948557,2.4519960851592025e-09,0.01347150260021663,1
6.534069044302458e-13,0.9966867026252537,1.1371367210045661e-09,0.0033132962383782805,1
2.5069210605422555e-14,0.9919138785701043,5.638245468676283e-12,0.008086121425983686,1
4.430010474647632e-16,0.9607093136162513,5.853871955887846e-13,0.03929068638142295,1
1.3398289916524404e-14,0.9981685165639321,5.4432594712421146e-11,0.0018314833806144341,1
2.053498714041377e-15,0.9991265557943917,1.6715631956358875e-11,0.000873444187213504,1
1.1656134871946686e-17,0.9978506905598653,1.644759545380501e-14,0.002149309440337263,1
1.7426175924375615e-17,0.9995319461477482,2.7785127002235248e-14,0.00046805385094913826,1
8.60883518943569e-18,0.9996197937462857,3.291002072919524e-14,0.00038020625499077715,1
6.958298828065193e-18,0.9989080977867401,6.9681868896296644e-15,0.0010919022143593266,1
2.8233781862271425e-16,0.9960927218882194,9.086503597264498e-15,0.003907278112815562,1
1.4783368523159377e-16,0.8797334892557352,4.2388136296617296e-16,0.12026651074515551,1
2.3113642872148816e-17,0.6797862638085256,7.113172719093102e-18,0.3202137361917002,1
4.453666824900176e-17,0.9641687833767912,2.6295242516428844e-16,0.035831216622543086,1
1.582953558788275e-17,0.9966375604011869,1.3623797196335209e-17,0.003362439600213134,1
9.059107570655842e-18,0.9948603379160496,7.598567192303938e-18,0.005139662084703341,1
1.009167342066449e-18,0.986645060607975,5.538685338893318e-20,0.013354939392604787,1
2.702596827002339e-19,0.9258806684189037,8.60782543912183e-22,0.07411933158077973,1
9.998662744225885e-18,0.9578652486507097,1.3478056938753467e-20,0.04213475134760344,1
1.1430299571220906e-17,0.9662088497738905,9.888730209254838e-20,0.033791150225358876,1
8.187155466907905e-17,0.9419296378790767,7.574558727807571e-19,0.05807036212067845,1
9.036195985117249e-17,0.5894275794834699,1.274489171034229e-18,0.41057242051695947,1
5.400986614333717e-18,0.6232908661059584,3.5368340977026074e-19,0.3767091338944306,1
9.044407049594297e-16,0.9852680609031665,6.407313587098005e-15,0.014731939097688607,1
4.0254836852734425e-18,0.9972623013166886,6.384138734917446e-17,0.0027376986826948575,1
1.0930096144280301e-18,0.9994959028004884,7.666804233560042e-17,0.000504097199711256,1
2.5546580467195445e-19,0.9995894042804826,2.6494064465835667e-16,0.00041059571773000014,1
5.070967343919344e-19,0.9995481643758964,5.6162785186432e-16,0.0004518356234543273,1
2.691282270246696e-19,0.9995931805482607,3.154001192032498e-16,0.00040681945236817243,1
1.4200940855831522e-17,0.9995400535307737,1.9228421198321838e-14,0.0004599464697491146,1
1.0852239438319625e-17,0.9974390367671526,3.2527441974183183e-15,0.0025609632324196437,1
2.507898440885917e-17,0.9981335504148171,5.098710930462421e-15,0.0018664495837194222,1
6.641611018507166e-16,0.997054473480601,2.0855485541527094e-14,0.0029455265197652777,1
1.4933208937595435e-16,0.9530076159190032,3.7878529243774165e-15,0.04699238407924631,1
8.611181637051894e-15,0.9729538554528345,1.2358037007246887e-14,0.02704614454649138,1
6.749351588558649e-18,0.8745547103482827,4.4259698478211355e-16,0.1254452896527916,1
2.1278160930633724e-15,0.9680724821145673,5.513854213166029e-13,0.03192751788525023,1
2.780727038033007e-15,0.999105618057491,4.517282207436651e-12,0.0008943819362528377,1
5.0234922006380425e-18,0.9994081799491261,1.4386530386505864e-14,0.0005918200490794282,1
1.0792103380439007e-17,0.9996203565168903,3.1589412326845236e-14,0.0003796434845312793,1
2.7708358296003904e-18,0.9989107844476911,2.260760846439535e-14,0.00108921555126176,1
5.17610058446486e-16,0.9992666062097327,2.7165304266841207e-13,0.0007333937892236392,1
3.2164205187178346e-14,0.9908117222111121,2.9405735936725923e-11,0.009188277759977282,1
3.4968826084447387e-15,0.7588515469963977,3.5148236282408766e-11,0.24114845296908144,1
7.043356863680032e-13,0.802569053981767,1.1714437088393445e-10,0.19743094590039031,1
2.4099281752209994e-13,0.9560811064299735,4.2628748148339574e-10,0.04391889314244297,1
2.147053125956104e-12,0.9982732036202042,9.347309075034214e-09,0.0017267870321426328,1
4.252186573791882e-15,0.9974632145525653,3.0915318777780165e-11,0.0025367854169187822,1
6.405487416226697e-15,0.9978587417310679,3.9993561320175704e-10,0.0021412578702542694,1
1.0209151032594874e-14,0.9996060852457749,1.8369452265817382e-09,0.00039391291643777376,1
7.06098943980504e-15,0.9995319606237633,1.5794519838442767e-09,0.00046803779720930116,1
2.3030305897144854e-15,0.99841833994988,7.034069830729294e-10,0.0015816593452823776,1
1.1219844436424504e-15,0.9986228557178232,4.2884075722937514e-11,0.0013771442404242453,1
1.1698076069331416e-13,0.9996239081990432,4.072718072190763e-08,0.00037605107365527727,1
1.1784637857992648e-14,0.9990447307223392,2.7951905943498795e-09,0.0009552664827725839,1
1.9738743902328003e-14,0.9992179393561211,1.1660732912092841e-08,0.0007820489817261335,1
1.1543354446677164e-14,0.9996185370850915,6.856073996581211e-09,0.00038145605976042606,1
9.653811795449975e-15,0.9996508307789237,7.648141537202604e-09,0.0003491615727796516,1
1.1727530349013228e-13,0.9993573056283914,1.43181637559224e-07,0.0006425511906975193,1
4.613052130006726e-13,0.9990581408511228,6.468424862104188e-07,0.0009412123053313584,1
3.0454298808816256e-13,0.9993859559857373,1.6699807215646103e-07,0.0006138770142843491,1
7.27508343364964e-14,0.9989375986400602,6.740125370813136e-08,0.0010623339583248801,1
2.775569326053602e-13,0.9993320534342901,8.851748771110898e-08,0.0006678580489890701,1
1.7205274667555931e-12,0.9992103900007959,4.9697118162855235e-06,0.0007846402866356007,1
1.3575546762857352e-13,0.9995804986954979,1.7280293079673282e-07,0.00041932850181709494,1
6.480322732857814e-14,0.9995680238133637,1.1924179939115753e-07,0.0004318569446356789,1
6.405512789304945e-13,0.9993175037284074,7.02239855671967e-07,0.0006817940322418239,1
3.155149293193148e-10,0.9978202268121102,0.00014534614188056662,0.0020344267295067365,1
4.387108740156658e-08,0.9596305099816506,0.03222522555916227,0.008144220589814873,1
5.526822891970735e-07,0.8064054666411797,0.1745537960371624,0.019040184638980773,1
9.705310732027185e-06,0.5575001265085029,0.369591038372064,0.0728991298090127,2
4.846553293329881e-06,0.4844478290145073,0.3704772826630972,0.14507004176878194,2
4.5194486926613425e-06,0.30935774789669374,0.45758297522511604,0.2330547574310555,2
1.310696653611656e-05,0.16744022324108065,0.8052036096509835,0.027343060142084732,2
8.770913221993114e-06,0.05133273473634061,0.9449817243028026,0.003676770047746519,2
1.1690448715480071e-05,0.02083524103964159,0.9759473791918162,0.0032056893212618325,2
2.1308304089036293e-05,0.009489055196890576,0.9857040505068428,0.004785585992139367,2
1.3014754341711421e-05,0.005826209860237849,0.991827163366165,0.002333612018108637,2
1.666146682218678e-05,0.0058072969179452354,0.9923369131643932,0.0018391284499130124,2
0.0001693372015901724,0.009657093130524349,0.9511662408080994,0.03900732886086691,2
6.018601472350144e-08,0.01654599998229118,0.01663297044618034,0.9668209693858358,3
1.579108994359819e-08,0.9429839958684813,0.002287959478719852,0.05472802886088205,1
2.9046147892992204e-09,0.9949580032552883,0.00047796676368938606,0.004564027076609895,1
1.4099613217409605e-09,0.9985925720107951,0.00017972185992677455,0.0012277047185365703,1
4.1746080598082945e-10,0.9965823207355115,9.987175407120322e-05,0.0033178070932791473,1
1.348574588464319e-10,0.9978496072409458,4.2544270816381735e-05,0.0021078483521951388,1
2.4859319262835948e-11,0.9991530986759667,2.3541793129056457e-05,0.0008233595048462563,1
1.0289314927245586e-12,0.9995645449485672,4.081153724853414e-07,0.0004350469345336712,1
1.7006880539697443e-13,0.9985785938095929,3.882480670009011e-07,0.0014210179433948962,1
1.277813516252016e-12,0.9990299991740074,3.401070193200526e-07,0.0009696607162110502,1
1.9142299026101866e-11,0.9989604140233916,6.005208735563885e-06,0.0010335807470396464,1
3.2080502304891e-09,0.9783738664544037,0.0020438708860928815,0.019582259450011706,1
1.2423378774463478e-06,0.47348772583082654,0.4708460523725352,0.055664979457020376,2
5.536695300709617e-06,0.23339748165682897,0.7526998870073559,0.013897094642248708,2
9.320663555371107e-06,0.103576751063942,0.8788747043000958,0.017539223970663525,2
9.685552082304763e-06,0.0518273536501628,0.9449813125719624,0.003181648226616252,2
3.530873191936539e-05,0.03112469502942935,0.9662124624759778,0.0026275337616137725,2
0.002752231949344065,0.00687915644449123,0.9751028767767791,0.015265734828221316,2
0.194475993086604,3.931866119550424e-05,0.8045428147998921,0.0009418734525477254,2
0.7216761414786617,5.775473840786825e-07,0.2774667130952263,0.0008565678772922138,0
0.7472637629256328,7.369708979800397e-07,0.2522613100291206,0.00047419007574250443,0
0.6887144015551507,3.206552361532108e-06,0.3089920433375904,0.0022903485533708016,0
0.5736136589960026,6.05548449798826e-05,0.3794296441422973,0.04689614201808509,0
0.05264110169126802,8.369407202512977e-09,0.04242677687887456,0.9049321130593878,3
0.02603145966096103,0.00024219940882317655,0.9506912151426438,0.023035125785806063,2
0.00999571558794112,1.1212873226665614e-05,0.989215077993884,0.0007779935450971514,2
0.002086368958381588,2.306845278701154e-06,0.9978521130171629,5.921117937434388e-05,2
0.0011168743248226433,1.6814474503292318e-06,0.9988308782426899,5.0565983744376766e-05,2
0.001882524270839828,1.2856464667566878e-06,0.9980357507509909,8.043933092213397e-05,2
0.001959545002110285,1.1562214184961443e-06,0.9979643654322727,7.493334593206385e-05,2
0.001642181908800696,1.6128064062327771e-06,0.9982425579012957,0.0001136473840816208,2
0.0011911702580686176,1.7279988548715049e-06,0.9986215117854836,0.00018558995591327226,2
0.0005229345526971197,1.5447252130056477e-06,0.9994022463136137,7.327440926245802e-05,2
0.00012579067464116533,3.7888053392892584e-06,0.9995650686549863,0.00030535186656007786,2
2.2122830977658943e-05,1.3167641593661054e-05,0.9998212914792912,0.00014341804711805338,2
1.4212872027574835e-05,1.0235618104564828e-05,0.9999149660683387,6.05854404148858e-05,2
1.572649667449768e-05,1.1159406388867563e-05,0.9998982828404848,7.483125756356248e-05,2
6.304464529927506e-05,4.61974795715901e-06,0.9997898091930549,0.00014252641353364819,2
0.0007017833447385542,8.490680188184475e-06,0.9991491233233749,0.00014060265235174484,2
0.01470706180963411,3.760106432896626e-05,0.9814765469328343,0.003778790193452533,2
0.2110642196161361,1.722434980063998e-07,0.7138989694389457,0.07503663869966286,2
0.9042052054919458,1.497828949617608e-07,0.09254514887380637,0.0032494958507537346,0
0.9866593627230997,4.910037235001914e-09,0.013129947857885302,0.00021068450910993131,0
0.9986289368501665,4.854199686454578e-10,0.001360606248966496,1.0456416960972073e-05,0
0.9996670762334282,9.2539181260903e-11,0.00033007513714044444,2.8485374725152776e-06,0
0.9997848148413181,2.6757504384659926e-11,0.00021194800611389522,3.2371246989458625e-06,0
0.9997754725107056,1.1937145392314206e-11,0.00022211198560061226,2.4154922845141316e-06,0
0.9999097585798277,2.090481521853308e-12,8.856669667294244e-05,1.6747227860739994e-06,0
0.9999764795976578,7.207996972632363e-14,2.2400837326327393e-05,1.1195660710268417e-06,0
0.9999986795964637,6.2369952801154185e-15,8.632094598718845e-07,4.571950545925084e-07,0
0.9999987256532157,3.698692418738973e-16,3.5780226605138425e-07,9.165453344225338e-07,0
0.9999990701476011,2.9612488995492957e-15,5.006120373443626e-07,4.292401182675271e-07,0
0.9999949525245085,2.9841294306678634e-15,3.873324328961314e-06,1.1741504209936641e-06,0
0.9999963681832481,3.533239080581122e-14,3.035470570137624e-06,5.96346793649808e-07,0
0.9999654679991876,1.7921362664516025e-13,3.308162249878057e-05,1.450376723976646e-06,0
0.9999528064149432,1.7510705219488933e-13,4.564040389737947e-05,1.5531820948238192e-06,0
0.9999943472153672,2.149142440318357e-14,4.982901859394867e-06,6.698839166398346e-07,0
0.9999976445424638,4.592653056679535e-15,1.8025162986490855e-06,5.529394343465967e-07,0
0.9999988075403796,1.6512772642508321e-16,1.1037706751279945e-07,1.0820819839751058e-06,0
0.9999995797807942,5.172068760999037e-18,5.7623263552268144e-11,4.20160581672946e-07,0
0.9999998311759697,2.242343849746645e-19,9.300375631309368e-13,1.6882249102654867e-07,0
0.9999997757877532,9.7089089071163e-20,3.11918509467071e-13,2.2421086612135596e-07,0
0.9999997951199685,6.140977911569359e-20,2.761243663300083e-13,2.04880261771444e-07,0
0.9999998709536241,1.0284128381319169e-19,1.2970667625884798e-12,1.290433060287338e-07,0
0.9999998502789934,8.579349102937172e-20,3.007367906691719e-12,1.497188851015578e-07,0
0.9999998538915058,2.8823523556242734e-20,1.7846331389787626e-13,1.4610824359236398e-07,0
0.9999998609855635,2.9128475456942024e-19,4.091283978048456e-13,1.390134934945382e-07,0
0.9999991938933428,5.230802925632006e-20,3.751961924879431e-13,8.061055509593374e-07,0
0.9999995854487629,1.0859501818146985e-18,1.6462066929435864e-12,4.145494902624779e-07,0
0.9999993659077709,5.506004611569722e-18,2.331252369939155e-10,6.338578614227416e-07,0
0.9999995041254216,2.2780285780234442e-17,1.9230597033099696e-10,4.956813902538254e-07,0
0.999998750576977,2.637098223422823e-16,2.506318150301555e-07,9.987901571928917e-07,0
0.9999997351224361,1.4688372559148374e-16,2.3723442681689713e-08,2.411545945067924e-07,0
0.9999994213614483,1.80155871644879e-16,2.0465392151569e-07,3.7398560169239444e-07,0
0.9999993247731714,5.975982778610944e-18,8.736115625518599e-10,6.743542840474205e-07,0
0.9999996313745894,5.312760486862254e-17,1.8388644742802594e-08,3.502371446456372e-07,0
0.9999997472769202,9.12763690623605e-18,2.9501909399163706e-09,2.4977123567882435e-07,0
0.9999997694613095,1.8265637917989323e-17,1.1462717958407634e-08,2.1907743515409582e-07,0
0.9999996596125709,1.1835983574571667e-17,1.3825781771853784e-08,3.2656142674845453e-07,0
0.9999997318373421,9.492850508736995e-17,2.7766330846027818e-08,2.4039790399707607e-07,0
0.9999992488704358,3.0499982460176538e-18,1.6227713972477805e-09,7.495083076354516e-07,0
0.9999998114035584,6.597617246400022e-17,2.1597156122361845e-09,1.8643723130284544e-07,0
0.9999991777225402,1.0107475357351543e-18,2.592893120326315e-10,8.220176905090453e-07,0
0.9999998093408249,2.0211288435017423e-17,1.8155775748436766e-09,1.888437041639697e-07,0
0.9999997494888108,4.82541201977779e-18,3.00797703955015e-09,2.4750417922125515e-07,0
0.9999997612285655,5.023728071018053e-18,4.2481904187764735e-09,2.3452317923689884e-07,0
0.9999998332205134,1.2562714621794696e-17,7.67455507004733e-10,1.660118089292252e-07,0
0.9999991619628291,1.1319165803583583e-17,1.8454255020232686e-09,8.361904071048417e-07,0
0.999999426869345,1.5738590749625782e-17,1.2483627054123441e-09,5.718818335020371e-07,0
0.9999996388797369,6.791147990410092e-17,9.762869277238857e-09,3.5135840135930197e-07,0
0.9999994677492903,4.4438821115200555e-17,8.710526519812611e-08,4.4514660894323817e-07,0
0.9999997705272371,6.469789800118333e-17,1.0268245126172905e-08,2.1920490923754816e-07,0
0.9999992573796619,1.8556651886758005e-16,1.2549727829842668e-07,6.171235320016513e-07,0
0.9999987901799656,3.8186919172134994e-16,2.5157997867578e-07,9.58240546106055e-07,0
0.9999996275328852,2.6091695761544705e-16,9.22653457792323e-08,2.8020068963611035e-07,0
0.9999994261090078,2.5435500310993766e-16,2.596079704143136e-07,3.142837442307664e-07,0
0.9999985598307287,4.141946682870229e-16,9.088469298050345e-07,5.313218183124993e-07,0
0.9999992407613871,2.676759690161179e-16,2.750687924350013e-07,4.841716205757618e-07,0
0.9999994180254236,1.5651757286610722e-15,1.580536382576397e-07,4.239198337436072e-07,0
0.999985632127837,7.390892416636905e-14,1.2012413826146139e-05,2.35545843053848e-06,0
0.9999423890010117,1.1036441149159598e-12,5.446505090949101e-05,3.1459461459470652e-06,0
0.99996741641706,3.9146906325371165e-13,3.037085478981534e-05,2.212728573379371e-06,0
0.999984199738944,2.1768409092018698e-13,1.4850220073369483e-05,9.500394911798526e-07,0
0.9999803031544517,1.2311574579140312e-13,1.8262477377829784e-05,1.4343697288331866e-06,0
0.9999723433470633,2.728725929230855e-13,2.6152747312856274e-05,1.5039069890756548e-06,0
0.9999617736096797,3.640729501467135e-12,3.6541697876451155e-05,1.6846891174131377e-06,0
0.999555515908752,4.721413458262211e-11,0.00043990848082625753,4.575564298815838e-06,0
0.9957437411168151,1.1300843102556022e-09,0.0042395735077535475,1.6684244808092832e-05,0
0.9691734605978781,7.660850633589998e-09,0.03043345648153693,0.0003930752603233282,0
0.813590842009202,1.2255291116583986e-07,0.186196067956217,0.00021296748179848676,0
0.6773607838705075,2.190371400132197e-07,0.3217940226545097,0.0008449744376846442,0
0.45237435297103945,8.434369328296011e-07,0.5472826796931043,0.00034212389963024124,2
0.3699630620363755,7.228279821039562e-07,0.6298529534344501,0.00018326170277434178,2
0.28575813471439054,8.136377053256175e-07,0.7140538501165926,0.00018720153168299094,2
0.20253846348453886,9.181188087439793e-07,0.7973087079280428,0.00015191046796312108,2
0.14035471093325935,6.051439308528741e-07,0.8588823453891392,0.0007623385330936382,2
0.053387774810503476,1.3973330605147104e-06,0.9464591208697192,0.00015170698497580278,2
0.013350361328021145,1.5263705873639112e-06,0.9859116448432023,0.0007364674591605678,2
0.001685805235280071,2.3646627833044797e-06,0.9982381883765673,7.364172381163425e-05,2
0.00012104819503677832,8.439564614580728e-06,0.999433673132124,0.00043683910889320517,2
2.7783369248744497e-05,1.6690312943157036e-05,0.9996978281807177,0.0002576981386249327,2
1.9610226806595176e-05,1.614992693075772e-05,0.9998390966199157,0.0001251432271218358,2
0.00015700103329689333,2.119975173262193e-06,0.9997782005459483,6.267844630444513e-05,2
0.00039273275117701964,1.3577934090379488e-06,0.9995380328123782,6.787664431895905e-05,2
0.0004918134942176816,1.8841060229120816e-06,0.9993925925184126,0.00011370988053579074,2
0.00020340860255187005,1.3994718755752848e-05,0.9997185954112234,6.400126657426945e-05,2
5.368338163567171e-05,0.0008981193102564715,0.9983769456608971,0.00067125164565172,2
2.2118615438348752e-05,0.021448259059416903,0.9738395410035189,0.004690081321549699,2
3.5981861613325238e-06,0.44450148433480163,0.5184406156731526,0.037054301807158435,1
4.3845803730395e-06,0.6036526962441052,0.3747207422264494,0.02162217695056816,1
7.344009799276782e-06,0.7247706739482956,0.25471486518371594,0.02050711685834879,1
1.8091267886572108e-07,0.8978716524402639,0.018749471408226925,0.08337869523760011,1
1.5211128727040192e-09,0.9900855286746222,0.0005811385255105744,0.009333331279825254,1
8.35554356063413e-12,0.9993008049409755,2.9778572044246473e-06,0.000696217194824256,1
4.618813403868277e-13,0.9995801808804944,5.371010609138694e-07,0.00041928201666099733,1
3.0141717652402305e-15,0.9991685026301043,1.7496279750555576e-09,0.0008314956211794236,1
3.375883685991593e-15,0.9997035777655309,2.7083964126320393e-09,0.00029641952737080514,1
3.98149894437076e-16,0.9997560869453627,3.868313779638524e-10,0.00024391266953677156,1
4.794729539649728e-17,0.9996991120181944,2.8802530107109676e-11,0.00030088795466633254,1
3.626714684386055e-17,0.9996946807028517,1.490336502502479e-11,0.0003053192840425232,1
4.490797335861306e-17,0.9997306917932752,9.127940511161245e-12,0.0002693081982553607,1
8.668365111161104e-17,0.9997032857333797,2.4794029543893365e-11,0.00029671424222033304,1
1.2719041788560118e-16,0.9995844690842292,5.2152606228694005e-11,0.00041553086502179535,1
2.1256131793517426e-16,0.9997557247129418,6.550458779215627e-11,0.00024427522187895235,1
3.931061623877264e-16,0.999668470520198,2.0877725458318498e-10,0.0003315292701454137,1
8.32464214478396e-15,0.9995897464556036,1.636281893294122e-09,0.000410251907131404,1
1.8342219425385746e-15,0.9979433101123749,9.029713304305377e-10,0.002056688985598578,1
2.713965651609463e-14,0.9996761933023398,4.052049699391005e-09,0.00032380264671009323,1
3.1052405456519346e-15,0.999432032159816,2.688487807997006e-09,0.000567965150900433,1
4.515878226707451e-17,0.9996191625207629,8.177201681866499e-13,0.0003808374792622854,1
3.4134482924298915e-19,0.9993572232265984,4.134822867291274e-15,0.0006427767723123449,1
6.5473896441112495e-18,0.9996987006430352,9.508312113786157e-14,0.00030129935508407086,1
3.2899954923317656e-18,0.999726533533599,1.155248395238193e-13,0.00027346646709174927,1
2.3431139718373468e-17,0.9997081841723939,2.0553623880672823e-12,0.0002918158239962526,1
5.532447762054534e-18,0.9993947596827255,1.060393273130089e-13,0.0006052403175605118,1
3.2705897212401503e-18,0.9995487646404468,4.8590358322352506e-14,0.0004512353577620038,1
3.974988550293502e-18,0.9996495305582762,5.6255169645619e-14,0.00035046944283351916,1
7.029921057334262e-18,0.999725091663266,7.919930311565757e-14,0.00027490833503570505,1
1.416078923160469e-17,0.9992755074458566,2.472223136459438e-13,0.0007244925532329778,1
4.2241358709309155e-17,0.9993035112825355,1.052186550316079e-12,0.0006964887160800053,1
1.482304912138967e-16,0.999720887681156,3.8933809272738176e-12,0.000279112313696674,1
2.930557313023568e-17,0.9992722231804908,1.0909844961701494e-12,0.0007277768171686595,1
1.0147721504161475e-16,0.9989900038376939,4.652504675409104e-12,0.001009996157773359,1
1.5536903482498317e-17,0.9996956292021291,3.3686170745951367e-14,0.00030437079904345433,1
8.270474793321207e-19,0.9991807128563356,4.3723104789747445e-15,0.0008192871446129878,1
1.1793085502568054e-17,0.999494375333537,6.500866571613507e-14,0.0005056246672304825,1
1.860766924496754e-17,0.9996364415323651,9.299730387773324e-14,0.00036355846880080605,1
7.851884487947117e-18,0.9985144107309506,6.488751117240158e-13,0.0014855892688208612,1
1.399693758151079e-20,0.9993902490389401,3.344885640151783e-20,0.0006097509604369937,1
5.744433843970537e-21,0.9993961335928805,5.1313640223260117e-20,0.0006038664073724265,1
1.9252280079482042e-20,0.9994540453257839,2.6383922516451153e-19,0.0005459546735583783,1
2.878694392823349e-20,0.9993894427111988,3.35834091947724e-19,0.0006105572893395579,1
5.666470059639598e-20,0.9992536953816363,3.4417099728143295e-18,0.0007463046172445562,1
3.933102548609185e-17,0.9995966434975236,2.306577638580678e-14,0.000403356503719182,1
4.504928017766704e-18,0.9969522304436698,3.010216425786572e-14,0.0030477695565306615,1
4.133169141018128e-17,0.9995447088963175,1.1499156455882694e-13,0.000455291102914475,1
5.822791601741298e-17,0.9996674772162348,3.742229416685133e-12,0.0003325227817825298,1
1.566729577315935e-17,0.9996677870944672,3.602964727657353e-13,0.0003322129066627127,1
5.4661097583629964e-18,0.9995167545600786,6.436260435118116e-14,0.0004832454410954967,1
3.0433612568095724e-19,0.9995722614695777,4.49808211468223e-16,0.0004277385295215302,1
6.878546797534076e-19,0.9996924124890101,2.1288882842331784e-15,0.00030758751050462686,1
8.059885921019918e-19,0.999616429391871,3.8372752234044985e-16,0.0003835706064195819,1
3.0748791587271284e-19,0.9988036613658438,2.0447328426416915e-15,0.0011963386344504292,1
1.3367463088878338e-17,0.9995714420166031,1.1912199777485774e-14,0.0004285579827196679,1
8.562437908252542e-18,0.9990745876447885,3.548163322983131e-14,0.0009254123544845363,1
1.3472208483832224e-16,0.9996123962835695,5.531366983984277e-13,0.0003876037163952944,1
6.035634574653881e-17,0.9983170173459298,9.329874981755098e-13,0.0016829826531985937,1
5.316485484428821e-16,0.9993588290611676,1.3203476209876944e-11,0.0006411709245668424,1
3.4004638387287493e-16,0.9996183011467284,5.344076613160191e-11,0.0003816988007849141,1
8.40344512184832e-17,0.9996996804524431,3.4005038693068698e-12,0.00030031954541405746,1
1.630197799611874e-16,0.9992060102562974,8.266089358291876e-11,0.0007939896605850099,1
4.1644033798888423e-16,0.999626725147034,1.272691321344174e-10,0.00037327472486911774,1
4.598742391987719e-16,0.9996374586437954,2.632218478798069e-10,0.00036254109240061203,1
4.002046449458802e-15,0.9996270256483325,6.478555773117358e-09,0.000372967872684031,1
2.52908276507699e-15,0.9996764016255852,5.819055424246246e-09,0.0003235925561408913,1
7.797501544632836e-16,0.9997079655209565,7.462404113132938e-10,0.00029203373401391695,1
1.4613470993427673e-15,0.999645144361258,1.6161292566417033e-10,0.0003548554774812506,1
1.1823324308189455e-14,0.9984731994923978,9.998193612233211e-10,0.001526799507832801,1
2.8480120781558205e-14,0.9978040854077815,1.3815248875548583e-09,0.002195913209300723,1
3.5143226659912186e-12,0.9991015717879703,3.227057554121191e-07,0.0008981055009640838,1
1.1062692272094847e-12,0.994734394915792,9.586788685870155e-07,0.005264646405211348,1
6.596264049995105e-12,0.9981244034197626,1.9581840505477776e-06,0.001873638389954216,1
3.6779717577623325e-12,0.9992478174100707,2.167758260105834e-06,0.0007500148266195874,1
3.6877271603288445e-11,0.999246403003695,1.695975953900399e-05,0.0007366371988132444,1
4.238978450189669e-09,0.9909053136813407,0.0033135357420533474,0.005781146337893842,1
1.3206032330722646e-07,0.9622820448533909,0.0261199216350342,0.011597901450229268,1
5.236099631817756e-07,0.8758008807144754,0.11706937360595775,0.007129222068421766,1
1.0822527755073923e-06,0.8138443514796363,0.1635551044128346,0.022599461854524217,1
1.7076298143712646e-06,0.6435685785617352,0.18967535450511497,0.1667543593046823,1
6.137791193920766e-06,0.598282501861817,0.38161670726285774,0.02009465308522306,1
3.504139086743221e-06,0.5160668039679088,0.47333310011660457,0.010596591775462042,1
6.3496110897716996e-06,0.4672716028677209,0.5200071634009398,0.012714884119240738,1
9.906602906074034e-06,0.43551775738703896,0.5595469218850382,0.004925414123269115,1
3.166661492264929e-05,0.43819147131646985,0.5460528009179132,0.0157240611494975,1
4.973312221994605e-05,0.4688447668451898,0.24279453992933067,0.2883109601029945,1
9.312211942155395e-07,0.5425992084420694,0.03194007488012149,0.4254597854567493,1
1.22773041469822e-06,0.8851103737071645,0.014426442526729682,0.10046195603637657,1
8.75129234387413e-09,0.8932064461495113,3.186883008817983e-05,0.10676167627089879,1
2.118999784975053e-10,0.9152437825929067,7.123214569080154e-07,0.08475550487335803,1
2.2226835920608085e-10,0.9685962841630553,2.68430584744933e-06,0.031401031310617895,1
3.534722061067631e-10,0.9949322927654887,7.116476641027172e-06,0.005060590404045508,1
2.550690364252775e-10,0.9931113714829602,3.4969265684933916e-05,0.006853658994512689,1
8.524577276349478e-09,0.9901912134478996,0.0008385678626504352,0.008970210166229575,1
3.528212811587139e-08,0.9728958973974032,0.0024219913309326186,0.024682075989103575,1
2.828094610689397e-07,0.9541065874335155,0.024599099492273378,0.02129403026582321,1
1.0015193375919678e-06,0.6541401176356284,0.17380426946181982,0.17205461138331585,1
1.9427285709668027e-05,0.07437410277052192,0.9081845045869904,0.017421965357431617,2
1.662252314234965e-05,0.00457052897316288,0.9939537195733058,0.0014591289309530753,2
5.47754310975588e-05,0.00011095164149581624,0.9997295858442988,0.00010468708350923832,2
5.603468694432579e-05,4.999810242274326e-06,0.9998718262799563,6.713922293448226e-05,2
0.00011520260948672954,3.43815295890007e-06,0.9997697381775716,0.00011162105933764205,2
0.0005940879263823803,1.3645343348868831e-06,0.9993326230195234,7.19245211597775e-05,2
0.00041612056354463464,1.7317143739236547e-06,0.9994160496232042,0.0001660980974183553,2
0.00013879931521895982,2.241703658063136e-06,0.9998043841109999,5.457486905463606e-05,2
0.0001668954746968107,2.322013001713157e-06,0.9997289376992587,0.00010184481394333203,2
0.00015446727255730657,1.8460404208280137e-06,0.9997602796186048,8.340706740777662e-05,2
0.0001117775541122339,1.9040812827806486e-06,0.999826885237217,5.9433128925350835e-05,2
9.714126821973204e-05,2.2654310546744285e-06,0.9998193177139356,8.127558499728172e-05,2
0.00017922316941623443,1.4967469911343995e-06,0.9996624370997486,0.00015684298462884913,2
0.0001425194438833035,2.641903679148595e-06,0.9997504526373884,0.0001043860159338814,2
6.83579551983744e-05,2.733022833475711e-06,0.9998828008391136,4.610818280291525e-05,2
7.752606341902088e-05,2.4195055715108454e-06,0.9998690467295575,5.1007701650108885e-05,2
0.00019047686049988478,3.0234757909890245e-06,0.999662160677635,0.0001443389874050544,2
0.0006051635577577374,2.3673036697019737e-06,0.9979112663135193,0.0014812028242570836,2
0.0016939551441555389,1.6901510161135946e-06,0.9978713090669638,0.0004330456364244915,2
0.000823684842444334,1.4672307474320177e-06,0.9990865448089603,8.83031191790425e-05,2
0.0005153008286703986,1.590799110478575e-06,0.999381731375404,0.00010137699844721084,2
0.0006422007617117811,1.6521104573991915e-06,0.9992134547962684,0.00014269233102524629,2
0.000811213667968258,2.349670929115864e-06,0.9990024123569392,0.00018402430414762654,2
0.002120510732156776,2.0846859851610002e-06,0.9978046176261844,7.278695738061296e-05,2
0.013977865270263045,1.3411553326663334e-06,0.9859552901811408,6.550339396140495e-05,2
0.039410477897628804,1.2546110389223823e-06,0.9604766917573428,0.00011157573340838018,2
0.09173262909899689,1.1168423394027263e-06,0.9081411312522844,0.00012512280774987054,2
0.13728121396069093,1.4449107091364218e-06,0.862093642235284,0.0006236988932501612,2
0.149868611149471,1.0634665708745943e-06,0.8499270367032408,0.00020328868000715614,2
0.14113846722534967,1.0344483606974106e-06,0.8587324099735518,0.00012808835379100948,2
0.12772434776262262,1.1299644512772075e-06,0.8721476595757258,0.00012686269891803395,2
0.10863631473519787,1.0342358434632329e-06,0.8912609956394273,0.00010165538913933477,2
0.08565777812656111,1.042685548313793e-06,0.9141990749617968,0.00014210422505647798,2
0.06114045149450043,1.257634874941193e-06,0.938756581177795,0.00010170969281254216,2
0.047504926334923966,1.2855263977615325e-06,0.9523212226034368,0.00017256553596139548,2
0.0233748451215587,2.9448548651162756e-06,0.9753591886468437,0.0012630213766563526,2
0.0077139644781307705,2.7886709374094867e-06,0.9919911542947989,0.0002920925567345439,2
0.0020829681620600287,4.029663651700005e-06,0.9970305320509715,0.0008824701232405556,2
0.0007444288307167396,2.471291451848716e-06,0.9991894080535472,6.369182457724374e-05,2
0.0014591116572164027,2.694912814488191e-06,0.9984333367521493,0.00010485667803007581,2
0.008010624778161333,2.339307991944867e-06,0.9918619292327612,0.00012510668231187244,2
0.043345783190101524,2.0784828917722357e-06,0.9562893137611187,0.00036282456650342764,2
0.14750849169199956,1.0722934399165296e-06,0.8519959127268882,0.0004945232892820418,2
0.49289214372466245,2.151047006626155e-07,0.5067675794537273,0.00034006171628063486,0
0.8264713485826662,5.504033868878138e-08,0.17339021612303845,0.0001383802548980878,0
0.9623457681004663,2.139617157864821e-08,0.037611811589871216,4.239891327325377e-05,0
0.9856920662664661,8.892321148638348e-09,0.014288708241182729,1.921659874441275e-05,0
0.9940370444308285,4.385140326712504e-09,0.005956245407775857,6.705774838252728e-06,0
0.9967759886482579,2.195305983646008e-09,0.003203658790110898,2.035036543219329e-05,0
0.9971554101579678,2.1837348554116573e-09,0.0028398781690016895,4.709489525244461e-06,0
0.9972779787309124,3.2434729378889656e-09,0.002710368825889795,1.1649199166516868e-05,0
0.9979519103166831,1.0154980611614057e-09,0.001973744018573143,7.434464951163239e-05,0
0.9992129906355092,3.848764812793546e-10,0.0007821041229244593,4.9048569883997204e-06,0
0.9997022591208643,8.671898605342946e-11,0.0002916862469285084,6.054547013425683e-06,0
0.9997490623061508,7.270886701199404e-11,0.0002464562878153005,4.481334740311366e-06,0
0.9994993417486336,8.035610443020095e-11,0.0004970879641822634,3.570207304421719e-06,0
0.9994688897031947,5.051308143739841e-11,0.0005279576093011583,3.1526370582957056e-06,0
0.9999206300412149,1.348491155852928e-11,7.281556925179e-05,6.554375779320296e-06,0
0.9998059346464574,3.828050057749348e-11,0.00019169656067599778,2.3687533476033377e-06,0
0.9995320453780899,8.484358204788406e-11,0.00046315519149849277,4.799344379619085e-06,0
0.9985468063285313,4.1709163752696165e-10,0.001447741620281268,5.45163228361678e-06,0
0.9983571063901765,4.484092492681009e-10,0.0016310627669074438,1.1830395859654349e-05,0
0.9992089189180119,2.7563113515583095e-10,0.0007867079268602608,4.372878404735506e-06,0
0.999444022140589,6.439428045388615e-11,0.0005531767764810016,2.8010188245258974e-06,0
0.9998654592128746,1.0960602926987486e-11,0.0001308395899525452,3.7011858443978557e-06,0
0.9999303071657215,1.7161896398904536e-12,6.794741966837673e-05,1.7454122813661487e-06,0
0.999978396125325,4.229199403175397e-13,2.0279940350961683e-05,1.3239344071995463e-06,0
0.9999573029583679,7.346133540795121e-13,4.102689157648413e-05,1.670148646172286e-06,0
0.9999415954401603,2.5392443696746364e-12,5.6411545431708654e-05,1.9930129874696573e-06,0
0.999887835140699,4.1867980225670824e-11,0.00010848676589653915,3.6780528329814096e-06,0
0.9989424590101853,3.3158403641790755e-10,0.0009184791066969969,0.00013906155030743303,0
0.9911914341194216,1.8393112743980924e-08,0.008785414926136952,2.313256232946634e-05,0
0.9705070622860228,1.3860898878549425e-08,0.02945989649812238,3.302735544892752e-05,0
0.9374137570946002,4.1649481972588915e-08,0.06248681853548765,9.93827213353643e-05,0
0.8657952871418634,9.841362763447884e-08,0.13406620017517878,0.00013841427026121137,0
0.7471006249878179,1.5884050334125548e-07,0.2526375672130074,0.0002616489580904948,0
0.5541446629772417,3.36175289532423e-07,0.445514204239409,0.00034079660665474167,2
0.37487815917707273,5.998124779642332e-07,0.624906822277338,0.00021441873427596918,2
0.25612081667982406,1.0596957788900679e-06,0.7435604303979302,0.00031769322592787273,2
0.17715682137428088,1.2642733845218652e-06,0.8221305540197487,0.0007113603313044646,2
0.08954771697771487,1.1485665447663294e-06,0.9102294954192739,0.00022163903787000163,2
0.024376085346389336,1.4107212793035992e-06,0.9753627721712363,0.00025973176238380227,2
0.002332741095508714,3.831357801772071e-06,0.9975323881116294,0.00013103943394137692,2
0.00014487178635498403,4.392577453563677e-06,0.9996422991662007,0.00020843646882204788,2
1.904985040297001e-05,1.0031348232401827e-05,0.9998711301730663,9.978862775285069e-05,2
9.552485948388618e-06,3.180815477816051e-05,0.9998465614993898,0.00011207786152732816,2
9.82629951752138e-06,2.7799874245131582e-05,0.9998627748875617,9.959893976896847e-05,2
2.0470762570773785e-05,2.755845321310275e-05,0.9992065004846941,0.0007454702988067219,2
1.1837216741577899e-05,1.5683162256330563e-05,0.9998829743321922,8.950528720343312e-05,2
1.47784326338434e-05,1.2204150761466804e-05,0.9999009506808604,7.206673546694343e-05,2
7.238610162801031e-05,1.2168509758749846e-05,0.9998257604567751,8.968493077731215e-05,2
0.0022570101522151964,8.904211728837313e-06,0.9975757914043463,0.0001582942300241284,2
0.05374821683556244,9.90262945534879e-07,0.946023738696052,0.00022705420680036475,2
0.74129787298205,1.4366315508347683e-07,0.25837261790186644,0.0003293654518306966,0
0.9645814546177104,1.6147111592058075e-08,0.034755512204343336,0.0006630170321270382,0
0.9913159878418168,6.8652697700035646e-09,0.00862620001098857,5.780528325154744e-05,0
0.9972634694923642,1.1448742559983229e-09,0.0027306172354932116,5.912127029437164e-06,0
0.9992392927230705,2.9540143282321716e-10,0.0007525918913927667,8.115088780653239e-06,0
0.9995250932708747,1.4931054779415787e-10,0.0004683745610340207,6.532018186393792e-06,0
0.9996669269586749,7.116619321943935e-11,0.00033057538383615616,2.4975857804827123e-06,0
0.9996764678044654,2.1236579039316003e-11,0.0003195053545837774,4.026821490397394e-06,0
0.9999320450613758,8.640277272949183e-12,6.371349999794836e-05,4.241431122995308e-06,0
0.9999591004740439,9.460219942359674e-13,3.4002193399582614e-05,6.897332051462124e-06,0
0.9999857676187821,1.2617803585886284e-13,1.2748191169465168e-05,1.4841915250513376e-06,0
0.9999989765606877,1.7246691573163126e-15,4.7506505707608266e-07,5.483749202636696e-07,0
0.9999991463086195,5.428814247210663e-16,4.351666797077827e-07,4.1852418810478477e-07,0
0.9999990622277287,4.2001563925615053e-16,5.354143219104585e-07,4.0235818441767283e-07,0
0.9999989472022293,8.706900022887996e-16,6.614670339291286e-07,3.913320465199549e-07,0
0.999998778760364,3.0961657435058335e-15,4.640750471092894e-07,7.571656349309545e-07,0
0.9999967552228447,1.1228158033437784e-15,5.47254594804659e-07,2.6975237150223144e-06,0
0.9999962367617496,3.327195182018085e-14,3.1555638097394126e-06,6.076739304059676e-07,0
0.9999909221781345,3.02583670748656e-14,8.289002707849246e-06,7.888190695607624e-07,0
0.9999808428090199,1.2903646570879177e-13,1.8032843406012537e-05,1.1243472381789988e-06,0
0.9999526190969966,4.69769662793064e-13,4.597718416226084e-05,1.403718233951346e-06,0
0.9999678996050534,6.973639109723736e-13,2.9520950213790835e-05,2.5794431883493395e-06,0
0.9999354173497391,1.819993203053977e-12,6.265629484259076e-05,1.9263542515523714e-06,0
0.9999318706794519,1.634469723376689e-12,6.499317457935745e-05,3.1361447429855625e-06,0
0.9999386758095418,3.463566182049457e-12,5.974943229138774e-05,1.574753410290274e-06,0
0.9999479877981585,2.6515266315006914e-12,4.51943593941653e-05,6.817840692464503e-06,0
0.9999233097164496,9.152699124700233e-12,7.291869424773301e-05,3.771579362539597e-06,0
0.999808185375214,2.8498171682706406e-11,0.00018862251552514135,3.1920811201078637e-06,0
0.9993508358776494,1.7194085381761243e-10,0.0006458755174654593,3.288431576972252e-06,0
0.9974816554283359,7.78056309792291e-10,0.002510800565635623,7.543227429951836e-06,0
0.9905191989930678,3.4357904896504365e-09,0.009464476478010178,1.6321092739790055e-05,0
0.9748903726836762,1.4826695687189336e-08,0.02507150143860222,3.811105049406789e-05,0
0.9428634436007308,4.095462501164274e-08,0.05709728898159492,3.9226464452211974e-05,0
0.9347566493070842,6.788090144585154e-08,0.06522099502960614,2.2287783459487914e-05,0
0.9378628434268996,7.427944761035355e-08,0.06211124668531685,2.5835606706362723e-05,0
0.9494037956678649,4.061848948229117e-08,0.05057579428065686,2.036943139204613e-05,0
0.9662970208954903,2.299022779791588e-08,0.03368521274678567,1.7743368093705916e-05,0
0.9846377354140161,5.729325400949183e-10,0.015329996752157262,3.2267259316831816e-05,0
0.9997701399908177,2.2710416285616275e-11,0.0002270414149112396,2.8185698142277815e-06,0
0.9999791173283885,6.043869777101207e-13,1.9245937927985488e-05,1.6367335563296344e-06,0
0.9999879285097555,1.0329820255422351e-13,1.0995938945018776e-05,1.075551140801755e-06,0
0.999982986220074,1.287008726353695e-13,1.5747328296442145e-05,1.2664530322997255e-06,0
0.999972271931879,3.606933732522179e-13,2.656736955857597e-05,1.160697682805768e-06,0
0.9999563147586602,5.169661765351114e-13,4.124039191383435e-05,2.4448488107944035e-06,0
0.9999481124688532,1.7582057201005117e-12,5.021953769860115e-05,1.6679919184063228e-06,0
0.9999344827555752,2.124215468672448e-12,6.356892219190732e-05,1.948320668571994e-06,0
0.9999142696440394,2.3867827303295845e-12,8.412221755654452e-05,1.6081345496680246e-06,0
0.9999260158159128,2.5588827538275304e-12,7.212856329887097e-05,1.8556192501126463e-06,0
0.9999444909317403,6.155158452010591e-13,5.174902462367277e-05,3.7600442874887213e-06,0
0.9999906066227671,6.352223185074721e-12,8.262829449270549e-06,1.130542608241911e-06,0
0.9988094425151223,7.765028722489696e-11,0.0010991683889933538,9.138901778771233e-05,0
0.9937155932601972,1.1659100837374476e-08,0.006125467462744517,0.0001589276174137456,0
0.9685267459414345,3.7420920171107176e-08,0.031205394487369736,0.0002678221514966744,0
0.7217827730154623,8.579129472585919e-08,0.27790616021803,0.0003109809739442158,0
0.5393478971254214,3.5783702976274253e-07,0.45978906202594483,0.0008626830099410076,0
0.26752581075386583,8.059397339440216e-07,0.7321131784887903,0.0003602048171354992,2
0.08035763901054901,1.0637167459190303e-06,0.9193082763494145,0.0003330209221261976,2
0.014297690217605151,1.765828536160216e-06,0.985612612351225,8.793160263382806e-05,2
0.003496267659284849,2.360831591188118e-06,0.9963647553268806,0.0001366161810754788,2
0.0011339131471134781,1.619413567369189e-06,0.9986836645513166,0.00018080288775254623,2
0.00031585132632462305,1.7721172370480936e-06,0.9996344050506134,4.7971505724430735e-05,2
0.00012794817724604853,2.586453976441605e-06,0.9998078436381743,6.162172983811228e-05,2
0.00012774416644109856,1.777625228719944e-06,0.9997660182111211,0.00010445999596987008,2
0.0003205734169749243,1.5632619284300635e-06,0.9995322420642996,0.00014562125749296322,2
0.00024986000745252045,1.973802964810701e-06,0.9996774912301113,7.067495920236847e-05,2
0.00024189865169547723,9.371267315427262e-07,0.9988737767840279,0.000883387437098376,2
8.242742464077286e-05,5.0932368187913746e-06,0.9994805917042301,0.0004318876350406202,2
5.8491141904064386e-05,3.750727701873877e-06,0.9998599176005056,7.784052978672594e-05,2
8.998610673935447e-05,4.233225539520442e-06,0.9997982006850163,0.0001075799814174582,2
0.0005089457912302842,1.6680968057227765e-06,0.9983520034222552,0.0011373826906123279,2
0.0002227462717213977,2.848891890503924e-06,0.9995760204431577,0.00019838439247400755,2
8.135242700587746e-05,2.438313328906317e-06,0.9998670459197256,4.916334139177984e-05,2
8.841514549044815e-05,2.835205954978634e-06,0.9998626365360354,4.611311425538743e-05,2
0.0004853556557929437,2.034319488837114e-06,0.9992187023091761,0.0002939077166127749,2
0.00427689135595582,2.712947569348763e-06,0.995466984183513,0.00025341151365658915,2
0.01964672898771129,1.443824738395757e-06,0.9802288258315895,0.00012300135719382635,2
0.06893395353810028,1.062380177597692e-06,0.9309068007812967,0.0001581832993065398,2
0.23836461854351496,7.863559522017443e-07,0.7614005919302782,0.00023400317020932473,2
0.4265136686792616,3.5595748488353837e-07,0.5720479264940057,0.0014380488695583617,2
0.6209917086012182,3.350828980841665e-07,0.3788615469363178,0.0001464093810890983,0
0.7759864192302562,1.8204415016684688e-07,0.22383502268221658,0.0001783760416695231,0
0.8893595281388429,8.565543288735712e-08,0.11056961360713191,7.077259823068323e-05,0
0.9505353821883806,4.470139209026793e-08,0.049281466790568426,0.00018310631959822965,0
0.9577017268130265,7.135103343154996e-08,0.04227337279180643,2.4829043554519873e-05,0
0.9509803819742088,5.2594956987110294e-08,0.04886522934585408,0.00015433608517685904,0
0.8686389010497411,8.144261357766515e-08,0.13116363586044905,0.00019738164737244563,0
0.6934170098826417,1.9482660710028696e-07,0.3061248395637163,0.0004579557252544222,0
0.3280651574123146,5.611692369252661e-07,0.6713452578760767,0.0005890235419456265,2
0.16103458294875886,8.632236395583984e-07,0.8368450300315179,0.0021195237966582254,2
0.002625238864144891,2.6991785190202563e-05,0.9970276465750201,0.0003201227745440396,2
0.0001301366048879244,2.5898092452125753e-05,0.9994846134342456,0.00035935186874048726,2
1.1755407735193116e-05,3.169581069935736e-05,0.9998457808182981,0.00011076796162449696,2
9.678343932074216e-06,4.770773251207192e-05,0.9996981790596409,0.0002444348621437032,2
8.918702139775709e-06,6.703444222531245e-05,0.9996022753895111,0.00032177146580619146,2
1.127904472852275e-05,3.996113409193867e-05,0.9998071821845221,0.0001415776357470005,2
1.3117548795932995e-05,1.5148975987251764e-05,0.9998663615907274,0.00010537188425359486,2
1.4688485405527944e-05,1.5132241073605712e-05,0.99972280747959,0.00024737179352868414,2
1.864075363014545e-05,1.4593648788171577e-05,0.9998252967717886,0.00014146882503424316,2
5.444247697089372e-05,3.769277867572777e-06,0.9995975417635189,0.000344246480084643,2
0.0001239507275338184,3.8060631725066173e-06,0.9994348030926132,0.0004374401156390858,2
0.0001237422984168223,1.9842035623217696e-06,0.999514547325601,0.0003597261729845962,2
0.00010207407175017415,2.0580600170248477e-06,0.9995746070777026,0.00032126079017837745,2
0.00014254615556552448,1.5496368149551521e-06,0.9996152139991669,0.00024069020897291973,2
5.202259052953917e-05,4.402154959523113e-06,0.9998506230260202,9.295222687092721e-05,2
4.1019210638353264e-05,3.1032701497608165e-06,0.9996864656408264,0.0002694118796745656,2
5.0754879642093136e-05,5.769324544337058e-06,0.9998220809908892,0.00012139480650436057,2
0.00011798172491041237,8.836581843262303e-06,0.9961035786978559,0.0037696029953384834,2
2.2421508029588725e-05,1.5153510096098457e-05,0.999819644134494,0.00014278084597201768,2
1.725272283534488e-05,9.030541776338625e-06,0.9999126075663028,6.110916927814794e-05,2
1.331925484476024e-05,1.1502392782488042e-05,0.999909449172236,6.572918048632484e-05,2
1.574487534804541e-05,1.1672513648257279e-05,0.9998716737517932,0.00010090885802143556,2
1.2695359417406617e-05,1.5158897522188458e-05,0.9998983529881346,7.37927553534467e-05,2
1.1619416950991732e-05,2.1551847412690608e-05,0.9998684986781332,9.833005759486592e-05,2
1.4609093617496776e-05,2.2242630521029137e-05,0.9998417276046162,0.00012142066965394338,2
8.668051481617708e-06,3.9444170560049005e-05,0.9998289492166748,0.0001229385613097033,2
1.484679666747965e-05,0.00011228786361261696,0.9997074720897207,0.00016539325127798622,2
1.3499703901087389e-05,0.0006661237270411973,0.99831695422064,0.0010034223500026366,2
8.709824799063606e-06,0.0066977420270112635,0.9924280674971336,0.000865480652294759,2
8.46055684639572e-06,0.03359919781145787,0.9633594429051834,0.0030328987260627932,2
5.496282520187132e-06,0.1412360422507096,0.8431477333818719,0.015610728084851143,2
1.0177436018589618e-06,0.470404039490882,0.5001737760216041,0.029421166744762074,2
4.554814316138486e-09,0.9877545243109626,0.001278648755235807,0.010966822377461622,1
1.777444079321496e-11,0.9989581248200012,3.173240765642212e-06,0.001038701921300497,1
1.5694861440990737e-12,0.9993409870320186,1.0407748920606762e-06,0.0006579721916809654,1
1.793989116563612e-12,0.9992335348883831,1.6515385317320667e-06,0.0007648135697403243,1
1.6422859763588588e-12,0.9989281228240879,5.684503067740564e-07,0.0010713087232101224,1
8.852165394265735e-12,0.998031131046014,8.871260123749693e-07,0.0019679818175436493,1
2.481989613939936e-09,0.9754316658870669,0.0007457402597118412,0.023822591369414812,1
9.916371116227888e-07,0.24964630849385952,0.7286227459651436,0.021729953903213157,2
8.748400596333324e-06,0.02601435541708824,0.9704894029603501,0.0034874932220979866,2
1.5114088830885677e-05,0.0029904638050695606,0.9965868992043551,0.000407522900766968,2
0.00026788795085671316,6.178553685319979e-05,0.9995699078813916,0.00010041863264935048,2
0.0018568134081298022,2.8656334788883095e-06,0.9980798405694044,6.0480387725143614e-05,2
0.014434464039595146,1.7764561213626945e-06,0.9854960275368685,6.773196830303234e-05,2
0.10393580872499282,9.293216621403295e-07,0.8958921886421393,0.00017107331296789657,2
0.30200800859181015,5.869060953078768e-07,0.6977094205698149,0.0002819839334386372,2
0.6847810068924659,2.407679511750701e-08,0.3148728031044169,0.00034616592455193924,0
0.9911946978803851,3.673419960614098e-10,0.008756654213359447,4.8647540456390386e-05,0
0.9999099038348608,4.306868343121424e-11,8.84475146560618e-05,1.6486059115561052e-06,0
0.999864629076312,2.1872032242068265e-11,0.00013364605132233794,1.7248500623031128e-06,0
0.999086734385349,1.5864111511507653e-10,0.0009088131216361024,4.45233320209374e-06,0
0.9981659929078737,1.4914648096525488e-09,0.0017849335472895317,4.907205250069223e-05,0
0.9653078891497587,1.0136388910769277e-08,0.034480256677979666,0.00021184403717763143,0
0.7086484847720002,8.505708308513327e-08,0.29105091539639305,0.0003005147762961442,0
0.5150579092141806,3.6752270539714475e-07,0.4845662002861552,0.00037552297534055044,0
0.16127844254305565,8.044013700748253e-07,0.8382711422255683,0.000449610829557738,2
0.0502497327208416,1.8156083761693358e-06,0.9494827240900818,0.00026572758237859706,2
0.013856097762427548,1.3239869939819239e-06,0.9860443386768264,9.823957355190479e-05,2
0.002222454344700434,1.7597208456349081e-06,0.9977165842056078,5.920172792729534e-05,2
0.00024474608596519677,2.6228203767922366e-06,0.9997057111917835,4.691990244486626e-05,2
9.423056673102615e-05,3.6362670097172394e-06,0.9997757277122086,0.00012640545312941605,2
0.0004006282051513947,2.1449724760922458e-05,0.9989907454941152,0.0005871765744302689,2
0.007788549495093285,4.813670303158361e-07,0.9861011268434694,0.006109842294270051,2
0.01140475092592164,2.448195891319589e-06,0.9880593384307784,0.0005334624486890419,2
0.03274775876192551,1.6583596089178613e-06,0.9671467219570575,0.0001038609212184231,2
0.09047236959710064,8.006508776111695e-07,0.9092265729734383,0.0003002567778391587,2
0.20144453753848507,1.0180748389929787e-06,0.7983541475877637,0.0002002967979800558,2
0.38031688882817255,3.2435840528514513e-07,0.6194116467439341,0.00027114006861054575,2
0.9799041233493812,2.148413511504019e-10,0.018894168472745117,0.0012017079631359122,0
0.9999526222618883,1.6600192584232739e-12,4.216418243131393e-05,5.213555545762824e-06,0
0.9999997650957361,2.898946713516835e-17,1.4349391732629733e-10,2.347591728535218e-07,0
0.9999998066378071,1.3166243047792875e-18,1.0596582086506908e-10,1.9325793778834964e-07,0
0.9999997865088744,1.7775646537292825e-18,3.55038328380955e-10,2.1313523126783756e-07,0
0.9999997906707213,1.2282416303748726e-18,3.3823153136925897e-10,2.0898953728061366e-07,0
0.9999998372768591,1.5020882311643819e-18,5.200619765061072e-10,1.6220289336588557e-07,0
0.9999998386993086,1.0798728344527088e-18,1.6450136397970286e-10,1.6113682167562567e-07,0
0.9999997462764763,8.068745778914758e-18,1.9705515958798734e-09,2.5175332886809253e-07,0
0.9999995653962322,4.819076686196203e-18,1.620345149394406e-09,4.329829721078272e-07,0
0.9999997261693727,2.5826377435086024e-17,1.1634875204684613e-08,2.6219579585998064e-07,0
0.9999997681152577,1.0392449682007198e-17,4.008777414227515e-09,2.2787440691180422e-07,0
0.9999997393715943,1.5648200283270167e-17,8.548435586650306e-09,2.5208078008986203e-07,0
0.9999996587831119,4.318803251462676e-18,1.0847496227698533e-09,3.401328100839783e-07,0
0.9999996893894177,8.538598063171606e-17,1.4139340102610318e-08,2.964709597394613e-07,0
0.9999989689100262,1.8050564308407776e-16,2.7656086621982914e-07,7.545284258172288e-07,0
0.9999994685241793,1.272520186513571e-15,2.0128885785628004e-07,3.3018798866458234e-07,0
0.9999945637648551,1.4735285263798238e-14,4.52873454663769e-06,9.075016524896876e-07,0
0.9999595319280525,3.5782690762619025e-12,3.8402283251698046e-05,2.065786277722914e-06,0
0.9979498627482447,3.119223485119314e-10,0.002016594269196642,3.3542670362948005e-05,0
0.8903844900442907,4.481724209349743e-09,0.1087408330309018,0.000874672443688284,0
0.5755144901077648,3.436553469252115e-07,0.42413328882526863,0.0003518774120754723,2
0.3529110645925286,4.979107770883293e-07,0.6466715976367199,0.00041683986117534724,2
0.21330074491532203,8.515081598876762e-07,0.7864426835321114,0.00025572004529627473,2
0.07522848286206442,1.1217036889034392e-06,0.9244097491086862,0.00036064632491495123,2
0.043608072336115994,1.4995599957733636e-06,0.956270037457572,0.0001203906456356963,2
0.03403475044387644,9.66635835956461e-07,0.9658349417535765,0.00012934116741081665,2
0.017457347024040483,1.3387931017789322e-06,0.9824340221758868,0.0001072920054217901,2
0.003275857442649697,1.9277843714149976e-06,0.9966611010801268,6.111369279458801e-05,2
0.00010329995165529062,9.089090676076813e-06,0.99982022764488,6.738331441273565e-05,2
1.4489825637132999e-05,1.3911768193379657e-05,0.9999013249627698,7.027344194772792e-05,2
1.334372607371355e-05,1.5792869611754816e-05,0.9998793034731495,9.155993016054353e-05,2
6.727840671021286e-05,1.8942418627706198e-06,0.999412701108708,0.0005181262425055982,2
4.180117803281568e-05,4.31999846834867e-06,0.9998820948704605,7.178395220260003e-05,2
1.8938421833974202e-05,4.50923095059993e-05,0.9997651617697809,0.00017080749707313328,2
2.4890121922127332e-05,0.0003783216635033377,0.9962088212780046,0.0033879669370350794,2
3.830999226606072e-05,6.277405555557194e-06,0.8772637229015933,0.12269168970186191,2
2.5261706496946304e-05,0.00046343722380984325,0.9926165720292307,0.006894729040800309,2
8.79175525394353e-06,0.0002415494520775428,0.9991368519817027,0.000612806809812185,2
1.1674103121987326e-05,0.00014241152925036145,0.9993263566218552,0.0005195577452068948,2
7.170287244593649e-06,7.819003298430726e-05,0.9991019439278582,0.0008126957509623601,2
1.6613697692530802e-05,1.0360722057823006e-05,0.9996877256969433,0.0002852998850291445,2
1.934952720381943e-05,1.2787828147777332e-05,0.9997393134822261,0.00022854916151817826,2
1.0752957628710586e-05,2.0662525056146866e-05,0.9998665236119374,0.00010206090473155687,2
1.557144316285261e-05,2.6567597442784923e-05,0.9996376781598838,0.00032018279994711464,2
8.654393924449503e-05,1.9351018425043895e-06,0.9988892892111183,0.001022231748366608,2
7.092363331173063e-05,3.906460412812349e-06,0.9993581768700726,0.0005669930352882127,2
3.72288264486977e-05,3.921836038242419e-06,0.9998470031478219,0.00011184619006198615,2
5.2297637985990444e-05,4.698763383159384e-06,0.9998562529479489,8.675065075970352e-05,2
9.265515917435456e-05,2.0188124260712746e-05,0.9964081671404289,0.0034789895764495943,2
2.1300213078017808e-05,0.0006886351926675033,0.997224669255616,0.0020653953369042972,2
1.2179883200853543e-05,0.009686999352556553,0.9876804429808986,0.002620377785103144,2
5.4542271039438945e-06,0.037449558027418624,0.9602699044797908,0.002275083264598194,2
9.419007767588375e-06,0.07222105975966502,0.9226408560990214,0.005128665133171244,2
6.125388292322882e-06,0.1590906559687761,0.8337700702507427,0.007133148392607001,2
4.071356906863763e-06,0.2574771870684863,0.7206740832765864,0.02184465829857152,2
1.327115297572228e-06,0.7817457125188835,0.1916052537671534,0.0266477065972619,1
1.2185063315939116e-09,0.9762434461961741,0.00017634691527831448,0.02358020566995627,1
4.116514110923423e-12,0.9981642864130486,2.8472887888083e-07,0.001835428853654812,1
8.869097203059728e-13,0.999361576675506,7.915409534831974e-07,0.0006376317810619491,1
1.3225696882226347e-13,0.9995499652833557,1.654794494564479e-07,0.0004498692363279615,1
1.3561886835216237e-12,0.9993331984037884,2.363004326549208e-07,0.0006665652946751084,1
7.741474406400076e-13,0.9921883818306295,5.7473885593356495e-08,0.007811560695247286,1
5.449598661004314e-13,0.9951206366221776,1.2367069835460032e-08,0.004879351010167455,1
9.410895573805326e-14,0.9991367350925667,1.2894433520831499e-08,0.0008632520115390274,1
1.2403378362611266e-14,0.999627970341332,5.47329569710443e-09,0.00037202418605024204,1
4.000829709615591e-15,0.9995163870036782,2.5171453414058973e-09,0.0004836104787731616,1
1.7561430243818088e-14,0.9995264929449031,1.1623472072821807e-08,0.00047349543161006186,1
2.5376015385902056e-15,0.999247313874599,2.1825298571658295e-09,0.0007526839413782131,1
9.053068188733212e-15,0.9995048802753339,2.379505378217386e-09,0.0004951173441448642,1
9.287367992821501e-15,0.9995167895041608,8.657997317465629e-09,0.00048320183910139936,1
1.9430861903467108e-14,0.9994604400792053,1.1146782829503162e-08,0.0005395487751753425,1
1.285664654173827e-12,0.999446130030227,4.18259031216199e-06,0.0005496873763726105,1
1.1979677606830339e-12,0.9994469168858353,2.305830182415135e-06,0.0005507772845855558,1
5.778394397743449e-13,0.9994249179877489,9.019842739989981e-07,0.0005741800287062325,1
1.205313455930252e-11,0.9992284587468159,2.76459441987224e-06,0.0007687766475008057,1
2.674420982421268e-10,0.9904689145441903,2.8062523563896325e-05,0.009503022665490994,1
6.877151388067233e-09,0.7358667087246821,0.0002594915033806444,0.26387379289489055,1
4.563764444463129e-08,0.04482425969271753,0.0004804635441497986,0.9546952311260244,3
4.005790289389986e-06,0.06052778358756956,0.009710659178063338,0.9297575514449886,3
1.1740690881241579e-06,0.00022055788204408886,0.009480262763915958,0.9902980052865917,3
5.902369713250912e-05,0.00792480999287458,0.9455357838708168,0.04648038243898376,2
2.1383088841977454e-05,0.0064685293038454625,0.9854159865471709,0.008094101058777968,2
7.872057543135133e-06,0.010090200701779389,0.9889243708147568,0.0009775564260358855,2
8.060781994283617e-06,0.018736705199874124,0.9791240963561388,0.0021311376617481836,2
1.567889322092753e-05,0.0316438285562833,0.9445387029697716,0.023801789579664164,2
3.1714263171760875e-05,0.032368215956173965,0.8521816179342094,0.11541845184556887,2
3.8403358300943594e-05,0.0003216478123688129,0.5445210107913042,0.45511893803757025,2
5.1448105490398575e-05,0.0013073522596967195,0.9726070669505484,0.02603413268332641,2
2.5727034644370176e-05,0.0005523145605135951,0.9978980526708032,0.0015239057331236554,2
1.307468016222748e-05,0.0008180173549624825,0.9985886534028441,0.0005802545615780319,2
8.535746655943381e-06,0.0029260092388465006,0.9964269699999383,0.0006384850148593582,2
1.4321563944056605e-05,0.01325729761523557,0.9826548193454088,0.004073561475406611,2
4.099400881917481e-05,0.05561470825607245,0.876232586180087,0.0681117115556767,2
6.838638972842856e-06,0.0543316782752172,0.2807879908523176,0.6648734922322284,3
4.005442322081359e-06,0.542474085157295,0.24672939680265296,0.21079251259646076,1
1.976941384276206e-06,0.7537830185740938,0.16439827236450658,0.081816732121428,1
6.768254293906052e-07,0.9070254235336828,0.07817924888371307,0.014794650758689125,1
8.119877778667612e-08,0.9739982765063651,0.01647939087206776,0.00952225142192682,1
3.262065926700665e-08,0.9955866250922623,0.0016531256554735885,0.0027602166316918223,1
9.985573254104136e-10,0.9927130197977759,0.0001807244282372976,0.007106254773854775,1
3.031732269728297e-11,0.9977667392147501,5.692979179518564e-06,0.00222756777601645,1
1.4016105444785485e-11,0.9993051701265575,6.430563156147628e-06,0.0006883992946338303,1
2.6541678940040062e-12,0.9988434410848174,3.2091061950921572e-06,0.0011533498055295076,1
4.5558090304677955e-12,0.9991836693792726,2.5209542724135166e-06,0.0008138096618747989,1
3.3692539404595396e-11,0.9989426953123455,3.998244590989509e-06,0.0010533064105986796,1
4.466774752355469e-11,0.9874626567266002,1.8758142205362314e-06,0.012535467415683125,1
8.724443061296878e-13,0.887226119553549,1.1889723057342963e-07,0.1127737615482086,1
1.4807477445532386e-11,0.9955514898642048,7.628924545170201e-07,0.004447747230149162,1
1.3946098606034544e-13,0.9995228343978773,5.613927601596357e-09,0.00047715998967184974,1
2.583484607592694e-16,0.9982040300163734,7.443946665276219e-11,0.0017959699098969296,1
2.1177397943109714e-14,0.9996569911094133,6.923290777682605e-09,0.00034300196866284894,1
2.419696418202576e-14,0.999547936861348,7.344847744674568e-09,0.0004520557923984263,1
8.396030865828263e-11,0.9985510460488718,4.244515706755583e-05,0.0014065087116626395,1
1.0646292689277135e-09,0.9935494149909714,8.249899327290556e-05,0.006368084952132263,1
1.4431204617046123e-09,0.9836595099677058,5.75121452669364e-05,0.01628297644350878,1
3.1486006586017544e-08,0.9822023340342578,0.00024812497985823726,0.017549509501086125,1
7.424331206429581e-11,0.8109814664632333,3.9883933645145326e-06,0.18901454506984242,1
2.7777357090208796e-09,0.9688387672539231,4.996046769200352e-05,0.031111269498936073,1
4.642682874853955e-09,0.9954225021205177,0.0001981066263248719,0.004379386608827794,1
3.8876827076027094e-10,0.995938289157078,0.00013337145998989396,0.003928338994519875,1
3.98676888627734e-10,0.9985820557251798,0.00010415789602614529,0.0013137859796591071,1
1.5644009552970797e-10,0.999006592125767,6.541290301858623e-05,0.0009279948134169938,1
2.2548220969366354e-10,0.998917434149047,7.521712624146529e-05,0.0010073484991330443,1
2.7565501932397693e-10,0.9974168548573825,0.00010825935068517611,0.0024748855177078345,1
1.4671701713870262e-10,0.9985997015648702,4.223743096028736e-05,0.0013580608586413632,1
7.609008600462185e-11,0.998495793412887,3.999203382267789e-05,0.0014642144778744335,1
6.531593315173986e-11,0.9984301129496377,2.318707892947283e-05,0.0015466999070363927,1
1.728629760983893e-11,0.998593843021683,6.883031502737583e-06,0.001399273930794354,1
4.17326831570357e-11,0.9990687359908402,8.109513215976349e-06,0.0009231544549154644,1
1.5694397317572552e-11,0.9957419006340481,1.3116062094114211e-05,0.004244983286778327,1
2.5404217087652658e-11,0.9977554462793825,1.0532386009797933e-05,0.002234021308634687,1
8.300814551465284e-12,0.9992689749882866,6.38857141470934e-06,0.0007246364304676269,1
1.0259085161539744e-12,0.9993793356979044,1.6505302295511664e-06,0.0006190137690980689,1
1.90577300603209e-12,0.9995086686268443,1.990852476010182e-06,0.0004893405195911718,1
6.53682012506312e-13,0.9987366032657959,2.8805448182306725e-07,0.00126310868064881,1
1.1566130429575318e-11,0.9957303180896726,2.704787530237007e-07,0.004269411421544044,1
1.0264911077108852e-12,0.9586886411743646,4.4547350296400193e-07,0.04131091335053453,1
8.699087645714542e-13,0.9944222743978718,3.619387288284402e-09,0.005577721982142825,1
3.332079884732349e-14,0.9985082402668437,1.3011878951514716e-09,0.001491758431842105,1
3.114448095534521e-14,0.9996077590000881,3.3301657749347397e-10,0.00039224066569605744,1
4.8097650716864434e-14,0.9943474801395765,3.0167207924827085e-08,0.005652489693972566,1
1.014627144415015e-12,0.9990400067293568,1.103645421138575e-07,0.0009598829047006859,1
2.934254698233032e-14,0.9991357862657404,1.8128728527323163e-08,0.0008641956072893889,1
2.3883635509266495e-17,0.9994200040699064,6.524799000708676e-13,0.0005799959278948215,1
9.126628516625009e-17,0.999658495622502,1.1949009532489557e-11,0.00034150436563550474,1
1.0536962962380983e-16,0.9995732339185737,2.2215665259407094e-11,0.00042676606053101,1
3.2232633731562326e-16,0.9997041630884572,2.026749179809013e-11,0.00029583689257994724,1
5.69961464315698e-16,0.9989271867183952,6.60989150739318e-11,0.001072813217012141,1
5.019095592609154e-16,0.999466796651499,1.0950730578229665e-10,0.0005332032405066516,1
1.4244893951583506e-16,0.9997132121939541,2.648533466351052e-11,0.0002867877801028067,1
1.2495168199536845e-16,0.9997624785793685,7.718890110049226e-11,0.00023752134284343296,1
2.900591388470104e-16,0.9997416350123594,7.059055573313908e-11,0.00025836491560313055,1
2.1455380316512816e-15,0.9991482090888412,2.3411350993096578e-11,0.000851790887452909,1
6.719400057619896e-16,0.9848269923554547,4.724613735238163e-13,0.015173007644409226,1
5.6668837211667336e-15,0.9918933947849063,1.493843392919039e-11,0.008106605199553762,1
7.573083052689597e-16,0.9995090525759993,2.537703628075064e-12,0.0004909474223369428,1
1.62077514674492e-19,0.9993127544914462,3.623155061249101e-17,0.0006872455099481543,1
4.957870241089915e-19,0.9994765550352226,2.7598491618839957e-17,0.0005234449630058481,1
9.43782819136137e-20,0.9987778017218468,3.9540358162716174e-18,0.0012221982782676746,1
3.3009094190508247e-19,0.9993676455821838,1.0610341023620658e-18,0.0006323544192948725,1
5.4069032261273106e-20,0.9964845202307359,4.007530972319908e-18,0.0035154797689438255,1
4.6198627071351755e-18,0.9985572391369582,4.389935699807471e-17,0.0014427608645700243,1
3.4480296982779997e-19,0.998435354434498,1.6306702200187878e-16,0.0015646455649603068,1
8.69141416716674e-18,0.9996595467708029,2.4468991068195833e-14,0.00034045322775074334,1
1.6194511682846608e-18,0.9996036236855314,1.249260921977042e-15,0.00039637631578863595,1
1.813691950354165e-19,0.9987423158679208,1.489995069860542e-16,0.001257684132483272,1
2.6438883904658047e-17,0.9997050392695842,3.0540999504056085e-13,0.00029496072887342004,1
3.627412350239599e-18,0.9996805128381819,7.353880043013749e-14,0.00031948716080361334,1
4.036032307624494e-18,0.9996934712303776,3.35501407140691e-14,0.00030652877110186636,1
6.556104507978768e-18,0.9994274600393271,4.3279614235000925e-14,0.0005725399611380393,1
2.3094566554619215e-17,0.9993877785354311,5.5764018107013087e-14,0.0006122214648878098,1
1.0147443669592585e-16,0.997644781823619,7.201856491347619e-14,0.00235521817671356,1
4.8059607077209325e-16,0.9960759673632343,6.693108412747634e-13,0.00392403263507422,1
3.703805360682824e-17,0.9993006183341067,3.658362362423919e-14,0.0006993816653761295,1
1.5064897324779795e-17,0.9995773520561364,1.548956886618873e-14,0.00042264794544955876,1
1.7355112902706616e-17,0.9987099699927044,1.4847098749061365e-13,0.0012900300082116906,1
9.230232137274429e-16,0.999366684505626,2.7909049713749233e-11,0.0006333154673161423,1
2.528743308155513e-15,0.999248537784502,2.2504146096044864e-09,0.0007514599653996981,1
7.919080511241392e-15,0.9995753360878842,1.3939577756605287e-08,0.00042464997282418615,1
1.2450078430287954e-15,0.9997489151613864,5.479274946981519e-10,0.00025108429237864196,1
2.780523554486137e-15,0.9995084683890789,1.0184170208308797e-10,0.0004915315075371622,1
6.993469176158436e-13,0.9907004357649657,1.754274621578895e-08,0.009299546691676567,1
1.1864703380809047e-11,0.9845714963720144,1.0717793424436746e-08,0.015428492900030533,1
1.945367467332712e-12,0.9568004159626057,5.8487092264259935e-08,0.04319952554937934,1
1.3726137882061086e-12,0.9981006844315159,6.295222668415405e-08,0.001899252616554875,1
3.820088183534644e-13,0.9995498205133349,2.7546919148115413e-08,0.0004501519384832899,1
3.0920655021220135e-14,0.997739977235409,1.394876745785109e-08,0.002260008816260069,1
1.8718384186955425e-12,0.9991859367441626,9.078640353655387e-07,0.0008131553905585691,1
1.7242239909381913e-12,0.9993020068020172,4.014725520588567e-07,0.0006975917246491794,1
6.749305950778856e-13,0.9974110834883951,2.3434380714865758e-07,0.002588682165476011,1
1.0174611886675734e-13,0.9973469423604803,1.6364038401527507e-08,0.002653041273666172,1
7.292694920953097e-14,0.9993797278468315,2.1765467509779455e-09,0.0006202699765585855,1
1.3643546956457826e-13,0.9978507113933519,2.9696989752714357e-08,0.002149258909912491,1
1.0728918885170565e-12,0.9988556424039491,1.7509397355596532e-07,0.0011441825002737615,1
8.402095991477539e-13,0.9989857908118382,8.538067277767799e-07,0.0010133553795653707,1
5.685156250251079e-13,0.9992592310094112,7.632736381859253e-07,0.0007400057180559689,1
6.043630776684984e-13,0.9995624598893337,1.1300260491323895e-06,0.00043641008298067954,1
1.7772824097923554e-12,0.9994780063608789,2.481009386643272e-06,0.0005195126293995867,1
2.4558947633824353e-11,0.9984781817162571,2.4865451219631585e-06,0.0015193317146928258,1
3.3841714588946194e-10,0.9716162167034141,1.130820943409901e-05,0.02837247474727949,1
7.45691833229834e-10,0.7212827321052359,9.136470471933273e-06,0.2787081306778651,1
4.769449299016704e-12,0.02330836555258964,3.082412800384959e-08,0.9766916036199297,3
9.473996107115689e-09,0.9016581165357104,2.4103117182944283e-05,0.09831777087375775,1
3.4567219041710957e-09,0.913325206976355,3.5104014104147854e-06,0.08667127916554235,1
7.047732404656953e-10,0.6510098284945008,1.9215593605157824e-06,0.3489882492427884,1
5.585791633287815e-14,7.335332225689593e-08,5.485876444963758e-12,0.99999992664016,3
1.6636015533239056e-08,0.036256381666677384,5.86005994660535e-06,0.9637377416358586,3
3.121995171438078e-08,0.1936156883017929,3.511010568766265e-05,0.8063491703711416,3
7.798207000114922e-12,3.923954488221296e-06,1.9638163157990174e-09,0.9999960740756009,3
8.584428779476086e-09,0.0012356513563605398,3.4074321603606607e-06,0.99876093262659,3
1.1200743740286056e-25,2.7395802407473678e-28,1.4179299267104253e-28,1.0,3
1.2853240855787634e-39,7.265859262354721e-51,1.973268501000152e-46,1.0,3
3.2125202214370044e-47,1.5424932857057881e-58,1.5696091762115896e-53,1.0,3
2.2009000713631305e-08,0.05650219672040128,9.114847149256495e-06,0.9434886664219623,3
3.555639027894898e-21,5.088608590908527e-20,2.9532747858388857e-22,1.0,3
1.0838240359685564e-22,1.2009694164061157e-22,2.4790685916782956e-26,1.0,3
3.796362500955517e-12,1.185083713228789e-06,1.587474610572953e-09,0.999998813324759,3
5.26304326706023e-19,1.7577563056526799e-16,3.0894109681591707e-19,1.0,3
1.1817997483565089e-21,2.5467559323627762e-14,9.959242107632508e-22,1.0,3
4.545273191254699e-19,1.2404102190865627e-13,3.835590314205321e-18,1.0,3
2.6205655957230434e-15,9.41968316663041e-12,1.699371186579988e-16,0.9999999999890861,3
1.056075598495244e-08,0.0008764627595349552,3.1337521454108514e-07,0.9991232133058277,3
1.6214141295276762e-18,8.032730245181424e-19,1.2808917320322468e-16,1.0,3
1.2910698643721882e-19,3.783607422039638e-24,4.609966926752909e-21,1.0,3
3.505991514099968e-11,5.647560185805135e-10,2.0606316914488098e-09,0.9999999973406375,3
6.920981687375211e-06,2.0097283580576516e-05,0.002030283380357686,0.9979426983557307,3
8.129960994180252e-05,0.004387936868623328,0.06567622601851168,0.9298545375025256,3
4.163064680619403e-05,0.002338948365047992,0.06515994111718912,0.9324594798704929,3
1.9796747761976597e-05,0.005387216716539248,0.017441546847484966,0.9771514396874471,3
0.00013750013142654552,1.7944475929128512e-06,0.001931775094289848,0.9979289303271641,3
0.010777074417368856,2.230242016419093e-05,0.0160766449411801,0.9731239782199151,3
0.020514633425582837,0.0027690760367440927,0.10150239284691889,0.8752138976919013,3
0.012609592445381826,4.4280032031918506e-07,0.012230262294341019,0.975159702460334,3
0.017230866447202443,0.0018042577775948785,0.8827796187436239,0.0981852570310427,2
0.05686253247978782,0.00010235823155535985,0.9043180686448743,0.038717040643766805,2
0.30056126044592285,4.812350123902534e-06,0.6733969678785928,0.02603695932681138,2
0.9797668038817607,1.5068774906366242e-10,0.0016514411114274972,0.018581754856709414,0
0.9998888305915319,9.996797707700087e-11,9.73927011191135e-06,0.00010143003875267668,0
0.9999960119937381,4.660602639582481e-13,2.1572566280941925e-06,1.8307498779332201e-06,0
0.9999979010303123,1.0106988396444932e-13,1.295975018942995e-06,8.029960161121805e-07,0
0.999877617736815,1.1222417635582175e-12,0.00011781489173148612,4.567369731500834e-06,0
0.9998586524022224,8.940849686386425e-13,0.00013656278214715015,4.784813604284056e-06,0
0.999999311774682,1.4295403941682823e-19,1.5193922224573125e-17,6.882268378649993e-07,0
0.9999996856750425,7.914843957974723e-19,7.460988220452582e-13,3.143236099400101e-07,0
0.9999994474639314,6.3532869372535855e-21,3.781872816000376e-18,5.525377755702325e-07,0
0.9999990766122835,3.054634924215069e-21,3.234991383687939e-22,9.233889133480657e-07,0
0.9999977622380838,9.013893318412234e-21,4.0767510187774343e-19,2.237761289670719e-06,0
0.9999995713807047,1.2825719526575321e-20,4.932621287161253e-20,4.286203672864735e-07,0
0.9999996377628778,3.418532839339661e-20,2.071112468996502e-18,3.622355605047412e-07,0
0.9999979338338989,1.396271994534406e-19,1.412970083692662e-17,2.0661673241744166e-06,0
0.9999974370071971,3.0473858124182266e-22,1.8979805584899248e-23,2.5629925108787653e-06,0
0.9999997506311358,1.1587001979585563e-19,1.0500850217742428e-16,2.493696316321778e-07,0
0.9999995730396224,6.0885844100586284e-21,4.010765688266111e-17,4.269588657712504e-07,0
0.999999747957222,3.421188421043319e-20,2.3140170528130983e-15,2.520430335328858e-07,0
0.999999630144953,4.410273033113665e-20,1.8412285884476364e-16,3.698541930807438e-07,0
0.9999990225556078,2.894549895482034e-21,1.9853893325825302e-16,9.774459558712686e-07,0
0.9999998494568103,1.6029295162639594e-19,1.3444979333649258e-14,1.5054217478950842e-07,0
0.9999996924744228,2.3122167808202902e-20,2.6542677327242245e-14,3.075259086119838e-07,0
0.9999997365885411,1.6931727991751737e-18,2.6810272522522107e-11,2.63384474292089e-07,0
0.999999590403688,8.861303326170928e-19,5.2289198997519154e-11,4.095456052753472e-07,0
0.9999998198109259,8.709562866712283e-18,1.1015437198172488e-09,1.790888941433214e-07,0
0.9999996892548125,1.8341670777315716e-18,1.188442507792512e-09,3.095578139956593e-07,0
0.9999998251733058,7.623979078028668e-18,1.1469387701035488e-10,1.747123393632963e-07,0
0.9999987676281625,3.87907111911388e-19,1.2405086341855596e-10,1.2322489023336016e-06,0
0.9999998139028494,2.3653652163091365e-16,3.1267060206388175e-10,1.8578415315910187e-07,0
0.9999940931804134,1.3112986543680707e-16,1.8102536971291053e-07,5.725795149613655e-06,0
0.9999989292051672,2.389000958995133e-14,5.870959101386422e-08,1.0120862867516948e-06,0
0.9999754358648045,4.3844666813194347e-13,1.7822989466458447e-05,6.741144127316495e-06,0
0.9998906946355198,1.40591703290067e-11,0.00010307278565502094,6.232563677376826e-06,0
0.9998751192999951,6.090781747468818e-10,0.0001122522952623498,1.262779688997598e-05,0
0.9992692001708987,2.3952311535848653e-09,4.422453365922192e-05,0.0006865729018831012,0
0.9815256870416573,5.5672173743509685e-11,2.1675285186623125e-05,0.018452637618355982,0
0.9247742149822707,4.017876622544612e-06,0.07354170549292639,0.0016800616490041916,0
0.4573225444360353,1.1034531153243736e-06,0.5413753100092727,0.0013010421028422658,2
0.1085712213151479,0.00014969460146722975,0.8859396879503522,0.0053393961314019,2
0.041341227283172126,0.009180540215007579,0.9213406022729651,0.028137630227164322,2
2.3906045177418553e-05,0.7262041276798785,0.10303683073475141,0.1707351355402,1
7.279421532649668e-08,0.9753088079404936,0.011213987789688353,0.013477131474772136,1
2.758572019523174e-10,0.9970162037860789,0.00014952709891562045,0.0028342688404288793,1
3.3126066005252415e-13,0.9994453678852292,2.611606361423826e-08,0.0005546059994588811,1
2.051764911896011e-14,0.9989027684868307,7.0307251790437286e-09,0.001097224481551712,1
1.3152671202103605e-14,0.9994741982726647,3.536619252072455e-09,0.0005257981908291263,1
1.4096508979451435e-13,0.9992631817892401,6.191967383913769e-08,0.0007367562919614337,1
2.9693954972242413e-14,0.9985595934830326,1.846717605673459e-08,0.0014403880511841588,1
3.052026177013691e-14,0.9995913081422344,6.23854463105924e-09,0.00040868562086002436,1
2.0816174342167844e-14,0.9990334098167306,1.1800310662598727e-08,0.0009665783839166861,1
2.5996576858021983e-15,0.9994336204076709,1.6508994987476517e-09,0.0005663779398031885,1
1.2542717220739258e-17,0.9996437496488002,2.4589541976951376e-13,0.00035625035256023764,1
4.512249961627964e-18,0.9997317820279847,1.0877549861663137e-13,0.00026821797245493175,1
3.4491746471098145e-19,0.999583035979022,4.083867444574631e-16,0.0004169640227011025,1
3.776293109194355e-19,0.9994449368712254,1.2632452609779604e-16,0.0005550631298642279,1
6.971592599887571e-20,0.9990275324177106,4.601639540698966e-17,0.0009724675816051071,1
9.136640519830382e-17,0.9996207964689369,3.19594736786642e-12,0.0003792035264413821,1
3.8257258701692875e-17,0.9997204083876858,7.733993364416723e-12,0.000279591605481266,1
4.3915362647700397e-17,0.9996864969758247,1.8072172306633351e-12,0.0003135030213961321,1
2.514207966019467e-18,0.9991072238403329,2.661632542490516e-13,0.0008927761581476298,1
1.4171853839455394e-17,0.999728202536012,3.796151568404558e-13,0.0002717974633899949,1
1.2729012414461509e-17,0.9997087949419053,4.101971679837475e-13,0.00029120505894148944,1
2.5119434590729714e-18,0.9993201671907762,5.852991830790939e-15,0.0006798328087665689,1
1.0265197133445502e-19,0.9984713801725305,8.272773472637912e-17,0.0015286198269845292,1
5.416890259002332e-19,0.9995980885100129,6.146884066052683e-17,0.00040191149160218563,1
1.6756731609233303e-20,0.9994063164956205,1.0048650745598944e-18,0.0005936835050655731,1
3.5708662672148466e-20,0.9993610432776149,1.563709724282283e-19,0.0006389567236810628,1
2.9771615763319965e-21,0.9975760647163923,6.99559329057341e-23,0.002423935285196455,1
3.933148378893269e-21,0.9977546805923674,9.024641024366295e-24,0.0022453194088342286,1
2.4462180168635183e-21,0.9974392712331803,1.3831103613869817e-23,0.0025607287651068034,1
7.418747218750033e-20,0.9972894262984032,2.834548157731856e-19,0.002710573702514327,1
1.0913161433633484e-19,0.9991203245650206,2.764571871222381e-20,0.0008796754366207244,1
2.040457323878683e-20,0.9974801491256295,4.95199998551974e-21,0.002519850872879197,1
1.0326484658028977e-20,0.9979663965839369,4.396352298145432e-21,0.0020336034146470304,1
2.7242445272419763e-18,0.9994320841242796,3.4415640400298514e-16,0.0005679158752476569,1
9.814452104274108e-19,0.9992594367555955,1.656632534338803e-16,0.0007405632448667939,1
6.815775739119559e-18,0.9982218766514204,9.442750594733109e-15,0.00177812334912423,1
1.116455076833059e-17,0.9992970416910113,8.068960895308636e-15,0.0007029583103132218,1
3.1450485984942487e-18,0.9987692327844339,3.535000847833059e-15,0.0012307672140077477,1
4.00987505700837e-18,0.9995383788098462,1.2824795848526511e-14,0.0004616211913680941,1
9.80769302987552e-18,0.999612879729131,1.363571865236363e-13,0.00038712027193216864,1
5.94593381611034e-17,0.9996691474002007,4.1557383913419977e-13,0.00033085259928354013,1
1.150415098305233e-17,0.9983525484451015,1.184832719824193e-13,0.0016474515563693708,1
8.628136455408456e-17,0.9995007471826443,2.8749428105523917e-13,0.0004992528152778871,1
2.5751179314682886e-16,0.9992583783902877,3.7826544630657966e-13,0.0007416216105380703,1
1.3234619715591834e-17,0.9946651263130978,3.1303622960971553e-13,0.005334873686262235,1
2.104706513236781e-16,0.9995817715092896,1.0996075284808774e-12,0.0004182284889669052,1
6.842861587071875e-16,0.9996252759364962,1.4375461593429482e-10,0.000374723919839543,1
1.883318831151718e-18,0.9992038539957663,4.018322000829808e-15,0.0007961460040745881,1
3.8399062227494644e-18,0.9996095478033573,3.2594152715866277e-15,0.00039045219808310207,1
1.3401393908503808e-18,0.9993533506553823,3.0632814948641677e-15,0.0006466493432051401,1
7.024521697665539e-16,0.9995277997289649,1.2114389123891678e-10,0.0004722001500481463,1
6.574560904854993e-16,0.99917422980345,2.717567274681407e-10,0.0008257699254156949,1
1.280724483450122e-15,0.9996540989342129,4.1447463424594126e-10,0.0003459006518363688,1
1.1991412154049114e-14,0.9995255631982607,2.2335723543956942e-08,0.0004744144673289338,1
9.691420534805416e-13,0.9994764020946676,3.2747102471910806e-07,0.0005232704327920912,1
2.5777465217427465e-10,0.9926911394560309,0.00020447010553730223,0.007104390180183272,1
2.024441771350923e-07,0.5735820353489296,0.3899836003182565,0.03643416188914659,2
4.368270060022493e-06,0.3879064493307698,0.5968792264616881,0.01520995593568266,2
1.328048711172676e-05,0.2483841837507483,0.7242724640351175,0.02733007172571656,2
8.905814899332783e-06,0.18955379708241596,0.8012472703176875,0.009190026784710656,2
1.200541950347635e-05,0.15494578062921818,0.8339324956729757,0.011109718276511034,2
5.3335656242348914e-06,0.13732799690066952,0.8607844946569057,0.0018821748769749622,2
4.44758735380266e-06,0.12826838024838713,0.8701269847529999,0.0016001874112310348,2
6.209717020175411e-06,0.11772767526460898,0.878159084967008,0.004107030051384199,2
7.041721104477603e-06,0.09687866342400535,0.9002490899881154,0.0028652048679186633,2
2.4441838540846066e-05,0.08408276754290366,0.9045976863627754,0.011295104256924694,2
0.00021516721704788725,0.047435151742202857,0.7863898000874904,0.1659598809538388,2
1.3038329214366651e-08,1.549063175964466e-10,2.452530181066348e-05,0.9999754615046497,3
5.4271640343885185e-05,0.01086675827044884,0.9295168673349123,0.05956210275565618,2
8.623725786698272e-06,0.004820795005551474,0.9915481288334059,0.0036224524345808747,2
8.032661513484749e-06,0.0008288600574235533,0.9988263647587563,0.00033674252299034147,2
2.0614528205269277e-05,0.00011583834639737412,0.9995901695826946,0.00027337754435901077,2
1.265794036953394e-05,2.3976315764176798e-05,0.9998580539085282,0.0001053118357451088,2
2.7133005858341413e-05,7.330123401655371e-06,0.999788681326322,0.00017685554496108533,2
2.9833435244282788e-05,6.448318490948521e-06,0.9998609903744071,0.00010272787201791905,2
5.779323760496347e-05,5.509025612588964e-06,0.9996196515844996,0.0003170461506320019,2
3.1225576998340864e-05,6.562680617648005e-06,0.9998770895998161,8.512214264960654e-05,2
2.2356723878466227e-05,5.584218808202542e-06,0.9999115664246504,6.049263194465881e-05,2
6.596779587468419e-05,3.71443809652871e-06,0.999831946639375,9.837112564164196e-05,2
4.6281150049948296e-05,3.496905983914281e-06,0.9998910032334024,5.92187106338795e-05,2
0.00010873372669173924,5.696871141740559e-06,0.9996900620692887,0.00019550733422769544,2
4.416479072532392e-05,9.082610175503298e-05,0.999207392616659,0.0006576164925009601,2
1.0639968191202611e-05,0.0016441490109909596,0.997328052471013,0.001017158551043915,2
2.296934213429477e-05,0.004577212883918656,0.9873787969294151,0.008021020843408947,2
0.00010651398918724088,0.009071572355078045,0.8590662893799609,0.13175562427624313,2
1.4292069249061467e-08,4.020677955409109e-09,0.00041749611224869737,0.9995824855752096,3
2.9427711744588503e-05,0.0011339516744023194,0.317476008941995,0.6813606116708981,3
9.134068390835569e-05,0.0024695658085667075,0.6846726972459225,0.312766396260721,2
5.128953546712065e-05,0.0007000921420555814,0.7272508280795935,0.27199779024465903,2
0.00011247676293960907,0.0006216239681425074,0.9455756353640306,0.05369026390535765,2
2.5021360335988986e-05,0.00010051983557164001,0.9985652965284417,0.0013091622746285547,2
1.2282319562851462e-05,2.9254028374022605e-05,0.9998322752828513,0.0001261883693315,2
1.0538260244931128e-05,2.595800137707235e-05,0.9998747268330044,8.877690490058833e-05,2
8.31034952344923e-06,6.8610769492599e-05,0.9997343581969312,0.00018872068523742767,2
0.0001214614686591129,2.6666326286798526e-06,0.9998149791008161,6.089279748745381e-05,2
0.00012428681028417603,1.9009281423801883e-06,0.9998277587506028,4.60535117857921e-05,2
0.00010501399389763378,2.4849056031572053e-06,0.9998359249451718,5.6576155163861165e-05,2
0.00013362184065495976,2.6661420728798046e-06,0.9996820502635427,0.00018166175467729015,2
7.44897233439328e-05,2.5196451892990174e-06,0.9998387919300628,8.419870149431794e-05,2
5.936677126723262e-05,4.418320360174097e-06,0.9998649574504445,7.125745823318886e-05,2
0.00026368930165567006,3.8813649361442e-06,0.9987100349703881,0.001022394364313543,2
0.0005287878830109764,1.8068330380835592e-06,0.9992855686030497,0.0001838366812323896,2
0.0003546156467685711,1.544482179154109e-06,0.99952585690208,0.00011798296998260943,2
0.00025732005621128146,2.109986231684592e-06,0.9996275685015825,0.00011300145602379957,2
0.0001242994795481584,1.5942609005523768e-06,0.9995328170180571,0.0003412892404175381,2
6.107747345566799e-05,2.8510400372514762e-06,0.999887467564242,4.860392395756806e-05,2
4.221747529232908e-05,3.6318218440055033e-06,0.9999058931689393,4.825753310699811e-05,2
2.8637303917830068e-05,4.294495996710408e-06,0.9999125519792085,5.4516221420877826e-05,2
2.3304021525352392e-05,1.0396308331115517e-05,0.9999058332134171,6.046645578728509e-05,2
8.014877277716888e-06,8.198007071022968e-05,0.9997057399488171,0.00020426510437461181,2
5.947966547553934e-06,0.00016858736217021595,0.9993876644746398,0.0004378001979585467,2
6.393198477433579e-06,0.000158194599919565,0.9995845434972586,0.0002508687046653403,2
7.944770864823082e-06,6.573963958829857e-05,0.9996811313299379,0.0002451842609660864,2
9.102010407411712e-06,7.110801427763242e-05,0.9997396513187662,0.00018013865481802068,2
1.2522449656109037e-05,5.248551064796528e-05,0.9997307422602756,0.00020424977925780871,2
0.00014102702959056874,3.7931145651658003e-06,0.999600024902463,0.00025515495272416963,2
0.00013579026967886886,2.109029864271987e-06,0.9997571922253335,0.00010490847369489163,2
9.290191716815152e-05,2.3357082729548597e-06,0.9998530963505505,5.166602381151117e-05,2
7.275230127421868e-05,2.216740415910728e-06,0.9998568470828905,6.818387571127285e-05,2
6.081739962636129e-05,2.473000321526048e-06,0.999856940161808,7.976943684794434e-05,2
5.586996361187875e-05,3.147516369682402e-06,0.9998851566518002,5.5825868771545265e-05,2
6.39685452289326e-05,1.1406930491241923e-05,0.9994380515766095,0.00048657294866440604,2
0.0003258807150807356,5.119100128453516e-06,0.9872819388745544,0.012387061311543799,2
4.419167413032563e-05,3.634320633772491e-05,0.9983928359266083,0.0015266291937190046,2
2.2222936790493432e-05,1.6540259724746556e-05,0.9997984526588096,0.00016278414452588645,2
2.1087087059408568e-05,1.6100034529351527e-05,0.9996973573867757,0.00026545549078129126,2
1.6964619317542385e-05,2.496980730682172e-05,0.9992354382940775,0.0007226272788038369,2
2.2639573310424496e-05,3.0771136777349694e-05,0.9984730569306499,0.0014735323580156723,2
1.2908081726875698e-05,3.5153520153086985e-05,0.9997222580426247,0.00022968035449305414,2
2.0745159530205247e-05,3.817352910483103e-05,0.9996130439348476,0.0003280373749951518,2
1.1071627533686027e-05,9.919735581146112e-05,0.9997608643455101,0.00012886667089357547,2
1.2512063927832801e-05,0.000869047324920952,0.9988450297781477,0.0002734108328284608,2
7.349365652467708e-06,0.0067795347164630836,0.9921836421752369,0.0010294737413645732,2
9.678468191775923e-06,0.011313147603958821,0.9875639401423087,0.0011132337864006127,2
6.773456099524511e-06,0.018297509798219536,0.9804392953164748,0.0012564214282781787,2
1.3631237820804339e-05,0.03456446404172729,0.9597689214050898,0.005652983314082858,2
9.154664828496284e-06,0.07619507852076379,0.9177964230176359,0.00599934379781605,2
8.231616009864257e-06,0.19867831396093608,0.7780383026211349,0.023275151801688494,2
4.870564707951471e-06,0.3460992146386301,0.6371013335127987,0.01679458128370712,2
3.6606380049570383e-06,0.5343853423748135,0.4490211960593125,0.01658980092847478,2
1.965826421759931e-06,0.7776330677842236,0.1920750529648918,0.030289913426077116,1
3.7469827985461394e-07,0.9330166088558023,0.04811532916485399,0.01886768727982214,1
3.2060273742192796e-08,0.9818762006754032,0.01189827387290668,0.006225493392654618,1
1.454314436057174e-08,0.9945283629296056,0.004029414771871556,0.0014422077568112476,1
7.964503470384732e-09,0.9975160532704803,0.001407009630672309,0.0010769291350095959,1
1.2931667814845366e-09,0.9974486936271388,0.0003813692238361355,0.0021699358571410426,1
2.2671248080425657e-11,0.9992735037994228,7.670368931909544e-06,0.0007188258096679616,1
3.771437350886499e-12,0.9993449885208092,2.237043002404474e-06,0.0006527744306525707,1
1.2855621685949194e-11,0.9981820710582398,9.044831549834928e-07,0.0018170244469013293,1
1.3811722245230088e-10,0.949647891154088,6.957864284440183e-06,0.05034515084273268,1
1.994895743018019e-14,0.0002357712413933031,2.2824448304368907e-11,0.9997642287350387,3
1.3656208677169973e-08,0.09228725906789477,5.023925895692464e-06,0.9077077033500102,3
2.4434308006532026e-10,0.018329842748531663,1.2115981863277772e-07,0.9816700358484707,3
5.691727469649834e-11,0.005885022307880964,6.714292052169336e-08,0.9941149104908832,3
1.2770273879754335e-09,0.12086366648315945,1.1629087031139404e-06,0.8791351693322083,3
3.089997233555759e-10,0.6414706578911844,3.326478422532982e-06,0.35852601532034895,1
8.199792281649416e-10,0.9778819557164098,6.444323903947666e-06,0.022111599137984616,1
1.621423770980453e-09,0.9931739103044258,1.4851572426765462e-05,0.0068112365003496975,1
1.7976164871513104e-10,0.9906007836817985,1.8467001432246514e-05,0.009380749136734399,1
1.6329110524518142e-09,0.9906184794423907,5.1830567532702085e-05,0.009329688355457244,1
5.563404406288862e-09,0.9672659154345487,0.00012389267161997286,0.03261018633000782,1
2.6679086899173266e-10,0.8140764506513724,1.1188262009586846e-05,0.18591236082151957,1
1.2121709601026122e-07,0.9800262955204075,0.0031625091556129947,0.016811074106675372,1
1.419953246252736e-07,0.9736904920683305,0.008928073147291554,0.017381292788621237,1
4.5924344270222813e-07,0.852028059856905,0.01968571546940953,0.12828576543110154,1
1.1400255386461023e-06,0.8590615915320294,0.02680387021501324,0.11413339822847819,1
1.1892197766524408e-06,0.9352709378524093,0.03240368928499614,0.032324183644109265,1
1.856386571699447e-06,0.9237386239117072,0.024897202652121548,0.05136231704921014,1
7.213199886160465e-08,0.7934424227212422,0.002972524615546648,0.20358498053184848,1
2.3776493097197622e-08,0.9707240108561478,0.0012097379390304253,0.02806622742695106,1
6.401673146465981e-09,0.9963850093451699,0.00041441395395132557,0.003200570298837981,1
2.01583599249987e-09,0.9960524950983103,9.63460049926678e-05,0.0038511568809399804,1
4.946774256365799e-10,0.9943124020948512,4.435589835584358e-05,0.005643241512595016,1
2.5643003850556524e-10,0.996867358055489,1.2414226610414983e-05,0.003120227462512203,1
7.690866282066637e-10,0.9955525975256971,5.9733770425676786e-05,0.00438766793427476,1
4.383886468523479e-12,0.9938243643672112,1.993213152405769e-06,0.006173642413950001,1
8.208777959372946e-12,0.9987742058864766,2.015529241709925e-06,0.0012237785756890795,1
2.4517207053625816e-12,0.9991397995058251,1.6051585397775578e-06,0.0008585953342510238,1
8.711027521836666e-14,0.9993038302638012,9.245000095494071e-08,0.0006960772875480684,1
1.7238739683709802e-13,0.9992038341227707,1.408376241177872e-07,0.0007960250404811619,1
3.262257818179679e-13,0.9993974240054447,3.3392605627961877e-07,0.0006022420676816525,1
1.3498215263074214e-13,0.9993960266172738,4.4878702653019746e-07,0.0006035245939456812,1
3.055203163772943e-13,0.9995462009423571,5.424266214239764e-07,0.00045325663000113603,1
1.0873756124626543e-12,0.9992451543222957,1.5414306361065683e-06,0.0007533042473157316,1
1.982486594390409e-12,0.9987026042779227,1.7803731877904172e-06,0.0012956153485063728,1
3.510305676932718e-13,0.9990462461333814,3.160108789240941e-07,0.000953437854622013,1
6.541025524351781e-13,0.9995152289666375,6.079629476442709e-07,0.00048416307093934865,1
8.417230960563733e-13,0.9993728215799206,2.173295065658468e-06,0.0006250051233118107,1
1.3545522310363402e-12,0.9991316764537028,2.343823285992799e-06,0.0008659797223256659,1
1.5380236504480052e-12,0.9992888449289572,1.567345509432263e-06,0.0007095877254807256,1
3.677884539218265e-13,0.9992452223920302,6.638962237657626e-07,0.0007541137110817743,1
2.3718242820463614e-12,0.9994807170838661,9.763382962329718e-07,0.0005183065737814413,1
4.706074015329282e-14,0.9972168149106734,3.4317428753715234e-08,0.002783150772818092,1
8.372117044213054e-13,0.9993619846362112,4.904727924385183e-07,0.0006375248898970576,1
1.569928220265751e-13,0.9994171670818661,1.845319491505645e-07,0.0005826483844963401,1
4.661898865410033e-13,0.9995483453926711,6.43954152938976e-07,0.00045101065283388277,1
5.570363777001656e-13,0.9989942670058568,6.73220518709737e-07,0.001005059771834771,1
2.1209909021822223e-11,0.9983900953560354,1.9354595221931636e-06,0.001607969162913917,1
4.613173165910688e-13,0.9904448176563923,1.3495427230527066e-07,0.009555047387671151,1
2.2671879189707886e-11,0.9989243864087929,2.6404678194702784e-06,0.001072973099332898,1
1.880427417356029e-11,0.9987961204891561,1.1998285786070162e-05,0.0011918812069775732,1
1.2699245944951318e-10,0.9974938903034309,5.620781811441312e-05,0.0024499017529442213,1
4.0613775369643365e-10,0.9981307031892912,0.00011166869059079709,0.0017576277128676548,1
3.672490489600029e-10,0.9979652004717219,0.00011015608560053964,0.0019246430749352307,1
7.810933227872822e-12,0.9988050448047064,6.2950342226421566e-06,0.001188660153399208,1
1.958957264608684e-12,0.9993286848712999,1.3348477351457578e-06,0.0006699802783489015,1
1.4897511113465488e-12,0.9993079652142725,2.559641510788784e-06,0.0006894751422129739,1
2.3852071383442053e-12,0.9992280767375735,4.0858825014830215e-06,0.000767837378431485,1
3.44952608654131e-12,0.9992529800056064,4.028297196269364e-06,0.0007429916935333661,1
1.3474330918185232e-12,0.9992418967228834,2.0966586437595876e-06,0.0007560066176384818,1
8.093589772917967e-13,0.9994869272679674,1.1758922125389137e-06,0.0005118968380713897,1
4.927457875649763e-12,0.9993267876465249,2.6947465724746037e-06,0.00067051760305337,1
4.0640013592761856e-12,0.9968015235441375,9.855498385598167e-07,0.0031974909018995475,1
2.8336988970255733e-12,0.9961809709495622,2.8887640889760343e-06,0.0038161402852320324,1
1.3865605327040624e-11,0.9992847651299237,3.0465254728898645e-06,0.0007121883316486521,1
1.8408680948872298e-11,0.998565081305635,5.015705103765288e-06,0.0014299029720806393,1
5.356419460095597e-11,0.9965736231082691,6.871705550521726e-06,0.0034195051334176404,1
1.0377712118126385e-11,0.9963095112489923,2.7510002625514425e-06,0.003687737739091841,1
6.883232042284314e-12,0.9981933338046411,5.919259005314534e-07,0.0018060742609887746,1
3.0743203264227942e-12,0.9987522144850003,2.3431870934753243e-07,0.0012475511947842666,1
5.7087136724767944e-11,0.9967478433012724,2.2000683003147868e-06,0.00324995657176941,1
2.484331784135457e-10,0.9345766776161876,1.3181799649099803e-05,0.06541014033427549,1
6.962736724119176e-08,0.7966472169175819,0.0008817690403147487,0.2024709444151996,1
9.767813375956281e-07,0.04900329905478342,0.0065224561774570354,0.944473267988189,3
3.006189081092781e-05,0.05955514503490423,0.7838151548359384,0.15659963823793285,2
1.351549013014104e-05,0.0303307108872908,0.9405822902096328,0.029073483412448867,2
7.291922253025961e-06,0.01161860829482305,0.9854262538939123,0.002947845889347286,2
6.423879844389348e-06,0.004243408900241783,0.9952399171454097,0.0005102500751123754,2
9.852655263033005e-06,0.0015145310115203291,0.998004696974398,0.000470919359898157,2
1.221225199444828e-05,0.0002637502231631255,0.999567444104755,0.00015659342181707737,2
1.0116057256265216e-05,7.243224765545075e-05,0.9998063121263373,0.00011113956971154612,2
1.9002426844035942e-05,1.6903666905998044e-05,0.9998690831264071,9.501078015550908e-05,2
2.4966514408704816e-05,9.190797985942372e-06,0.9998744142897964,9.142839836139058e-05,2
4.1324989842153724e-05,5.234840128043102e-06,0.999384490927035,0.0005689492424931447,2
0.000541065242456111,1.1472661068643998e-06,0.9985968747269471,0.0008609127639173796,2
0.00023325374149861928,2.1395139655291273e-06,0.9996801568266394,8.444991822654599e-05,2
0.00041531412246032304,1.9698214202507497e-06,0.9992939724838865,0.00028874357084594966,2
0.0003622982426224174,1.6907580138700204e-06,0.9995749273818901,6.108361731736741e-05,2
0.0005024252107930299,3.61269792878366e-06,0.999348497124222,0.00014546496790144694,2
0.0028277068117741402,2.188775115743135e-06,0.9969484616503398,0.00022164276235727188,2
0.02221606634516053,3.684357479909705e-06,0.9774046720069799,0.0003755772915665656,2
0.07576421366335015,4.810183742061098e-05,0.9209765926911222,0.0032110918084893906,2
0.26710665016317725,1.102431025288679e-07,0.5350155689157475,0.1978776706785702,2
0.3034561729522842,3.654751738654631e-05,0.6914780028600767,0.005029276670707342,2
0.3236984344557248,1.9050990211897287e-06,0.6753773713404163,0.0009222891037050925,2
0.3545927078343554,9.326307468735076e-07,0.6453219058853069,8.445365039861435e-05,2
0.4542706962018141,3.8498859446632016e-07,0.5455939991271511,0.00013491968101045568,2
0.8004073483344928,5.737120245289571e-08,0.19928818988577798,0.00030440440728184414,0
0.9422561353909953,5.394133927128084e-08,0.05765985161247006,8.395905687978021e-05,0
0.9911775224681774,3.106546602623858e-10,0.008489206897189424,0.00033327032493908615,0
0.9998479935892802,1.6601033155572102e-11,0.00014639850286476229,5.607891562040046e-06,0
0.9999878057367363,3.7583727243131504e-13,1.1183089771181355e-05,1.0111726789420598e-06,0
0.9999919346080443,3.3159131703114425e-14,6.7676559535969204e-06,1.297736021048371e-06,0
0.9999768258087417,1.5738092160941354e-13,2.2124477342506648e-05,1.0497148756571793e-06,0
0.9999742102060338,2.5086679202963294e-13,2.4083574406962177e-05,1.7062182250990751e-06,0
0.9999677120259912,1.2703832069234225e-12,3.1026354332198704e-05,1.2616192951618666e-06,0
0.9999767316091059,1.593669872803916e-13,1.1887243208911797e-05,1.1381146326654988e-05,0
0.9999885124639588,2.757325952701028e-13,1.0212194783722077e-05,1.2753394650055728e-06,0
0.9999900479983348,1.2174457633678646e-13,9.186826927527645e-06,7.651739261359995e-07,0
0.9999921636533688,1.00911804533617e-14,3.7324539244147785e-06,4.10389171412493e-06,0
0.9999934419280582,7.291867251121306e-14,5.3378627556858255e-06,1.2202091171846196e-06,0
0.9999975766943211,4.2222489430869765e-15,1.0274791910618973e-06,1.3958259835026742e-06,0
0.9999987800809487,1.2565098250284031e-15,4.054223684789293e-07,8.144984784302895e-07,0
0.999998894226039,6.004271556558968e-16,3.280738063244067e-07,7.777017382341269e-07,0
0.9999995892104314,3.0020078877509005e-16,6.658639958938795e-08,3.442040466820604e-07,0
0.9999994236752014,2.070798926503757e-17,1.470439773266712e-08,5.616210263204793e-07,0
0.999999742205579,1.2086149235681194e-16,3.000665019639275e-08,2.277868173721509e-07,0
0.9999994746032387,5.414093067294854e-18,2.84363925191433e-09,5.225515107576936e-07,0
0.9999996865081394,2.2781374838352163e-17,3.462452283883232e-09,3.100311739026421e-07,0
0.9999996104234774,1.5890944684423634e-17,3.5179828311613656e-09,3.8605975694278464e-07,0
0.9999996023726334,1.405914429304202e-16,6.268953689378464e-09,3.913570745163521e-07,0
0.9999984043837682,1.2299840270086333e-17,4.372226436553436e-09,1.5912425874667665e-06,0
0.9999996840088488,1.2230011895292378e-16,1.8634576048736342e-08,2.973558068622586e-07,0
0.9999996405495686,3.9332412521968574e-17,3.192700588087028e-08,3.275229255607128e-07,0
0.9999996702136376,2.7136898547104805e-17,1.4869040427155337e-08,3.1491700313787886e-07,0
0.9999996530314694,2.359697045503449e-17,8.78054586363375e-09,3.3818914205174566e-07,0
0.999999622061367,3.77567366156621e-18,1.6394792060372945e-09,3.7629922488133163e-07,0
0.9999998257226405,2.4583013819223598e-17,1.3742255817070339e-09,1.7290483571651278e-07,0
0.9999992478263366,3.0486389321076275e-18,1.163477497396068e-09,7.510085859553768e-07,0
0.9999997471968847,2.5903865608782264e-17,3.5110516690096704e-09,2.492915369838774e-07,0
0.9999997406194207,2.116718942165293e-17,1.8253132277098415e-08,2.411258846609796e-07,0
0.9999997182713228,1.5442314655694105e-17,7.864567360038698e-09,2.7386359199986103e-07,0
0.9999996556799171,7.504288198643328e-17,2.501434508522272e-08,3.1930697799480384e-07,0
0.999999048301559,4.8261383664345814e-17,1.8613386076749457e-08,9.330837101229422e-07,0
0.9999995194704088,7.714681823217407e-16,1.794525189043651e-07,3.0107537224805316e-07,0
0.9999991412300054,5.476982701336515e-16,1.6590970789978055e-07,6.928607311736992e-07,0
0.9999985112710587,6.901252041818367e-17,9.130665219976975e-10,1.4878159896794732e-06,0
0.9999973832452855,1.2842038830833997e-15,2.786458987948985e-08,2.588889670857594e-06,0
0.9999987374002343,3.8943582115392984e-16,4.1042548015588305e-08,1.2215585164625604e-06,0
0.9999997847117134,1.4578448319830434e-16,3.956850803574402e-09,2.1133132568324935e-07,0
0.9999989453177582,1.0860284008943842e-16,1.0231927653295423e-07,9.523630139580815e-07,0
0.9999990341862147,7.541038029448276e-16,3.6019243926508537e-07,6.056215494577039e-07,0
0.9999992983068938,3.3479399396935316e-16,1.0516952609616031e-07,5.965220937254711e-07,0
0.9999994185456543,7.402050881463415e-17,3.8601357384530175e-08,5.428524534213162e-07,0
0.9999997342784253,4.471550407138407e-16,2.5819369017433304e-08,2.399032787918218e-07,0
0.9999978566907207,8.871304041693588e-17,2.4603255287370192e-08,2.118704601229107e-06,0
0.9999989214999363,8.944077115911487e-16,7.77439642143912e-08,1.0007543186473391e-06,0
0.9999992378182645,3.713231026641426e-15,1.289946615748418e-07,6.331878666316254e-07,0
0.999995179249505,4.223428380425957e-17,3.0446661167325194e-08,4.790303695184821e-06,0
0.9999993463936652,4.3522334590199464e-16,6.333634301480582e-09,6.472744988679643e-07,0
0.9999991515509425,1.3869644967731077e-16,3.296034499288896e-08,8.154890222755737e-07,0
0.9999990750879718,4.5242167788308235e-16,2.1659863549261956e-07,7.083146751009975e-07,0
0.9999989047434241,1.1562184226570849e-15,4.6875111386737886e-07,6.265070283787344e-07,0
0.9999974588677559,8.008336430112692e-15,1.5569402702850565e-06,9.841911757030654e-07,0
0.9999883229747515,1.9883333172103168e-12,9.850561324525387e-06,1.8264631238724934e-06,0
0.999897467296208,1.0639365241815404e-15,8.764176349262928e-08,0.00010244506202547961,0
0.9999890525813375,1.8747765949637624e-12,4.191043690931357e-06,6.756374241834562e-06,0
0.9999952709261332,2.4737876621922524e-14,1.795026390775742e-06,2.934047354476328e-06,0
0.9999984119143723,5.0894360574457935e-14,9.095362444637557e-07,6.785477259298683e-07,0
0.9999918917530005,1.867692890058915e-15,5.953988145318738e-07,7.512847518754593e-06,0
0.9999906336708858,1.462334277548556e-12,8.277096774417289e-06,1.089229110459228e-06,0
0.999980243969342,6.740612024674504e-14,6.853995578963364e-06,1.2902035826311035e-05,0
0.9999833344742827,7.0795593371181085e-12,1.3493055635216826e-05,3.1724638502985855e-06,0
0.999378073936325,9.925121750251215e-11,0.0006069194445066418,1.5006518818962947e-05,0
0.988372676118645,4.309797131295638e-09,0.011389035497161132,0.00023828407565517942,0
0.8410064774848252,3.4132735120669674e-08,0.1458107990539537,0.013182689328567204,0
0.1887906820147913,4.4061926335150444e-06,0.8097937097053414,0.0014112020881058849,2
0.025875321582898327,4.0835351544344315e-06,0.9734447571044769,0.0006758377763740831,2
0.0031943829168136445,2.4584432172105135e-06,0.996722822160293,8.033647926971067e-05,2
0.0003765331920332978,2.0148877613833772e-06,0.9989010132689685,0.000720438652587141,2
0.00012671039883695948,4.525729837052011e-06,0.9996745553176934,0.00019420855487640662,2
6.459893950791303e-05,3.815185036643738e-06,0.9993328996631722,0.0005986862126307583,2
4.4425530809108604e-05,1.1656544130809061e-05,0.9995541555976436,0.0003897623263396513,2
3.737666781346861e-05,1.101188686486041e-05,0.9997778432629787,0.00017376818403372026,2
9.049184679397966e-05,7.204004836109328e-05,0.9978126262919902,0.002024841812799058,2
6.798895548520868e-05,1.8412107244268346e-05,0.9003988356310709,0.09951476330583128,2
0.00010573567376354824,4.81248015363151e-05,0.9983338322660448,0.0015123072579942825,2
6.471381854305071e-05,5.577073999866513e-06,0.9998173572032126,0.00011235190405746677,2
5.5758181104969567e-05,1.1358502505260872e-05,0.9987751723086314,0.0011577110080676284,2
5.923088463297197e-05,2.6087108546617884e-06,0.995513324548723,0.004424835854962811,2
2.414338027903691e-05,2.052819441170427e-05,0.9995973203798032,0.0003580080470599575,2
6.579287478095179e-05,3.0460558943782902e-06,0.993543538094235,0.0063876229766364106,2
2.1665682359488964e-05,1.857566842941725e-05,0.9997496389594787,0.00021011968890979682,2
1.732170237506757e-05,8.282070093746916e-06,0.9996838990474102,0.00029049717834897027,2
3.844938994143806e-05,1.2116997857275596e-05,0.999571909878474,0.0003775237339886437,2
2.156268781414004e-05,1.197840924628469e-05,0.9998203550531011,0.00014610385012862022,2
3.443265066204267e-05,9.14218842810029e-06,0.9996336697932334,0.0003227553694686828,2
0.0007796728992046104,1.260225680218244e-06,0.9986621051148109,0.0005569617594332767,2
0.001117294218523102,1.5567423304527881e-06,0.9985410642539562,0.00034008478515971176,2
0.0009717811442259171,1.2581364732645594e-06,0.9987867279412161,0.00024023277851268867,2
0.000898961664512615,1.8732325175222128e-06,0.9988989086803254,0.00020025642226152322,2
0.0008184532793669426,1.5704643418742402e-06,0.9989804009429959,0.00019957531375956421,2
0.0011296225153879522,1.36399127251972e-06,0.99877387314336,9.514034889633805e-05,2
0.0008283899350655261,1.721616685924931e-06,0.9990837855784522,8.610286995006226e-05,2
0.001370172522852882,1.9349775692506366e-06,0.9982363216245497,0.0003915708750333716,2
0.0010756136160229638,1.6961543840089263e-06,0.998855339383741,6.735084730220451e-05,2
0.0014451750033675252,3.116209219530059e-06,0.9983174210159271,0.00023428776982610056,2
0.003039496859514496,3.2507860448849153e-06,0.9896516640095608,0.007305588344353443,2
0.00959496599785208,4.68734029759344e-06,0.9900548680763477,0.00034547858625136443,2
0.036586597139669955,1.459858363807202e-06,0.9629795277650357,0.0004324152363079613,2
0.1276888301124863,1.3371810590770138e-06,0.8721153891532522,0.00019444355181644644,2
0.3392978948915056,6.717850221547151e-07,0.6595331309514066,0.001168302372809107,2
0.5289024874264553,8.008344382937377e-08,0.47075579248267835,0.0003416400091648564,2
0.9551152453046219,3.366619655124076e-08,0.044763200654480265,0.00012152037309020926,0
0.9914157252899295,3.370368020489533e-09,0.008424270819566917,0.0001600005193019354,0
0.9979763953582881,9.321012166708005e-10,0.002016178419357964,7.425290629624923e-06,0
0.9994891739333547,1.959505474993122e-10,0.0005055848286850388,5.241040309751676e-06,0
0.9995114838392428,1.1629749934474737e-10,0.00048018481399255444,8.331230351231781e-06,0
0.9993664214136881,2.063115688412006e-10,0.0006296615696746694,3.9168106977404945e-06,0
0.9992052793235147,1.9676649086657937e-10,0.0007902215845299887,4.498894424050132e-06,0
0.9992935919655634,2.4947363020218577e-11,0.0006990788938994343,7.329115719657373e-06,0
0.9999618183623852,4.238565651944906e-12,3.705841772226153e-05,1.123216087563902e-06,0
0.9999571219912177,2.971293149247346e-13,4.0291053381349137e-05,2.5869544902335963e-06,0
0.9999972941223179,1.8223337398589768e-14,5.644275118061285e-07,2.1414518798072302e-06,0
0.9999894975632189,1.302807834759664e-13,9.398171976482389e-06,1.1042651356199722e-06,0
0.9999653681146579,2.834642665768662e-13,3.3346660736849507e-05,1.2852251081058169e-06,0
0.9999597529991023,4.588059916342628e-13,3.8545101965153536e-05,1.7018985160424195e-06,0
0.9999586338715237,3.440427218361811e-13,3.9884337862845157e-05,1.4817895388888509e-06,0
0.9999862552611918,3.8861447074780895e-13,1.2046225771125605e-05,1.6985120999451914e-06,0
0.9999914859434753,1.8373173438197113e-14,2.0880451277125627e-06,6.426011273951196e-06,0
0.9999876703073599,1.4260030561552332e-12,1.1064181538775509e-05,1.265509914094564e-06,0
0.9999656756769716,5.06221032273768e-13,2.4397219767795288e-05,9.92710421339512e-06,0
0.999900857128593,1.396584162062254e-10,7.843869020483928e-05,2.0704042944413183e-05,0
0.999290215643409,2.079904583412131e-10,0.0002999527284894391,0.0004098314187267625,0
0.9948817954700393,3.556334042681983e-09,0.0032498879805072066,0.0018683129919704411,0
0.8932726891936371,3.9759468865814546e-07,0.10646502436631244,0.00026188884674996945,0
0.8027032575614338,1.485864567961586e-07,0.1969498957994568,0.000346698054123326,0
0.5357205355912209,1.1893625631123401e-06,0.46303056577898105,0.001247709267193137,0
0.09488974082297225,0.0001304002949220047,0.8717052586690308,0.033274600211557814,2
0.00937090076294191,0.00030093556642207255,0.6329295522705123,0.3573986113990297,2
0.0002720814259935089,0.0003365174342019296,0.3753301138472417,0.624061287292387,3
0.00010452486888008621,0.0016199152820980667,0.25937212122278636,0.7389034386258527,3
5.416265973740319e-10,2.3747325838898898e-11,3.077788049476971e-07,0.9999996916558778,3
1.6651055417883063e-06,0.0034603255242411273,0.012545903769380756,0.9839921056024051,3
3.067003406774373e-05,0.0135422286959443,0.0322566647105058,0.9541704365585192,3
6.686923553810384e-11,8.344275457814309e-11,2.770869497078146e-09,0.999999997078703,3
1.795200010555406e-07,0.000205003736006536,4.792651973360771e-05,0.9997468902236577,3
4.861490606369172e-07,0.0007896337740233019,0.00027068184862619464,0.9989391982292428,3
6.150106584937531e-17,8.395607730905456e-17,4.9984389250633765e-15,1.0,3
1.6867100003228787e-06,0.03170798635203084,0.00372949626841267,0.9645608306712918,3
8.772069790777071e-07,0.03363820076454342,0.0021639058295494476,0.964197016198576,3
2.59429890131398e-07,0.04190067041830232,0.000867146066200891,0.95723192408678,3
2.357374058629532e-06,0.05401022680529292,0.01079728389808151,0.9351901319240014,3
3.488050129833727e-06,0.06740406625168972,0.03753083382009937,0.8950616118762628,3
1.0389137220334238e-06,0.033831194579629395,0.04069577600139085,0.9254719905056789,3
2.244624861901888e-05,0.15084729567709335,0.08666516661777668,0.7624650914571114,3
1.11425377391514e-06,0.04164995114746759,0.024363434970706734,0.933985499627779,3
5.3567681242296206e-06,0.4735547939905073,0.07117469996602717,0.45526514927494605,3
1.0934144176071226e-05,0.5245153662654735,0.07580370495816592,0.39966999463310326,3
6.462065797659288e-07,0.1326661770147308,0.002840048112386147,0.8644931286656662,3
4.1413122036487896e-09,1.7738705202631427e-05,1.1472445770900195e-06,0.9999811099079806,3
6.712611962614998e-07,0.0017083838655086805,0.00010191673311338074,0.9981890281391257,3
4.800938759371865e-10,2.55135808485907e-05,3.3593332855437355e-06,0.9999711266048738,3
7.083167334350029e-07,0.03879218932427246,0.00820930992315061,0.9529977924346131,3
1.0985348042462945e-05,0.0266121271145263,0.017782612968812454,0.9555942745685816,3
4.906544830149316e-07,0.019599041633241193,0.0013121997064750573,0.9790882680064298,3
3.432159463029194e-08,0.07751122978314526,0.0001620052566565604,0.9223267306383282,3
4.6336859578897234e-08,0.8039152820902977,9.744390715433922e-05,0.1959872276662109,1
5.779206981400665e-08,0.8297421632254953,0.00010213179140363665,0.1701556471900334,1
1.198640954761242e-09,0.25934396403669946,1.6934073479894582e-06,0.7406543413580047,3
1.0417747633034994e-11,0.002254797957533226,6.284805704611852e-08,0.9977451391841144,3
1.2661300652200366e-08,0.9011569260710749,5.362158190784474e-05,0.09878943968512559,1
1.829987619373844e-10,0.9284260462666377,2.2736604299141095e-07,0.07157372618371287,1
4.5636195874176927e-10,0.9577421148894634,2.2491342775761278e-07,0.04225765974153766,1
1.7713996520162737e-11,0.7173642263757498,7.274095906036955e-08,0.2826357008670705,1
5.735578302496887e-11,0.6551468758325958,3.464449265674066e-08,0.34485308946704996,1
1.66643538845293e-13,0.9667869743712142,9.197696978852952e-11,0.033213025535753615,1
7.967701556988046e-13,0.9970055642554632,4.0869455250725094e-10,0.0029944353366679927,1
3.3486841183723875e-11,0.9936826768341627,2.836576882735937e-07,0.00631703947342667,1
2.3315725890990483e-10,0.970595806988788,3.4800080468537244e-06,0.029400712771152523,1
7.963494224937394e-10,0.3178506702004361,1.7250494293768018e-05,0.6821320785094025,3
1.0779459510552533e-09,0.036906384386252204,3.982733955759776e-06,0.9630896318023628,3
2.0278606051334663e-07,0.0033241678095032113,7.25586487211142e-05,0.9966030707561337,3
1.9440253881164395e-07,0.020192550458232914,0.0005685835719292132,0.9792386715670449,3
1.068893696294522e-05,0.15515396149162336,0.016482995624681987,0.8283523539450677,3
1.5817972804220746e-07,0.08649533384857501,0.0013526328559526758,0.9121518751169053,3
6.80620459788735e-07,0.15996981489109605,0.000593577663330294,0.8394359268260914,3
1.7749579004548567e-07,0.0783837243894425,0.0001279913471904014,0.9214881067664609,3
1.0695830563036997e-06,0.07686344380202136,0.0014379004401121128,0.9216975861765869,3
7.324182683970126e-09,0.048132417254075306,1.5563691351783422e-05,0.9518520117294182,3
3.560992216060383e-07,0.3135574583581327,0.0013563510276298019,0.6850858345166745,3
1.4693673925639332e-07,0.4048958133921734,0.005440692971666484,0.5896633466981093,3
3.004648919282286e-06,0.7236672354034517,0.08722788859521304,0.18910187135095002,1
2.569499433216777e-06,0.7449943548236257,0.14687339724736148,0.10812967842979296,1
5.011670807955385e-06,0.7188819961855113,0.25467947134313185,0.026433520801451123,1
3.2635495880051792e-06,0.681711119988865,0.2724759061061129,0.0458097103537039,1
6.581549025938192e-06,0.6754194975794979,0.26930955541668616,0.05526436545497167,1
8.057266317465406e-06,0.6657823090569109,0.23332695158336084,0.10088268209437308,1
1.4304588382291352e-05,0.5803817133404301,0.09706692486306898,0.32253705720910597,1
5.6954454355489174e-08,0.12843109235281827,0.005066703596438091,0.866502147094522,3
4.421953107230897e-07,0.8451856487777548,0.005026879203768813,0.14978702982328684,1
1.1646748138783736e-07,0.9340716983202805,0.0014806892341895806,0.06444749597640212,1
6.675624803218047e-08,0.9519356801924961,0.0004392424931518253,0.0476250105593237,1
1.7247366841749248e-08,0.9446084263832276,7.020327932995032e-05,0.055321353089488406,1
2.607501320243509e-08,0.7701489885350039,0.0001252664060150528,0.22972571898283078,1
9.913651817182844e-10,0.00012618278191028768,6.610528103267918e-08,0.999873750122163,3
2.7810260169999775e-21,4.734385900758083e-25,4.908165247462512e-25,1.0,3
5.896024024717825e-08,0.04167072658116424,3.409084770106603e-05,0.9582951236121082,3
9.339326630792524e-10,0.0002898439369874989,2.631180458919473e-07,0.9997098920119732,3
2.972229127175796e-07,0.015508257977818777,0.0008754827296616615,0.9836159620705005,3
4.623850893397745e-07,0.008551289922653199,0.0023739644495490257,0.9890742832420276,3
2.293546578751489e-06,0.002042261217736678,0.046725090251756723,0.9512303549855956,3
0.00010718967122386002,0.0012079464943431915,0.9653130091513997,0.03337185468224089,2
2.1184546091624712e-05,0.00017105022628251785,0.9986042171851849,0.001203548041006022,2
2.6943590518093825e-05,3.0258870071326084e-05,0.9988276848679932,0.0011151126731350515,2
0.00024571911923088546,3.305996004390885e-05,0.999273659213677,0.0004475617086717106,2
0.00728917773442737,1.618466000275615e-05,0.9907704018974474,0.001924235706360437,2
0.18718159383876268,4.929346128182294e-06,0.8073725369477879,0.005440939867297096,2
0.6592040544583001,6.209301987982253e-08,0.32123141946167333,0.019564463985720204,0
0.9809743727871325,6.397645544886044e-10,0.017547148378051595,0.0014784781961402454,0
0.9999866528759753,3.307374440279965e-12,8.015208625841932e-06,5.331911888879168e-06,0
0.9999985987243049,1.5380726513110463e-13,2.3169406172138995e-07,1.1695809397188197e-06,0
0.9999741748385167,1.261662493526133e-13,1.520844861647468e-07,2.567307809786681e-05,0
0.9998814840532728,1.056893299267788e-09,1.827117588915005e-06,0.00011668777073337778,0
0.9466023946208816,1.8551820183089889e-16,3.158539031176703e-08,0.05339757379525938,0
0.9996148958385606,5.763402756082295e-10,1.0391731967051864e-06,0.000384064413500315,0
0.9999563346575352,6.928814779050447e-14,5.7778478660117965e-08,4.360756457291661e-05,0
0.999999054649826,8.766870642118559e-14,1.2833112517705145e-07,8.17020202609877e-07,0
0.9999973395059818,4.880589368242047e-16,1.6135846153375626e-07,2.4991367191730876e-06,0
0.9999993380226815,4.0554677027264816e-15,1.608233319964362e-07,5.011523613202733e-07,0
0.9999985855184604,1.836299418602505e-16,1.9170754718635234e-07,1.222773978242556e-06,0
0.9999996894803671,1.5262110524425081e-16,7.172778517298328e-09,3.0334613695932356e-07,0
0.9999990527617167,2.3694486864511406e-16,4.963343333785664e-08,8.976062332624511e-07,0
0.9999967419115234,4.0653642020689417e-13,1.027501969886858e-07,3.1553387284973515e-06,0
0.9994090021042042,1.4505470523490621e-16,6.870680098734681e-08,0.0005909291899439759,0
0.99999536526212,1.3410727051816316e-12,2.1522564946466628e-08,4.6132130874599455e-06,0
0.9999768941829711,6.788716399451008e-12,1.501519238080899e-05,8.090616570724747e-06,0
0.9998694366880785,2.0511316919350706e-10,7.714840123716357e-05,5.341470420322892e-05,0
0.9992775748748974,3.2950494977604585e-12,1.3119325359911338e-05,0.0007093057978252736,0
0.9991918938282096,4.305561157434899e-09,0.0005326272556672608,0.0002754746088378301,0
0.9996642375039279,6.024247145811422e-09,0.0003109608187655357,2.4795652057371116e-05,0
0.9967663382177027,1.1955001581708447e-08,0.0029240431198884766,0.0003096067058738226,0
0.9831078753220572,9.773732792698398e-07,0.012264654302469402,0.004626493002626874,0
0.8993382380635065,5.022150091150091e-07,0.0028364483699800332,0.09782481135086561,0
0.75969937585959,1.881172146742148e-09,0.00010875200565218502,0.24019187025482513,0
0.7657444654823556,4.355638796781011e-06,0.016168426938061607,0.21808275194168064,0
0.7227973950956299,8.158107594369296e-05,0.19861913036099593,0.0785018934667646,0
0.6674971630814777,3.143627611516095e-06,0.2682942284981142,0.06420546479322267,0
0.5304323938526123,1.162330149443264e-05,0.46434542338959434,0.005210559456136242,0
0.29071902369067193,1.6098439241023098e-05,0.7034650080124508,0.005799869857551509,2
0.07020965340180749,0.00014319285392540662,0.8160227621503829,0.11362439159423302,2
0.012104820053070422,0.00039697268906014867,0.6709508866779895,0.3165473205798034,2
0.0006487986553624776,8.235289658729619e-07,0.43151077973590607,0.5678395980785231,2
0.0006089140140434646,0.0002934154938346137,0.9241326788365612,0.07496499165679592,2
9.628504639473157e-05,5.7338531760167006e-05,0.9987564930543517,0.0010898833663073187,2
3.086505039271815e-05,5.716899695381319e-06,0.9990821093576175,0.0008813086940549779,2
5.928059175351445e-05,9.04850333011932e-06,0.9992733202695103,0.0006583506354207462,2
8.268006764848306e-05,9.409803741886215e-06,0.9985940980523477,0.0013138120769929083,2
3.5193345285925875e-05,0.0005057951213029966,0.9979106995786828,0.0015483119546861905,2
0.00011123008556756018,0.006500320323394726,0.9633828186170696,0.030005630972457075,2
1.9373700883366402e-05,0.03809398021418855,0.1552391534576046,0.8066474926283315,3
6.7879769979036795e-06,0.06200698986098371,0.0569278276891499,0.8810583944719571,3
2.610915440744022e-06,0.2630609542913468,0.030310369005222056,0.7066260657873726,3
6.916844637735052e-09,0.21934401065779704,8.257302110730949e-05,0.7805734094038512,3
1.6251444890486893e-08,0.44285569699228566,6.306551409839431e-05,0.5570812212427217,3
3.583036458740481e-08,0.4936509302486823,5.3552699139599246e-05,0.5062954812206839,3
5.264944269824566e-12,0.01982349282180493,3.745683031480011e-10,0.9801765067985398,3
3.1023582801974506e-10,0.9061546733862067,1.6016384953425662e-06,0.0938437246637964,1
8.315819790439489e-10,0.968566872297738,8.732133431806502e-07,0.0314322536569891,1
1.689416608677245e-09,0.9610842818427686,4.28243245409633e-06,0.03891143403481368,1
1.0448406643705635e-11,0.38644398914149863,2.4914767364557485e-08,0.6135559859335042,3
1.2019811388845733e-09,0.5099261665628703,1.8373631308393831e-07,0.4900736485003417,3
3.0006019319532643e-11,0.19211774771692094,5.735006271680161e-10,0.8078822516779283,3
1.7326266603439672e-09,0.32441451395361204,2.388340728812739e-07,0.6755852454800019,3
4.751980247267774e-12,0.0001989841127711811,4.588175192260864e-12,0.9998010158763412,3
3.3579898518967534e-17,2.7991560018720854e-10,3.340933511530163e-17,0.9999999997198756,3
3.711178346739774e-12,0.002214257722421137,8.689995506869144e-12,0.9977857422634941,3
2.9494127033769733e-12,0.007397416234041177,1.6100102907504475e-10,0.9926025836025746,3
4.0924605932046923e-13,0.00013521919826804378,8.339329001984824e-12,0.999864780792241,3
1.1282342133618486e-11,0.03454150709921747,3.008162103407752e-10,0.9654584925885931,3
1.0553749524152487e-14,4.234112975347626e-06,6.222645969751872e-15,0.9999957658854837,3
1.876669248601017e-12,0.04561167825099197,6.144547056080626e-11,0.9543883216847651,3
9.597601228492363e-12,0.36819557862212066,1.5988316106621116e-10,0.6318044212092894,3
2.6693504640915495e-11,0.4986817816449403,1.6112286176707203e-10,0.5013182181681144,3
3.946758266989796e-11,0.535471095449292,8.595871045210012e-10,0.4645289036526927,3
6.740863999089244e-15,0.293554674748917,1.1530608978145238e-12,0.7064453252505911,3
9.375201194521708e-13,0.7991300980577942,4.308752402814448e-11,0.20086990189985873,1
1.3583224881272488e-13,0.9390756692933355,1.9685546957241878e-11,0.060924330687654835,1
6.468685548321803e-13,0.952999129891186,2.844454290573252e-11,0.047000870079686445,1
6.159620819401213e-13,0.7551968901315306,7.040360933289158e-12,0.2448031098617169,1
7.692543786351485e-14,0.24888006639822913,1.63999610780652e-13,0.7511199336015729,3
1.0341784013129544e-14,0.02045426428300583,7.942233254736018e-16,0.9795457357161969,3
3.1281856655385474e-11,0.1788244711294182,4.141570850162135e-10,0.8211755284268197,3
1.1881063394003024e-15,0.001749401055230183,6.21029987733341e-14,0.9982505989462074,3
2.717876243913013e-13,0.06396801861060843,2.4443234896623628e-09,0.9360319789435354,3
2.7264055389032066e-11,0.8608848419454658,5.595618320333682e-08,0.1391151020720047,1
1.8225565458632682e-11,0.9847211414746158,9.353150057346739e-09,0.015278849153843808,1
2.4414498233092394e-12,0.9890947091438421,1.528953640603056e-09,0.010905289323942085,1
1.243742520755234e-11,0.9853158939274537,1.3757195108630096e-08,0.014684092302564985,1
2.9573596956639645e-12,0.6816850239227219,2.3937416391998422e-08,0.3183149521382606,1
9.67415812242956e-10,0.3728251412162141,7.527755846351962e-07,0.627174105042471,1
1.4558612544076794e-15,1.4820500114288514e-05,5.750935737046017e-13,0.9999851795007576,3
2.259891329877523e-09,0.83984713935286,2.839811274052857e-06,0.1601500185753158,1
2.8681948778281247e-10,0.8339969838527521,3.3550592076290864e-07,0.16600268035399632,1
4.166075248014971e-10,0.7713202377572863,1.2070081644523298e-07,0.22867964112461184,1
8.432028577347331e-20,1.220098590795947e-09,3.740809432798368e-16,0.9999999987812771,3
1.1099371906623511e-10,0.010199290745410892,3.145133687180389e-08,0.9898006776940385,3
4.0842384738055843e-10,0.5856453167598547,9.132175604055873e-07,0.4143537696145547,1
3.4810995021567665e-09,0.9513797068109571,1.3783106639629088e-05,0.04860650660177081,1
3.4910487412903654e-09,0.983289335437978,1.1737983415164851e-05,0.01669892308929419,1
1.5675535098092467e-09,0.9302227227781333,4.576643213067587e-06,0.06977269901142119,1
6.447794574554228e-09,0.8880249965479216,3.5151602591840104e-05,0.1119398454005379,1
1.5623350599541424e-11,0.6717475867858038,1.7080088953392308e-07,0.3282522423979033,1
9.9282258319124e-10,0.8884402184785429,8.264452074672542e-07,0.11155895408426092,1
6.568730630560534e-09,0.9178726809711163,8.135522471850017e-06,0.08211917693800252,1
1.3296432700016213e-09,0.6606457116858352,2.0596862541352633e-05,0.33933369012370784,1
2.931562308858652e-10,0.2407416096114137,3.6408337043631084e-06,0.7592547492615443,3
1.0051381841770863e-07,0.37299246612776277,0.00010094169656636613,0.6269064916625237,3
1.8882620469933749e-10,0.3075515189904911,2.5139762875723847e-07,0.6924482294243668,3
2.2623796372494422e-10,0.9075757665616838,1.3404729264699652e-06,0.0924228927397551,1
2.305478085331056e-11,0.992805900155333,7.24243624535273e-08,0.007194027396226369,1
4.30799463560572e-10,0.99309398202441,5.760227156684001e-06,0.006900257316260739,1
7.76458880247992e-10,0.8998577434875603,1.6359999225317056e-05,0.1001258957367535,1
6.808222854587846e-10,0.04730541254470638,2.34999265415838e-06,0.9526922367816529,3
1.1824381867234051e-09,0.0009732963063308385,4.412313860887634e-07,0.9990262612800517,3
2.2117738395392795e-12,1.3763502714685912e-07,1.0561799601277698e-09,0.9999998613057056,3
1.6692881735922373e-10,0.00015893453883857942,1.791623127958222e-08,0.999841047377747,3
3.116061593591939e-08,0.24149226275869473,1.4611647550125374e-05,0.7584930944329402,3
2.732652166128036e-08,0.24165754672724357,1.5764305365770868e-05,0.7583266616415811,3
1.2957898482582953e-11,5.484890834015223e-06,4.175525435401506e-12,0.9999945150926024,3
4.373179490590226e-10,0.053612568703355734,7.004245260146107e-07,0.9463867304334972,3
8.861965771766096e-10,0.891952950817536,7.812241556381221e-06,0.10803923605572599,1
3.0021342830272606e-10,0.9827325631275416,1.1865245388806117e-06,0.0172662500460263,1
7.349343385376725e-11,0.9886418755683618,6.306007367492008e-07,0.011357493757067141,1
1.2796199812094835e-11,0.987835035024641,3.247739148613906e-07,0.012164640189895076,1
1.8956771510068438e-10,0.9930320431274465,9.732736259132046e-07,0.006966983410916546,1
6.609174700234756e-11,0.939909330913828,1.880684383030292e-06,0.0600887883369668,1
1.6080232247406554e-11,0.37608651308555496,2.1015099353127786e-08,0.6239134658825046,3
2.6124463559878316e-11,0.3209981119680047,1.0873361611545304e-07,0.6790017792730743,3
8.990193821406768e-11,0.8733926122746251,8.551087398509201e-07,0.12660653252773102,1
5.5096049907972774e-11,0.986296186844784,1.5467076110202856e-07,0.013703658427779567,1
5.070271834816393e-11,0.9935228436537782,4.808418074592477e-07,0.006476675453977939,1
4.787885738352369e-13,0.9823004493421151,6.821835635997275e-09,0.017699543835258843,1
4.2824847145617535e-11,0.9693919990909007,4.911342667434701e-08,0.030607951754134253,1
3.045343632193709e-14,0.3704062218608745,6.1234998916471874e-09,0.629593772015469,3
5.6592948693764374e-12,0.9707498282051086,2.1109689411730538e-08,0.02925015068036533,1
5.861877254793557e-14,0.9965872230069772,7.381347024491353e-10,0.0034127762564777125,1
4.648508251003614e-15,0.9996973722834273,2.34645989595048e-10,0.00030262748103275126,1
2.641190433308106e-15,0.9995740036157574,8.68278935306891e-11,0.0004259962989331678,1
8.807626989695229e-15,0.9926437863223773,1.827777083327463e-09,0.0073562118512309396,1
1.0827878086781005e-13,0.9981697724408041,4.15937317015694e-10,0.001830227144373103,1
2.385362013880664e-17,0.996504066052495,9.06778371441446e-16,0.0034959339457952465,1
4.920888996999497e-17,0.9941541668582197,1.867205804617133e-15,0.005845833141370102,1
3.233566592707611e-14,0.9781688306824904,6.009928066435106e-13,0.021831169316857846,1
5.235618353160389e-17,0.5910166057024967,1.1724901048433206e-17,0.4089833942966195,1
4.135418493622456e-16,0.6394749076366075,1.3357493471111886e-16,0.3605250923649734,1
8.76394313929216e-17,0.9797616112095445,1.6740258090987028e-15,0.02023838879048242,1
3.4018430979839824e-17,0.9986476860639285,2.793396674294022e-16,0.0013523139351033207,1
3.3041394546305304e-17,0.998303388760736,4.032384526886017e-16,0.0016966112388168513,1
1.8439343685140775e-18,0.9843894835724786,1.487394754624432e-16,0.015610516429143685,1
1.1338088680671332e-17,0.9990571373299175,3.244252463459526e-16,0.0009428626700752324,1
3.647194395322169e-18,0.999387096694088,1.790569050011636e-16,0.0006129033075856284,1
6.00343845481072e-19,0.9965996761837532,2.7847393165754496e-17,0.003400323816951579,1
1.6140933214456198e-19,0.9985505024542957,2.1989126837069382e-19,0.0014494975447102152,1
2.0074033051129405e-19,0.9993023188427465,8.650673716197535e-19,0.0006976811558676155,1
4.594293360333763e-18,0.9978768551951818,1.6785370160792242e-17,0.002123144804312884,1
5.5437211618697364e-17,0.9790381559690571,7.773764403995781e-17,0.02096184403239271,1
6.257736524152849e-18,0.6611647818093173,2.9633670408674375e-18,0.3388352181915171,1
1.5801344714268387e-16,0.981364208501673,1.292507323808349e-15,0.018635791498942005,1
9.251548833035205e-16,0.9975077116372291,1.2273800487331927e-14,0.0024922883626332815,1
1.7645309496483992e-16,0.9963837548946406,6.5512010296812e-15,0.003616245105469156,1
6.851228356479043e-17,0.9627270329834772,4.060592066965034e-17,0.03727296701750591,1
7.679996510396331e-16,0.86024528824381,1.8617766036262207e-15,0.1397547117544846,1
1.200889400291336e-14,0.13341539549104625,6.0925353049120454e-15,0.8665846045103018,3
6.758968154749626e-15,0.0069610485587748286,8.536347913877364e-18,0.9930389514420295,3
1.5009883814359228e-13,0.13735865101467232,8.35170794075013e-14,0.8626413489845798,3
1.7402783647129575e-13,0.11205254993461398,2.740421136277617e-14,0.8879474500666401,3
1.207262651534509e-15,0.0003799589086211049,6.048664739547971e-17,0.9996200410930043,3
4.0670628766078336e-47,7.695292736022854e-45,3.542155877455523e-59,1.0,3
7.424155217780614e-15,0.0010638637766762547,1.1838367449990497e-15,0.9989361362228545,3
2.1066130286614415e-38,1.8457454128588354e-31,4.660670407684472e-45,1.0,3
5.887138072832712e-33,2.8957168325424517e-27,7.980935908265474e-34,1.0,3
2.349853250514032e-16,1.2526732498295589e-05,7.76565431225668e-18,0.9999874732659627,3
1.427176483764829e-12,0.09349034269795385,4.0566620319909256e-12,0.9065096572961145,3
9.55747491394907e-22,9.641209145893535e-12,2.3584635195717083e-21,0.9999999999890861,3
3.504856866214543e-20,7.014783328613496e-13,2.3600724619406368e-20,1.0,3
1.1363813209284395e-13,0.0010450405544953196,4.635031003034164e-14,0.9989549594468439,3
8.522040071347963e-23,1.0623451774701803e-15,2.771946856393017e-26,1.0,3
2.4003929079448916e-16,0.004407949904254152,1.968962264087626e-15,0.9955920500958146,3
1.83249036139554e-14,0.6362360141389344,6.91538069551351e-14,0.3637639858600238,1
5.724544559100516e-14,0.7581723687978588,6.494432179756425e-14,0.24182763120077286,1
1.6186506361282161e-15,0.7122757569347579,6.158120775607097e-14,0.2877242430647344,1
6.588095172401171e-14,0.8708445610373314,1.6607233576407677e-13,0.12915543896238282,1
4.0840177733174583e-13,0.8551062537364992,2.6492144445429872e-12,0.14489374625990187,1
2.1270805783353395e-15,0.11266042617015003,9.342562496844734e-15,0.887339573828794,3
7.726833268367262e-13,0.41144085879264447,4.541303874983232e-12,0.58855914120027,1
8.280481576169304e-12,0.7038589721075311,9.450667627991219e-10,0.29614102693753563,1
2.488794466893721e-10,0.747921224547626,1.0085547212975861e-07,0.2520786743497863,1
3.5908235817213036e-12,0.06804434684891364,8.225031946792973e-09,0.9319556449216416,3
3.089780838522624e-12,0.04867577182083908,1.637843481978368e-08,0.9513242117976809,3
6.161574060588865e-11,0.9234147960612391,1.446268321094728e-07,0.07658505925156596,1
1.4476533703649115e-12,0.9899017222167256,8.121340248370276e-09,0.010098269658719605,1
2.2997792136184597e-12,0.998777954926122,2.8154933447116788e-08,0.0012220169173555102,1
7.76131723716534e-12,0.9959168197512815,8.608274390196903e-08,0.004083094157640013,1
7.045506521131887e-11,0.9402367026207973,1.8260609425600846e-06,0.059761471247238934,1
1.5909452538469734e-11,0.007850979544795153,5.43301697591332e-08,0.9921489661103495,3
3.0665088831292063e-10,0.0021590447336069726,1.762349323673156e-08,0.9978409373377638,3
7.643861417516177e-09,0.08210943501591025,1.7030239866825656e-05,0.9178735271017567,3
1.0314366304377605e-07,0.17486034560438565,5.454342116437727e-05,0.8250850078300453,3
2.304780201414174e-07,0.14067587732622264,0.0002220668658819879,0.859101825330667,3
2.7371714914797227e-08,0.023879450351094518,3.000385559908145e-05,0.9760905184206672,3
5.899293905862816e-07,0.08357584797034529,0.0020424145402355974,0.9143811475607881,3
1.1568220806513579e-06,0.007943562218484164,0.0034264649178849436,0.988628816041263,3
4.589774246574526e-05,0.021146702726304145,0.8255934793955143,0.1532139201343776,2
1.4611861399203097e-05,0.0013892044044840775,0.8644017881145625,0.13419439562091431,2
7.653765606902139e-05,0.0006534696480309613,0.9324549319291702,0.0668150607682639,2
4.955656464886594e-05,5.349291694023178e-05,0.9387149673064829,0.061181983213416016,2
0.00013941491526246882,2.103717325205303e-05,0.9605739740899978,0.03926557382146224,2
0.00020528576436928177,0.00016969495961150478,0.9798029744625998,0.01982204481189188,2
0.00020319223422622396,3.9621940248750124e-06,0.9042627403527991,0.09553010521922745,2
6.451265351684044e-05,0.0001341690380225455,0.9925548471034197,0.007246471205292987,2
8.034100603254418e-05,6.532905669263597e-06,0.9991257321233277,0.0007873939640838537,2
0.0001098000675028135,1.9597205617420902e-06,0.9996579375618172,0.00023030264960077887,2
0.00012294739000646846,2.4599308688640385e-06,0.9998176317695618,5.6960908589753826e-05,2
0.00022276451964798965,4.521183179011302e-06,0.9995978482635686,0.0001748660337446942,2
0.0005662198462705575,1.2586067450511027e-06,0.9913500766896676,0.00808244485745155,2
0.00016444765138769578,1.1041167307400542e-05,0.9916978337916547,0.008126677388094835,2
0.00030958713608970017,6.539065302721159e-05,0.982894233969414,0.016730788242187652,2
0.00014204112362101748,7.396978142241178e-07,0.8196727072213535,0.18018451195800067,2
0.00013375325520608998,0.00016279222688700702,0.9780031729901087,0.021700281529250603,2
9.777133485900296e-05,1.4887740755872806e-05,0.999395046421952,0.0004922945006302561,2
8.641075894581014e-05,2.5253313267263317e-06,0.9997412504974087,0.0001698134131958046,2
0.0001114420082219392,1.8251025815277007e-06,0.9994329586380306,0.0004537742497970741,2
3.291336497561667e-05,4.290770657716741e-06,0.9990257864446878,0.0009370094205944957,2
7.496951068971698e-05,5.295978368878237e-06,0.9995411130053149,0.0003786215073040941,2
4.162593410375948e-05,4.479158034994174e-06,0.9998019465520992,0.00015194835531184112,2
2.8606098637130497e-05,5.953772449532925e-06,0.9998474861794207,0.00011795394772140759,2
3.501372806905301e-05,1.711946190117249e-05,0.9985060411405582,0.0014418256678642993,2
3.979585006283766e-05,5.267139446881408e-06,0.9792622064709033,0.020692730541195744,2
3.4896084566133975e-05,2.2972846707368633e-05,0.9992353756196419,0.0007067554477045545,2
1.822734827178995e-05,7.533457383521178e-06,0.999832408785201,0.0001418304087292092,2
2.5884946237506076e-05,7.963045390982685e-06,0.999805697710898,0.00016045429633199242,2
4.5280853245828985e-05,3.307254226357992e-06,0.999883890472178,6.752141972925966e-05,2
5.1277166167209594e-05,4.521741376234741e-06,0.9997704987949976,0.0001737022978266447,2
4.4632002128556855e-05,5.136880083857834e-06,0.999621894424319,0.00032833669416014737,2
5.1190001690821395e-05,3.374180966152619e-05,0.9993352785930317,0.0005797895948908883,2
0.0004454217647835713,0.0006243504832243035,0.9843412161420799,0.01458901161128464,2
1.4625666592439362e-15,1.2250091088374384e-18,3.0079219744244426e-13,1.0,3
5.1813923873322205e-05,0.0007214445580572047,0.06905285408831624,0.9301738874284271,3
0.0001100849443302409,0.025237069550705624,0.617818782632182,0.35683406287429587,2
9.704704020549992e-05,0.017157783879351813,0.5896906130668627,0.39305455601505834,2
4.139920882312156e-06,8.198467923026792e-08,0.023891598716001994,0.9761041793778091,3
0.00010490704093590244,0.0015247800095693968,0.8816612769175814,0.11670903603128155,2
3.4345171418486696e-05,0.0006076289126736863,0.9915756719691267,0.007782353947461385,2
1.2255932842339805e-05,0.00010803387505966534,0.9995855686543048,0.0002941415374136744,2
1.4505006161131436e-05,2.2328398582700635e-05,0.9998719077675149,9.125882831385896e-05,2
2.171482270152651e-05,8.724535028020295e-06,0.9995579475795616,0.0004116130642380802,2
4.589925388818267e-05,4.752296460710375e-06,0.9993874103829319,0.0005619380652176396,2
5.042207008449947e-05,4.335673461720639e-06,0.9991038776617778,0.0008413645946744199,2
0.00010092594097878269,1.1032091521522923e-05,0.9995003519936695,0.00038768997328927375,2
0.0002684506742782724,0.00022921891547658725,0.9877167791221207,0.011785551288239556,2
0.00015548848499548254,0.0004580697961616228,0.5858844922846678,0.4135019494335699,2
2.255927241926398e-05,0.0073215809424758025,0.11130018481117805,0.8813556749746293,3
2.360016532862735e-06,0.020659912630862448,0.0046359076158024575,0.9747018197355445,3
2.7430490015742096e-06,0.2639497149468271,0.006737576577711894,0.7293099654269721,3
1.5802197805097241e-07,0.17837647050845357,0.00033080836820374227,0.8212925631013988,3
2.983192460638683e-08,0.06649481377153299,1.52333489053414e-05,0.9334899230474328,3
5.841244894963954e-10,0.0003582474098454675,5.9601773246174446e-08,0.9996416924049276,3
1.0664611238665668e-08,0.027418341536026836,4.2737255568726495e-05,0.9725389105453407,3
4.4223313517538873e-08,0.16999126370182518,2.6681268734275495e-05,0.8299820108075335,3
1.3391529361418163e-08,0.3144199593839522,6.23981493966168e-06,0.6855737874098086,3
3.590637965783722e-09,0.6942967018839826,2.9170341323487198e-05,0.3056741241849147,1
8.808618675463646e-09,0.9007392394305411,3.911487321895838e-05,0.09922163688597026,1
1.7169563498551096e-08,0.9524594218421436,3.488574941875583e-05,0.04750567523746368,1
5.456980157076675e-10,0.8928896066390584,1.0440244963658192e-05,0.10709995257031822,1
5.921236621099661e-09,0.9840803025305954,3.1479054827039537e-05,0.01588821249250373,1
1.0346857463719713e-09,0.9851537560160128,8.907701822214362e-06,0.014837335247815988,1
4.5807266910003764e-11,0.9604495523982123,7.823213021734121e-08,0.03955036932387921,1
1.6668369428300614e-09,0.9507355556762278,3.954399645914501e-06,0.049260488255954825,1
1.8273521429404215e-11,0.5270544430831299,2.6558450075677533e-07,0.47294529131499385,1
1.4825235043459693e-08,0.8321356869907903,3.261869422435024e-05,0.16783167948853822,1
1.1104831249718052e-09,0.8238453240484658,4.827431449246823e-05,0.17610640052505253,1
3.101353258811406e-08,0.9668560394157788,0.00011912011394231763,0.03302480945668261,1
9.138248924964773e-10,0.9624633164727727,8.8499990834014e-05,0.037448182621353764,1
1.0005690361264686e-08,0.9958159912561507,0.00046891329601766877,0.0037150854415886354,1
6.1377138680548025e-09,0.9961843677234898,0.001236492112057777,0.002579134025198847,1
2.266950552177684e-08,0.9944527815482062,0.0022539292499327373,0.003293266532204239,1
1.4999055333545602e-07,0.9738317232701396,0.0026038993039871118,0.02356422743663146,1
1.317280607152492e-08,0.8546757649092456,0.00039485281556381544,0.1449293691030733,1
1.1837008584070357e-07,0.9576727494599655,0.0006150361575889145,0.0417120960108665,1
5.909835971708354e-10,0.9721210029609266,8.744061250006075e-05,0.02779155583613848,1
3.54861453598606e-10,0.9975818716841867,3.4888903411747715e-06,0.002414639069271495,1
2.1753836097813995e-12,0.9886708953683245,5.460594313804017e-07,0.011328558568397177,1
8.77355348399742e-12,0.9987152463767756,9.130550521224117e-07,0.0012838405578663235,1
2.8717416702226452e-12,0.9991325537178621,7.530573259372145e-07,0.0008666932223700534,1
2.977055985685536e-12,0.9968202616065566,5.060364794203229e-06,0.0031746780270810425,1
8.22372526535683e-12,0.9992748972609711,1.4415308114287746e-06,0.000723661198539889,1
1.1514212642472034e-11,0.9985351958760948,2.587640312542547e-06,0.0014622164726612744,1
2.6462867148301895e-10,0.994951123747969,1.0456064732506012e-05,0.005038419921285736,1
5.247762149892584e-10,0.9133487519682213,2.4849804926891405e-05,0.08662639770157654,1
6.246070065495352e-11,0.1149557923929252,1.922243570531494e-07,0.8850440153184632,3
8.813024331970489e-08,0.15957944620927633,0.00014277078956164785,0.8402776948726254,3
5.6563752689882105e-14,1.2927327853088913e-06,9.589757879766272e-12,0.9999987072559804,3
1.2043522824952004e-07,0.5512968841231292,0.00014784546867509192,0.4485551499746696,3
1.6983200253920518e-08,0.5149351981791285,1.2968357844122388e-05,0.4850518164809371,3
1.0799976341417938e-09,0.26966138513081883,7.465548092713621e-07,0.7303378672353624,3
2.2305157041830733e-07,0.4248331573202444,0.00039539220884642805,0.5747712274185613,3
9.53173863065607e-14,6.868308312318569e-06,3.875727792773459e-12,0.9999931316869463,3
6.598732706120203e-13,2.3600962416581122e-07,1.8687041207473512e-11,0.9999997639716008,3
1.5085169687211303e-12,4.186746458371672e-06,2.035051221805409e-10,0.9999958130480423,3
3.4007664825293226e-08,0.23365931672540521,2.4934786320860233e-05,0.7663157144816399,3
1.6503198098326622e-11,0.016896469517047923,3.660806436208957e-08,0.9831034938590442,3
4.478048023295368e-09,0.7791222381765249,3.275271108062099e-05,0.2208450046342319,1
1.8894840943650465e-08,0.9596017265154901,7.598918170264426e-05,0.04032226540673623,1
8.363965880592353e-09,0.9728568037829648,3.8246495856744126e-05,0.02710494135553379,1
2.621659394350455e-08,0.9510970148741026,0.0001834072726382206,0.048719551637559595,1
9.679437186390328e-10,0.21014884911220758,4.028987462414302e-06,0.7898471209313398,3
1.8832117656496805e-09,0.2055575352159365,1.7233268922882648e-06,0.794440739573592,3
4.103475799200686e-07,0.782837189705182,0.005792439658302962,0.21136996028977617,1
7.737181544369308e-07,0.760921987320272,0.04296808570237219,0.19610915325901218,1
4.0924176059999124e-06,0.4943027655485392,0.13885668308017982,0.36683645895472594,1
2.8835247756069564e-05,0.20866639180666469,0.5365701404029406,0.2547346325418609,2
1.749478792506627e-05,0.109839508535644,0.8622882130923992,0.027854783585807848,2
6.763440239107842e-06,0.047512453430501936,0.9474272607624931,0.005053522367594528,2
1.5767553464866836e-05,0.012096996411549694,0.9812568710644125,0.006630364971069901,2
6.240987966380365e-05,0.0022463479287266773,0.9769299478314553,0.02076129436148782,2
0.0001897984523586283,0.0006729866300903954,0.9193467405955507,0.07979047432027787,2
3.4655322367409615e-05,3.34358489332818e-05,0.4308989120216752,0.5690329968061696,2
5.108259522831188e-05,0.0010746954091020485,0.8592781723006476,0.13959604969376882,2
3.0664136435779256e-05,0.00040631487817082036,0.9943005337551394,0.005262487230799124,2
4.266049604983846e-05,0.00010097300933834554,0.9978105630227504,0.002045803470605858,2
0.00011693353235399799,2.083245152789988e-05,0.991867968768527,0.007994265248053094,2
6.889725377434961e-05,1.611052033305193e-05,0.9994446281710396,0.0004703640566124952,2
0.0003688818696265281,1.3088458774797634e-05,0.9992682467795556,0.00034978289273864324,2
0.003934280366666949,7.54968707827449e-06,0.9777921293736207,0.018266040572112324,2
0.019130091163243428,3.075128996213616e-06,0.9206398626449354,0.06022697106129411,2
0.05616451063227586,2.007178487315866e-05,0.9416484031345286,0.002167014449541951,2
0.2669803463783674,8.675086337210201e-07,0.7314139077304104,0.0016048783810422807,0
0.3817439263914304,9.40939919983717e-07,0.617147011514929,0.0011081211550471907,0
0.49932195054681394,4.465244500982728e-07,0.5000956672143635,0.0005819357147006128,0
0.6390182220327739,3.6301795869387264e-07,0.3607789946004062,0.00020242034931464495,0
0.7557542631011864,2.1599575181907892e-07,0.24412170095834576,0.00012381994638529725,0
0.8575732229750946,8.338959242203547e-08,0.14234687889072128,7.981474372752434e-05,0
0.9301085301872164,5.459258861347151e-08,0.06976856658528124,0.00012284863348228388,0
0.966402434749472,1.3968217065706413e-08,0.033528837271650194,6.871401094277728e-05,0
0.9916865289883359,6.865913126877621e-09,0.008227804722373288,8.565942380696602e-05,0
0.9994334513265751,1.1232208411538727e-09,0.0005256326249079031,4.091492668271503e-05,0
0.9998868268757083,2.533318398787998e-10,1.6157793009592046e-05,9.701507763720613e-05,0
0.9989336848997579,3.836173057676521e-11,1.486069250767033e-05,0.0010514543687683228,0
0.9953447222789228,3.116461734498922e-08,0.0013608107217734397,0.0032944358350549107,0
0.9099020744621682,2.499116857479533e-07,0.07381560495077656,0.016282070675865068,0
0.14098367844305792,3.528271475177951e-06,0.8205496090961332,0.03846318418932818,2
0.02428418283688608,4.8095713194795965e-05,0.9602015417012585,0.015466179748128563,2
0.00381645882806429,9.373353503824364e-06,0.952121864928782,0.04405230288844751,2
0.0017473505998526254,2.9687438658399042e-05,0.9546432189662598,0.04357974299636834,2
0.004779023256014098,1.6860345791750093e-05,0.9717232494067467,0.02348086699196668,2
0.03756544249352699,8.083038158777452e-06,0.9573584053748083,0.005068069095136474,2
0.06309118058410429,1.980088024013702e-06,0.9366594584258258,0.0002473809004223821,2
0.11111440232856361,1.2441519564302359e-06,0.8885293211048361,0.000355032415886272,2
0.2810501121774882,9.793895523858046e-07,0.7184288237597708,0.0005200846722546965,2
0.614322266379314,4.17483077844188e-07,0.38429217741428606,0.0013851387236564405,0
0.7975483877104602,2.3203358196372003e-07,0.20186909847124768,0.00058228178384009,0
0.9035416701616121,1.5772004855219354e-07,0.0962845205619072,0.00017365155621949696,0
0.9604104861659783,8.103375612351234e-08,0.03915946490271,0.00042996789679375765,0
0.964892303294137,8.308942181988941e-08,0.035060087905557986,4.752570927037985e-05,0
0.9541274242781441,4.9124001008059427e-08,0.045825962261006874,4.6564336592577605e-05,0
0.9444946749553079,4.9146901890315055e-08,0.055374320825685434,0.00013095507150197918,0
0.9345607183503836,9.432652884448588e-08,0.06540316084662247,3.602647780864334e-05,0
0.9511949599297683,5.790157839255411e-08,0.048758732522990324,4.624964629576245e-05,0
0.9720007717427603,5.020207889113556e-08,0.02788413732830349,0.0001150407281448745,0
0.9993872783070424,1.1227244523749123e-09,0.00019688784342999457,0.0004158327258499225,0
0.9994339587881035,1.2319390251000608e-08,3.629750549832635e-05,0.0005297313879700366,0
0.9931636219616438,4.526711314666352e-09,0.0018020682150600778,0.005034305298276834,0
0.6328157816087301,1.581546183470135e-06,0.3627616842108032,0.004420952633717963,0
0.1492300708693782,1.9762115315300616e-06,0.8495635759654456,0.0012043769533060693,2
0.02605614075504659,2.0155238341359923e-06,0.9737424519770371,0.000199391743665602,2
0.005637266370010288,2.7651327805615497e-06,0.9941564421739943,0.0002035263240181689,2
0.00046215080904424803,7.987481789307622e-06,0.9993172614335416,0.0002126002753486825,2
5.8998992886587346e-05,7.243019084559692e-05,0.9990534673692885,0.0008151034473326143,2
1.5757137937548372e-05,0.0005348507658788774,0.9962773462426705,0.0031720458539428076,2
2.440168303342455e-05,0.00602701524772837,0.9735489408802316,0.020399642189304092,2
2.136618510271005e-05,0.07567943060172207,0.8902127185798687,0.03408648463345193,2
6.1761503689409e-05,0.14044820307643321,0.6056397718902251,0.25385026352855644,2
1.7305980035616743e-08,0.0906015883035794,0.0013867670362878838,0.9080116273559028,3
1.2719522537854676e-11,0.9599781147545549,4.0013931875969326e-07,0.04002148509377039,1
9.713591290949167e-14,0.9984818048226529,3.0821653482978985e-09,0.001518192096663612,1
8.458967722118968e-15,0.9996637823274865,1.6843429900558877e-09,0.00033621598667285296,1
5.276703262064707e-15,0.9996211803411565,1.805909905226536e-09,0.0003788178528123376,1
7.497722882020464e-14,0.9983351694335735,1.434483000012483e-09,0.001664829133337244,1
6.960359457680611e-15,0.9813020057642401,1.1650942286242105e-10,0.018697994120288452,1
7.927483049338625e-15,0.9992821330733286,6.988313803030506e-11,0.0007178668578849887,1
1.563930747139469e-16,0.9995309045006574,4.9045661944027424e-12,0.0004690954958049194,1
4.2886437143471147e-16,0.9990071176296162,6.871306339775039e-13,0.000992882368434716,1
5.310234777056014e-16,0.993234436673863,1.0212946826743303e-13,0.00676556332763457,1
1.0791718526976614e-16,0.9903678811214199,2.5439783992199697e-13,0.009632118878028686,1
7.011430039454263e-16,0.9990101369824612,5.351314015544916e-13,0.0009898630171863677,1
1.0543425230421638e-16,0.9992869845008403,1.0360954666280774e-12,0.0007130154963691497,1
1.431148329459609e-16,0.9994503408379124,1.2652330441840775e-11,0.0005496591490938523,1
6.089054975657338e-17,0.9996990494055982,2.2354272860854726e-12,0.00030095059357214984,1
8.638849298045981e-17,0.9995193600029256,3.28991589831693e-12,0.00048063999354687253,1
1.1508212011343232e-15,0.9986656347071078,1.401508100477383e-10,0.001334365154143444,1
2.2551628866902566e-13,0.9994807341262185,2.416773716293284e-08,0.0005192417075258494,1
4.2114482068771194e-14,0.9978569395036077,8.80185114428346e-08,0.00214297247812754,1
2.196726867027119e-13,0.9990520966088594,1.1937501893333636e-08,0.0009478914523283893,1
1.2742445552706278e-14,0.9974549796536356,2.1417292698615942e-10,0.002545020130814918,1
6.751697099343549e-14,0.9950951287372352,9.702893414980315e-10,0.004904870292194629,1
8.829787878483103e-15,0.9980740836497488,2.0595392578309458e-10,0.001925916143960823,1
4.716996564075751e-15,0.9991854535523397,1.7826499045072698e-10,0.0008145462675934725,1
6.712104140362912e-16,0.9986274072713407,5.5281683076004803e-11,0.0013725926722916895,1
1.3353760391432875e-14,0.9996576185729844,3.947686026905209e-10,0.00034238103202870207,1
4.402285668456838e-15,0.9979790913346552,3.49537247565673e-10,0.002020908316277471,1
6.319502651742178e-14,0.9985677727583545,2.1423066788657257e-10,0.0014322270271898989,1
3.2570503460010005e-15,0.9876284852055575,4.4281168590743564e-10,0.01237151435097603,1
3.4394854217915103e-12,0.9982825232367676,9.381111416710402e-08,0.0017173829480597448,1
1.8649950980131337e-13,0.9986035819544863,3.4383504057877695e-08,0.0013963836615033128,1
6.831894784853457e-14,0.9995280418785198,4.5357706223597435e-08,0.0004719127652639482,1
8.864640845446966e-14,0.9995717808837051,8.170150389486303e-08,0.0004281374155193087,1
5.5836305154283536e-14,0.9989714770885441,1.3762856374920892e-07,0.0010283852815205475,1
1.315081907451635e-13,0.9993353222052173,5.8857373121471776e-08,0.0006646189390634695,1
1.61969972535279e-14,0.9994101119779106,4.788162637716712e-09,0.0005898832333880673,1
9.651891559690049e-14,0.9990020559799493,2.0541990936271734e-09,0.000997941967381282,1
1.2527648923655057e-13,0.9780900804491502,3.013920708076662e-10,0.021909919250269642,1
3.144478951273101e-15,0.011409448595743346,1.0747136832634355e-13,0.9885905514049365,3
1.1033891022156437e-11,0.4394217444688942,1.3686513379937648e-10,0.5605782553842558,1
2.797658310141699e-11,0.5983760553269788,3.2693673631062476e-10,0.40162394431893417,1
9.001788695369239e-13,0.643318108204303,5.875698926411845e-10,0.3566818912063332,1
3.7051528647483994e-11,0.9747179824515294,6.534551585605871e-08,0.025281952167446234,1
5.764017794612839e-13,0.9902059714638128,2.7647183221608642e-08,0.009794000888679301,1
2.4414845446273715e-14,0.9983701707795671,5.29496701930325e-10,0.0016298286906775193,1
2.6541986021793632e-14,0.9993326745243744,5.392277067049617e-10,0.0006673249362621906,1
5.482299085547342e-13,0.9980981125049868,2.3585117617401025e-08,0.001901863910466798,1
3.120838249956249e-10,0.9834148862394507,5.2404519699429075e-05,0.016532708930329123,1
4.2246410718412035e-07,0.8756733397681231,0.0846074597597073,0.039718778007158215,1
1.7597545442345787e-06,0.4964619971289379,0.4805820763832743,0.022954166731618084,2
9.178753411540575e-06,0.17831501960222262,0.7672232450642708,0.05445255657879749,2
1.4020941289055559e-05,0.012872400660135438,0.9758378596963473,0.01127571870328571,2
1.8116502998933226e-05,0.0010425952402282606,0.9983081527144732,0.0006311355429141356,2
3.379695149953721e-05,7.100932790203595e-05,0.9995067853942096,0.00038840832588315285,2
2.3209910272712097e-05,1.885656986260507e-05,0.9998187436647484,0.00013918985418074248,2
0.00020867133126121565,3.234757881259152e-05,0.9993373719946242,0.0004216090969158155,2
0.005034561594117855,0.00026004475088905267,0.9833343537308602,0.011371039923829051,2
0.036605689304012694,6.147182174898688e-08,0.18556457333770016,0.7778296758863404,3
0.7301463728315054,1.4424666919551344e-05,0.24810863252172669,0.021730569979407827,0
0.8978655082129332,5.564645783140357e-08,0.10141401246406782,0.000720423677595321,0
0.9940062137263842,9.88178148010808e-10,0.0059678475201604955,2.5937764637604216e-05,0
0.9996336014933852,2.110815982596393e-11,0.0003631190650964092,3.2794205711435523e-06,0
0.9999877076252871,2.216993356500774e-12,1.0882717818622949e-05,1.4096553524346698e-06,0
0.9999130826849403,4.578959230920856e-12,8.376507282626532e-05,3.1522373537621187e-06,0
0.9993339542828046,5.651007629147513e-10,0.00064430784290206,2.1737308755030473e-05,0
0.9965496288119413,2.875241461655446e-09,0.0026275460231935457,0.0008228222885642799,0
0.9849672282101963,1.2690444862528996e-07,0.014954740636658916,7.790425041647726e-05,0
0.9662671897982804,3.120299701923755e-08,0.033679327507543086,5.3451490321577184e-05,0
0.88819101318367,3.95052915237709e-08,0.11134043931722477,0.0004685079933154879,0
0.6004293034550473,9.899860399912757e-08,0.3956545735550443,0.003916023990794123,0
0.26348246855094704,3.1206819229741822e-06,0.7357447838234338,0.0007696269423187578,2
0.20205594598714308,2.9468238699420117e-05,0.7914803251927955,0.006434260581975939,2
0.07347617818623106,9.365984852894198e-07,0.6816901622663986,0.24483272294901054,2
0.027202579446639272,0.00012404496430869124,0.9245183375330494,0.04815503805443811,2
0.0069344951596297,2.0399759040965578e-05,0.9917943810102864,0.0012507240714602873,2
0.004287535831802494,2.121019326079436e-06,0.9952671867789962,0.00044315637147696507,2
0.006234472508591386,2.2155293340131427e-06,0.9936407517626091,0.00012256019938878483,2
0.01135805111730128,4.6800083856708605e-07,0.9852083006915207,0.0034331801896990213,2
0.016869433700325374,2.649018723056798e-06,0.9830158614754465,0.00011205580600441033,2
0.048616722339032026,1.4749649341708054e-06,0.9512676222064713,0.00011418048984744204,2
0.3035752174420537,5.926006201264598e-07,0.6962202301082391,0.00020395984904906728,2
0.5766392421534515,2.728329941939628e-07,0.42314252893758175,0.00021795607427780282,0
0.7500974448432712,1.8527904320006984e-07,0.24978478789844558,0.00011758197975520187,0
0.8811124826026933,1.1083704400064883e-07,0.11855981527082414,0.00032759128772941827,0
0.9499076788084141,4.5580599763000685e-08,0.05003860797882889,5.366763365833268e-05,0
0.971141312807144,7.677020213030659e-08,0.028797721838879176,6.0888583267128196e-05,0
0.9872185882832571,6.2392244226461315e-09,0.012263720585845378,0.0005176848905197915,0
0.99423027206723,1.424202552083043e-09,0.005748110376520468,2.161613035871582e-05,0
0.9999041224600249,2.0280124583264557e-11,8.960629070505128e-05,6.271227493410207e-06,0
0.9999350996983583,4.788490238002453e-12,6.300903339187797e-05,1.8912617782074573e-06,0
0.9999250694552809,2.602231579533061e-12,7.253654918803031e-05,2.3939944071884784e-06,0
0.999914784002999,3.667178553299647e-12,8.28923885527378e-05,2.3236061112453023e-06,0
0.999965503661063,1.0749686900998705e-12,2.7447934491949314e-05,7.048403257731422e-06,0
0.9999449408775488,1.5020696497926735e-11,5.131891100385502e-05,3.740194812257319e-06,0
0.9998987707130533,1.320710678377145e-12,7.050605027282093e-05,3.07232358358972e-05,0
0.9999281601680235,3.333865154621642e-11,6.948145848495829e-05,2.3583386431206853e-06,0
0.9998534963131016,1.3623511808174365e-12,0.00014169783563972791,4.80584809179195e-06,0
0.9999902305066559,3.5726533905504547e-13,8.199256322510362e-06,1.5702374042219544e-06,0
0.9999871496754917,2.290759754857512e-13,1.1597465811746654e-05,1.252859674276816e-06,0
0.9999380048511902,7.262236611459845e-13,6.062818764418609e-05,1.3669589144901486e-06,0
0.9999600333377813,8.928325981764037e-13,3.6381606759585896e-05,3.5850558337479775e-06,0
0.9999951600992771,1.720663565252907e-14,6.235264871501166e-07,4.216374536933429e-06,0
0.9999978309448002,3.248367762711853e-15,8.126950839219557e-07,1.3563611426503012e-06,0
0.9999985310689101,5.792624043655907e-15,1.004327437746425e-06,4.646029245554151e-07,0
0.9999986564371215,4.534081355001438e-16,1.946041795534884e-07,1.1489597190887096e-06,0
0.9999952341936356,2.1569069237308313e-13,4.0299537037421345e-06,7.358523905871192e-07,0
0.9998094501168104,9.355750662995841e-12,0.0001802969215030284,1.0252952741928143e-05,0
0.9998347960334114,3.3671681201604387e-09,0.00010851545913182616,5.668513925987531e-05,0
0.9972197043769357,1.1574082554876765e-12,3.5638664395886614e-06,0.0027767317541972244,0
0.9987611773481659,4.4517835514804374e-11,6.746948745231196e-06,0.0012320756575773019,0
0.9998253049303495,1.8814307573923767e-09,1.4452593586590576e-05,0.00016024059334529596,0
0.9998849717364034,2.1087095059692442e-12,5.506772006121769e-06,0.00010952149013950746,0
0.9999772373529174,3.5160236551834706e-11,1.9876055684925767e-05,2.8865553967678693e-06,0
0.9999740379958493,1.6739257527458515e-11,1.638470386667522e-05,9.577284744138099e-06,0
0.9997937232759568,1.3802763787379437e-12,2.9730994177681204e-05,0.00017654572812948762,0
0.9998707959332425,1.6909387366321398e-08,6.252541958706318e-05,6.666173604876164e-05,0
0.9978469169252752,9.961421226494668e-14,1.5382895741857125e-05,0.002137700180107258,0
0.9999743565872605,9.167874871542412e-12,1.8501784629853406e-06,2.379322342268142e-05,0
0.9999984296713189,6.305275040785434e-13,4.4271877122476165e-07,1.1276098716060905e-06,0
0.9999842086081963,3.337235320845472e-16,5.351471445849026e-07,1.525624630040498e-05,0
0.9999987189593432,2.0807265652899225e-14,7.230436090394631e-07,5.5799794791519e-07,0
0.999999171887227,9.85649950444237e-16,2.9724766286814327e-07,5.308639263836575e-07,0
0.9999988257957356,8.62913442344802e-15,1.9132976523151383e-07,9.828745652721325e-07,0
0.9999894873442438,4.0020370218278907e-16,8.268524982296834e-08,1.0429970445079659e-05,0
0.9999962034052481,1.2952563459178383e-13,3.031566324616893e-06,7.650299944844396e-07,0
0.9999955321863798,1.145417099379966e-14,3.258282797998146e-06,1.209529321763656e-06,0
0.9999923455909178,6.406203036462215e-14,6.436878251095369e-06,1.2175294975161704e-06,0
0.9999866187776557,1.1363746591139264e-13,1.1368457644993799e-05,2.0127638841511804e-06,0
0.999969096636994,1.342483254646229e-12,2.9683898501318066e-05,1.219461946435055e-06,0
0.9999190913322423,7.661482463223929e-13,7.264530750458217e-05,8.263359958028228e-06,0
0.999944085836266,1.6302771717318983e-11,5.140480638964853e-05,4.509340173481262e-06,0
0.9999673822611905,2.0847165752273098e-13,3.654652829937047e-06,2.8963086978825716e-05,0
0.9998998740045755,4.7425418114347253e-11,9.569783248099153e-05,4.42811497484521e-06,0
0.9998342594730442,1.956957257506929e-11,0.00016212504127792202,3.615467736120212e-06,0
0.9997156514604604,7.017648872637737e-11,0.0002732240378373426,1.1124432801425707e-05,0
0.9995269241504374,1.5919105904776153e-10,0.00044638373555459847,2.6691953216491775e-05,0
0.9988230161814781,5.755165677558532e-10,0.0011685195651099274,8.46367757294779e-06,0
0.999521849474705,2.6210355063950946e-10,0.000468651377977906,9.49888340109921e-06,0
0.9999517088272954,1.8175550488224934e-12,1.7758083597903812e-05,3.0533088415662955e-05,0
0.9999087324573475,4.093805856481298e-12,8.86143646742267e-05,2.65317244277945e-06,0
0.9999961228643443,5.4736028715018335e-14,2.922732218293815e-06,9.54402479429465e-07,0
0.9999982329115634,3.780639701856121e-15,2.686574785021742e-07,1.4984320354352e-06,0
0.9999956600498578,3.7774098106919437e-14,1.1738081839866985e-06,3.166142428530686e-06,0
0.999991271730216,7.146136253215902e-12,5.178040872123933e-06,3.5502206763560066e-06,0
0.9995264420409539,4.429104400156033e-12,0.00021567064045999984,0.00025788731363842626,0
0.9954355219589134,6.428715904933954e-08,0.004444708940285971,0.00011970481449922725,0
0.9654120216612184,3.2966519772676026e-07,0.03208824448831242,0.002499404185290494,0
0.843151587038884,1.0944999554008184e-05,0.07519573092883808,0.08164173703095717,0
1.1934843147453611e-09,4.915558347336862e-21,1.0284225782463707e-11,0.999999998795829,3
0.0012042140999024887,0.00030919413792005715,0.9840122333539421,0.014474358408097153,2
0.0006855298565837984,1.7297334198717007e-05,0.9984870103485793,0.0008101624611886583,2
0.0010666775978552716,1.508431739589718e-06,0.9964733669769309,0.002458446991965128,2
0.0008539424778616802,3.814826650089968e-06,0.9985471951501753,0.000595047546710622,2
0.00401703084999089,1.855544466482344e-06,0.995588747838426,0.0003923657676834434,2
0.004236821273897133,1.4330813126337848e-06,0.9955693088939814,0.00019243674958042446,2
0.002763825053367438,1.3530140592950934e-06,0.9964135419783902,0.000821279954447655,2
0.0018860814935641828,2.167353537915983e-06,0.9978678557250794,0.0002438954290076726,2
0.0010598517277012726,1.9792502690603233e-06,0.9987782562623289,0.00015991275997287243,2
0.0004020231320403648,1.6967596074883142e-06,0.9995009099045671,9.537020529345597e-05,2
0.00021359388698619363,2.09793196467947e-06,0.9997148050020269,6.950317952237552e-05,2
0.00020827856589293546,1.7048067137976254e-06,0.9997100434971181,7.99731297405303e-05,2
0.0001248274366074848,2.26541743716065e-06,0.999818008737359,5.489840915816209e-05,2
7.905697400881125e-05,5.089008974959524e-06,0.9995006357306325,0.0004152182856739863,2
3.6719375171818314e-05,1.6388817185423733e-05,0.9985736932366037,0.0013731985714142607,2
7.266949552860811e-05,6.804601366329286e-05,0.987347308960627,0.012511975530569814,2
6.923999549273473e-05,0.00031433354523098935,0.9608329613605351,0.03878346509930295,2
9.89776424530647e-05,0.0017131606129075251,0.8050657022768595,0.19312215946608752,2
1.3704285297512873e-12,1.037298264180443e-13,3.3365277105022693e-11,0.9999999999636202,3
1.072521841612397e-09,1.5363162402019757e-07,3.608357092465168e-06,0.9999962369400099,3
6.224239267908294e-06,0.0020171811941328693,0.017555117068257256,0.9804214774992382,3
3.171369108223875e-05,0.0014419194251865117,0.20286141580870895,0.7956649510759961,3
4.238290657344841e-05,0.01485763427120832,0.9084802053468438,0.07661977747695957,2
1.1203642250261533e-05,0.009918500258792508,0.9795745807182424,0.010495715380510794,2
5.6727294776147376e-06,0.006290002623479318,0.9913942331881606,0.00231009145801121,2
8.477764793932142e-06,0.0038455061965017457,0.9950172299785367,0.0011287860597967748,2
9.201795628090918e-06,0.00279057418217093,0.9957540965098755,0.0014461275136223208,2
7.269937721693913e-06,0.0009578590544990711,0.9978525682072662,0.0011823028021635744,2
2.409725254990063e-05,8.19964208511276e-05,0.9995911015349631,0.0003028047906421921,2
4.251405595526638e-05,8.494598704398426e-06,0.998776113264335,0.0011728780816564488,2
4.3696806291909e-05,5.287292625986508e-06,0.9998645449630817,8.647093861738453e-05,2
7.261304095293537e-05,3.167806087797376e-06,0.9994164724186234,0.0005077467348779978,2
0.00023569668272093868,1.9826594509244164e-06,0.9995603097650776,0.00020201089311411017,2
8.444584874704634e-05,2.4781451627749396e-06,0.9998551163418505,5.795966599553468e-05,2
3.9369751489090684e-05,4.178082492401783e-06,0.999849661193996,0.00010679097138346441,2
9.846194109120376e-05,3.374138356354435e-06,0.9997018932055879,0.00019627071339216074,2
0.00023907633423555006,1.072982044426309e-06,0.9959964836615163,0.003763367021923548,2
0.00012646855963771114,4.362446945113082e-06,0.9996763395090165,0.00019282948568772793,2
0.00010967863836213614,5.323210749427632e-06,0.9992803962417938,0.0006046019100908306,2
0.0001825535420712701,1.5450124953187331e-06,0.9948346462725332,0.004981255171216029,2
0.00015574776748172048,3.865823441567826e-06,0.9996930484814348,0.00014733792855867338,2
7.718343143618091e-05,2.6717036599207816e-06,0.9998380098364557,8.213502884555528e-05,2
3.1322353064862234e-05,5.612332599165642e-06,0.9996885622365913,0.00027450307632361344,2
2.8646171955200956e-05,1.6138654793085357e-05,0.9997431231261101,0.0002120920481784296,2
4.369944043064505e-05,2.2918680126812857e-05,0.9880695142454711,0.011863867633943337,2
3.8811389898899894e-05,5.913330844599622e-05,0.9944919901180693,0.005410065183102303,2
2.162989054750186e-05,2.3075814189947286e-05,0.9992412702436605,0.0007140240508035053,2
2.414474016335487e-05,1.4606968453469625e-05,0.9996799661629826,0.00028128212980823794,2
6.497304305769577e-05,4.111790086301177e-05,0.9997766952525681,0.00011721380322242025,2
0.0013660783698388993,0.0004509820646858281,0.9963050854948947,0.0018778540714481096,2
