regime_prob_0,regime_prob_1,regime_prob_2,regime_prob_3,regime_most_likely
1.0,6.310051932314722e-18,7.57852455270953e-247,3.2643047542370084e-151,0
0.9996953682748164,0.00018199828171500771,1.3710934629569528e-05,0.00010892250888402528,0
0.9996873527751563,0.00027906271608221057,1.2535585952489403e-05,2.104892214987028e-05,0
0.9997267384267473,0.00021553998451536346,1.4051898674372026e-05,4.366969053384353e-05,0
0.9992792274139632,3.8955515618733835e-05,0.00013191309678113407,0.0005499039727542396,0
0.9970771970916067,1.3213439127624012e-06,0.0022373694473960385,0.0006841121163071495,0
0.9997867481183229,6.930773722944812e-05,0.00011197122227768556,3.197292278775434e-05,0
0.9998945949140252,5.621630229454188e-06,1.746095716632423e-05,8.23224977289441e-05,0
0.9998860032399202,2.7735851581164503e-05,2.6033575966827373e-05,6.0227331967705384e-05,0
0.9997909254365107,1.8869044930156175e-05,3.211328864297173e-05,0.00015809222949679372,0
0.999877703055169,5.131435516343646e-06,3.60365827973756e-05,8.112892685943847e-05,0
0.9999100724818336,7.4668296451282875e-06,5.6508680418245444e-05,2.5952008307202953e-05,0
0.9996355330142371,1.76423214771706e-05,0.0003373864669902484,9.438196751276638e-06,0
0.9980122437665627,9.176854645209783e-06,0.0019585495277966393,2.0029851090358953e-05,0
0.9937950915236118,4.040576481479855e-06,0.005896329036644839,0.0003045388624296771,0
0.9885620213231051,7.79268017587582e-06,0.01133466224626316,9.552375049373827e-05,0
0.9662961351567232,1.70166672221616e-05,0.03364736470793117,3.948346849509367e-05,0
0.825368164630876,1.7701350484171464e-06,0.17432146683995908,0.00030859839424683916,0
0.13749334312348477,5.755656997323645e-07,0.8623652115548345,0.00014086975541457007,2
0.0171772659171014,2.1021745609973535e-08,0.9827774873244143,4.522573620441116e-05,2
0.000627150073349975,2.3920556488263734e-09,0.9993668936769273,5.9538578220937364e-06,2
3.9916030017780954e-05,5.968631296029261e-10,0.9999536735048348,6.409868175756532e-06,2
0.0006461901231810387,1.208811809657288e-09,0.9993454898950573,8.318772113847212e-06,2
0.0023929982410152454,8.47213897275055e-09,0.9975832789130884,2.371437427179202e-05,2
0.004517893224242586,4.3624548026363097e-08,0.9954737315053075,8.331645875642384e-06,2
0.008660838294093766,4.661408075318968e-08,0.9913222863474229,1.682874517955398e-05,2
0.027688720783557,1.3284781006648904e-07,0.9722785475262905,3.259884267571494e-05,2
0.06996607005184025,4.176577496595967e-07,0.9299493617078691,8.415058313009956e-05,2
0.2114824993503945,1.5237583524438993e-06,0.7882066599850674,0.00030931690541489406,2
0.7888050567178339,4.375488592496521e-06,0.21035848718542902,0.0008320806089945988,0
0.9768581090073846,2.0624715395830406e-05,0.02299327836808028,0.00012798790983624864,0
0.9890395224127397,1.1028093479849046e-05,0.010925624487237048,2.382500689274716e-05,0
0.9936440891404003,1.8972201808535348e-05,0.0063271518247728165,9.786833105745817e-06,0
0.9921325220914806,1.279309337161367e-05,0.007825558257876664,2.912655661908121e-05,0
0.9798822246484774,9.727156064666409e-06,0.02004738542532219,6.0662770376430836e-05,0
0.9320757037104005,1.270198636713335e-05,0.06783090739154306,8.068691172267677e-05,0
0.7286286937253524,9.509468694079692e-06,0.27114912285086223,0.0002126739546979494,2
0.5279721051248486,6.270426900333699e-06,0.47192203875362043,9.958569454175065e-05,2
0.37583939221515583,4.416146065949587e-06,0.6240728714225597,8.332021568134086e-05,2
0.2718774496596713,2.77356404644137e-06,0.7280482743623053,7.150241409890048e-05,2
0.17032551448285344,1.3910866552028262e-06,0.8295580107162063,0.0001150837137513112,2
0.07284024643803365,1.1156090582136813e-07,0.9270971388759084,6.250312588999093e-05,2
0.0016147440739219267,6.044625731670058e-08,0.9983583157858292,2.6879693821186628e-05,2
0.0014595800093116665,3.2651229478241534e-08,0.9983447858473845,0.00019560149185722192,2
0.01354341186040501,5.966912600690748e-09,0.9834160890883203,0.003040493083844808,2
0.12679792185781902,2.9656220252696358e-06,0.8726841225153492,0.0005149900045908962,2
0.40941013573067747,1.4389183919095018e-06,0.5899147744107955,0.000673650939479023,2
0.9743825096091089,2.427301640979213e-05,0.025362999091885774,0.00023021828284425257,0
0.9987499278334061,2.8331560825467877e-05,0.001193770611682407,2.7969994446291938e-05,0
0.9997720767602066,6.5228169271491216e-06,0.00016852453134673392,5.287589090161966e-05,0
0.9997850107116145,1.715936379234625e-05,0.00018921584149224387,8.614084003778569e-06,0
0.9995839619881098,1.5220390367117452e-05,0.0003890612005606399,1.1756421587076092e-05,0
0.9997871776302618,9.4568542113932e-06,0.0001883369044038882,1.502861086085526e-05,0
0.9997358018700419,1.0838977519063726e-05,0.00023962858994954695,1.3730562847184386e-05,0
0.9997358915388977,9.732899500736075e-06,0.00023991257536811652,1.4462987052717994e-05,0
0.9998560619997219,4.531287901070781e-06,0.00012357648758586862,1.5830224379008747e-05,0
0.9998602981289612,7.306534207966658e-06,0.00010887613508291612,2.3519200934064668e-05,0
0.9998510533783672,1.5417136786446477e-05,0.00011668495266942623,1.6844532260277106e-05,0
0.999840938575828,1.4102596152768066e-05,0.00012019934793525977,2.4759480294396487e-05,0
0.9998392116706769,1.8971665432349866e-05,0.00013017993657207617,1.1636727433221854e-05,0
0.99987170118409,2.3873127026309234e-05,8.449435263784626e-05,1.9931336374646635e-05,0
0.9991336447251373,2.4542511109645235e-05,0.0008309877683580429,1.0824996019641354e-05,0
0.9881964178233833,2.427105166330249e-05,0.011749084910615644,3.0226214002718993e-05,0
0.8628496562938115,4.320300883588217e-06,0.13697759335515303,0.00016843004975092483,0
0.05573503970609033,5.651287285762152e-09,0.9437193503177406,0.0005456043256345265,2
9.98071089059294e-05,5.13014394672328e-10,0.9998913566955161,8.835683102964293e-06,2
1.0971952183466967e-05,1.4543255931224333e-11,0.9999842769520082,4.751080811794802e-06,2
1.0815515270194082e-05,5.821358144782642e-13,0.9999797324251892,9.452059402042067e-06,2
3.0199253844440984e-06,8.215548110013189e-13,0.999994929781799,2.0502920444701177e-06,2
1.022090169909242e-05,1.2890122508911684e-12,0.9999873989520842,2.38014497074418e-06,2
1.580813364159271e-05,1.2891617099942723e-12,0.9999803047478552,3.887117858114108e-06,2
1.4574858759724793e-05,1.3429823072139745e-12,0.9999824010485773,3.0240920932508213e-06,2
2.4949185466909525e-11,8.737696628714498e-17,0.9999979682563839,2.031718449139511e-06,2
1.766863812695428e-09,1.6850246060404553e-15,0.9999993915373157,6.06695566460118e-07,2
2.0860643820849408e-08,1.1119086904557332e-15,0.9999990671844702,9.119546565403517e-07,2
5.17478408249809e-10,9.605551779123775e-17,0.9999993213971294,6.780851984531081e-07,2
1.5958760236854284e-10,6.982745221611825e-17,0.999999572775869,4.270638267549933e-07,2
6.811882412440402e-11,6.189924009762647e-17,0.9999996622755705,3.376564548819029e-07,2
1.6412790538887656e-10,3.3201455957077265e-17,0.9999992459091233,7.539270410326055e-07,2
8.71239642152804e-10,5.792598998979459e-16,0.999999539439265,4.5968941742266744e-07,2
1.155628694237569e-10,3.070794901695941e-16,0.9999988093320821,1.1905529629445977e-06,2
6.3361550002500584e-12,2.9107871420670083e-18,0.9999969253596619,3.0746348882266454e-06,2
2.1590860779803186e-11,1.0855712571189258e-16,0.999999584297343,4.15681308758516e-07,2
3.5760713348836234e-12,8.043938917324148e-18,0.9999996119004961,3.880967774645884e-07,2
1.6047110432651087e-13,1.1517426452562455e-18,0.999999587673386,4.1232718150152453e-07,2
1.2172669306414757e-14,1.6107653576845664e-18,0.9999997470404516,2.5296013384453104e-07,2
7.43053400074749e-15,8.077243304569824e-19,0.999999259946254,7.400542391889836e-07,2
7.646074366683638e-17,2.508134708363023e-18,0.9999990111669264,9.888323934865874e-07,2
6.647166785448339e-16,3.67147176380025e-21,0.9999912071821235,8.792818121616261e-06,2
2.940361663523681e-17,3.607622522068283e-18,0.9999997713239543,2.2867595311711413e-07,2
9.650445199725675e-18,5.584555702006587e-20,0.9999996244369663,3.7556306515552156e-07,2
1.1935026595276245e-17,1.8691986617441025e-19,0.9999996694478432,3.3055258872083935e-07,2
7.299938230357757e-19,1.0558351965699996e-20,0.9999993308722388,6.691273180019562e-07,2
1.4810290278459727e-18,1.0795965557368492e-19,0.9999997306677323,2.693331408768508e-07,2
1.1932043679020833e-17,4.49981542858913e-20,0.999999643878318,3.5612148635766594e-07,2
3.889636319549415e-20,1.948841384280047e-20,0.999999761637838,2.3836240805668823e-07,2
6.0523337145783e-22,2.438575067455368e-21,0.9999995988165106,4.0118336838745345e-07,2
1.3115887903229609e-20,6.53756965859018e-21,0.9999995599228955,4.4007682764136603e-07,2
7.728908371213106e-20,1.7055957512573238e-20,0.9999997711147706,2.2888484966825903e-07,2
3.816789827531196e-19,9.274114195605019e-21,0.9999996080078604,3.9199261069750976e-07,2
3.994899176281971e-19,4.0348301105539555e-20,0.9999995550952997,4.4490429692872916e-07,2
1.4031923417542632e-18,1.4039583167123802e-19,0.9999996528677605,3.47132527512185e-07,2
7.632439866882831e-20,3.199836266220158e-20,0.9999991783046164,8.216950721058742e-07,2
1.3679966305714005e-22,3.754880737565998e-21,0.9999991947173443,8.052833293861848e-07,2
7.119175674401571e-24,6.836686149279414e-21,0.9999996731513044,3.268491081478173e-07,2
5.065345165579157e-23,1.0570734073000522e-20,0.9999993312742352,6.687256629832639e-07,2
6.996250317439695e-23,2.3081985342601115e-21,0.9999974039798917,2.596019536554989e-06,2
2.0797141480810058e-22,2.0276879167394866e-20,0.9999991664466342,8.335534344748464e-07,2
1.358734110102296e-21,4.008403791361407e-20,0.9999996785609772,3.2143990546020885e-07,2
1.870588055352481e-24,1.0261954404558391e-21,0.9999988922469807,1.1077527793123044e-06,2
3.599987009457242e-22,7.590112133764163e-21,0.9999993470685098,6.529316225979206e-07,2
7.741622895659008e-22,3.3468478318283343e-20,0.9999995901872283,4.0981287181059076e-07,2
9.302763011134265e-21,8.428358763977928e-21,0.9999987461313725,1.2538692580159524e-06,2
4.550085019323074e-21,8.368325814526616e-20,0.9999997024461197,2.9755401678241256e-07,2
1.0872525382167312e-15,5.979789399626024e-20,0.9999964755614463,3.5244378509444493e-06,2
4.064368937628828e-18,4.870401615141172e-19,0.999999757659709,2.423399283390936e-07,2
5.624010148621776e-19,2.5690590778958362e-20,0.9999997633949813,2.3660536777744165e-07,2
7.012849356331285e-18,4.6774792760681874e-20,0.9999996035495191,3.9645088527974223e-07,2
1.1215808693435484e-17,2.9270909252528963e-20,0.9999991565404263,8.434601600814265e-07,2
5.873708349428767e-17,2.3850078981280724e-19,0.9999997080777092,2.9192318837330214e-07,2
1.4824408981118819e-16,2.070275713607659e-19,0.9999997435370789,2.564635335161912e-07,2
7.571035512352157e-16,2.748776968356473e-19,0.9999995918898017,4.081110205918885e-07,2
6.591245635547232e-14,1.6126616519543242e-18,0.9999996277675347,3.722320950460317e-07,2
2.8043144590486383e-13,2.8024168517557723e-18,0.9999996627139467,3.3728581113949523e-07,2
1.3075175718736802e-12,7.07526141038097e-18,0.9999997018149305,2.9818404498162896e-07,2
4.461595699492381e-10,8.599579553662414e-17,0.9999995554609165,4.4409298593939827e-07,2
6.560380127402571e-09,2.7620951843284226e-16,0.9999990295678051,9.638719368010982e-07,2
5.6846491178646434e-08,5.843425975204656e-16,0.9999988109382477,1.1322159714183089e-06,2
2.1595210168999512e-09,5.682059461087585e-16,0.999999495055945,5.027843003398776e-07,2
1.6196759040536504e-09,2.248985612628038e-16,0.9999994472438338,5.511369446054346e-07,2
1.9932207588772933e-10,7.893762766913336e-17,0.9999994254960087,5.743047306057941e-07,2
6.28941494180177e-10,2.862697609794225e-16,0.9999993371404722,6.622301499453197e-07,2
1.8292076004188644e-08,1.2611813681425563e-15,0.9999990029960341,9.787118050741156e-07,2
1.7850570505931172e-07,8.674049920468967e-15,0.999998732652678,1.088841248547968e-06,2
4.3662970440273515e-07,1.9506558495150778e-13,0.9999983288521755,1.2345173516324464e-06,2
2.1124768241256996e-06,4.3629686595927615e-14,0.9999859836698348,1.1903854128421637e-05,2
4.969706845914601e-06,3.902769954961957e-12,0.9999929919240461,2.0383657312633533e-06,2
9.282751511557269e-07,7.72806678152549e-13,0.9999921147829647,6.956941843529378e-06,2
0.00047194466802201717,1.122069922641161e-09,0.999428458027809,9.959618141330803e-05,2
0.3056599471441096,9.195333889232991e-08,0.6937372093498492,0.0006027515531506812,2
0.6674284471423233,5.462148211502438e-06,0.33231636217936833,0.00024972853055375285,0
0.8448085067953235,9.550788553271264e-06,0.15497403177823085,0.00020791063791449543,0
0.9594081739519758,9.186980987328243e-06,0.040476088941546126,0.00010655012637818331,0
0.9907028150960481,1.6424776796264388e-05,0.009259428527759649,2.133159858171763e-05,0
0.9994851607480179,2.974022497214849e-05,0.0004554073660436842,2.9691660946858212e-05,0
0.9998165344303132,0.0001327382723722506,2.8890700734295746e-05,2.1836596628637404e-05,0
0.9997815196817775,0.00017721430671582345,1.8821814052981872e-05,2.2444197525553965e-05,0
0.9997359212878868,0.00023183355098255784,1.1071718786730023e-05,2.1173441480995735e-05,0
0.9997828399713412,0.00018737456524148418,1.0685162176132172e-05,1.9100300650250196e-05,0
0.9996585969583491,0.00031044031821272054,1.2968484023318028e-05,1.7994239980124203e-05,0
0.999494969187993,0.0004581824461662463,1.1289583007760133e-05,3.5558783713817646e-05,0
0.9998654671553326,6.669974553349755e-05,5.204099637004715e-05,1.5792102890533666e-05,0
0.9999290928446558,2.9942396871589322e-05,1.7431309276168155e-05,2.3533448780875783e-05,0
0.9999446703359981,1.4708774622004287e-05,2.7604917288564383e-05,1.3015971430828736e-05,0
0.9999158990091274,2.393159519125527e-05,1.298722245140865e-05,4.7182173925581765e-05,0
0.9999221656659706,4.967855751915881e-05,1.5937570127400195e-05,1.2218206496724578e-05,0
0.9999005717192967,6.783996635769846e-05,2.2849706669996748e-05,8.738607838734127e-06,0
0.9997273733280918,0.0002423005462161625,1.4358210679023852e-05,1.596791467156311e-05,0
0.9992303910643245,0.0007173723471610982,1.5348323728172368e-05,3.6888265660348066e-05,0
0.9988224275172927,0.0010764212604548503,9.623972617800712e-06,9.152724926131109e-05,0
0.9994360682908665,0.0005259885741220901,1.2456484276707047e-05,2.5486651634943243e-05,0
0.9997366016687302,0.0001139057996963705,2.584537689052041e-05,0.00012364715538125905,0
0.9999150201459344,2.9467470677585846e-05,4.675486019152857e-05,8.757522371396797e-06,0
0.9999270142476668,6.490555364122875e-06,4.21127102636953e-05,2.4382486387767645e-05,0
0.9999169784291064,8.813627422073025e-06,3.6566810593457234e-05,3.764113225597435e-05,0
0.9999255410257991,3.550242845419843e-05,3.115144011516423e-05,7.805104768241179e-06,0
0.9998672501578227,7.974640471987874e-05,1.7341468175697163e-05,3.5661968442346535e-05,0
0.9998812124394456,6.061281521184334e-05,1.7695526446019382e-05,4.047921832652308e-05,0
0.9998215287058951,0.0001398588037104181,1.8922232122033914e-05,1.9690257518016266e-05,0
0.9997850795692058,0.00016027370571173406,8.695656430200795e-06,4.5951068368400914e-05,0
0.9997293117494788,0.00023831746271143675,1.3229576043541587e-05,1.914121120144722e-05,0
0.9997032821510339,0.00024599964584997707,1.0267585068968767e-05,4.045061800857129e-05,0
0.9994641899785214,0.000503799736484314,1.1421443472039352e-05,2.0588841967588088e-05,0
0.9994372640626052,0.0005224431756718491,1.2260302018569377e-05,2.8032460138897053e-05,0
0.9995189542778912,0.00041797846665290127,1.3365733326088225e-05,4.970152133134187e-05,0
0.9996347434953895,0.00033380444350085203,1.1513469848187215e-05,1.993859203758045e-05,0
0.9997268063456202,0.00021019905065501615,1.4288651293149179e-05,4.870595283057797e-05,0
0.999694717498865,0.00026961461293270914,9.891238662418339e-06,2.5776649853734818e-05,0
0.9997724557130796,0.0001971114937242192,1.4728076425912462e-05,1.5704717391437895e-05,0
0.9998855362586454,1.7913923496498168e-05,8.373853435816719e-05,1.2811282970185954e-05,0
0.999823696054694,6.773517711359977e-06,0.00014068211456772967,2.884831289825826e-05,0
0.9998068990934482,3.8511035126853906e-06,0.00010245251362536384,8.679728924453303e-05,0
0.9998956882011792,1.842777714836364e-05,7.422910899031369e-05,1.165491213901092e-05,0
0.9998272040363599,0.00012815129663095245,2.3968077486534914e-05,2.06765886986989e-05,0
0.9995966750606249,0.00018949233658205537,5.382518235536594e-05,0.0001600074204346114,0
0.9998054989776535,0.00016157846289852035,1.6720375214717667e-05,1.6202184636532444e-05,0
0.9997057966209422,0.00020341107132547506,1.9724159163743826e-05,7.106814781198148e-05,0
0.9996581220697351,0.00024075625628524727,1.4550486400409031e-05,8.657118752535605e-05,0
0.9991659545161736,0.0007769532318878207,1.0809808204053023e-05,4.628244361185815e-05,0
0.9988662766585598,0.0010678531155229897,1.0503957993433956e-05,5.536626753770964e-05,0
0.9992431556751766,0.0007117331307495816,1.2892788482146382e-05,3.221840522367793e-05,0
0.9996255800012434,0.0002615294699679183,2.1047744463644533e-05,9.184278392270044e-05,0
0.9997400549529848,0.0001675447672202527,3.340611888040623e-05,5.8994160767451026e-05,0
0.999879254646455,9.313977550740134e-05,1.4912146132773231e-05,1.2693431452137428e-05,0
0.9998875997498857,6.849919020712758e-05,2.1339544636847917e-05,2.2561514830674585e-05,0
0.9997927545533878,6.592238536093434e-05,0.00012866859294647788,1.2654468936618778e-05,0
0.9968301206591883,2.446755671234225e-05,0.003106805430488261,3.8606353541113054e-05,0
0.9398000718413326,8.804090926363035e-06,0.06010494113635549,8.618293159965362e-05,0
0.7526158610546311,7.086059920633632e-06,0.247237999662663,0.000139053223628539,0
0.3542035082044053,4.979629259090334e-06,0.6453458522496601,0.00044565991674500944,2
0.20225636288986254,3.937424801658118e-07,0.797488701554781,0.00025454181350666747,2
0.06440660610551885,4.934259123153795e-07,0.9355494734215452,4.3427047471252186e-05,2
0.021914463568960565,3.0847452555952224e-07,0.9780579314618765,2.729649460453976e-05,2
0.018030146341888903,1.7896352305927897e-07,0.9819517033460303,1.797134828509383e-05,2
0.01723641667324079,1.1869613034091635e-07,0.9827458511495017,1.7613480952101603e-05,2
0.01710882856051563,2.784677011511963e-07,0.9828785506386041,1.2342333507321987e-05,2
0.020018925372566842,2.843006665581464e-07,0.9798553987602666,0.00012539156699101683,2
0.13968564064929173,1.6140548550014852e-07,0.8596699912839897,0.0006442066608085365,2
0.4097113711891235,1.6466650142546376e-06,0.5898034195227766,0.0004835626222092898,0
0.5821546461115099,7.015197709783763e-07,0.4165475059982707,0.0012971463707605192,0
0.7432632485043449,1.1172629285537901e-05,0.25649253673054884,0.00023304213625326936,0
0.8837532303496739,1.0051193497777074e-05,0.11500815600699095,0.0012285624493548607,0
0.9759522671015979,7.77090849765629e-06,0.023806765082699657,0.00023319690755955233,0
0.9934221321290293,7.301620698132635e-06,0.006537603235686739,3.2963014468894645e-05,0
0.997555494452535,9.139559009783589e-06,0.0024057735871464408,2.95924007783012e-05,0
0.9992541235303711,8.874073238766936e-06,0.0007146593542800031,2.2343042289801865e-05,0
0.9997899211828845,2.199428801072058e-05,0.00017091465858213545,1.716987111295172e-05,0
0.9998253991248139,0.00011607832853495847,4.0135909323630595e-05,1.8386636492593643e-05,0
0.9991134710499746,0.000835678250998517,2.9977790241504054e-05,2.0872909391860026e-05,0
0.9923320929372087,0.007370732114494074,1.8854592879529118e-05,0.00027832035487527167,0
0.9318594353012931,0.06657967552948021,2.1129190642636267e-05,0.0015397599781786424,0
0.5681193551107199,0.4173805888371041,5.74908304989673e-06,0.014494306968640602,1
0.3023997557385891,0.6951969962645281,1.5892192139361866e-06,0.0024016587770820147,1
0.11429751046810188,0.8842185217257992,9.237831730250385e-07,0.001483044022386062,1
0.010236299266553143,0.9868510570707411,6.315396138387532e-08,0.00291258050838463,1
0.0019709203641759088,0.9975482273110065,7.350959258042045e-09,0.0004808449745546905,1
0.0002700725504274306,0.9993640007031602,1.4017744467531802e-09,0.00036592534487417513,1
7.533852110715668e-05,0.9994815214381293,1.667700992851959e-10,0.00044313987368978236,1
1.7892200920880737e-05,0.9995739638695889,2.523952686025702e-11,0.00040814390399619986,1
1.5111583187363704e-05,0.9996995617863071,2.644363377365049e-11,0.00028532660371923235,1
2.292476831217265e-05,0.9992270503604143,1.6694113950268188e-10,0.0007500247052011057,1
3.1468123121397264e-05,0.993913510749066,9.489830287887455e-11,0.006055021033087202,1
5.7860135691218395e-06,0.9989990265844134,6.283446499813956e-11,0.000995187339016693,1
4.4240820089786994e-07,0.9997473825850499,9.696918267083825e-12,0.0002521749979467083,1
0.0001767880238940762,0.9995237189434414,2.746518306875545e-10,0.00029949275761085876,1
0.0013054250088743275,0.998222164648365,4.861795722623223e-09,0.0004724054818323672,1
0.011350458257304198,0.9826442426556359,7.968778884535495e-08,0.0060052193995976015,1
0.015474096035235248,0.9812547606415261,1.76218863648654e-07,0.003270967103786399,1
0.013477217532981893,0.9858457863057569,1.4343555773360512e-07,0.0006768527264584432,1
0.008064992452331998,0.9910910246655534,7.381701402710937e-08,0.0008439090656259001,1
0.0050259856840239045,0.9925721375156223,2.4515407994686383e-08,0.0024018522858176663,1
0.0012603530549455235,0.9977228727733574,5.155478528958648e-09,0.0010167690160675,1
0.00024502360628830903,0.9994534675230892,1.9334780988373646e-09,0.000301506936898957,1
0.00011294723043015476,0.9987736328515643,2.5615637898023574e-10,0.001113419661602332,1
3.907954280344151e-06,0.9993955368412593,1.1183519871672436e-11,0.0006005551938228323,1
4.6117554079865543e-07,0.999726021357285,4.672214353316399e-12,0.00027351746248789903,1
2.268062069233202e-10,0.998924278755052,2.2747379612073452e-14,0.0010757210176359628,1
7.548105164398859e-11,0.9996877137153649,2.318819915411314e-14,0.00031228620833887995,1
1.4067607310643426e-10,0.9997765892328094,1.6524341112366256e-14,0.00022341062617811186,1
4.38106724805117e-12,0.9996074424346638,3.6364813895311705e-15,0.0003925575610420326,1
1.6386113904531477e-12,0.9995607224105679,2.2089849539421307e-14,0.00043927758828919363,1
3.579117969903081e-15,0.9979111578105418,7.15806311328493e-16,0.0020888421887996535,1
3.1423569013215473e-15,0.9994436618283054,7.748607935073155e-15,0.0005563381722421334,1
3.754868662784445e-16,0.9987322346214682,5.444093336394456e-16,0.0012677653776322262,1
1.4232615808250835e-15,0.9995168880384795,1.3905073605893681e-15,0.0004831119606173957,1
8.688786940542845e-15,0.9994102795825455,6.779212964380892e-15,0.0005897204181964481,1
2.6818118335944246e-14,0.996576847812163,4.520773707644713e-15,0.003423152188212327,1
4.177028837571796e-15,0.9984636096348881,1.668745590105262e-14,0.0015363903659895066,1
2.54546437961641e-16,0.9970701202432248,1.342086179634506e-15,0.00292987975681664,1
4.107614910721474e-16,0.9992805610490763,2.673965903383264e-15,0.0007194389508705571,1
2.6953797267155773e-16,0.999168969194713,1.0663070739987567e-15,0.0008310308044098496,1
2.1149234297601813e-16,0.9990298882360629,4.837106845917507e-15,0.0009701117644095738,1
1.6259959268730348e-19,0.9960785647157231,4.570380979697355e-16,0.00392143528450881,1
5.52911098448013e-20,0.9964051191343828,3.5838956634674257e-16,0.003594880866510789,1
1.9823695114550005e-18,0.9985578183250782,3.0436154029452804e-15,0.0014421816753806109,1
2.940190331401879e-17,0.9968407586076791,8.89653047669101e-16,0.003159241393221607,1
3.7510715818452556e-17,0.9980979068345199,1.4306126080406473e-15,0.001902093165906205,1
1.4956513666129055e-16,0.9990292382785732,8.458880392699998e-16,0.000970761721339315,1
2.1585954797986986e-16,0.9993218308340562,2.5866461833982434e-15,0.0006781691650662509,1
8.970310178291221e-15,0.9975441286652854,7.405964104456876e-15,0.0024558713344186227,1
1.5621840413233455e-17,0.9961001525277984,1.5088857936327212e-15,0.0038998474714735058,1
3.108905795879594e-17,0.9990326427710103,1.554769169759246e-15,0.0009673572287022318,1
3.606550912114075e-17,0.999159195221486,2.695517288489051e-16,0.0008408047787497217,1
3.076171906387492e-16,0.9993946393348797,5.764893774298168e-16,0.0006053606656775878,1
4.111052457312625e-16,0.9993909219402749,7.685190575360274e-16,0.0006090780598205057,1
4.492246141929146e-16,0.999065050622428,6.500873438855801e-16,0.0009349493775363581,1
2.7233758214948104e-16,0.9992487013287352,6.347156796242049e-16,0.0007512986708197555,1
4.629906003087287e-16,0.9991998147439388,8.286568076287233e-16,0.0008001852555337851,1
2.328444975349002e-15,0.9991334371020218,1.4042841841732028e-15,0.0008665628982219562,1
4.2188803477343545e-11,0.99939420111665,5.532853306944427e-14,0.0006057988413543337,1
1.088382449850067e-11,0.9995357138022669,1.6654693523581095e-14,0.00046428618642074056,1
8.42158953679776e-12,0.9994398421377649,3.956194105634885e-15,0.0005601578544933641,1
4.3188923427199405e-11,0.9997857574956601,1.1840155269499851e-14,0.00021424246081038452,1
5.3757938135061374e-12,0.9997503492227365,2.357374744826669e-15,0.0002496507721148519,1
6.031631301610645e-12,0.999739179264901,5.848833736939965e-15,0.00026082072887700957,1
5.166342076463337e-12,0.9993729831521326,2.3568820236210377e-14,0.0006270168425171394,1
2.464842622724852e-12,0.9966633535129399,7.295068986678922e-13,0.0033366464844179202,1
1.894028869871313e-15,0.9275828996732809,2.289331726124907e-13,0.07241710032628598,1
1.455224224731804e-15,0.3613559260454308,2.357641440697896e-12,0.6386440739523462,3
1.908290807716185e-14,0.058270140542028684,2.8272095082443076e-13,0.9417298594569062,3
1.2760808094636449e-15,0.9198448833106347,1.8190665629563515e-12,0.0801551166871092,1
1.0797686435249577e-15,0.98554707173389,4.537686495590268e-14,0.014452928266747893,1
1.0407915974484907e-13,0.9990953321747178,7.923330466570608e-14,0.0009046678255840286,1
3.514699410580918e-14,0.9994208559125154,2.614090207473735e-15,0.0005791440871640268,1
4.3671918446857124e-13,0.9996348997240678,3.412402908506213e-15,0.0003651002759179125,1
3.1332034334595103e-12,0.9996078358877067,8.125546212656564e-15,0.0003921641096007791,1
1.1446558615417245e-11,0.9994365835073424,1.0970064723888534e-13,0.0005634164809027425,1
9.92427353847604e-12,0.9960335200518949,1.6971351272955215e-14,0.0039664799390416805,1
2.5422152760467306e-12,0.9996272862086913,1.364047787709134e-13,0.00037271378841530385,1
1.067235173566072e-10,0.9986325621602467,1.5898385977884534e-14,0.0013674377330928397,1
1.7114080588438546e-08,0.9997864206318927,4.689899086992457e-13,0.0002135622531646392,1
3.210656811882651e-10,0.9997405088639153,1.0269407736225835e-14,0.00025949081423133657,1
1.7341887385294527e-10,0.9997999126393405,7.861775308041362e-15,0.00020008718643553034,1
2.8128925477268607e-09,0.9998151676333005,4.2207128458880354e-14,0.0001848295540432165,1
1.737387075815888e-08,0.9996150988250811,5.049344820981189e-14,0.00038488380080247726,1
2.2321964919762513e-08,0.9997696402311848,4.823370378775306e-13,0.00023033744600607376,1
4.592969624474327e-08,0.9991593549035334,1.2277475528648487e-13,0.0008405991674547221,1
3.311291660597438e-08,0.9997606933104818,1.880726306729633e-12,0.00023927357526381518,1
6.521596298437885e-07,0.9987943167267622,7.175797351935366e-13,0.001205031112720944,1
1.5284807428172747e-07,0.9998008939410151,1.47078624505563e-12,0.00019895320928382302,1
8.729396126623778e-07,0.9996845016574014,4.274918584730214e-12,0.0003146253991901374,1
8.057304238393568e-06,0.9976637105153325,8.061189396941536e-12,0.0023282321726090993,1
5.973331826043823e-06,0.9989905981683994,1.7549459937870624e-11,0.0010034284828867,1
6.349591308873948e-06,0.9997238912173393,2.0610574953988605e-11,0.0002697591711273037,1
7.217785883802633e-06,0.9994197882938423,5.5257177722094375e-12,0.0005729939152157611,1
5.814792737009401e-06,0.9995437155044214,1.3232920022135668e-11,0.0004504696891321534,1
5.439117041417976e-05,0.9996863232877167,2.2437446886021556e-10,0.00025928531805461796,1
0.0010035517813122951,0.9982846185913947,2.645271029636038e-09,0.0007118269828340156,1
0.00870647231499484,0.9899783222074232,6.176884371749028e-08,0.0013151437085259462,1
0.0570147250106678,0.9381619986092736,1.925315906106961e-07,0.004823083848844391,1
0.19212767432314934,0.8003330002683352,1.32053125617512e-06,0.007538004877605633,1
0.6676275587702993,0.3299016005935697,5.127883614353732e-06,0.002465712752133143,0
0.8690884662818298,0.1298932361823967,8.415639798438045e-06,0.0010098818957240828,0
0.9363108390363937,0.06333336959643823,1.0812768193134285e-05,0.0003449785991730815,0
0.9568724560120958,0.0428682598000523,9.692673696962716e-06,0.0002495915135783741,0
0.9740550329841092,0.025794710453410658,1.0836278712338928e-05,0.00013942028366175057,0
0.9838434900805889,0.016036790069186034,1.1807488777914892e-05,0.00010791236194324707,0
0.9904801355388922,0.00940115236740497,1.5399732377807993e-05,0.0001033123609243068,0
0.9954272455636611,0.004511381402449059,1.2937570141574651e-05,4.843546400909848e-05,0
0.9980091592916668,0.0019464489789722443,1.1032281004537441e-05,3.335944785130511e-05,0
0.999315138463032,0.0006148804589495808,1.3722894141133184e-05,5.6258182974516136e-05,0
0.9998686835013648,9.320582275866672e-05,2.631345650075223e-05,1.179721857715977e-05,0
0.9999037759940149,6.441458557678556e-05,1.833154132011052e-05,1.3477878986181985e-05,0
0.9999113734560546,6.0713530589898284e-05,2.0207895446846932e-05,7.705117835153371e-06,0
0.9999162442352534,5.683727155982452e-05,1.5316938927023516e-05,1.1601554250521165e-05,0
0.9999188889969776,4.7646309749320164e-05,1.5861152099031482e-05,1.7603541567275855e-05,0
0.9998426087586101,9.85020713919562e-05,2.802454288508469e-05,3.086462780305284e-05,0
0.9999036036850125,6.936646989399715e-05,1.7037805242736825e-05,9.992040533356897e-06,0
0.9998887965183733,7.636760888691627e-05,1.451688379353508e-05,2.031898961803606e-05,0
0.9997538545847721,0.00021546162246848975,1.2404531107573194e-05,1.8279262333505768e-05,0
0.9997453888145096,0.00013689008565195276,1.3866115064596739e-05,0.00010385498431553832,0
0.99982348647679,0.00013534570425134863,1.8448505745931855e-05,2.2719313088591318e-05,0
0.9997022759742388,2.3494508047284485e-05,0.00026328011701431313,1.0949400636714028e-05,0
0.9969338289069709,1.6865304285814517e-05,0.0030344182744591894,1.4887513984623107e-05,0
0.979938009960926,1.1683432267809837e-05,0.020019825881061534,3.0480725882538254e-05,0
0.9116324400244933,6.901847832526517e-06,0.08825837948951988,0.00010227863806877758,0
0.6539265962211551,2.7243495980448373e-06,0.34588868612649254,0.00018199330277428457,0
0.17546978690076345,1.8839069942960283e-06,0.8243716704167243,0.00015665877461049825,2
0.08917207792089894,9.205833160537076e-07,0.9107974988091805,2.9502685806674186e-05,2
0.062360653015145553,6.413247739831111e-07,0.9376203316814825,1.8373979020143002e-05,2
0.04291624872114851,2.3416775231087926e-07,0.9570550079256271,2.8509185145152618e-05,2
0.02476206699675561,8.411597756826242e-08,0.9752215756590664,1.627322839150279e-05,2
0.003387874757154693,6.376440266684532e-09,0.9965991957526737,1.2923114497800763e-05,2
0.0002620645020710757,6.367777075245148e-10,0.9997344118446843,3.5230157968342975e-06,2
3.790570090689597e-05,2.5179021923519506e-11,0.999958659128966,3.435144097047677e-06,2
7.335817863407475e-06,3.383764904368507e-13,0.999989401619816,3.262561185500715e-06,2
4.004129663263471e-06,2.349354382891908e-13,0.9999942817648626,1.7141054386100152e-06,2
2.0319665430625306e-06,5.716827959180862e-14,0.9999962918332671,1.6761997549357828e-06,2
2.3347253986144975e-07,2.9230673333808484e-14,0.9999984107811437,1.3557462123039308e-06,2
3.5825350729087352e-06,7.273068824170598e-14,0.9999943654269864,2.0520371938203808e-06,2
6.804505181395062e-07,3.6980624521751276e-14,0.9999978101356067,1.5094143704083285e-06,2
4.1661533771214423e-07,1.9717592742093225e-14,0.9999986538705309,9.295146965228475e-07,2
2.422876403509374e-07,5.895070022904139e-15,0.9999988618917196,8.958209342341152e-07,2
1.7369306861576892e-07,8.859357992758423e-15,0.9999990205237986,8.05783773830119e-07,2
2.789290128634699e-07,6.029585518360372e-15,0.999998581571259,1.1394995133423033e-06,2
1.2251370251584853e-07,8.543338573893744e-15,0.9999989571429959,9.203439812473005e-07,2
2.5151183906667994e-08,3.834296089648269e-15,0.9999989807771008,9.940720610337597e-07,2
3.219828781481564e-07,5.594600836276126e-15,0.9999975159838798,2.1620341365874076e-06,2
8.063476571718187e-08,6.511635643442745e-15,0.9999985890000012,1.3303645289241306e-06,2
2.6753326343133633e-07,1.660322587759193e-14,0.9999987278814748,1.0045848089908545e-06,2
4.592468957591669e-07,2.001729934745661e-14,0.9999982858567958,1.2548965632806446e-06,2
2.3186027406498852e-07,1.9157310455014297e-14,0.9999983571883455,1.4109520083033391e-06,2
1.4785969269452013e-06,1.5367901145254617e-13,0.9999972697388312,1.2516642414151217e-06,2
1.5601481441564053e-06,7.881511154427518e-15,0.999994959462099,3.480388987595397e-06,2
1.4164788606261448e-06,2.8782013854151587e-13,0.9999973669962958,1.2165249893950503e-06,2
4.7029779594486555e-06,5.47542965234187e-13,0.9999928231175698,2.473903976060189e-06,2
1.3871354865175404e-05,5.792140779416838e-13,0.9999806631217912,5.465522871990914e-06,2
8.057120427367574e-06,1.6535995642354565e-12,0.999990084985298,1.8578926610251636e-06,2
6.778124975439943e-06,6.038552525094538e-13,0.9999908223929246,2.399481255241109e-06,2
5.196635888912417e-06,3.4039268972822127e-13,0.9999915045588545,3.2988052286265304e-06,2
7.021108141669897e-06,1.971047639858949e-12,0.9999901807887055,2.798101871651069e-06,2
1.8983278613858687e-05,1.2549803242355907e-11,0.9999770639653524,3.952743756030887e-06,2
0.00022174529311727234,1.6536756130293133e-10,0.9997709764666741,7.278074977769903e-06,2
0.00048734880287814724,1.2327454823272686e-09,0.9995050768071149,7.573157012407224e-06,2
0.0005628611720865141,6.768056437806103e-10,0.9994291600202714,7.978130431439218e-06,2
0.00028137213011354456,8.46300192208896e-10,0.9997140345981461,4.5924248033603945e-06,2
0.0001941829063817546,6.932390207212752e-10,0.99980106592497,4.750475194758568e-06,2
0.00018732108550264485,8.712640699438612e-10,0.9997965508922119,1.6127151470096262e-05,2
0.00011659124928266268,1.674650824169431e-11,0.9997834580663011,9.995066718239401e-05,2
0.0009682352502440324,2.2277602872496543e-08,0.9990247824671503,6.960005850314009e-06,2
0.003635908196312025,1.54232256548657e-08,0.9963460787836532,1.799759627477881e-05,2
0.025645687056326427,2.7434966171684274e-08,0.9741850130855616,0.00016927242391873078,2
0.1680020098869412,5.529619586452819e-07,0.831753829868705,0.00024360728323521806,2
0.45360338908076075,1.2945871505987906e-07,0.5453015774807013,0.0010949039802198373,2
0.9497739486265027,6.388440194084493e-06,0.04989695646480477,0.0003227064687057403,0
0.9930208188647365,1.673840609492126e-05,0.0069369714780601645,2.54712503688864e-05,0
0.9989010976772591,2.330986561796726e-06,0.0010683382277869823,2.823310879260407e-05,0
0.9998475769604334,2.0178022590595744e-05,0.00012028576929021384,1.1959248502789134e-05,0
0.9999220032283224,2.565923542740817e-06,3.452549415998462e-05,4.090535473047009e-05,0
0.9999359868405209,2.5379414990393522e-05,3.052316035960024e-05,8.110584289057282e-06,0
0.9999323754693151,3.351331215605837e-05,2.5606461543305882e-05,8.504756906738904e-06,0
0.9999343428990153,2.644969726670851e-05,2.8337619112748555e-05,1.0869784355764905e-05,0
0.9999220448762939,4.779938259808827e-05,1.9543190570475327e-05,1.0612550639780989e-05,0
0.9999285744095469,3.789384031089792e-05,2.3899857988543256e-05,9.631892174412395e-06,0
0.9998976647127317,4.3590862044203355e-05,4.254656744652078e-05,1.6197858024554094e-05,0
0.9999306580116529,3.233490797474064e-05,2.5996693072359035e-05,1.1010387630048068e-05,0
0.9999216167014712,1.789087216945429e-05,3.741664837169193e-05,2.3075777875807345e-05,0
0.9999186436752547,4.197724092990693e-05,3.073035587922802e-05,8.648727334052545e-06,0
0.9999234594187211,2.5722912057374126e-05,4.330336990640302e-05,7.5142994570872125e-06,0
0.9999000223210446,2.282600525028884e-05,6.476300240677503e-05,1.2388671675151495e-05,0
0.9999104912283725,9.200848092414379e-06,6.90735898274532e-05,1.1234333121835825e-05,0
0.9998258240757585,1.409575458667351e-05,0.00014822787105825668,1.1852298911661938e-05,0
0.9999099777446573,1.8037212015800895e-05,6.462075104674517e-05,7.364292040444049e-06,0
0.9998588110338844,1.5252173464440593e-05,0.00011290681416847411,1.3029978708191037e-05,0
0.9990456213832746,1.3817504818064709e-05,0.0009263746776787776,1.4186434626029891e-05,0
0.9957417449087378,1.40437322129823e-05,0.004229374824155173,1.4836534269674227e-05,0
0.9880872622048645,1.2498939061907935e-05,0.011874727231749751,2.5511623949750696e-05,0
0.9763855644681417,1.2737670698628489e-05,0.023582389969367363,1.9307891073552557e-05,0
0.9513676018630706,1.594592016320069e-05,0.04858364080214487,3.281141492429667e-05,0
0.9284326579478713,1.582463841249654e-05,0.07152232697859592,2.9190434510027036e-05,0
0.912600915588024,1.3202156046146286e-05,0.08736242930421935,2.3452951880010217e-05,0
0.865483046389886,1.1716905211054442e-05,0.13445758572985447,4.765097514882932e-05,0
0.7985154268082565,1.1078513137643777e-05,0.20142722501458388,4.626966408951479e-05,0
0.6885067368813144,8.600500874720757e-06,0.311419610201758,6.505241658552323e-05,0
0.5250857505758848,5.0223514617145565e-06,0.474817784037511,9.144303469103578e-05,0
0.34778854139907267,7.719753236486783e-07,0.652110628140885,0.00010005848404151126,0
0.03926781202078739,6.339231319073955e-08,0.9606700058229912,6.211876466892763e-05,2
0.0016535890697545077,2.5322006417591914e-09,0.9983391423430502,7.2660541717625106e-06,2
1.9152772979706233e-05,1.0863343323945705e-11,0.9999779400673446,2.9071494666833334e-06,2
1.1492867448228723e-06,1.4210429927065788e-13,0.99999764829503,1.202417944857766e-06,2
1.2563381261618985e-07,7.387134261811077e-15,0.999998849222473,1.02514296030472e-06,2
2.8310973941332264e-08,2.7151960580829697e-15,0.9999991855696541,7.861196316563486e-07,2
2.598245502913786e-08,1.0743169107446372e-15,0.999999072381318,9.016366987056213e-07,2
1.1856331464762872e-08,8.894599561828181e-16,0.9999993875919301,6.00551153833153e-07,2
8.748884064624967e-10,5.256626919325163e-17,0.9999994594128663,5.397123630532523e-07,2
2.520055468527966e-11,1.7225389074139245e-17,0.9999996698389259,3.3013562509705905e-07,2
1.0119131606373597e-10,2.4807188902432475e-17,0.9999996257520952,3.7414744646315576e-07,2
1.2765292426106262e-10,1.1736392013295714e-16,0.9999996563092872,3.4356264515976656e-07,2
4.60940105176811e-07,5.2326124794229474e-15,0.9999982961067836,1.2429524541015422e-06,2
1.747384371886215e-06,5.2643793224250615e-14,0.9999969500068929,1.3026080683672393e-06,2
9.4952205733424e-07,3.9694984447810806e-14,0.9999979158550449,1.1346225258951395e-06,2
3.9446016321971575e-07,2.3575085460732934e-14,0.9999984757153264,1.1298244649818168e-06,2
4.245102764795224e-07,1.373620019995544e-14,0.9999980998090768,1.4756807925787595e-06,2
4.5900453087478973e-07,4.382349965803933e-14,0.9999983659413082,1.1750546458935756e-06,2
3.315922032706585e-07,9.824516078529166e-15,0.9999976811459019,1.9872624352531695e-06,2
6.488185213750761e-07,2.8482140058827524e-14,0.9999981354484692,1.2157330397294463e-06,2
7.267124285407181e-07,4.1909315316723746e-14,0.9999982390451849,1.0342426690597271e-06,2
4.451676560381437e-07,2.4381047563083064e-14,0.9999977481482235,1.8066845276579874e-06,2
3.7674222051105955e-06,1.4736694808074e-13,0.999994536814855,1.6957622290980125e-06,2
1.8288301810398523e-06,7.818804883750067e-14,0.9999966191028615,1.5520669125257398e-06,2
1.8676326663271013e-07,1.373936291282419e-14,0.999998811332968,1.001904224037739e-06,2
8.224817036504313e-08,3.457087792937495e-15,0.9999990961864106,8.215647130612814e-07,2
1.6304837495999032e-08,1.069656138437926e-15,0.9999992671603607,7.165356687269077e-07,2
6.710898297307277e-09,1.1174086438461582e-14,0.9999989803896565,1.012899666306632e-06,2
1.6043049352242626e-06,1.981564381868058e-11,0.9999870979350043,1.1297739979041904e-05,2
2.292521760971892e-05,2.5682660566818827e-14,0.9988074007233941,0.0011696740582524425,2
1.605838353321184e-05,4.6308354329861107e-10,0.9990043218587664,0.0009796192944718197,2
3.63703377938659e-05,1.8199713443828205e-09,0.9978570552374594,0.0021065726050303653,2
2.119032471623618e-05,6.091854881023772e-17,0.9875076846868384,0.012471124988541197,2
2.072585624526278e-05,2.0822677187337083e-08,0.9998942556210145,8.499769976813811e-05,2
1.2405343047551947e-05,7.65883160019911e-12,0.999964159553382,2.3435095708109703e-05,2
1.9163505716390076e-05,7.577729099166324e-12,0.9999672851066833,1.3551379952550836e-05,2
0.0005609218758800601,2.335106499924016e-09,0.999433847710767,5.2280783742885025e-06,2
0.010656682743722206,1.8891890066655616e-08,0.9893191264308839,2.4171933097025363e-05,2
0.05303769877956749,1.7035292165598506e-07,0.9468450851426339,0.00011704572399484804,2
0.15797278233607318,1.0474489482730113e-07,0.840697840668281,0.001329272251235738,2
0.6270486527525222,6.17325156267372e-06,0.3726124976038023,0.00033267639228703154,0
0.9197678282520325,8.556438874226322e-06,0.08005387180547456,0.0001697435043026195,0
0.9861742226147516,1.4597456708050872e-05,0.013779173180313483,3.200674792674491e-05,0
0.9979206366243327,1.3102858612386787e-05,0.002035724102936333,3.0536413617268e-05,0
0.9994175090380498,7.660936014935896e-06,0.0005630054847241147,1.1824540643425411e-05,0
0.9997393705017723,1.1507838942138614e-05,0.00023474810447296718,1.4373554636767852e-05,0
0.9997631025956969,7.550420836849231e-06,0.00020753651934472787,2.181046399006729e-05,0
0.9995811720758478,9.37103496411147e-06,0.00039646623185988713,1.2990657679673245e-05,0
0.9993175542836148,1.1466870713605148e-05,0.0006541327571500925,1.684608771079391e-05,0
0.9994610229927182,1.5902871866754978e-05,0.000512029606394322,1.1044529452099379e-05,0
0.9995738905900946,5.947144227532229e-06,0.00038022140923816465,3.9940856302467926e-05,0
0.9996634813278134,1.1984920754041998e-05,0.0003107951512241067,1.3738599447529615e-05,0
0.9993300268487287,1.2605313179604695e-05,0.0006357042076196515,2.1663630040688182e-05,0
0.999620153443842,1.2472518609719576e-05,0.0003574079748046702,9.966063625000638e-06,0
0.9997593667925281,1.300138382598014e-05,0.00021878552168024982,8.846301402743866e-06,0
0.9997760868493759,1.522195623531458e-05,0.00020025712905610355,8.434065519992327e-06,0
0.9998255901217453,1.5526625702163943e-05,0.00014915434509010667,9.728908315241553e-06,0
0.9998862707409627,1.3527183799864058e-05,9.228242410440543e-05,7.919650954677152e-06,0
0.9999187300520375,1.2030677779723227e-05,5.5794568749519596e-05,1.3444701441731124e-05,0
0.9999323202830913,2.632341088195504e-05,2.801652034009117e-05,1.3339786534470863e-05,0
0.9997931894219043,0.00011861122996423638,4.2920199665812694e-05,4.5279147747408185e-05,0
0.9971143300106278,0.0008750455712233656,3.2793781643063896e-05,0.0019778306366856355,0
0.9738154536178394,3.563095110955933e-10,1.6680090055460352e-05,0.026167865936040046,0
0.9985648787503014,0.00036771755429827676,2.5315375950735408e-05,0.0010420883195406746,0
0.9998013967588358,7.795943703369012e-05,1.0357301708355798e-05,0.0001102865030919933,0
0.9998473462877422,0.00012513511671832976,1.3626231678798812e-05,1.3892364634475099e-05,0
0.9998877644026819,8.428123117972592e-05,1.4365318761330083e-05,1.3589046676983545e-05,0
0.9998944909551932,7.361934900735793e-05,1.992569714522711e-05,1.1963999049349002e-05,0
0.9998494889725237,8.014870710804355e-05,2.122671679049006e-05,4.9135602909270966e-05,0
0.9995606099173183,0.00012688961812747142,9.666172274458696e-05,0.00021583874255211364,0
0.9850024666124287,7.677548908359738e-07,0.0004553314278435104,0.014541434204463593,0
0.9418438358088541,0.0008895822437975419,0.00268849869013526,0.054578083256817594,0
1.9987244999283075e-05,1.2777358567715232e-26,7.852319867091833e-09,0.9999800049024975,3
0.9490381345597558,0.0016176354648557397,0.0057416720069696356,0.04360255796904199,0
0.9944317931879264,6.513157647654583e-05,0.004021322454414694,0.0014817527813477816,0
0.9933308345101312,7.0547049133670845e-06,0.006343654208904657,0.00031845657693522366,0
0.9809596378282078,6.259225910420415e-06,0.016916017496854844,0.002118085449926686,0
0.9688613549184273,1.9940053964926343e-07,0.02240011309331457,0.008738332588020195,0
0.9814730262437085,2.5833140840220418e-05,0.017776844932687073,0.0007242956819535733,0
0.9888831447318139,9.253812469248639e-06,0.011042357848561812,6.52436066271395e-05,0
0.994954427388795,4.219893831314376e-06,0.004983724672489882,5.762804447932509e-05,0
0.9967082121351248,1.6238382949355951e-06,0.0027843234421820085,0.000505840584523904,0
0.9964106174877553,8.687919340327248e-07,0.003501877471549206,8.663624822993886e-05,0
0.9949152567341977,1.294781194687611e-05,0.005054263622517997,1.7531830640226e-05,0
0.9918220250384319,8.087423360296057e-06,0.008116715798964549,5.317174008634405e-05,0
0.9921436173875957,1.5240082799020659e-05,0.007814641255698411,2.6501274000734657e-05,0
0.9934086482880998,9.25700499754022e-06,0.006547869725227763,3.422498231674993e-05,0
0.997202309638363,2.6588705211891985e-05,0.002753494142713653,1.7607514594851363e-05,0
0.9992440331044695,0.00023333822827981368,0.00046600852131101184,5.662014658357539e-05,0
0.9935199674275279,0.005408475281185803,4.173091679392058e-05,0.0010298263745361124,0
0.9516984870628,0.024871290825348585,2.1971349387850415e-05,0.023408250762892074,0
0.7173451909451575,0.26919360866031816,4.2089337269556795e-06,0.013456991460852523,0
0.4285810167142764,0.5667564163446832,2.4509050537149557e-06,0.004660116035555859,1
0.21176558188521807,0.7860034916021591,2.2503925235036845e-06,0.002228676120269299,1
0.0952289778449834,0.9033151036591607,1.148805263048103e-06,0.0014547696900761376,1
0.037805126488681874,0.9594125223271549,3.4804080519501205e-06,0.0027788707767814696,1
0.023639840395319224,0.9410106589252365,1.3035282518274149e-05,0.035336465396765625,1
0.001179513667138464,0.15583571201058544,3.223425754349237e-06,0.8429815508970394,3
1.4816106010563285e-06,3.1143701144169155e-05,4.5472422123046287e-08,0.9999673292157343,3
8.583608654268794e-07,9.5964636335961e-09,3.684637789642227e-08,0.9999990951968812,3
8.526148766019802e-07,2.4028024995634968e-08,1.4023904969629454e-10,0.999999123216569,3
0.00015853821820938058,0.9753948260406068,4.731981466744853e-08,0.02444658842155613,1
7.5403728233617475e-06,0.9966641514410253,3.247161927247588e-10,0.003328307860583463,1
1.7129396194901021e-06,0.999633892339635,1.6218294740490263e-11,0.0003643947039036204,1
1.2337565324705364e-06,0.9997105586093378,1.5447369039731002e-11,0.00028820761916304675,1
3.038428016213879e-06,0.9973311193209383,1.2998686727634153e-12,0.0026658422496302677,1
3.6302247957407687e-07,0.9996825050791645,4.9250197338330225e-12,0.00031713189294142036,1
2.6459806754038886e-07,0.9996546064295854,7.294853891319677e-13,0.00034512897211812926,1
2.3102664966047856e-07,0.9996477789541507,3.442627707694181e-13,0.0003519900179592531,1
3.443872398696966e-07,0.9998055984151976,1.465179462500533e-12,0.00019405719546540165,1
6.228836668966698e-07,0.9993440699533919,2.444025941949251e-12,0.000655307160072412,1
1.2718092915485455e-07,0.9991265121149863,3.420730682586708e-11,0.0008733606705588015,1
2.6046873189945354e-06,0.9856907046891895,1.901025449037459e-11,0.014306690604395236,1
8.17092621562878e-07,0.9976278275010236,1.9354822056269856e-10,0.002371355213683075,1
6.274328177660737e-06,0.9989243722377535,2.50295214381676e-10,0.0010693531840908716,1
4.3503106160207956e-06,0.9978638266386325,1.074276613482249e-10,0.0021318229439608724,1
1.526833082557258e-05,0.9956415075402945,7.899499949505596e-09,0.004343216229448118,1
1.7469669854770236e-05,0.8373552995438441,1.0088608954847884e-08,0.1626272206969,1
4.298526291273843e-05,0.13243408081389035,6.277864274991878e-10,0.8675229332945665,3
9.935998355398657e-06,0.9490177225943958,1.0599504729518589e-08,0.05097233080830961,1
2.358685161050595e-06,0.9941867024021775,1.6050643916732277e-09,0.005810937306966713,1
1.6976503863257624e-06,0.9965134281128335,2.6528382530058706e-10,0.003484873971854601,1
1.1849794149038213e-05,0.993795590605156,8.16900579188842e-09,0.006192551432403407,1
0.0011879958659607873,0.8364060159974168,4.884619314516772e-10,0.16240598764772038,1
0.00017240630230195382,0.9947282699162808,8.760412331406328e-09,0.005099315020211273,1
3.5588724608470515e-05,0.9993728090022264,1.6374499331033842e-09,0.0005916006359842981,1
9.997650006420355e-05,0.9979595446580735,1.8482351678302749e-09,0.0019404769933678955,1
0.001785438584942579,0.9687537504351003,3.61154958229096e-08,0.029460774864965428,1
0.0733628563088414,0.19502393549649094,2.816201074625785e-07,0.7316129265750655,3
0.33661919351363984,0.00010259419953706233,9.471582009120177e-05,0.6631834964661542,3
0.9558706133747915,0.01393507689460987,0.00017432033565718106,0.030019989394156104,0
0.9906928268285656,0.00821644459218017,2.666432105091329e-05,0.0010640642579794037,0
0.9954493638783432,0.003751398030425985,1.5835952175127644e-05,0.0007834021385906805,0
0.9959203079873226,5.9793727008112114e-06,2.2443453265024996e-05,0.004051269186723964,0
0.9997604987161185,6.930748198876808e-05,1.3632556317394587e-05,0.00015656124629741787,0
0.9998931253102163,7.961662495051677e-05,1.559851625513523e-05,1.1659548801903471e-05,0
0.9998703329475965,6.074465433287865e-05,1.746258218525677e-05,5.145981645601944e-05,0
0.9993893100951308,1.962469054043147e-06,1.3144568199518708e-05,0.00059558286681289,0
0.9993262543653614,1.0534908796755967e-05,2.2631349358112034e-05,0.0006405793772847547,0
0.9997670205803451,9.147271848118571e-06,1.740636295942514e-05,0.00020642578487827472,0
0.9995100938257893,0.0003395553719488699,1.6120447572737686e-05,0.00013423035445138832,0
0.9984480455195202,0.00015737215647475058,3.851986611626196e-05,0.0013560624576089743,0
0.9953183224536164,9.397654437242899e-06,1.049392896657624e-05,0.004661785963656472,0
0.9905172645399773,0.0002571279847160239,7.420294704589241e-05,0.009151404528233084,0
0.9680946049290009,4.456675019331985e-10,6.442966438430716e-05,0.03184096496093905,0
0.9855468999215676,1.984881307021588e-05,0.0017894796380750354,0.012643771626435643,0
0.9754234306385354,5.572879120736893e-06,0.023344011764778443,0.0012269847178649894,0
0.8815268226009731,4.5935742353194117e-07,0.1174552564856525,0.0010174615566503058,0
0.6113857704895833,1.110712518656153e-07,0.38805220396409823,0.0005619144755038192,0
1.9402202774994768e-05,1.7990345905572274e-10,0.9999098536025388,7.074401467220799e-05,2
2.822691580399767e-09,4.2467623497720557e-13,0.9999971271741172,2.87000293809319e-06,2
7.1303282307323e-09,8.925216268118748e-17,0.9999825121977938,1.748067132924675e-05,2
1.0365993279367709e-09,1.339243406190419e-14,0.9999994380579424,5.609052138946493e-07,2
5.774022606901754e-10,7.379200922738002e-14,0.9999982629703107,1.7364513949419499e-06,2
7.958833369375073e-10,2.1630637109876567e-17,0.9996338347406044,0.00036616446304971775,2
2.106379372534507e-09,2.34757093910797e-16,0.9992115098122534,0.0007884880810235892,2
1.150022538579954e-08,7.528917555040605e-13,0.9998163802628829,0.00018360823635929068,2
7.235617783844808e-07,5.393892544662411e-12,0.9999960171596475,3.259273156172944e-06,2
2.48022959412775e-07,1.1482146309925701e-14,0.9999947363187237,5.015658298183231e-06,2
1.3321796352520345e-08,1.0678175779898103e-14,0.9999990582441456,9.284332269921366e-07,2
3.31873866003609e-08,1.3317713589423114e-14,0.9999987166674195,1.250144380829302e-06,2
1.3931919233794615e-07,1.2419851111867694e-14,0.9999952818582079,4.578822488962481e-06,2
3.3006431736504676e-07,1.3609676054670504e-13,0.9999926236759279,7.046258761269323e-06,2
1.9937174422132462e-07,4.019330554342943e-16,0.9999672213932089,3.257923428466263e-05,2
2.314101997019867e-07,3.2545665885175273e-13,0.9999985999066463,1.1686832413133207e-06,2
1.873063317777905e-07,1.9879923248968955e-14,0.9999985261740169,1.2865199759096293e-06,2
1.8086080524573717e-06,3.3817342303456996e-13,0.9999965157755232,1.6756165354752825e-06,2
7.461337063280491e-06,7.051692021223905e-14,0.9999788406877435,1.3697975120084164e-05,2
2.4194380012027897e-05,4.730644291882809e-13,0.9999631900781616,1.2615540812049276e-05,2
4.525676744301672e-06,6.284632001913706e-13,0.9999906960689158,4.778254612105038e-06,2
3.4261296523526324e-05,1.2261358944792692e-11,0.9999587673052563,6.97138513225392e-06,2
0.00030526353627884496,9.59100847201484e-10,0.9996815061387321,1.3229365657858572e-05,2
0.005361994096178121,9.164569608032904e-10,0.9945497999706365,8.820501756737155e-05,2
0.017275641902222902,2.261352188204296e-07,0.9826911589750671,3.2972986890012035e-05,2
0.04924812700131008,3.5611207831234334e-07,0.9507081589964748,4.335789020600812e-05,2
0.07206478956485965,9.93463547409377e-07,0.9274774161356723,0.00045680083617162173,2
0.10532997434616273,2.7882806743290324e-05,0.8888786583102236,0.0057634845366824495,2
0.11185416920726908,0.00014308168931394374,0.7825786643037269,0.105424084799192,2
0.0019736926159774617,2.1660093335328568e-15,0.002191744345597255,0.9958345630390413,3
0.03349010334845429,7.342613979423698e-07,0.002021613572486049,0.9644875488177822,3
0.6241360526776603,0.0001679250881869645,0.019351393921864666,0.3563446283122573,0
0.745560145238261,2.3114127967715437e-05,0.012604078003991034,0.24181266262952195,0
0.7576920206220439,2.8785541059233813e-05,0.008095385747653963,0.2341838080892264,0
0.7119469300693715,4.5400352418223195e-10,0.0011796872454546954,0.28687338223087777,0
0.9759438455711142,6.82012473744358e-05,0.0004707737186732761,0.02351717946229494,0
0.9929529293022521,8.826044768974269e-06,5.943801624690328e-05,0.006978806636696889,0
0.9987374362063867,0.00021081637669328454,3.7710624395832554e-05,0.00101403679163899,0
0.9948403714905395,1.3185950115722314e-07,5.134885256837973e-05,0.0051081477976458465,0
0.9998401485473782,4.545394073333445e-05,2.771709719541429e-05,8.668041386043022e-05,0
0.9999120533360831,3.066165305091191e-05,4.710068580073505e-05,1.0184325830724275e-05,0
0.9998525143559825,8.096255063221481e-06,8.420352465859049e-05,5.518586384582181e-05,0
0.9998767559563739,2.9053658819496565e-05,6.827772981296318e-05,2.591265545133439e-05,0
0.9999049246414287,5.7915633367092724e-05,1.4152081904164285e-05,2.3007642741549462e-05,0
0.9996044638695281,1.0357336937130853e-05,1.0320222915560037e-05,0.00037485857088343736,0
0.9997008037690384,2.3469331453464798e-05,7.852500677128912e-06,0.0002678743996522557,0
0.9992003585102365,0.0007061473142821467,9.850934103356042e-06,8.364324170572684e-05,0
0.9977270353503663,0.0012106982999253266,2.377124347547032e-05,0.0010384951055442328,0
0.9907388426298419,0.00010892555897119721,3.110496348687926e-05,0.009121126847730952,0
0.9878986333464016,0.0015688063354100657,3.514584712507608e-05,0.01049741447156537,0
0.9827744482718148,0.005422831995573806,2.7297217994565043e-05,0.011775422515427814,0
0.9613595148518427,0.0017284480165153735,9.85285750363476e-06,0.03690218427348688,0
0.9501655162684026,0.033834357120215146,1.8472118196778288e-05,0.015981654493103296,0
0.9573136308256978,0.02590467363204776,2.2071036655001536e-05,0.01675962450550064,0
0.9587029698969896,0.000851740053632541,2.0781402595504517e-05,0.04042450864753821,0
0.9605964754407958,0.007209900176451102,9.204958342186495e-06,0.03218441942451806,0
0.9194156053200451,0.07029016941145295,4.110988081969772e-05,0.010253115387664524,0
0.8390832446788811,0.10903927855852313,0.0004599589878324273,0.05141751777500674,0
0.025225716621253506,2.31754312774389e-09,9.406512653089916e-06,0.9747648745485221,3
0.0183040238057961,4.453807353496342e-05,6.08025849063843e-06,0.9816453578617164,3
0.011677769460218966,0.0002957815191760794,9.962011479959643e-06,0.9880164870084135,3
0.010280004971275663,0.03434075532281038,3.6149339857028623e-05,0.9553430903651509,3
1.362022103239633e-07,4.1398455681161055e-09,4.882699015782683e-09,0.9999998547755345,3
0.0004807643706978442,9.686755864589009e-05,1.2882925471292729e-06,0.9994210797786267,3
0.004987919442289793,0.025435088266015288,4.599890376153159e-06,0.9695723924019819,3
0.02170095913458266,0.01727380265608639,1.005420313803658e-05,0.9610151840067882,3
0.36221728205117193,0.02033815080906386,5.953320675889063e-05,0.6173850339321836,3
0.7313403162195613,0.01954175528022772,0.0005155341580644566,0.2486023943415498,0
0.9516759733187522,0.002733137175952151,0.00013507238144061233,0.04545581712355614,0
0.9955758776206334,0.00038140196682479114,2.8775830054669785e-05,0.004013944582925513,0
0.9995449757369684,0.0002931414482749447,1.5969940113394585e-05,0.00014591287508307143,0
0.9997322554367785,1.5033357741269559e-05,1.7909601600577583e-05,0.00023480160386860695,0
0.9998795250775497,1.481621246038657e-05,8.752138599400374e-06,9.69065707565852e-05,0
0.9999351401446013,8.77926372483686e-06,2.0878942202442547e-05,3.5201648745907815e-05,0
0.9999168243444054,4.7908305991096586e-05,2.1882333229016346e-05,1.3385015569999686e-05,0
0.9996656152212858,8.072576118158534e-07,0.0002837713611238346,4.9806160623767525e-05,0
0.9993007755866548,3.0169642338232184e-06,0.0006338586672968853,6.234878139679566e-05,0
0.9992942438709372,1.6839011934902786e-05,0.0006670393776678448,2.1877739530762895e-05,0
0.9998083761178845,1.8102625645847467e-05,0.00016518135467049317,8.339901059637923e-06,0
0.9998521261936822,2.2351092420622547e-05,0.00011201133548007586,1.3511378625911377e-05,0
0.9997743241574872,5.925681315423957e-05,0.00013185591284340964,3.456311733304828e-05,0
0.9969322009629489,0.0006976060327222761,0.00029274467135199727,0.0020774483330890554,0
0.8742449197807125,4.79522069610057e-10,5.973166737900261e-05,0.12569534807298438,0
0.8975210279446239,4.276936748549824e-05,6.430132371169323e-05,0.10237190136334852,0
0.9804633295898473,4.714079925354853e-05,0.00012990272758730582,0.019359626883099796,0
0.9924922013095827,3.1793057462898565e-06,7.379775282218549e-05,0.007430821631697455,0
0.9915440402131439,0.00015601960336348596,2.9418260235332505e-05,0.008270521923710047,0
0.9357799579059441,0.05825531020087937,1.7537735752639408e-05,0.0059471941568409355,0
0.6816698116475871,0.30567580683566065,1.2285479036827546e-05,0.012642096037076155,0
0.6303573970791043,0.3665926654825148,1.3343829644558324e-05,0.0030365936083599438,0
0.6268275587630592,0.3695241869110931,2.008716783722078e-05,0.0036281671571448833,0
0.6732680724022856,0.31399502560148684,1.2675010605654435e-05,0.01272422698485488,0
0.8174885591918524,0.13943203577164362,1.3424240742194341e-05,0.043065980796036206,0
0.8683093470224248,0.10440966741775817,2.213509728147126e-05,0.027258850462671288,0
0.9110450023339157,0.07544067153399872,3.4365693147822824e-05,0.013479960438454392,0
0.9330591207104242,0.046715572884476905,1.6755354106614868e-05,0.020208551051249437,0
0.9311242678477403,0.05544894567207303,1.220553806680735e-05,0.013414580941496928,0
0.9433520874888534,0.037108311131801214,5.313755542084182e-06,0.019534287624694436,0
0.962935146368888,0.03423002846960563,1.2910296110965924e-05,0.0028219148647903257,0
0.9770651541756297,0.022073743320699873,1.1130872531471543e-05,0.0008499716311366535,0
0.9931990739514485,0.00539798810848435,8.661841336492732e-06,0.0013942760995690104,0
0.9982402285761685,0.0016758895404383252,1.1788161497889161e-05,7.209372237110884e-05,0
0.9994952082097841,0.00044346162187792077,1.6636377174905086e-05,4.469379087859303e-05,0
0.9998417554562115,9.70617431185725e-05,1.557263542176756e-05,4.56101660551299e-05,0
0.9997973301636247,0.00013940542033402957,1.1305321974354895e-05,5.1959093646535176e-05,0
0.9998650326555019,8.891167180905809e-06,1.035908645792453e-05,0.00011571709070321319,0
0.9999068382782621,3.335023549690155e-05,1.7005108225893176e-05,4.280637848057132e-05,0
0.999679242939033,0.000288582008187137,1.619935654945282e-05,1.597569672911036e-05,0
0.9987900260300091,0.0010321537878431096,1.1911006950898338e-05,0.0001659091748920396,0
0.987045654406598,0.01176414367705006,1.1487498071470296e-05,0.0011787144181619339,0
0.9042666720031716,0.0950805384620044,9.805640807183778e-06,0.0006429838934519647,0
0.7375497279065226,0.25962706611532665,1.8131346463593176e-05,0.002805074632168779,0
0.3679027348438784,0.6167935530439967,5.243224091233389e-05,0.015251279871051565,1
0.04965068571470758,0.83207047002798,6.58731659503555e-05,0.11821297109078703,1
1.3543290387932792e-07,0.004265648879746719,8.514853114538286e-10,0.995734214836499,3
2.659964742570238e-08,0.0024287719866494546,9.203303587717386e-09,0.9975711922100362,3
2.2124698544724356e-12,4.065353824220505e-08,1.646059701531941e-12,0.9999999593419496,3
2.5669100594064624e-08,0.018671452957537433,1.3197757076360165e-08,0.9813285081752543,3
6.953582037934307e-07,0.021153563023746776,1.7067168423142076e-07,0.978845570947184,3
0.0012844032946935156,0.023186153257596553,7.549870970626788e-06,0.9755218935769978,3
0.002760241714893059,0.048460156661066706,1.7366421402398002e-05,0.9487622352030346,3
0.0022197207679618184,0.018896807900389577,9.898421039015842e-07,0.9788824814903099,3
0.00015379236869891676,0.6932885334700402,3.237918227216695e-08,0.30655764178124906,1
2.8592982651852703e-05,0.9919016949084134,5.994363559826501e-09,0.008069706114854844,1
5.859278296521478e-06,0.998781760652269,1.2498243938923106e-10,0.0012123799452265452,1
4.777750912915392e-06,0.9995400518235282,2.6506248962300462e-11,0.0004551703996474317,1
1.1708361137644787e-07,0.9994664437339775,5.23616400358348e-13,0.0005334391815901756,1
6.576148237178898e-07,0.9996538609872604,1.400141675748491e-11,0.00034548138476236007,1
2.382651374034058e-06,0.997870861540809,5.8126424516601784e-11,0.0021267557503802164,1
3.3910766356413107e-06,0.9936511153321984,9.34726319845473e-11,0.0063454934984694235,1
3.5052249662825497e-07,0.9989518652370445,7.225358691413061e-10,0.0010477835185768297,1
2.808306533083324e-06,0.9785352317850056,2.415178126468679e-10,0.02146195966706243,1
7.59673642736286e-06,0.973152459515681,5.8847582170691596e-08,0.02683988490025713,1
2.030480449611551e-05,0.779803992473558,2.799741878353656e-08,0.22017567472483157,1
1.4342986022312707e-06,0.02505555580530285,7.074482126992389e-10,0.9749430091887915,3
7.671538510477622e-07,0.7058876803901326,6.802715764263491e-09,0.2941115456525462,1
1.5122004448532974e-06,0.9258477369067121,6.414078244653894e-08,0.07415068675272322,1
6.615011546545259e-08,0.9041911400243812,9.147869806443519e-09,0.09580878467819885,1
3.297751808482507e-06,0.07465770658924946,7.665099306024287e-11,0.9253389955824313,3
3.7372067570165297e-06,0.942851359382044,9.435761630710736e-09,0.05714489397459422,1
4.330426656598158e-08,0.9923397026876785,1.881908704538373e-09,0.007660252125702967,1
3.5867250400360455e-07,0.9843982868418224,4.987481072422685e-10,0.01560135398688457,1
1.459466961679937e-06,0.9891650655046176,1.8313143743581563e-10,0.01083347484456492,1
5.761145305790139e-07,0.9985438013991932,4.4411801578164485e-11,0.001455622442228522,1
1.1460947931763114e-05,0.9992009986062349,1.0212731808236897e-09,0.00078753942474224,1
0.00011067036716102338,0.9819614756121454,1.926463661895851e-10,0.017927853827366697,1
1.5934723116324012e-05,0.9978619905612562,1.2439444698009644e-09,0.0021220734724080154,1
2.553294786520299e-08,0.9989711709659004,1.7837841870975083e-12,0.0010288034996868921,1
1.0138426027001251e-08,0.9997717411095468,1.3265564972463185e-12,0.00022824875082407873,1
2.895290529566338e-08,0.9986270453098105,1.7755515875797514e-11,0.0013729257199206096,1
3.2971564164032565e-07,0.9362825362577477,3.920986194624079e-10,0.06371713363448162,1
1.9697541491865323e-07,0.0010192630524663987,6.541144197322541e-11,0.9989805399065694,3
1.3642272657407152e-06,0.25555762806262206,5.252674240895781e-07,0.7444404824428464,3
8.987884717445535e-08,0.00014568670139297618,1.7763661922541136e-09,0.9998542216437066,3
1.591058752492698e-05,0.33403284631858643,1.5989583320273457e-06,0.6659496441348817,3
2.12087244901859e-06,0.025833701034251613,6.533890950552826e-08,0.9741641127550562,3
4.509581310404864e-06,0.05558216804716976,7.558406148298136e-07,0.944412566530852,3
9.869899172496138e-07,0.012277956933994515,2.217325493743306e-07,0.9877208343427297,3
4.597881830436287e-09,3.2738026102654554e-05,1.638982109186738e-11,0.9999672573589081,3
1.6028173961522365e-06,0.9560127377899124,2.691935871703722e-09,0.04398565670002576,1
1.1235563538925592e-05,0.9953411021405194,7.62294128175802e-10,0.004647661534363374,1
3.8030033462324804e-06,0.9995942983286159,8.654159542587196e-11,0.00040189858084483987,1
3.355411808442632e-05,0.9994845815256168,1.2832880891974605e-10,0.0004818642277980553,1
0.0005176493140537678,0.998794114106761,2.64242310474195e-09,0.0006882339374932816,1
0.006390505639968491,0.99291891874829,3.5593340554072424e-08,0.0006905400189106728,1
0.060807979399587514,0.9339915674360938,3.3871765030448193e-07,0.005200114446914744,1
0.191760864256703,0.7977289982882552,1.444743135269944e-06,0.010508692712475988,1
0.5609171652487169,0.3092032023233693,1.890280572057106e-06,0.12987774214785572,0
0.6796808497762271,0.27089715251305446,3.791103400400511e-05,0.04938408667625151,0
0.7782870596950673,0.21898426824903108,1.9108332440561882e-05,0.002709563722842162,0
0.8385345673332623,0.15818858891923782,1.2644797626474265e-05,0.0032641989492708527,0
0.9168844231928833,0.08096123240361215,1.1503295519936858e-05,0.0021428411080653483,0
0.9720930687602722,0.02463696194020507,1.2154621463139905e-05,0.0032578146785657135,0
0.9965476544429177,0.003176956066966656,7.235264297526441e-05,0.0002030368465715195,0
0.9987488269879672,0.00014285105637743293,0.0009880410087203097,0.00012028094749063842,0
0.9946568356251296,1.0272034245131367e-07,0.004067730147688434,0.0012753315066159592,0
0.9967889269181676,7.885874103761749e-06,0.003124038214460298,7.914899277347205e-05,0
0.9979237715662792,3.400313634324426e-06,0.0020255511596552166,4.7276960472572765e-05,0
0.9984943500665183,1.6895397123640447e-06,0.0013343408223411362,0.00016961957067382425,0
0.9972631239449665,0.00015511934524660925,0.0017993297901131879,0.0007824269190518409,0
0.9739097870509277,0.004653769733377555,0.002598193812516784,0.01883824940359115,0
0.0011950760473471475,2.209319560848589e-05,0.00023414545367181,0.9985486853039709,3
1.1673690138167055e-21,2.6957183628238283e-53,1.5473226205023448e-21,1.0,3
0.00017059385312387897,1.7293936361745867e-05,1.2791532457512533e-05,0.9997993206787514,3
0.00016544320446341826,6.480128254105519e-06,6.766983734688425e-05,0.9997604068300572,3
0.0110570956916866,0.003445511487779339,0.0013613049099401567,0.9841360879113769,3
1.017753224940002e-09,1.9398909843794493e-16,1.2708830771811393e-11,0.999999998968633,3
1.0737169167953155e-05,1.1262500816699315e-06,1.946192991661345e-05,0.9999686746500396,3
0.006456073202714422,4.4114317181482886e-05,0.0003871170549618608,0.9931126954250435,3
0.007581811957270283,8.826559947524453e-05,0.00029627426047063325,0.9920336481830445,3
0.00011944121268799559,5.7867933190244215e-09,2.966921340706255e-07,0.9998802563089443,3
7.076459276642078e-06,1.6389952804824694e-08,5.5189843818799e-07,0.9999923552514967,3
0.0005956814582910461,1.704058244224234e-05,3.14515354146853e-05,0.9993558264236224,3
8.840751373745404e-05,1.6579931536368196e-06,2.397551126801063e-07,0.9999096947372444,3
0.0029397874596850657,0.16145889981986009,5.8197734767223965e-05,0.8355431149862292,3
1.2158727127879072e-07,5.669363161134431e-09,1.813882645739815e-09,0.9999998709299772,3
1.0684793711844345e-05,9.856018354188105e-07,1.1114747278217772e-06,0.9999872181304615,3
1.2201317396254273e-08,2.8293542652400575e-18,9.554669274080163e-10,0.9999999868432498,3
1.8933187951722585e-07,3.01785015136499e-13,1.1991141274378408e-08,0.9999997986760921,3
1.5239676629697926e-10,5.542853688583226e-21,1.4053038828374853e-11,0.999999999832653,3
1.7369890526232425e-06,4.739408844619216e-06,1.0894695811243739e-06,0.9999924341331912,3
1.2375340162964197e-18,1.0911878481798742e-45,6.611136550286156e-20,1.0,3
3.6516296486988576e-11,3.375960672842521e-17,9.21371338387797e-13,0.9999999999618012,3
2.3440403261830727e-05,1.455322043588527e-05,1.294254591490184e-06,0.9999607121213475,3
9.237648857397091e-05,2.5988241033853736e-06,1.4847435606475258e-06,0.9999035399428571,3
5.295473117632295e-08,4.190401543971992e-13,2.0517788742376974e-09,0.999999944993762,3
1.3156993661175955e-06,3.30137692513978e-05,1.4759821524574216e-07,0.9999655229325911,3
2.7349794931138035e-08,1.9534668237161037e-09,2.436175696114362e-09,0.9999999682604545,3
6.909316978327695e-14,3.8209846281925613e-28,1.9212708479268505e-16,1.0,3
4.2466395034963156e-07,6.774314324998621e-10,1.5128856371206008e-08,0.999999559529994,3
1.8909046984724584e-05,7.554424374161703e-05,7.488511374904752e-07,0.9999047978590163,3
2.088168560358939e-08,3.208262724359768e-06,2.1393622993484234e-08,0.9999967494621239,3
1.3120909676468964e-11,1.0870541104267185e-11,5.3846553333890835e-11,0.9999999999217835,3
7.103248723204359e-06,0.001116039594273036,8.069707917448637e-07,0.9988760501865699,3
6.28924472699468e-07,0.0008367798366270897,8.061266876405291e-08,0.999162510626593,3
3.551518990630347e-06,0.006330382078278956,6.921818035085825e-07,0.9936653742214988,3
1.0292713575795099e-07,4.2505291495320056e-05,1.8337911379152967e-08,0.9999573734430192,3
2.1130138526222186e-10,2.2253580805664826e-09,2.0690538875847945e-10,0.9999999973570084,3
4.031672537203454e-31,8.56450156592246e-37,8.689352656628733e-26,1.0,3
5.286087256496011e-18,1.0665875565193375e-05,1.3304137726504528e-12,0.9999893341232938,3
2.632192724349441e-16,0.020188988533056326,3.606615425755973e-11,0.9798110114309352,3
2.654521736250392e-16,0.0018861845445348464,1.1301969471344566e-11,0.9981138154442801,3
1.1599721443472921e-15,0.0018590952780156733,4.2834896736504555e-11,0.9981409046793125,3
8.194233250846026e-17,5.93199365734349e-07,2.673387996007183e-12,0.9999994067986276,3
5.033523370082156e-17,0.0003151086900302009,2.284198061260753e-12,0.999684891307554,3
8.275229956261625e-15,0.29965958380444113,1.3304185543959718e-10,0.7003404160617501,3
7.48325125924409e-15,0.1955939089168359,2.100195695472371e-11,0.8044060910621164,3
1.1234792071444677e-19,3.5690402120227415e-05,3.4520195189540222e-15,0.9999643095982703,3
6.941053096133073e-26,3.0529374832605738e-19,6.195201522937051e-21,1.0,3
4.475969154344886e-14,0.021385552362785682,1.0215258436164441e-10,0.9786144475354751,3
2.058753385266586e-26,2.46754423931878e-26,7.340265312327604e-21,1.0,3
1.4854713688535902e-28,3.542646315968735e-27,5.632140333780079e-26,1.0,3
4.9022490816867766e-20,4.472468280250099e-05,7.399575577850285e-14,0.9999552753176502,3
2.3123759746988984e-19,0.0024822867638164495,5.04612715868015e-13,0.997517713235332,3
5.5280264436739194e-21,3.6866754943699302e-06,4.179358770127038e-16,0.9999963133245474,3
1.7877446526911953e-16,0.19725538588646288,4.1908777035541165e-11,0.8027446140715793,3
1.1548616648987638e-22,0.13205313648608705,9.327461674198552e-14,0.8679468635136266,3
7.961224538187166e-26,0.05824634696249931,2.962192216357881e-14,0.941753653037503,3
5.01459663756375e-25,1.297835051794334e-05,5.333407524572974e-16,0.9999870216493949,3
3.8687082480882024e-20,0.012172610697554013,2.794179430984244e-12,0.9878273892991039,3
1.1180525893783435e-19,0.0011004640043285306,2.654649474223851e-12,0.9988995359933048,3
2.5782463542304337e-22,1.1434333909074004e-07,6.408188018815203e-15,0.9999998856565137,3
3.732600124557813e-19,0.0003275847143087624,2.8437313758382624e-12,0.9996724152826063,3
4.916812792943141e-20,3.31538533870117e-08,1.998546253730466e-14,0.9999999668452807,3
1.6027635360008895e-29,1.2593586383851596e-30,3.817627444779988e-24,1.0,3
6.811256312267539e-20,1.3136332633163704e-10,7.176024828608448e-15,0.9999999998690328,3
2.635495087152288e-22,2.8096142709029127e-09,3.3839658220607177e-16,0.9999999971896614,3
3.4531556606605275e-17,0.08491905006749528,2.1347892779740553e-13,0.915080949932503,3
8.860650173094598e-15,0.9417783788697431,8.740335495305579e-13,0.05822162112981576,1
7.052721132812971e-15,0.9947422577039673,4.84218075263538e-13,0.005257742294805945,1
2.806140164242878e-12,0.9951760517754005,6.753457453591842e-12,0.0048239482141598745,1
1.440926591406326e-11,0.9650267539405639,2.436175121185862e-11,0.034973246020162004,1
2.8719728197707976e-11,0.0006669122454933279,9.809455443614843e-12,0.999333087715748,3
3.3022846846183776e-11,0.00030894591303447537,8.990300678522024e-10,0.9996910531553904,3
3.162133352155872e-07,0.03770584123456816,1.0204250769724514e-07,0.9622937405089068,3
1.255084358391606e-10,4.978066060321763e-07,1.4413775407331533e-10,0.9999995019244455,3
7.344337050664999e-07,0.02130502943406195,1.9397249940647525e-07,0.9786940421592344,3
9.312271706528154e-09,8.203612103231017e-10,2.424145423075185e-10,0.9999999896244844,3
1.6221945658170998e-05,0.17849859047763889,1.1519632942722226e-06,0.8214840356140196,3
6.389805330573035e-09,4.361113939267983e-05,2.976490074307473e-10,0.9999563821729216,3
6.2179218649831176e-09,0.0006000350566220129,2.4207052429948097e-08,0.9993999345192787,3
8.838609460581426e-09,9.949711897232322e-12,1.5376903256501185e-09,0.9999999896135705,3
5.032098475511123e-05,2.6012840056745263e-05,3.7121063070811076e-07,0.9999232949637582,3
0.029764807927925692,0.003604306539688837,2.5229689333496153e-05,0.9666056558424129,3
0.05034383382770804,0.024974096063542155,0.0004942259506759936,0.9241878441587774,3
0.00010969702878313717,4.62231981067916e-12,1.7235076771095693e-06,0.9998885794588849,3
0.0007116397219523079,1.4480798591276214e-05,0.0012380192654973178,0.9980358602133476,3
0.09350528918013556,5.968905143111037e-08,0.0012360813177850574,0.9052585698127119,3
0.558727601221466,0.015721779725678002,0.0032098159994135684,0.42234080305406785,0
0.5464150311349628,3.3868115249621426e-05,0.0006967651360732348,0.4528543356133098,0
0.5221872529506257,1.0543050342149422e-07,0.00022107179180855355,0.47759156982791484,0
0.4995383998532823,0.00010960350902817248,0.00017682730350390303,0.5001751693332763,0
0.5336941581645152,4.368006333500442e-10,8.01743549641226e-05,0.4662256670444,0
0.9673357946734988,0.0002778029888035421,0.0003849704665892731,0.032001431870843026,0
0.9964180313463563,8.25810613718059e-06,9.60810990357085e-05,0.0034776294477198546,0
0.9995176041070611,9.199977293683601e-06,0.00018729322346238377,0.0002859026915788774,0
0.9996516861676862,1.4789875130438551e-05,0.0002875938214081505,4.593013506976787e-05,0
0.9986526987716614,1.6793094056150906e-06,0.00047947074507645297,0.0008661511736966672,0
0.9974924515061919,1.7882158792989815e-07,0.0012032998988453399,0.0013040697725091675,0
0.9974210375101376,5.149401247042563e-05,0.00175585558234167,0.0007716128958060029,0
0.9835073934799627,2.659351714289763e-09,0.002058519809903248,0.014434084050105359,0
0.9911508679712889,0.00010026023975041376,0.002196286811958567,0.006552584977664372,0
0.9812601358192742,1.3229553912671942e-07,0.003677658046179424,0.01506207383875047,0
0.9783662471135565,1.0138567415018056e-05,0.015266076169897402,0.006357538149518958,0
0.929006105382798,0.0002267801234159483,0.06913168438921637,0.0016354301048395032,0
0.005906016810489386,9.762192218053816e-08,0.9779936289011577,0.01610025666613778,2
0.0003385600760217785,2.6600938582382957e-08,0.9961699536572031,0.0034914596658774722,2
0.000174342209847044,1.0500227920041285e-08,0.9990598476401785,0.0007657996499503303,2
5.961596334663938e-05,3.20737383547327e-08,0.999650950115703,0.0002894018476598975,2
3.880332976605203e-05,7.353659118805925e-10,0.999633614876242,0.0003275810591879947,2
0.002591341933642448,4.997801221455334e-09,0.996959468719957,0.00044918434885743034,2
0.02383514250440028,7.619042447939039e-07,0.9761127874911657,5.130810081974219e-05,2
0.02917246263590846,9.928800748481804e-07,0.9707137571519795,0.00011278733195992915,2
0.03230984759601167,1.221641471208069e-05,0.9660877068640313,0.0015902291253815605,2
0.038315790902023424,0.00014831775168828746,0.9342182826555498,0.02731760869014331,2
1.0303981870652462e-09,2.5181620292155937e-18,1.0706622542611947e-07,0.9999998919029226,3
3.6426094006455675e-07,7.46339277842767e-21,2.5106115190221365e-05,0.9999745296233001,3
0.010390441481856355,1.8230075513172663e-06,0.9267671701183835,0.06284056539243861,2
0.0011690945260953566,3.2826982797804027e-07,0.9962525350898608,0.0025780421151099576,2
0.0003298653753748515,5.066371913595639e-10,0.9991386649209377,0.0005314691970027874,2
2.8882282110750297e-05,1.298917424722621e-09,0.9999553186731435,1.5797746359054632e-05,2
3.744715525414107e-05,1.2676641506352179e-09,0.9999502474209896,1.2304156035363003e-05,2
2.7115220557135693e-05,2.280288439488533e-13,0.9996289067146176,0.0003439780650725095,2
2.2903952547313014e-05,4.8623382597387166e-11,0.9999534522896165,2.3643709973920942e-05,2
6.157376759897004e-06,6.1591949134917634e-12,0.9999911074914718,2.735126154141673e-06,2
3.128297531387006e-06,3.7343506277115866e-12,0.9999940417360603,2.829962916326473e-06,2
1.8680011983087436e-05,8.887871893391592e-12,0.9998982835880134,8.30363903371696e-05,2
6.017660805677308e-05,1.4182061898551005e-10,0.9998509097214429,8.891352828737361e-05,2
3.573791708420491e-05,2.050560309487145e-12,0.9997661602809718,0.00019810180023259677,2
4.8695356071388615e-05,1.0089966019522492e-10,0.9999412121287952,1.0092414152632391e-05,2
3.9340247678652394e-05,1.1171987960217224e-10,0.9999571712509777,3.488390449772219e-06,2
1.2065457214549178e-07,5.9636965880341e-14,0.9999716082267356,2.8271118037441977e-05,2
8.324615954687043e-07,5.241964492403728e-15,0.9999907479696589,8.419569641041667e-06,2
3.277773248271637e-07,8.574099077464177e-13,0.9999985904661046,1.0817561187899872e-06,2
3.16614831857367e-08,2.294643527189318e-12,0.9999876737979575,1.2294537836286176e-05,2
1.022706685492938e-07,1.0583450681319206e-11,0.9981725118709716,0.0018273858484506584,2
8.735345947284014e-09,2.1510207738589118e-15,0.9453494073341361,0.05465058392979158,2
3.1394598673257966e-08,1.2736065661433378e-10,0.9998093292170821,0.0001906392601136027,2
8.595682755709373e-08,1.95326280786428e-12,0.9999964915939626,3.4224464795863647e-06,2
1.2515583578118655e-08,4.168070354898786e-14,0.9999946776384361,5.309845787089739e-06,2
9.388742210426133e-10,2.1503194428253463e-14,0.9999926687683436,7.330292433662323e-06,2
3.0601751623427805e-08,7.154345401750628e-16,0.9999605890042564,3.938039456349425e-05,2
5.541180342653381e-10,4.059831424352464e-14,0.9999988182869562,1.181159656825359e-06,2
2.2125164268902767e-09,3.612548387151108e-15,0.999996291634998,3.7061518956821257e-06,2
3.10787242749918e-09,8.746736404842085e-16,0.9999957795005617,4.217391189120914e-06,2
8.846952039523158e-10,3.364239745375705e-16,0.9999983866068133,1.612507829775967e-06,2
4.5306650569880016e-11,3.613208750031537e-16,0.9999996029619858,3.9699335396588035e-07,2
2.1151241843904133e-08,4.057404960543108e-13,0.9999975771308776,2.4017182249953296e-06,2
4.6467134211462676e-06,2.2054178013681338e-12,0.9996276997328015,0.00036765355172134527,2
3.0095657494551654e-08,9.940707757919484e-13,0.9985897262096056,0.0014102436932573108,2
2.3326128263216837e-06,8.653625281402978e-12,0.9999497776686311,4.788971044511616e-05,2
4.4922991023921465e-07,1.5168007479419474e-12,0.9999968737987481,2.6769707247651478e-06,2
3.0308839865118576e-06,2.0938824799511973e-13,0.9999948479149614,2.1212016888789177e-06,2
3.162245871753818e-06,9.29563884859646e-13,0.9999949669908583,1.8707614909521082e-06,2
1.1779265015166421e-06,1.3286336139499743e-14,0.9999850598876133,1.3762186264088046e-05,2
4.7369834964912466e-07,5.3088096873627055e-12,0.9999965959090064,2.9303864819568655e-06,2
7.156532440892189e-08,5.658279324003236e-11,0.9999734805593467,2.644781821210803e-05,2
1.0908667458907114e-06,4.6087643172718815e-10,0.995555607632958,0.004443301038556211,2
5.910598284974132e-07,2.818440714723472e-10,0.8329155537357384,0.1670838549219945,2
7.706237356602177e-12,4.761602057093759e-21,0.00019682182249910227,0.9998031781703443,3
8.06182154386442e-12,6.2454852051133226e-21,0.0005516018198695554,0.9994483981724958,3
2.788181768329142e-07,1.274284016351158e-05,0.7321221367521766,0.26786484158887197,2
1.0425826714997394e-05,1.5466564077407226e-06,0.7104669664799975,0.2895210610361266,2
1.6462065505724862e-08,2.041083134094994e-22,4.469564908298655e-06,0.9999955139729205,3
0.0006057883054752769,0.00015997144347263637,0.008943989651557828,0.9902902505991038,3
2.6575838096298515e-10,2.902845204325186e-15,4.961118053933756e-05,0.9999503885530033,3
0.00026822420386967555,2.734609512092137e-07,0.6102122159680611,0.3895192863678864,2
6.799460458709823e-05,5.871922919513617e-09,0.9593992290917536,0.040532770432094266,2
7.175497400313904e-05,1.2186254017493e-07,0.9975178962395826,0.002410226924624674,2
0.0006688765382997922,8.672833702829016e-10,0.9979398516401302,0.0013912709542328126,2
0.0016334295627889429,2.850645420526876e-07,0.998140597529369,0.0002256878441760071,2
0.003557685060047751,2.896642778428496e-08,0.9960876962182723,0.0003545897546943313,2
0.00437545976504485,4.532324314995146e-06,0.995114090888124,0.0005059170216151377,2
0.004574266053952465,1.1066887052769346e-05,0.9835267881495892,0.01188787890862726,2
0.0003478812033197796,6.367624877800221e-17,0.8152396540755088,0.18441246472141865,2
0.003668798198426908,1.5150384317736214e-05,0.9745105927669717,0.02180545865018965,2
0.0020828986863922253,4.692175741064555e-09,0.984711148585922,0.013205948034984113,2
0.001602210525978579,2.0436771388982485e-07,0.9953653871033012,0.0030321980032346307,2
0.0010162144628284276,8.751204773007019e-10,0.9981725091147918,0.0008112755475753637,2
0.0006597150256029509,9.524439089837735e-09,0.9993154563028304,2.4819146937129348e-05,2
0.0003656058572588514,9.263017938790222e-10,0.9996240734793717,1.031973765181025e-05,2
0.00017064004878665742,1.550012639849613e-09,0.9998179411960271,1.1417205058492367e-05,2
0.000161559828899419,7.901410209680762e-09,0.9997772778285963,6.11544414379913e-05,2
2.154796066219323e-05,2.5475682972094653e-08,0.998495040307386,0.0014833862567249687,2
7.591436104305783e-05,2.4532255995066484e-14,0.9851453425801912,0.014778743058919179,2
0.0002107509274462816,3.492283369551746e-10,0.9964009247687908,0.0033883239541041394,2
8.902194784398582e-05,3.0471949682787423e-09,0.999778960818825,0.00013201418687993133,2
1.3738844040797898e-05,9.215497244081263e-11,0.9999776174440014,8.643619828001652e-06,2
2.016647637298497e-05,7.38717754523669e-12,0.999976123178769,3.7103374041332095e-06,2
1.5375443250877016e-05,2.8011571366940862e-11,0.9999814355882961,3.1889412149877894e-06,2
3.9921041633147775e-05,8.095059921419402e-12,0.999923711625975,3.6367324222235586e-05,2
1.773986789558457e-05,3.0303434422758595e-12,0.9998257017954965,0.00015655833309327744,2
6.539279588047624e-05,1.6403799863688848e-09,0.9999270449044961,7.560658616889426e-06,2
5.0272855691110216e-05,2.2812423619056762e-12,0.999904061511536,4.566562961140683e-05,2
3.2092459599405995e-05,1.8833612896212375e-11,0.9999431192579848,2.4788263580373538e-05,2
9.368837064501875e-05,1.268984066347025e-11,0.9998910177673624,1.529384859072199e-05,2
6.656053262597836e-05,1.1967915282267465e-10,0.9999294302124008,4.009135374843789e-06,2
3.315108348134813e-05,4.5372131302876075e-12,0.9999567792101458,1.0069701073920393e-05,2
1.8571638653085524e-05,3.51243719971306e-12,0.9999765287783378,4.899579279130926e-06,2
1.6088412393071266e-05,1.315048755940212e-11,0.9999817545203901,2.15705378236661e-06,2
2.39291575145024e-05,1.9280325699587858e-11,0.9999654467850471,1.0624038704839415e-05,2
1.1819012385473567e-05,4.852352779327245e-12,0.9999142087349463,7.397224728362212e-05,2
1.109150260817348e-05,4.5199843536222797e-10,0.999985075992705,3.8320523986972305e-06,2
3.7618480803543686e-06,4.990898808135424e-14,0.9999270175525294,6.922059854710105e-05,2
1.040783472826193e-07,2.8743570209765564e-13,0.9999958407529542,4.055168952809941e-06,2
1.840787212018103e-07,1.3040898725614605e-13,0.999998847505349,9.684157460551476e-07,2
6.25162021644344e-07,1.0766631846676643e-13,0.9999958252315824,3.5496069787560773e-06,2
4.733048278407803e-05,2.929729002490305e-11,0.9999453448110988,7.324676015075972e-06,2
1.0013111826082645e-05,2.613173656546876e-13,0.9999390231552495,5.096373253251526e-05,2
1.0107071162453985e-05,3.91348846778495e-12,0.9999857429700078,4.149954780071752e-06,2
9.343416776556568e-06,1.6380237994551038e-12,0.9999886611246281,1.9954576524507764e-06,2
3.661563988041071e-06,4.27853041084727e-13,0.9999935717921444,2.7666436184097085e-06,2
4.2302135082642404e-06,1.9871502509074537e-12,0.9999929978993845,2.7718860196933154e-06,2
1.3666962477003444e-05,1.0075147273540745e-11,0.9999754709668004,1.0862059739812288e-05,2
4.492265818307431e-06,8.07626137260991e-12,0.9999614319347351,3.4075790594618216e-05,2
5.481240888116514e-07,6.207061450110179e-14,0.9999826168460676,1.6835028891316047e-05,2
1.214910760171548e-06,5.824606732406476e-13,0.9999966318994088,2.153190096305099e-06,2
1.3734904629718235e-06,4.7035559324296407e-14,0.9999970192337828,1.6072757661818955e-06,2
1.5652560799147307e-06,7.319233991198937e-14,0.9999965614047144,1.8733382726447094e-06,2
1.2741530120047826e-06,6.940812527135155e-14,0.9999973650536202,1.3607928791510891e-06,2
7.648197471815091e-07,6.314811681488428e-14,0.9999975601488337,1.675031763409613e-06,2
1.3373424043857192e-07,2.9501907284649546e-15,0.9999973111607456,2.5551048960222823e-06,2
1.3913507745786824e-08,1.353450464719462e-14,0.9999983918818741,1.5942039280297831e-06,2
2.0927334764117805e-08,2.215413247735083e-14,0.9999976393383473,2.3397347181218747e-06,2
7.94798639372081e-13,1.600111597417244e-18,0.9999931500749839,6.849924812867198e-06,2
2.1047778586585585e-12,3.568517567590917e-16,0.9999993845669526,6.154305792055078e-07,2
3.788108602793657e-11,8.664859041226034e-16,0.9999988061161126,1.1938460232056904e-06,2
2.977043595975324e-11,1.297277402335258e-17,0.9999695774902878,3.0422480645538392e-05,2
4.8380667538981335e-14,1.1133073123297956e-18,0.9999986095891135,1.3904108149986573e-06,2
1.0899371834664867e-14,6.341035356711614e-18,0.999999502175466,4.978241807318273e-07,2
2.898018993146404e-14,4.678219436184064e-19,0.9999992953037444,7.046967003851046e-07,2
4.6532990598208045e-14,6.145705557724783e-18,0.9999995933868294,4.066128640099504e-07,2
9.392269162016969e-15,1.286098870154005e-18,0.9999990332949108,9.667054532240626e-07,2
9.587466300023442e-15,1.0353385201720228e-18,0.9999991699827467,8.300177773522491e-07,2
2.8456876569409464e-14,1.992069144364262e-18,0.9999997418890749,2.581116014060091e-07,2
4.667780165656539e-14,2.651070021331277e-18,0.9999996328661601,3.671337249960749e-07,2
1.5200474853487997e-13,8.787723103619029e-19,0.9999986633583668,1.3366413435069136e-06,2
6.072670612239492e-14,9.516075934401565e-18,0.99999918031096,8.196884521919784e-07,2
4.897367722545671e-13,1.2666397361211396e-18,0.9999993249678032,6.750319490034413e-07,2
1.5625719827397052e-12,6.221483687724606e-17,0.9999992010656124,7.98932984839401e-07,2
3.682290679447474e-11,3.026933696397303e-17,0.9999942647374004,5.735225936673648e-06,2
1.7810628369800413e-11,1.0532334674001041e-15,0.9999993302665158,6.697162693668863e-07,2
3.2545895980083833e-10,9.232956865021762e-17,0.9999982577279923,1.7419468597131103e-06,2
1.2349216839571778e-09,2.1435178807589442e-16,0.9999993347394077,6.64024836580525e-07,2
2.158862053919213e-09,6.326727917921788e-16,0.9999992706891975,7.27151592775659e-07,2
9.972204395636224e-10,1.7389044766091298e-16,0.9999984848520963,1.5141510506581104e-06,2
1.93612333197368e-09,2.34766113004635e-15,0.9999993858256925,6.122374008481222e-07,2
6.20613867080153e-07,8.964384850048076e-15,0.9999966109647305,2.768422138870316e-06,2
4.480727032960069e-07,1.2803746275323266e-13,0.9999970549331632,2.4969942391363117e-06,2
1.5289299164788413e-07,1.103734987481589e-14,0.9999922868143648,7.560292019816353e-06,2
2.548700565822997e-07,8.564679916465334e-14,0.9999980000540735,1.7450761612911873e-06,2
6.017971009938366e-07,4.301861202196611e-14,0.9999974181497825,1.9800529682907178e-06,2
5.101968197558867e-07,8.401945389448565e-14,0.9999979907026677,1.4990998149935205e-06,2
1.368204808280161e-06,1.49639809478005e-14,0.9999944182719701,4.2135223781952056e-06,2
4.3475269987194545e-07,6.062899830214081e-14,0.9999955695082384,3.995739773005249e-06,2
9.739483485578747e-07,4.3880546160106185e-13,0.9999972885434926,1.7375074572288462e-06,2
1.1339065515033493e-06,9.656900727439312e-14,0.9999923184390711,6.5476539897667315e-06,2
1.6726677660468901e-06,3.16606631580953e-14,0.9999840191634595,1.4308168807751182e-05,2
5.246245292613987e-06,1.1523483298441737e-12,0.999992115636064,2.6381183097798514e-06,2
1.448246668504012e-05,2.6442204783021495e-12,0.9999828841583203,2.633371952667123e-06,2
2.6767953612288335e-06,5.129647306796795e-13,0.999989647619185,7.675585741003218e-06,2
1.0600703117913308e-05,7.652976832613812e-13,0.999985676346835,3.722949144399137e-06,2
5.9586279769446694e-06,3.9117617280901546e-12,0.9999921791455804,1.8622230442791836e-06,2
1.6870298618169632e-06,3.262761025247808e-13,0.9999878555582498,1.0457411293750407e-05,2
3.218405725134777e-07,3.292746210308439e-13,0.9999832162946987,1.64618646694207e-05,2
3.867412647834801e-06,9.909800993328552e-12,0.9999901542681008,5.978309281611145e-06,2
9.456311679484397e-05,6.6445240491577726e-12,0.9998709687422052,3.446813436515449e-05,2
0.001151654381798935,3.0102313459980566e-09,0.9987989377478854,4.940486029674724e-05,2
0.02330182791261415,4.4370941838813914e-08,0.976630388035512,6.773968184105928e-05,2
0.13456652066768532,5.23840176623975e-07,0.8650118342182279,0.00042112127459006515,2
0.7449715938146494,6.480007291671655e-07,0.24703299124699107,0.007994766937190484,0
0.9541034131341504,1.1019916776822481e-05,0.045127842357025834,0.0007577245928006978,0
0.9962462056669621,6.060724624894265e-06,0.003678591090897878,6.914251714541763e-05,0
0.9996441029362293,2.7514772008409963e-05,0.0003066939634132738,2.1688329110425113e-05,0
0.999925470812582,1.3874001057304353e-05,4.2621084213687534e-05,1.803410287161451e-05,0
0.9999343442977263,1.780749543432906e-05,3.698672414313022e-05,1.0861482713997277e-05,0
0.9999302108587687,3.109265971230054e-05,2.842082874660199e-05,1.0275652427996056e-05,0
0.9999370632210185,2.118013707380505e-05,1.8402663609483294e-05,2.335397742015023e-05,0
0.9999487350149702,1.5266930117759802e-05,2.1961152269091892e-05,1.403690336979354e-05,0
0.999875830909165,8.336946712462144e-06,2.803773863091127e-05,8.779440633542708e-05,0
0.9999171452875353,4.3999896575374784e-05,2.470704476637628e-05,1.4147770501511584e-05,0
0.9998472709221498,5.5352774612522056e-05,4.5971723915350514e-05,5.1404578991812256e-05,0
0.999909340140977,3.0987924508528455e-05,2.830399718676675e-05,3.136793682775322e-05,0
0.9999265294479158,1.8392588667300414e-05,1.7652816155831604e-05,3.742514674030666e-05,0
0.9996511218138401,3.3344992432935006e-06,4.659879789278826e-05,0.0002989448887981536,0
0.9999409639259432,8.828082019634334e-06,2.508898427733555e-05,2.511900706569532e-05,0
0.999910238167786,1.755422047974393e-05,1.9307917526243137e-05,5.2899694656143205e-05,0
0.9999290763621428,2.6100804667542255e-05,2.4045508070404366e-05,2.077732444084759e-05,0
0.9998567865974216,0.00011575591174595528,1.362264432884882e-05,1.3834847078083102e-05,0
0.999925440717827,1.6405299975974626e-05,2.13202501472912e-05,3.683373143399265e-05,0
0.9999057010399134,6.307029666518349e-05,1.8045946546869003e-05,1.318271678393155e-05,0
0.9998407239492367,6.766672620665108e-06,2.180502311054646e-05,0.00013070435443024545,0
0.9998846338161992,6.16564939565709e-05,2.165522380391751e-05,3.205446618843924e-05,0
0.9997518211972041,4.208369717794156e-05,2.01011992953068e-05,0.00018599390621495726,0
0.9998581780205721,9.831554419695811e-05,1.2573364710404338e-05,3.093306968986574e-05,0
0.9994207588329226,2.7248115133091953e-07,2.3943212120941005e-05,0.0005550254732442328,0
0.9994417065045929,3.9806804986824545e-06,3.155172714458356e-05,0.0005227610880892225,0
0.9997679809998611,6.956540817918264e-05,2.4350495137944245e-05,0.00013810309604095925,0
0.9998273286883583,0.00010483071674287788,1.9680728740311037e-05,4.8159866442274594e-05,0
0.999722791711505,8.396879532820563e-05,1.326368459223702e-05,0.00017997580887852262,0
0.9999285559663119,3.2090774955062245e-05,1.5975869765979832e-05,2.3377388988864767e-05,0
0.999933374258461,3.71055423130817e-05,1.716175925869105e-05,1.2358439431920313e-05,0
0.9999272942443166,2.0823326803095433e-05,3.6782632768595e-05,1.5099795211467825e-05,0
0.9996284732594726,8.65941474408011e-05,5.798416218161996e-05,0.00022694843140953622,0
0.994644414145165,0.00238927378656901,5.5582567092091646e-05,0.0029107295011015417,0
0.9365882332639444,0.0075748313392516855,5.2308616786632816e-05,0.055784626780397494,0
0.834511190478771,0.15620148186411378,1.110455183133886e-05,0.009276223104878736,0
0.6157020746359632,0.37992674956490374,4.481464869345834e-06,0.004366694334704778,0
0.42324528258310007,0.5737347894689124,2.852607663177338e-06,0.0030170753406488144,0
0.14974808150262445,0.8457717503321817,2.9802413741517496e-06,0.004477187924351374,0
0.12165645643817374,0.8753240385764042,2.7195889626114665e-06,0.0030167853972854763,0
0.12313949447980137,0.86378518837803,2.273896410704827e-06,0.013073043245920134,0
0.12973223155091754,0.8690409229165332,2.2828779191339932e-06,0.001224562654882074,0
0.16977978600291604,0.828516546684999,2.3938231317359014e-06,0.0017012734887411735,0
0.27161368854135143,0.7258810733850687,3.2246634402542418e-06,0.002502013410793555,0
0.4884556476112136,0.5076381215021682,3.567042026778575e-06,0.0039026638438073567,0
0.7163225232960017,0.2634900305330465,6.631480191942091e-06,0.020180814690372206,0
0.915955322329634,0.0790496504838917,2.0176510781559882e-05,0.004974850676241799,0
0.9936521451366157,0.005270548437234808,2.344008731228306e-05,0.0010538663383718207,0
0.9992999805427751,0.0005818333773056611,6.0265151430591285e-05,5.792092790258226e-05,0
0.9995860697074211,3.584285863591756e-05,0.0001659456825767129,0.0002121417521571129,0
0.9998209857782312,1.5693395337346184e-06,0.00011618576148671614,6.125911989241738e-05,0
0.999607150665153,1.62063797540877e-05,0.0003566871294867763,1.9955824833982414e-05,0
0.9976268258574867,1.2865894376845993e-05,0.0023377678440552056,2.2540403272220116e-05,0
0.9969194510810879,5.932539575990367e-06,0.0029735829141665634,0.00010103346516970951,0
0.9984172177946479,8.78555918478508e-06,0.0015490324425576022,2.496420343466996e-05,0
0.9996702598066991,4.712329311554237e-05,0.0002616499771419267,2.0966923132111065e-05,0
0.9997062631091199,0.00019342409047924547,5.465267797512207e-05,4.566012282005672e-05,0
0.9962059401680022,0.002310943239889592,0.00012453411322949667,0.001358582479783939,0
0.9748668635344819,0.01800241820589862,0.0006104533873807098,0.006520264872246013,0
0.48901970647164905,0.1623527874020859,0.0002918373622214028,0.3483356687648864,0
0.011962080624630991,0.006566887368648223,3.359917478988154e-08,0.9814709984074005,3
0.004177722347191149,0.9600316654734931,2.1897189697535325e-07,0.03579039320664677,1
0.0009919690835379694,0.9959248333464084,8.00487823538024e-09,0.0030831895651198585,1
0.00013482732114573348,0.9992221877095411,6.527751194243831e-10,0.0006429843168099767,1
2.1191314676721865e-05,0.9995941711255717,1.1834035199206307e-10,0.0003846374420519201,1
1.1721566948075187e-05,0.9987291477633043,9.379365512303461e-11,0.0012591305751883596,1
2.3904039953514357e-05,0.9985751111155213,5.291059957581552e-10,0.0014009843151505939,1
0.00238864415880466,0.9967647489795604,2.1864998796405838e-08,0.0008465849961983972,1
0.008735003838759999,0.9904178496827339,8.47833504741077e-08,0.0008470616959253321,1
0.03852373027962303,0.9596063569230198,1.867548675739928e-07,0.0018697260423131148,1
0.21799931808342787,0.7773947261504601,7.430416638654259e-07,0.00460521272374204,1
0.8077195772619453,0.1901547393491542,4.742457122809992e-06,0.0021209409318565216,0
0.9816320575076652,0.017611999607008183,1.8148514699375002e-05,0.0007377943711371515,0
0.9981760456864762,0.0017166171477646876,2.5147107214009363e-05,8.219005915959316e-05,0
0.9997671415386071,0.00017518785438311172,3.278326759798744e-05,2.488733969527516e-05,0
0.9999186603322047,3.944846376856835e-05,3.171830495209871e-05,1.0172899265723534e-05,0
0.9999320593758497,2.289854412791994e-05,2.8089991894222843e-05,1.6952087275342016e-05,0
0.9999144857705864,2.623882742377887e-05,2.967361219410773e-05,2.9601790089368865e-05,0
0.9998729024440689,4.299613597935536e-05,7.387204611104932e-05,1.0229374624384633e-05,0
0.9990576977229648,0.0001931982919654994,0.0004926278386582117,0.0002564761471536466,0
0.9731005814938021,2.435146020303942e-09,0.004416518543012445,0.02248289752814558,0
0.9860446039796215,1.6114059006273394e-05,0.01134239555438739,0.0025968864064626774,0
0.9783064416155439,2.121167517744164e-05,0.02153901219328832,0.00013333451536943878,0
0.9401374926511613,1.853730798461402e-05,0.05975776433750978,8.620570288807327e-05,0
0.835785588159189,5.593750837556845e-06,0.1640512013060195,0.00015761678480693883,0
0.2763754740160828,9.879342591467618e-07,0.7234336414877032,0.00018989656113197528,2
0.01831817144255093,9.714292776192823e-09,0.9815356672650155,0.0001461515789936302,2
0.000376152890141573,7.340105090690399e-10,0.9996186596854932,5.1866905479788155e-06,2
1.1642612228646373e-05,7.536178734971859e-12,0.9999850039690781,3.3534103822306514e-06,2
1.0746390436174287e-05,1.6928340191992827e-12,0.9999872188071169,2.0348000573185357e-06,2
6.220672735891383e-06,7.421138899506927e-13,0.9999903230141005,3.456313107178841e-06,2
7.906153414859462e-06,1.7240344293976878e-12,0.9999901765741485,1.917270061619612e-06,2
1.859078339435656e-05,2.0255367859940054e-12,0.9999782792014,3.1300122789016958e-06,2
1.8440738301236407e-05,1.0220373791230329e-11,0.9999778228233379,3.7364275597548394e-06,2
7.77050377070692e-05,2.7487650381587717e-11,0.9999183689411153,3.925993791064217e-06,2
0.00011017229947244869,1.0881126992824381e-10,0.9998850810305473,4.746561959660899e-06,2
0.00018854480125334995,1.0632814928215222e-10,0.9998064121913921,5.042901544637289e-06,2
7.362479045561469e-05,5.394271946723976e-11,0.9999223448315915,4.030323463606013e-06,2
9.351561235340532e-05,6.16687401387346e-11,0.9999008175876848,5.666737512599249e-06,2
5.7627116991802065e-05,1.6569695689739525e-11,0.9999373307557289,5.042111178461151e-06,2
2.3269706827513157e-07,8.919917783186684e-14,0.9999965547072185,3.2125959098776835e-06,2
9.454977593926602e-07,2.490152749547201e-12,0.9999973159355801,1.738564953428871e-06,2
7.336320448090893e-07,2.843658214759755e-14,0.9999446039865761,5.4662381454039816e-05,2
4.874382847563252e-06,8.748168828832981e-12,0.9999892004999474,5.92510862248404e-06,2
3.8739959097517536e-06,4.415728816137728e-11,0.999991027853189,5.098107161141058e-06,2
1.0837273969546376e-05,3.959926972620634e-09,0.9997125384009666,0.0002766203651815301,2
1.6839386750381123e-05,2.070086508574566e-09,0.975365102394386,0.024618056148238115,2
0.0004991176917443095,9.914979227635576e-08,0.849323830649454,0.1501769525093152,2
3.5302791108911336e-08,1.3118470492438304e-22,0.036063739478244976,0.9639362252184942,3
2.0276593294411914e-05,2.646108537415203e-07,0.9926719702204425,0.007307488574718716,2
1.3156091822402936e-08,1.4346736762481825e-12,0.9983672155868228,0.0016327712552568969,2
3.516789904256343e-08,9.79321525582396e-14,0.9999623233729048,3.764145966639797e-05,2
7.755447297621329e-09,9.187734544466995e-14,0.9999991053013583,8.869426140129675e-07,2
5.5498016775764644e-08,1.203977889383002e-13,0.9999958155691511,4.128932525048177e-06,2
4.7915144712238747e-08,1.0999049730793503e-16,0.9998096973558731,0.00019025472843778137,2
7.747854730136773e-09,3.397500833049925e-13,0.9999981580730174,1.8341789266914456e-06,2
8.752254689441532e-09,1.369323605353275e-15,0.9999965557804186,3.435466601596459e-06,2
9.246079207816871e-09,9.679325065649834e-15,0.9999991895150389,8.012392246218298e-07,2
5.787116954814483e-08,3.959735529938214e-15,0.9999984429317309,1.4991977852308183e-06,2
3.885094930762872e-08,1.567615552356964e-14,0.9999973320408692,2.629107747140439e-06,2
9.789880734690273e-09,1.8701427439040008e-15,0.9999924962784958,7.493931906001476e-06,2
2.8861973933903478e-09,6.352362127567039e-14,0.9999989887606372,1.008353166613006e-06,2
1.186505003316481e-11,6.4025096109066e-17,0.9999756015415793,2.439844716142007e-05,2
1.2523690607302661e-09,9.958289068170797e-15,0.9999986251705552,1.373576521821396e-06,2
1.3090281746099206e-08,2.7825477502999386e-15,0.9999983423999861,1.6445101647505494e-06,2
9.339442706556566e-07,2.6192239399041105e-12,0.9999951576891278,3.908363917909604e-06,2
3.1199830000992756e-06,1.2301104170892258e-12,0.9998061432931775,0.0001907367220557278,2
2.3969243165749936e-05,8.527233601920191e-10,0.9999616303788448,1.4399525004423164e-05,2
0.00022254002801036404,1.0919972473211945e-09,0.9997683682947718,9.090585095474506e-06,2
0.0035137791033166216,1.4127081588351438e-08,0.9964309932358348,5.521353303439614e-05,2
0.030641479911386577,9.639090376631217e-08,0.9660746642346667,0.0032837594638272316,2
0.8098668038017403,1.1397153865459063e-05,0.1879180631000096,0.0022037359451541126,0
0.9853768726483925,1.5650349878838908e-05,0.014479064911173768,0.00012841209138008487,0
0.9994280789653555,1.4212045269354929e-05,0.0005059390373906117,5.1769951695513024e-05,0
0.9999012843378324,4.4648513834146066e-05,4.4942706605746954e-05,9.124441526780853e-06,0
0.9998994763078933,2.7923930101792002e-05,1.9893714084479147e-05,5.2706047107860005e-05,0
0.9991806628605707,0.0007683085724758163,1.771261745992665e-05,3.331595034680481e-05,0
0.9929337754550576,0.006786473595861863,9.612729508547436e-06,0.0002701382193137485,0
0.9538532954973857,0.04577057375931295,1.3272160647956234e-05,0.0003628585826590936,0
0.8246099920333833,0.1713867805080914,3.494932642226361e-05,0.003968278131593826,0
0.4032790998390777,0.5481743756809101,0.00014202480220340376,0.04840449967802616,1
0.0335551766318724,0.5428366513455883,1.1687348932087771e-05,0.42359648467341554,1
0.010178178328595676,0.5463849198323116,8.309126485581143e-06,0.4434285927119134,1
0.0005495668087737296,0.002503730932206695,1.180484762871484e-08,0.9969466904536529,3
0.009504793145125937,0.20684947226833056,3.572207494654123e-06,0.783642162379603,3
0.0013838488359181988,0.9050468341918443,2.5193542894355394e-08,0.09356929177929442,1
1.404363873070186e-06,0.9979743446717471,9.595632364977109e-11,0.002024250868305246,1
1.6182507548462806e-07,0.9997799489432864,4.35722796357839e-12,0.00021988922783326367,1
1.797317370016809e-07,0.9994248203405633,2.0802659791742657e-12,0.0005749999256768351,1
1.1018160906814699e-08,0.9983730348254304,3.782348020541884e-12,0.001626954151831383,1
1.5759888331543308e-08,0.9972382110582406,9.012336964774059e-11,0.0027617730921005944,1
6.399795886734789e-08,0.9125217594653892,1.628599519191239e-12,0.08747817653580767,1
1.5669118523258473e-09,0.9854108134674286,5.626951071458602e-12,0.014589184960235395,1
3.138270011344301e-10,0.9992950258718399,9.19142655909054e-13,0.0007049738136730659,1
1.2945392138065992e-10,0.9997367974113779,5.998155355728273e-14,0.0002632024593912211,1
3.855692993547514e-11,0.9995439906956157,2.374308058515416e-14,0.00045600926518114875,1
7.763646549464599e-10,0.9990704660212552,6.026761559219082e-14,0.0009295332032006199,1
4.82734452264326e-07,0.9997491664717236,5.266613819224767e-12,0.0002503507881660659,1
1.466738837451634e-06,0.9994180304840969,8.154608190483444e-13,0.0005805027756413555,1
8.058469217442426e-07,0.9997846319867633,2.669238846553183e-12,0.00021456216281052565,1
2.9210579740707673e-05,0.999657808048622,4.567383729339243e-11,0.0003129813258916549,1
0.00024591092432774337,0.9990812404883266,6.133514252657374e-10,0.0006728479737848698,1
0.000881388925494751,0.9982912154442516,4.536881988376263e-09,0.0008273910935072444,1
0.0015352277053784882,0.9952673178233948,3.7249945214137736e-08,0.0031974172211871495,1
0.0022162295423767005,0.9888130108044194,1.6334583264909944e-08,0.008970743318000296,1
0.00014473524941783196,0.9955793099954164,9.39953961012052e-10,0.0042759538159696945,1
2.212717197112225e-05,0.9992903507874701,7.346237624421085e-10,0.0006875213056643032,1
2.208294078127793e-05,0.9974402787682384,1.1531341509928367e-10,0.0025376381750828003,1
1.7655209326212376e-05,0.9979199492020241,5.036830255331809e-09,0.002062390552549684,1
0.0001715465321352243,0.9542210063835428,3.3881734176442475e-08,0.045607413203163055,1
2.047200334032891e-08,0.17909780704251882,9.956345974455185e-11,0.8209021723857405,3
1.389111797722276e-05,0.24568664114959557,7.618490145664591e-07,0.7542987058829079,3
0.0002117785366565141,0.23947506963228166,2.531869370641811e-06,0.7603106199610908,3
6.456006944416878e-05,0.002148481387558057,6.961794413162518e-10,0.9977869578475327,3
0.0009203649847400222,0.9512717472869485,2.3757659762103702e-07,0.047807650152403486,1
0.0003191859640554703,0.9957091334333522,3.514350946330594e-08,0.003971645459346387,1
0.00010217082493916763,0.997018497812144,8.334662138085178e-09,0.002879323027931937,1
0.0002384513040307283,0.9855071713366557,2.7136744538602798e-08,0.014254350221872913,1
0.0006390645623240185,0.9470006960142928,4.458131731612385e-07,0.05235979360956829,1
0.0007444256230743383,0.3898913334256999,8.097725039961971e-09,0.6093642328532094,3
0.011148620519241984,0.5532179934243296,8.799517083707266e-06,0.4356245865396047,3
0.021135850905048492,0.45761731366290154,1.1053877845012889e-05,0.5212357815544062,3
0.024874100964205916,0.040649433939218105,5.748231811469457e-06,0.9344707168644033,3
0.04623629399170524,0.25566065479430816,7.387688153601954e-05,0.6980291743330681,3
0.03767526483426323,0.15675953375033091,4.310192140103758e-05,0.805522099494364,3
0.0015972282053433905,0.0005730164564718949,2.4130280922511206e-06,0.9978273423103816,3
0.005061605556495906,1.2190897988591433e-05,8.310539294790225e-06,0.9949178930063063,3
0.2047160466469072,0.000723591415268366,0.00028016008715036456,0.7942802018501767,3
0.954261815261448,0.013149110228898647,0.00028691400955871145,0.032302160500789635,0
0.9967664759649213,0.0018811101005036539,2.717912808670066e-05,0.0013252348058644936,0
0.9996478200742894,0.00020551643148883247,2.705217887307321e-05,0.00011961131618780653,0
0.9998345901633052,5.7333053897842096e-05,3.618070904026217e-05,7.189607425631058e-05,0
0.9998798009923116,1.3712560805172054e-05,9.441732660438418e-06,9.704471450688863e-05,0
0.9998971802836956,6.678736941545411e-05,1.699991553730855e-05,1.9032431284132194e-05,0
0.9999032003194246,4.554630007365377e-05,2.7897162135109372e-05,2.3356218653316046e-05,0
0.9996818892141621,5.166377691580043e-07,1.4707553794440784e-05,0.0003028865951310613,0
0.9995984634294962,3.701015860132502e-07,1.2366522418580543e-05,0.0003887999457560842,0
0.9999194792295248,4.361009576137919e-05,1.9576098853499913e-05,1.7334575984587534e-05,0
0.9999160209766678,9.120763815696636e-06,1.5062139387138444e-05,5.979612096235644e-05,0
0.9999285981056485,2.332336286560196e-05,2.2490386109656125e-05,2.5588146110824967e-05,0
0.9997733016365626,2.5536902990929928e-05,0.00018927836623393042,1.1883093325640736e-05,0
0.9984518438135968,4.099927025277966e-05,0.00108432063525489,0.00042283628152176727,0
0.9925761331949715,2.2665769427136333e-07,0.002689072574786483,0.004734567572296772,0
0.9882748722548257,2.264740071911669e-06,0.006946324904822068,0.00477653810043417,0
0.993316066596366,3.881966558782106e-06,0.004500291036895304,0.002179760400051506,0
0.9992505297517043,1.8175993711841757e-05,0.0006926326482896257,3.866160541805958e-05,0
0.9997975255908109,1.8543379733121302e-05,0.00017577253380342346,8.15849542936697e-06,0
0.999813632783933,1.2139559185074577e-05,0.00014543537540093255,2.8792281412085615e-05,0
0.9998482250550799,1.4378657830456857e-05,9.066097376830098e-05,4.6735313470639866e-05,0
0.9998057817409765,2.4452453052204126e-06,6.233918665526403e-05,0.00012943382723100622,0
0.9998301204898111,7.674975482631466e-05,1.5993558630554654e-05,7.71361960523767e-05,0
0.997872522390146,1.68647906349734e-05,3.076259884949129e-05,0.002079850219717498,0
0.9994467448428137,5.094531597624895e-05,2.3436318066952988e-05,0.00047887352326980134,0
0.9998961974961337,5.0364956026720064e-05,1.7052972289610713e-05,3.638457542713881e-05,0
0.9999157862776521,5.491649573155156e-05,1.621068419804363e-05,1.3086542280346283e-05,0
0.9998048933085272,0.00011038240345453192,1.790496729755812e-05,6.681932132652143e-05,0
0.9980051167801097,9.573169142954447e-06,2.578015495829646e-05,0.0019595298952325728,0
0.9897398394434672,1.5768660709187245e-07,8.937813938387824e-05,0.01017062472975356,0
0.9991318535748557,1.9089823684929382e-05,7.594804628903216e-05,0.0007731085550207427,0
0.9993893879257867,3.459173687346945e-05,0.0005528160179829682,2.3204319520103938e-05,0
0.9934462923471635,6.30155652948854e-05,0.006331543133537595,0.00015914895460246184,0
0.9642850406583311,5.246929879320044e-05,0.025958488702120974,0.009704001341079524,0
0.7664203225623247,6.857056679428849e-11,0.1593760012774179,0.07420367609223745,0
0.6145515742177127,4.764916898658087e-06,0.37401059024277333,0.01143307062180037,0
0.4306252476729736,2.9998556089081576e-06,0.5686349941179811,0.0007367583533765709,2
0.336143204575709,8.706059036931954e-06,0.66368786893341,0.00016022043165886708,2
0.28758983356213075,1.604848245021927e-08,0.7110790407507208,0.0013311096384652054,2
0.2700540393040364,6.726017613165917e-06,0.7298385385638065,0.0001006961153604544,2
0.266861589567502,1.1228823515157635e-05,0.73257696207325,0.0005502195359816379,2
0.24690571955550913,1.8845170999482603e-05,0.7441667737866894,0.00890866148630232,2
0.16420956724136124,6.276933889950759e-10,0.7578455793872314,0.07794485274280688,2
0.13605472333286495,6.0910697076227805e-06,0.8574736706190994,0.006465514978612654,2
0.09351080163415386,3.2415541423864666e-07,0.9054991105113701,0.0009897636987404243,2
0.04877008650049957,3.644813210508108e-07,0.9510390800249526,0.00019046899327302956,2
0.03630916211202156,1.8315791775734102e-07,0.963653327092854,3.732763711807569e-05,2
0.021123225169875744,1.2202251657235852e-06,0.9787624855113878,0.00011306909362275732,2
0.009670341822493994,1.0165190415184247e-06,0.9883953760616964,0.0019332655975051857,2
0.00039586159840945535,5.782167526091928e-13,0.9950532586607971,0.004550879741115426,2
0.0001265313633742221,7.900877836629225e-09,0.9998065669756221,6.68937596260503e-05,2
1.5166002170891837e-05,5.482756333615328e-10,0.9999782232668735,6.610183088888895e-06,2
6.510041576354866e-08,1.793612498847356e-14,0.99989852916483,0.00010140573394374792,2
8.642608156755572e-08,1.9116403975758125e-10,0.9999496943521906,5.021902996220986e-05,2
6.483103610686084e-06,4.7210186344783357e-11,0.999326362147858,0.0006671547009842315,2
0.00017772428134901996,2.860703024161967e-07,0.9993147444544499,0.0005072451930052355,2
0.00017593552435543586,2.864074534317644e-14,0.9933238307257797,0.006500233750516887,2
0.0014265275926696366,1.8127981111331865e-06,0.9971490081475377,0.0014226514617688975,2
0.008607165522409588,2.748034591843323e-08,0.9879120676604526,0.0034807393376751427,2
0.0036629339729433922,1.3927115914276147e-07,0.9962136786765812,0.00012324807852775058,2
0.0003263402060348143,2.2539040331692517e-08,0.9996264866029183,4.715065168712507e-05,2
3.589655542382791e-05,1.609507146181457e-11,0.9998244259321799,0.0001396774957178254,2
3.822640284686461e-05,7.030680155312708e-13,0.9997597305938607,0.00020204300270421254,2
2.840603439792822e-05,4.964796028330256e-10,0.9999664038100723,5.189658227412419e-06,2
1.0574306605335924e-05,1.8941221440709415e-12,0.9999691562834528,2.026940740860351e-05,2
1.9614500043261256e-05,4.151493630738836e-12,0.9999733258274905,7.059668085535581e-06,2
2.0271132033102966e-05,1.5611190733606577e-13,0.9999647445577766,1.4984310299544798e-05,2
2.7910747210653112e-05,1.6634371020326824e-11,0.9999683125097544,3.7767262854558076e-06,2
1.6521332355405e-05,1.4080890617015732e-11,0.9999793685783606,4.110075918968786e-06,2
8.294186382552068e-05,1.3969380124288216e-11,0.9999092155951587,7.842526861085831e-06,2
2.855517072761031e-05,1.9428796578360307e-11,0.9999624064903164,9.038320429028176e-06,2
2.1228083083670542e-05,1.121155531777861e-11,0.9999753726255554,3.3992793016758967e-06,2
1.7467068453287086e-05,3.5849349360370977e-12,0.999978355286258,4.17764154534631e-06,2
1.39265051770673e-05,4.241048253106132e-12,0.9999816985692985,4.374920449862281e-06,2
9.738015046786676e-06,3.5284711147086803e-10,0.9999697167860871,2.0544845885701153e-05,2
3.854752837245403e-06,2.3321532012676348e-17,0.9982571089923657,0.0017390362554458713,2
1.3156566342335602e-06,1.5265986163491914e-11,0.999976333601737,2.2350726124012624e-05,2
9.081295637013848e-08,2.3413396983396856e-14,0.9999981211985328,1.7879879842124478e-06,2
1.0137009091954484e-07,5.266193164887669e-15,0.9999986766351528,1.2219946230800647e-06,2
4.0117549481651985e-08,5.613645580765313e-15,0.999997845855024,2.1140280393897366e-06,2
5.673980950865747e-08,1.8087839955884181e-13,0.9999971472302369,2.7960291311942885e-06,2
8.766174591725967e-10,4.664513763012233e-17,0.9999761254087968,2.3873714768647217e-05,2
2.9446660699138342e-09,4.1179721757327927e-14,0.9999991751068356,8.219484128160843e-07,2
4.613361053377378e-10,2.1700947359801475e-16,0.9999982151546204,1.784384275353626e-06,2
2.9295496714475024e-09,8.141800667425649e-16,0.9999982231690734,1.7739006738288498e-06,2
1.178383398575594e-09,3.4522139825135285e-16,0.9999991632597675,8.355616581254444e-07,2
1.108554866701821e-08,3.8949299917904567e-16,0.9999994256633558,5.63250803016381e-07,2
1.7862261808802462e-12,7.649319889790368e-18,0.9999997294199059,2.7057801543992094e-07,2
2.2586946540408522e-12,5.157742233498084e-18,0.9999997185623611,2.814347730230015e-07,2
4.4282098343082876e-11,1.747512443643699e-16,0.9999996570223308,3.4293427435420113e-07,2
2.886038243981125e-10,2.3598468473060473e-16,0.9999963380663504,3.6616449299904806e-06,2
1.7706469251421447e-09,1.240718625178463e-14,0.9999976093123606,2.388916566287383e-06,2
7.702536280645084e-09,1.947518018186049e-16,0.9999901259321632,9.86636579973931e-06,2
2.804369902212716e-10,2.0310940807182615e-15,0.9999993050553398,6.946636680157157e-07,2
3.6609750782585857e-10,4.318694390783872e-17,0.9999992068936497,7.927408016142167e-07,2
2.373154354079254e-09,4.137137525469893e-16,0.9999995177314557,4.798962565768235e-07,2
2.907969462264091e-09,7.254049885239837e-16,0.9999994801911712,5.169008562798482e-07,2
1.1754676156031737e-08,7.128730729692475e-16,0.999998240873266,1.7473720464477186e-06,2
1.3791475935808382e-06,1.0284133953343624e-13,0.999997350088834,1.2707633391880255e-06,2
1.8163968601075725e-06,6.27845227302899e-14,0.9999959402512658,2.2433525185681028e-06,2
6.6290690975755e-07,1.1541094869187753e-13,0.9999980899738199,1.24711916257955e-06,2
2.936730897546825e-06,5.035240320564296e-12,0.9999948550635529,2.208200512979358e-06,2
6.374806546993808e-06,6.560062555936249e-14,0.9999044287103233,8.91964824896921e-05,2
6.583943496292422e-06,4.398442910177103e-11,0.9999888402803361,4.575731904052849e-06,2
4.582607002164712e-05,1.7278398581744056e-11,0.9999502006480053,3.973265264516085e-06,2
0.00011286339344335554,1.2337390573898807e-10,0.9998704329644962,1.670351886694354e-05,2
0.00020079113779739602,1.7529204550386004e-11,0.9997678118130979,3.1397031944055946e-05,2
7.488614626328757e-05,3.3516205838857853e-10,0.9999198367395377,5.276778379130269e-06,2
6.068565321839879e-05,1.2680072344283187e-11,0.9999263279387253,1.2986394843198077e-05,2
1.1173101478047997e-05,9.229045178995541e-13,0.9999848385908742,3.988306388624743e-06,2
9.563723596743179e-06,4.343063727318497e-12,0.9999884273235036,2.0089486972045355e-06,2
3.91726598274968e-06,6.551302391240275e-14,0.9999873339731468,8.748761386575845e-06,2
4.6955730811504894e-06,2.3419771318056415e-12,0.9999934784222039,1.826002612600542e-06,2
3.6743118785655775e-07,4.865833893480248e-14,0.9999952151107089,4.4174575431573435e-06,2
5.052980959676435e-07,9.524612937194664e-14,0.9999969212141978,2.5734881748390963e-06,2
2.7464210406164784e-06,1.1174597233402066e-12,0.9999952058011657,2.0477765996563883e-06,2
1.4334388620056119e-05,3.939159681788942e-11,0.9999774114080665,8.254163438032826e-06,2
8.666014620110642e-05,1.1173162901969014e-12,0.9996404977287148,0.0002728421247910982,2
3.85213775829828e-05,7.080769695411676e-10,0.9999467215971761,1.47563172081173e-05,2
9.412015617382974e-05,1.0670136415251829e-10,0.9999012076022482,4.672135544719475e-06,2
0.00018231530854802551,5.407355542850051e-11,0.9998080214156936,9.66322228931485e-06,2
0.00019820850196886595,2.502277153156447e-10,0.9997886600104529,1.3131237820098076e-05,2
0.0004154233635097306,7.988448612272576e-10,0.9995765604304689,8.015407730289956e-06,2
0.00028819588953231135,1.0231024879915826e-09,0.999705486812758,6.316275071624707e-06,2
0.00028669007083231504,5.654706026191194e-10,0.9997022494521772,1.1059911764748596e-05,2
0.0005808988065823446,2.361910838561034e-09,0.9994136132383172,5.4855936454066065e-06,2
0.000891885346196079,2.8679579902714303e-09,0.9991017047093365,6.407077005823777e-06,2
0.0009863167029123328,4.2243675562388344e-09,0.9990053908780603,8.288193988400846e-06,2
0.0011168794453975974,6.019264167562747e-09,0.9988754168688048,7.697667033059615e-06,2
0.0010827775512151263,1.3319075896911353e-08,0.9989115443934613,5.664735638057322e-06,2
0.0023520297385895045,5.9571135262390746e-09,0.9975601764051106,8.778789970660317e-05,2
0.041011571766576625,2.1141082639275535e-07,0.9589099825641408,7.823425824715982e-05,2
0.16833281955846416,8.252903671981159e-07,0.8313777399181808,0.0002886152335458282,2
0.5275413976279288,2.07498747831414e-06,0.4721773250656439,0.0002792023195809072,0
0.8519310048163681,9.301334956495584e-06,0.147914593663796,0.0001451001856756165,0
0.9617933723651706,1.2124280962061516e-05,0.03813418501264666,6.0318341611118334e-05,0
0.9899210541380831,1.0312512438646765e-05,0.010041212425864348,2.7420924349051692e-05,0
0.9952702606486511,1.4611559132055845e-05,0.004697436035980597,1.769175586441515e-05,0
0.9982673179173084,1.4159012168108612e-05,0.0016925351421275016,2.5987928383869805e-05,0
0.9992592349337002,8.458778664681058e-06,0.0007163164295397158,1.598985885161328e-05,0
0.9994875979981862,9.634852116001965e-06,0.0004662073488583487,3.655980105136948e-05,0
0.9998259451247941,1.9799750563599253e-05,0.00014428465384981034,9.970470942086666e-06,0
0.9999063563001874,5.19206607895029e-06,4.6905772075254274e-05,4.154586084514529e-05,0
0.9996410313594051,0.00030381901719590983,1.885394999000252e-05,3.629567378671471e-05,0
0.9940577396476125,0.005850213213419778,1.6790412151795064e-05,7.525672617796096e-05,0
0.9574479927746735,0.04226889745984955,9.202075189154967e-06,0.0002739076898721863,0
0.8902267207127378,0.1092632961265968,9.417011757832255e-06,0.0005005661484428721,0
0.7973419727624765,0.19928934085639977,8.034149184554146e-06,0.0033606522328398537,0
0.5676473834775397,0.42506758427229374,3.238356976043615e-05,0.0072526486811977705,0
0.4040231314585946,0.5049126115716035,5.798028629789982e-06,0.09105845894062398,0
0.09843179785769826,0.8830012873185132,6.824400795478125e-07,0.018566232383553913,1
0.040048696260503114,0.9583504781799438,5.754538239233914e-07,0.001600250105508901,1
0.014893985425531445,0.9818023466526214,9.980191654690083e-07,0.003302669903088366,1
0.018930097455724867,0.9196972621151994,5.778075810377546e-07,0.061372062622236975,1
0.5344854010257222,0.44933392918120385,2.798034281290206e-05,0.016152689449376815,0
0.9165663342811988,0.07936914980726287,2.068784656141538e-05,0.004043828064682182,0
0.9913984554658236,0.008338795340750285,3.105792867035056e-05,0.00023169126485114038,0
0.998773768563445,0.001172505092816106,2.204443108007365e-05,3.16819119148033e-05,0
0.9997379280146343,0.00022754802229478892,2.2610236076935112e-05,1.191372697769213e-05,0
0.9998863428975248,8.205563657919752e-05,1.7426387896257146e-05,1.417507818760147e-05,0
0.9998827111679937,8.156825569857588e-05,1.916474642668287e-05,1.6555830487017507e-05,0
0.9998131082307347,0.00011467810332328698,2.1514991293973842e-05,5.0698675533587065e-05,0
0.998474589215328,0.0014354178184385702,3.745502236884912e-05,5.253794421264757e-05,0
0.990180929061755,0.009707788693171465,2.0268349765149277e-05,9.101389453157246e-05,0
0.9387999210264376,0.06039123992198112,1.4056129814743121e-05,0.0007947829214914663,0
0.7127065521866929,0.28143983045598137,2.3721002641056443e-05,0.00582989635390028,0
0.19067310209132454,0.7858840349235156,2.013201299252988e-06,0.02344084978409688,1
0.06774706335566624,0.9239548346408853,1.7266659852436892e-07,0.008297929337093314,1
0.001051998057370928,0.9979227381316975,5.968174500154549e-09,0.0010252578426663084,1
1.0753125165582922e-05,0.9996640327781512,2.900204190183909e-10,0.0003252138070608887,1
5.173481877854877e-06,0.998195305300642,4.49983566943871e-11,0.0017995211716380155,1
5.1610481833180424e-06,0.9985495281885671,5.990317996014279e-11,0.0014453107030014882,1
7.486442928206002e-05,0.999346818888685,1.2146362141056511e-09,0.0005783154680707465,1
0.00012881003539994416,0.996919784347021,1.4488440681342425e-09,0.002951404169488046,1
0.0002804462047955762,0.9951318966604554,4.677268635281904e-08,0.004587610361638274,1
0.0010546064045415778,0.9291974953189781,9.527342393944421e-08,0.06974780300348875,1
0.00025595307354304867,0.9020149314740369,5.4595721935614915e-09,0.09772910999354356,1
4.4985849627770574e-05,0.9948956444025846,3.702026358283407e-09,0.005059366046461301,1
1.9267911798025046e-05,0.9988860898481116,2.4680011747756704e-10,0.001094641992869324,1
1.0503300159372612e-05,0.9995494341739896,4.739491694313197e-11,0.00044006247839735197,1
3.2235471338272898e-06,0.9993986502588672,1.1260284247495663e-11,0.000598126182256604,1
5.529327215469782e-06,0.9995000988005319,6.227309413131133e-11,0.0004943718096539561,1
1.530186012278689e-05,0.9975473420695182,2.469793461099899e-11,0.0024373560464678707,1
1.1515356476734728e-05,0.9994149884051264,9.055091799736341e-11,0.0005734961477930126,1
1.5728381691608583e-05,0.9993032419106394,4.836583602858563e-10,0.0006810292247298339,1
6.111245426807163e-05,0.9911475589092754,9.821124429440994e-11,0.008791328537786944,1
9.737365222515974e-06,0.9981335225000544,4.132277903625804e-10,0.001856739721723767,1
1.0883914162047382e-05,0.9994970187921633,6.39406780793293e-11,0.0004920972301605707,1
2.6838685414439584e-05,0.9996260443045668,7.148362739029445e-11,0.00034711693933924686,1
0.00025911716770139694,0.99919416678429,4.24231405453259e-10,0.0005467156235547473,1
0.0003405561497901939,0.9990538089429782,2.462152396885329e-09,0.000605632444340315,1
0.00020512527001488137,0.9977479852807585,3.394506021262452e-09,0.0020468860554295402,1
8.198007190990716e-05,0.9951602055265201,5.956067385763859e-10,0.004757813806335754,1
2.8916329308349736e-05,0.9989033790967851,1.1219113054923677e-09,0.0010677034524770447,1
3.1225346952926445e-05,0.9963604360251671,2.6479683356052135e-10,0.003608338363740591,1
8.327094865392152e-05,0.9991871936993897,7.209400486375749e-10,0.0007295346317592273,1
6.400582755594296e-05,0.9995975688664631,1.7463888774325142e-10,0.0003384251306885482,1
8.169627070157398e-05,0.9994987760572388,3.1722708148368287e-10,0.0004195273553802793,1
0.0001363412630800977,0.9982377395346672,4.958035361827837e-10,0.0016259187067337475,1
0.00015879748057689942,0.9968940640232533,6.609354572789117e-09,0.00294713188639545,1
0.0002970898686843985,0.9935323205615032,5.70561591858539e-09,0.006170583864466185,1
0.00014675906607640893,0.9968310701250763,2.6772177587162326e-09,0.003022168131288662,1
0.00020481103159292985,0.9988342237667331,6.148563748744827e-09,0.0009609590529415711,1
0.00037295359001300024,0.9947499167679515,4.239216079663753e-09,0.004877125403371893,1
2.6566614116187278e-05,0.9932804060454736,2.334173107994396e-10,0.006693027107228677,1
1.0353910086740534e-05,0.9989581271331622,1.0812554957278056e-09,0.0010315178757268008,1
1.1954717968050456e-05,0.9962561547666398,3.3264109191244095e-10,0.003731890182948179,1
9.178878353062468e-06,0.9879107758759275,2.9921191045286272e-09,0.012080042254507506,1
0.00023924950418631306,0.9528602120094892,3.0797013449143886e-07,0.04690023051615451,1
3.0333349346266402e-05,0.003254207399569963,1.5551283936084266e-08,0.9967154436992751,3
6.523200472459275e-13,2.6736969434035323e-16,7.167146012896373e-12,0.999999999992724,3
1.0071333190040745e-10,2.6305378030264528e-14,1.5941670074963107e-12,0.9999999998981366,3
8.961944891943543e-07,5.8278098252699815e-06,1.6715300484361954e-07,0.9999931088424154,3
1.5327600143684915e-07,5.436726211090199e-06,1.8807330375179017e-08,0.9999943911910074,3
6.770835829387518e-07,8.343768190709339e-07,6.792100968675558e-08,0.9999984206182229,3
0.0001271064248945325,0.09558136239585895,2.467349669293551e-06,0.9042890638296657,3
1.6279061570910216e-05,0.0022140771893162884,5.427380854780252e-07,0.997769101011253,3
1.9587214003182893e-06,0.00151880375042573,1.6481696513263707e-07,0.9984790727112018,3
3.050349872357113e-09,0.00244009315203173,2.053107862178932e-09,0.9975599017437627,3
7.509581993397707e-10,0.019171385410822243,1.8113712460329842e-10,0.9808286136570115,3
5.830240520697458e-08,0.5407107199978564,1.4222779560553392e-09,0.45928922027707136,1
8.276038349180726e-08,0.8976598710339073,6.591206974770935e-09,0.10234003961464208,1
3.787379099090355e-10,0.9500578905503444,1.4442118933158962e-09,0.04994210762635709,1
4.118776436831034e-11,0.7874407521892013,1.1202286269952886e-11,0.21255924775880988,1
4.360492296125056e-11,0.9512671683541994,4.3836725627779555e-10,0.04873283116377695,1
1.3826480993297942e-10,0.919831687558065,2.194414029033377e-12,0.08016831230075752,1
1.2955016839586147e-10,0.9957209818390743,3.1866831291806153e-12,0.004279018028442448,1
3.742368283984012e-11,0.9995564126032428,9.1654586871291e-14,0.00044358736004709534,1
1.6129009798377137e-10,0.9996690074752858,6.352696232737692e-14,0.00033099236346628523,1
1.245485728615605e-10,0.9993722405956856,1.4359874867363366e-13,0.0006277592795183984,1
3.750598715188214e-11,0.9951897379578699,2.6891216393964294e-14,0.004810262003803391,1
3.964158906227066e-11,0.9985979241704196,2.4309112425086276e-12,0.0014020757879495463,1
8.346410697188705e-09,0.9966007575275138,1.2770033555543892e-11,0.0033992341132732416,1
4.0622906972694175e-09,0.9919605386224999,6.712962522537661e-13,0.008039457314132952,1
9.351269791386445e-09,0.9993308405232294,1.2584199627646111e-12,0.0006691501245060718,1
1.718209424588841e-08,0.999770846100472,4.964124341280231e-13,0.00022913671663234893,1
2.314754328516737e-08,0.9995260263660705,1.7053248267535536e-12,0.00047395048454242295,1
3.217533913771707e-08,0.9970649749103829,3.8435977964522285e-11,0.002934992875610793,1
1.7694934097268925e-07,0.9732690026836325,1.1840057580822765e-09,0.026730819182270927,1
4.004559731961113e-08,0.03659342680497695,2.0139073751748103e-10,0.9634065329478937,3
2.282418635148394e-11,2.5560227485939848e-05,8.180657387607379e-13,0.999974439749327,3
8.143623148503768e-07,0.8138400263556973,1.8982736433680714e-08,0.18615914029932826,1
1.0699372891959013e-06,0.953527699303772,2.1896947393224174e-08,0.04647120886255726,1
4.5093140724210997e-07,0.9673231409308076,2.8319389627419114e-09,0.03267640530506386,1
1.8332782034414985e-07,0.9890231804557863,7.764135194874621e-10,0.010976635440652523,1
1.1996754910582902e-07,0.9929326972863605,2.0004965724011855e-09,0.007067180745507662,1
5.393125859005091e-08,0.8839702551989558,1.8014925923679938e-10,0.11602969069007087,1
1.0116089262255759e-07,0.7582251966285615,5.2820338598249136e-11,0.2417747021569832,1
5.792449619736835e-09,0.9669579094498738,3.4262128678943396e-10,0.03304208441472245,1
2.811911243290304e-10,0.9860457412314709,1.925969331503075e-11,0.013954258468769678,1
1.1471545054505266e-10,0.997954216824583,1.1765543381714325e-11,0.0020457830486547987,1
4.880571550088414e-09,0.9961632212912224,2.2931883042314526e-12,0.0038367738255009327,1
1.1996958882575507e-10,0.9994180648975277,4.103388289312445e-12,0.0005819349779078631,1
3.6593503753163183e-09,0.9907003966563653,1.560596518995601e-12,0.00929959968332359,1
2.986704945701103e-10,0.9979815413118462,1.6054962909163156e-12,0.0020184583881778517,1
2.4933261151593736e-09,0.9988469977210895,2.1537250450272114e-13,0.0011529997850740163,1
2.092783133918981e-09,0.9996876012114603,1.6937279874521118e-13,0.00031239669554978286,1
5.81741868676236e-09,0.9997329235329537,2.6832857100172695e-13,0.0002670706488673723,1
2.458322540429402e-08,0.9985440025589342,8.858982100244919e-13,0.0014559728567530223,1
1.2031563318247715e-07,0.9988208221304077,3.0917161269528496e-11,0.0011790575231351028,1
5.6081625113924166e-08,0.9958752506751976,1.5068879479138423e-10,0.0041246930933847665,1
1.6649127768987707e-06,0.8739896633197455,3.101019112957074e-09,0.12600866866570626,1
5.3237182783020114e-08,0.07845738485963001,8.490430846415254e-10,0.9215425610535534,3
4.186703477439333e-06,0.391230304929309,7.428601973887054e-07,0.6087647655065506,3
1.5785089673342191e-12,8.37358873273396e-05,5.544712601963161e-12,0.9999162641060484,3
3.1728471663629735e-13,3.950485368871833e-07,6.55322974428702e-14,0.9999996049519594,3
6.1657165892194e-06,0.6395208330984736,3.6322112746539363e-07,0.3604726379637227,1
6.12770329613075e-07,0.6407155240638309,6.462570247083164e-09,0.3592838567023658,1
3.737577178395303e-07,0.9436439862746905,4.5965438614438877e-10,0.05635563950773605,1
1.5196875570640903e-07,0.9960264445145306,2.947881250294818e-09,0.0039734005690385075,1
5.237591077276197e-06,0.9727149832779619,1.002555463893719e-08,0.02727976910498825,1
1.1582720058979023e-07,0.14402256023271828,3.480261438659653e-11,0.8559773239056161,3
2.8873680699896565e-05,0.5341839161261943,2.1904140356685845e-07,0.4657869911520828,1
2.0606046106987503e-05,0.8595605567356163,4.185632409374634e-08,0.14041879536263469,1
8.507714065203428e-05,0.9825139127452555,5.1275477921739834e-08,0.01740095883829719,1
0.00013782731198509903,0.9927149645359721,1.6442245446189806e-08,0.007147191708943975,1
0.0006247341200702726,0.9963411516569626,3.067433204334734e-08,0.0030340835494398347,1
0.006043486402415723,0.985080107001755,8.056717396006154e-08,0.008876326028963545,1
0.013362299487899841,0.9795202525355009,8.52039756200378e-07,0.007116595936021262,1
0.04479466786139757,0.9386022172864917,9.59899069076416e-07,0.016602154953027835,1
0.09106991031622426,0.825403672482188,2.8587294154909135e-06,0.08352355847131303,1
0.16782871301411298,0.0038827637548782645,3.2238351559245023e-06,0.8282852993952624,3
0.6604581297375128,0.05947462609304875,0.0005245916224247567,0.2795426525478989,0
0.9065704152242624,0.04076900888994298,0.00024244541006010307,0.052418130475182116,0
0.9544394257720547,0.013345850164681428,0.00014667567593923896,0.032068048387574856,0
0.9971951493918693,0.0018769051326556752,2.9261580023964158e-05,0.0008986838962331261,0
0.9997583536706183,0.00015534218280435544,3.445262275605326e-05,5.185152341082689e-05,0
0.9999279621252484,1.785144677987909e-05,3.955006194313842e-05,1.4636365493858884e-05,0
0.9998894574021756,2.202224168097482e-05,6.795477610448201e-05,2.0565580626088683e-05,0
0.9998149503060859,6.028829583356944e-05,1.0749115492587866e-05,0.00011401228315301683,0
0.999806655863355,4.756046239104055e-05,4.830551816921212e-05,9.747815542326123e-05,0
0.9995200384819037,4.0808681768215075e-06,0.00015459677716227435,0.00032128387265671485,0
0.9992478496746651,5.8353289401566446e-06,0.00013862352869049743,0.0006076914679145079,0
0.9994354123552647,3.5448031326577455e-06,0.00011330589268702432,0.0004477369495936929,0
0.9991728187745255,1.4695730855048528e-05,8.961671798257101e-05,0.000722868776341087,0
0.9998541910855024,8.993977018020358e-06,0.00010327570851940903,3.353922953538663e-05,0
0.9998860268859058,9.714070835028788e-06,7.552629022291934e-05,2.8732753458296373e-05,0
0.9998092289244049,1.2564832935797803e-05,0.00016755646824830484,1.0649774756308712e-05,0
0.9994319036412234,1.625686683932923e-05,0.0005421256711808051,9.71382075648134e-06,0
0.9983393958268364,1.3409475825302589e-05,0.0016367157059516523,1.0478990849842068e-05,0
0.9947356464212531,5.506896334327416e-06,0.005219359911379562,3.948677139687358e-05,0
0.9878991276949382,5.025692712846279e-05,0.011887348767114588,0.00016326661151312824,0
0.979156921919417,0.0005468160243316249,0.01985990161997937,0.00043636043539720733,0
