regime_prob_0,regime_prob_1,regime_prob_2,regime_prob_3,regime_most_likely
1.3000058957409025e-67,1.0505578200647467e-60,9.74406466751489e-13,1.0,3
2.9471659690565593e-18,0.032611591961976424,0.3128178206465883,0.6545705873929468,2
3.6552935493405455e-06,0.007532663112024235,0.6190705578615153,0.37339312373437594,2
8.991140459735152e-06,0.015546910372597181,0.8225306533409629,0.1619134451474306,2
0.0013929025821683289,0.09433188305773867,0.8979925966646639,0.006282617694363822,2
0.046723390234410446,0.12223780999451102,0.8310328199071788,5.979864724598558e-06,2
0.0016258935593380047,0.002821113948814598,0.9953779345759705,0.00017505791457373248,2
4.201742758766896e-05,0.0020839695296411605,0.9978706533269992,3.3597150782322307e-06,2
1.4022179086341072e-05,0.00033650509926842753,0.999642904214966,6.568508276200769e-06,2
6.773605001651629e-06,0.0003211070848625587,0.9996694933848667,2.625923858947688e-06,2
3.593126020829469e-05,0.0001800684994873095,0.9997812172317894,2.7830086536000786e-06,2
3.748605679840819e-05,0.00017359125731041116,0.9997861996028004,2.7230818346914755e-06,2
0.0001731464797349502,3.895131098578629e-05,0.9997827790102404,5.123200638375033e-06,2
0.00020192574274759798,6.0621011138040246e-05,0.9997349169949478,2.5362515857149595e-06,2
0.0001777239228340779,0.0006919101433951629,0.9991298604375569,5.054979720129857e-07,2
0.0005490578850089314,0.00018272167121228866,0.9992660712739011,2.1491711761251217e-06,2
0.0038715858985376495,4.601116858675474e-05,0.9960757264123626,6.676519796023542e-06,2
0.044938835710009575,0.000431206000198575,0.9546278333354851,2.1249546964206895e-06,2
0.5538851841563311,0.000315585495040065,0.44579813626762815,1.0940806924823716e-06,0
0.7919246668237374,0.00026585185780537453,0.20780930184115354,1.7947627033861872e-07,0
0.9394991212524009,0.00011369488482706584,0.06038664723941928,5.36623052829826e-07,0
0.938160197811238,0.00022876361778135536,0.06161085371142156,1.8485978248818252e-07,0
0.8161813550234631,0.00026060814719060807,0.1835577266490021,3.101795023169896e-07,0
0.5819971545492807,0.00041134177608610794,0.4175911435137647,3.60159264223466e-07,2
0.5017535461608501,9.781561008680349e-05,0.4981467917579417,1.8464709594392283e-06,2
0.43813621985677054,0.0002112658760603012,0.5616502688914943,2.2453762119836525e-06,2
0.2826836842113095,0.00016068414098215157,0.7171531585827116,2.4730663834003283e-06,2
0.201596844875491,0.00018125584725507248,0.7982197405386146,2.1587377497764224e-06,2
0.10878782330464717,0.00016165628223093883,0.8910477974818519,2.722930145113778e-06,2
0.0041696133406975595,0.00016593127470557425,0.9956615184407895,2.9369421404437074e-06,2
6.871159567609959e-05,8.539349852802725e-05,0.9998295452304558,1.634967652315443e-05,2
5.074725029336229e-05,3.6978840985140675e-05,0.9999049756810575,7.29822825637475e-06,2
1.850753848758007e-05,2.850224061475318e-05,0.9999390648930551,1.3925328614668205e-05,2
1.7157370409802066e-05,5.79199237295799e-05,0.9999168196663538,8.10304093337773e-06,2
2.4848323919059168e-05,6.243859599015695e-05,0.9999070194218319,5.693656683938923e-06,2
2.7393344051881518e-05,3.829126621469678e-05,0.9999265457466825,7.769644638064445e-06,2
4.440705059791304e-05,6.195053375515325e-05,0.9998902778633832,3.3645518893892377e-06,2
0.00012232328101262382,3.224548588643629e-05,0.9998407616272388,4.669605034133368e-06,2
0.00013566469297907158,3.589713633279899e-05,0.9998241102929516,4.327879360002262e-06,2
0.00010998173874437335,3.41416148352421e-05,0.9998514537074823,4.422940384670238e-06,2
0.00019649651487144352,6.791853066891793e-05,0.9997314742211912,4.1107342357087346e-06,2
0.0010393061792258822,5.609168965279388e-05,0.9989002506820401,4.3514484857306235e-06,2
0.006938399456262179,0.000503018718944712,0.9925542479444314,4.333881201610352e-06,2
0.0013904959857918204,0.0010279374778169482,0.9975791908330366,2.3757026265268913e-06,2
0.00014233651354881238,0.008707958476447729,0.9911495030164176,2.0199387499281737e-07,2
4.5218130245825335e-05,0.0004138990258870755,0.9995345478775486,6.3349651436493e-06,2
7.431191911038922e-05,0.00010523672223833308,0.99980635143436,1.4099924030082017e-05,2
3.3466689478834547e-06,0.00020376663948659446,0.9994125848562954,0.0003803018355645231,2
2.9721755045564246e-06,0.00024220369977517232,0.999453356283601,0.00030146784205327436,2
9.20312773543704e-06,0.0001912180464761885,0.9997784058679606,2.1172958505095373e-05,2
3.768363312016168e-05,2.793552205549311e-05,0.9999245511259326,9.829719573971354e-06,2
0.00010240140212582572,2.65324042179269e-05,0.9998659639510242,5.102243422557497e-06,2
3.7117155718454255e-05,4.9432281011822316e-05,0.9999064332635191,7.017300681302472e-06,2
6.859058268541793e-05,5.1781761405075787e-05,0.9998745520318487,5.075624485481405e-06,2
5.354056254868587e-05,3.908845691897816e-05,0.9999011295498517,6.241430522223821e-06,2
2.785719133876502e-05,9.985027417305648e-05,0.9998691145035045,3.178031294558413e-06,2
1.6412041630227275e-05,6.386493240016734e-05,0.9999151025173293,4.620509050967356e-06,2
2.2087576139184748e-05,4.813077310947551e-05,0.9999216368015476,8.144848659814976e-06,2
1.8550844015654032e-05,6.498466544822941e-05,0.999907602652186,8.861838150100726e-06,2
1.4665610858481238e-05,5.302133770949174e-05,0.9998879558425791,4.4357209196065814e-05,2
2.6776383313373997e-06,0.00038344842161928646,0.9992911028550788,0.00032277108449047784,2
3.171677490972958e-06,0.00019761148191643193,0.9993096089312381,0.0004896079107393751,2
4.247738717480146e-06,0.0001385362651223651,0.9994135689337222,0.00044364706120600096,2
6.573257647254251e-06,8.602110717396986e-05,0.9997197059015144,0.00018769973327533544,2
0.00018263788786366584,0.00016856058840899668,0.9996438216333017,4.979890393982828e-06,2
0.0007596186594735165,9.851466844151001e-05,0.9991385731156545,3.2935553770035295e-06,2
0.0002475767342133852,0.0001027020067129069,0.9996467443124477,2.9769456132991034e-06,2
0.0004021745629183704,9.418145861412974e-05,0.9995020259127412,1.6180663180411523e-06,2
0.0073441792344226915,8.546307925379082e-05,0.9925672000830572,3.1576039637238923e-06,2
0.021537345593996993,7.589280531392822e-05,0.9783820191617725,4.742439123272491e-06,2
0.09611635643331559,0.0002335745249909267,0.903646860455645,3.2085851114217377e-06,2
0.27677283940497843,0.0005167332137397713,0.7227102000495523,2.2733003350168896e-07,2
0.9994757561390637,0.0003801570563880741,0.00014408646736654111,3.357197973633409e-10,0
0.999978100196738,5.148610167514969e-06,1.6751129292617133e-05,6.258616711211179e-11,0
0.9999579304903902,4.856632688843707e-06,3.721287682696696e-05,8.661036676951291e-13,0
0.9999968985041853,2.1401478168459342e-06,9.613478215099978e-07,8.199361708304693e-14,0
0.9999978674845807,1.3795331730562608e-06,7.529834554880199e-07,9.915725827031349e-15,0
0.999998701562551,1.05678193747014e-06,2.4165581014507017e-07,1.0814393249508263e-14,0
0.9999970092366469,2.844596219366799e-06,1.4616696092947366e-07,3.947364472263485e-15,0
0.9999972412444404,1.4233206325295348e-06,1.335435021807619e-06,9.500925430262214e-14,0
0.9999921725299676,5.500275616562918e-06,2.3271933125311577e-06,4.545512447763181e-14,0
0.9999895870492858,1.0376454814886712e-05,3.649598782754249e-08,1.7505859142170558e-15,0
0.9999982105489474,1.4735092292666497e-06,3.1594103028005655e-07,3.95020176041477e-14,0
0.9999971140646983,1.925540083682099e-06,9.60396971891797e-07,1.638207975903638e-14,0
0.9999983259417974,1.6096647117708326e-06,6.439352580585578e-08,4.325392066550575e-15,0
0.9999989240465188,1.0639765863140435e-06,1.197545912669395e-08,4.103836652800252e-15,0
0.9999961829999026,3.8063675556014834e-06,1.0631405053018508e-08,1.3104442480920106e-15,0
0.9999953792828254,4.6206289832644116e-06,8.964319898693997e-11,6.760402200864552e-14,0
0.9998945850979742,0.00010541464673127745,2.554397300996952e-10,5.587080719850064e-17,0
0.9999987655181374,1.234295732530956e-06,1.8562072835857955e-10,5.361463811739187e-14,0
0.9999977230535025,2.2768743462511348e-06,7.25547744485421e-11,2.8876328038895303e-16,0
0.9999982084389235,1.7915195533441633e-06,4.21173089357724e-11,7.618806140064774e-16,0
0.9999975746970756,2.4252286089479676e-06,7.565377676415912e-11,3.5458225038571963e-16,0
0.9999988760470792,1.123837764384711e-06,1.1339572772048593e-10,8.117647906605644e-16,0
0.9999977834692808,2.2164536132891652e-06,7.768448356256942e-11,3.532012227879617e-16,0
0.9999984086693005,1.5913283731751317e-06,6.275866681223449e-13,6.082912196177359e-16,0
0.9999938375702889,6.1624314711698496e-06,3.417710874701891e-15,1.1182387968758328e-16,0
0.9999968425049528,3.157496035366505e-06,2.83130196423885e-13,2.1298336227035965e-16,0
0.9999981458330603,1.8541664022875824e-06,2.6873745922200483e-13,3.083493898028211e-16,0
0.9999967715063851,3.2284914610553844e-06,5.112367978107814e-13,1.2651526236489465e-16,0
0.9999974245435137,2.575451391880238e-06,3.471016073748003e-12,2.3998215118684603e-16,0
0.9999980774755677,1.92252197526236e-06,2.568288515546248e-12,1.1508499946632064e-15,0
0.9999929250839321,7.0749173779386045e-06,1.4819240207638825e-13,3.2706961734791193e-16,0
0.9999826704853151,1.7329512908087228e-05,3.081151856805383e-16,8.789312841619385e-16,0
0.9999921176951437,7.882305701106714e-06,6.074396693297873e-17,2.302121433625801e-15,0
0.9999851735127332,1.4826488374763105e-05,1.39518871622233e-16,7.88945224437638e-15,0
0.9999245472299513,7.545277006673138e-05,3.5605846795271435e-16,4.783750827350007e-16,0
0.9999860644554821,1.3935543862136461e-05,3.822546634745832e-15,3.285732981701479e-15,0
0.9999946960701578,5.303931072064951e-06,6.6249228615205734e-15,1.0711342685716942e-14,0
0.9999529425671595,4.7057431051610665e-05,3.954385004254678e-17,2.0312613474826215e-16,0
0.9999935744260241,6.42557390665051e-06,2.1095081997854426e-14,9.410474343139439e-16,0
0.9999972715378068,2.728460636586233e-06,2.2049223705402962e-13,1.9111256429058835e-15,0
0.9999933918006781,6.6081885797371786e-06,1.073888223794405e-11,1.5008684700414882e-16,0
0.9999974581146963,2.5418829615013115e-06,7.362228629954862e-13,2.641510324366364e-15,0
0.999978497222577,2.1300222940602173e-05,2.025532099881336e-07,1.193840977825289e-15,0
0.9999988813585223,1.1180268501734117e-06,6.155580417823749e-10,6.933057288118165e-15,0
0.999999023392342,9.76336954497309e-07,2.69165210207788e-10,3.62915829782592e-16,0
0.9999981963062861,1.8033452669405374e-06,3.491373165638933e-10,1.2460172977094798e-15,0
0.9999939664558162,6.033256947756589e-06,2.86823992752811e-10,3.9610110638110086e-16,0
0.9999989176800628,1.0804771411673687e-06,1.8412368669737286e-09,3.2494195116058675e-15,0
0.9999988740243653,1.1232309124331288e-06,2.7434367342710572e-09,9.278296975532653e-16,0
0.9999979872320429,2.0083138967566917e-06,4.455036236985887e-09,7.904161701687515e-16,0
0.9999983583124792,1.494320724751411e-06,1.4736711776001273e-07,6.555962758073486e-15,0
0.9999980414523714,1.5426807323739882e-06,4.158661236086825e-07,6.4991597134564474e-15,0
0.9999978552391703,1.3388870395912316e-06,8.058754483099099e-07,7.706328088856601e-14,0
0.999935090483956,3.390207999880591e-06,6.151930277900118e-05,5.481028701475773e-12,0
0.9991199086919176,1.8443526846240533e-05,0.0008616477249210211,5.5232827951338913e-11,0
0.9987076208073958,2.573986172197565e-05,0.0012666390432064108,2.880104162511346e-10,0
0.9995675166255861,4.998366649642977e-06,0.00042748420667092685,8.012400409272891e-10,0
0.9994822540783306,6.346640528453444e-06,0.0005113987987015066,4.82742542022425e-10,0
0.9987094622774891,2.0470295692819495e-05,0.001270062640315087,4.78789256522858e-09,0
0.9439806825081205,0.00017861120422241813,0.05584069552943173,1.075766052780899e-08,0
0.6688713343441061,0.0005859369107131383,0.33054247343427096,2.553101468208202e-07,0
0.18425736881734597,0.00036924725559767915,0.8153717814057846,1.6025217533611858e-06,2
0.028839422350574295,0.00011476116890346235,0.9710425396944724,3.2767860957416796e-06,2
0.0017668554524800228,0.00021953204969166494,0.9980124063478134,1.2061499419338676e-06,2
0.00047317077432333876,4.219554506412943e-05,0.9994775847611505,7.0489183469006915e-06,2
0.001096274386180857,0.0006993162948735077,0.9981877164236259,1.6692896495572116e-05,2
0.0006924490257840799,0.0022598623501157338,0.995281616633352,0.001766071989162148,2
5.89968423632033e-06,0.008185284179269895,0.8898790500416217,0.10192976609604468,2
1.5173650395485908e-06,0.010618901697926614,0.5102437438872188,0.47913583704976026,3
4.842795571359e-07,0.01358773277590329,0.2729226572720472,0.7134891256714492,3
1.032231842195448e-07,0.006819912538723194,0.11084700957880793,0.8823329746597807,3
5.046959296026495e-08,0.001719745922912617,0.027023828353972382,0.9712563752543129,3
7.81370253569705e-11,0.002448843982075108,0.00018263749801015013,0.9973685184406009,3
2.6404136459476486e-13,0.0004434939395613333,4.6911179286740566e-07,0.9995560369486224,3
2.74059393879667e-14,0.00031856838303717,1.0160741100821111e-07,0.999681330009367,3
1.419690949905553e-14,0.00028246216571890744,6.477410799034072e-08,0.9997174730584317,3
1.3442798011871607e-14,0.00038140545861222054,1.8269298861315483e-07,0.9996184118481767,3
3.5554428330208455e-14,0.00019749548692601126,1.920335850112535e-07,0.9998023124785367,3
3.267583459250344e-14,0.0002826829465788927,1.0711080616494153e-07,0.9997172099432478,3
9.559716194372802e-11,0.0010383117251802345,7.500195840117229e-05,0.99888668622104,3
5.860107452430032e-11,0.003238581872176329,2.9153420758077448e-05,0.9967322646483359,3
1.1142133921335416e-09,0.00397886362381927,0.00012280297988517895,0.9958983322826799,3
1.3465534336010603e-10,0.005952008101825223,0.00010619919021244507,0.9939417925722551,3
1.5127976629686473e-10,0.0010220320852240073,6.204159057940465e-05,0.9989159261723919,3
3.406257109470823e-11,0.00039945359217949736,5.382642075270192e-05,0.9995467199519361,3
1.565922508575816e-12,0.0003813139159245115,7.225799706119623e-06,0.9996114602821329,3
2.9588628217745065e-13,0.0003183979703403876,1.0198125831408071e-06,0.999680582217733,3
2.6143948608706215e-14,0.00041133535456903606,7.473942864275796e-08,0.9995885899045291,3
1.761428005501624e-11,0.0006919003485067371,6.371522313817649e-06,0.9993017281128976,3
2.864754441864914e-10,0.013644509692976342,0.0002637867825639068,0.9860917032371782,3
2.455021186468552e-07,0.0019327918536364394,0.010596374116231728,0.9874705885278631,3
1.0463895986301985e-07,0.0068567059117139026,0.01571074109999347,0.9774324483503476,3
6.44303677763716e-08,0.007320743981439641,0.015914844299361842,0.9767643472902737,3
5.306939710844064e-08,0.0011539694051785814,0.010311521331334261,0.9885344561946834,3
6.895142114824136e-09,0.0023719731332421043,0.0018133521112517024,0.9958146678601029,3
7.960555905765172e-10,0.004065977626572974,0.0005677034339050843,0.9953663181421067,3
9.830276209050971e-10,0.0009182592808490297,0.00023805517677538327,0.9988436845584235,3
1.1117346422309339e-10,0.001433714644266512,0.0001079342721264064,0.9984583509713281,3
4.2607796940403255e-10,0.0005540937945031571,0.0001650635527210493,0.999280842227969,3
4.1171016637780143e-10,0.0014277363443407874,0.00033214285648256603,0.99824012038787,3
2.3834060567841703e-09,0.0003907145773846549,0.0009614338838892951,0.9986478491555987,3
4.538633653684077e-09,0.0008555961514249416,0.0049637623572019625,0.994180636951302,3
2.4344020572921557e-08,0.0029447257796869418,0.020673052906736815,0.9763821969712906,3
1.0897789949862753e-07,0.0029214975226588297,0.05133371851146777,0.9457446749894219,3
2.2803232726206785e-07,0.009895313389095087,0.13572199505063942,0.8543824635288341,3
6.777559724275736e-07,0.012151998656736622,0.2540487884867212,0.7337985350988192,3
1.3681331756912463e-06,0.009838754437239505,0.5791332766496428,0.41102660077892794,3
1.5810955915567784e-05,0.0029107123930839566,0.9733008973234645,0.023772579328305697,2
3.776986509811106e-05,0.0008387057556909889,0.9983356532819967,0.0007878710978647487,2
1.6117897425028968e-05,0.0006098443006022975,0.9993213112704982,5.2726533046639234e-05,2
3.137131919594302e-05,0.0001063450895160268,0.9993456333739313,0.0005166502191495352,2
4.357865553148179e-06,0.0011631351923996722,0.9893999920899362,0.009432514850589796,2
2.91935358052314e-06,0.0072565183679325265,0.9761243023065017,0.01661625997212731,2
4.298436966121284e-06,0.0012155861596492117,0.9634751750370555,0.03530494036723116,2
3.524348190052042e-06,0.0029626070787160366,0.9458854129711781,0.051148455603468576,2
3.5159047995393806e-06,0.0027394418977389054,0.9374457433736151,0.05981129882331672,2
2.1652209899094502e-06,0.00203968034355734,0.9278757776813978,0.07008237675373048,2
2.6633520695300574e-06,0.0024747059824596265,0.9274573883287479,0.07006524233491829,2
3.2242333265043556e-06,0.0012366673490478487,0.9482140307478136,0.05054607767039896,2
5.3210223043072205e-06,0.004847913515014392,0.9736359286440854,0.021510836819255433,2
5.8701405467967194e-06,0.0010846202217029562,0.9962888911671525,0.0026206184691925254,2
7.272138215864595e-06,9.053137664858574e-05,0.9994951002381779,0.0004070962481202124,2
8.04942709104213e-06,7.464793786596316e-05,0.9998510111550001,6.62914788886509e-05,2
7.978209401715364e-06,5.261028306860805e-05,0.9999054024664533,3.400904233061148e-05,2
8.486091564120662e-05,6.285727109525329e-05,0.9998425447729994,9.737038581804245e-06,2
0.00518069507182967,8.67574328839916e-05,0.9947292313107726,3.316185909545695e-06,2
0.02614524398821225,7.715542446002517e-05,0.9737738231584907,3.7774281169628693e-06,2
0.06312096167345066,0.0003634490957188544,0.9365142723935282,1.3168366184240657e-06,2
0.11195453695300753,0.000300179046963885,0.8877444254615541,8.585371059233871e-07,2
0.20498689716718924,0.0001588773211728174,0.7948496373796176,4.588132662782071e-06,2
0.2232758529608299,0.00031686617930058237,0.7764051004384658,2.1804228329945375e-06,2
0.20252887210355827,0.00013076992746461426,0.7973384985553897,1.8594120993457524e-06,2
0.18516691468893032,0.00012066128628430674,0.8147107029324993,1.72109342818797e-06,2
0.17514452404078704,8.310024938703419e-05,0.824768744345983,3.6313642017753754e-06,2
0.1704604132814277,0.0008618268659595178,0.8286757124727291,2.047381204103085e-06,2
0.06264041428031103,0.0004462992657747827,0.9369108818878991,2.4045642357641836e-06,2
0.007241931172350455,0.00010709653503769063,0.9926488193389069,2.152952918786633e-06,2
0.0019637872227847896,0.0002579755620322001,0.9977765106378602,1.726576304248284e-06,2
0.0004461435411533743,4.5216589469993036e-05,0.9995045612735264,4.07859533810282e-06,2
0.00024883954560682035,0.000632297655418067,0.9991173430987327,1.519698932394878e-06,2
7.632919619267144e-05,0.00017021590797724285,0.9997509683014418,2.4865945262789676e-06,2
9.718256318226456e-05,6.294152848364003e-05,0.9998362014116965,3.6744969374847196e-06,2
0.00018178299425504566,0.00011004838833484943,0.9997051610513806,3.0075653481717765e-06,2
4.239561434369154e-05,6.229740167757411e-05,0.9998928245143069,2.4824691049172068e-06,2
3.402167842498739e-05,5.486075659945419e-05,0.9999003972537399,1.0720312584727778e-05,2
1.3185254994065634e-05,8.095283150474836e-05,0.9997176582629037,0.0001882036490839371,2
1.1299263224018577e-05,0.00015408402691201287,0.9974034242291746,0.002431192481793369,2
4.12257859925851e-06,0.0018910513906508256,0.9791941877642548,0.018910638265705507,2
5.331708973677182e-06,0.006893098104648067,0.8925259118367613,0.1005756583493363,2
5.624375376514191e-07,0.041348251916347556,0.3882886064337719,0.570362579210842,3
3.7820891919212247e-07,0.006763602187355246,0.2169959474721524,0.7762400721319364,3
2.497488867597742e-07,0.004041013667980035,0.0808972131120459,0.9150615234710461,3
7.134935744107702e-09,0.0082451658360725,0.015606164066056569,0.9761486629637128,3
1.394458744723522e-09,0.0009271966132073393,0.001851490342189709,0.9972213116490249,3
1.2465219204246213e-10,0.0004377058088095637,0.0001629103630427446,0.9993993837036411,3
1.718392932428395e-11,0.00037419543461251884,3.448291120148608e-05,0.9995913216372563,3
1.7801365039302375e-12,0.00034647544614127134,9.036935827851799e-06,0.9996444876156515,3
1.4461899626230442e-12,0.00026120691841998464,4.962775440828927e-06,0.9997338303029047,3
4.9474844725732266e-12,0.0005617888444235635,5.996802884727703e-06,0.9994322143481388,3
4.800972648046191e-12,0.0030418293493970263,1.526889352948532e-05,0.9969429017534991,3
2.626184729487005e-12,0.0006558977559387751,3.019776069343347e-06,0.9993410824660331,3
7.581097425230832e-14,0.0002508958115460563,1.569550119783444e-07,0.9997489472330293,3
7.760584543105389e-12,0.0003054116099592186,2.708981453180568e-05,0.9996674985677064,3
1.3708168413846308e-10,0.0005441474398521278,0.00011403038415948172,0.9993418220381454,3
5.386751305809651e-10,0.008435225569010977,0.0008247303948281405,0.9907400434960705,3
5.490446949605414e-09,0.00281782322817121,0.0011148035816517098,0.996067367700256,3
2.9943665488998924e-09,0.000667478800198613,0.0009875508346694538,0.9983449673689886,3
6.123729876276036e-10,0.0006747741342473494,0.0002982058339983706,0.999027019420131,3
9.16855646670463e-11,0.0017986626855338878,0.00012205531918206344,0.9980792819049303,3
4.040058746689975e-11,0.0007284757551741437,5.522039524787648e-05,0.9992163038090301,3
2.0314103982249224e-11,0.0002724499749847587,1.9324159156398875e-05,0.9997082258441919,3
9.773696948844234e-12,0.000863344536716513,4.2648637211113575e-05,0.999094006817642,3
1.5844796643652043e-13,0.0006035724772465588,3.893801868782212e-07,0.9993960381427014,3
8.698394437283771e-14,0.00024134987334365954,8.96254648357049e-08,0.9997585605015885,3
1.7912619960142295e-17,0.0010591945754697555,7.146281117087414e-11,0.9989408053545291,3
2.9429650132380874e-17,0.0001858725933110927,2.3178024117395664e-11,0.9998141273824004,3
1.4512075965083668e-17,0.00014120964596869362,4.442021813014417e-11,0.9998587903094268,3
1.7219501471173406e-18,0.0002343166717535458,4.5413888396309445e-12,0.9997656833226546,3
4.403319785128929e-18,0.00022286354595435967,1.5838577101371077e-12,0.9997771364518648,3
4.172876307920507e-21,0.0006846951234500047,2.882734660747593e-16,0.9993153048774769,3
1.0216251409358573e-19,0.00021746560778565337,9.438798310643896e-16,0.9997825343911536,3
6.008191617400242e-22,0.0006802970764298484,1.1938280328539141e-17,0.9993197029222782,3
3.249569085015513e-20,0.00018245412744185874,8.250967496754963e-16,0.9998175458743634,3
2.1334252498783384e-19,0.0002693191362210791,5.8379432319255524e-15,0.9997306808640931,3
1.8446634448220991e-19,0.0019139014180303987,1.0342773521758761e-14,0.9980860985805723,3
6.304875960368244e-19,0.0005057585129523328,2.5969362302116634e-15,0.9994942414872563,3
2.7268482716175046e-21,0.0012536156067803031,4.094056331137959e-17,0.9987463843941748,3
3.098629501597812e-20,0.0002636738175768142,2.125408177381719e-16,0.9997363261826452,3
3.304015820407627e-21,0.0003970316948497883,1.0599367121366026e-16,0.9996029683054478,3
1.555303501208984e-19,0.0002597375555643747,3.994326071893513e-15,0.9997402624457465,3
2.687437437966594e-21,0.0006700623840918667,6.898311330750695e-18,0.9993299376161854,3
4.715540304827035e-22,0.0007456093048576484,1.5147097530786277e-18,0.9992543906951437,3
5.157116508690674e-21,0.00028659792001833146,9.657678354810008e-18,0.9997134020783736,3
1.3627463747833871e-21,0.0006256875736266705,1.5086252019541066e-17,0.9993743124277326,3
1.9274324677809195e-21,0.00037974344798967713,1.0159846866187055e-17,0.9996202565504618,3
8.135248207118954e-21,0.00030206535685124567,4.781246686353398e-16,0.9996979346430973,3
1.6128090805710915e-20,0.00020681099616367543,3.1650778875421256e-16,0.9997931890036234,3
4.6302435932178635e-20,0.000545423852753503,2.29609284753283e-15,0.9994545761481256,3
8.138546013125766e-21,0.000823306218686963,1.0512472177891569e-16,0.9991766937813399,3
5.963102447380971e-21,0.00022025050491350373,4.934753319708695e-17,0.9997797494949988,3
1.675743589862618e-21,0.000262232167977793,9.197196407951922e-17,0.9997377678327747,3
8.436798646594724e-21,0.00020905073103435313,6.353659340746628e-16,0.9997909492675646,3
5.962399799317747e-21,0.0002188824140917731,3.360480973893673e-16,0.9997811175875322,3
3.424721011257859e-21,0.0002938648955113624,1.1223501709418013e-16,0.9997061351062553,3
8.825421355865516e-21,0.00028350117306460233,2.6287130764077196e-16,0.9997164988252105,3
4.552575796952428e-22,0.0004031284784794617,6.928699094730641e-19,0.9995968715213608,3
1.005488439260923e-21,0.0006530278664304272,4.821425696718941e-18,0.9993469721329798,3
1.9446618816428406e-18,0.00040539480856879075,1.1433007926369113e-13,0.9995946051913214,3
5.597212645756453e-19,0.0003655607046734007,8.073718459636495e-14,0.9996344392969355,3
2.396515084764013e-19,0.0004708092388411496,9.352984854074241e-14,0.9995291907597427,3
1.2305440426135402e-20,0.00019356939354850947,3.6596408361341568e-16,0.9998064306069133,3
4.879230368707002e-22,0.00024038702998388636,6.818014201306113e-18,0.9997596129699012,3
2.115779163987256e-21,0.00024159027402606673,1.168535313909728e-17,0.9997584097256005,3
1.0025846316329675e-20,0.0006836276209782947,7.631119194323305e-18,0.9993163723772658,3
1.9874198344085683e-19,0.0066208593375153115,2.4971258662144293e-17,0.9933791406616754,3
9.550286688555862e-22,0.10019644365621144,5.091338352463929e-22,0.8998035563423724,3
6.923566281397346e-22,0.7930787784024225,8.104564372691991e-24,0.2069212215975727,1
2.7766705949236094e-22,0.9962855569539213,1.4576811586922272e-23,0.0037144430467803725,1
6.1433308676422355e-21,0.12991157940353068,2.3847175756526553e-22,0.8700884205946541,3
8.55332998476694e-22,0.03749544427772503,2.466339847138806e-21,0.9625045557219724,3
1.0312106726867309e-20,0.0025608212315411123,1.0928804025083488e-19,0.9974391787675958,3
1.480462665108399e-22,0.0009509848112314394,1.0604273777744965e-20,0.9990490151897207,3
4.792131836577401e-22,0.0004182231648376444,3.3085338318515724e-19,0.9995817768366996,3
3.4799950191556315e-21,0.0004166043340514455,1.1770727684648142e-17,0.9995833956651697,3
1.9168210553322043e-19,0.0006360053899813378,3.104740820217825e-16,0.9993639946116034,3
8.354517865325775e-21,0.005484587338851319,2.2509897887742935e-17,0.9945154126603274,3
8.413277512289645e-20,0.0004303981354394669,1.9315274625757884e-17,0.9995696018662792,3
2.0413554090522715e-20,0.0011966867706486547,1.936304349010049e-15,0.9988033132281444,3
1.0620588790880472e-18,0.0002003885984932362,5.4258192953784575e-14,0.9997996114022669,3
7.616376767306193e-22,0.0003326598176532529,1.8253259870415948e-17,0.9996673401827847,3
7.198207675064822e-22,0.00023841722777053287,9.011572349944573e-18,0.9997615827729655,3
8.566351215554202e-21,0.00020571325634640908,3.782112530362569e-16,0.999794286744624,3
3.801427679746661e-20,0.0003474911820457788,5.9265258438307405e-15,0.999652508819475,3
4.2793147042258017e-19,0.0002298914118818992,3.80307429373295e-14,0.9997701085877291,3
5.1204272352224416e-20,0.0006135167535752,1.4470614917984315e-14,0.9993864832452416,3
1.2446609513077133e-18,0.0002219833924268342,6.856256266836743e-14,0.9997780166069077,3
3.788602468141451e-18,0.000663266810531888,5.0652409674203075e-12,0.9993367331855079,3
1.9452722628882292e-18,0.00015560124570115336,6.434685314885965e-13,0.9998443987532757,3
8.649070444959595e-18,0.00019558823162361806,4.4558040757380386e-12,0.9998044117651426,3
2.6791359870006507e-17,0.0010147361710877527,5.017615261808956e-11,0.9989852637782697,3
3.585238510924511e-17,0.000506047096136887,3.086030922047639e-11,0.9994939528724115,3
1.910402632868462e-16,0.00016279051507189362,2.3377351605989067e-10,0.9998372092509867,3
1.777435265673847e-17,0.0003835051645004394,3.051470812935518e-11,0.9996164948067351,3
1.8393547663696493e-17,0.00034085961651015824,2.5815207509661725e-11,0.9996591403578896,3
1.6186334300741668e-16,0.00014061431194006176,2.7510372442156393e-10,0.9998593854134424,3
2.6058359847800947e-16,0.0003648573770481366,2.5911302934384858e-09,0.9996351400321487,3
1.2687278728084513e-15,0.0003095510728208909,1.9810700774847444e-09,0.9996904469464211,3
1.2465540173451608e-15,0.000556152127717158,3.244531406374573e-09,0.9994438446259526,3
2.225920452728519e-15,0.0004737161583392018,7.130293707435184e-09,0.9995262767113154,3
1.0151031762262995e-13,0.00021655433588426665,7.687272232296428e-07,0.9997826769361858,3
7.855872916497993e-15,0.00021713769171948023,9.535291112744381e-08,0.9997827669565976,3
1.2678722763065132e-14,0.00020710170456020476,1.355373862580808e-07,0.9997927627571485,3
9.80251019973366e-15,0.00024199152067800342,1.6692444500020116e-07,0.9997578415562,3
1.785978593530056e-14,0.00019472224685041902,2.8485075108798834e-07,0.9998049929024135,3
9.204753579494904e-15,0.0002035982535516523,1.301159878122802e-07,0.9997962716305221,3
7.203852154658444e-15,0.0002530049548609641,8.521831635515247e-08,0.9997469098274004,3
2.2198083405751355e-14,0.00019265559524514022,2.923822441398245e-07,0.9998070520209237,3
6.045441056938946e-14,0.0002120795897877397,3.310015868410144e-07,0.9997875894073683,3
1.168735840613646e-12,0.0007299615731324121,3.2533901663523307e-06,0.9992667850343192,3
1.8927097953202763e-09,0.0008858742904223504,0.0010342538004575472,0.9980798700167605,3
9.685550704336308e-09,0.003514946659117911,0.006965647385255323,0.9895193962707576,3
2.2188431771579794e-07,0.0020760687714083594,0.10732614536306236,0.8905975639807101,3
4.6789525470096724e-07,0.00417599944463561,0.17556974588647706,0.8202537867738589,3
1.0323526934914846e-06,0.011645305292732833,0.2458919765463803,0.7424616858096504,3
1.1013286493940795e-06,0.01314378612910612,0.3395924063076956,0.6472627062333364,3
2.276905742019087e-06,0.0036157017391962344,0.45560368122837186,0.5407783401263083,3
2.532724178087415e-06,0.005471482526473924,0.5286718305137088,0.46585415423718124,3
1.9383784022665432e-06,0.004141028934653996,0.5623823065879223,0.4334747260992984,3
1.2031510111791706e-06,0.04167181321828309,0.6313891289113055,0.32693785471880843,3
3.1880238816843814e-06,0.013097299719327495,0.7797484676925682,0.20715104456377356,3
4.3494843918070145e-05,0.0027986270267201627,0.9794166536467575,0.017741224481847125,2
0.0027212858981060643,0.00023797556377525898,0.9963129413686445,0.0007277971699711039,2
0.034140858131727576,0.00019270014652110527,0.9656422494632496,2.4192259613348002e-05,2
0.28263787803829243,0.00044378662437049644,0.7169163999661694,1.9353720995177292e-06,2
0.6576003735745329,0.00039822553357512266,0.3420011504134805,2.5047932286315366e-07,0
0.9586409448278271,0.00015813500605400336,0.041200888306278896,3.186128809863305e-08,0
0.9942048923000446,1.83854498075452e-05,0.005776709025006459,1.3224798057758981e-08,0
0.9977704109170875,8.337001260929744e-06,0.0022212471859116203,4.895242755032753e-09,0
0.998954471569607,1.558330711231493e-05,0.0010299440084851595,1.1131099454519578e-09,0
0.9992277235517341,7.213425105810341e-06,0.0007650627005010744,3.232534847174548e-10,0
0.9998747674568628,6.489806815437371e-06,0.00011874271405669819,2.2872019440203243e-11,0
0.9999688111554704,2.8154243758885437e-06,2.8373416419976468e-05,2.6117487817540005e-12,0
0.9999886165198767,2.6960377963563116e-06,8.687441922324926e-06,5.766793238093012e-13,0
0.999994523609064,4.0670596908765195e-06,1.4093299967410522e-06,1.7748587180881592e-14,0
0.9999975677849327,1.65519015423463e-06,7.770247758997904e-07,2.379549798749543e-14,0
0.999998038283698,1.660513750584101e-06,3.0120329789664713e-07,7.140434476547433e-15,0
0.9999984857615896,1.487137639577871e-06,2.7099708952226956e-08,3.582402894135539e-15,0
0.9999977952126504,1.6339769782566525e-06,5.708114976480126e-07,1.2182687195615687e-14,0
0.9999981027994898,1.7151107591889312e-06,1.8208975244255067e-07,2.960880268385757e-15,0
0.9999987841263762,1.0162787145801705e-06,1.995934413875393e-07,5.243248763417784e-15,0
0.9999987616364188,1.1351818653935776e-06,1.0318348866019087e-07,1.6728247776739016e-15,0
0.99999898500079,9.427742827527691e-07,7.22259347790526e-08,2.4846271617479257e-15,0
0.9999986432421901,1.2680556880780432e-06,8.87034479633965e-08,2.424882759417143e-15,0
0.9999987249656386,1.176164190468323e-06,9.886893837795597e-08,2.8601597274020822e-15,0
0.9999986193879957,1.370153965961791e-06,1.0458361613289195e-08,2.6486538395536683e-15,0
0.9999972705955729,2.6507356625801158e-06,7.866932828574392e-08,2.712546954941531e-15,0
0.999998146786209,1.8278395320562334e-06,2.5372791804290114e-08,3.293622851832117e-15,0
0.9999987393865682,1.1657032955549257e-06,9.491086840192998e-08,4.8401634543479484e-15,0
0.9999985327933095,1.3593417373269002e-06,1.0786487041160413e-07,3.4379247329436033e-15,0
0.9999982356618705,1.65709070583246e-06,1.0724724049542817e-07,1.886377897239192e-15,0
0.9999985400547046,1.1220594469479585e-06,3.3788461354943333e-07,3.4463235637340065e-14,0
0.9999940241974691,5.7273519031797956e-06,2.484504054631575e-07,1.0876977522832166e-15,0
0.9999985856894451,1.0942155944006786e-06,3.2009492866180493e-07,3.8147017416640845e-14,0
0.9999967451675039,1.9688112484788966e-06,1.28602054099874e-06,3.153906242554983e-14,0
0.9999930764046014,5.430428252970497e-06,1.4931671117960343e-06,1.1692018721080245e-14,0
0.9999974815941521,1.3527945236439684e-06,1.1656123863069e-06,6.276883999485476e-14,0
0.9999971995314914,1.7773288602373172e-06,1.0231379233103343e-06,2.4821338952466625e-14,0
0.9999963355143177,2.5158447715122965e-06,1.1486421452907273e-06,3.812135777452861e-14,0
0.9999908898695384,2.711200887108207e-06,6.398927970592872e-06,1.0837621295780249e-13,0
0.9999860761805245,3.1960389398373085e-06,1.072778084421142e-05,2.940610637288437e-13,0
0.9999637871014355,4.095931934423027e-06,3.211696544240035e-05,1.4493850298975469e-12,0
0.999921213548697,4.39830266942511e-06,7.438813894663086e-05,9.588815385325682e-12,0
0.9998556881785245,6.480938334302e-06,0.00013783087414716934,8.692052892929876e-12,0
0.9999121894390985,3.619553749288397e-06,8.419097665151971e-05,3.2062647896044264e-11,0
0.9998427428334125,4.693815343753409e-06,0.00015256326451373295,8.726322187804382e-11,0
0.9996289289489662,5.0943062296710654e-05,0.00032012699483721906,9.944961399913837e-10,0
0.9991535695843572,0.0006360192212024839,0.00021041118731237107,8.145651372609918e-12,0
0.9981939504866001,1.7629773514487617e-05,0.0017883687260482719,5.1012507812817316e-08,0
0.9944547943520363,3.31884989862014e-05,0.005512006498817513,1.0649807441958094e-08,0
0.9640253376298671,0.0003445568299335617,0.035630089270765095,1.6270973634992644e-08,0
0.7754688364754257,0.00044989849127677453,0.22408096803176572,2.970013868994892e-07,0
0.5060871090214608,0.004734132745568518,0.4891786719659503,8.626717303316696e-08,0
0.032957636052838114,0.0008947306629744215,0.966143143369164,4.489914757222244e-06,2
0.0021975320268964563,5.040499989395454e-05,0.9977452402697422,6.82270294299269e-06,2
0.00034508784849390426,0.00023519599209135368,0.9994186326902196,1.0834679660303262e-06,2
2.199921596041303e-05,8.119624152321985e-05,0.99988418416125,1.2620381077778179e-05,2
2.5020840286372978e-05,0.0011824698723967414,0.9987888532483181,3.656037272027746e-06,2
7.449418085527475e-06,8.676450462024708e-05,0.9998718837635682,3.390231496550989e-05,2
6.451853926066142e-06,6.352826004623466e-05,0.9998865986984262,4.342118800663474e-05,2
7.660995222906456e-06,5.7226130603190417e-05,0.9999116531391238,2.3459734373628132e-05,2
6.437422259536082e-06,5.871039606967932e-05,0.999900155086729,3.4697095025171986e-05,2
7.24978043397123e-06,5.649437792109925e-05,0.9999056693306431,3.058651142033698e-05,2
8.989961668532626e-06,8.805733037660405e-05,0.9998763501735659,2.6602533384568477e-05,2
9.248194043116023e-06,6.004689703659929e-05,0.9998994359558521,3.126895399274054e-05,2
1.2261233802208806e-05,0.0001396769148751348,0.9998263344336067,2.1727415964161313e-05,2
7.069832657248205e-06,6.181544605726388e-05,0.9998869525027331,4.416221756819726e-05,2
1.1525909132211037e-05,4.6647574171149125e-05,0.9999128721952535,2.8954321335320214e-05,2
1.1348936855635105e-05,6.792765092455829e-05,0.9998988665168066,2.185689680208592e-05,2
1.4721234753287022e-05,7.67864438679728e-05,0.9998998206989733,8.671623596829438e-06,2
5.998337857820306e-05,3.978561776532936e-05,0.9998943040137489,5.9269910244951016e-06,2
1.01501488220837e-05,4.225593506751568e-05,0.9999288394792497,1.8754437056128583e-05,2
7.753430385569767e-06,8.240467056743344e-05,0.9998867148022726,2.3127098314303266e-05,2
1.6028544768459357e-05,6.723682265011837e-05,0.9999019922079602,1.4742424100409222e-05,2
1.9007974314704677e-05,3.8163785357173344e-05,0.9999334266873385,9.401552768631009e-06,2
3.2137778319302916e-05,4.322582586801533e-05,0.9999182726789644,6.363716992103514e-06,2
1.3259505750930713e-05,3.4222392701731246e-05,0.9999390818413656,1.343626114548103e-05,2
1.7435773706861005e-05,3.9201961841409457e-05,0.9999324283983286,1.0933865859252097e-05,2
2.5786282555043304e-05,2.9698538703867992e-05,0.9999349954770352,9.519702582055781e-06,2
2.7236226870889728e-05,2.911452190519455e-05,0.9999329701805995,1.0679070760624042e-05,2
2.7896178871270987e-05,3.273890695038061e-05,0.9999322489780785,7.115934896787884e-06,2
3.290627682185453e-05,2.4843988668727316e-05,0.9999336327687768,8.616964020841751e-06,2
0.00010661587431626208,2.5876471054540444e-05,0.999860520405719,6.987248349872312e-06,2
0.0007732433025049705,3.334681712548705e-05,0.9991873258451648,6.084034029213623e-06,2
0.007931085017440467,6.707973631382343e-05,0.9919959435980261,5.891647683557187e-06,2
0.11829566741276341,0.0001856302438232168,0.8815157340464462,2.968298294806074e-06,2
0.3437416141985771,0.0002295992190082904,0.6560270855176016,1.701064729039794e-06,2
0.6076626486250034,0.0002741984199892696,0.39206139373351545,1.7592221381450125e-06,0
0.6754798241096147,0.00012414781423346702,0.32439536382241774,6.642549954411951e-07,0
0.849027585956337,0.00017775591288425965,0.15079450864687827,1.4948245482176097e-07,0
0.9730651238217566,7.674040508000128e-05,0.026858107594037176,2.8178759513739055e-08,0
0.9963635659987258,1.8925510751915007e-05,0.0036175061653544362,2.3268961106964796e-09,0
0.9996777029758619,4.3716255911162756e-06,0.0003179252372101747,1.623826157120464e-10,0
0.9999771887833692,3.7797377174058198e-06,1.9031477811191195e-05,9.383122930884926e-13,0
0.9999965175508506,1.6773466560615709e-06,1.8051009736929303e-06,1.3812877137392208e-13,0
0.9999813564673671,2.3702863808629827e-06,1.627323515209696e-05,9.571123176851066e-12,0
0.9969636608124096,7.872410208934464e-05,0.0029576137560053846,1.3281458844967561e-09,0
0.47792814236179454,0.0004557006808855955,0.5216161013954208,5.556342745727654e-08,2
0.11152816093333356,0.00018141787712511916,0.8882878967042436,2.5244866760191646e-06,2
0.04178931718768703,7.740714662363673e-05,0.9581290729377059,4.202726289513733e-06,2
0.009617032067262558,5.3240359984293214e-05,0.9903259932847004,3.734287698847092e-06,2
0.004281158278337454,6.291851928199196e-05,0.9956514685217328,4.4546794249695095e-06,2
0.00142480793265872,4.427426646221217e-05,0.9985261020071813,4.81579438802994e-06,2
0.0004777246374691961,9.620476195805919e-05,0.9994233964212378,2.6741808228589095e-06,2
0.00018053800076502576,3.376748150128571e-05,0.9997807046691978,4.9898503018781744e-06,2
0.000132928635693022,2.6370128979446897e-05,0.9998351863641365,5.514871698760613e-06,2
0.00016229008476621073,5.6766629674667745e-05,0.999777128708334,3.814576970973299e-06,2
0.00015257511909587667,2.8606677300643945e-05,0.99981214087883,6.677324342716975e-06,2
0.0009628067631339877,3.6088783670715815e-05,0.9989956075402151,5.496913809432552e-06,2
0.008014158659157826,5.445005043430662e-05,0.9919273389464875,4.05234480579258e-06,2
0.02509965551771997,7.723270427681015e-05,0.9748189637766291,4.148001917956325e-06,2
0.046660766314879684,0.0002659413937609427,0.9530695368926388,3.7553988392809314e-06,2
0.05586017944019359,0.0027753187385690685,0.9413350327647604,2.94690561239847e-05,2
0.04275181975734565,0.03536357664057447,0.9214372933266461,0.0004473102767749692,2
0.00025831623977859663,0.9906344893791844,0.009107184712912069,9.667231340289735e-09,1
0.0001296250728418152,0.9947524699374896,0.005113921119491391,3.983871420029205e-06,1
2.5897643055313e-05,0.9978221675542682,0.002150251510135041,1.683293849160229e-06,1
4.927446334011064e-07,0.999980527264109,1.8979989699258496e-05,1.8905711943213677e-13,1
0.002452596936367179,0.01680285072927335,0.9800297528800992,0.0007147994553442432,2
0.0008247523393563661,0.007368103757044134,0.9918024748586085,4.6690448304464455e-06,2
0.00039070097715102205,0.003790603979264346,0.9958182589418861,4.3610195071330145e-07,2
0.00014463782242476962,8.23858637918056e-05,0.9997672715733472,5.704741887303832e-06,2
4.491023886612176e-05,2.9841026502090166e-05,0.9999181227155564,7.1260184538905865e-06,2
4.809861976764692e-05,6.0493182380608105e-05,0.9998850646469739,6.343552024052532e-06,2
0.00011343114180977518,0.00040627861166218763,0.9994789156684941,1.3745788829642305e-06,2
1.669345514987793e-05,4.065989942203222e-05,0.99992773140491,1.4915239593277847e-05,2
1.16883970180592e-05,7.084942611536845e-05,0.9998960201194409,2.1442057477682867e-05,2
7.156972434333832e-06,5.302669158779077e-05,0.9999041258030069,3.5690532258467246e-05,2
5.919657970300293e-06,0.00018849779969889628,0.9997679827856942,3.759975544336973e-05,2
4.238201484213032e-06,0.00022249815121393404,0.9996983986108844,7.486503631593471e-05,2
4.917970408790674e-06,0.00017343382983732157,0.9997490255645117,7.262263582880292e-05,2
4.088483079732993e-06,0.00016457529562411539,0.9997943692406508,3.696698109918395e-05,2
8.59490606836069e-06,6.721760955451316e-05,0.9998991178102734,2.5069674483663972e-05,2
1.2972394288603712e-05,5.237527357892103e-05,0.9999190452973464,1.560703451787036e-05,2
1.8329025715513164e-05,3.108474838710832e-05,0.999936590741086,1.3995485658317385e-05,2
1.5553092877576745e-05,0.0001771442780060988,0.9998015839829838,5.718644668490998e-06,2
1.2803520012713719e-05,4.977701195247076e-05,0.9999273018489584,1.0117617990713682e-05,2
3.213988230347501e-05,4.5640256817937234e-05,0.999915363989442,6.855870124664005e-06,2
1.5495416305903e-05,3.6922756012941516e-05,0.9999364041791908,1.1177648704412929e-05,2
1.346609393139611e-05,3.456380718825398e-05,0.999939073536366,1.2896561760554757e-05,2
1.979635574347942e-05,2.7729313879369234e-05,0.9999404605959435,1.2013735185947053e-05,2
1.8466263450872404e-05,3.7677335065937844e-05,0.9999314894998865,1.2366900046550656e-05,2
1.305302100040314e-05,4.0141561168020154e-05,0.9999325289962017,1.4276420304911474e-05,2
1.3020199583810388e-05,0.00011360689617995582,0.9998465387473242,2.6834155485617038e-05,2
9.5486960918056e-06,0.0002539513963202984,0.9995435082160867,0.00019299169206942157,2
2.209335296603223e-05,0.0026412865676468536,0.9960284418821815,0.0013081781956687164,2
5.261731151061597e-05,0.09393699413212253,0.8993722962701097,0.006638092287305676,2
4.743885575552868e-07,0.9978438636940624,0.002155661900033957,1.714290112518592e-11,1
5.880838924976268e-05,0.06445716064495115,0.9275647293549797,0.007919301611193317,2
1.1474722015092003e-05,0.01985085065811785,0.9779523130389663,0.002185361580157425,2
6.187550136958746e-06,0.0006795919495182424,0.9983204334538799,0.0009937870480525785,2
5.697447824498343e-06,0.00010521890629416605,0.9995815362232571,0.0003075474233083816,2
7.0866788694421035e-06,0.00013712456386170215,0.9996108118754756,0.00024497688165921416,2
7.885622132826397e-06,0.002209280654849637,0.9972079249130975,0.000574908810010116,2
0.00017490184558461243,0.010928895673610084,0.987538142438299,0.0013580600442435412,2
0.00010643157217648204,0.5549238026672962,0.44496904211456106,7.236464911822657e-07,1
0.00017887981572212654,0.6157478067680692,0.3831627526910693,0.000910560726406651,1
4.0443188091149805e-15,1.0,4.914932592843932e-15,8.64976349420726e-33,1
0.00022481089185433679,0.04893514894806668,0.9499031596667032,0.0009368804921080463,2
2.304800475243914e-05,0.0034069650281297365,0.9964814204048379,8.856656095373192e-05,2
4.004134691494835e-05,0.0008956390124023666,0.999055394925159,8.924716442422044e-06,2
0.0002913644867271743,0.00545366686978021,0.9942485006780372,6.467965290929156e-06,2
0.0004543553396816225,0.030725501796590008,0.9688200765776156,6.628440220572346e-08,2
0.0001206301090481808,0.0012240475872419205,0.9986427863653016,1.2535937018118598e-05,2
0.00010572857105029004,9.515410967189895e-05,0.9997942314878209,4.885831013891382e-06,2
7.806533241744236e-05,0.0002096970036482649,0.9997088975103118,3.340153762698242e-06,2
2.124995035097127e-05,0.0011843514884079225,0.9987936352485275,7.633113899969973e-07,2
7.144752970975143e-05,0.0005147142010414253,0.9994133357669851,5.025033884554451e-07,2
7.367732616684126e-05,4.067816476953731e-05,0.9998794589306963,6.185580108596933e-06,2
0.00020384566152693428,8.922347203788446e-05,0.9997040791887557,2.851676133806831e-06,2
0.00014270596431479606,4.144767955791045e-05,0.9998109391498944,4.907205125828918e-06,2
0.00018639790894209142,6.413853433824996e-05,0.9997357340614869,1.3729493663192341e-05,2
6.949427192515539e-05,0.00013627447752793218,0.9994006020806935,0.000393629171655069,2
4.373291763637534e-05,0.006738631112693912,0.9841640023022505,0.009053633668937508,2
2.4145261953994188e-05,0.13014418808662825,0.7497620135464989,0.12006965310349076,2
6.905368608790346e-07,0.762642410200274,0.0547992238648204,0.18255767539870119,1
1.5082667637115396e-08,0.25025613252262635,0.0037392753511205365,0.7460045770418794,3
2.3905066111790312e-08,0.036901831641158234,0.002022522509536024,0.9610756219457829,3
3.6354856975653975e-09,0.0038022311141500433,0.0006488379235190264,0.9955489273278643,3
9.549553886133462e-10,0.000972924733538245,0.00024348150393813103,0.9987835928081924,3
1.1377425991752338e-09,0.002231753636038847,8.875011054523084e-05,0.9976794951156033,3
4.752809368656197e-09,0.04294153067545074,0.00044590401108031343,0.9566125605604627,3
7.546640874682393e-11,0.9835321147295415,5.734664550505901e-06,0.016462150530096704,1
1.9054966323775748e-11,0.9999996063125629,3.2530887045008785e-08,3.61138700391074e-07,1
1.600276765413608e-11,0.9999999984684109,1.290387435179325e-09,2.247204989093015e-10,1
3.292880423274838e-15,0.999999999821739,1.3887330999248715e-10,4.093155669161018e-11,1
9.31921394801193e-10,0.028582705395937453,3.739303041474137e-05,0.9713799006424879,3
2.9172628436851025e-12,0.0047171904879836045,4.140676226770064e-07,0.9952823954416586,3
2.4363102997123323e-13,0.0003769620660161713,1.9458762356025396e-07,0.9996228433454796,3
5.2327482082967255e-14,0.0002601224002676364,6.627448073870782e-08,0.99973981132635,3
3.888031289765686e-15,0.001275035046812445,5.587848770109805e-08,0.9987249090743701,3
1.5852928133616597e-14,0.00024934946025534626,2.7338839454169397e-08,0.9997506232014826,3
2.841511504460221e-15,0.00025822370438846083,2.097644854639689e-08,0.9997417553183386,3
1.3744697067201586e-15,0.0003038988515975832,2.118037131318667e-08,0.9996960799669966,3
7.38490786004589e-15,0.00016331361426912477,1.0267825403774672e-08,0.9998366761193782,3
7.328731382251013e-15,0.0010036652719996742,2.1486856691495185e-08,0.9989963132427605,3
2.3413011722637027e-13,0.0012011295694547,8.953691935214207e-09,0.9987988614766109,3
3.3173743058149456e-14,0.025744765106704544,3.1146713053371406e-08,0.9742552037475076,3
7.490057601207299e-13,0.006300510905928044,2.592864955290456e-08,0.9936994631652897,3
1.803727849184426e-12,0.0021431315229551748,1.3086593242856979e-07,0.997856737611034,3
7.629103798059492e-13,0.0024799388310325016,1.3407665720043546e-07,0.9975199270904007,3
4.339614017081641e-11,0.004268186875387686,8.965157673686832e-07,0.9957309165649896,3
4.738479871687974e-12,0.1545027561659085,1.5026351370588765e-07,0.8454970935647569,3
7.209572726333433e-14,0.98026816659724,2.6974683178081593e-09,0.019731830703978843,1
4.390301798981549e-12,0.07638160181804779,7.144819143951052e-08,0.9236183267309684,3
2.242652595801421e-12,0.01087031183333451,9.966576815575991e-09,0.9891296781964629,3
1.295208461371717e-12,0.006993379818640337,1.590918058090625e-08,0.9930066042698907,3
2.4239345964338272e-11,0.015947206663392995,1.9043627720256472e-07,0.9840526028753083,3
9.331481394809674e-13,0.4053229043488561,2.433249555073527e-06,0.5946746624000678,3
3.4035201860320675e-11,0.012810027506884399,3.3467025685369622e-06,0.9871866257573104,3
3.7180031517490034e-12,0.0010339482490063661,1.298913429240452e-07,0.9989659218564616,3
2.0854261127984613e-12,0.0026525713009323978,1.1457605023224681e-07,0.9973473141225664,3
7.879080146877018e-12,0.04075935398159501,3.714821332092157e-07,0.9592402745265874,3
1.8613624431309716e-11,0.890087928583589,1.44734305768813e-06,0.1099106240552852,1
6.0336147292307175e-09,0.9992695536076943,1.1061113817317058e-05,0.0007193792452186141,1
6.527281153078626e-07,0.29160498823709885,0.007985292047168377,0.7004090669889338,3
2.0632922064864105e-06,0.16826321893300425,0.012922083704201438,0.8188126340692243,3
4.171348585411471e-07,0.331589986277609,0.007535329087549005,0.660874267501435,3
8.53005833045801e-09,0.9936806348693269,0.00027051141949323016,0.00604884518136406,1
1.4624352362314982e-06,0.31876251115588367,0.02164463545882504,0.6595913909484403,3
2.2409704968026784e-06,0.13422495315721267,0.03414716045517167,0.8316256454170681,3
1.7742769742147606e-06,0.22213949666655222,0.030951302700388934,0.7469074263568853,3
3.3774020428802444e-08,0.9980261753247408,0.000527239501649934,0.0014465514009681056,1
8.714558151892974e-08,0.9993503497375832,0.00019591461777204063,0.0004536484978275736,1
8.940310058534699e-07,0.9887982084321683,0.000753954223588868,0.010446943313225326,1
4.399787001189499e-07,0.8587897163654008,0.0011957042862591532,0.1400141393708141,1
3.672789011375313e-07,0.9295185554361982,0.0005975610313032452,0.06988351625408436,1
1.5653094391282666e-08,0.9993793629003681,2.0172878261922907e-05,0.0006004485700375446,1
7.318773179994446e-07,0.9938979808878867,0.0006160323851452968,0.005485254849412138,1
7.629696079731468e-10,0.9999996174702396,3.817544466543908e-07,1.1981177569498437e-11,1
7.709405996832972e-06,0.8929036644011965,0.10690407333423818,0.00018455285951703645,1
0.00014691799741770452,0.18466241385881643,0.8144090331982842,0.000781634944185317,2
0.0014954055756220747,0.07794745915643225,0.9204978531510485,5.928211598064385e-05,2
0.02434486645684936,0.02487040379911935,0.9507708318905544,1.3897851703509735e-05,2
0.9584184728005727,0.0019100835457732945,0.039671397648608615,4.6006478535462064e-08,0
0.9993323699597637,0.00017952116420405132,0.0004881066481648535,2.2288525823313466e-09,0
0.9998784056960128,0.00010191377600796294,1.9680451742092072e-05,7.76301591492144e-11,0
0.9999064741796768,6.545901809886564e-05,2.805420277197428e-05,1.2599057616578403e-08,0
0.9902030622547963,0.00830321880724014,0.0014936440074926117,7.493105361327056e-08,0
0.16745770532139728,0.8325405512207584,1.7434588974899795e-06,8.886164772174182e-14,1
0.15984985449799236,0.8401497641447253,3.8135538738658866e-07,7.000530441830873e-13,1
0.5066204603175662,0.4922523102951537,0.0011271814640532677,4.792241334303087e-08,1
0.9769647553608836,0.013763741686079398,0.009268263320444186,3.2396337011487733e-06,0
0.9910570579581257,0.0014742627529221522,0.007468520562260838,1.5872522512249161e-07,0
0.9971010732053616,4.15246380051127e-05,0.0028573579603548534,4.419469927425268e-08,0
0.9964408062539258,8.540245494948902e-05,0.00347374740140036,4.388952750755349e-08,0
0.9878552489885264,0.0023736655646026746,0.00977106158680514,2.3861303132840225e-08,0
0.9511378864820512,0.014489708068976004,0.03437226087175979,1.445773433388289e-07,0
0.8399190743364912,0.06305645338240606,0.0970244640129059,8.267790069985708e-09,0
0.6829566337428836,0.002174482258067398,0.3148412860809244,2.7597916586992886e-05,0
0.46705663787236534,0.0003768096292576916,0.532564514694909,2.0378028727101055e-06,0
0.2409644102124894,0.0005625083160261019,0.7584711294288989,1.952042682995234e-06,2
0.08591999315270267,0.006483848313646259,0.9075958707906064,2.8774335971622815e-07,2
0.0257204593335978,0.002911379848468854,0.9713675447156443,6.161027264580112e-07,2
0.0110574206672324,0.001043028681500481,0.9878989397633982,6.108891809756572e-07,2
0.0027087250103925583,0.00019368622750565861,0.9970950111745513,2.5775863853052886e-06,2
0.00023145376270323565,0.00013647732535463812,0.9996296864444979,2.3824677008018723e-06,2
6.982096923229202e-05,0.0005911317398478612,0.9993372845410354,1.7627516339835402e-06,2
2.0302050363487103e-05,4.647850353732297e-05,0.9999244553706462,8.764075516272405e-06,2
1.3575284313512284e-05,4.0302248087632375e-05,0.9999271704147105,1.895205254867841e-05,2
3.889576158220182e-05,0.00011951652491139632,0.9998283944144749,1.3193297697231828e-05,2
3.7082347841788076e-05,0.0018396044401368015,0.9979210481191524,0.00020226509429731668,2
0.000389043145782513,0.05646572946122522,0.9422880594377196,0.0008571679545931825,2
4.97349581157982e-09,0.999999921568818,7.345747230079057e-08,2.327217310767757e-17,1
1.5051025863099207e-06,0.998516090300298,0.001482022705049768,3.8189046421249344e-07,1
0.000197206918553653,0.9741499597647768,0.02553082805245912,0.00012200526441982075,1
2.6908730000868105e-05,0.9756100721397287,0.024341415308240445,2.160382165765858e-05,1
2.74786916224646e-05,0.9842255376475598,0.015722752105009855,2.4231555644344526e-05,1
8.730135274077978e-10,0.9999901728598086,9.826265314341198e-06,5.679742928297865e-13,1
5.5810141196945665e-05,0.7576165775869032,0.2415807875181057,0.0007468247552616515,1
2.7749319764582e-05,0.5182363145988235,0.4786112536138768,0.0031246824683196684,1
2.5871834392070014e-05,0.2680942783945863,0.7024516677429683,0.029428182028024788,1
1.248061369659198e-05,0.3036737398291537,0.6962396893164242,7.409024134293391e-05,1
2.0210905139184224e-05,0.01836400410251219,0.9789326839752339,0.002683101018841071,2
7.76185647927009e-06,0.0006877569870459159,0.9985272171267127,0.0007772640300945463,2
8.721287684933103e-06,0.0005210369114551105,0.9994017147228242,6.852707710654703e-05,2
3.351871613377533e-05,0.00013877515719596512,0.9998171231929837,1.0582932994975492e-05,2
1.3872420239625678e-05,0.0008828725043369313,0.9990123442151683,9.091085849308078e-05,2
1.4751861920452047e-05,0.026215248669100747,0.9737632703539223,6.729113636737017e-06,2
1.0024131631399661e-05,0.029321657240207525,0.9704349866428181,0.0002333319854986866,2
1.3056482272914671e-05,0.02024645793694503,0.9721033149859318,0.007637170594566197,2
5.3071734185557375e-05,0.12174588999020913,0.8663263535769112,0.011874684696927214,2
3.5066778080112696e-06,0.9185048618822386,0.08145018580974897,4.1445630918640825e-05,1
2.0139718794264704e-06,0.9612916938195271,0.03507448363446289,0.003631808572994612,1
7.638705416202715e-07,0.9370012598356386,0.008354391771247117,0.054643584524361306,1
6.258994386864044e-09,0.9984262587107163,2.718281103693455e-05,0.0015465522200025356,1
2.2683953931897464e-07,0.6479225745578794,0.001047552755972393,0.35102964584667845,1
1.5601059592438216e-06,0.6869389532461968,0.00273417260187682,0.31032531404734287,1
1.9421080077990382e-07,0.9980119205102824,0.0011893366008342995,0.0007985486765337398,1
4.124304372601825e-06,0.9304992469949548,0.05264713824817228,0.01684949045096862,1
2.1645276918299364e-05,0.3862233423967393,0.3594521032246903,0.2543029091032278,1
0.00025407218333406965,0.3863765990570086,0.4183414926318976,0.195027836126919,1
6.024200534464021e-07,0.9994389117954395,0.0005604857695123753,1.45700925442632e-11,1
0.00012266508237073335,0.9703862384845992,0.0294601915711971,3.0904861227485744e-05,1
2.9139626241835326e-05,0.971051847497154,0.028913480313702385,5.532563800808112e-06,1
0.0001086983166863096,0.9417697357314491,0.05347494425053883,0.00464662170148015,1
2.1857633839644512e-08,0.9995212365503956,0.00047874036425850304,1.2291009968441942e-09,1
1.547839052579875e-05,0.9316953620199961,0.0682869962189902,2.1633720715482572e-06,1
3.773446844740701e-05,0.3767156793031482,0.6223507312255908,0.0008958550011342025,2
1.1427809793875539e-05,0.21989656764099044,0.779996303863535,9.570068526217901e-05,2
9.407910672356352e-06,0.05543740914892016,0.9441260125289278,0.0004271704120257784,2
1.3358787482775945e-05,0.014425287630295304,0.9855224376393891,3.891594317539437e-05,2
1.5035049303125689e-05,0.003334828626321892,0.9966400883943791,1.004793054735952e-05,2
1.1766872825484091e-05,0.0008201347932899752,0.9991634230094909,4.675323113505489e-06,2
2.1312857127296556e-05,4.7272899244154804e-05,0.9999184215110757,1.2992730883825916e-05,2
1.6130225555896548e-05,0.0005077075636296706,0.9994735187794349,2.643430989961019e-06,2
1.534266118104184e-05,0.0005266616388380893,0.9994540724939212,3.923204910648115e-06,2
2.9186451773662173e-05,0.0003418458259312589,0.999627268807451,1.698913851606062e-06,2
6.030031231025152e-05,6.468055760617316e-05,0.9998636025381842,1.141659050128629e-05,2
0.001952754481968544,0.0011869179463498013,0.9968599236583559,4.039133271087156e-07,2
0.0025366932848580738,0.0007053547964814401,0.996756594111203,1.3578085453690145e-06,2
0.0018042830591945547,9.161948790547098e-05,0.9981007865989135,3.310855027070816e-06,2
0.00027910494950942916,3.0061087799856966e-05,0.9996850648844897,5.769079868778288e-06,2
9.438343796026953e-05,5.1941161171830727e-05,0.9998475634164841,6.111983642462142e-06,2
0.00017822561201729956,0.00024518463768851047,0.9995321442193599,4.4445530997144284e-05,2
0.0009049310506685235,0.018404284821953786,0.979843209046956,0.0008475750815320383,2
7.286493006163009e-07,0.9993685503429561,0.000630721003749649,4.165137127060514e-12,1
1.4563821608659858e-05,0.9652470976082017,0.03473330190659653,5.036662431014816e-06,1
0.0001823813972954797,0.7661159446370353,0.23355179455619776,0.00014987940982697436,1
3.795264388398898e-05,0.7417653653106847,0.2581775947096016,1.908733428465666e-05,1
1.8390358572310307e-05,0.7088014842448693,0.2873122258073717,0.003867899589834571,1
3.847618223234113e-06,0.3087806597002685,0.23946975590519193,0.45174573677748764,3
1.0310310439643748e-07,0.16268292001908125,0.051148134979664944,0.7861688418976808,3
8.373174115143206e-08,0.024678189814283425,0.007143367721794273,0.9681783587339292,3
4.5066406444212174e-08,0.019189535535811892,0.0023126867855938174,0.9784977326105764,3
5.6307228312211205e-08,0.04622488403767271,0.0013676280663957045,0.9524074315884395,3
3.3416834668702614e-10,0.16975800265826305,1.6372527113030225e-05,0.8302256244795666,3
4.0954876875543575e-09,0.11981122978677143,4.9350893542905655e-05,0.8801394152230373,3
2.3051746269364308e-08,0.08499716646332443,6.067893370096487e-05,0.9149421315505011,3
3.360854720199814e-09,0.1131243441608848,3.733657488374483e-05,0.8868383159022054,3
6.157465034586173e-10,0.04560856788820747,1.8630328292256197e-06,0.9543895684620347,3
8.167705281738162e-12,0.057661271126115306,2.1382317624717782e-06,0.9423365906334537,3
1.5069615116760953e-10,0.005796976266983757,4.284082205582252e-06,0.9941987395009991,3
2.5702423314516406e-10,0.004150299328816203,5.148586014060167e-06,0.9958445518263956,3
1.0544248106910386e-11,0.022807478943773152,7.813476791013005e-06,0.9771847075688156,3
2.675971171827941e-10,0.0018188312307045062,1.4260691826061612e-05,0.9981669078087605,3
1.2642855833049092e-10,0.0022341824993471872,2.0681667648546794e-05,0.9977451357067894,3
1.9597014940865175e-10,0.0063131899594818285,4.3636370448274073e-05,0.9936431734724583,3
4.920887004862282e-10,0.005329168046018181,1.9493615761351255e-05,0.9946513378452089,3
1.032013843486821e-09,0.03073212907759714,0.0002689948846286717,0.9689988750043307,3
4.28207398645462e-09,0.02432286458171143,0.0003530829473456658,0.9753240481882548,3
6.237330882253142e-09,0.0033501464822758213,0.00011216193770253575,0.9965376853439393,3
8.608560041480545e-10,0.014160051106361924,6.233847992463523e-05,0.9857776095521723,3
1.0432389593833991e-10,0.012674430051412331,3.380248171888538e-05,0.9872917673634368,3
2.175916541137904e-11,0.0007417157019039112,5.996446773122668e-06,0.9992522878303088,3
5.176410731828673e-12,0.0005005055672744031,2.536141579924775e-06,0.9994969582866463,3
6.301980010374056e-12,0.0019343405966108357,6.058710698724535e-07,0.998065053527687,3
1.6783163151391894e-12,0.0298097873343265,5.2512636163310624e-08,0.9701901601518538,3
2.1018713969291897e-17,0.9915071243304867,1.8283703360092509e-13,0.008492875669118919,1
3.1948527318829437e-15,0.9980813813317698,2.748198980090997e-14,0.0019186186683429988,1
1.6200340534783837e-20,0.9999999999854481,1.720293190277469e-19,1.4313366750636732e-11,1
4.3308961333755965e-14,0.9966311530318872,9.3938662158659e-12,0.003368846957093093,1
4.0803141635796844e-14,0.9964240550089993,2.938513835692678e-12,0.003575944987028668,1
2.088577361927966e-09,0.9743103266673844,1.1541521858563122e-06,0.025688517093426358,1
3.021364071345716e-09,0.9646545488752291,1.3113157431924292e-06,0.03534413678637912,1
1.2777404557068873e-11,0.9984297644481521,7.293774962497291e-08,0.0015701625997082815,1
5.829501675721239e-12,0.37795910578541936,5.142527242553528e-07,0.6220403799575744,3
2.6404366025607913e-12,0.009957859396224678,1.1521659809325897e-07,0.9900420253847557,3
4.019554353781524e-14,0.001327021483623311,9.102050493537748e-09,0.9986729694127698,3
9.265379777401574e-15,0.00036471726528686986,4.498016570060372e-09,0.9996352782358235,3
2.31457608053564e-16,0.0005169465808336605,6.102513695696801e-10,0.9994830528087868,3
5.288674612890706e-15,0.0004074649353402167,7.694647112883042e-10,0.9995925342953572,3
1.675467923511688e-14,0.003915717784767571,3.2105739781145604e-09,0.9960842790063569,3
8.62556590780908e-14,0.009145395244650445,2.9975434201447937e-09,0.990854601758263,3
7.779087981308597e-13,0.0032799582378031196,1.9686711145015092e-09,0.9967200397931179,3
2.022637401271221e-13,0.06455490568092999,1.9173944151449645e-08,0.9354450751433925,3
4.239472106452068e-10,0.0691043270635059,5.976819792500931e-07,0.9308950748317499,3
6.2396840224032e-11,0.318087335590526,3.2699905754298075e-07,0.6819123373464853,3
3.486374836352102e-13,0.9917472972043314,9.114210740166161e-09,0.008252693682632465,1
1.9604828058673618e-11,0.555555114315162,1.0476580156819658e-07,0.4444447808980938,3
2.1740426150911233e-09,0.25333159002431865,5.151706517662084e-06,0.7466632560966177,3
2.864343995388278e-10,0.25524314172966256,2.560565304515644e-07,0.7447566019269011,3
9.229639839465817e-13,0.9910550017283478,2.5211555231540948e-08,0.008944973060630097,1
6.50692780897615e-10,0.12035757158571175,1.259514275630778e-05,0.8796298326207195,3
1.0981677611828118e-10,0.028555332760733836,2.7091358691459777e-07,0.9714443962175181,3
8.15543086698165e-11,0.03589961056906495,1.0181503655742984e-06,0.964099371199515,3
5.946724879689046e-11,0.03328610055497178,2.4840581778470544e-06,0.966711415326431,3
6.820409211869653e-11,0.0050885107564726815,3.379556090402793e-06,0.9949081096176156,3
2.399402506613782e-09,0.002757599451811581,5.845419575134449e-05,0.9971839439531271,3
1.6751991866906227e-10,0.04028264420975237,0.0002995859259867971,0.9594177696957265,3
8.165881391571199e-10,0.004559225955139271,9.82331133927832e-05,0.9953425401140633,3
4.037894664857426e-13,0.0011380214775529797,3.0277639495814383e-07,0.9988616757444211,3
6.976350924233265e-13,0.0002520461292183118,2.0743990843221274e-07,0.999747746431122,3
1.6980079308165465e-11,0.0025000097638287057,4.0476195823220895e-06,0.9974959426009811,3
3.978398445456196e-10,0.0857865689831103,9.527648178579796e-05,0.9141181541378905,3
1.3801099126404113e-12,0.9999880137101942,1.0599420039446904e-08,1.1975688862326312e-05,1
6.429378478488597e-08,0.8624275752893027,0.0001080684799349537,0.13746429193701282,1
9.797082537653784e-12,0.9999993235253456,1.9193581870213498e-08,6.572728110851379e-07,1
4.707123943475936e-07,0.8045037724868748,0.0009436874278157541,0.19455206937414207,1
6.0550321679282834e-09,0.9933841074413767,2.9255651592796263e-05,0.006586630850317188,1
2.56205941493469e-07,0.962516547546943,0.0003493029244886389,0.03713389332244643,1
1.4608560631751838e-07,0.9956435225762813,8.568915966417226e-05,0.00427064217987123,1
5.155859092981663e-10,0.9999700374624401,2.8855229006981666e-05,1.1067927219447872e-06,1
6.351879331743673e-06,0.4303717153563711,0.24489262969733272,0.3247293030667516,1
2.7402316828958566e-05,0.09877347663377913,0.6414813059694932,0.25971781507914876,2
8.021650799821463e-06,0.009871889008973646,0.8112210877480767,0.17889900159199051,2
3.9071503636763025e-06,0.002561333104797289,0.9199940280794332,0.0774407316649318,2
4.863589992225644e-06,0.0010737426286812708,0.9744141034492663,0.024507290332722604,2
5.727140545995224e-06,0.0003038740487976354,0.9921006198742691,0.007589778934775737,2
7.97560745212423e-06,0.0003312871223288802,0.9989103822929962,0.0007503549782207629,2
7.807431051658751e-06,8.053158323842613e-05,0.9997775455933435,0.0001341153927749723,2
4.406689600225935e-06,0.0004652482071524609,0.9995232310066041,7.1140952848968965e-06,2
8.695420368688305e-06,0.00015367152570710103,0.99982840685059,9.226203986172545e-06,2
1.2945699771669593e-05,3.2664482724131844e-05,0.9999361932335141,1.8196584047888977e-05,2
1.0160114440898861e-05,7.767876491115712e-05,0.9998947455486786,1.7415571394638563e-05,2
6.543619718716228e-05,0.0001052741650770916,0.9998195193343234,9.77030519173756e-06,2
0.003587941749381765,0.0005102263098488297,0.9958987968673908,3.0350732968138073e-06,2
0.1343394785900647,0.0005517182413681439,0.8651078273589496,9.758084416169363e-07,2
0.9569781715500623,0.0010185598953793718,0.04200265924609452,6.093091498421321e-07,0
0.9986286072289557,0.0013560205605676696,1.5372209536993182e-05,1.0912780176654045e-12,0
0.9999702352534409,1.9657885034877872e-05,1.0106577103757722e-05,2.8559719828504864e-10,0
0.999950535796539,1.892025903851057e-05,3.05438537478591e-05,9.127764872655358e-11,0
0.9992418669576956,0.00033323521303369326,0.00042489773059089793,9.94708034181623e-11,0
0.9920069132223779,0.0009831509529559762,0.007009524523684598,4.113023524021017e-07,0
0.8611625695156453,0.0451144939366893,0.09371446133945233,8.47520723325457e-06,0
0.0015536782431877104,0.9973689189513408,0.001077400145325092,2.661875590572486e-09,1
1.6945610608870017e-29,1.0,5.129071044644573e-37,5.326259173214187e-64,1
7.685553248815148e-06,0.9998745525993022,0.00011756678609545882,1.9506280327258688e-07,1
1.703698648575082e-05,0.9995217299733437,0.00046121157977192134,2.1459304885478325e-08,1
0.006583495645550469,0.9643218877800724,0.027757769633924574,0.0013368469416049206,1
3.248009079031159e-10,0.9999999878491509,1.1825829499852303e-08,6.134100618284088e-16,1
1.0881154654230802e-05,0.9998072918338908,0.00018182040249782938,6.608169576557505e-09,1
0.0031244460751818077,0.9869398732352505,0.009881193590694112,5.448709849834927e-05,1
0.0024995929910022778,0.9852856703163084,0.01215715213912056,5.7584554438868734e-05,1
6.365889530283547e-08,0.999998999778245,9.365530208004326e-07,8.927738829677076e-12,1
1.9120756009225525e-07,0.9999760070754544,2.3796664572778807e-05,5.052056812911611e-09,1
9.682883001194357e-07,0.9997091757601723,0.00028734834656202234,2.5076045642083925e-06,1
2.3140431024035224e-08,0.999959812015659,2.7116274098305728e-05,1.304856976745565e-05,1
1.2197826799450445e-06,0.8903550152091215,0.0022698591869091005,0.10737390582067277,1
2.9074691258169837e-12,0.9999999960418791,3.924394609646756e-09,3.142429017341114e-11,1
6.946796504053105e-08,0.99995578556878,3.271371655509932e-05,1.1431247995044626e-05,1
7.636827360930428e-13,1.0,7.912756630511753e-13,6.287379664300616e-20,1
1.348409024817364e-10,0.9999999919818947,7.877868426301927e-09,5.571612972675826e-12,1
2.4620018528235867e-13,0.999999999996362,1.724108618281862e-12,7.512446579699225e-19,1
2.5819806593957363e-10,0.9999977365030797,1.4751457976090354e-06,7.880935079171866e-07,1
7.010432771288667e-32,1.0,2.370120362334318e-34,1.4091767065234905e-55,1
1.3658672665525482e-16,1.0,6.021718493708092e-13,3.2751391598786596e-16,1
8.121742217720478e-10,0.9999414804321842,1.0190806968703134e-06,5.749967351432291e-05,1
1.7923329811888363e-11,0.9999998038547538,1.1120619413337823e-08,1.8500506033590705e-07,1
8.827838485689629e-15,0.999999999996362,2.353447091157459e-12,4.992839010404438e-15,1
7.726950811815619e-11,0.9999901111239168,8.371739043759746e-07,9.051626333501992e-06,1
7.668130269382229e-14,0.9999999998726707,5.091362073742187e-11,7.491742590350121e-11,1
4.803723838824757e-26,1.0,6.342699258180478e-27,9.415510159030137e-35,1
3.851846385434146e-12,0.9999999964893505,4.796181904591081e-10,3.0261357033858177e-09,1
1.01521898255732e-10,0.9995413435546291,1.0079647171191724e-07,0.00045855554808594775,1
2.032309911861099e-15,0.9999999744686651,8.370950364287447e-13,2.5530152831320668e-08,1
2.177313800193652e-19,1.0,2.4047794587926085e-16,1.04732970936511e-15,1
1.8769572768408854e-12,0.9999349630793026,8.280545700050323e-10,6.503609233827318e-05,1
6.283581058090524e-12,0.9984811583910556,7.001396797817868e-09,0.0015188346030233764,1
6.476617902872805e-12,0.9935660576254476,1.4793818305111945e-09,0.0064339408886958825,1
1.555975342326634e-14,0.999962641795062,8.042672094102149e-12,3.735819804434768e-05,1
1.2499698120066626e-17,0.9999999999818101,3.794463607583603e-18,1.770393962274256e-11,1
1.4540604540409372e-42,1.0,6.66943658608432e-46,7.368785509659302e-45,1
1.3225354325622261e-24,0.9999999748397389,1.3807679705463441e-27,2.5158726158706716e-08,1
2.2323170847169228e-21,0.9959836678007685,3.8066318707988796e-24,0.004016332200889234,1
1.790306562305532e-20,0.998921726116309,2.8767296029589e-22,0.0010782738824409723,1
3.332593016565464e-20,0.9979932122781912,1.810645893265569e-22,0.002006787721187786,1
2.4970413555511233e-23,0.99999996679253,4.7841575080282036e-27,3.3207831674414486e-08,1
3.640604670039178e-22,0.999971297075653,4.4792494420678815e-26,2.8702924721206083e-05,1
9.638427901405998e-21,0.9300601345648436,1.1907227854926371e-23,0.06993986543628637,1
8.669011330068538e-21,0.9773195275854178,5.477937162184374e-23,0.022680472414797218,1
2.768733953469939e-25,0.9999997703053205,4.157319552959875e-27,2.2969590105500926e-07,1
1.4916398028796795e-34,1.0,1.450881918504091e-38,1.721737425186129e-26,1
4.529800618352212e-21,0.9889014466510733,7.583333316338275e-24,0.011098553347283302,1
2.0042629954090984e-38,1.0,3.649729275803259e-44,5.981273395507195e-32,1
6.477710375604186e-40,1.0,1.0121624005143215e-44,8.318503079609752e-29,1
1.2526990505901197e-25,0.999999288346115,1.805528390416498e-30,7.116522135596119e-07,1
3.64595101263915e-24,0.9997517159238651,7.559738997844514e-28,0.0002482840751106779,1
6.938459126564068e-28,0.9999987428535577,1.0626466711698868e-32,1.2571472579429738e-06,1
1.6402890839203422e-22,0.9721583191484909,1.1808448031307537e-26,0.027841680850774448,1
2.0769166132846584e-27,0.9899874930455765,3.631602786021442e-35,0.010012506955486965,1
3.0308647711937344e-29,0.9972057193670677,8.992391532960278e-39,0.0027942806321994977,1
2.293907513547513e-31,0.999997181512633,7.962583101119578e-40,2.8184869559476317e-06,1
3.4678628779862264e-26,0.9977237844078863,1.576797493089368e-33,0.0022762155925085147,1
9.067002052462446e-27,0.9999394359516263,1.8891812286050296e-34,6.056404769847782e-05,1
5.68269858886521e-31,0.9999999882311387,6.196024525556122e-39,1.1768815577865132e-08,1
1.9853213899078172e-25,0.999881885533125,1.7484438056184614e-31,0.00011811446723478966,1
1.3151279774171537e-29,0.9999999948995537,1.864699827980191e-35,5.100895393721971e-09,1
3.274151579095979e-41,1.0,5.928872976407007e-48,6.624336534973239e-31,1
1.9890491255949053e-29,0.999999999992724,8.664666175580224e-35,5.57943660223495e-12,1
1.105302081657018e-28,1.0,1.5862232032217112e-33,9.390235405027442e-13,1
4.966169704395134e-24,0.9561227450658877,4.567284334476908e-27,0.0438772549351619,1
2.7644021869004356e-22,0.20615483535026646,1.858829648678296e-24,0.7938451646503266,3
1.702021347972573e-21,0.07166365191051371,2.1751717604738876e-23,0.9283363480896311,3
1.6687531482581968e-19,0.0600945664018879,2.3174709034742618e-20,0.9399054335989502,3
1.3501912319128279e-19,0.11352629300323479,1.6964944498862344e-20,0.8864737069960714,3
8.691673346180806e-21,0.9999944242236702,1.8769099306978346e-19,5.575776650769824e-06,1
7.085765514483581e-19,0.9999953366677395,1.4867082815019376e-18,4.6633306462911365e-06,1
3.019598224941377e-14,0.9653153365743222,8.453583210460936e-13,0.03468466342555591,1
7.10317218384683e-18,0.9999999814135665,4.857138004074064e-16,1.8587374650279333e-08,1
1.0277359396702421e-12,0.9868801912420542,2.585376972031236e-10,0.013119808500139083,1
2.421381023828868e-16,0.999999999996362,1.3819864134705484e-13,3.971614323866283e-12,1
3.2406764903621505e-11,0.8874393380598383,1.4216439277265003e-08,0.1125606476896818,1
3.035114055327879e-17,0.9999992823252644,5.246996776870021e-16,7.176751292601347e-07,1
6.609341031388255e-16,0.9999522054239233,9.985045479962511e-15,4.7794574432617e-05,1
1.4152507953280909e-16,1.0,2.3253830009318546e-16,1.1663952092005176e-13,1
1.2520594626340407e-12,0.9999014325017307,1.3224158456074464e-10,9.85673657034509e-05,1
5.242878748479678e-10,0.9880125951277509,1.23923338459047e-06,0.011986165114331027,1
1.2436080584273255e-07,0.9582004392360031,0.0002561896638699326,0.041543246739766594,1
4.2896821190057304e-11,0.9999999976098479,2.2741053670009657e-09,7.47827650411898e-11,1
3.8331610959813797e-07,0.9996218791614953,0.00037315207677616374,4.585444458706033e-06,1
2.415502313910147e-07,0.9998765751838584,0.0001230144460819798,1.6882051719223163e-07,1
2.6924247188730624e-05,0.8788647556031628,0.030536790191384913,0.09057152995850358,1
7.626175659259889e-08,0.9996181836594159,0.00027772482586775247,0.00010401525359633799,1
1.4278976114723369e-08,0.999992093259033,7.867767449490848e-06,2.4695789210131636e-08,1
1.0092895084773561e-07,0.999601724084155,0.00035639917279968583,4.1775814116506284e-05,1
2.691979627751185e-10,0.9999995575345635,4.421936166443462e-07,4.038710317881869e-12,1
2.534635487629299e-06,0.96014775145079,0.03806874943791284,0.001780964474067912,1
8.038261583702998e-06,0.9157626061565142,0.08359240077819934,0.0006369548043683176,1
3.7044183493722014e-05,0.34301283519590464,0.6486492481127212,0.008300872506521104,2
2.9230931041965634e-05,0.24000277628042702,0.743784049801845,0.016183942987111535,2
4.45067306910236e-06,0.3063366028040433,0.692909940687019,0.000749005834654214,2
1.104887601416058e-05,0.33546989742076266,0.6645013472949077,1.7706407482636354e-05,2
6.864008989229967e-05,0.2959295641832409,0.6937314265136602,0.010270369211756523,2
3.004461429669677e-05,0.6661317260728559,0.33383801172514965,2.1758628508753638e-07,2
2.057718337249932e-05,0.5394174047835131,0.4497153488765649,0.010846669157839682,2
6.556305564144839e-06,0.5633777612340891,0.436555876477249,5.980598264998455e-05,2
2.469793985360438e-05,0.1655298901224077,0.8325707186804701,0.0018746932584201299,2
1.1126702698253137e-05,0.05103777289354779,0.9376886739099372,0.011262426493844464,2
0.00017055427153998397,0.05590078654979512,0.9439161525450066,1.2506632925321095e-05,2
0.0002447160921790497,0.024506089075418683,0.9752471241339984,2.0706980759202118e-06,2
8.496502966239622e-05,0.00524966707525337,0.9946620277214026,3.340173574911791e-06,2
8.608446053663258e-05,0.005788156261645465,0.9941197721045495,5.987172574738329e-06,2
0.00011864072360601719,0.01816711740908732,0.981714095650982,1.4621613765057995e-07,2
5.5707007675419294e-05,0.00794489092196549,0.9919991665897112,2.3548163535515506e-07,2
2.2414487984168616e-05,0.0001424329301662105,0.9998205355262849,1.46170550784285e-05,2
4.877606632116479e-05,9.64051445248184e-05,0.9998493763758456,5.442414885061904e-06,2
0.0001011850412635041,0.0007335196330034277,0.9991434141483818,2.1881176396796475e-05,2
0.0011437972234367379,0.01663208003984024,0.9815915229332147,0.0006325998046638637,2
3.9097050511318563e-10,0.9999904307863666,9.568824433165332e-06,6.360373374685913e-15,1
3.500149352227464e-07,0.9999996431507224,6.8336087514366675e-09,8.97155238081587e-21,1
0.715883740059284,0.10685860261404116,0.1772005669204797,5.709040473453383e-05,0
0.8505761230299269,0.01784885751653828,0.13157357127405542,1.4481782033850038e-06,0
0.9288471611255336,0.003982521217845474,0.0671701829733665,1.3468263832869995e-07,0
0.9741350333413769,0.00024637248057016734,0.025618544589880988,4.958710226290715e-08,0
0.9927638197197021,8.397513321270344e-05,0.007151990160068463,2.149859847265786e-07,0
0.995027174491773,0.0009652022210933266,0.004007620303886406,2.982761950501853e-09,0
0.9908027653723057,0.00019691378098148654,0.009000168416009091,1.5243149425559668e-07,0
0.9566099222937118,0.00010537189010759057,0.043284607754489945,9.806001180727712e-08,0
0.8702525440913806,0.0010577187324285167,0.1286896120437036,1.251334327413129e-07,0
0.040677782551577425,0.014844391752240584,0.9444776420134952,1.83682175640292e-07,2
0.019733272909153828,0.01522728815021205,0.965038735156612,7.037856760179501e-07,2
0.01840402196280552,0.007823972334328888,0.9737709011035622,1.1045976214500213e-06,2
0.02979913089002465,0.000856995046469681,0.9693399685891597,3.90547537963872e-06,2
0.13062148250041433,0.0005244671953013436,0.8688450561045459,8.994198763615664e-06,2
0.8760464919957784,0.009881332669201609,0.11407199710583951,1.7822957438115862e-07,0
0.9929353803870123,0.0028964402996522064,0.0041681791906959835,1.2204733238626754e-10,0
0.9997740519708201,3.9318933645175886e-05,0.00018660645374922092,2.264320949762342e-08,0
0.999746634982234,0.0002453427176745118,8.016547914939879e-06,5.750447327257959e-09,0
0.9795299740987254,0.02045022392460077,1.9801471137805983e-05,5.057152041921407e-10,0
0.7873419331602445,0.2126440198992366,1.404693877794872e-05,2.5544595538492427e-14,0
0.998662879825291,0.0013050458265490526,3.20669079392985e-05,7.439233172448502e-09,0
0.9999619494992467,2.8828887913510243e-05,9.221356223690262e-06,2.578946208518188e-10,0
0.9999507255295942,2.7583375234695936e-05,2.169108901979735e-05,6.359242522283236e-12,0
0.9999577571952994,4.111850135756583e-05,1.124302320047674e-06,9.786058305185274e-13,0
0.9999097685942796,8.802383824227921e-05,2.207565564991198e-06,3.3549843889254073e-13,0
0.9999948951211323,4.726449727031191e-06,3.7842681395363e-07,2.2938912480387527e-12,0
0.9999737483220735,2.0992886521605835e-05,5.25878993257137e-06,1.1857491230442722e-13,0
0.9999895055266709,1.025919457603194e-05,2.3527863931052084e-07,8.449940916389139e-14,0
0.9999934889922825,6.180431171066863e-06,3.305773687899263e-07,2.0126436072158858e-14,0
0.9999976463578109,2.3287952347007515e-06,2.4843685468479937e-08,2.060266003991981e-12,0
0.9996107401588203,0.00032356177747081206,6.569747650236474e-05,5.885993662476518e-10,0
0.9601012220345874,0.0380087025505511,0.0018900725118793122,2.9012531084913083e-09,0
0.9203533013768634,0.07783973529566282,0.0018069631997380162,1.2599213953496078e-10,0
0.9885614171676844,0.010052502363732292,0.0013860581618357372,2.230618422997675e-08,0
0.9991629461133557,0.0002544116002605992,0.0005826286343566586,1.3652546972969557e-08,0
0.999693992560372,1.0560083072456006e-05,0.0002954459444121909,1.4135366890130716e-09,0
0.9996774431733643,7.975957547451077e-06,0.0003145807430982015,1.2753984952440448e-10,0
0.9999308594635126,2.8589222842771705e-05,4.055129813310619e-05,1.4821260938561142e-11,0
0.999917051640992,1.4179381743946476e-05,6.87687378677327e-05,2.382526122541511e-10,0
0.9997154760506497,0.0002413349779230676,4.318526368225247e-05,3.7093095431307867e-09,0
0.9808649957589909,0.018915189727771016,0.00021980693511226916,7.576566779283025e-09,0
0.3286446389380593,0.6699958351645248,0.001359523414876011,2.48427499069418e-09,1
9.50140769587517e-08,0.9999999049796361,5.141808389843086e-12,7.555925750680951e-22,1
5.176252353891525e-07,0.9999994823739574,1.593173802938034e-12,7.411242710301916e-21,1
0.09014942240760984,0.9060366513455076,0.003509856623671196,0.00030406962495378297,1
0.05887566517889905,0.9347996840697284,0.006317885457085016,6.765294465109206e-06,1
2.772503858438888e-13,1.0,1.3822494474682806e-13,3.1427489383441336e-25,1
0.0012160536218450474,0.9856572533586887,0.012889815680476976,0.00023687733868122185,1
2.9386732684139988e-12,0.9999999995379767,4.608579279685409e-10,1.5591064231943514e-19,1
0.0010596371080532085,0.7787969902426484,0.22012483328092436,1.853936993664009e-05,1
0.0017502772123405832,0.500138353801619,0.4981095573175977,1.8116675684578878e-06,1
0.0029441833431964035,0.06345746368070587,0.9334885260631074,0.000109826912991048,2
0.00020350754739590894,0.026984142472555327,0.972811783834446,5.661454700446318e-07,2
6.199323739242782e-05,0.0014395694236035879,0.9984826704844304,1.576685499121535e-05,2
1.9127544153749724e-05,0.0012132181586706162,0.9987651630350897,2.491263297151785e-06,2
4.7517417563694246e-05,0.0010670666985563896,0.9987657692243598,0.00011964666001497173,2
0.0004003673888350704,0.05428703020598388,0.944758506347872,0.0005540960567044323,2
5.884230097762086e-07,0.999925522695389,7.388888321461343e-05,6.433906521000751e-16,1
0.0004264343214745151,0.36315147692978056,0.635996959021489,0.0004251297280517338,2
0.00015621406297582126,0.3218978614876168,0.6779454984396354,4.260115743653391e-07,2
0.000128972256777556,0.046185972230336776,0.9536259018017104,5.915371211062688e-05,2
0.0001620194167097891,0.030002765393732214,0.9698344609449524,7.542437364837024e-07,2
0.00012462099913248907,0.0006470820903814999,0.9992155245797172,1.2772329499195446e-05,2
9.547503142377235e-05,6.109833401270174e-05,0.9998405298157954,2.8968187572341116e-06,2
0.0003042820273719596,0.00029761864683957234,0.9993901851768082,7.914148072296745e-06,2
0.0007295958196805611,0.007908187827083973,0.991283611440185,7.860491284008222e-05,2
0.0004621832491528096,0.18130810959501917,0.8180243932007271,0.0002053139548313195,2
2.159223408307234e-06,0.981967592805147,0.018030247868846903,1.0163604042110006e-10,1
0.00012663895007145252,0.764051656989043,0.2358181426347055,3.5614254377350096e-06,1
0.00013742068540525035,0.030704040652743736,0.9686726065312521,0.00048593212964314226,2
2.5495566599046878e-05,0.0010442883603066855,0.9988907346182971,3.948145595634435e-05,2
2.985065050901968e-05,5.4507616800851474e-05,0.9999054541790691,1.0187555426473814e-05,2
4.1782489468688454e-05,0.00011722286030556931,0.999828229074902,1.276557488784404e-05,2
7.62317948459384e-05,0.005128773209940192,0.9947928268987085,2.1680949507641835e-06,2
3.091863555054613e-05,0.011041476894725255,0.9889271508548945,4.536143810624759e-07,2
1.5703142415731757e-05,0.0006708515635400412,0.9992779517444986,3.549355102695508e-05,2
6.108190995290351e-05,0.003267065599570027,0.996670665341945,1.1871475829066787e-06,2
1.5205985355956557e-05,0.0017646109355494868,0.998219174303203,1.0087753043103886e-06,2
1.7165860168025616e-05,0.00042037004871486297,0.999559934748995,2.5293438763393663e-06,2
1.627812920234492e-05,3.94121310049615e-05,0.9999313132591799,1.2996481163974828e-05,2
3.624900651626107e-05,0.00013270686486146235,0.9998260883161885,4.955811365394767e-06,2
2.9714766395392675e-05,8.891212102451668e-05,0.999876993070643,4.380042087892608e-06,2
3.672669901795567e-05,2.516068250463748e-05,0.9999302250331639,7.887585572882783e-06,2
2.6831935307534795e-05,0.00012475685506158112,0.9998451675898632,3.243621365167203e-06,2
2.0669556756955085e-05,0.0008532035519371832,0.9991248028621463,1.324028342341447e-06,2
3.800689573205105e-05,4.399964635934422e-05,0.9999114766181763,6.5168403749966945e-06,2
4.1542935798057395e-05,0.0004768800090204154,0.9994811503822213,4.266717852852782e-07,2
0.000562600900356836,0.00021313644947469087,0.999222928385994,1.334262535156859e-06,2
0.0009707471765525283,5.8595992818562114e-05,0.9989659678729164,4.6889573402524905e-06,2
0.0005647504096394159,0.00019531879064324412,0.9992380033471463,1.9274520190301983e-06,2
8.040374239764345e-05,9.422251403796769e-05,0.9998168657476042,8.507995034694434e-06,2
0.0005239373872592803,0.0014087950183335775,0.9980667382305787,5.293653427363051e-07,2
0.002328007560673304,0.00019096513793359906,0.99747878373538,2.2435655821361824e-06,2
0.006236828716246823,4.565829896379029e-05,0.9937127394878975,4.7734957562938836e-06,2
0.01744094772567289,0.0001194448135841975,0.9824374640081761,2.1434529243278016e-06,2
0.048532117949031034,0.0001942901480009962,0.9512708482650502,2.743637204780458e-06,2
0.1689090016476518,0.0019418826504637545,0.8291428987590737,6.216943657630995e-06,2
0.5281712036810475,0.015981468098120653,0.4558452611106052,2.0671116129644167e-06,2
0.9155157583277613,0.017457152183951975,0.06702708373585096,5.7532658617009965e-09,0
0.9830075087699967,0.000357270561666604,0.0166351804910344,4.017563972701591e-08,0
0.997182908576599,2.4621689661702103e-05,0.002792467643249815,2.0905369268387315e-09,0
0.9992817162603866,7.959216196948117e-06,0.0007103240825944455,4.409717151445481e-10,0
0.9998058729510381,4.814662950475325e-06,0.00018931229008876604,9.452129995858829e-11,0
0.9999158199424922,5.1766560601573205e-06,7.900338297713106e-05,2.0075156077379543e-11,0
0.9999764551255503,1.1630245599323177e-05,1.1914629037001139e-05,7.632342984777954e-13,0
0.9999836582163116,5.821549543771802e-06,1.0520234318325887e-05,1.2597312294234459e-12,0
0.9999823222386135,1.0042181838677282e-05,7.635578795841576e-06,1.4205190589722659e-12,0
0.9999803733915276,1.962620790448925e-05,3.992084987373015e-10,1.3134605429521628e-15,0
0.9999977086435013,2.2861190134775752e-06,5.237956804405573e-09,6.431858084325432e-14,0
0.9999896740179053,1.0303848877754684e-05,2.2134397169093623e-08,5.878369075025465e-13,0
0.9993986443361635,0.0006012558309247095,9.983311676575684e-08,3.1677436133798207e-15,0
0.9999603639077578,3.9635987125080667e-05,1.0677859400637943e-10,1.970789355899448e-15,0
0.9999976887874588,2.3096020638650043e-06,1.6086764682962307e-09,2.4727212428595702e-14,0
0.999997152750854,2.8459201230926798e-06,1.328025649577499e-09,3.014053813260398e-16,0
0.9999985498117495,1.4493043115095912e-06,8.849054193025025e-10,3.852139564830096e-15,0
0.9999957545277619,4.245095442674627e-06,3.771685281665704e-10,5.469380583333087e-16,0
0.9999957640483121,4.227105302904229e-06,8.845247635652266e-09,1.0867099068931211e-15,0
0.9999988891656161,1.1077953073327199e-06,3.04033905987539e-09,2.6735115864333674e-15,0
0.9999987076743474,1.289195971449355e-06,3.1298309482937886e-09,3.5463267979206462e-15,0
0.9999947739515981,5.223723385693625e-06,2.3239728014187023e-09,1.0295331927395228e-15,0
0.9999968082353012,3.1821467324594558e-06,9.618333205963674e-09,5.874834351630026e-15,0
0.9999950255347393,4.972760875891988e-06,1.7045733832591474e-09,8.251720846941704e-16,0
0.9999958179119997,4.179244204082906e-06,2.8429876768812656e-09,8.184158752004996e-14,0
0.9999586661245101,4.1331113656902853e-05,2.762953767912927e-09,8.538277138057097e-16,0
0.9999976625831584,2.3273464854871533e-06,1.0069979854619006e-08,9.143866168360924e-14,0
0.9999936427686572,6.353730596272684e-06,3.5001532258186407e-09,1.884967510974981e-15,0
0.9999980427656792,1.9537123397650266e-06,3.5220787175000736e-09,1.1175917172478997e-15,0
0.9999985395199225,1.4538294336080901e-06,6.650282284238838e-09,1.5692816207860356e-15,0
0.999997111798244,2.884814711949605e-06,3.388316084458379e-09,3.7502677754075836e-16,0
0.9999987695635648,1.2283858200476894e-06,2.0519435117708857e-09,3.3619465385384734e-15,0
0.9999949970895249,3.7313905820174793e-06,1.2715204131400659e-06,8.23152502854437e-15,0
0.9999947007922293,4.816726285973057e-06,4.824810295885852e-07,9.950935381003006e-14,0
0.9999824765298551,1.7065263876453735e-05,4.5820541592474347e-07,4.8194855963908814e-15,0
0.9999976745629946,2.1840281200603885e-06,1.4140841492829441e-07,5.834750303388363e-14,0
0.9999975589446657,2.166181418682466e-06,2.7487390303682147e-07,1.277917437846172e-14,0
0.9999974461566904,1.9658208421553025e-06,5.880227869523064e-07,3.397543173626472e-14,0
0.999991491826037,8.165056529874781e-06,3.431189103905316e-07,7.942496154335886e-15,0
0.9999930872529792,6.086254003348537e-06,8.264918622178287e-07,2.7514249113559793e-14,0
0.9999970804025781,2.057843663180688e-06,8.617537262652693e-07,1.6325125260661587e-13,0
0.9999937692676601,5.776002232038004e-06,4.5473023108236505e-07,8.685066656937734e-14,0
0.9999816191063848,1.790330196733976e-05,4.775926136867235e-07,1.577536414217841e-14,0
0.9999929583093581,3.87379636384659e-06,3.167894509363437e-06,2.8476968594107406e-13,0
0.9999870397044496,2.5260141546954504e-06,1.043427962700439e-05,1.476259338745463e-12,0
0.9999763108649078,1.3180786661309733e-05,1.0508349582065362e-05,6.074840290719002e-14,0
0.9999952132608055,3.3226538072773506e-06,1.4640842507147846e-06,1.1600802423646844e-13,0
0.9999967856435252,1.4676693917528014e-06,1.7466881689319662e-06,2.762554600592135e-13,0
0.9999890101847976,1.007093561981253e-05,9.188796497115834e-07,1.1753180359279493e-13,0
0.9999668214924822,3.188176523713713e-05,1.2967434150702293e-06,1.1560770551499097e-13,0
0.9999835090507154,1.3999870397092834e-05,2.4910578454933366e-06,2.1418236976057056e-11,0
0.9997170884109332,0.00019604868140393796,8.686290270403661e-05,4.454950568874836e-12,0
0.9980859918395985,0.00010717258062964127,0.001806834294173963,1.2855878432342948e-09,0
0.9905449433619429,5.958419813333291e-05,0.009395453975511992,1.846275037213805e-08,0
0.9491611235847051,0.000601183513284422,0.050237543131097295,1.4977062070114346e-07,0
0.4255019151892607,0.03771717266393369,0.5367808746246601,3.75207461430171e-08,2
0.062305328446131326,0.003368706239240146,0.9343221010703177,3.864242754807957e-06,2
0.024827285997012703,0.00039847765897077226,0.9747731004798313,1.1358636485982541e-06,2
0.0038574796563357015,8.931554827871635e-05,0.9960497248100666,3.4799840564609302e-06,2
0.0006137493975727871,6.603952223085732e-05,0.9993178859063515,2.3251743227081306e-06,2
0.00022911515424769099,4.905441353457641e-05,0.9997178902713505,3.940159213576566e-06,2
0.00011181893061467714,3.6340872150679605e-05,0.999846466315372,5.373881236678602e-06,2
3.3038089487174816e-05,5.915670582558074e-05,0.999904647475664,3.1577287696567935e-06,2
5.540515867283787e-05,6.0811779371246066e-05,0.9998812130159968,2.570044454339323e-06,2
2.6832532093442515e-05,0.00015371303428707249,0.9998184863644445,9.680683441981922e-07,2
5.7072262204867924e-05,4.235265818476997e-05,0.9998968267758719,3.7483021113697886e-06,2
5.361932606833739e-05,0.00011173744601275435,0.9998316011077155,3.0421194854269744e-06,2
6.720858986491251e-05,8.222100259664723e-05,0.9998462060798112,4.3643261840778135e-06,2
9.231467105562612e-05,0.00021868583543898273,0.9996856666423459,3.3328525691908265e-06,2
0.0003473183486369909,0.0009885666075062432,0.9986632736186376,8.414268239428532e-07,2
0.0002441893860371308,0.00018666794190483132,0.9995678687715146,1.2738991622728066e-06,2
9.449187715722236e-05,0.00015834158116593552,0.9997448937135814,2.272826415519382e-06,2
4.7874741020834866e-05,0.00010356679383424101,0.9998442989390378,4.2595258134363736e-06,2
1.667959305244099e-05,3.633792596752219e-05,0.9999306850817954,1.6297400931809257e-05,2
6.181160124818096e-05,0.00012723092765594974,0.9998077539537716,3.203518641185965e-06,2
6.125836863939141e-05,3.103031860859074e-05,0.9999024792129465,5.232098669035393e-06,2
8.389843967503933e-05,0.00028920991621457737,0.9996252563460483,1.6352974135501562e-06,2
4.3928573473864e-05,5.889099658440633e-05,0.9998919021931527,5.27823794714066e-06,2
2.9400933777649147e-05,0.0002094330822985537,0.9997585915515156,2.5744316766590437e-06,2
4.670853623588529e-05,0.00022966959771549271,0.999698389809631,2.5232057284635052e-05,2
0.0002588541583538167,0.014440711960579798,0.9853002782597351,1.5562226602203125e-07,2
8.45454058261547e-05,0.006483279711367241,0.9934299259531235,2.24892802280107e-06,2
1.4514445175128727e-05,0.0010152170683108495,0.99896352393401,6.744551198034205e-06,2
1.8673080901449096e-05,0.0001328709087994517,0.9998366470675875,1.1808941290621555e-05,2
1.3579545331425314e-05,0.00028373546175382205,0.999698648268289,4.036723521606932e-06,2
2.7104616835945508e-05,8.27153584271184e-05,0.9998863505473247,3.829476741106283e-06,2
4.0231667981011163e-05,5.483431202867281e-05,0.9998984921412396,6.44187775637812e-06,2
7.812691497834446e-05,8.04793458649224e-05,0.9998379042284947,3.4895124634245717e-06,2
0.00010125073228369616,0.0008371871253137596,0.9990531941758424,8.367965338469762e-06,2
5.4476680547054696e-05,0.007412078826694281,0.9921723584684881,0.0003610860233272983,2
5.092528987072754e-06,0.24502229421868085,0.7547294546243605,0.00024315862829985604,2
4.630083121020874e-06,0.06214750828900905,0.7445693418696804,0.1932785197592258,2
1.6884587982331503e-06,0.021257115153516234,0.6032734616620268,0.3754677347257673,2
1.3565094854958193e-06,0.017914795601802223,0.3597898367119501,0.6222940111763876,2
6.217037784396395e-09,0.023536092010560145,0.005147336742223028,0.9713165650291805,3
1.7266472882756748e-09,0.003456645801040307,0.0002644768820006541,0.9962788755890581,3
6.272028977877537e-11,0.006672026713558527,0.0001646534154223146,0.9931633198082896,3
4.020316384427114e-11,0.00043942579840302524,1.676102077664157e-05,0.9995438131395875,3
4.101096151724086e-11,0.0004212372267121537,3.882823715164037e-05,0.9995399344963192,3
4.969399956482791e-10,0.0007179103385095962,0.0005095135007374582,0.9987725756620951,3
7.167045314618663e-09,0.0044772610077709225,0.008315943033036542,0.9872067887930525,3
3.3406178526413135e-08,0.056015549442043615,0.04680520262638323,0.8971792145256887,3
1.7382111827628326e-06,0.05812336982320776,0.18165291260778435,0.7602219793576678,3
4.9084970718795435e-06,0.022438395265202034,0.8408396609372164,0.1367170353019527,2
1.1210978604662568e-05,0.0019208354025973763,0.9818733808822754,0.016194572737610994,2
1.50624759257538e-05,0.0019312655141513683,0.9974863191006553,0.0005673529085820326,2
5.04045194946857e-05,0.0010246861770737093,0.9989166001916212,8.309111789228644e-06,2
2.598316050697028e-05,7.695145362067693e-05,0.9998875084868988,9.556897304120016e-06,2
0.00026039270683722734,3.912579603080172e-05,0.9996957958108638,4.68568680754452e-06,2
0.0002826767777524798,9.953264748757768e-05,0.9996163578493686,1.4327261416078536e-06,2
0.00039843415306445437,7.081337288552019e-05,0.9995269425499019,3.8099249957450005e-06,2
2.8718899287521903e-05,6.472476455626506e-05,0.9998981559934376,8.40034431085848e-06,2
1.4397179449209965e-05,7.479989483299713e-05,0.9998937382406815,1.7064686788393715e-05,2
2.5622366837531444e-05,0.0007800311176319306,0.9991304837755118,6.386273906055515e-05,2
0.00018671557298396247,0.00772092119121919,0.989712171170109,0.002380192064271454,2
1.5426274760858025e-05,0.4709178392810721,0.5038178712439795,0.025248863201937102,2
3.4733133210973487e-09,0.9794866359105426,0.009887585607692824,0.01062577500894597,1
4.243262951164261e-08,0.04394394308001295,0.0035120429841905667,0.9525439715027423,3
1.134333627011194e-08,0.004827483511592412,0.0023175578473034453,0.9928549472980309,3
2.6408989545572465e-09,0.0009832767603867871,0.0010720504037853304,0.9979446701953564,3
1.875396431053423e-09,0.0009183225007006232,0.0006693481080623693,0.9984123275172782,3
3.3015532640607563e-09,0.010565152240937485,0.0020596381535283705,0.9873752063024471,3
3.7452936640272043e-08,0.03191427392762925,0.017288585796958925,0.950797102820945,3
1.8830417996473556e-06,0.01979534033131701,0.2666295438850648,0.7135732327430416,3
2.4353622157142633e-06,0.008940774397540764,0.5743485405597595,0.41670824967928,2
2.209475538584051e-06,0.004852144540538433,0.7485624507386213,0.24658319524679242,2
3.005583096544685e-06,0.0028504165766083307,0.8918179314422384,0.1053286463985333,2
1.3113086905628303e-05,0.0005231335495473638,0.9896948677998324,0.009768885562299356,2
3.390140279777377e-05,0.00010395719634692175,0.9995301206297563,0.0003320207724490538,2
4.251571047596459e-05,3.915912586635926e-05,0.9998963868187424,2.1938343470768678e-05,2
3.026381459531613e-05,4.322891436068953e-05,0.9999218041354728,4.70313459837054e-06,2
6.751494551770382e-05,3.878266493443566e-05,0.9998894859225957,4.216466200475001e-06,2
9.262546929800486e-05,5.956960028160249e-05,0.9998433847522422,4.4201777807997295e-06,2
0.000130453998256537,0.00014248863053656946,0.9997233672931396,3.6900776361162013e-06,2
0.0005238458323067902,0.00013374381787583736,0.999309824583539,3.258576780629125e-05,2
0.0031929657661997563,0.009322333285657135,0.9868082967291956,0.0006764042200583967,2
0.008508390856562026,0.8069186194369146,0.1845729889422458,7.651901564921488e-10,1
0.042009626216408434,0.08921960492923825,0.8686082395481663,0.00016252930529209509,2
0.043448449386916506,0.002299869369994691,0.9542232087795123,2.847246221324128e-05,2
0.06112828242509995,0.0002401314314694331,0.9386282870592352,3.299083199196751e-06,2
0.15204693612392797,0.0002975869191412841,0.8476536147033146,1.8622553451852362e-06,2
0.6167603227879828,0.00040513479763761213,0.38283436094880774,1.8146678139379718e-07,0
0.9974582472016692,0.0003398671541451377,0.002201885342729328,3.000368404387464e-10,0
0.9999934220684623,3.27461342223172e-06,3.303310797416708e-06,8.273869695392194e-12,0
0.9999968277275296,2.7980523943018904e-06,3.742206990524453e-07,2.1973051553795113e-14,0
0.9999924439974961,1.9241970500933352e-06,5.631805894071684e-06,1.7198229765095179e-13,0
0.9999866407689435,3.880816890279817e-06,9.478413408915497e-06,5.4300116784643255e-14,0
0.9999944822745761,1.7270196819594625e-06,3.7907058056376326e-06,1.3780605367611768e-13,0
0.9999915907782235,2.3905874177595624e-06,6.0186337484111814e-06,1.4162300489390792e-13,0
0.9999796154483584,4.000209733536616e-06,1.6384341740035238e-05,3.1492531959216107e-13,0
0.9999640964821871,3.1877213239680616e-06,3.271579466865931e-05,2.8006969420111016e-12,0
0.9999266051141372,4.373050272021954e-06,6.902182385821069e-05,1.0444258587261688e-11,0
0.9998032131735431,5.13342509690311e-06,0.00019165338320866864,1.935160508783561e-11,0
0.9999315790098643,5.634987653313842e-06,6.278599190086787e-05,1.063011379049329e-11,0
0.9998969133617509,5.889631922960635e-06,9.719699293237697e-05,1.2045558540623428e-11,0
0.9999236366765997,5.607079999467206e-06,7.075623325113779e-05,1.0512095528731387e-11,0
0.9999911582990333,8.063469544204234e-06,7.782324581552098e-07,1.0215045194564979e-13,0
0.999991044151188,4.163947159601705e-06,4.791881380386722e-06,2.1184618298703386e-11,0
0.999739832726648,0.00025775997273830184,2.4072988547517694e-06,4.644054010789581e-14,0
0.9999487440257817,1.5706580759443623e-05,3.5549108949462267e-05,2.8278639769645404e-10,0
0.9999012971531667,3.755212527108003e-05,6.115012221151944e-05,5.992125083739408e-10,0
0.9977105061644869,0.0018851621574165222,0.00040428618291128417,4.5496425613222756e-08,0
0.8665441370615377,0.13290723378521693,0.0005486186043190442,1.054729945116915e-08,0
0.6214772036853058,0.37562628076584065,0.0028960227442420233,4.928060116449683e-07,0
1.019663650345751e-06,0.9999989803369058,2.4405877208775714e-13,4.2970680724722115e-26,1
0.8445900439763177,0.1537629012926748,0.0016159582647019457,3.10964661524843e-05,0
0.8568757668494591,0.14310474473022164,1.948832449308168e-05,9.603559484624896e-11,0
0.9826366131567658,0.017338145232940437,2.5241383587875914e-05,2.2771564725187372e-10,0
0.999836921657421,0.00015992811264072738,3.141590443446236e-06,8.638686859016061e-09,0
0.9998098080003157,0.00018449899429015158,5.688650610893026e-06,4.353969043568045e-09,0
0.9933006523536243,0.00669739606133595,1.9515833186766696e-06,1.8022899013586464e-15,0
0.9999409788789724,5.7436867349844186e-05,1.58392008332501e-06,3.321469616800869e-10,0
0.9999821852165734,1.5283707014420312e-05,2.5310750820953664e-06,1.344849747311036e-12,0
0.9999896835747769,2.6366418804764617e-06,7.679780075996378e-06,2.98393829967261e-12,0
0.999905479675252,7.856048328964224e-06,8.666427401164569e-05,2.115852656352352e-12,0
0.9999400330716697,1.698482270295884e-05,4.298203652280574e-05,6.96077238919054e-11,0
0.9998696314182269,0.00011385873503282176,1.6509845260280328e-05,1.1702230575314318e-12,0
0.9999813107897578,1.2674358701654026e-05,6.014092096259266e-06,7.610033197041144e-10,0
0.9992744862821317,0.0006450004727026155,8.051324222112057e-05,2.9059800120766517e-12,0
0.9955508743873804,0.00033210511625844516,0.004116821119051,1.993770847310362e-07,0
0.6816863693421599,0.002498292246439151,0.31581529841657047,3.9993750586804296e-08,0
0.1389575846520013,0.001446223991683387,0.8595928303446274,3.3610111460422704e-06,2
0.0033913307613512946,0.010907511844692866,0.9857005115548225,6.458409142977418e-07,2
9.494059398948995e-05,0.0005934912093072627,0.9992964805747728,1.5087622309060474e-05,2
1.6548808239670983e-05,0.0001813987553095506,0.9997494052196939,5.264721591215564e-05,2
2.622778446092698e-05,0.0018354685916025237,0.997489097016936,0.0006492066074754594,2
2.2283007448779484e-05,0.1018361389741302,0.8926682849146347,0.005473293105275239,2
2.924579668480504e-07,0.21087998042304115,0.18474615786068507,0.6043735692577242,3
9.053067609981531e-08,0.03812102448464826,0.031283480614044276,0.930595404369801,3
1.0545795859371884e-09,0.01246672217125099,0.0010537733898741874,0.986479503382966,3
1.2391347229963705e-09,0.002318217509199617,4.079733992564416e-05,0.9976409839103714,3
5.005884448017747e-12,0.02342405532741428,9.530584064446574e-06,0.976566414084194,3
8.12172193633111e-11,0.002421362948762759,9.21922056857011e-06,0.9975694177494733,3
2.7084485593020534e-13,0.0012282048137777985,6.166543110992079e-07,0.9987711785299099,3
9.267793697407312e-13,0.00025931407440280495,4.2357706934360537e-07,0.9997402623475465,3
4.867143595216083e-13,0.001581421943315668,1.307565158568181e-07,0.9984184473002886,3
1.814064713855269e-12,0.021503152748882128,9.51653918864828e-08,0.9784967520839439,3
2.209300383287836e-14,0.5749855730055679,5.490786544712822e-10,0.4250144264447007,1
5.9098765150825135e-12,0.5721346408685558,2.6360686686494714e-09,0.42786535648883045,1
7.112040445952501e-14,0.989319885696557,2.67833035314202e-10,0.010680114037078319,1
1.531524480685598e-09,0.863910774964725,6.009786905503363e-05,0.1360291256346758,1
7.1994228628586556e-12,0.11517789783962938,5.979248598089488e-07,0.8848215042270153,3
6.082394109420045e-16,0.0027635075725908572,1.3930610890656844e-11,0.9972364924124405,3
7.393263060040797e-17,0.00020074720116733085,3.3560109441222324e-12,0.999799252794962,3
4.200867487076094e-17,0.0006235617496892198,6.860362438864994e-12,0.9993764382434641,3
1.3661198322805547e-18,0.0031634734789595885,3.061422133500415e-14,0.9968365265225273,3
1.103596780904216e-16,0.0015672588878324401,4.998156955494514e-14,0.9984327411130027,3
7.207934621530503e-19,0.0329948791797691,1.0007209548725477e-14,0.967005120819137,3
2.4630602786877143e-18,0.014406472808166322,3.325560841282111e-15,0.985593527193585,3
2.3112823169520284e-19,0.001015362652400289,1.9598730269556932e-16,0.9989846373472812,3
1.4658220067394454e-20,0.0003339048483045004,3.744005146060048e-17,0.9996660951503776,3
9.085260800684804e-21,0.0005059589470777231,3.6475989335219376e-17,0.9994940410523936,3
5.5936449679367325e-21,0.0012192075809452324,9.997230073549258e-17,0.9987807924178681,3
1.3481876359680777e-17,0.00021970240653014272,1.1823600813016173e-12,0.9997802975923442,3
1.5272670581425644e-18,0.0003805522311267221,3.3264976712796e-12,0.9996194477642745,3
4.696064688373652e-18,0.0001604349942459392,6.463371990925619e-12,0.9998395649999043,3
1.346397968552228e-16,0.00017003807801261694,5.714475838978453e-10,0.9998299613516519,3
4.672336470127458e-16,0.0003342309534230852,2.654277918252255e-09,0.9996657663905967,3
2.44893794640107e-15,0.0003710998186785311,1.1118132202277788e-09,0.9996288990704238,3
1.7761917481003946e-14,0.0016907165238285741,5.292218197507323e-09,0.9983092781846485,3
1.795215078422517e-13,0.004828695696036477,2.393024602178963e-08,0.9951712803722654,3
5.369371803018351e-16,0.005109294735495168,4.92374685202014e-11,0.9948907052169405,3
1.4375899920744225e-15,0.00044777026176594145,3.556677164041424e-11,0.9995522297012831,3
1.0554310431166531e-16,0.0015077505697564152,2.1137596191389705e-11,0.9984922494077653,3
1.736411204585239e-14,0.0018846209791587875,1.3266191101032296e-10,0.9981153788882493,3
1.2033086049417302e-13,0.05424238123249125,4.1494234704706545e-09,0.9457576146171612,3
6.475357463818153e-18,0.9932918416714948,8.726649398845169e-14,0.006708158328059293,1
8.956893888160672e-14,0.9612597633140187,6.495195501213352e-13,0.03874023668450568,1
2.555736906184014e-12,0.9531778525101837,6.1302659072907e-10,0.04682214687555498,1
1.7239928700911956e-18,0.9998329780299919,2.903813685036048e-15,0.00016702196843320873,1
3.866090659950776e-15,0.05023347446288225,1.0348363994718081e-11,0.9497665255271537,3
1.1976212269662696e-15,0.004037295550959363,2.222200177521116e-12,0.9959627044454962,3
1.4174868715746124e-16,0.002498689084883328,1.7826004031043901e-13,0.9975013109139802,3
1.213074307149578e-15,0.006376523940370855,1.3762277166884702e-12,0.9936234760600224,3
2.147275572597728e-14,0.03659500911690236,2.0072169020260897e-11,0.9634049908613217,3
1.5540483279887989e-16,0.6526440217973561,2.995091451699747e-12,0.34735597819827413,1
1.0020153079776365e-12,0.502520321365642,1.358760247409557e-10,0.4974796784990702,1
1.7101596199112845e-12,0.5511177368273557,2.2021073787880706e-10,0.44888226295039496,1
1.0906716211313407e-12,0.9133679363543641,3.0612825823629895e-10,0.08663206333988233,1
1.6817473057392777e-10,0.6941608484286862,1.2050383682011751e-07,0.3058390308997105,1
1.8652398120234295e-11,0.8431356122323759,1.5408144947161024e-08,0.15686437234140024,1
5.1881391883796205e-14,0.9999097316175625,1.543779408017073e-12,9.026838050250269e-05,1
3.8584065126512364e-13,0.9999992205051367,2.8695474031025285e-10,7.792086852895132e-07,1
4.720758357114016e-13,0.9982710819634224,1.5667264466578142e-08,0.0017289023692461803,1
2.402500300892556e-10,0.07565357816323089,3.2771684469140695e-06,0.9243431444268831,3
1.7838395917944037e-10,0.01571658907215138,2.9753114672572375e-06,0.9842804354383086,3
2.4139346879134337e-10,0.006136817718638813,2.740842113647991e-06,0.9938604411970594,3
9.398260324944297e-11,0.008853691113346874,4.421392824711077e-06,0.9911418873984613,3
2.4096459422246752e-11,0.01567292667103836,2.6746161304373566e-06,0.984324398687294,3
1.951605121113411e-09,0.009346239358199296,2.2064213768891946e-05,0.990631694477351,3
9.500584871383105e-09,0.07540381539434383,0.00027164282882795066,0.924324532274538,3
9.503510346383505e-10,0.9798702720741851,6.0251054156420874e-05,0.020069475920126097,1
3.2624691083029908e-09,0.9833817063007293,0.00010837765684309193,0.016509912778981572,1
3.616112014385285e-07,0.1752304660924025,0.006143442567393174,0.8186257297294609,3
1.1510973901918198e-07,0.16469132157548522,0.012780391266768021,0.8225281720469514,3
2.774653896840218e-06,0.06907142330183905,0.1268267775831055,0.8040990244618601,3
4.195250719513949e-06,0.0458255778074097,0.2075913313339794,0.7465788956087073,3
4.895655215796875e-06,0.35559077144090434,0.23929839041810919,0.40510594248672377,3
8.353162043043029e-06,0.813820575864723,0.18615359538537146,1.7475588183161096e-05,1
0.00012349168998740775,0.5228559336822284,0.4770081194750431,1.245515424835603e-05,1
0.00011817466917468124,0.09291396605137484,0.9068735980037438,9.426127663439666e-05,2
1.3640667819084585e-05,0.0031292135608648724,0.9963289751576339,0.0005281706136807063,2
6.6892209561617406e-06,0.00014051791169749316,0.9997029706251944,0.00014982224344772615,2
2.414081803170572e-05,0.00015036239916795118,0.9998132298311002,1.2266950751850018e-05,2
1.371992543891832e-05,0.0003512384082054874,0.9996238231350885,1.1218530565340548e-05,2
2.1126234518102225e-05,0.0007865840166475885,0.999185989822686,6.299924521671889e-06,2
4.771240272845594e-06,0.0003963572488799547,0.9995259131694743,7.295834194202884e-05,2
2.2319718093528973e-06,0.0030672753032130883,0.9969228855111816,7.607213494010749e-06,2
2.3727682844786656e-06,0.0017596500333833583,0.9981819712392777,5.60059578186476e-05,2
6.90021225563674e-06,0.00030332239142297885,0.999581014980999,0.00010876241702194539,2
7.614060775753184e-06,0.00018137820278456846,0.9996737466075875,0.00013726112886457064,2
5.85418693540506e-06,0.0013511461865514632,0.9983541616544699,0.0002888379735933996,2
2.4278710211230138e-05,0.025033478089556357,0.9749240536470971,1.81895534873321e-05,2
3.396086822480817e-05,0.039582854263213625,0.9603827422983818,4.4257192591940685e-07,2
1.2937367553803853e-05,0.0023384628271063456,0.997626950685195,2.1649121918197586e-05,2
1.3506743966341626e-05,0.00010301866234037232,0.9998417143317326,4.176026189526286e-05,2
0.00011785737532179908,0.0007644715207389424,0.9990247278943534,9.29432101668698e-05,2
0.00042534203617787064,0.06490650551244029,0.9344419220355493,0.00022623041508164097,2
0.0018564140964141352,0.9850861217275234,0.013057464173470937,1.809404377963119e-12,1
0.5133481038235701,0.15500971735858793,0.3316179405766915,2.423824158709077e-05,0
0.8257605402106063,0.006964030971998539,0.1672732201129159,2.2087047369644554e-06,0
0.9530339671722741,0.00043259808048051556,0.04653168372407953,1.7510215298930024e-06,0
0.995755901177407,0.0018246518073136405,0.0024194468730288467,1.4091807457898954e-10,0
0.9990374132359379,3.693337638753778e-05,0.000925614555676506,3.8831382793354155e-08,0
0.9987129996125851,0.0001064775294366747,0.0011804693648644732,5.3492163305592284e-08,0
0.9965113371193441,0.002500859658271582,0.0009877639351967918,3.9285555873302555e-08,0
0.980396433345285,0.019290034349293793,0.00031353230170047644,2.4332388666425463e-12,0
0.9976592829449707,0.00121505966565283,0.001125335882648571,3.215050940330251e-07,0
0.9983711445652076,0.0004175577948433383,0.0012112930697516643,4.571708489514863e-09,0
0.9991644541503106,9.164312739496891e-05,0.0007439016639592075,1.0575959613622248e-09,0
0.9992496328372249,2.291265491981217e-05,0.0007274526321351871,1.8751705039641105e-09,0
0.9991993662130298,0.00014497890405073193,0.0006556378846130393,1.6997019817081924e-08,0
0.996305334587592,0.002941154192825603,0.0007534706556803696,4.0563593396467335e-08,0
0.9880525474067346,0.011930299851881473,1.7152741827172533e-05,2.752142954973535e-14,0
0.9996471593138321,0.00014907829773842205,0.0002037405482488876,2.1839653861535856e-08,0
0.9999738901304126,2.1366811434102295e-05,4.739235843432886e-06,3.823121206664022e-09,0
0.9983933112456729,0.0016065686599465985,1.200954665201041e-07,5.3133318677921035e-14,0
0.9977986393775122,0.002200334695797619,1.022484386173569e-06,3.4406500948481832e-09,0
0.9861274816807633,0.013804678159828703,6.784012646789327e-05,3.391256431869448e-11,0
0.9900656894369129,0.009710399589310525,0.0002216420209962077,2.268951882643529e-06,0
0.9650242615048341,0.03496822313415916,7.515360875084344e-06,2.622305301275282e-14,0
0.9918566674274695,0.004425079814253132,0.0037149922470590888,3.2605113859276113e-06,0
0.9808603657899676,0.005000594486201035,0.014139028911133012,1.0812162273906736e-08,0
0.9974478276969851,0.00011530396227121448,0.0024368205908824434,4.775046515014571e-08,0
0.9992726563302936,9.601096884968571e-05,0.0006313300432482822,2.657511171088991e-09,0
0.9997344797968115,0.0002569820406523306,8.538160496440264e-06,2.9671374373127688e-12,0
0.9998361865420753,0.00016324791239843623,5.655442100333618e-07,5.4048065397562927e-14,0
0.9999960629361535,2.333973461101251e-06,1.6030774262395142e-06,1.29340690784646e-11,0
0.9999819806712419,1.7436347267735842e-05,5.829818861381521e-07,1.4812452105381952e-14,0
0.9999906933586468,8.388706099618294e-06,9.179363938618442e-07,4.0141216906150973e-13,0
0.9999638219920274,3.534167036883077e-05,8.3633817722225e-07,3.4984575637234875e-15,0
0.9999914965808349,2.806131574863316e-06,5.697285671268894e-06,1.6130699891093099e-12,0
0.9999903676534885,3.4449486293049017e-06,6.187397409638755e-06,5.066673206169635e-13,0
0.9999398878813772,8.971164655419557e-06,5.114095230941112e-05,2.195233383628638e-12,0
0.9999131659692291,1.340472133437204e-05,7.342930787662604e-05,1.637847477258009e-12,0
0.999982008323021,2.812475793956295e-06,1.5179200661961361e-05,2.3340769794823313e-12,0
0.9999778766078442,3.6105675984751785e-06,1.8512823695997807e-05,8.042838004301596e-13,0
0.9999821492594321,1.0298774080097347e-05,7.551954279671523e-06,1.1711108490273168e-11,0
0.9997056033938306,0.000275632710295814,1.8761780558197093e-05,2.115196614666646e-09,0
0.9682659024470861,0.03173391417285123,1.8338140137415075e-07,4.80938613236245e-18,0
0.9996194323523876,0.0003776932005410912,2.874086065541445e-06,3.5938836758777483e-10,0
0.9999925366415686,7.427576180602141e-06,3.5780855081255584e-08,3.1333287567896416e-13,0
0.9999971845867164,2.6844785227015585e-06,1.3093446356216996e-07,1.507647892837336e-14,0
0.9999961276773716,3.784725486686213e-06,8.759726002466216e-08,1.540903591902377e-14,0
0.9999937933691199,5.650434913360183e-06,5.561940454206797e-07,1.2482384693878675e-13,0
0.999971062450972,2.8929576721699738e-05,7.971486327933995e-09,2.631531795662965e-16,0
0.9999984906546637,1.4933232715454382e-06,1.6021148498407394e-08,1.7833913737874777e-13,0
0.9999919873037437,8.00625109586419e-06,6.446097296455385e-09,1.334975615116443e-15,0
0.9999935171791591,6.47422476509151e-06,8.59680841968956e-09,5.42931158137087e-15,0
0.9999982220631298,1.7606387306335879e-06,1.7296562121267413e-08,1.8913867786985964e-15,0
0.999998940843049,9.9652156434228e-07,6.263637457192048e-08,2.5452456538512297e-15,0
0.9999988453971427,1.1545888092764852e-06,1.3233380096093818e-11,1.3141815618016637e-16,0
0.9999988660208209,1.1339612891912913e-06,1.7281814208828238e-11,1.147509047640442e-16,0
0.9999990225737977,9.770754511167888e-07,3.493918962886855e-10,3.96499084409861e-15,0
0.9999874791485007,1.249868828774858e-05,2.2164823939705356e-08,1.6825314159438114e-15,0
0.9999895459769336,1.0447939340632864e-05,6.08312612001434e-09,3.71512479824591e-14,0
0.9999846484075197,1.533540209954522e-05,1.6190052746239466e-08,7.281781361228792e-15,0
0.9999979009248111,2.098698259184773e-06,3.759200282936852e-10,9.030668623828148e-15,0
0.9999974831512031,2.5159615156156625e-06,8.875216361323286e-10,3.0947600264377506e-16,0
0.9999990855544272,9.097462072963444e-07,4.699553495549534e-09,1.657198488469475e-15,0
0.9999989691755984,1.0209769839497839e-06,9.848209400461379e-09,1.6375709243251237e-15,0
0.9999966226189562,3.3505057780658767e-06,2.6873451354081123e-08,1.822352564987799e-15,0
0.9999975339845543,1.3928736973561215e-06,1.0731431737838447e-06,8.148826119994643e-14,0
0.9999914198092238,3.0111642649283443e-06,5.5690257502485804e-06,2.23601269508236e-14,0
0.999997232455108,1.5701049024798588e-06,1.1974383714917131e-06,4.331388147510354e-14,0
0.9999939251249892,2.11580094660827e-06,3.959074338621563e-06,1.338706892494487e-12,0
0.9999110552393812,7.890868834696557e-05,1.0036073757719482e-05,2.2351720971263706e-14,0
0.9999821333508349,4.348836721757075e-06,1.3517778767063775e-05,3.234733319446298e-11,0
0.9997410434590714,8.75651491978337e-06,0.00025019996230712634,6.403977957093415e-11,0
0.9970688774099182,0.000113986762154442,0.002817134986792031,8.413746730816283e-10,0
0.9980999179276396,0.00016407254042237246,0.0017360089762487414,5.539106910139174e-10,0
0.9986725164860909,1.6558123238980625e-05,0.0013109226871051924,2.70288774507381e-09,0
0.9994589189785633,3.053757305956526e-05,0.0005105432983099123,1.4872806122434038e-10,0
0.9999405683355526,1.1786552108901693e-05,4.764510853357172e-05,4.5143921246397335e-12,0
0.9999553360509918,3.0168245610854137e-06,4.164710275289688e-05,2.3206865877996065e-11,0
0.9999525802088466,2.087456597920439e-05,2.654522386131866e-05,7.476326268833341e-13,0
0.9999582234918332,3.123665878599844e-06,3.865282738535008e-05,1.3821837726701505e-11,0
0.999981491746734,1.2276492500589651e-05,6.23175725862549e-06,2.517533064422901e-12,0
0.9996993302858224,1.213191211923195e-05,0.0002885377052198101,9.522980585156396e-11,0
0.9946112526214878,6.736892997889355e-05,0.0053213723753399245,6.0731997082325944e-09,0
0.9650485457031854,0.0031269007717790987,0.031824360083553625,1.934403825375413e-07,0
0.7793766156231081,0.085883263055876,0.13474011520335605,6.116838211745327e-09,0
0.6127827277753551,0.00468641789772818,0.38251529897546543,1.555534990536582e-05,2
0.47195012724578467,0.00041816582317652956,0.5276294278156372,2.2791171044109115e-06,2
0.31007663091208415,0.0004985102177302085,0.6894242798579643,5.790125114308331e-07,2
0.20108156058028828,0.0006868046056283875,0.798230453449721,1.181364594998486e-06,2
0.13239151091428383,0.00010565081570625948,0.8674989043909657,3.933879359967757e-06,2
0.10930648078386049,8.107290089111134e-05,0.890609585707442,2.860609376690334e-06,2
0.10711080200643529,0.00019720497309945768,0.8926895407265625,2.452292864100532e-06,2
0.10667820762645486,4.909530523753402e-05,0.8932685131315274,4.183936823071566e-06,2
0.13142623083360785,7.981432401770896e-05,0.8684907513746285,3.203467547890712e-06,2
0.188096553779855,0.00016729087278870804,0.8117339187426627,2.2366059824875774e-06,2
0.28241466504590407,0.00015518345183586108,0.7174275062804383,2.645221272988532e-06,2
0.4003589462887603,0.0001996477542532151,0.5994365485008023,4.857457302443925e-06,2
0.4237429332345515,0.0021551379450016482,0.574101349490607,5.793302073431771e-07,2
0.3582429775296977,0.0002748309809576421,0.6414789185755411,3.2729132200145424e-06,2
0.21361868187491553,0.00024180098559730244,0.7861378574643612,1.6596767372695648e-06,2
0.08395748082984661,0.00016584119240911738,0.915873998782974,2.6791956564462284e-06,2
0.013841358754153571,5.81182038997385e-05,0.9860960037411627,4.519299229835187e-06,2
0.0020810441955705634,3.815027304165948e-05,0.9978766554476891,4.150084336114559e-06,2
0.000270660759671447,3.6906494080223636e-05,0.9996891576138844,3.275131161191484e-06,2
0.00023543159818449443,3.7489484624542515e-05,0.9997227783911012,4.300526821966617e-06,2
0.0001229620696699152,6.568944232206557e-05,0.999807290382617,4.058106702681488e-06,2
7.271310170018368e-05,4.254146631737744e-05,0.9998820983916088,2.6470414189810504e-06,2
6.138460937492211e-05,8.267426993164209e-05,0.9998538743201811,2.0668002595879646e-06,2
3.9676999025997966e-05,0.00014491727192797498,0.9997591846718666,5.622105773761813e-05,2
4.299113993090533e-05,0.009611207109372922,0.9893806629494133,0.0009651388015447748,2
1.7870460133945682e-06,0.01293112780737783,0.9041235128273852,0.0829435723206333,2
2.3902820244529542e-08,0.014772065559363248,0.06842400717736809,0.9168039033611658,3
1.712708144532785e-10,0.0014285111087455988,0.0004719750969880435,0.9980995136230079,3
8.626154166905767e-12,0.000296581862737699,3.5144630090990283e-06,0.9996999036663616,3
2.7205747272093264e-13,0.0019227954066676591,1.3653187452318094e-06,0.9980758392736336,3
2.448357047058233e-12,0.0006253308882830205,1.1828880172831742e-07,0.9993745508207784,3
2.995959539946061e-13,0.01291659566348572,5.291312864551301e-07,0.9870828752054112,3
1.1275869718702946e-13,0.0035755263688702797,6.381023377416258e-08,0.9964244098210865,3
1.15382536242923e-13,0.0003073966484306382,3.13701918260517e-08,0.9996925719798729,3
6.935669815548329e-15,0.0007010092638458141,6.447254825973599e-10,0.9992989900897712,3
5.435768636091583e-16,0.013179581068510148,1.2922894893016959e-09,0.9868204176395161,3
2.3820917940250077e-12,0.001627600092031097,1.9594428224474807e-07,0.9983722039630079,3
6.450279800075878e-12,0.00096782216843998,7.94056060522381e-06,0.9990242372644896,3
3.2424658993793287e-11,0.0004406050563266207,4.831046511753544e-05,0.9995110844462118,3
6.590676883164047e-12,0.0003812633192818684,2.3059646427375608e-05,0.9995956770259914,3
4.352817723419509e-12,0.000277774121534427,1.4770921009477056e-05,0.9997074549525793,3
2.0028014862324361e-13,0.0004211419667030959,8.130683752342823e-07,0.9995780449657058,3
1.2618741971228545e-12,0.00044192164085969887,2.139128722928155e-06,0.999555939228626,3
9.916501236566904e-13,0.0015268761853323427,3.905282723186256e-06,0.9984692185303496,3
1.0243521403816832e-12,0.00076276439568522,2.5210988756569805e-06,0.9992347145047364,3
6.159754398223333e-13,0.00021218818060447146,1.7407474802833363e-06,0.9997860710713995,3
8.359088650468507e-14,0.00037269546450528643,2.9230339464010885e-07,0.9996270122328342,3
3.4002116860909487e-13,0.0010619674754912991,2.420006612501801e-07,0.998937790524922,3
6.855816120768783e-15,0.003398691561521438,4.03126481759087e-09,0.9966013044059794,3
6.387709014837356e-15,0.0017222312129379878,1.086780032279457e-09,0.9982777677001683,3
1.5395241651344287e-17,0.0004245341125413526,1.9677466090016436e-12,0.9995754658867638,3
4.468307989887271e-17,0.00025226027470302175,2.966299866268251e-12,0.9997477397207443,3
3.2640216663244215e-17,0.0026530295943338464,7.037960054261908e-12,0.997346970400192,3
1.19990352054758e-16,0.0018133418954228632,1.6680546354321858e-11,0.9981866580894904,3
1.2948652699063312e-15,0.00024033146305718183,9.612907594161778e-11,0.9997596684393801,3
9.243541684879512e-16,0.0011341568274257858,2.4707838129709883e-10,0.9988658429254331,3
9.495305139021537e-15,0.003936872481619898,6.808063335263077e-11,0.9960631274514025,3
5.1302705286384364e-14,0.07500997047116068,2.8642018468325313e-10,0.9249900292407608,3
1.1930745505995827e-14,0.09740776164297252,8.085706104857495e-10,0.9025922375468886,3
1.9595089760513685e-15,0.005708237412441698,1.0849409546394129e-11,0.9942917625769354,3
5.518364587977752e-17,0.0010770002970763943,2.0449373933007822e-12,0.998922999701143,3
2.627753829912383e-17,0.00037758549566487183,2.2751930491430036e-12,0.9996224145023608,3
1.381620215283581e-18,0.0006879044808902977,2.915727126697681e-13,0.9993120955175374,3
4.227287765865654e-17,0.00037766455262861273,1.50406306150028e-12,0.9996223354462044,3
1.4382605219822813e-17,0.002463481662812802,3.1987540354957145e-12,0.9975365183341772,3
1.1353057196856293e-16,0.000509883925705705,8.568460956730309e-12,0.9994901160671473,3
1.9003501513136613e-16,0.0006072021255177962,2.2815623378061024e-12,0.9993927978739424,3
3.4152832572234076e-17,0.011500832278742865,1.7468609294590312e-12,0.9884991677206366,3
1.0531271397636678e-16,0.003575324384271369,2.0310055399012828e-12,0.9964246756148621,3
4.2436173021375075e-17,0.0004479129559945147,2.7330585856643683e-12,0.9995520870400169,3
1.434506925498174e-17,0.0002084427149104519,1.125163620735408e-11,0.9997915572724324,3
6.292064759528145e-16,0.00023334262594759808,5.1261984031322255e-09,0.9997666522463143,3
5.885620819214447e-15,0.00027129265621820447,4.388691319796516e-09,0.9997287029568673,3
3.0545965573585555e-15,0.0016919543387383517,1.3464478736725678e-09,0.998308044315431,3
8.136068063119408e-15,0.0037383663746107694,4.776736447783624e-09,0.996261628848268,3
8.793510798757648e-15,0.0008697871613563363,1.4902196316153878e-10,0.9991302126910067,3
1.445385012467053e-16,0.0039975030095851845,2.005141045321036e-10,0.996002496789717,3
4.050086955658484e-15,0.00034761713370574276,1.5344049895439487e-09,0.9996523813308147,3
1.8199911312718582e-16,0.00017004053840512503,5.798949843959132e-10,0.9998299588818843,3
9.196910572084492e-16,0.00018178106651097598,2.2476068716677444e-09,0.9998182166864152,3
3.2520461304061616e-15,0.0008317494338486551,2.7939729867570925e-09,0.9991682477726184,3
4.0191342298929255e-14,0.0036579197287884774,6.180496636478377e-09,0.9963420740900858,3
1.6060062681010925e-13,0.005672583470667236,8.615524293064664e-09,0.9943274079137314,3
2.3145625268531748e-14,0.0027844376757740997,5.806035258504012e-09,0.9972155565178756,3
5.707242579874532e-13,0.0005608586498406274,3.488787344599559e-08,0.9994391064599206,3
8.713724900664248e-13,0.0027645507326653045,2.602806783971781e-07,0.9972351889868292,3
2.8646369186810246e-14,0.010822958557289762,2.381204010962781e-08,0.9891770176304251,3
4.863463475439936e-13,0.0011368223543845495,1.6439379391262373e-08,0.9988631612074659,3
4.4920403821540575e-14,0.002857394201406901,2.08830164880615e-09,0.9971426037114535,3
1.9971676524297098e-13,0.015062727227076352,6.203547254928195e-09,0.9849372665681463,3
7.760157607318205e-11,0.04631483238644933,6.56302432525452e-07,0.9536845112331945,3
1.0484078597351839e-11,0.9964749577153287,1.024343903186697e-06,0.0035240179318405456,1
9.979584679243658e-16,1.0,3.3543982731787744e-14,2.468112955145662e-16,1
1.0840583024560093e-18,1.0,1.1193830367966668e-16,6.854919807594624e-19,1
4.783583511104387e-13,0.9999999545543697,4.523283016210775e-10,4.499212569791732e-08,1
2.2734060733954993e-12,0.999999483858252,4.602151054073847e-09,5.115371149608813e-07,1
2.0561108416178384e-11,0.9999998056300872,1.5767378197528292e-09,1.9277118737645518e-07,1
2.745140058017107e-09,0.9336127588123289,4.273687976366995e-06,0.06638296475361628,1
1.314509698268794e-10,0.9998701084224971,1.6773206828550973e-07,0.00012972371492767928,1
2.1886580001910575e-10,0.9997325514289991,2.545293742885701e-07,0.0002671938237843639,1
1.8120675709953658e-12,0.998867870112229,9.95533624421919e-10,0.0011321288906259801,1
5.232015741025694e-14,0.9987484665011993,4.148236189974402e-11,0.0012515334561326908,1
6.370202836499645e-13,0.5649414353911301,1.5546205892416988e-09,0.43505856305297225,1
4.819186260507976e-12,0.10575724440113836,8.573706029484716e-09,0.8942427470206639,3
2.326446747133995e-13,0.03214809512795627,3.513403540202892e-11,0.9678519048362294,3
1.0364493612985162e-15,0.09243341442183041,5.31061858307556e-12,0.9075665855746603,3
6.467955482964124e-14,0.01679921032972104,1.043594695278029e-11,0.9832007896613099,3
1.206735847785231e-16,0.04044904613199497,4.062932827601481e-12,0.9595509538653537,3
1.2290042591626812e-15,0.0028067090360211202,4.2109397047523605e-11,0.9971932909226524,3
4.517235865200627e-17,0.0003103040952496937,5.21890679075663e-12,0.9996896959002604,3
3.4692447403409146e-17,0.00026600236109536747,1.66309761940422e-11,0.9997339976235862,3
2.5759516631217374e-16,0.0006128062594480685,2.217046733853275e-11,0.9993871937176926,3
4.0166445294562234e-17,0.00741619343498979,1.226680340606627e-11,0.9925838065523167,3
5.410355229411121e-16,0.002893516368687026,1.4842446863547214e-12,0.9971064836300361,3
6.505776659220543e-14,0.004142579717601548,1.1144804120137133e-09,0.9958574191683033,3
1.929013314615004e-15,0.018018590254088526,3.1299102438753604e-09,0.981981406617262,3
2.9858810165361987e-15,0.001041716129020057,4.2457146071173133e-10,0.9989582834450729,3
6.875669199034302e-16,0.00022498556295457825,3.081199091816504e-10,0.9997750141301978,3
1.988519354182856e-15,0.0004684470572838292,4.392651280898978e-10,0.9995315525027634,3
1.6603780869230175e-14,0.0044615890321931485,5.908595570497244e-10,0.9955384103763293,3
1.4832036131271389e-12,0.02713116401755703,1.2505801418790203e-08,0.97286882347634,3
7.290547763313461e-14,0.9902651219133337,9.188771331808086e-09,0.00973486889815572,1
9.055287668969498e-17,0.9999999836873031,3.6510813796243317e-13,1.6313613942129107e-08,1
1.510261919883927e-11,0.42604494285816813,1.786224762470508e-08,0.5739550392638149,3
7.569804593337433e-11,0.21211441225929334,3.486339502049803e-08,0.7878855528020041,3
6.5541810981940435e-12,0.20368757483440467,1.4155845049762914e-08,0.796312411003255,3
9.977675053511307e-12,0.12060456627159251,1.7736606477382497e-08,0.8793954159832882,3
1.6353003564103104e-11,0.11164964693358638,1.432733408973974e-08,0.8883503387230255,3
1.1072946483109646e-11,0.6081308032189006,3.6465696251201503e-07,0.39186883211425666,1
3.7647856779010023e-13,0.8514469357326466,2.1200114353521623e-08,0.14855304306839442,1
2.471070360282224e-13,0.15181919880380568,1.0634310984988656e-10,0.8481808010913907,3
5.626644072873013e-15,0.07737569803497364,6.1325025335526786e-12,0.9226243019581315,3
5.237715918595939e-15,0.014061642073986684,1.7834495919729885e-12,0.9859383579255625,3
1.2075173399765887e-14,0.011495715642982171,4.715267863936125e-10,0.9885042838853455,3
1.0089847269198592e-14,0.001077251537009695,1.542434243959904e-11,0.9989227484458516,3
1.413536834975189e-15,0.012825423769531163,1.8362117299978122e-10,0.9871745760467756,3
2.7665195902968483e-15,0.002897705850986012,2.0726502530187283e-10,0.9971022939423652,3
3.7123364165413507e-16,0.0006856981481142178,1.3654087855413667e-10,0.999314301715991,3
1.4303959628594275e-16,0.0002631795719273709,2.1671544799118234e-10,0.9997368202100461,3
8.926002685838703e-16,0.00021150732446328723,4.925312945314953e-10,0.9997884921841437,3
1.8622969818451753e-15,0.0017990904599300855,1.1850746646007686e-09,0.9982009083547808,3
1.6189538794484915e-13,0.0021675326927966224,1.1592176993891639e-08,0.9978324557157119,3
1.4194626665246992e-12,0.00575687576938334,2.6755352109239794e-08,0.9942430974745081,3
1.2615235048476233e-11,0.14108425615874085,3.4470105480548987e-07,0.8589153991271902,3
9.805106373254348e-14,0.9951069179721503,2.8040846700014046e-09,0.00489307922204559,1
9.64388777926321e-10,0.7327671370614249,6.753661411404023e-07,0.26723218660951154,1
8.047117489969375e-16,0.9999987851704748,1.1837487503645647e-11,1.2148185453929179e-06,1
1.8396516167882983e-18,0.9999999998653948,4.306157254465632e-15,1.3630882711837225e-10,1
1.3837019414222947e-10,0.7982989784603108,8.970937007766156e-08,0.20170093169188788,1
9.248590004172585e-13,0.8261241223968322,6.463127017138503e-09,0.1738758711388155,1
7.886703077252785e-13,0.18218987387141902,2.2141491965082355e-08,0.8178101039847838,3
3.181189914929697e-12,0.017906423563164596,2.364166200183762e-09,0.98209357406924,3
1.1208514426542797e-11,0.04738048544071957,4.5959873071600044e-08,0.9526194685869309,3
3.138591636630007e-14,0.9917612348998845,1.0079975097860134e-08,0.008238755018443459,1
2.1394507923370458e-10,0.6516309607792665,4.1327126446796953e-07,0.34836862573385097,3
1.2648962900827116e-11,0.32172652392897766,3.738482155267544e-07,0.6782731022087433,3
2.3934804254931405e-10,0.029806470639416043,4.074729695843645e-06,0.970189454390573,3
2.682210572249381e-11,0.012053997261090585,1.113950327499932e-06,0.9879448887611519,3
4.619304086556082e-11,0.005019197814595653,1.3060166204310326e-06,0.9949794961230226,3
4.394137047459637e-11,0.010634913239509557,2.013073660231006e-06,0.9893630736423344,3
1.5171831552882076e-10,0.007051039078779168,2.7423128316392944e-06,0.9929462184573762,3
1.46019754760299e-09,0.015193824482645203,3.470847719306016e-05,0.9847714655787106,3
2.7853346190266837e-09,0.10600248130271725,0.00010005979065878834,0.8938974561195524,3
1.5521721278263253e-09,0.9050269345089007,0.00023001057108648998,0.09474305336691619,1
5.730624761920966e-07,0.8420409468619708,0.010279780364531584,0.14767869971268313,1
2.945012152161375e-06,0.7603177951131831,0.07426709733104665,0.16541216254503213,1
5.494843207147064e-06,0.7112984002931007,0.2632038393132985,0.025492265549638477,1
4.6002165638938835e-05,0.04037136987118698,0.9491501821310124,0.010432445833021777,2
1.5961058954779903e-05,0.0013857916438013505,0.9978656838599395,0.0007325634364238446,2
1.1382835291878454e-05,0.0001902477630781697,0.999748972859793,4.9396540849024474e-05,2
1.675290227400125e-05,9.389602012568359e-05,0.999869946888132,1.9404188033397998e-05,2
2.755871017152958e-06,0.0009463022892890379,0.9989919074300361,5.903441118130519e-05,2
5.280527539396629e-06,0.0005564281592501799,0.9994131488300557,2.5142483284641687e-05,2
2.7012387115704027e-05,0.0021451767206011885,0.9978246027838695,3.2081067128359318e-06,2
1.1680603975706042e-05,0.0019064862149859342,0.9980802678502643,1.5653303310840946e-06,2
1.664644563138571e-05,0.0017222040270609632,0.9982597157675157,1.433758359151123e-06,2
9.656918036134781e-06,0.0020963370740132467,0.9978916825440021,2.323462728443767e-06,2
2.5646260314536574e-05,0.00016536438839856752,0.9998048201539568,4.16919650144859e-06,2
2.4068108453899596e-05,0.00012223353530870656,0.9998493389030338,4.3594519050639475e-06,2
3.376835052929996e-05,3.629362651301065e-05,0.9999230824220783,6.855600063759465e-06,2
4.914018233152046e-05,2.5927549325887588e-05,0.9999181597835258,6.7724831671281345e-06,2
5.1787987757929815e-05,2.6983638730781396e-05,0.99991544954019,5.778834393038315e-06,2
0.00011027255315024217,0.00012010280009738596,0.9997669218376926,2.702809192480145e-06,2
1.754941362480118e-05,0.0001286873290021117,0.9998485109695866,5.252286489494639e-06,2
1.5110526230058079e-05,4.7562704375728984e-05,0.9999287089178523,8.617851151648427e-06,2
6.916245003667698e-05,7.640637388396605e-05,0.9998501317177446,4.2994600459703464e-06,2
0.0003220660967031022,0.0001534274324488138,0.9995219825756174,2.5238955468630167e-06,2
0.0016505244308350024,0.0003939356680432733,0.9979547507368386,7.891643960673558e-07,2
0.004541999192819008,9.781773108600567e-05,0.995357927148,2.2559295294333596e-06,2
0.010309917343480818,7.010747533197426e-05,0.9896163194455734,3.6557365527172603e-06,2
0.019519476568727333,0.00018523749651640835,0.9802930634751467,2.222457931720667e-06,2
0.04367535237506791,0.00023231344757477167,0.9560875711160796,4.7630630864052234e-06,2
0.16040790468423066,0.006466956658643109,0.8331249334367739,2.052213477582692e-07,2
0.946825898507518,0.0006132864260587896,0.052560735324692895,7.974015567490739e-08,0
0.9997614625046084,0.00023817642524402821,3.6106832273050397e-07,9.78806226229639e-13,0
0.9999942745362401,5.71847890175049e-06,6.986100307877067e-09,2.439654341335633e-13,0
0.9999963098048159,3.663633572034026e-06,2.6560082655491796e-08,2.5675034156367336e-15,0
0.9999951971919302,4.7699444412401385e-06,3.2862532619497555e-08,2.0277424501394833e-15,0
0.999998406162737,1.1516869476213312e-06,4.421494790526012e-07,5.517637490353019e-14,0
0.9999968671849234,2.4939885411682347e-06,6.388279672273026e-07,8.180583679405665e-15,0
0.9999955538322572,2.315697930664067e-06,2.1304673888787946e-06,1.0944293088376558e-12,0
0.9999193602008125,8.061922791150038e-05,2.0571265324740833e-08,1.0668048085216292e-16,0
0.9999974445232421,2.5348316792268177e-06,2.06447257100102e-08,9.775698967153185e-13,0
0.9999702714575289,2.9619066195549258e-05,1.0947808898799277e-07,2.884010531913421e-16,0
0.9999986926495145,1.1894292103763847e-06,1.1792013144860004e-07,2.697312626190858e-13,0
0.9999961145952505,3.743262430916339e-06,1.4214068110959633e-07,1.553861709429543e-14,0
0.999985216127386,1.4310053121132225e-05,4.738204282365564e-07,1.2935466693879994e-14,0
0.9999931360524908,1.9269398784938746e-06,4.9370067973863016e-06,4.0498773456167744e-13,0
0.9999969063294535,2.8554952283378836e-06,2.3817592212247015e-07,2.495553378542693e-14,0
0.9999936746080458,2.5829215435199793e-06,3.7424624353404555e-06,6.360947055255377e-12,0
0.9925804293316643,4.459906866797682e-05,0.007374971255386749,3.4280545022229246e-10,0
0.9682425099652223,7.585693224537291e-05,0.0316815839423078,4.9159098172105364e-08,0
0.8810072024515532,0.0005262608831766347,0.11846646073082676,7.593266901648236e-08,0
0.826932902335914,0.00011392206305124676,0.17295281089431563,3.647074270831207e-07,0
0.7784126915725376,7.277962560551836e-05,0.22151384494014273,6.838599997456877e-07,0
0.7170228527348836,8.715231760764125e-05,0.2828892899629163,7.049856771287949e-07,0
0.6895600961990159,5.5952349069687064e-05,0.310383099441709,8.520115050960581e-07,0
0.6796705460263414,0.00010969299760836165,0.320218883267727,8.777096978406939e-07,0
0.6850102786983345,8.600028530849782e-05,0.31490270268942533,1.0183255234594324e-06,0
0.7280987967265896,0.00023637421359458174,0.27166447320791687,3.5585031459753656e-07,0
0.9151344335554336,0.00012885585519964394,0.08473655055303665,1.6003480544213246e-07,0
0.9789076560850974,9.990168422088101e-05,0.02099243985652983,2.373416846606602e-09,0
0.9999662058688583,4.979600650805237e-06,2.8814490995561976e-05,3.860433263747923e-11,0
0.9999970418073744,2.909236592103942e-06,4.8954609155754816e-08,4.1895680201072856e-14,0
0.9999926724790548,7.327438208175238e-06,8.421440929511007e-11,1.6233209524994793e-14,0
0.9999412164831999,5.8782528441576644e-05,9.76601987226586e-10,1.3330358315087405e-11,0
0.9825138552355148,0.017486127454720897,1.724315534510521e-08,6.659165353967626e-11,0
0.10730026140141478,0.8926997385966486,7.311956864213901e-13,4.2799655511719373e-23,1
0.9656196493536007,0.034380267030246624,8.357673373738406e-08,4.018536004889387e-11,0
0.9998345140421,0.00016546453097143583,2.0970374411762292e-08,4.5676035968842157e-10,0
0.9999503659368114,4.962845857187266e-05,5.6044221633556506e-09,4.89877494318143e-15,0
0.9999985099431984,1.4809414268628638e-06,9.114839110902958e-09,6.826792388141744e-14,0
0.9999985239275682,1.4589022461292443e-06,1.7168664910564708e-08,1.0990311716583367e-15,0
0.9999975977763574,1.7123652762203676e-06,6.898596668840402e-07,6.902030409777124e-15,0
0.9999985286205539,1.3468000772262297e-06,1.245782026281676e-07,5.933143520913523e-15,0
0.9999973841584159,2.542301068461649e-06,7.353924452757674e-08,5.30495000207903e-15,0
0.9999955646551961,4.385255519838119e-06,5.009029824459722e-08,1.1839727434611547e-15,0
0.9999984972030157,1.4278714385345278e-06,7.492596580742153e-08,8.44522828909094e-15,0
0.9999980072518002,1.900703290938109e-06,9.204513815157322e-08,3.5434168474631645e-13,0
0.9998048959328167,0.0001939675597941409,1.1365063999776252e-06,1.6594373278001447e-16,0
0.9999970417891845,2.5248310944468966e-06,4.333768664283875e-07,2.285888703671007e-12,0
0.9999963923866335,2.39791920514368e-06,1.2096926261782187e-06,2.5215853105357865e-13,0
0.9999516844649282,1.2402828004335888e-05,3.591267485455855e-05,3.2296805964189877e-11,0
0.997544348559997,0.0006690229523070801,0.0017866279639428858,5.22138624865786e-10,0
0.6910213814496524,0.0006517360941756516,0.3083267590237369,1.2343402388014214e-07,0
0.3294178285643053,0.0012357006254678257,0.6693454497020366,1.0211071600751301e-06,2
0.04660359455765169,0.00016921543300318424,0.9532237567190048,3.4332895183030147e-06,2
0.00653207263583217,5.942874061207819e-05,0.9934039150549296,4.583567533259115e-06,2
0.0008302646142023061,3.210043417195032e-05,0.9991325234143428,5.111535611365582e-06,2
0.0001498997963085171,2.698721490146222e-05,0.9998172259034477,5.88708553958058e-06,2
7.145904684263899e-05,3.270500427760189e-05,0.9998914990250772,4.3369234790854725e-06,2
7.508573180664476e-05,4.1777256748405004e-05,0.9998744169342748,8.720075411281347e-06,2
0.0019720003412725747,0.0001554791146144288,0.9978695733262172,2.9472180069917297e-06,2
0.0019362051136363595,0.0001156168281649603,0.997945322941598,2.85511699503038e-06,2
0.0009354447381723108,0.00017647493844909453,0.9988872550182415,8.253064788165461e-07,2
0.0002504739431950176,9.979363605551319e-05,0.9996467510112375,2.9814107605649888e-06,2
2.0298027460243526e-05,4.417283312955679e-05,0.9999257589063392,9.770234590585686e-06,2
1.4426341421712105e-05,3.7742447022311e-05,0.9999340716436974,1.3759568159575714e-05,2
1.0920492979566783e-05,0.0002776198226113272,0.9997073550792742,4.104605873797188e-06,2
1.5048446494012907e-05,3.31185418500699e-05,0.9999383524422134,1.3480569244642513e-05,2
2.3034362084539984e-05,7.883951019116419e-05,0.999891738505454,6.387621809598517e-06,2
2.9391598292688145e-05,3.797963183182061e-05,0.9999216198171558,1.1008951104364109e-05,2
1.0753869302401405e-05,0.00014806168184131714,0.9997891286996191,5.205575086253292e-05,2
1.454332444673985e-05,0.005398772634761747,0.9945030902575077,8.359378413762856e-05,2
1.681259569689912e-05,0.045483269989004364,0.9544991351779313,7.822390726194956e-07,2
3.0877830447563705e-05,0.001546545317356468,0.9983893753098997,3.320154342494828e-05,2
2.543241182647949e-05,4.781194727801158e-05,0.9999137477044503,1.3007937381167934e-05,2
2.09676604779271e-05,0.00019029618561102368,0.999783618608289,5.1175447736699194e-06,2
2.2328913590397588e-05,3.926495243122519e-05,0.9999278550981712,1.0551035365131709e-05,2
1.4450503845403564e-05,0.00010334469710623343,0.9998690730905377,1.3131708499333766e-05,2
1.4822551388952092e-05,0.00031425232278805475,0.9996108772281506,6.004789726437885e-05,2
9.556286282076512e-06,0.0008209339535679625,0.9975392748338394,0.0016302349279206491,2
7.00279328808967e-06,0.00436900091355792,0.975859976546099,0.01976401974561743,2
4.4033367105417025e-05,0.06007921321646729,0.8961248700459021,0.04375188337110646,2
4.174581665926048e-07,0.950080957331847,0.02889789616376055,0.021020729047953445,1
1.9064420704819615e-09,0.8792120487625231,3.3421838838710635e-05,0.12075452749133175,1
2.2101690470477396e-09,0.30073056949548277,4.425428638860995e-06,0.6992650028647921,3
3.464991889876475e-15,0.27857411998728093,9.991758202681293e-14,0.7214258800128639,3
1.8360706970019553e-18,0.19604513548120017,1.7489515631473802e-17,0.8039548645187392,3
8.273111848831456e-20,0.05653658194881892,1.4693277788048372e-19,0.9434634180515923,3
8.239801919608861e-20,0.00955267635354928,2.7376713187586337e-19,0.9904473236467192,3
4.387325221865564e-20,0.007485614701016906,1.1959663646729844e-19,0.9925143852991635,3
4.764623637634785e-19,0.006765053041100791,1.409243725338551e-18,0.9932349469571301,3
1.3104586343104754e-18,0.0873929052572284,1.4786967459323176e-17,0.9126070947440598,3
1.3652950312327213e-18,0.5287654016608198,5.659955950611183e-18,0.4712345983381902,3
1.2926933958130398e-18,0.9964450203173341,7.50644114590676e-18,0.0035549796839676405,1
2.238947121584846e-17,0.9466193948943383,6.468253669435455e-18,0.05338060510714384,1
3.4154512537016778e-18,0.9576489076905659,3.309633261219452e-18,0.04235109230763509,1
2.913534149368979e-19,0.8071321315913412,2.838746272876825e-18,0.19286786840694312,1
1.1361786252321331e-18,0.18318944087777192,1.1266174296119561e-18,0.8168105591215368,3
7.152652615762799e-20,0.06647201242375574,1.7337031165304759e-18,0.9335279875758435,3
5.790671582704562e-21,0.007396481314867582,4.983786343132961e-21,0.9926035186852458,3
8.369473006130671e-20,0.004055156992400476,1.3566507963922263e-19,0.9959448430082836,3
1.8711265399492076e-19,0.034695892223086895,2.168142273751449e-18,0.9653041077784312,3
2.2285732702592962e-21,0.4855645274659002,2.0172996418021384e-18,0.5144354725354403,3
3.127046060527307e-17,0.016691015469177953,2.6944071926110733e-14,0.9833089845290403,3
5.861147288416276e-18,0.0012368752400112536,2.6983259795596374e-16,0.9987631247602496,3
1.875732340761533e-19,0.00587044624967224,2.69938016898356e-15,0.994129553750173,3
7.22265249732592e-21,0.0012933144502028746,5.39698232800558e-18,0.9987066855514272,3
9.622226791501715e-19,0.0002539892503834664,5.302121030198209e-14,0.9997460107506868,3
1.4316954477323015e-19,0.0003200956246775597,3.578468611917588e-14,0.9996799043735056,3
1.1256231456021393e-19,0.00021535851494832838,3.219760597980846e-14,0.9997846414852989,3
3.166909333257845e-19,0.00018599584698085182,1.0466468636425355e-13,0.9998140041542329,3
2.1534835536966331e-19,0.0002508586484908666,2.3585156520071026e-13,0.9997491413505071,3
8.534735507675562e-19,0.00016912993125198732,1.2356798934707323e-13,0.9998308700701288,3
8.623341865967928e-19,0.0007464193730071968,9.64403196896281e-13,0.9992535806272717,3
9.462650730269893e-18,0.0003613601048793895,2.302150463238646e-12,0.9996386398934486,3
3.714163756376792e-17,0.0004216792049532229,1.1958753189776288e-12,0.9995783207936382,3
6.691328656030313e-16,0.003203676196630918,5.22829298041915e-12,0.9967963237991287,3
1.762847433750126e-14,0.09233538344507318,2.779731036151296e-10,0.9076646162780253,3
3.5236690842818467e-14,0.49610445620757476,1.4269599543799017e-10,0.5038955436489657,3
1.3545382167364385e-13,0.10308888318562615,1.136503011277047e-11,0.896911116802835,3
1.2692975558415033e-14,0.13606612432069615,1.3631259654355729e-12,0.8639338756781041,3
8.69116912400708e-14,0.5461520760898145,1.7441940566243427e-11,0.4538479238935486,1
1.7471735315140971e-15,0.9098712352199575,2.9287243475387395e-13,0.09012876477939255,1
8.437301258013558e-16,0.9199465630742168,6.350618787974346e-13,0.08005343692615023,1
8.452287783580663e-14,0.08089893363304484,1.6579368491816528e-11,0.9191010663499831,3
1.994159069912988e-15,0.06771811986326016,7.136576245426026e-12,0.9322818801289487,3
7.000677614402107e-16,0.0024313026331825366,5.413656480093336e-12,0.9975686973625288,3
1.725760664838634e-17,0.0003708743093611332,3.234530692488254e-13,0.9996291256906068,3
8.68869598319079e-18,0.0007416270288561741,3.220683749933904e-13,0.9992583729700841,3
1.024153641072558e-17,0.0030434907367213673,8.929416617177593e-15,0.9969565092631031,3
8.885809343088152e-16,0.0501138738844597,9.597775979530806e-13,0.9498861261132112,3
3.4151804793482953e-16,0.3528638707414854,2.4330415403787934e-13,0.647136129257929,3
1.717522385327782e-15,0.09789651495619994,5.530952087397512e-13,0.9021034850426245,3
1.9097814960015216e-16,0.01005289372181637,5.3293482268506e-13,0.9899471062787302,3
2.1537236930313044e-16,0.0014710040891942355,1.5535051653953684e-12,0.9985289959101181,3
1.0606986915739867e-15,0.001201551461075251,3.857270549901531e-12,0.9987984485351912,3
1.0979918765132858e-17,0.026397267806302527,1.622787332021777e-11,0.973602732176479,3
8.930605754637112e-16,0.0013359181876835887,2.608041854804703e-11,0.9986640817874143,3
6.174779512587086e-17,0.000433205135986601,5.101432964117426e-11,0.9995667948139121,3
1.6803561906324645e-16,0.00016760085908401994,4.059468835949935e-10,0.9998323987351502,3
7.937690957833279e-17,0.0002553696536336372,5.551486007048551e-10,0.9997446297910296,3
5.571839249152202e-15,0.00023693698201661487,1.6780282080244086e-08,0.9997630462385708,3
1.011127524622468e-14,0.0005280989560004777,2.9383727629827186e-08,0.9994718716585802,3
4.2468528098643685e-16,0.0006317828088096716,2.5211512455436103e-11,0.9993682171655136,3
1.3904018595047088e-11,0.0044527864394133185,5.097770162546498e-06,0.9955421157751253,3
6.179913700757734e-09,0.017625923117094718,0.0012047846507492884,0.9811692860538138,3
9.408745069324715e-08,0.0367080680784262,0.02658807418866123,0.9367037636466291,3
1.2212556236667857e-06,0.01056694534385617,0.12523095838351875,0.8642008750152433,3
6.925754564146465e-07,0.025752121812388135,0.36567589348031215,0.6085712921306857,3
4.342321977695366e-06,0.05304303879635229,0.6405988000936375,0.30635381878816687,2
3.837685842314352e-06,0.1442995591379081,0.7610981941967366,0.09459840898126802,2
7.280012758120729e-06,0.21887915284520906,0.7779735419940123,0.0031400251471288415,2
1.3915887328131993e-05,0.024978693454534816,0.9721551964849182,0.002852194172068243,2
5.739697999371306e-06,0.003113145286665764,0.996074041772668,0.0008070732413598711,2
4.310403677301694e-06,0.0002494870160991361,0.9994033663673524,0.0003428362129890201,2
9.359496493413647e-06,8.777894745485682e-05,0.9998373090172308,6.555253837556543e-05,2
1.113064852683437e-05,5.821224670059869e-05,0.9999016394241407,2.9017679989838295e-05,2
6.670405475600102e-06,8.226562529326138e-05,0.9998889589069762,2.2105062385628546e-05,2
1.0625743761560323e-05,6.431892258135927e-05,0.9999043727581017,2.068257506125933e-05,2
5.260703303925628e-06,0.0011345408845747605,0.9988507589491925,9.43946426591127e-06,2
5.291674691198828e-06,0.00046520628540041285,0.9994204812559843,0.00010902078256718447,2
8.839693675009982e-06,6.532144139088712e-05,0.9998713785568287,5.4460307098740945e-05,2
1.6261033928760116e-05,3.314923350788192e-05,0.9999339986342791,1.6591096932994062e-05,2
2.1455184082111147e-05,7.473818998955823e-05,0.9998970234611106,6.783164230997229e-06,2
0.00018699713723015026,0.00019536047170563107,0.9996155123223301,2.130067446277034e-06,2
0.00014082363726362362,2.887082405242381e-05,0.9998245498654572,5.755671942447834e-06,2
0.00014726642649798196,4.0714356599411265e-05,0.9998073928083633,4.626408672193757e-06,2
0.00016509529727307053,2.91041519657347e-05,0.999800907216994,4.89333337011588e-06,2
0.00012960105044770113,3.8603366970587235e-05,0.99982719844939,4.597132767043651e-06,2
0.00020890896805594137,3.705186093233674e-05,0.9997499355224102,4.103647132725771e-06,2
0.0006627326498298239,5.2381076995924846e-05,0.99928061404356,4.2722305754764925e-06,2
0.0009204993286791188,0.00018213999357856512,0.9988941473693201,3.2133088834492124e-06,2
0.0014263237125733217,0.0020243692852928946,0.9965488875575291,4.194430024104067e-07,2
0.0011865155487646752,0.0001152259396927216,0.9986931644255717,5.09408597142729e-06,2
0.0008963749830469119,0.00015927138388851172,0.9989418935685578,2.460062742414314e-06,2
0.001206448165856467,7.928260499904112e-05,0.9987105390598735,3.7301678562329986e-06,2
0.0006628726814544127,6.686060766619982e-05,0.9992664147924643,3.851918056423363e-06,2
7.449566960203751e-05,3.534703089242061e-05,0.9998829867726238,7.170525627963726e-06,2
0.00014999025094546563,0.00033498032415972003,0.9995136503814067,1.3790431003066584e-06,2
8.382248119139254e-05,4.026312248687712e-05,0.9998710775419358,4.8368528854205005e-06,2
3.393571937788678e-05,3.733570149438861e-05,0.9999200539294929,8.674650319296283e-06,2
4.369650688804842e-05,3.9023058127844886e-05,0.9999108075878439,6.472846942405429e-06,2
3.881704324768971e-05,5.262315327170141e-05,0.9999045417806366,4.018023592803442e-06,2
2.2843456185202618e-05,5.573149537813277e-05,0.9999086895767682,1.2735473053377021e-05,2
3.121597430801057e-05,0.0019409337337140463,0.9980274865120801,3.6377809808703245e-07,2
1.0127659328097302e-05,8.965182496147535e-05,0.9998825716333232,1.7648881323755238e-05,2
1.0768926082454416e-05,4.494333729237272e-05,0.9999259610611085,1.832667528141067e-05,2
1.3886259399154602e-05,2.98481634276782e-05,0.9999367352142633,1.9530363036881204e-05,2
9.522279022225155e-06,4.094246425384696e-05,0.9999234795715812,2.605568451574404e-05,2
8.268566629357697e-06,4.243510049109853e-05,0.9999112893952756,3.800693605608089e-05,2
7.5831973661299624e-06,5.3448710116817976e-05,0.9998913640234283,4.7604068445872105e-05,2
6.2049980937394e-06,5.3641316058396736e-05,0.9998781284975861,6.202518883133688e-05,2
6.451390155965034e-06,0.00010470592289179639,0.9998411606827803,4.768200441919309e-05,2
9.41376506796268e-06,0.0002883106271270601,0.9996821411440947,2.013446268952007e-05,2
7.549426311118135e-06,5.862686051425392e-05,0.9998907355692214,4.308814467858354e-05,2
1.0759858955330723e-05,4.7169339713578443e-05,0.9999235196990555,1.8551102534964337e-05,2
3.358673695210863e-05,3.651862240349859e-05,0.9999168811503588,1.3013491612859132e-05,2
0.0007996362949898778,6.708646782197758e-05,0.9991250337734208,8.243463405197277e-06,2
0.03164122844592971,9.935684472496421e-05,0.9682556070847123,3.8076262070244852e-06,2
0.15792846115181935,0.00029832438431680726,0.8417715670806694,1.647385005455963e-06,2
0.6707843656032905,0.0005558174214887774,0.3286592398157606,5.771607121040776e-07,0
0.8700595850090893,0.00013873128377438188,0.12980156286745365,1.208405857294224e-07,0
0.981864323341046,7.058465781482067e-05,0.018065074676406164,1.7323402193069505e-08,0
0.9973787179733618,1.532895758275476e-05,0.0026059465607560428,6.5089931381661276e-09,0
0.9985521565790834,1.7961362615330998e-05,0.0014298779804812044,4.079450538822278e-09,0
0.9926277500661561,2.1678146334741696e-05,0.0073505650961057396,6.690019864733936e-09,0
0.9745438815740014,0.00019305569456354435,0.025263041288768412,2.144413225371205e-08,0
0.9142489580952782,0.0016987606259692791,0.08405225188536271,2.9394455504316827e-08,0
0.6947120107308477,0.00267819583670838,0.3026094898305025,3.0360062680697585e-07,0
0.14633878618550666,0.00038612186204234583,0.8532722170178287,2.874933252758042e-06,2
0.0207947342749738,0.00017650308299053185,0.9790252629977435,3.4996448075033827e-06,2
0.004187802319236804,0.00017790485297317023,0.9956319885857564,2.304240316568123e-06,2
0.0016532036131600778,3.825348976461918e-05,0.9983042372818567,4.3056165805193366e-06,2
0.0010523520466941554,5.4230114837404344e-05,0.9988896788383996,3.738999139541918e-06,2
0.0005966959230880959,0.0001819536712121624,0.9992200192436465,1.331162812871159e-06,2
0.0002640288741343644,3.299111355988708e-05,0.9996975421656431,5.437848479666189e-06,2
0.000808658035388589,4.8558260946312984e-05,0.9991400773101349,2.706394819470116e-06,2
0.0047193231995525005,5.6316021897685895e-05,0.995220670896692,3.6898825444920086e-06,2
0.027393870200800367,0.00010778739390394468,0.9724942006030842,4.141802975315418e-06,2
0.15615043470824994,0.0004717502020392034,0.8433758959712587,1.919118539546702e-06,2
0.3809178671041365,0.0005388505791159724,0.6185428473965477,4.3491858128262426e-07,2
0.9217495152824275,0.0002212534969496404,0.07802917855381755,5.2667297981178385e-08,0
0.9996826492410505,5.6168242034294674e-05,0.00026111565249678747,6.686459936604447e-08,0
0.9991898915853402,0.0008097855712839298,3.2284484918653244e-07,1.3441914546312967e-15,0
0.9999903432719897,9.124509832854373e-06,5.321985427110131e-07,1.807557457695191e-11,0
0.9999892184204376,7.742502731084345e-06,3.039075323102304e-06,9.166683086575766e-13,0
0.9998422799880655,1.095436913395783e-05,0.0001467656216467205,2.068996579802348e-11,0
0.9993099504979799,7.746492856637346e-06,0.0006823027934217309,2.1477923497756333e-10,0
0.9996016810385516,1.1051389281840056e-05,0.000387267359094091,2.142611531301286e-10,0
0.9997291108819546,7.49674078806033e-06,0.00026339224862942595,1.2755612021870938e-10,0
0.9998305450790261,9.890836777982095e-06,0.0001595640559232224,2.9550226932337737e-11,0
0.9998973635662466,4.610217366802397e-06,9.802618720077039e-05,2.964632994373316e-11,0
0.9999214510609233,8.140908841563792e-06,7.040802680177072e-05,2.8574507544251943e-12,0
0.9999844252500745,2.54105811974345e-06,1.3033689312307118e-05,1.2432854800660948e-12,0
0.9999893810145226,2.571882938191977e-06,8.047103644179378e-06,2.6523912597949407e-13,0
0.9999849161659612,2.268724850529935e-06,1.2815108906908311e-05,2.3302666769281513e-13,0
0.9999908064659996,2.4898336661923805e-06,6.703700832565467e-06,3.1700847534882264e-13,0
0.999970113071929,3.3018098468735093e-06,2.6585118604996366e-05,1.0799199472756222e-12,0
0.9999517331350962,6.83637933029327e-06,4.14304735798901e-05,1.123696981602623e-11,0
0.9996630717493252,1.651650993353738e-05,0.0003204117293112478,1.1091481037400103e-11,0
0.9999519867336659,2.7426220568356257e-06,4.527057947297127e-05,6.632270654185709e-11,0
0.9998555772434646,1.914034424845588e-05,0.0001252824092059792,3.935888400014235e-12,0
0.9999594374608464,4.216122443909241e-06,3.634640832971376e-05,7.833977442537453e-12,0
0.9999538874881334,2.970318338291778e-06,4.3142183745246436e-05,8.423975303686851e-12,0
0.9997773952655012,8.589555265342763e-06,0.00021401515950056926,2.1321480034365563e-11,0
0.9998189460161218,7.681798825580369e-06,0.00017337204684306407,1.3830654594112242e-10,0
0.9993457016032058,5.728936710990816e-06,0.0006485690389351594,4.222274278611479e-10,0
0.9984610875374951,1.3864067464986688e-05,0.0015250472243722869,1.170523543212393e-09,0
0.99764162833175,2.837257650785741e-05,0.002329996206145395,2.8857679742188717e-09,0
0.9947955813321339,3.350292262186784e-05,0.00517090816498958,7.580843562048998e-09,0
0.9894110412867492,0.00016544446860708139,0.010423491956670208,2.2286273836495377e-08,0
0.908976872292508,0.00016895661097805398,0.09085409966662951,7.143057060796937e-08,0
0.7960064922575459,0.00023207825526219355,0.20376115562450028,2.738641560862244e-07,0
0.6682603158613559,0.0003861933499079259,0.33135205127832507,1.4395089561079673e-06,0
0.022268650939201832,0.0004082783398428535,0.9773202889891287,2.7817333125902593e-06,2
0.0005964448242277491,5.007984648328786e-05,0.9993451293129055,8.34601551509349e-06,2
2.5210459197404603e-05,7.303979634576723e-05,0.999892491591313,9.258153945655941e-06,2
2.7371965089526706e-05,0.0002522460471080457,0.9997166737369388,3.7082498999096234e-06,2
3.5676082859450775e-05,7.177945833541341e-05,0.9998849115384193,7.632918773182344e-06,2
6.863815452890792e-06,0.00011436213686539195,0.9998109268594881,6.78471897528548e-05,2
8.438598506921704e-06,0.00024124511695597283,0.9993430660013743,0.0004072502823598016,2
7.930514942389963e-06,0.0007592351032240581,0.9963036397914538,0.002929194590738617,2
8.081332271497969e-06,0.002019501094762706,0.962863739736209,0.035108677836661294,2
1.6335206606981852e-06,0.0441018960495241,0.816256096510821,0.13964037391879114,2
4.919938048845392e-07,0.01127607661993633,0.3877459250656884,0.6009775063192331,3
1.7902212074149832e-07,0.009454498077391843,0.01627289702240716,0.9742724258771512,3
1.0562912837384867e-08,0.02129744195696063,0.00035119654203030895,0.9783513509375159,3
9.304998898988375e-14,0.1452635695237342,2.0767005445248883e-07,0.8547362228058891,3
1.2453074639165718e-11,0.010415435401103084,1.7866408961511111e-07,0.989584385920836,3
8.835220740437953e-13,0.004830200116853357,1.7274793397397132e-07,0.9951696271342089,3
3.6872489897167514e-12,0.0004313559889165665,3.804299481055393e-06,0.9995648397074867,3
8.17261936485769e-14,0.0002018236897069678,6.119049550643476e-07,0.9997975644038233,3
3.020222227682811e-14,0.000225782544275205,2.1009586951852576e-07,0.9997740073610928,3
2.1590831280399985e-14,0.0005240558992246004,3.527602601297456e-08,0.9994759088249947,3
1.1795668575927188e-14,0.0017355048717510853,1.6253623577636385e-07,0.9982643325902139,3
1.4800674799535508e-14,0.00020842731760347834,2.4540091511578366e-08,0.9997915481430091,3
2.092328067771711e-15,0.00022048346150990334,3.1679755858300584e-08,0.9997794848576332,3
6.380474473448872e-16,0.0001480575270922504,6.702167327669233e-09,0.9998519357700346,3
7.833779199142477e-17,0.0001682713399429787,1.05482465714472e-09,0.999831727604407,3
1.5547273807771944e-16,0.0001417900215031193,1.7497914396704763e-09,0.9998582082278828,3
1.3401927666358943e-16,0.00015078959339200727,9.752806225634462e-10,0.9998492094323337,3
1.5762731112074497e-15,0.0002685539690944697,2.8229580815886517e-08,0.9997314178003821,3
5.48910333740476e-15,0.00018429114079409993,2.0046545693122162e-08,0.9998156888121572,3
5.749444514803225e-13,0.0005873264874510354,5.633761536093718e-07,0.9994121101354514,3
2.1391453151143026e-13,0.006058807193755631,5.900912389791962e-07,0.9939406027156378,3
1.5729675133598687e-11,0.0009227817037476717,1.0205756890784202e-06,0.9990761977065878,3
1.0198617025353334e-11,0.002394500737979432,8.157848246077488e-07,0.9976046834678468,3
1.0586629095554096e-10,0.012395430674848234,3.863006846525892e-06,0.9876007062137264,3
1.795085274925881e-12,0.2680633980500507,8.181996383950244e-08,0.7319365201265821,3
2.687353398535201e-13,0.997354739081603,5.318220199163226e-10,0.0026452603855126127,1
5.522585323219102e-11,0.4854417465715743,3.581170242797902e-08,0.5145582175627957,3
5.908301920464649e-13,0.35761175239626375,1.9947518899801386e-08,0.6423882276539192,3
3.1922962938762374e-13,0.010152754130534824,1.2385087131460344e-09,0.989847244631585,3
3.879082772841431e-14,0.0046931288352348305,9.464613857585998e-11,0.9953068710701372,3
8.88286967284775e-13,0.026897841186256252,1.8715292648064633e-08,0.9731021400980611,3
1.1724136271968226e-12,0.025250913317408787,6.027825840963662e-09,0.9747490806524433,3
2.931198472435254e-11,0.021708517080297043,6.290154536676559e-08,0.9782914199894294,3
5.405874017308436e-13,0.411720951963802,5.923096293892165e-08,0.5882789888060312,3
4.730573987596996e-12,0.08749037077806793,5.820322577089781e-08,0.9125095710125812,3
4.9479003349260457e-11,0.015567927399716425,1.779236916024431e-07,0.9844318946271043,3
1.0434496534875972e-10,0.029743522426954598,5.573534968595555e-07,0.970255920116902,3
3.698077723100266e-13,0.9999950713475796,2.8917049458707113e-09,4.925759232679454e-06,1
2.39042631827347e-10,0.7490434358546503,1.5969692841065374e-06,0.25095496693833613,1
1.8636318057325213e-11,0.1683314405123409,7.164816627952817e-07,0.8316678429883085,3
2.710897269832454e-10,0.018419668376870906,3.0199333513372725e-06,0.9815773114195282,3
7.939674838147784e-11,0.010886332065487269,1.098558924306261e-06,0.9891125692969807,3
2.0663177519982979e-10,0.021553008854508393,1.988525608115378e-06,0.9784450024127126,3
3.610422257788812e-10,0.031240401286801098,5.267341143020474e-06,0.9687543310117595,3
1.3655271842719366e-09,0.17429207142480815,0.0007597833437064716,0.8249481438676295,3
4.4409350686005945e-06,0.06879735279620418,0.1857082732419728,0.7454899330252805,3
3.711626541598819e-06,0.009456415838391108,0.26700679470854405,0.7235330778260751,3
7.168105088358154e-07,0.01453841734777502,0.3045859974770177,0.680874868363611,3
9.66775041769419e-07,0.02950924259147724,0.3872497846878774,0.5832400059441893,3
7.75340692089145e-06,0.03129003745751414,0.5203154630032982,0.4483867461337367,3
5.240392776854897e-05,0.11739144544495382,0.5325120851290388,0.350044065497349,3
5.149103008276568e-05,0.7874685717507559,0.21167310313340673,0.0008068340851657933,1
1.4379348899549884e-05,0.9470971896684036,0.052888237393297066,1.9358981223792616e-07,1
3.268827202364914e-05,0.9325171952318143,0.06744806300308034,2.053494580339902e-06,1
0.00024363189309159938,0.7952383379966431,0.20451470744415393,3.3226650051527187e-06,1
0.0005298732815462559,0.010425572670398276,0.9885355345863998,0.0005090194616305705,2
4.346852375647902e-05,0.0007854149132033273,0.9991530039759788,1.8112588305903876e-05,2
3.2913454828305405e-05,0.0002759091826757527,0.9996894863631738,1.6909978349146103e-06,2
8.472653039781382e-05,6.280819946623666e-05,0.9998474596626002,5.005608193220405e-06,2
0.0003304266091238809,6.549737847432163e-05,0.9995991735635338,4.90244799542753e-06,2
0.0004952226004805291,0.0014821164024343767,0.9980215533113402,1.1076872356937867e-06,2
6.291147514643872e-05,0.000490338720664699,0.9993458479106062,0.00010090189509070276,2
0.0003605943078182812,0.01533436250326272,0.9829093424913993,0.0013957006967435215,2
4.29549143000047e-06,0.9896716335304594,0.0103240705972292,3.821619054409542e-10,1
8.820427712680059e-06,0.9591223961018427,0.04086689503582517,1.8884351547510733e-06,1
3.8342995940012684e-05,0.6970599086481155,0.30264691810776206,0.0002548302472290239,1
6.311927575250219e-05,0.3474017503096149,0.6342895491972952,0.018245581217668044,1
1.2603698670610028e-06,0.4063885619799926,0.5936035583564565,6.61929267762142e-06,1
2.468949165299592e-05,0.02689492979748495,0.968166089234262,0.004914291478237201,2
4.847339611337908e-06,0.005867480339761027,0.9924653009481179,0.0016623713728310605,2
4.171344426330348e-06,0.0008153268816822332,0.998739249160275,0.00044125261253164926,2
4.081418175805536e-06,0.0014470695787850813,0.9984137322691012,0.00013511673283964163,2
3.867953611353709e-06,0.0005563900216508317,0.9992455544051804,0.00019418761866339194,2
3.309146586577089e-06,0.00020926603352290724,0.9993949555784071,0.00039246924080218234,2
3.0799268736311957e-06,0.00038510609313280954,0.9992793275444143,0.0003324864358283806,2
4.6444247054290765e-06,0.00034003841507306617,0.9993339999781058,0.00032131718266657723,2
5.0739778608601485e-05,0.0016859163900177917,0.9982602098169897,3.134015039628329e-06,2
2.724685748010852e-05,0.0006137784200270229,0.9993564200994144,2.554621815885839e-06,2
2.5281214538338904e-05,3.116008410876526e-05,0.9999334682484803,1.0090451288607285e-05,2
2.5402698557325295e-05,4.671216840823252e-05,0.9999113467865772,1.653834527465526e-05,2
3.810210535571243e-05,0.0003050484933986338,0.9995682578634733,8.859153752897384e-05,2
0.0005347436785583481,0.008842530592432103,0.989514552993225,0.0011081727355722612,2
0.001384565594078245,0.9022661805756849,0.09634830351826452,9.503114994434526e-07,1
3.577023602655285e-06,0.9999948417886366,1.581188007937426e-06,4.846894132776119e-18,1
0.7979302841520775,0.03513728524924465,0.16691151423929831,2.091636090351574e-05,0
0.9951132379575728,0.0016227803685607996,0.003263978121301035,3.5508882773489198e-09,0
0.9998688285121746,2.139229878686945e-05,0.0001097791377926471,5.2074469928463795e-11,0
0.9999960856043105,1.987564160349623e-06,1.92682976230059e-06,2.694396463485022e-13,0
0.9999969110260696,1.3428276135442697e-06,1.7461451742263912e-06,8.209040962056552e-14,0
0.999991827423145,3.7719734551825204e-06,4.4006025975317316e-06,2.3661412638783246e-12,0
0.9998776323742503,0.00012139026467987669,9.77360083048025e-07,1.402399719241633e-15,0
0.9999882449046409,4.005763124936985e-06,7.749253562081017e-06,7.805014261594583e-11,0
0.9999525028690878,4.2841475062316896e-05,4.6556550757958255e-06,5.04624320855953e-13,0
0.9998854097569649,0.00011067940897142994,3.9108327496296665e-06,1.3998931228937616e-13,0
0.9999663701217019,1.6142397392666353e-05,1.7487468865908772e-05,1.2718304344476373e-11,0
0.9999339282658642,1.1480064869341437e-05,5.459166769596913e-05,3.151509410967277e-12,0
0.9999572218130808,1.152291047695587e-05,3.125527321518103e-05,3.987814727111364e-12,0
0.9999816608295977,8.430088261155858e-06,9.90907987416775e-06,1.296032076475616e-12,0
0.9999120126052177,5.481923185831896e-06,8.250546408620211e-05,9.309417710627474e-12,0
0.9997664319017354,1.1664059535753828e-05,0.00022190400992741217,2.8470305669604323e-11,0
0.9997549785714525,1.7489701352137484e-05,0.00022753168664487177,4.228157097338707e-11,0
0.999830690231618,1.2558060301984164e-05,0.00015675167262449877,3.5600370199023015e-11,0
0.9999107862093497,6.111292586510769e-06,8.310247234117822e-05,2.718608883138563e-11,0
0.9999665636302194,9.096238873772685e-06,2.4340130146740333e-05,2.41112104944355e-12,0
0.9999211471171646,5.057612901070558e-06,7.379526305259961e-05,5.0758359131714776e-12,0
0.9999803604041982,4.661674680710521e-06,1.4977913338068086e-05,6.0404477833548345e-12,0
0.9999544865994149,2.3485199949520892e-05,2.2028200121908922e-05,6.978464972523649e-13,0
0.99997978334131,1.8184166915322785e-05,2.0324857039578777e-06,4.625085668281163e-12,0
0.9999186826966793,8.07787770982331e-05,5.385254892022255e-07,1.5196921116971698e-15,0
0.9999959691094159,3.5158674119731457e-06,5.150220696658216e-07,1.5846088160859834e-13,0
0.9999968442984707,2.303193429050977e-06,8.525085668682884e-07,6.91449216140369e-14,0
0.9999941790616755,4.480287971452252e-06,1.3406501616819033e-06,5.087671327564301e-15,0
0.9999989881985701,1.006392209357525e-06,5.410437314285735e-09,2.4455355459377283e-15,0
0.9999990146757534,9.390165952064452e-07,4.630904578959997e-08,1.7949476764290867e-15,0
0.9999986053417791,1.213213487718718e-06,1.8144540676599028e-07,4.696817144306594e-15,0
0.9999966124217361,3.027929121975271e-06,3.5964971906794264e-07,2.9767685138702083e-13,0
0.9998480873257478,0.00015098803790705503,9.246346606296507e-07,4.073087548022667e-17,0
0.9999975327221788,2.3544632987171245e-06,1.1281372187499823e-07,1.185266791322713e-12,0
0.9999949983955528,4.7789041145751875e-06,2.2269880431035266e-07,7.223965553041667e-15,0
0.9999979645019974,1.7639113187327698e-06,2.715857233761055e-07,2.5775170212298563e-14,0
0.9999975810671611,2.253483312929259e-06,1.6544819507511822e-07,8.86322548620905e-14,0
0.9999756123497506,2.433765452102857e-05,4.9996376579453446e-08,7.046013089878817e-16,0
0.9999973544980526,2.6230402398836244e-06,2.2463205543048737e-08,5.208991117999691e-15,0
0.9999986814663824,1.0882587114931047e-06,2.3027488337862676e-07,2.224611298963013e-14,0
0.9999964230655985,3.4241055699293317e-06,1.5283010918745728e-07,2.086536235177198e-15,0
0.999998168039242,1.359084751813417e-06,4.7287672448430725e-07,1.3486144723259557e-14,0
0.9999977136493488,1.473184457274089e-06,8.1316792696325e-07,2.0726519034131606e-14,0
0.9999969814971419,2.2819637268942117e-06,7.365395339901961e-07,2.7213700264824615e-14,0
0.9999956041016261,3.3652360728171013e-06,1.0306624651161206e-06,7.530084574879809e-14,0
0.9999891261331906,7.319827730703218e-06,3.554040161772543e-06,1.5115695354468099e-13,0
0.9999597683034633,3.3799489260801605e-06,3.6851724799094756e-05,2.364102927171082e-11,0
0.998924453177485,7.408294497781873e-05,0.0010014638568887476,2.019543270809736e-11,0
0.9918681514146559,8.267607717272424e-05,0.008049150461487685,2.20451421614193e-08,0
0.915152689024009,0.00035259203643540297,0.0844945968794026,1.220585888537852e-07,0
0.7132045374229684,0.012088390147397477,0.27470706618576685,6.2433177740844004e-09,0
0.20945244480926167,0.001213115936961184,0.7893300715292418,4.367725296963967e-06,2
0.04337574312525966,0.0001249270326279907,0.9564947719705201,4.557870357729625e-06,2
0.005932992807015561,4.728799019326509e-05,0.9940154323465379,4.286856098881906e-06,2
0.0005300259392485778,4.477359645670601e-05,0.9994204854990452,4.714964841718622e-06,2
6.995525941158874e-05,3.417371501331526e-05,0.9998885432304727,7.3277961888596085e-06,2
1.811157550335941e-05,4.2575772057348416e-05,0.9999229794242745,1.6333227033945088e-05,2
1.4713660265686067e-05,0.0002124648841088515,0.9997482337246888,2.4587732576592386e-05,2
5.714310661793185e-05,0.004826993101557592,0.9951147749946837,1.0887982407971785e-06,2
4.10708508855579e-06,0.0017739055382248303,0.9981428188963483,7.916847870214123e-05,2
5.1069868548577356e-06,0.00020171061156817337,0.9997008201768692,9.23622238278656e-05,2
3.0875177303672576e-05,6.328636374846885e-05,0.9998911029577255,1.4735500559620558e-05,2
0.00019384145313498485,0.0015214183644913536,0.9982841868504406,5.533321644927102e-07,2
9.438817044242801e-05,4.8222986005252984e-05,0.9998508649991631,6.523846034914079e-06,2
7.6316997968791e-05,5.1798531309189815e-05,0.9998670551407759,4.829329798460571e-06,2
4.5136172713178174e-05,9.061362393194144e-05,0.9998626643191009,1.5858838548518606e-06,2
1.871041377690197e-05,6.546194564545574e-05,0.9999103536741647,5.473967304556742e-06,2
1.3261296283302335e-05,6.354047570499699e-05,0.999907549455301,1.5648772404729335e-05,2
7.646595238674591e-06,9.976265953165508e-05,0.9998768550772649,1.573566959130975e-05,2
1.4366118840543276e-05,0.00020198052544043843,0.9997672369442127,1.6416411509176215e-05,2
2.3737682521147933e-05,0.0005548321171109231,0.999416978791681,4.451409385077117e-06,2
1.815586921090543e-05,9.042155977230497e-05,0.9998786903441931,1.2732227504203327e-05,2
8.806064436979646e-06,6.117083327590323e-05,0.9999158072361021,1.4215864644578234e-05,2
8.061431312189363e-06,5.1064201395350156e-05,0.9999156302451615,2.524412075119042e-05,2
5.562654588577123e-06,0.0001004509429943343,0.9998645571995848,2.9429203016898684e-05,2
1.6348673939344584e-05,6.690190497724764e-05,0.9999004783034754,1.62711185937277e-05,2
1.2760896865239862e-05,3.39592584434057e-05,0.9999334827303105,1.9797114901197146e-05,2
1.0470433278279874e-05,5.026477570503293e-05,0.9999104899260927,2.877486456192281e-05,2
2.8133569788629937e-05,0.0006761056337967502,0.9992911567171645,4.604077514879109e-06,2
5.858961947283294e-06,0.00010546104834003129,0.9998424809438011,4.619904580501441e-05,2
3.2988657996026e-05,0.00025831146995364176,0.9997026060298512,6.093843743864236e-06,2
0.00015933832496239044,8.327594365458587e-05,0.9997531044257044,4.281306011921548e-06,2
0.0012427027285986964,0.0007620617338983998,0.9979947112592537,5.242784144997565e-07,2
0.00035682945587349663,4.266997305958002e-05,0.999596607037861,3.893534286522078e-06,2
0.0001621492398658825,5.767039013994935e-05,0.9997766477475385,3.532621342128344e-06,2
0.0001565345433313848,3.325044292187554e-05,0.9998048353068185,5.3797053294413004e-06,2
6.738477262258134e-05,3.9795750192976385e-05,0.9998845506088568,8.2688690512919e-06,2
0.0006723552299624732,3.596130494520432e-05,0.9992825573607625,9.126103858288462e-06,2
0.01616615775608176,8.718610085120765e-05,0.9837435755772397,3.0805669103169015e-06,2
0.11053011905177182,0.0001494141919704492,0.8893167324920295,3.7342644523939595e-06,2
0.20856240945722654,0.0008868634214708448,0.7905493956539688,1.3314662445682998e-06,2
0.3062548753754389,0.00042414404258747857,0.6933194932295331,1.4873534557479457e-06,2
0.4753318427244207,0.00017955003646217253,0.5244870982330141,1.5090078293813086e-06,2
0.6370834887193254,0.00018741742382274708,0.3627283524300182,7.414282511375209e-07,2
0.8375750550062516,0.00017219433764521528,0.1622523920242745,3.5863101553442724e-07,0
0.9290128789943984,6.559044026325976e-05,0.07092131811957339,2.1244654070156088e-07,0
0.9656851579331709,7.783681868442298e-05,0.034236941733865975,6.351563980049133e-08,0
0.9838437257030486,5.168817616399412e-05,0.016104568153606266,1.796894736716863e-08,0
0.9949988258313931,3.8922202209604785e-05,0.0049622478493042575,4.1169042379844594e-09,0
0.9980789872500319,9.44893187744345e-06,0.0019115594649583225,4.35487819951924e-09,0
0.9987942697062588,6.635518561701948e-06,0.0011990918069865104,2.9681998419707237e-09,0
0.9985065508592367,1.874852994878517e-05,0.0014746998142668654,7.954043148753733e-10,0
0.9996021147930025,4.009377960906978e-05,0.00035779131558345346,1.1223494290659018e-10,0
0.999893538234968,5.630972865603405e-06,0.00010083021796348409,5.755555633619571e-10,0
0.9997288378128966,6.170515195182603e-05,0.00020944840238909762,8.634553411510002e-09,0
0.9944440420354547,0.005535114157559757,2.084380538139056e-05,9.819690595346315e-16,0
0.9997861829844291,6.917144731885891e-05,0.00014464225746745247,3.309478705223852e-09,0
0.9999545582497869,9.36629798231862e-06,3.607543333057119e-05,2.0687737572916176e-11,0
0.9999793672559825,4.388393115603696e-06,1.624435207357609e-05,3.3196501078443155e-13,0
0.9999990937689759,8.938196787301603e-07,1.2412758744418433e-08,7.41409837526474e-15,0
0.9999987556992448,1.2202988394031846e-06,2.4003018191923868e-08,1.0788089327333234e-15,0
0.9999990313013003,9.417458945059592e-07,2.695213191677948e-08,1.3299177377559133e-15,0
0.9999989551839463,1.0175484058961271e-06,2.7267607660843356e-08,3.0704859940079576e-15,0
0.999992198897832,1.972585965104879e-06,5.828514276284557e-06,1.5147815164171736e-13,0
0.9999870099061517,8.042472363663463e-06,4.947620479987758e-06,7.623393735909058e-14,0
0.9999615160579349,2.3847900432271293e-06,3.6099114529666005e-05,3.652106265222911e-11,0
0.9984034103900424,1.4097852161264309e-05,0.0015824911119585732,6.453137809387324e-10,0
0.9542233817546302,0.000214372109387431,0.0455622246481949,2.1487054842398856e-08,0
0.4642329296458341,0.0003790636945221795,0.5353877293356004,2.773232288072097e-07,2
0.15880873329285838,0.0002263500228332415,0.8409625338618937,2.3828234593398516e-06,2
0.018323517167902023,0.00012909755728280042,0.9815433381217692,4.047154532830661e-06,2
0.002267952988563931,4.78027334627276e-05,0.997679459433627,4.784844655795162e-06,2
0.00021850822905748664,3.619221104844093e-05,0.9997384340995721,6.865460638825304e-06,2
0.0003202784262910839,5.455142853726713e-05,0.9996213066621255,3.863484188562644e-06,2
0.0003270497723894718,6.288883344659213e-05,0.9994856811839812,0.00012438020970897542,2
0.00020041087439925628,0.0006194355010810313,0.9944456577746322,0.004734495849933655,2
4.3794179816972325e-06,0.004023741888644645,0.854228344489153,0.14174353420317407,2
1.5724912579890026e-06,0.006273311701527494,0.5723403396124273,0.4213847761948915,3
5.886007628087756e-07,0.004100220422804571,0.31484069682737753,0.6810584941505231,3
2.1922719749208721e-07,0.003283969228543392,0.1393374640025437,0.8573783475422245,3
7.038672702852264e-08,0.002386153890017196,0.04529622316004164,0.9523175525635652,3
4.78886642056172e-08,0.0013837692729822544,0.025623465112699712,0.972992717724033,3
3.4345940744931314e-08,0.0008780719621460574,0.01610156497333233,0.9830203287201855,3
6.15793774563531e-08,0.0010431843104441586,0.012834149082368252,0.9861226050278451,3
1.0919827254328815e-07,0.004145418532459853,0.008427152096671003,0.9874273201739185,3
5.755077620791214e-09,0.026821603460616718,0.0026605187536058133,0.9705178720299668,3
2.3336797385798514e-11,0.0019765991548501938,3.114968540424755e-05,0.9979922511364872,3
2.3357611375726893e-15,0.00031343073123335264,5.450506862882319e-10,0.999686568723373,3
1.7509191493565705e-16,0.0005280995044897288,5.349724856361184e-10,0.9994718999616521,3
1.3322612738747792e-16,0.0002579726407169756,4.6505485873869065e-10,0.9997420268924644,3
2.0085069094367037e-16,0.00014282487830448407,2.671736762829371e-10,0.9998571748542863,3
1.1439293336015415e-15,0.0005796740831830576,3.3790440431104475e-10,0.9994203255789279,3
1.1132014184299077e-17,0.008469789893961391,2.2856709055043105e-13,0.9915302101073973,3
1.5588705044387305e-17,0.01037111694589264,7.835057967343525e-14,0.9896288830536148,3
3.226592745056693e-17,0.0008941498333883381,8.142674764059007e-15,0.9991058501674258,3
3.673931371682138e-17,0.005544539971217936,3.544089935939319e-14,0.994455460028465,3
2.7967616319804704e-17,0.11730057285503358,1.289577298629723e-13,0.8826994271434687,3
4.7749827596226757e-17,0.029482955399667044,1.684002661915758e-13,0.9705170446017481,3
5.3501746695852225e-18,0.001175611833763336,1.3794250528489464e-14,0.9988243881646508,3
2.270183742190659e-20,0.0003780545412884061,3.7972782536580487e-16,0.9996219454604106,3
2.308371859757753e-20,0.00022326234353586895,8.460844221891393e-16,0.9997767376546552,3
7.753227180661461e-21,0.00028199735593647266,5.795634589354614e-16,0.9997180026422782,3
4.472289276618583e-20,0.00030043869332456355,1.44563067364816e-15,0.9996995613080566,3
6.109621496614838e-21,0.0005650588793228213,1.106677011260758e-18,0.9994349411195178,3
1.1949017242907847e-19,0.008818741119274037,3.9128573531758615e-17,0.9911812588801812,3
6.945501237058435e-20,0.00564863913874253,8.059047014205145e-20,0.9943513608629989,3
9.73273556517657e-22,0.045521912012172525,4.652341736082707e-20,0.954478087988203,3
4.807026253417796e-21,0.011695359936436604,2.4617233197239647e-20,0.9883046400652008,3
1.1322694539056146e-21,0.002697488697773093,7.188848561492606e-21,0.9973025113035517,3
1.019046579932868e-21,0.0012416328266162588,5.218012431057769e-21,0.9987583671740087,3
1.5001085279090108e-24,0.00407673756825836,7.151075689976092e-25,0.995923262433461,3
5.8275893711342746e-24,0.005054194066574692,3.1395499587772032e-24,0.9949458059345175,3
4.732398034020986e-24,0.0015359258456724208,1.0929761439818446e-24,0.9984640741540403,3
5.932813990097336e-25,0.0012647043037003745,6.206793484981861e-25,0.9987352956958232,3
8.857498041718732e-25,0.0009663892040893964,1.0134658307180064e-24,0.9990336107952511,3
6.75200927804431e-24,0.0011116075118576252,2.4726481585115157e-23,0.9988883924864281,3
1.6907344183956748e-23,0.0009879762348699813,9.941840823787001e-22,0.9990120237641605,3
8.911033358982916e-24,0.00046098390307693906,5.667024147420945e-22,0.9995390160969801,3
1.05358740919476e-21,0.00028330053157014175,1.0800131067402603e-17,0.9997166994683467,3
2.5716421781226405e-21,0.0002443040191253813,5.1267505358774376e-17,0.9997556959799301,3
1.6106388619673219e-21,0.00025015049535000037,5.02229147635792e-17,0.9997498495057302,3
1.7466568128860618e-20,0.0002467903703384494,8.831129895493128e-16,0.9997532096282664,3
2.6295282369369673e-21,0.00025641769730029394,2.141160876253776e-17,0.9997435823030577,3
4.327247541511403e-23,0.00046675745737199026,1.0479333636253736e-19,0.9995332425428128,3
1.3864593396213084e-21,0.00032725458860157364,9.421535049251135e-19,0.9996727454101879,3
5.259547698958811e-19,0.0013655767339069652,1.546988397526986e-13,0.9986344232664207,3
2.5163155828681217e-18,0.00021872092974296412,2.51718237376369e-13,0.9997812790711746,3
1.7610430365214187e-19,0.000228833245937147,2.5873766103847257e-14,0.9997711667530584,3
1.1361953902548314e-19,0.0003504286549759869,4.4612396882792394e-14,0.9996495713439102,3
1.941401903174643e-19,0.00021570649157644995,1.7394391557562834e-14,0.9997842935076071,3
2.4703329976893386e-20,0.00032434884058119104,2.4504528156966283e-16,0.9996756511609539,3
2.030360729408333e-20,0.001735863767652694,3.5922610107201e-16,0.9982641362333978,3
4.513477125391214e-18,0.001179789470984506,3.5942586170378413e-13,0.9988202105280506,3
2.165027561719582e-17,0.00042817969494870594,3.770908343681134e-12,0.9995718203025091,3
1.0395571996648629e-15,0.00020348553475472647,3.081541095206552e-09,0.9997965113827076,3
3.822142653003939e-15,0.00024052506577194286,4.361970169353519e-09,0.9997594705736416,3
1.7036660873833096e-15,0.001263382255375327,1.0551407569441735e-08,0.9987366071934826,3
1.583349093903427e-15,0.00026115254142678514,2.988765919168072e-09,0.9997388444690763,3
6.667161975810128e-16,0.00013630766354897052,1.7736761886431153e-09,0.9998636905616294,3
9.879252120138168e-15,0.0004477075064062271,6.141321923314129e-09,0.9995522863519787,3
4.938102482376695e-16,0.007687031737276764,8.684285004150155e-09,0.9923129595800302,3
4.654690328195379e-15,0.00035281023956161827,7.840559931321796e-10,0.9996471889747184,3
2.133324017472679e-15,0.00023783010314341898,1.4580033137974141e-09,0.9997621684390083,3
2.276838692621558e-13,0.0009250736655981574,1.97593124038899e-07,0.9990747287404431,3
2.760086052051791e-12,0.002821156475463054,9.649184579962418e-07,0.9971778786033867,3
1.3476592934458992e-14,0.0024497782069066503,1.0046108493292514e-09,0.9975502207897534,3
2.9618085425024613e-13,0.0007261300553594391,7.605139272767005e-09,0.9992738623381187,3
1.1562756560061608e-14,0.010865143117397608,8.705371203725024e-08,0.9891347698300598,3
3.879870502480062e-13,0.0006313033039034944,1.365023679011773e-07,0.9993685601920177,3
4.5727602032402746e-14,0.0002754379997909751,1.3361761335989464e-07,0.9997244283840441,3
2.8896585134486457e-14,0.00030716217098605375,1.7915308325153668e-07,0.9996926586753546,3
3.094730940562751e-13,0.0003512817694263054,1.9407522342605485e-06,0.9996467774790946,3
3.895328493278567e-13,0.0004439885590692563,2.307073242043719e-06,0.9995537043658622,3
3.645547217545722e-12,0.0002988110690002069,7.854791295591336e-06,0.9996933341351742,3
6.029244291600906e-12,0.0008597737399059734,1.9886919335963658e-05,0.999120339333126,3
2.0414985450535756e-11,0.0005457850162954217,1.5519388529988267e-05,0.9994386955735269,3
9.334710037906426e-12,0.0012590940559145183,3.636718823064271e-05,0.9987045387467369,3
1.5659935312338044e-11,0.000284567858658729,2.559017196936601e-05,0.9996898419525273,3
6.120082776154686e-12,0.0002441998472132125,1.893859590333188e-05,0.9997368615520688,3
2.7103892637930102e-11,0.0003920906227003979,3.918564201511743e-05,0.9995687237092828,3
2.2018639804808656e-12,0.0017925481593687534,1.4277986832566192e-05,0.9981931738521054,3
4.043185510475106e-11,0.00028823105345247645,1.8137349638172695e-05,0.999693631557888,3
1.4480141219284012e-10,0.0006598842950697183,0.00023070494591695499,0.9991094106131507,3
6.998706066764105e-09,0.008908441949953973,0.009513566332932485,0.9815779847202166,3
1.2262735167857377e-07,0.20482877436092092,0.062252639124013055,0.7329184638876011,3
1.747991871878743e-05,0.03558535430303655,0.6986552129211328,0.2657419528564148,2
1.0384371056686703e-05,0.0030097889077157,0.9094241314502818,0.08755569527197078,2
7.648328625203493e-06,0.00029712576935488506,0.9346884933361156,0.06500673256620158,2
6.731196012867336e-06,0.0002493536725935559,0.9380765589587448,0.061667356173530065,2
6.598363932041522e-06,0.0014620262474050033,0.9281869593237889,0.07034441606558282,2
2.5698936740842123e-06,0.003407892320090959,0.8212676580674659,0.17532187971699423,2
9.151713243041234e-08,0.00857447186771418,0.12704239211199791,0.8643830445021575,3
9.621701618029721e-09,0.0019474629960693178,0.017460266941798867,0.9805922604415509,3
1.0027991439245698e-09,0.0005201320926233484,0.0016141670286790694,0.9978656998764447,3
1.0445475307225645e-10,0.00028670942998402317,0.00015584178548795242,0.9995574486805449,3
5.192757804144405e-11,0.00034806232065365787,3.82741766438858e-05,0.9996136634503772,3
1.5680212875996146e-12,0.001702783513275355,1.4663984338441428e-05,0.9982825525012536,3
2.4591573069798577e-12,0.00024339951841064738,5.293213734690217e-06,0.9997513072657763,3
7.756127306836078e-14,0.00022112541354028112,1.533715304743234e-06,0.9997773408716407,3
1.6465516098346116e-14,0.00016096609092746924,3.814004986443052e-07,0.9998386525088243,3
8.900904708583214e-16,0.0001332934976712071,1.2572480250098228e-08,0.999866693930297,3
3.302593528162056e-15,0.00020276983709239117,6.945993059286254e-08,0.999797160702739,3
1.8428804947568506e-15,0.00017056332828183958,3.57642281938346e-08,0.9998294009073478,3
1.3518824916068607e-14,0.0001505561886562755,1.0038691923801447e-07,0.9998493434243602,3
1.0042576327516249e-13,0.0005000890733912672,1.9915421241644744e-07,0.9994997117713538,3
5.374143309291924e-13,0.0035466959484284776,1.4175606599179937e-06,0.996451886489615,3
4.38518391754648e-12,0.0006426895632421951,9.343437325000882e-07,0.9993563760900237,3
6.383893095540367e-14,0.0009815788976257447,4.5953676465628273e-07,0.9990179615666301,3
1.042064537646527e-13,0.0002019108366480955,3.720482365724914e-08,0.9997980519580931,3
8.926833446423066e-14,0.001794631084423222,1.9604164771087435e-07,0.9982051728727485,3
4.455927553829436e-12,0.0010247353844343539,2.1122672570186426e-06,0.998973152342402,3
2.5695592471791333e-12,0.0012303686183572238,3.076423510234386e-06,0.9987665549557001,3
7.267478541155048e-13,0.0007963304398135029,2.4270745587144887e-06,0.9992012424832489,3
5.2546043478708445e-14,0.00020948072164540636,2.53914554015952e-07,0.9997902653652816,3
1.0852632129837743e-14,0.0001713492932315543,1.5105775630119816e-07,0.9998284996504211,3
1.0843792875776628e-14,0.00025032562505633696,2.1180903588169013e-08,0.9997496531949629,3
4.408438642618861e-15,0.001857072609406843,2.1056034845971593e-08,0.998142906336188,3
1.3143920977867307e-13,0.0007565806756635987,1.3581834417818864e-07,0.9992432835060692,3
5.817868163908201e-14,0.00024652142060174834,1.3785826074338553e-07,0.9997533407195851,3
2.2115207931960936e-14,0.0003570410033732286,2.2436917967824742e-07,0.999642734625696,3
4.490164859036317e-14,0.00032066693997737756,3.246753579435563e-07,0.999679008382877,3
6.351740716305232e-14,0.00028777241066517135,4.224855185698558e-07,0.9997118051046139,3
2.9533884927132903e-13,0.00042393939125630835,1.4682797887497717e-06,0.9995745923283376,3
4.0366790597277084e-11,0.00035932921910922065,5.3956774722831876e-05,0.999586713965175,3
5.78915587002789e-11,0.0013125073295843542,8.785665176336822e-05,0.9985996359622431,3
7.851086820328616e-11,0.0012814907062873543,8.840551928325137e-05,0.9986301036948682,3
6.175460764405908e-11,0.0003735829190701972,3.3780639734752286e-05,0.9995926363790909,3
3.225211067901097e-10,0.0005384884271523366,0.00017081662039126048,0.9992906946288418,3
3.0633103629264957e-09,0.005677129581940943,0.00044025318115173764,0.9938826141739794,3
2.909340180302647e-09,0.010520232708437114,9.36604409429598e-05,0.9893861039407753,3
1.5504858747072356e-09,0.03326889785347021,0.00024695948788398044,0.966484141109271,3
1.0290266125450053e-09,0.010368359176406316,9.199127920728943e-05,0.9895396485138689,3
1.2423524000809344e-10,0.002727167416149626,2.0172140396139094e-05,0.9972526603197088,3
4.1556727003772726e-11,0.0017914387192193583,8.836668319304837e-06,0.9981997245698147,3
1.6770670293058785e-11,0.00139121089161765,9.540814127916553e-06,0.998599248279069,3
3.177712636480294e-20,0.0006938997659015839,4.315449199873064e-18,0.999306100235324,3
1.0466421181832281e-20,0.003307315129107359,2.4725697353728306e-17,0.9966926848721095,3
4.9337340832416334e-20,0.0003831781550366673,1.3409771034980953e-17,0.9996168218447539,3
1.5187847005440934e-19,0.0010544347186536578,6.712716658327736e-17,0.9989455652816424,3
4.228300843691219e-21,0.01569864080894289,4.20577450043001e-17,0.9843013591914588,3
1.356450186364265e-19,0.0013137300553819637,1.2411770318435314e-17,0.9986862699443344,3
1.1218503798063405e-20,0.0008588869904694436,3.848092818254254e-17,0.9991411130104128,3
1.0838718495018629e-20,0.0005296604091639723,1.5510320717846689e-16,0.9994703395923878,3
6.3019337833967145e-21,0.0002974193121837393,1.7193273641876793e-16,0.9997025806879539,3
2.872334922074631e-20,0.00023169550241319812,1.1761320943183424e-15,0.9997683044975875,3
3.793410866754455e-20,0.00039436183866868916,3.416185517113653e-15,0.9996056381616668,3
1.7338268088845866e-19,0.0004221878499850768,6.384627085801429e-16,0.9995778121496951,3
1.8279010521470305e-19,0.0020453602468931066,5.07970678625788e-16,0.9979546397549215,3
1.5554112073610512e-17,0.0071379102665330586,1.7161141043901425e-15,0.9928620897319961,3
3.215958649199607e-17,0.11212904112819136,3.6453027541142064e-13,0.8878709588713108,3
3.9431739945141705e-16,0.07462703664784635,4.601177003427446e-14,0.9253729633520853,3
1.092318876208632e-16,0.05114229125668407,2.4678604386132934e-14,0.9488577087425161,3
1.0321842790740159e-15,0.01293245804755189,4.649306273523465e-14,0.9870675419518534,3
1.1425553264205392e-11,0.042938335466145956,8.56446067449451e-08,0.9570615788764953,3
1.5958332702418097e-11,0.7650263799994412,4.716732665721412e-07,0.23497314831131932,1
1.2611532142635762e-28,1.0,1.9380448887925663e-29,6.132790573219294e-36,1
1.48996044689845e-11,0.999996682936443,1.1521545872374829e-08,3.30552673204137e-06,1
1.2187583111721809e-10,0.9676888234165616,2.879060578194644e-06,0.03230829740159759,1
1.7040235770915498e-10,0.16921060856399486,2.909817041219072e-05,0.8307602930952152,3
8.34038786124391e-11,0.005384242236318873,6.687779488327264e-06,0.9946090699008825,3
2.490437949637829e-10,0.0007390541747548326,3.514943026098061e-05,0.9992257961468528,3
2.5920975289768112e-09,0.0020718030519513196,0.0012107814614569952,0.9967174128927743,3
1.361827665787107e-08,0.0012817681083275583,0.003964795097799431,0.9947534231748653,3
1.9037683219853876e-08,0.010037416378451229,0.01729293442797324,0.9726696301559439,3
2.5542686599690935e-07,0.021937101947823966,0.10655869927433034,0.8715039433503564,3
7.3057186416181e-07,0.037586578318100396,0.4212921516781351,0.5411205394309098,3
4.503330408520999e-06,0.01270917987586441,0.8617255239881241,0.12556079280429108,2
2.7313942677609425e-06,0.013288436661191085,0.9720486480796865,0.014660183864415652,2
1.1050441404832818e-05,0.0009086633791376116,0.9970580243271627,0.0020222618523211547,2
3.551433794032029e-06,0.00041712488539654525,0.9981868938751455,0.0013924298073709769,2
7.0098202356512955e-06,0.0014354030731471628,0.997985188562551,0.000572398543281215,2
2.5260994933155486e-06,0.0014988815926973344,0.9979470299079847,0.0005515623985731616,2
2.4327600918064118e-06,0.0010944061709316404,0.9980975616515838,0.0008055994184027535,2
3.678481168092931e-06,0.0002048879594486465,0.9990743197484647,0.000717113810986098,2
5.17602104823553e-06,0.00010106591364979553,0.9995055263224842,0.0003882317433758719,2
5.966723060396953e-06,7.535828328931209e-05,0.9997101383408254,0.0002085366515868837,2
5.478818333343224e-06,6.985872142029364e-05,0.9997857061074897,0.00013895635276643453,2
7.850561134392101e-06,5.291757860358083e-05,0.9997962711795046,0.0001429606804224245,2
2.9581117202380576e-06,0.00030928408898259836,0.9992070369989824,0.00048072080100467493,2
5.724257431633798e-06,0.0001725372677306282,0.9995282404038907,0.00029349807050356767,2
6.7975803084035156e-06,0.00012696400544548757,0.9996456487045295,0.00022058971150334093,2
2.8081050768638894e-06,0.00024538254060371846,0.999356930830262,0.0003948785239093096,2
3.0795150647014516e-06,0.0002236382420902217,0.9994975918857671,0.00027569035567575386,2
8.856194990760995e-06,0.00016085879729396238,0.9998016442305101,2.8640778705684855e-05,2
2.5119978185427923e-05,7.656751222738876e-05,0.9998899506558729,8.36185251306104e-06,2
8.47346113579583e-05,0.00015640162422814446,0.9997521895657785,6.674197641376978e-06,2
0.003709076515838983,7.076528689082145e-05,0.9962162905878332,3.86760930284553e-06,2
0.018742241318698113,0.00011011732008642495,0.9811417463528972,5.895009829903426e-06,2
0.18586454425026244,0.0023081504466256867,0.8118260412154388,1.2640894350316403e-06,2
0.7204241830937187,0.001994923402102298,0.27756602968663335,1.4863817636504057e-05,0
0.8957533330105554,0.03144285811862131,0.07279852038892046,5.28848347470967e-06,0
0.8819069287027224,0.06485942578274743,0.05319119378618247,4.245172974079952e-05,0
0.022775032648577664,0.9768112421142757,0.0004137240001849589,1.2376075252150745e-09,1
7.78923276087615e-12,0.999999999992724,5.051279623343595e-16,1.9228549111058923e-28,1
3.934373881125021e-10,0.9999999996070983,3.240373670579644e-15,2.0894773342109485e-27,1
0.8586956979812704,0.14067518161523238,0.0006258503482422966,3.270055153464398e-06,0
0.8993294989569695,0.10066355843133587,6.942567884194833e-06,4.547854050056675e-11,0
0.997641021387523,0.0023396237168574995,1.935406718399946e-05,8.291061580794219e-10,0
0.9999831695092585,1.4481977688252168e-05,2.3484771769862507e-06,3.766681426237307e-11,0
0.9999973044832535,1.6185065058559908e-06,1.077010731555673e-06,2.745017424361957e-13,0
0.9999972586448452,2.452532216212173e-06,2.8882360897823843e-07,8.174096572042161e-15,0
0.9999983164539646,1.398937004628134e-06,2.846093994095109e-07,7.879466748038302e-14,0
0.99998745021238,1.2295665548866583e-05,2.5411365376691285e-07,8.536051903334868e-12,0
0.9967505257040034,0.0032267166981009973,2.2752850370542762e-05,4.748666286298432e-09,0
0.01233042097148208,0.9876688065631719,7.724667148777721e-07,1.5378721822548688e-18,1
0.9694150881399983,0.0249240250738647,0.005657501540385095,3.3852450783902823e-06,0
0.9891684213704703,0.000813841790738137,0.010015758374697063,1.9784647495754747e-06,0
0.9856916188827481,0.00012355792413759416,0.014184787068012635,3.612442457123222e-08,0
0.9742840910625117,5.9048516741791874e-05,0.02565673671326651,1.237086824665233e-07,0
0.9130672643786528,0.0002621653590699702,0.08667035567603214,2.1458494556994607e-07,0
0.3315823908767195,0.0020157501699183044,0.6664016424123886,2.1654212737030443e-07,2
0.006828360486106594,0.0006842007283190046,0.9924744341198,1.300466724880732e-05,2
0.0002195289732829118,0.002517073652853077,0.9972567784420155,6.618931652125443e-06,2
6.671364027976944e-06,0.00019238279785300342,0.9996563839646394,0.00014456187227655963,2
6.40640010022542e-06,0.0010060775824464276,0.9988386232498967,0.000148892767527673,2
1.04183755509676e-05,0.01893286507402069,0.9810255646267656,3.115192509110315e-05,2
8.351002816505472e-06,0.03610415720943705,0.9637907630699127,9.672871612569574e-05,2
2.2777713528112364e-06,0.10872625260939972,0.8912600336978197,1.14359205835673e-05,2
1.1129332950455571e-05,0.01708150834872222,0.9791444877025708,0.0037628746143360146,2
2.9767275578716064e-06,0.008593182808800724,0.9851149002740394,0.006288940190436544,2
8.882916494930741e-06,0.01566852404388544,0.977643339033094,0.0066792540051769265,2
6.086406513779784e-06,0.11500383246098937,0.884978153172991,1.1927959995863146e-05,2
1.8548676662714406e-05,0.007704775096579217,0.9917722968492814,0.000504379378528133,2
3.196268500326324e-06,0.0019085506089539536,0.9975752430784041,0.000513010045324757,2
3.1569414802230178e-06,0.0017313125306183618,0.9981719432247583,9.358730290535792e-05,2
5.6757841350805855e-06,0.00020815235139809532,0.9996477832872758,0.0001383885754336489,2
5.8606445234727385e-06,0.0004614404957748864,0.9994652579282367,6.744092973588052e-05,2
4.117609678206843e-06,0.00028997206814892264,0.9996192971547301,8.661316808559998e-05,2
2.394304531051655e-06,0.0014217718511384653,0.9985536947611703,2.213908269476835e-05,2
6.0940338360752054e-06,0.00017267621785650093,0.9996908330602319,0.00013039668821211335,2
5.234716599321041e-06,0.0005876350371304419,0.999208342794676,0.00019878745201154638,2
9.522387548205453e-06,0.005256290611605229,0.9947089930629308,2.5193937447986372e-05,2
6.742058234841917e-06,0.0001631136547116427,0.9997196155049,0.00011052878262801789,2
4.883786381917128e-06,8.67977404494782e-05,0.9997636000370357,0.0001447184360911376,2
3.7784791631656164e-06,0.00037222769802255494,0.9994427759428399,0.0001812178784822212,2
2.9400445928127173e-06,0.001664379220209157,0.9980533547127719,0.0002793260206540366,2
4.174442028616065e-06,0.00269852628121223,0.9959734519316152,0.0013238473447409777,2
6.465780272613272e-06,0.006535146652425287,0.9751752325746011,0.0182831549925056,2
9.775870607825341e-06,0.045195460964863224,0.9257122560407655,0.029082507122662433,2
8.306809762271029e-06,0.15635970717034928,0.7910488667592729,0.05258311926085536,2
1.0964210465345738e-06,0.45635881431220066,0.5349306683741669,0.008709420893629815,2
5.69096841838859e-06,0.16725481737529047,0.5034575493605182,0.32928194229664914,2
1.605990417372624e-06,0.211881441862943,0.41820390216788317,0.3699130499804374,2
5.759133390348053e-07,0.19007698754321564,0.3007976540767258,0.50912478246673,2
9.733637021035484e-07,0.05091341580711118,0.09718752792138013,0.8518980829095572,3
1.2560581122877695e-07,0.059868194685808354,0.028327665956358456,0.9118040137536491,3
3.7568200118050367e-08,0.03200220357724602,0.0017023507583765432,0.9662954080951747,3
5.744013177184605e-09,0.07573628647393732,0.00011370643391718015,0.9241500013470024,3
2.4785180914409034e-14,0.9999991268490878,1.0362688998284116e-08,8.627891865522488e-07,1
7.859406587079141e-10,0.9999408748571136,5.838957849824728e-06,5.3285400333324944e-05,1
3.867308517741083e-10,0.9965784269182758,8.142271249316571e-06,0.0034134304243824782,1
1.3194827812229357e-07,0.7239268628314098,0.005840766614849664,0.27023223860709905,1
1.718480092738652e-05,0.053408455152590385,0.40426191254851673,0.5423124474963249,2
2.9258650673365307e-06,0.006610105062527877,0.4558403210624746,0.5375466480102662,2
2.333073214953161e-06,0.006214963910703485,0.5132558934371181,0.4805268095792165,2
1.870239381589279e-06,0.005246974959153975,0.5695933770375008,0.42515777776320796,2
1.7066926842691102e-06,0.012282591745268316,0.6996960191508134,0.28801968241175535,2
2.7577993146263173e-06,0.002628799652572223,0.7598733067328015,0.2374951358147567,2
2.1017750333721235e-06,0.004328311609015034,0.8392351665379856,0.1564344200784961,2
5.009942817265199e-06,0.006786089709072609,0.9712396294904756,0.02196927085864095,2
3.077503607050987e-06,0.009752344613523147,0.9875864931720447,0.0026580847094341414,2
6.005420619285989e-06,0.00043104630533411864,0.9984443899337393,0.001118558341301778,2
3.355182222701461e-06,0.0003135072943358577,0.9992302556139295,0.0004528819087980177,2
4.567552095379624e-06,0.00026493702399130225,0.9993643556513847,0.00036613977382034274,2
3.344207242579663e-06,0.0007856680556605573,0.9991304885516594,8.049918490800043e-05,2
4.320830220658385e-06,0.00011500463514501545,0.9997442266314174,0.00013644790257981882,2
1.0801697890173328e-05,7.199557049230027e-05,0.9997888903968138,0.00012831233582434075,2
7.0544343767224555e-06,0.0004339852409425239,0.9987619768431302,0.0007969834830034345,2
8.312462744835401e-06,0.0029794047856014035,0.9819463646683911,0.015065918083480623,2
1.5101717685462941e-06,0.027417844959336635,0.7531432229707897,0.21943742189837334,3
1.4506108601841987e-06,0.016893610983551268,0.574545912336936,0.4085590260671516,3
1.0303963200764783e-06,0.009107703993040032,0.4343587430406258,0.5565325225697633,3
1.13006233485718e-06,0.006572385298009834,0.28539596489862473,0.7080305197428141,3
7.127050417264844e-07,0.012577902621990027,0.15927092385224284,0.8281504608190665,3
1.9221114360499403e-08,0.013912526454861456,0.01016695988554648,0.9759204944391703,3
2.3178671273547424e-08,0.0035295524438717033,0.005080950652654497,0.9913894737244499,3
1.076865547661534e-07,0.010006525468516608,0.0042654000857289655,0.9857279667598774,3
6.13077045959628e-08,0.15561494504787346,0.00234797677676461,0.8420370168675139,3
1.8168780028707996e-08,0.6420745783982368,0.0010629467996456513,0.356862456633345,1
2.0937274331221615e-06,0.7655554715580694,0.01092642369660852,0.22351601101797833,1
1.910491920015758e-06,0.9400598530494131,0.017198152499890866,0.04274008396027111,1
6.632716123289693e-06,0.9399209859539583,0.0271108583546252,0.0329615229751385,1
1.1488290902883181e-06,0.9757515972981594,0.022545492788488396,0.001701761084804194,1
5.199515507942759e-06,0.9136329195974783,0.08529777205538223,0.0010641088332634465,1
3.7788320311175016e-05,0.5111162029573242,0.4681721345629063,0.0206738741587328,2
6.207687475698313e-06,0.5215394222243641,0.4782645299380621,0.00018984015048451993,2
2.2527389696940993e-05,0.41935124713125577,0.579960338867597,0.0006658866122329207,2
1.1821772933534789e-05,0.3645440241207708,0.6352945463967923,0.00014960771073303753,2
1.9280088716874665e-05,0.1079668176115934,0.8911230089366733,0.0008908933644318439,2
1.5640499207804037e-05,0.033695073863627543,0.9643996350082115,0.0018896506287059997,2
1.788377820335076e-06,0.05983963597035958,0.9401092575399754,4.931811129279594e-05,2
9.225698807583965e-06,0.022701880245904915,0.9772292713482198,5.962270623011247e-05,2
4.700262987954645e-06,0.003833840117076432,0.9961034602828291,5.7999336233298824e-05,2
8.477662357680443e-06,0.00020593670969037387,0.9996689618592222,0.00011662376772656201,2
3.483218997784842e-06,0.00021597628146020708,0.999523812031346,0.00025672846982690634,2
2.9049516099931608e-06,0.0009986377255260881,0.9989181825908613,8.027473174041386e-05,2
2.6262416665919122e-06,0.0019638084251828863,0.998022873794681,1.0691537660639936e-05,2
4.687390028668987e-06,0.00025503716559785347,0.9996498247312904,9.045071463067055e-05,2
5.981904377856405e-06,0.0001279600783031626,0.9995180238855587,0.0003480341317538763,2
1.1859032090695902e-05,0.0015924543098267342,0.9974086672003054,0.0009870194591482995,2
0.00016209466588688003,0.06119609188316714,0.9369395610607687,0.001702252391492252,2
2.3614676393004317e-07,0.9979490045044707,0.0020507490656989456,1.0281318445876568e-08,1
1.801695383151409e-07,0.9995070538137494,0.0004927653243757528,6.916201393118792e-10,1
0.0012429973665755239,0.016132011895947977,0.9819179242347352,0.0007070665038253628,2
0.00028203158149471254,0.0031543142100796512,0.9965552804834762,8.373726660722701e-06,2
0.00011775774422979275,0.0007292092046606486,0.9991524075221989,6.25527180992524e-07,2
0.00022407204220944662,8.412038394917021e-05,0.9996843109838239,7.496590616986578e-06,2
0.00029152299070803525,0.0032141265877525292,0.9964940923323709,2.5808857204386054e-07,2
4.5505801057719004e-05,0.0002366218869061371,0.9997139059250898,3.966386919524107e-06,2
4.603831778827097e-05,8.044972430926429e-05,0.9998697273137634,3.7846456090558473e-06,2
6.71284650751404e-05,2.669049445008754e-05,0.9999009646311273,5.21640947248203e-06,2
4.2705306318940365e-05,2.5820242841541848e-05,0.999924007813113,7.466636993724734e-06,2
2.8071611655980045e-05,0.00011716021052485532,0.9998529553850412,1.8127936516398273e-06,2
2.458178099224121e-05,3.735824746595059e-05,0.999930338082749,7.721889144113584e-06,2
2.2907918994400973e-05,0.00036205238486256,0.9996052707362254,9.768960546319546e-06,2
3.582161768539789e-05,0.005476941698534915,0.9944865130266655,7.23657120312417e-07,2
9.923547541304455e-05,0.0005014564183162435,0.9993958957727754,3.41233356631149e-06,2
8.4189997081253e-05,4.0612485510365876e-05,0.9998694634928444,5.734024864380044e-06,2
0.00025137759477254675,0.0002575536284953152,0.9994777526352623,1.3316142584333308e-05,2
0.0009830932008682105,0.010343510948453143,0.9885536152647663,0.00011978058633819964,2
3.337268936896271e-05,0.26807651815470757,0.7318900648703421,4.428718462158468e-08,2
0.0017916298924733327,0.017998640379123302,0.980007416347343,0.00020231338043308876,2
0.005092910906330112,0.01505756392516176,0.9798482028154367,1.322352164228333e-06,2
0.017367596026336588,0.0031551154134433776,0.9794744749404196,2.813621533141562e-06,2
0.04336181341012979,0.00039770480396196284,0.9562347028702792,5.778915781086956e-06,2
0.12090014275001461,0.0031323251347142515,0.8759613380178131,6.194098601023276e-06,2
0.26223461310719814,0.022749268963886793,0.7150156706175153,4.473108955712206e-07,2
0.5153438196370559,0.0023852884088276204,0.48226484002437475,6.051928709821601e-06,0
0.735569161654824,0.010590080887697246,0.2538379035833537,2.8538736589681733e-06,0
0.8992837489359996,0.022647243641823755,0.07806896398268623,4.344126838639588e-08,0
0.9835097277974146,0.005217292014284784,0.011272968292971135,1.1896271551080138e-08,0
0.9967698577264807,0.00013238707179066505,0.0030977422769061323,1.2923239586695129e-08,0
0.9991324708002821,2.1845031938942063e-05,0.0008456827987981055,1.370143657562017e-09,0
0.9996521707759961,1.4363392304681114e-05,0.000333465634806979,1.9748953338026771e-10,0
0.999797844671572,1.174089504647851e-05,0.00019041438809492935,4.404538980284689e-11,0
0.9999107389744104,5.3639949443525394e-06,8.389700692218628e-05,2.539746324274661e-11,0
0.9999245270697942,6.094692879954821e-06,6.9378234145766e-05,4.452302838909097e-12,0
0.9999476192610388,4.862661517518601e-06,4.75180718559368e-05,6.322856464277782e-12,0
0.9999506350939016,3.7904454927402755e-06,4.5574438146722504e-05,2.183976875090614e-11,0
0.9995160797068211,1.8957118706713945e-05,0.0004649631251171985,5.029903886839705e-11,0
0.9997371914336116,2.2125011645390994e-05,0.00024068327199778432,2.8441529193839927e-10,0
0.9996434939973071,3.211146494415845e-05,0.0003243943082766547,2.2814592536331101e-10,0
0.9981262113192194,3.3508413668320727e-05,0.001840269807464915,1.0458752244316069e-08,0
0.9871373641240426,0.0015710465344495467,0.01129157518943773,1.4152275297617222e-08,0
0.9490353219950777,0.011616145187272539,0.039348500204145674,3.261219909644427e-08,0
0.28053109821795874,0.0005793355327570254,0.7188842061977484,5.360050315802714e-06,2
0.05357329721819205,0.00042659434011670257,0.9459992106288294,8.978140123629889e-07,2
0.00919483017847285,0.00010644350664072755,0.9906957725825366,2.953732520290128e-06,2
0.0012177097199767056,0.00039822024489642483,0.9983817668986873,2.3031375262293697e-06,2
0.00017566830242067143,0.0007781027118831701,0.9990457451055281,4.838809555474338e-07,2
0.0001741781404142861,9.603174200854806e-05,0.9997254870174763,4.303098415319679e-06,2
0.00023561317959575168,0.0006189177641580288,0.9991444804104405,9.886453206656146e-07,2
4.66929094901017e-05,7.640088584738479e-05,0.9998682371018757,8.669103060074453e-06,2
4.0924258491531866e-05,0.003012147543974869,0.9969355986826646,1.1329514776499572e-05,2
0.0003091676689627412,0.023383199122312653,0.9761769873030095,0.00013064590604029382,2
0.0001110233256880661,0.3779082037704369,0.6219755654707754,5.207434486002865e-06,2
0.00014147757395009377,0.5464588678920126,0.453399621530696,3.3003532520462206e-08,2
0.010638710750850707,0.02423433620572713,0.9649458543167138,0.0001810987255691705,2
0.017051476095703646,0.0013164211977926123,0.9816181810713964,1.392163430525853e-05,2
0.026908134847753194,0.00011584778581893433,0.9729707931434177,5.2242221020123114e-06,2
0.08319264695365307,0.0005269818260861478,0.9162787307448298,1.6404751931207449e-06,2
0.40059228178807954,0.000533988736006991,0.5988731383396142,5.911357588244756e-07,2
0.95364507907938,0.0008135410121018352,0.04554136840333887,1.1504971322268703e-08,0
0.997909374139455,2.6133249566790314e-05,0.002064491244082432,1.3672419125716972e-09,0
0.999924912280921,3.981269643762222e-06,7.110620882410842e-05,2.388932941676373e-10,0
0.999491009804975,2.096222164347114e-05,0.00048802730597583466,6.667181001261638e-10,0
0.942053603278598,8.057310655528572e-05,0.05786581279410761,1.0819798909348583e-08,0
0.8440645508011722,0.00015849086118002417,0.1557766593732149,2.989653674053426e-07,0
0.6241496266548443,0.0019726893559240334,0.37387740812657305,2.7586219525964806e-07,0
0.2700094537128458,0.0021328884075780563,0.7278545530484098,3.104830057787073e-06,2
0.07266319002499125,0.028648822138157778,0.8986877030881096,2.847472907234028e-07,2
0.009150463586844492,0.038776242338754104,0.9520729076065763,3.8646659475632787e-07,2
0.001919073144576677,0.0013128875548325813,0.9967500758829194,1.79634192276446e-05,2
0.00035325705360217705,0.00016274910047212626,0.999479946778567,4.047066446847242e-06,2
0.00024005911400917768,4.652091165253787e-05,0.9997090057014073,4.414273836152248e-06,2
0.00047293808779108154,7.286539608987395e-05,0.9994518575768614,2.338940764985736e-06,2
0.0015981311155799194,8.00836066593527e-05,0.9983181813637688,3.6039157679762483e-06,2
0.0043885884864821294,0.00011471879873224387,0.9954906541759476,6.038538105571818e-06,2
0.014698059933843802,0.0030657154965188383,0.9822355595189838,6.650491590931012e-07,2
0.017082347477663695,0.00019794850843320806,0.9827147616364089,4.942376516208451e-06,2
0.016689222764661733,0.00013810451287077567,0.9831692999517496,3.3727697135716243e-06,2
0.010566099225602152,8.623065718493305e-05,0.9893453287190548,2.341396631614792e-06,2
0.003997444250303711,9.840817101145192e-05,0.9959011909439919,2.9566348974522792e-06,2
0.002803311709366533,0.00020271347828860713,0.9969928268916644,1.1479202283977908e-06,2
0.0033523205827604903,4.225149202957704e-05,0.9966008255639461,4.602361458867969e-06,2
0.007525895935787873,5.497227312652257e-05,0.992416040656866,3.091135075437552e-06,2
0.029217774836395902,0.00013322883515491633,0.9706437816710264,5.214657398756644e-06,2
0.0950166655859919,0.0029132246083647933,0.9020700475545049,6.225055364884432e-08,2
0.9017211791849213,0.00031918921369041237,0.09795953790097284,9.369923570526535e-08,0
0.9944315517900427,5.781927552405686e-05,0.005510621106550343,7.828684718894399e-09,0
0.9997998123348777,1.7964899835430987e-05,0.00018222272543804238,4.0634982465788776e-11,0
0.9999822026276299,2.359492664977471e-06,1.5437875281810638e-05,4.6570324192523785e-12,0
0.9999874642766297,3.66836205270543e-06,8.867361407222129e-06,7.094091624586139e-13,0
0.9999830404977957,8.725118257127329e-06,8.234382206823609e-06,3.327034305782005e-13,0
0.9999952160001905,4.600282732911572e-06,1.8371660299566578e-07,4.2299341287937353e-14,0
0.9999952800537789,1.7403332829441348e-06,2.9796112973549903e-06,1.323830099604848e-13,0
0.9999885918692132,2.9050504182021786e-06,8.50308069408857e-06,1.8138163738740013e-13,0
0.9999953832918596,4.5488001669890765e-06,6.790872458366607e-08,7.198272529552793e-14,0
0.9999891130984543,1.0881391054454595e-05,5.510649431105595e-09,7.780800838344819e-16,0
0.9999985682635515,1.4263454224451982e-06,5.3894510322709165e-09,4.442292641606207e-15,0
0.9999988093702807,1.1893605735992045e-06,1.2685961571305533e-09,7.619634533518692e-16,0
0.9999984722901746,1.5270772429835622e-06,6.309280918691693e-10,4.201480006130781e-15,0
0.9999873825832051,1.2616972848330639e-05,4.4323076986993086e-10,1.6278136824916343e-16,0
0.9999989234935466,1.0690956739189034e-06,7.412185722114019e-09,2.457213340056317e-14,0
0.9999976293939558,2.365728694594705e-06,4.876575182430642e-09,4.3269971644849023e-16,0
0.9999986143166603,1.1773326111516123e-06,2.08351318433697e-07,1.714054025495787e-13,0
0.9999138517162117,1.7307006801526355e-05,6.884123952326978e-05,3.8518806519410464e-11,0
0.8767463989607927,0.00016496393190382718,0.12308863113996343,5.966815162025425e-09,0
0.7037248654492565,0.0003884229904620973,0.29588612185763413,5.897015383273797e-07,0
0.4566894482724218,0.0011141611259645554,0.5421956850643768,7.055387625948993e-07,0
0.10542090003174574,0.000213389865275703,0.8943627272613348,2.982840889432258e-06,2
0.011458498663521374,0.00021390950515166952,0.9883265127865812,1.0790451528586859e-06,2
0.0025064673610374214,4.987684141026976e-05,0.9974389282810484,4.727516154948691e-06,2
0.0008938123807032019,5.3078938225410804e-05,0.9990488596904658,4.248990415631403e-06,2
0.00020855261268108686,4.156874058549233e-05,0.9997465622774658,3.3163708126547007e-06,2
0.00013333867669692562,2.8030303676313687e-05,0.9998333789593112,5.252061325720509e-06,2
0.00012605382870212536,2.790962663091062e-05,0.999840278711648,5.757832626125162e-06,2
5.73949179476006e-05,3.6475403303485056e-05,0.9998985457996191,7.583877349316801e-06,2
1.5061466580459719e-05,3.662645008356953e-05,0.9999023274585588,4.598462328861126e-05,2
1.5068852041248705e-05,0.00043536036475041496,0.9992799263496952,0.00026964443295395067,2
5.8154996543690497e-05,0.015570877051309794,0.981011383569831,0.0033595843815339616,2
1.0931250845317634e-06,0.5190657730669079,0.48093293997188624,1.9383593203201761e-07,2
3.2577481156439124e-05,0.0830883359831449,0.9109564059145856,0.005922680620586055,2
5.20107876755834e-06,0.022245517750518314,0.9694807154873485,0.008268565681720802,2
1.0685104771770742e-05,0.0066767890724688155,0.9787598378279868,0.014552687993355873,2
2.2595296261490425e-06,0.02222200416432194,0.943922803694455,0.03385293261211049,2
1.1730971911486768e-10,0.01385291673166258,6.908813446332085e-05,0.9860779950180186,3
6.1952822522565575e-12,0.002208470532701701,6.005760481107657e-08,0.99779146940244,3
1.0483400372098497e-10,0.010202226960477727,2.5338393762381025e-06,0.9897952390966944,3
7.500938761255574e-10,0.11848253067462898,2.650900654318393e-05,0.8814909595699009,3
4.242600536462456e-11,0.9398202265581668,2.142668099639717e-06,0.060177630731450486,1
1.9187070841789392e-10,0.689042851101376,3.0191945524849144e-05,0.3109269567613637,1
2.9211359857163536e-11,0.05990611204685143,8.14119839561682e-06,0.9400857467255928,3
7.255891500639338e-13,0.001594028042291762,1.097254338181659e-07,0.9984058622315992,3
2.3217025671690682e-14,0.0003077992558537634,4.801459086518998e-08,0.9996921527299687,3
1.5881213309736372e-15,0.00014400336571399603,9.370701229768095e-09,0.9998559872645708,3
2.6087926220458274e-15,0.00024394743206014913,1.0411925222704647e-08,0.9997560421545824,3
3.760773043498389e-16,0.0008899113871239802,4.074527363618705e-09,0.9991100845375798,3
1.1994815870988719e-14,0.0001995774010473473,7.879364191216011e-09,0.9998004147183054,3
2.3118531731457368e-15,0.0006539334579436601,2.5951547239929084e-08,0.9993460405901015,3
1.0472206441098949e-15,0.00017893211798682577,3.4591569277928956e-09,0.9998210644227121,3
1.7674215389207751e-15,0.0001428220638210245,4.1463854300248356e-09,0.9998571737885108,3
7.81427897308688e-16,0.000868630614161051,8.070596340576755e-09,0.9991313613148702,3
2.9718012994882715e-15,0.0004682127892154706,2.441665428381246e-09,0.9995317847698307,3
1.4442833229496696e-14,0.00040669030908627895,1.597423859176279e-08,0.9995932937161099,3
9.886014844686039e-13,0.001303084511993508,1.758586574166669e-06,0.9986951568988114,3
1.3543906706332923e-11,0.0009857820025923174,1.486382793895071e-05,0.9989993541545555,3
2.4854572364602766e-12,0.0008075012871067703,5.9661618157309986e-06,0.9991865325491145,3
2.830299246536507e-13,0.00031705156486033163,8.361300446650111e-07,0.9996821123040931,3
1.19410240013193e-13,0.0003618119611468986,7.537525965692158e-07,0.9996374342854478,3
2.3724407685150748e-14,0.000272264756795369,1.2790260273918766e-08,0.9997277224534455,3
1.092538043427367e-16,0.002320561934044924,5.202309715055895e-10,0.9976794375475209,3
6.543314328496424e-16,0.00018330838354896917,7.787298554050163e-11,0.9998166915385339,3
1.1921681359213993e-15,0.0005728249247333705,8.402094947983691e-11,0.9994271749923996,3
8.702666136563129e-19,0.017220727727229865,3.326486298538674e-13,0.9827792722724124,3
9.599639952131976e-17,0.0011426696803966676,8.075352844688643e-14,0.9988573303200162,3
4.606961527565718e-20,0.0022028441597008604,2.4134477235426167e-16,0.9977971558387917,3
1.1840532909073568e-20,0.0006076159283592211,4.063560894072223e-18,0.999392384072522,3
2.783298550619581e-20,0.0012712547948675122,4.6609559595296645e-18,0.9987287452057658,3
1.1372124431395323e-18,0.010812484851583128,1.846157197793327e-16,0.9891875151480607,3
1.2711188055944996e-21,0.11055122302501648,2.856133385581689e-22,0.8894487769755938,3
3.6699861997918966e-22,0.768200388094125,2.6643601487498573e-22,0.2317996119042554,1
4.848849546827526e-19,0.7004273997629453,1.0687900749044169e-20,0.29957260023833765,1
3.1579821257368263e-18,0.7812783793645038,2.452150747777394e-19,0.21872162063391232,1
1.4544487583326032e-22,0.9999809229412472,6.872158536446274e-23,1.9077060224841204e-05,1
3.690941100857033e-18,0.9519312186146139,3.9647436607206296e-19,0.04806878138363676,1
3.651275467924765e-15,0.8981167457650229,2.890588616896485e-14,0.10188325423344458,1
2.1082639832181653e-15,0.9280277605264019,1.956182392197167e-14,0.07197223947413968,1
9.873097339262753e-17,0.9999721324010806,2.0859547217909942e-16,2.7867597751406254e-05,1
1.1215478598946522e-15,0.8185765363881988,1.5146354007856863e-12,0.18142346361158035,1
1.9151600190745057e-16,0.0670647858752838,3.5284559100315395e-13,0.9329352141250794,3
2.166550730577189e-14,0.003054581600160467,4.9415983322175814e-11,0.9969454183494331,3
5.453503290204539e-15,0.003907088639616424,1.5665559759045754e-10,0.9960929112045511,3
5.740347996005397e-17,0.003083804886318624,9.41455883899498e-12,0.9969161951030284,3
1.807853110065713e-17,0.0002554503992342211,4.608288411292821e-13,0.9997445496013594,3
2.809693457693308e-19,0.0005725709670209105,2.3603153989377884e-13,0.9994274290324072,3
3.1995890023806715e-16,0.00017979435726568548,3.2818382337936024e-11,0.9998202056099665,3
2.1508634780083272e-16,0.0022634015344966817,5.0156110517413915e-09,0.9977365934511009,3
1.345936095162278e-15,0.00019212655893662838,5.312355711041792e-10,0.9998078729110021,3
1.2533705511979604e-13,0.00025753938428767556,4.045454567149397e-07,0.9997420560688022,3
6.675199923754397e-14,0.0009889321844976577,2.306784381906498e-07,0.999010837138303,3
3.4408958588816195e-13,0.0007266653214481883,2.0953144868083599e-07,0.9992731251465499,3
6.680320513259937e-12,0.001476440677504938,5.376695053934278e-06,0.9985181826215626,3
2.151666207725859e-09,0.0022218756083182737,0.000998230051108574,0.99677989219065,3
2.45604301787452e-08,0.03256930340295007,0.044120177348237234,0.9233104946876755,3
1.1242330686999932e-06,0.015976084225548023,0.1304385562054731,0.8535842353359271,3
9.00806154168009e-07,0.023580380182695315,0.33335145778299885,0.643067261227602,3
2.204435030989208e-06,0.011278927145471993,0.5758062340562924,0.41291263436238396,3
3.955134940253412e-06,0.006231287662135514,0.9283072693729504,0.06545748783029035,2
1.0466881444833499e-05,0.0013298783429184274,0.9894331345288652,0.009226520247618884,2
4.5169176376086205e-06,0.004550435224382671,0.9954038765949386,4.1171261705685595e-05,2
1.4325084714938238e-05,0.0012515634269530311,0.9987334531534863,6.583332385737987e-07,2
4.436760173187655e-05,4.5759292357823674e-05,0.9999026339138332,7.239193701182049e-06,2
4.055753657257867e-05,4.161775364344867e-05,0.9999109219302389,6.902780962039746e-06,2
7.85638737868663e-05,3.0505435902097065e-05,0.9998849860502035,5.944641731660708e-06,2
8.451139422821422e-05,8.569036451791241e-05,0.999826393871496,3.404368405855382e-06,2
2.7453623303322875e-05,3.4968680502293677e-05,0.9999275085475459,1.0069148901158847e-05,2
2.883150803869547e-05,2.7539173742948605e-05,0.9999333774651257,1.0251851492888349e-05,2
5.626484237368445e-05,5.1481454550098066e-05,0.999888355127936,3.898576268292991e-06,2
3.4638604867731954e-05,0.00012060094943016294,0.9998437350457068,1.025399296592453e-06,2
5.2454388392759905e-05,5.211799716520545e-05,0.9998918101695178,3.6174448095653167e-06,2
0.00014014184726337975,3.075011317673439e-05,0.9998248173773391,4.290661489754874e-06,2
7.559780253435915e-05,2.654790081520079e-05,0.9998926324350809,5.221860228596506e-06,2
9.819217010562888e-05,3.189520148848797e-05,0.9998651878671183,4.724762069504806e-06,2
7.541057150976587e-05,6.127870334348017e-05,0.9998585491236958,4.7616028100229725e-06,2
0.00010189981888271548,4.7724585961283075e-05,0.9998464282897814,3.947304573591851e-06,2
0.00021404550393947256,3.620825370326822e-05,0.999744509310126,5.236930951052458e-06,2
0.0006476946246267313,5.105951841444213e-05,0.999298668587064,2.5772715733345064e-06,2
0.0028718046944862514,8.335909371290157e-05,0.9970424103793791,2.4258309842649632e-06,2
0.0044814350538147805,0.00012225550122818947,0.9953930317316636,3.277711798506323e-06,2
0.003467453877810708,0.00020373865661663554,0.996325733092871,3.074371551570323e-06,2
0.0009820309463194155,3.881718544342576e-05,0.9989741607472625,4.991120200570265e-06,2
0.00016763661980199275,4.3298066472889094e-05,0.9997855294269165,3.5358875693006743e-06,2
0.0002493537081191073,4.3633159448972506e-05,0.9997032858752188,3.7272571686204024e-06,2
2.6792708358604755e-05,5.569557766554079e-05,0.9999125355406201,4.976174429102521e-06,2
4.243049021197446e-05,4.4288582592780774e-05,0.9999068141425218,6.4667853801608985e-06,2
5.2492282976129465e-05,0.0001245828635160922,0.999819248437513,3.676414790901569e-06,2
1.9564262079641478e-05,0.00011055453489562547,0.9998637938988869,6.087303258154272e-06,2
2.3057451107969765e-05,5.2007538677954604e-05,0.9999157717542451,9.16325660316118e-06,2
1.2632141327021743e-05,4.188204446867784e-05,0.9999323401505681,1.3145665450280695e-05,2
0.00010272480855408596,5.1416477666200725e-05,0.9998414939087745,4.364805161604737e-06,2
6.811624524425281e-05,0.0004209892553692769,0.9995105802944616,3.142047858623219e-07,2
5.790689430714176e-05,7.006878354024703e-05,0.9998695267999647,2.497522233931219e-06,2
4.612501121785719e-05,3.1850133524479574e-05,0.9999167252031828,5.299650920943149e-06,2
3.9086816802301026e-05,0.00027237457040857994,0.9996862250676469,2.31354438343631e-06,2
4.3429154645286465e-05,4.653112817382637e-05,0.9999037847352369,6.254982251667425e-06,2
1.189289814854352e-05,5.764916967349967e-05,0.9999143047911778,1.61531398933552e-05,2
5.520480575283242e-06,0.00016523404724469811,0.9997923937171056,3.685175675784661e-05,2
5.7873156383743155e-06,0.0001473165418469002,0.9998162733386816,3.0622803063623175e-05,2
6.261462419436924e-06,5.6273609744484404e-05,0.9998765903305326,6.087459565514894e-05,2
4.880160598848755e-06,0.00010586770917899261,0.9998169195434585,7.233258787719454e-05,2
3.9342324122560485e-06,0.00017051748252208034,0.9996699879938572,0.00015556029083119605,2
5.711659268849409e-06,0.00013169626896768796,0.9998144458646674,4.8146205280290294e-05,2
6.900737026018049e-06,0.00015236831825774316,0.9997705906037878,7.014033933777976e-05,2
9.605998119050601e-06,4.4815643915747895e-05,0.9999129765852407,3.2601773553907326e-05,2
2.1272298161502557e-05,0.00032388009641042177,0.9996518729692159,2.9746353737305695e-06,2
4.087123362437942e-05,3.452626599971087e-05,0.9999165982737672,8.004228134636716e-06,2
4.021160618037642e-05,3.044945832453392e-05,0.999923045575826,6.293358887069641e-06,2
0.00017543528636061986,2.6694132936217456e-05,0.9997877678341648,1.0102746278504228e-05,2
0.004510368988343467,6.999637081699893e-05,0.9954152842428946,4.350396232872063e-06,2
0.011814936122008764,5.650412672855991e-05,0.9881254485375767,3.1112133480298703e-06,2
0.028877560757509444,7.597059094920113e-05,0.9710432660604424,3.2025893612884286e-06,2
0.04429235720979252,0.00014592289172344594,0.955558055992006,3.663907704509917e-06,2
0.08526318891958741,0.0003579154581430261,0.9143709481019782,7.947519796310807e-06,2
0.0632790468903442,0.00017129783642882683,0.9365472439717437,2.4113020620912083e-06,2
0.03662304774280619,0.0003185182736602123,0.9630502069169663,8.227066223273182e-06,2
0.0003994101623407044,0.008235926218706115,0.9913646175833256,4.6033900079509634e-08,2
5.857220705842147e-05,0.00012496230422122948,0.9998017657767412,1.4699710876955074e-05,2
1.784942214695942e-05,0.00013875287935172332,0.9998366315650548,6.766134369526183e-06,2
1.0273880502155977e-05,5.99759485080849e-05,0.9999142813900659,1.5468781037102582e-05,2
8.928612883605035e-06,4.929583222342135e-05,0.9999181481647725,2.3627390617579595e-05,2
1.4373947498565746e-05,0.0002982922580425471,0.9996781197575872,9.214038432604086e-06,2
1.3604922438090893e-05,0.00025444211847824237,0.9997256405235087,6.312436642988171e-06,2
1.3298013263972955e-05,0.0005070262377212993,0.999477567686127,2.1080631371281457e-06,2
4.163089688851259e-05,6.424349410904978e-05,0.9998819454544733,1.2180153481187446e-05,2
8.685847840458071e-05,0.0018753739352660305,0.9979817566938862,5.601089175139662e-05,2
0.00022603436595416168,0.07049045898684518,0.929081416231465,0.00020209041592035947,2
5.135966539944084e-07,0.7603641946228908,0.23963527986672828,1.1912658689246853e-08,1
1.9175709338557095e-05,0.5608558163637878,0.4390931084141691,3.189951214400648e-05,1
0.0001063949519247396,0.01895230921072318,0.9805757475137767,0.0003655483226301509,2
4.718725043022759e-05,0.0037882639885311606,0.9961600094247136,4.539337465559805e-06,2
0.0004548895388854588,0.00010448109202685519,0.9994196130541092,2.1016313498481823e-05,2
0.017592361717675083,0.00012525954139551998,0.9822785477430807,3.83099650500838e-06,2
0.11853110516267935,0.0003389154477947605,0.881120393256942,9.586131536814999e-06,2
0.4845909576203522,0.010807789411761545,0.5046011164707433,1.3649665606172687e-07,2
0.9152543046008477,0.0003850513233135694,0.08436061352258313,3.055223523929557e-08,0
0.9958570947948946,3.0163447391836478e-05,0.004112739612798195,2.1461810659568873e-09,0
0.9999722280736236,5.262254026038634e-06,2.250966151434741e-05,1.0226191321394695e-11,0
0.999991799869319,7.21576630320303e-06,9.843637584259833e-07,1.0226773357851198e-13,0
0.9999957711496167,3.718962607378502e-06,5.098878841981502e-07,2.3695004159163075e-14,0
0.9999979433253661,1.4424551113516062e-06,6.14218067139669e-07,5.502642151595911e-14,0
0.9999963556395428,3.457293742453244e-06,1.8706648168273602e-07,6.116259786832226e-15,0
0.9999966401575929,3.352782760797633e-06,7.060337153975953e-09,1.752557762103388e-15,0
0.9999990065521548,9.887014025963685e-07,4.745002294568035e-09,6.758571635836624e-15,0
0.9999963374606291,3.6518189996484583e-06,1.0719998578144891e-08,5.942016746813414e-16,0
0.9999989403883022,1.0441424192302743e-06,1.5470031706821627e-08,4.818740162541521e-15,0
0.999998790121758,1.2042663775879922e-06,5.612405518417232e-09,8.427302233874588e-16,0
0.9999984202162269,1.5796422253242875e-06,1.4306533706006124e-10,2.913008444746083e-16,0
0.9999987363888775,1.263575303463217e-06,3.540478063715321e-11,2.6591002952309864e-16,0
0.999998641586912,1.3583874375548392e-06,2.435816090146938e-11,1.2523234695420244e-16,0
0.9999988285023887,1.1703974888117392e-06,1.099949082915488e-09,3.9953503063453234e-16,0
0.9999985245278338,1.4751918586950062e-06,2.7971488059408405e-10,6.535236352801913e-14,0
0.9997687273983799,0.00022977324310741127,1.4993598240375352e-06,3.535745804490137e-16,0
0.9999924549295399,7.368009853730751e-06,1.770520615532254e-07,7.82796319923956e-12,0
0.9999797754397798,2.0216991764203942e-05,7.569803006351074e-09,6.76756503055961e-16,0
0.9999985630576113,1.4344242303323965e-06,2.5193632081338622e-09,1.1374217109643714e-14,0
0.9999990297806266,9.69276325788592e-07,9.428620739042252e-10,8.069454041029641e-16,0
0.9999984816725076,1.5177446273818157e-06,5.824180078854766e-10,7.087143163299837e-16,0
0.9999979954247548,2.0036032859708456e-06,9.70395747580066e-10,4.687316822516631e-16,0
0.999998857104145,1.1397550823969798e-06,3.1416161456093338e-09,9.347370321985664e-16,0
0.9999983742468003,1.622779733630144e-06,2.974321340592088e-09,2.930630366385722e-16,0
0.9999987371055584,1.2603075108664816e-06,2.5866414335286653e-09,7.198228939589202e-16,0
0.9999990756700479,8.893274066121186e-07,3.500125606752099e-08,3.278771548347695e-15,0
0.9999970234283599,1.963766050449364e-06,1.0128049002009374e-06,3.911355384484412e-14,0
0.9999852253640777,9.714266820230594e-06,5.060369274304284e-06,1.4051014999696094e-14,0
0.9999953317892327,1.694163668894537e-06,2.974046097150396e-06,1.2562704999864183e-12,0
0.9999529466487797,6.1312078143349495e-06,4.092214269533302e-05,3.478003957539434e-13,0
0.9999763671103673,6.180387425766175e-06,1.745249781068914e-05,3.2229651352062394e-12,0
0.9999413730999067,9.081173125616627e-06,4.954572647043824e-05,7.323289335098392e-13,0
0.9999941600497091,1.7384402863781917e-06,4.101510469540208e-06,3.7063967492887023e-13,0
0.999995232643864,1.6683229264033936e-06,3.0990316927579557e-06,1.3493907498000097e-13,0
0.9999872603923221,3.889645499107838e-06,8.849959976440697e-06,8.68287439860273e-13,0
0.9999184187246113,2.5560357829872415e-05,5.6020897388357135e-05,1.9758366266978832e-11,0
0.9964770824860621,3.650619569591698e-05,0.0034864056419849645,5.675307455453947e-09,0
0.8963766906807434,0.0005204029836857274,0.1031028746874866,3.164856895024933e-08,0
0.502761828842151,0.0004225555416267269,0.49681492764262064,6.879739486941594e-07,0
0.10744638438768839,0.0003347427515474156,0.8922171660352542,1.7068243146183506e-06,2
0.01463304025056828,0.00039071263383973345,0.9849742159512882,2.0311629470329996e-06,2
0.00020180949820227466,0.0006183914509717187,0.9991790709398766,7.281100641832924e-07,2
1.2359958893001219e-05,6.508979068020866e-05,0.999900644102423,2.1906148827390265e-05,2
2.0121329552727666e-05,0.000271368866818736,0.9996928103288207,1.5699473271600858e-05,2
3.0336623980753906e-05,0.004649283653667814,0.9953195465897197,8.331331166760197e-07,2
2.2686484709023704e-05,0.00035109650943112653,0.999617165982107,9.051023939683767e-06,2
2.0513415408346337e-05,0.0002405614541177124,0.9997351405658875,3.7845642033578045e-06,2
1.5535314108217202e-05,3.626694830098986e-05,0.9999345830771865,1.3614660842620647e-05,2
2.5139506370998586e-05,2.7941828719852492e-05,0.9999362274865374,1.0691178730482887e-05,2
4.4575905003493145e-05,4.133747278181715e-05,0.9999083703151258,5.716306164376083e-06,2
1.1203812204206803e-05,0.00030125895642791646,0.999685356674924,2.180557463310189e-06,2
5.5068561553812e-06,0.0004615456562677202,0.9995265549430732,6.39254608892029e-06,2
1.5648716613410613e-05,4.2648453131156e-05,0.9999295636586063,1.2139171048265744e-05,2
2.439378498581811e-05,3.178820617374168e-05,0.9999363984169989,7.4195910609751774e-06,2
2.65680679899606e-05,2.970007900767054e-05,0.9999357366782213,7.99517461187545e-06,2
3.2745342230723496e-05,2.8636375702939972e-05,0.999930132474894,8.485807589746407e-06,2
0.0001806565700716394,5.578579566044834e-05,0.9997594159552557,4.141680131859431e-06,2
0.00010046221127954405,3.68811340615946e-05,0.9998575474793149,5.109174961816904e-06,2
7.688786158084584e-05,3.857647978604648e-05,0.9998783105198761,6.2251371340006464e-06,2
9.015731792723103e-05,0.00044922406548900985,0.9994592674102254,1.3512066329067869e-06,2
0.00023901230446386987,7.855312418991767e-05,0.9996787704554531,3.6641166416629976e-06,2
0.0004975532148783177,6.763360363901981e-05,0.9994308690975138,3.9440827007495034e-06,2
0.0018063497718631939,0.00014017840385379397,0.9980500361220451,3.43570297973512e-06,2
0.0021683528601691396,7.311959928586455e-05,0.9977542551859409,4.272353507683816e-06,2
0.0019103273950035696,6.208803657937632e-05,0.9980245075952853,3.0769741561229064e-06,2
0.0017182746448174537,0.0001820262201387701,0.9980970346073177,2.6645259188807134e-06,2
0.0005519317108498597,3.8518496356292425e-05,0.9994057857243608,3.764068589342021e-06,2
8.301370710677732e-05,2.8225903238986628e-05,0.9998830147854207,5.745603831690683e-06,2
9.496057971265635e-05,3.48673232593168e-05,0.9998569269978463,1.3245100594589417e-05,2
0.0038957535067607406,0.00010829936668014371,0.9959914878664918,4.459260787746201e-06,2
0.059242787746886766,0.0005741307056964332,0.9401825128744564,5.686718742973891e-07,2
0.9165573618466357,0.00027222586431744505,0.08317034164597302,7.064410993850421e-08,0
0.9941820417060885,2.8037486924355338e-05,0.005789916008747356,4.797932221833172e-09,0
0.9997590216169276,8.377610780846923e-06,0.0002325986175085836,2.1549943507795647e-09,0
0.999871897695242,9.624022212272107e-05,3.186208256250222e-05,6.043819971289015e-13,0
0.999987379116255,4.322792830730141e-06,8.298083878303115e-06,6.1704555780617745e-12,0
0.9999646986262766,2.838131826794101e-06,3.2463239956797024e-05,2.34559847240552e-12,0
0.9999510688433477,5.6569090798409e-06,4.327424523820756e-05,2.5594532269812864e-12,0
0.9999032673954436,5.137743360418534e-06,9.159479834181807e-05,6.30396896008723e-11,0
0.9977082281916908,3.161656938613086e-05,0.002260154859062003,3.791808432619338e-10,0
0.9855605234606807,7.326733201921413e-05,0.014366180533770296,2.867254768372292e-08,0
0.9703260135092048,0.0015212914878653932,0.02815201625244905,6.78748685769068e-07,0
0.9138249604656165,0.03357508727775765,0.05258874551254127,1.12067433690537e-05,0
0.10376494062492525,0.8961128188737206,0.0001222404626506507,3.9699875100227143e-11,1
0.10622466035091249,0.8936785921208837,9.674750037253715e-05,2.875598300708515e-11,1
0.9511501834376044,0.02566443536062976,0.023158815113749967,2.656608775054965e-05,0
0.9920460372248334,0.007274224452966816,0.0006797379761671758,3.4528439557871717e-10,0
0.9998846374228391,9.68716155925688e-05,1.8490760869511707e-05,2.0062358134493653e-10,0
0.9999786208238948,7.807581083624889e-06,1.3571587185465613e-05,8.18951526143421e-12,0
0.9999919350482361,7.980785887365175e-06,8.416484005829055e-08,7.721375405624488e-13,0
0.9999246515920558,7.530027027454916e-05,4.813760299439414e-08,1.3147059733876562e-15,0
0.999996313795664,2.3956696367624183e-06,1.2905334684728045e-06,5.978903504455544e-13,0
0.9999972108674017,2.3713498598789616e-06,4.177822411310667e-07,2.6863098577243874e-14,0
0.9999937341650219,6.260991635813984e-06,4.84198537358695e-09,1.407203354422163e-15,0
0.9999986002522538,1.393586498678391e-06,6.159796381091044e-09,5.00236104031925e-15,0
0.9999988082206809,1.1815455773509457e-06,1.0234107894723328e-08,1.6911410768963245e-15,0
0.9999980403064104,1.9564771324561923e-06,3.2165375236868547e-09,2.7111851674501966e-16,0
0.9999988612950919,1.1383640899258096e-06,3.3930340181570777e-10,1.1428152729963097e-14,0
0.9999707578445918,2.9242143866021264e-05,1.172385820115844e-11,8.288840490413976e-15,0
0.9997322798247142,0.00026772016600071496,8.58990032490898e-12,8.109338789333768e-17,0
0.9999957816997107,4.2182979140807466e-06,3.469704754513666e-12,6.437966846081007e-15,0
0.9999977902359064,2.209762365947346e-06,1.1610951486971948e-12,7.307999031038385e-16,0
0.9999924665382427,7.5334604437106925e-06,6.806170124042058e-13,4.799952597102623e-16,0
0.999991558113087,8.441888107238835e-06,4.467811215178951e-15,7.0098959230314076e-15,0
0.9997667960729891,0.00023320392548463055,2.3047098691786103e-16,1.2487152938274572e-15,0
0.9999409434216864,5.905657834832961e-05,8.869377780400105e-16,3.9656521334017364e-14,0
0.9999800367432709,1.9963258217027315e-05,1.6395943429920355e-14,3.909999407984927e-15,0
0.999989660539333,1.0339460237662121e-05,5.7059965205317505e-15,1.5070137832738404e-13,0
0.9995339251638503,0.00046607483739193094,1.5712383780202163e-13,2.202156979274066e-14,0
0.9996313973138514,0.00036860268649348027,3.3996309859001654e-14,1.9394963918654536e-15,0
0.999997648304125,2.3516200021765293e-06,7.531957914094297e-11,1.267417068839051e-13,0
0.9999976071586822,2.3928332182640204e-06,8.051847016549038e-12,1.3148336618966972e-16,0
0.9999985073893412,1.49259734840744e-06,1.3869218233975226e-11,3.426318098203978e-16,0
0.9999988942005732,1.1057543535492858e-06,4.645423512783575e-11,2.338054434611111e-16,0
0.9999984725630225,1.5273561646579553e-06,8.214856979114921e-11,2.4808546217222966e-16,0
0.9999989110553105,1.0889043668175738e-06,4.083482832922688e-11,2.0172134407508374e-16,0
0.9999987495146885,1.2497979437157366e-06,6.888330018897871e-10,1.3135032260101693e-15,0
0.9999958381427153,4.161461961046782e-06,3.9367766592649886e-10,7.07862419157342e-16,0
0.9999966382731262,3.360727365998041e-06,1.0009998401089358e-09,9.063966215242344e-16,0
0.9999979314510277,2.0678478377959985e-06,7.01671947503683e-10,4.259161967173648e-14,0
0.999939193738783,6.0806048936499086e-05,2.1215940111937992e-10,2.0185725412740416e-16,0
0.999996067090709,3.932718446879741e-06,1.9188016719442494e-10,7.248611941088829e-13,0
0.9998759368885222,0.00012406256492525852,5.465911656992358e-10,1.8529239964465204e-16,0
0.9999862932338933,1.3695440993576529e-05,1.1326132230072316e-08,5.529726633045134e-14,0
0.9999988429924415,1.022705997627057e-06,1.343009869898521e-07,5.214754463735539e-14,0
0.9999982287970167,1.7702925417502787e-06,9.120228138512318e-10,3.620365964822162e-16,0
0.999998841049763,1.1564484496102296e-06,2.500684924565456e-09,1.945727958678539e-15,0
0.9999971547444607,2.8411855721580286e-06,4.069198615909107e-09,3.350291015230231e-16,0
0.9999985931945848,1.3914467415197002e-06,1.535984580840785e-08,7.255699029525355e-15,0
0.9999962877805737,3.6361475525461837e-06,7.607262479713762e-08,1.023787693463719e-12,0
0.9996174131536193,0.00037604420229684217,6.542643835380832e-06,5.1046169912311335e-14,0
0.9998042383875391,0.00019444440411896504,1.3172039246848673e-06,4.581117936436314e-12,0
0.9999845434570858,1.462140882976554e-05,8.351340778334302e-07,8.619366013807727e-13,0
0.9999795752313234,2.829518728138117e-06,1.7595245182617275e-05,3.491936669203112e-12,0
0.9999918114343589,7.446501996632594e-06,7.420648800878801e-07,7.368051861671035e-14,0
0.9999857697724349,1.0583775581043172e-05,3.646452142306727e-06,1.903760383677036e-13,0
0.999984300221974,2.5274178917278884e-06,1.3172359051012534e-05,1.0795069415667329e-12,0
0.9999773797474527,3.2765037632244465e-06,1.934374597999009e-05,1.0647162474165516e-12,0
0.9999695496969757,9.602550584575892e-06,2.0847751297112635e-05,2.235190220814965e-13,0
0.9999943620655128,4.828694851183626e-06,8.092405717676101e-07,8.693567930762243e-13,0
0.9997619971055135,5.382435439029801e-06,0.00023262045087974948,7.749156120922443e-12,0
0.9999564840191579,7.193843812699351e-06,3.632211827889665e-05,1.934969319683184e-11,0
0.9998919473646911,6.959973742938775e-06,0.00010109264961040055,1.1303575999649423e-11,0
0.9998615440016027,4.284320712905288e-06,0.00013417151528363161,1.6246061859243713e-10,0
0.998463079409692,1.0549312326738896e-05,0.0015263702030087437,1.075277449869334e-09,0
0.9781669375851235,4.906445765985511e-05,0.021783989003775546,8.952850533222597e-09,0
0.9470658770119161,6.813737386476753e-05,0.05286590255188253,8.306179267077679e-08,0
0.9317233614553193,4.866307729265055e-05,0.06822778479020947,1.9067570117492814e-07,0
0.9014450837684073,0.00017160535936551222,0.09838310428468669,2.0658632446180793e-07,0
0.7845984891733552,0.000369257393676915,0.2150316464708012,6.069625668474145e-07,0
0.36351868769257784,0.0002783144784890587,0.6362018731919011,1.1246384747708432e-06,2
0.2855228255837934,0.0001409142234499565,0.7143332051567844,3.0550351895718743e-06,2
0.18787037952127983,0.00015143244194607732,0.8119754703299185,2.7177054888036655e-06,2
0.07470642297364587,0.0001371531213526723,0.9251541628101101,2.261093981394813e-06,2
0.021187723525574298,9.768904124240659e-05,0.9787095726530237,5.0147817697486984e-06,2
0.0005023936011359465,5.0610411689584257e-05,0.9994069743863775,4.0021602074682755e-05,2
1.3916856137487158e-05,0.0001398844493843797,0.9995140145296711,0.0003321841660097973,2
2.2289496829253424e-06,0.0041343467137494325,0.9941089489130595,0.0017544754237152375,2
1.808339964463398e-05,0.0005100722212813285,0.9994068290553354,6.501532285456379e-05,2
9.270668818977874e-06,0.0003643385628362106,0.999620964010716,5.426756345562444e-06,2
6.873591319039974e-06,7.889505252083639e-05,0.9998391760060307,7.505534971730105e-05,2
4.625152734569029e-06,0.00012928929049481905,0.9996726607930391,0.0001934247631120413,2
5.183231434808769e-06,0.0002436718969820305,0.9996238254843387,0.00012731938814309747,2
8.255755468512123e-06,0.0006788368060607879,0.9992258398669505,8.706757255365119e-05,2
3.4719493584783964e-06,0.0004746368357952045,0.9993654576260975,0.0001564335894404866,2
3.5492337284485258e-06,0.00020011836091930537,0.9994245271009211,0.0003718053043495925,2
3.704669096380651e-06,0.0006529976764470719,0.9989208232245844,0.00042247443002760884,2
2.3745328394034127e-06,0.008784054367537568,0.9912128345052107,7.365930600258368e-07,2
9.147215054839543e-05,0.00012119166985646951,0.9997782463779525,9.089802231192086e-06,2
6.157638299519529e-05,2.810291681519101e-05,0.9999043014896394,6.019210840255964e-06,2
4.821369125419943e-05,2.4865267847366062e-05,0.9999203855993858,6.535443181278839e-06,2
3.630225026298814e-05,6.763730251227272e-05,0.9998917892133895,4.271235115730164e-06,2
7.267890344773386e-05,5.120782994805283e-05,0.9998715444891766,4.568775784537962e-06,2
0.0002995961512851119,3.0533739355614296e-05,0.9996638714643715,5.998645023022672e-06,2
0.002246702696128838,5.469818812831193e-05,0.9976943209474111,4.278169586506279e-06,2
0.0029548195106402094,0.00010885783502820003,0.9969347855584606,1.5370970728755642e-06,2
0.003896999529594179,0.00011795348268594517,0.9959811402479023,3.906740325588768e-06,2
0.0035575133921015253,5.693197618475025e-05,0.9963813992989592,4.1553328604414025e-06,2
0.0018892539079010677,8.885761659687414e-05,0.998017198202352,4.690272969144301e-06,2
3.73885998503107e-05,0.00014747694566866597,0.9997941408625968,2.0993592609178282e-05,2
9.685731335694198e-06,5.440090552197752e-05,0.9998801251318706,5.578823281005754e-05,2
1.4766020920554975e-05,0.00024115353832151367,0.9995334275204318,0.00021065291903982707,2
6.442156790000034e-06,0.0001733714390502622,0.9972188851728963,0.0026013012324059798,2
1.3407124720878111e-05,0.0008688934241993426,0.987159669074063,0.0119580303785976,2
7.555733686753766e-07,0.033027506921371005,0.8969291837568719,0.07004255374946283,2
6.158971307074104e-10,0.008227175906496022,0.00032570356017352177,0.9914471199183968,3
2.619428621901882e-16,0.0017690659107341144,8.814822043585405e-12,0.9982309340816292,3
6.422665246943591e-16,0.0006902775671075181,9.113695323762161e-12,0.999309722423259,3
2.564621253558054e-13,0.0048169061889636626,6.503198310657259e-09,0.9951830873082863,3
1.036095589293484e-11,0.08046462901400743,2.1196907778098293e-07,0.9195351590081,3
2.2674491327150423e-17,0.9999930104012111,1.042616944162627e-11,6.989589989861309e-06,1
4.433965499157328e-12,0.031741399595792766,3.2112857822605075e-07,0.9682582792730114,3
9.022733672563098e-14,0.0014932209177475658,2.8728426621019878e-08,0.9985067503550322,3
1.3437026326370593e-14,0.00018209956071721652,3.83458749605716e-08,0.9998178620916713,3
5.471056466858999e-16,0.00014825824591622905,7.916562938698572e-09,0.999851733837565,3
1.961735108310013e-17,0.00014445165445617507,1.5615667262719215e-10,0.9998555481911248,3
4.3823507087585337e-17,0.0001464789808876224,1.9579480655521053e-10,0.9998535208222119,3
2.1092139184974162e-16,0.0002721709695979533,1.0192901800368985e-09,0.9997278280097616,3
6.226056768924796e-16,0.0004608576545065876,2.197123545987172e-09,0.9995391401494224,3
6.459830693729128e-15,0.00023916513486949503,2.1253137319742442e-09,0.9997608327390348,3
6.447227755015203e-14,0.002404657146445718,5.309510882579567e-07,0.997594811902197,3
6.809780120930253e-12,0.0007185633136397205,1.0744503094986058e-05,0.9992706921764826,3
1.6015172241296683e-12,0.0002309256756369889,5.053894083625858e-06,0.9997640204298621,3
2.162517889951422e-12,0.0002915909476689141,6.988017925417107e-06,0.9997014210313492,3
6.946893103695657e-13,0.000889760337605524,7.702747697070893e-07,0.9991094693868798,3
4.14433072584626e-11,0.002890008480792188,2.401151360124885e-06,0.9971075903264316,3
3.750908330384511e-11,0.06665567418442209,4.486778290126371e-06,0.9333398389996098,3
1.3139586681868455e-12,0.637983878713252,4.81677831229967e-07,0.36201563960832966,1
2.47623259812696e-14,0.11363971307707903,1.5129629175366674e-10,0.8863602867721535,3
1.4500439117924303e-15,0.013272265760553232,1.1245804398508377e-11,0.9867277342290279,3
1.2886085263116549e-16,0.0012297970125201437,3.0498812133874168e-12,0.9987702029842552,3
8.007451373244716e-18,0.00029734546084854316,1.5269090663440332e-12,0.9997026545387832,3
1.376635554851979e-18,0.0002656981455780463,1.3688375870585706e-12,0.9997343018523367,3
2.1722593514994504e-18,0.00017136968709680943,3.8993475888880375e-12,0.9998286303078547,3
3.8839400279993355e-19,0.00016532685383104513,4.997624204527384e-13,0.99983467314461,3
1.724128758325573e-19,0.00019624614235105563,5.5476743012471935e-14,0.9998037538564568,3
3.0270407200531055e-21,0.0002863953921442641,2.7097167347996346e-17,0.9997136046084586,3
2.9483137340148317e-22,0.0007581084408767388,2.49117350789166e-18,0.9992418915608698,3
1.489624528121493e-21,0.0003005171117583682,3.273012001272856e-18,0.9996994828895277,3
1.0489880878508312e-20,0.0004176729311384738,6.061744031455256e-16,0.9995823270692081,3
1.4105660169135318e-20,0.0002732636835211224,4.80690685492496e-16,0.9997267363172961,3
6.796029865215035e-19,0.0002296495815501447,3.89368667232724e-13,0.9997703504177238,3
7.246257590121866e-19,0.00020857783040311323,8.873148582944018e-13,0.9997914221678862,3
2.577320398887524e-20,0.00018107161924854254,3.034047720231709e-15,0.999818928382394,3
8.413838554208196e-20,0.00030885027030059083,5.420720956644575e-16,0.9996911497284392,3
7.922749665440537e-21,0.003868865252910305,4.5335834031829284e-18,0.9961311347469427,3
3.92975368206444e-24,0.010628631510024727,1.8898574370028508e-25,0.9893713684885789,3
4.4979120233426466e-26,0.013284904274364935,4.767805380893576e-30,0.9867150957240413,3
2.2991382262685923e-26,0.017854000483324365,2.6727816962086623e-30,0.9821459995174282,3
1.612234732136493e-26,0.015710153324982396,4.7047854616375895e-30,0.9842898466767199,3
1.4353243625366303e-25,0.007211288982098132,5.676060093815611e-29,0.9927887110183827,3
4.444104024075872e-25,0.008248034283152171,4.6207672877313835e-28,0.9917519657151,3
9.263652301919602e-26,0.022012362396956756,1.2334332511645746e-29,0.9779876376026598,3
1.2135865542239023e-24,0.06413808339360401,3.0419967579817844e-28,0.9358619166062132,3
3.529560877247564e-24,0.2262950163194877,1.644467509068724e-27,0.7737049836818471,3
8.393584028858701e-23,0.20831706645227882,5.463286485657e-26,0.7916829335470575,3
1.525450750640637e-20,0.14047760075270727,5.417684326950537e-22,0.8595223992465734,3
1.5337514239138504e-21,0.05979287909895962,2.3419122690376917e-22,0.9402071208996661,3
1.1850565631242837e-18,0.00849476206232095,4.456985833719874e-16,0.9915052379366571,3
5.9694150625075365e-21,0.0007185093874864169,2.7146302468841104e-19,0.9992814906132627,3
4.006192845133284e-20,0.0006599393418070228,1.3149503332345091e-17,0.9993400606572399,3
4.820971704990155e-23,0.0053169800805194884,2.032983740118108e-21,0.9946830199187207,3
3.470377755440689e-21,0.0012192919647077138,1.6723273623539384e-19,0.9987807080360943,3
3.8608441401941326e-23,0.0007586006080223203,5.374669686740154e-21,0.9992413993920788,3
1.6253638750481317e-22,0.0003653905822962967,4.200928215850756e-20,0.9996346094193858,3
1.402357614050527e-22,0.0005698034614864222,1.7130289678717773e-19,0.9994301965383267,3
2.9641278892250464e-21,0.0004046373435035988,5.3947863520782e-19,0.9995953626572068,3
1.126139950951707e-23,0.0028059042384796875,1.8144923180680517e-21,0.9971940957614599,3
9.773788356491074e-22,0.0008699736508624376,4.955561076453356e-21,0.9991300263486219,3
2.0183989385490664e-24,0.00476257965202426,9.942832302263047e-23,0.9952374203474563,3
2.5860014810648183e-22,0.0006916419089315961,8.240179272673381e-21,0.9993083580913705,3
6.394667573003311e-23,0.0005182076109596995,2.0254023303490074e-20,0.9994817923888778,3
1.0161731366258591e-22,0.000449227991989406,3.305164040147487e-20,0.9995507720096994,3
2.731226676149331e-22,0.0006210767296441036,7.54753738521778e-21,0.9993789232690884,3
3.572774313762484e-21,0.004895019371075123,2.415901856077314e-19,0.9951049806286043,3
1.5481897872032237e-21,0.0033298452720786874,8.836087214330479e-20,0.9966701547293896,3
8.798277383860809e-21,0.0009810520193664321,2.0603279510530686e-18,0.9990189479812963,3
1.5968272253730595e-20,0.0006880551648780774,1.2996143128506224e-16,0.9993119448343302,3
6.032122075013521e-22,0.0003282507188589971,4.503004316656443e-19,0.9996717492798322,3
1.4677782082196976e-20,0.000630878293852166,2.2280541911535334e-16,0.9993691217050267,3
3.588914602562301e-20,0.000861089372627308,1.56671383128772e-15,0.9991389106256049,3
5.223924674326137e-21,0.0002288426390544598,7.15334768589717e-17,0.9997711573619467,3
1.519114144673094e-20,0.0001814747289101977,7.941737780656581e-16,0.9998185252728409,3
1.0572505531769574e-19,0.00033689732050753496,1.1933156882004566e-14,0.9996631026799105,3
3.142077439017754e-20,0.0004400076883536335,1.3793149398145313e-15,0.9995599923128582,3
3.330216747246162e-20,0.0003110900723573822,3.0284990625304185e-16,0.9996889099263842,3
1.4013436935508805e-17,0.0008026808486278122,9.002817541322283e-12,0.9991973191421825,3
3.166734058169874e-16,0.00048388510164754664,2.3838367618826055e-10,0.9995161146581523,3
1.1854658442965374e-17,0.0003182879161151613,1.4937685918838487e-11,0.9996817120682381,3
5.069727891080959e-18,0.00017968111758967343,4.740636238546579e-12,0.9998203188762648,3
4.314408594986332e-18,0.00026805677185326655,5.654431378528455e-12,0.9997319432236093,3
1.171583921232823e-17,0.0002758904020124115,1.3425218281780547e-11,0.9997241095849388,3
1.4165040772095266e-17,0.0002597014735340906,2.4973056317869297e-11,0.9997402985033012,3
1.0285823735422724e-17,0.00023926389556854532,3.080230523960822e-11,0.9997607360719639,3
1.441388075738912e-16,0.00016046483132100807,9.631748994381773e-11,0.9998395350714174,3
3.569181738762699e-17,0.0009846201432083027,2.8833405747210856e-10,0.9990153795678868,3
2.1992367663531707e-14,0.00022106588491608466,8.331646027329828e-09,0.9997789257837406,3
2.8076456439636653e-15,0.0012838917721904443,2.5760898537403986e-08,0.9987160824659826,3
4.334677949905059e-14,0.0003663259545642111,1.1862622338509392e-07,0.9996335554207199,3
1.4038634133638826e-15,0.00019098196499575464,7.190584307868696e-09,0.9998090108455635,3
9.865735099212685e-16,0.00020310612213826867,1.2657831832951052e-08,0.999796881220826,3
1.1262343101244523e-14,0.00018319536308842083,1.3304213716532414e-08,0.9998167913318291,3
1.3646906942257953e-15,0.0021425653023467673,1.4868043656967332e-08,0.9978574198313073,3
6.225115591353198e-13,0.00026378709434117634,7.768831929058919e-08,0.999736135217314,3
5.77306681153493e-14,0.0025953433075321607,5.669072685250198e-07,0.997404089785717,3
4.6173533909503473e-11,0.0005443177825457324,6.816479403892929e-06,0.9994488656931685,3
3.6075685379658363e-10,0.005697717431858615,0.0005878468839814526,0.9937144353246706,3
7.993726289934051e-09,0.0025865614176637836,0.0010373797380558154,0.9963760508488982,3
6.59788639357682e-10,0.000960009324919495,0.000834510327054956,0.998205479686681,3
1.8962023614864e-12,0.0002908952737694438,6.4233276225455345e-06,0.9997026813972684,3
1.6654480990604507e-14,0.00019289806827924713,8.923674480591461e-08,0.999807012694687,3
3.52336523984662e-14,0.0003552941611858545,1.5446803808724461e-07,0.9996445513703864,3
3.1783988192094506e-11,0.0004942286637183308,4.316575224065507e-05,0.9994626055508163,3
4.73055286585292e-09,0.0066262457981680605,0.01761815078382762,0.975755598688674,3
2.477636802476295e-07,0.013912703631196871,0.16030340874983612,0.8257836398556508,3
5.179155453589809e-06,0.00689293572679784,0.9190150998182534,0.07408678529959899,2
7.893368413708949e-06,0.000875655536671711,0.9874541005688185,0.011662350525887868,2
9.25899001016534e-06,0.00023140915037893396,0.9972766374356893,0.0024826944231184415,2
0.000351657646957065,0.00039646610727959867,0.9991958236910694,5.6052554845542976e-05,2
0.009013483548751113,0.00015672500737757354,0.9908239340797622,5.857364505210588e-06,2
0.133001944749997,0.00019809051070273194,0.8667970759036526,2.888834669551506e-06,2
0.4156463366533367,0.0003489519678451105,0.5840044384902332,2.728872007306444e-07,2
0.9885486601252469,0.00034275417035519395,0.011108577768371701,7.935701009559078e-09,0
0.9995950851772347,7.287369434526523e-06,0.00039762730541481546,1.4956782317036658e-10,0
0.9999882827719179,1.7706563312016283e-06,9.946570150244021e-06,1.6492708251101521e-12,0
0.9999972167245312,1.503482170763117e-06,1.2797944087076967e-06,2.078736094827519e-14,0
0.9999978961008614,1.404571424355796e-06,6.993263364336493e-07,7.087761826662732e-15,0
0.9999983750253265,1.2076948048113918e-06,4.172787996450784e-07,9.36974490272801e-15,0
0.9999975113309164,1.3906602318356185e-06,1.0980100414842816e-06,1.5972026732101374e-14,0
0.9999961817011491,2.1073257321334563e-06,1.710971582582785e-06,1.8040689769660205e-14,0
0.9999967507554212,1.3639120905372258e-06,1.8853313798963798e-06,5.594380223059747e-14,0
0.9999925353828374,2.1381750700983665e-06,5.326442806042326e-06,1.266167426700455e-13,0
0.999970170826756,3.255374950772637e-06,2.657379838058702e-05,1.3954336776748316e-12,0
0.9999679679459317,1.4186458200699812e-05,1.7845594027839165e-05,5.700382514250478e-13,0
0.99995248194079,3.010917089775542e-06,4.450713413553617e-05,7.37096852352562e-12,0
0.999967541563099,4.8315006730438725e-06,2.7626935006315055e-05,3.5895432845145874e-13,0
0.9999986109660864,1.3586303643153064e-06,3.0403409245349405e-08,1.09095053181753e-14,0
0.9999985887853607,1.4108397284342903e-06,3.739173396335381e-10,1.0476907833696963e-16,0
0.9999990364090177,9.602488214349183e-07,3.34276273567994e-09,7.792932540482722e-16,0
0.9999990591572775,9.375136411538553e-07,3.3274605545801513e-09,5.566050017275015e-16,0
0.999998929368876,1.0131957010797023e-06,5.743639478807229e-08,1.8593150303513418e-15,0
0.9999983435641374,1.65416493676278e-06,2.2724165000602254e-09,4.260504447041586e-16,0
0.9999987637537199,1.2330688328886607e-06,3.1769626481578073e-09,5.803997676878601e-16,0
0.9999988224487991,1.1756018865557215e-06,1.9508948520008266e-09,6.037358033908124e-16,0
0.9999990775035875,9.193997331331056e-07,3.095981251735913e-09,1.3081387994527218e-15,0
0.9999977787399189,2.2119874518254333e-06,9.271998005573926e-09,8.581424711245551e-16,0
0.9999977607828956,2.218841610793633e-06,2.037516459815837e-08,1.4473884355716328e-15,0
0.9999989293070305,1.0254680860269818e-06,4.522354543615245e-08,8.166717763386913e-15,0
0.9999977111027695,2.2503835070157363e-06,3.851461888321192e-08,1.7655966850298418e-15,0
0.9999972537845189,2.644451474314365e-06,1.0176275774347773e-07,2.8617310277099418e-15,0
0.9999990077599625,9.916589298744145e-07,5.804558976890997e-10,1.965699450299548e-15,0
0.9999976508434282,2.3490224184678003e-06,1.325642992178161e-10,1.6415643972770017e-16,0
0.9999982874993405,1.7120882433900185e-06,4.1322955850484306e-10,8.013143720337802e-16,0
0.9999989234971846,1.075656020630598e-06,8.485288812652145e-10,1.7061983686814842e-15,0
0.9999960618374882,3.925580993397961e-06,1.2582004438975582e-08,4.357841815468087e-16,0
0.9999973442717213,2.6557276709009864e-06,2.3703248623474883e-14,2.565076019154715e-16,0
0.9999974122435391,2.587755774798849e-06,4.512674823988392e-14,1.5590167493820135e-16,0
0.9999975431194966,2.456880606307776e-06,6.242652011099311e-14,2.391735114950565e-16,0
0.9999974514972296,2.548501878308637e-06,7.883965031746138e-14,3.142482854570622e-16,0
0.9999969096218141,3.0903793622873995e-06,5.344785696256483e-13,1.2933275849619531e-16,0
0.9999988744536462,1.1250533946910111e-06,4.938534779826388e-10,6.060050561738197e-15,0
0.9999935288497196,6.470084171800176e-06,1.0669384885118416e-09,1.8078339354815895e-16,0
0.9999986921984058,1.3065569725660845e-06,1.2443888982396006e-09,3.1821940395069905e-15,0
0.9999987590207153,1.204678223193239e-06,3.6301511742686855e-08,2.4487667478148544e-15,0
0.9999988095412655,1.1866508866644691e-06,3.806796238896586e-09,1.5515726837370274e-15,0
0.9999981937487915,1.805883494778386e-06,3.663074301818958e-10,5.557101650049903e-16,0
0.999998328397429,1.671599575914551e-06,4.677970134276457e-12,1.5874510791481911e-16,0
0.9999988844035071,1.1155791007570786e-06,1.6880850220191305e-11,3.142609117320385e-16,0
0.9999983430075275,1.6569898358243908e-06,2.458729241317119e-12,3.4142097104087614e-16,0
0.9999964501975478,3.5497663532689716e-06,3.494354304401948e-11,5.605425134502957e-17,0
0.9999988514507324,1.148144931336587e-06,4.030167460786351e-10,2.3680747820573983e-15,0
0.9999974539892388,2.545012261193985e-06,9.993613797717644e-10,5.302210727473962e-16,0
0.9999988050592811,1.1872911977376306e-06,7.647910757118887e-09,6.6393094205207045e-15,0
0.9999955502270363,4.4399546373760576e-06,9.81736062782159e-09,7.872268272316462e-16,0
0.9999977826725652,2.151946788771143e-06,6.538018753433423e-08,7.72609543645796e-15,0
0.999998256321916,1.5013420683883179e-06,2.4233532557213224e-07,6.4341333979178084e-15,0
0.9999989574649567,1.0259998441606509e-06,1.6533524825286483e-08,4.155877051785978e-15,0
0.9999970070284004,2.5420831551313348e-06,4.5088674737546794e-07,2.7796721210592573e-15,0
0.9999979591541794,1.4880436937638795e-06,5.528005637040404e-07,1.1926752753487469e-14,0
0.9999971456677295,1.7246677628958736e-06,1.1296658637219168e-06,2.5178737480572653e-14,0
0.9999860185993994,2.4850978089796866e-06,1.1496302320094499e-05,1.4963519909187222e-13,0
0.9999845188319881,2.2274172168222897e-06,1.3253751024302718e-05,1.328760736822984e-13,0
0.9999969740429459,1.4978040570197664e-06,1.528151980625057e-06,4.5834001486718284e-14,0
0.9999977590330317,1.6644783282996136e-06,5.764869329363102e-07,1.9042107037964806e-13,0
0.9999317918752894,1.7076586670590113e-05,5.113152689092727e-05,1.2660909563584696e-11,0
0.9937734628017612,0.0004226201544845842,0.005803914641718548,2.4013836532769775e-09,0
0.5232081655546988,0.0005173693634014756,0.4762743153274266,1.4975509607395006e-07,2
0.11875827015998071,0.0012107193681460248,0.8800306143778269,3.960944409882454e-07,2
0.030552071380012646,0.00017688016703098797,0.9692690112294231,2.0372220105113773e-06,2
0.010520045092570545,5.482981251184843e-05,0.9894216507881629,3.4743071683928387e-06,2
0.0050639167042776205,6.023511982677645e-05,0.9948712067589821,4.6414178741294245e-06,2
0.00034631695883517987,8.168235753635603e-05,0.9995671090246195,4.89165784833489e-06,2
5.234491666496238e-05,7.906482035063233e-05,0.9998611727500497,7.4175119899125e-06,2
7.4170141896024115e-06,5.6595051185804153e-05,0.9998941753920608,4.181254286045437e-05,2
6.975756387776888e-06,6.357439389275345e-05,0.9998936719164646,3.577793491617855e-05,2
6.2270365673196525e-06,0.0005782530584470383,0.9994118197154958,3.700188303682977e-06,2
8.673438377535271e-06,5.0470816803386995e-05,0.9999049977869542,3.5857958739680066e-05,2
6.80757541927689e-06,0.00012022204174736913,0.9998107742751439,6.219610856370438e-05,2
7.786451426555394e-06,0.00021226533430400416,0.9996606047791085,0.00011934343439158126,2
3.72117296813853e-06,0.00031705448397572917,0.9991396793704242,0.0005395449741242478,2
4.190899936835402e-06,0.00013045394051569358,0.9995458069426709,0.00031954821845672353,2
1.4281272221097465e-05,0.000353927905774761,0.9996106639328327,2.1126890633831118e-05,2
5.032209549596012e-05,0.0010398745448173391,0.9989083015673087,1.5017912232027812e-06,2
0.0008431553599492834,0.00013383132696836674,0.9990091233114207,1.3890001113181073e-05,2
0.019155862322064024,0.004012818771800746,0.9768296199714298,1.6989342574660706e-06,2
0.024336268799757647,0.00577970311635963,0.969882747847981,1.2802366338193988e-06,2
0.019431559189022136,0.0019616428345609117,0.9786053068889794,1.4910883804353218e-06,2
0.0046307459044943634,0.0001129639994566077,0.9952536052598162,2.6848372229535662e-06,2
0.0005716915867537664,0.00011125622115956785,0.9993157600988335,1.2920938894976393e-06,2
5.2770782192866844e-05,6.535464300915838e-05,0.9998782955550527,3.5790210013298183e-06,2
8.474854421008198e-05,0.00017250299007055952,0.9997408486230329,1.8998424634739363e-06,2
0.0001145748164132565,3.945927150726098e-05,0.999812494125745,3.347178482377381e-05,2
4.462282694901044e-05,0.0007543529572543987,0.998486991830224,0.0007140323862684378,2
6.197720809541038e-06,0.0021453143935869124,0.9575004787766485,0.04034800910807719,2
1.4444649537326074e-06,0.007500987352911952,0.7553140468682094,0.2371835213132139,2
2.1018383586999507e-07,0.008874190896827717,0.17635525980340014,0.8147703391145388,3
8.214610496764939e-08,0.003969493735123996,0.048075428245844515,0.9479549958738351,3
6.80446330633804e-09,0.0026556777965825546,0.014297514176205424,0.9830468012238849,3
9.39201627175804e-11,0.00037124796151961545,7.115512213256943e-05,0.999557596822585,3
5.974518951981207e-12,0.0008731763971565919,1.4469190435187139e-05,0.9991123544070306,3
2.682126136940804e-11,0.00036027025952919137,3.165496374087557e-05,0.9996080747510249,3
1.2010905277336621e-11,0.0006663441647639055,3.1833166640091034e-05,0.999301822656116,3
2.5135258596004165e-11,0.000653445072659937,3.969241543446944e-05,0.9993068624849771,3
5.584767286518488e-11,0.00042292347204388425,5.245287209480497e-05,0.9995246235982471,3
1.3700036378982154e-10,0.0009752557588860427,0.0001261630150346997,0.9988985810886096,3
1.3380463374436362e-10,0.001740236988248482,0.00010212158208275666,0.9981576412968373,3
2.2943483921457144e-10,0.0008317151478990062,0.00014881942131867563,0.999019465201552,3
3.371723308151857e-10,0.00043801276416447117,0.00019817175940487,0.9993638151406509,3
4.985229558599025e-10,0.0005425936725245503,0.00019256439000711915,0.9992648414387884,3
1.42741764006207e-09,0.002715962862483959,0.0002305658974482318,0.9970534698137945,3
1.4214725961602857e-10,0.016858724758951792,0.00018354416770579207,0.9829577309314005,3
3.510835657032708e-11,0.002811900774889898,1.5607236245037884e-05,0.9971724919553728,3
3.3545564609094284e-11,0.0005173461212667114,1.4891878977582509e-05,0.9994677619657856,3
2.238477777298951e-11,0.00066513696995104,3.010699453585642e-05,0.9993047560124164,3
6.837897561130048e-11,0.0010710517669717003,5.542920033478893e-05,0.9988735189637934,3
1.21844886877432e-10,0.001880504029361634,0.0001313925849842491,0.9979881032626889,3
4.474429517129068e-11,0.0005828729123479547,8.788164593524478e-05,0.9993292453984864,3
3.5438706598835666e-12,0.000222150272825778,7.581303554057529e-06,0.9997702684183304,3
4.748967796679442e-13,0.000395801856932371,6.494847654300283e-06,0.9995977032938772,3
8.200476031331104e-13,0.0002407932369085248,1.0092115228500193e-06,0.9997581975517628,3
8.736816957289255e-14,0.00150056930446856,1.3304729256612366e-06,0.998498100224297,3
1.2795027811264534e-13,0.0002679227416755227,2.515968890847983e-07,0.9997318256611111,3
7.333023486261243e-14,0.00024154902704325216,9.154015051998697e-07,0.9997575355708427,3
6.683469225735314e-14,0.00025961809962911825,9.280553363523838e-07,0.9997394538461515,3
6.257742098891356e-14,0.00017281926711743622,6.383187378795534e-07,0.9998265424134933,3
4.758684855300506e-14,0.00026102876391264707,7.785176161351217e-07,0.9997381927173776,3
4.833384317131328e-13,0.00025775585880793484,2.9429178622288255e-06,0.9997393012217966,3
2.2581632862490885e-12,0.0005684890622231509,9.59140699896059e-07,0.9994305517954809,3
4.955043408023029e-11,0.008612216618910913,5.008959441262874e-05,0.9913376937372291,3
1.9763368750442257e-09,0.004379370138094197,7.326333271231886e-05,0.995547364553828,3
3.102028624140956e-10,0.010300721593372374,0.00021602437207749367,0.9894832537253104,3
1.2261631931156854e-09,0.0008909604550384614,0.00014578296421510797,0.9989632553551627,3
2.368850421957787e-10,0.00116302160750619,0.00014506235229300307,0.9986919158033317,3
1.5307173573598056e-10,0.0008365653785340679,8.006639104008912e-05,0.9990833680776989,3
3.4190530669876e-11,0.0017641306010104173,3.158360049976584e-05,0.9982042857645592,3
8.903327708212643e-12,0.0014935522819479814,1.7298761192921238e-05,0.9984891489484854,3
1.2899780964332868e-13,0.0003499919290118373,3.888776566285592e-07,0.9996496191920253,3
8.422806540871006e-15,0.00019032108059154166,9.383465155984903e-08,0.999809585085576,3
2.019819253880914e-15,0.00017804822899444291,1.709589275166277e-08,0.9998219346756013,3
6.2337626379513535e-15,0.00032860761181570543,8.895525006317266e-08,0.9996713034319556,3
3.52076423804445e-14,0.00020769788390900237,5.2177334991602134e-08,0.9997922499376694,3
2.6094351578025374e-15,0.0010044685668689727,5.4454248173697406e-08,0.9989954769771034,3
1.6790711188018e-13,0.0001939200709786533,8.615087025216518e-08,0.9998059937776032,3
1.4316458065731805e-12,0.0012922872784790344,4.5205070414412545e-07,0.9987072606697622,3
7.426395852390169e-13,0.015355756430427985,1.754966228322094e-06,0.9846424886026193,3
7.07943647657165e-13,0.0010033991304676422,3.920002550863961e-08,0.9989965616672419,3
3.099872539282431e-14,0.0007984592566551206,3.377679735205326e-08,0.9992015069675563,3
4.623489411114988e-15,0.0004509705695584774,2.4416297769844344e-08,0.9995490050132751,3
2.7040354619484352e-15,0.00018452337072543778,1.9311535036830033e-08,0.9998154573193353,3
1.5622357176255226e-14,0.0001718740146109383,2.9987286509474e-08,0.9998280959986807,3
3.3116235816155745e-16,0.0015174505632312713,7.964355957146289e-09,0.9984825414740321,3
6.995375903438472e-15,0.0002010969606768403,4.621650607636344e-09,0.999798898417904,3
1.7736432886301748e-15,0.0004596658004737607,2.4284898198827514e-08,0.9995403099158007,3
4.4391688623211556e-14,0.0002101706019027032,8.322275490626208e-08,0.9997897461746847,3
2.6193322416680522e-14,0.0008516100080651622,3.255205317004437e-07,0.9991480644715156,3
3.597726475338404e-15,0.0003213858553377892,1.3533689212386619e-08,0.9996786006091585,3
6.062239857750115e-15,0.0001520728096727886,1.729091310791504e-08,0.9998479098993907,3
4.478078242902582e-16,0.0005441533290559636,2.846338151491776e-09,0.9994558438238913,3
9.71852018717792e-16,0.00021725143277973207,1.132284078021791e-09,0.999782747435807,3
4.9040221447528676e-17,0.0003629050704898694,1.0524796646683824e-10,0.999637094825133,3
2.0389324345499396e-16,0.0002371868147226682,5.854769619137187e-10,0.9997628126011279,3
5.299834679945591e-16,0.0002786655211959051,1.0069414153309097e-09,0.9997213334711336,3
6.4192364715450216e-15,0.0007458848973954051,6.73464712190131e-10,0.9992541144294844,3
5.274121582744447e-15,0.016261527766643764,1.841504290758188e-07,0.9837382880833583,3
5.320077346682387e-14,0.0005803932843890592,2.120807673444583e-08,0.9994195855087784,3
6.0929761044258676e-15,0.00015081986935597881,1.7747900669152964e-08,0.9998491623821747,3
1.2355579778965537e-15,0.00030869061740741087,2.86713749686277e-08,0.9996912807097883,3
3.74904691235763e-15,0.0001981167027819004,2.242456701722738e-08,0.9998018608728465,3
1.3703578326038753e-15,0.000239283123136318,1.2955711590430031e-08,0.9997607039199264,3
1.8590007756919563e-15,0.0002288266447107063,2.4728156355496702e-08,0.9997711486255213,3
7.235775201407779e-15,0.0001629138723338608,4.128084190061641e-08,0.9998370448484017,3
3.701931393954483e-14,0.00044105334693357736,1.2603625869034547e-07,0.9995588206179856,3
2.0235250392115977e-14,0.001378351212546941,1.9252810938807904e-07,0.998621456259265,3
3.6765697483163076e-14,0.00026011271962387677,2.9949824778028935e-08,0.999739857331172,3
4.308532771691042e-14,0.0005138912839329048,1.7742753953542121e-07,0.9994859312900464,3
1.0986236248560422e-11,0.000658527197202632,1.541861019052335e-05,0.9993260541823178,3
1.1801804862975988e-10,0.0016664367525329722,0.00013597364258395738,0.9981975894876827,3
2.730641379931131e-09,0.0007883986727226242,0.0009443014107872612,0.998267297184074,3
7.962785559083194e-09,0.0005567550057031962,0.002591574176506913,0.9968516628566114,3
1.41851299866269e-08,0.0006972557728114232,0.0031233947490251694,0.9961793352925045,3
4.9795225144250445e-09,0.005708321236092563,0.003097141322062197,0.9911945324612639,3
3.425513231240132e-09,0.0007937072672676004,0.0017304790306302649,0.9974758102774778,3
1.032116091863028e-09,0.0003979182427092185,0.0007648438872889268,0.998837236839357,3
4.662625931057377e-10,0.0004747379181986602,0.0003385681609176323,0.9991866934532626,3
2.929283904680711e-11,0.0006501903711800416,0.0001131409191407452,0.9992366686819053,3
1.7465722772848998e-12,0.0002514111335218281,3.62706324188539e-06,0.9997449618028106,3
2.1506941985109405e-15,0.00047062078349965257,4.066470192072395e-10,0.9995293788092573,3
6.145575784980474e-16,0.004868017915625238,2.893907755777637e-10,0.9951319817965092,3
3.1025102335042404e-15,0.0015858444681202376,4.337736903012243e-10,0.9984141550981561,3
7.994260530959008e-16,0.00021546249980896654,1.6755972318660098e-10,0.9997845373342158,3
3.1953377307516296e-17,0.0005695831978507257,4.4174303792746554e-11,0.9994304167578979,3
1.4741739448647676e-16,0.0005552250912178024,3.3565671892360525e-10,0.9994447745729144,3
5.306264655635114e-17,0.00014931403193619498,4.955590540024309e-11,0.9998506859172799,3
2.7393619630159724e-16,0.00027812651552597116,2.933556676491391e-10,0.9997218731896149,3
9.096696430812154e-17,0.0010157429050406555,2.6295999696769863e-11,0.9989842570703147,3
2.2564984866798943e-16,0.002364582283054032,3.794709022353441e-11,0.9976354176797875,3
1.0583874329055428e-17,0.00045119585034563233,5.319190575806844e-13,0.9995488041492516,3
4.6441164994972734e-21,0.000342954091606099,1.1122688759631516e-16,0.9996570459076768,3
3.5497942352941755e-21,0.0002623214308956449,1.4035337717769573e-16,0.9997376785692788,3
3.449979029547924e-21,0.00021619909307895192,1.2780900438837186e-16,0.9997838009079866,3
2.0579367388779683e-20,0.0002133102907210846,2.2306177276467856e-16,0.9997866897084816,3
2.0618725613791145e-19,0.0012469046999640714,6.020455318677157e-16,0.9987530953001321,3
1.3949441958337355e-19,0.008540644334485323,9.602779886388122e-15,0.991459355665531,3
1.3029430394896674e-18,0.00042428045912711905,1.1948496562806855e-14,0.9995757195426385,3
3.3999521158031984e-19,0.0001887120318447643,5.325654141443973e-14,0.9998112879698002,3
3.7207457523824628e-19,0.00026317365157754085,3.970893149774419e-13,0.9997368263493381,3
4.153456867372287e-18,0.00016184773877976342,2.250087972246861e-12,0.9998381522584513,3
6.838975816715174e-19,0.0004195058172648074,8.448527920081693e-13,0.9995804941826602,3
5.4015028980365835e-18,0.0002151248672457171,2.5261660809932997e-12,0.9997848751314803,3
1.565020967867106e-18,0.00034281601204848083,2.6744705532960735e-12,0.9996571839870945,3
2.0814174778625705e-17,0.0001935137355666744,2.258044017190628e-12,0.9998064862608536,3
8.067901992356331e-18,0.0016111365795436847,1.3101143792820237e-11,0.9983888634063885,3
1.5504440869790455e-17,0.0005015926362988147,2.509983503783689e-12,0.9994984073620612,3
7.83702723863402e-18,0.00026495548641161806,6.46562614636739e-12,0.9997350445086822,3
8.016433326047893e-18,0.00016982357568684858,1.4023587431480189e-11,0.9998301764105975,3
7.905011999528248e-18,0.00017372205766589096,2.5793963630624358e-11,0.9998262779165104,3
2.4652820476958715e-17,0.00018850569890057156,1.0010706072489636e-10,0.9998114942006563,3
3.3806176994197424e-17,0.00021812130700637355,1.9163620879615444e-10,0.9997818785009531,3
8.18566817091425e-16,0.00018512269757585593,1.0250243015065185e-08,0.9998148670536201,3
6.905844161988841e-16,0.00016234757041435022,5.3206133005086335e-09,0.9998376471087667,3
6.088846626498692e-16,0.0002739284216901849,8.463600700792732e-09,0.9997260631152957,3
2.594467494777967e-16,0.00018685936865998196,1.8647051528010027e-09,0.9998131387676781,3
4.1349309640928987e-16,0.00016727030866445577,1.350578735168398e-09,0.9998327283390408,3
8.083715160055886e-17,0.0004044017456793651,7.304356605284571e-10,0.9995955975246591,3
3.1957539326337705e-19,0.0002034145672276134,2.963220476871753e-14,0.9997965854332495,3
5.705872556471033e-19,0.0004120614335502331,2.562362068026422e-13,0.9995879385671584,3
3.9723919535635216e-19,0.00022344823723605765,7.137454441580182e-14,0.9997765517627256,3
6.777736817104067e-19,0.0002773242434840751,3.4775450221389103e-13,0.9997226757558052,3
1.74168013782951e-18,0.00018425984858116778,5.737844393484768e-13,0.9998157401491277,3
1.0883489167566661e-18,0.00032998954100036423,1.4342321258549772e-12,0.9996700104582366,3
5.6186333202590636e-18,0.00021552453073129824,5.0530195687637056e-12,0.9997844754655315,3
4.3611635485122506e-18,0.00023050260895792122,9.462192106366749e-12,0.9997694973806729,3
7.100199284460288e-18,0.00016442905087749005,1.0214119383777288e-11,0.9998355709406779,3
1.1059050776465982e-17,0.00020827076480244401,9.417811107070471e-12,0.9997917292256835,3
3.658853680832191e-17,0.0007415346615419793,2.5163798185094505e-11,0.9992584653134908,3
2.0751794310136348e-17,0.001138623696636071,2.946950708879032e-14,0.9988613763017118,3
4.79662466366723e-14,0.026960819153692625,2.5838646087276158e-09,0.9730391782618925,3
1.6986516354581526e-13,0.019449310792716105,2.7186418696942785e-09,0.9805506864879261,3
4.861139164021589e-15,0.0017810496956855283,2.2833913412022407e-10,0.9982189500762483,3
2.0668323168630177e-14,0.00031265047474113153,8.289718072672485e-09,0.9996873412354585,3
1.9985585803465397e-16,0.0005212632527698186,1.07537439429458e-09,0.999478735671488,3
3.4307107542024553e-15,0.00020517236144914012,7.287765007418351e-09,0.9997948203519307,3
2.0546882648213603e-15,0.0004036222153394357,3.24937141896197e-08,0.9995963452927235,3
6.430785417043799e-14,0.0001833387621108518,1.9243283657937424e-07,0.9998164688041251,3
1.0539922206985102e-13,0.0005834499509152716,3.8419075772031226e-07,0.9994161658578405,3
7.179225443562521e-14,0.001468720681497834,4.5337559412186433e-07,0.9985308259422586,3
1.1495038592577154e-13,0.0001899179686774091,1.9683404131898283e-07,0.9998098851980957,3
1.9046917561865304e-13,0.0002950233148583891,9.267599384652457e-07,0.9997040499262405,3
4.3524760723768184e-13,0.0008620243007168494,1.1319064289016962e-06,0.9991368437924111,3
3.756622711135763e-13,0.000942539682149451,2.9674419621270477e-07,0.999057163574994,3
6.8063429729605256e-12,0.0011936721688254222,4.7291336378289735e-07,0.998805854912296,3
2.7214067657301172e-12,0.03424337675092016,1.8366500101425974e-06,0.9657547865957778,3
1.8145948517355396e-10,0.014319740557452517,3.598903753201052e-05,0.9856442702226715,3
1.1337661230472505e-10,0.0014584012909013195,1.1227849623925912e-05,0.9985303707478959,3
7.321705215029291e-11,0.0009836979486446407,1.122445492919391e-05,0.9990050775235523,3
1.3067114606670332e-13,0.004996834416263053,1.5525129612238372e-07,0.9950030103329562,3
4.118625836483926e-12,0.0017225941999858623,1.7915174845833503e-06,0.9982756142780527,3
1.6478365555963393e-12,0.00028696943536256895,2.0242659295930025e-06,0.9997110062968225,3
6.499990485502154e-12,0.00040650455295238025,3.373040227579469e-06,0.9995901223992659,3
3.3679365255529802e-12,0.006982856295560514,9.846032327402975e-06,0.9930072976677061,3
3.958904036006168e-12,0.0021881059396616324,2.2007569090193967e-06,0.9978096933008913,3
4.0117421936220726e-13,0.0005200165081233309,4.535646689172429e-07,0.9994795299267476,3
7.662494165004588e-14,0.00035343051836404804,1.6204133439685173e-07,0.9996464074419331,3
7.876222612355041e-14,0.0005507927933580399,1.9804974800275762e-08,0.9994491874005454,3
6.997936604282831e-15,0.00609068723228742,5.0114306925229956e-08,0.993909262654915,3
2.9610680755092594e-14,0.00027184796695156783,6.1981346255382686e-09,0.9997281458353394,3
2.1596512821945046e-15,0.00040586531997950165,1.4591292483208164e-08,0.9995941200890799,3
1.1205239528755795e-14,0.00031835652277539963,2.1767237673782245e-09,0.999681641299343,3
1.8944636522283545e-16,0.005221711692977831,1.6391097958854637e-09,0.9947782866696384,3
4.733926114252244e-15,0.00026916058203860265,4.429832002273495e-10,0.9997308389753644,3
3.8005968278577394e-17,0.0005941756323238019,1.1633480339077602e-10,0.999405824253115,3
6.628446450683042e-16,0.0002124685345455146,1.1228069344309242e-09,0.9997875303427808,3
1.3395392340142396e-15,0.0003372566243884342,2.874949105415869e-09,0.9996627404993635,3
2.58028158478802e-13,0.0007987213675663805,6.797691628560343e-08,0.9992012106545508,3
2.3754411003830595e-11,0.013937657106128766,3.918852498994374e-05,0.9860231543438207,3
5.041100157994309e-07,0.0018084839817097758,0.03892010001590068,0.9592709118927077,3
1.2923901450543328e-07,0.003269633542855485,0.06597402703119795,0.9307562101860587,3
3.3924291366245604e-07,0.0010358013940691096,0.0843409740141477,0.9146228853492209,3
3.7744619305278094e-07,0.0015168643182719454,0.0964925716526637,0.90199018658228,3
5.590452068844729e-07,0.0018370345642082478,0.09988628463846527,0.8982761217535083,3
3.493461536493675e-07,0.0010038391250259638,0.08999716321159007,0.9089986483169875,3
2.2152666467306606e-07,0.001520508202419402,0.0675560077799794,0.9309232624903692,3
2.3710395626787867e-07,0.004780666314992249,0.053711911636359175,0.9415071849460789,3
2.2105283585830277e-07,0.0028592028355639678,0.02742474571319491,0.9697158303990403,3
1.308825441636967e-08,0.012069777095321336,0.0014419006281924393,0.9864883091897948,3
1.6855597954430774e-09,0.021381444344677685,5.371496098022351e-05,0.9785648390086401,3
9.669331680048418e-10,0.035670166833515544,1.250026088277348e-05,0.9643173319386271,3
1.7405505530124191e-07,0.056268208787187225,0.00031030077681373504,0.9434213163819923,3
