regime_prob_0,regime_prob_1,regime_prob_2,regime_prob_3,regime_most_likely
1.0372647525370245e-118,1.0,1.5054959448643497e-200,9.092394833503594e-92,1
8.420485908157105e-05,0.9980043506836519,5.774309462483048e-10,0.0019114438786499573,1
0.002344729231890476,0.995992123548029,2.5975517189253143e-08,0.0016631212433537296,1
0.037455293568239775,0.934004739961622,2.4638073146265757e-07,0.02853972009101555,1
0.27939971412379716,0.35503280349192046,1.9659067061289426e-06,0.36556551647707064,1
0.7446669749369823,0.004038664433119986,0.00013217832386044947,0.2511621823074615,0
0.8578667720008329,0.04044632058438817,2.0425737167742096e-05,0.1016664816767219,0
0.8741456890583473,0.01137973544699473,2.4252250290731165e-06,0.1144721502680746,0
0.9222481037690805,0.01255475249884511,1.0666331257734563e-05,0.06518647740048006,0
0.9484312876887057,0.007570542532653921,1.0507909771629815e-05,0.043987661870072206,0
0.986093327331864,0.0025810375297364114,1.6513664511711247e-05,0.01130912147281769,0
0.9969501249159303,0.0006726595837735215,8.211677015432854e-06,0.002369003822148287,0
0.9997886043265886,0.0001250022115975103,1.8001929395216985e-05,6.839153139018675e-05,0
0.9999080072163348,2.1714243047217236e-05,2.022635204851079e-05,5.005219013965756e-05,0
0.9992277008319262,4.453159937326835e-06,1.1778339828156907e-05,0.000756067669648414,0
0.9997736156430355,1.7294511905613728e-05,1.2559538299333539e-05,0.00019653030561812818,0
0.9999033577249987,4.951568051277084e-05,1.3738443688654208e-05,3.338815031774297e-05,0
0.9998730993082962,4.10949735427222e-05,1.5453250203798536e-05,7.035246969945018e-05,0
0.9998709690459372,7.648829759403477e-06,0.00010462888081124046,1.6753243166826146e-05,0
0.9998032611454047,4.369700572775016e-06,0.00016354764388880238,2.882151149601446e-05,0
0.9995979208302437,3.170872184905814e-06,0.0003661337792187052,3.277451759060981e-05,0
0.9996423047957775,1.4670749400099173e-06,0.0002783300263680689,7.789810202981638e-05,0
0.9998796783471502,5.3695628828603255e-06,8.718923108543327e-05,2.776286012164098e-05,0
0.9998983920233177,6.7443907290703545e-06,3.8291172169810245e-05,5.657241553993137e-05,0
0.9999169327035105,9.049905059425131e-06,5.70625876925521e-05,1.69548044014088e-05,0
0.9998732896304863,6.922210441511776e-06,9.226335523154399e-05,2.752480318687126e-05,0
0.9999207125585796,1.053648692888684e-05,4.667257141224252e-05,2.2078383651598474e-05,0
0.9999154593473516,7.746010868061357e-06,5.0866935789861295e-05,2.5927705800518908e-05,0
0.9999075583420617,1.0294030353676946e-05,5.974153151375135e-05,2.2406095394856147e-05,0
0.9997500609176486,8.188947104032235e-05,1.215476532835021e-05,0.00015589484449675894,0
0.9995321305833221,0.00021669125113732966,6.35547705727234e-06,0.0002448226893000378,0
0.9998468550901993,8.968932713987914e-05,1.6066390421005226e-05,4.7389193251779505e-05,0
0.9998112668844171,0.0001310226996723609,1.0223774369261683e-05,4.74866418544316e-05,0
0.9997743530292463,0.00010261886743958126,9.732361256525597e-06,0.0001132957428530873,0
0.9998209456821517,6.280230669930786e-05,1.1964887377740149e-05,0.00010428712291758666,0
0.9998896505011322,4.565852697156179e-05,1.2199180999518121e-05,5.249179148475239e-05,0
0.9998869427249516,2.208612663063682e-05,1.595210921779898e-05,7.501903738837517e-05,0
0.9999342817595219,1.4283503385131264e-05,2.815234475508977e-05,2.3282391692131493e-05,0
0.9999319127170717,1.2095083823166092e-05,3.0385766610098862e-05,2.560643378229762e-05,0
0.9999314405287723,1.4314775735006483e-05,2.6796421120150943e-05,2.7448275608248773e-05,0
0.9999111740306573,1.1990831486972604e-05,2.0762731398366156e-05,5.6072406546122086e-05,0
0.9999203182766745,1.069463868322388e-05,3.6482592108445466e-05,3.250449317275162e-05,0
0.9996925833705197,2.2987870581291405e-06,0.0002416886457117385,6.342919817112933e-05,0
0.9994179437306246,3.98625996916544e-06,7.701683657539282e-05,0.000501053174085022,0
0.9945528039794923,5.214355941267612e-07,5.525562025060468e-06,0.005441149023683299,0
0.9995651480375258,6.921952752530058e-05,1.778638198915807e-05,0.00034784605476707945,0
0.9993605158824705,0.00042642255522401355,1.6823521575519568e-05,0.00019623803911089053,0
0.9916882902101573,0.007752167198102899,5.799280422839567e-06,0.0005537433096878837,0
0.9911822831464044,0.008042541628849412,6.145607556406812e-06,0.0007690296184492087,0
0.9943116240419468,0.0042349579323844285,7.870027718287637e-06,0.0014455479968894414,0
0.9988339649883168,0.0010738894791839733,1.2662313465735762e-05,7.948321763449246e-05,0
0.9998041658640824,0.00014719443654927775,2.4239814160934196e-05,2.439988359430862e-05,0
0.9998247405348656,8.365262953483444e-05,1.071497350359132e-05,8.089186189969853e-05,0
0.9999060863565544,3.025896687022005e-05,1.3456515429028507e-05,5.019816036265422e-05,0
0.9999015688070072,3.6781964670550695e-05,1.5452853532213898e-05,4.619637587951526e-05,0
0.9998306986957615,3.3109612175527695e-05,8.425140247490904e-06,0.0001277665535636987,0
0.999731673441628,0.00012429720845478617,1.3598441679020954e-05,0.0001304309089958355,0
0.9993008132443094,0.0005746585588620408,1.079016340015259e-05,0.00011373803503710351,0
0.997502848112388,0.0021938557158207865,1.0246181144814658e-05,0.0002930499919188248,0
0.9911997868162132,0.008397620553245217,9.55353997371746e-06,0.0003930390907945234,0
0.9736671428790937,0.024412118800514183,5.120158921361136e-06,0.0019156181627092163,0
0.9725646400145497,0.026829823128098118,6.113129134374945e-06,0.0005994237279144129,0
0.9758935264488019,0.02367596894995045,6.2667287522043846e-06,0.00042423787378442816,0
0.9892633966237548,0.010457426394998444,1.0198022577025291e-05,0.0002689789573649586,0
0.9994301046589894,0.00013195353151866784,0.0001479525462946033,0.0002899892626226336,0
0.9990115532350385,5.892953195976668e-06,0.0009105364254662396,7.201738653030596e-05,0
0.9994249579352366,2.5534702546225744e-06,0.0005063937006373365,6.609489208586127e-05,0
0.9985582626301192,2.9911918560729278e-06,0.0013485394746643562,9.020670361743406e-05,0
0.9933412741059833,3.739349495891899e-06,0.006602624118733055,5.236242604049692e-05,0
0.9851831788152905,5.504023271033158e-06,0.014774673275190905,3.66438858056421e-05,0
0.9544224660268739,5.733723875674111e-06,0.045456513851093956,0.00011528639777541823,0
0.8257675186397035,5.195573210016433e-06,0.17385080208884487,0.00037648369667658295,0
0.0065003658560813405,2.0396702623460234e-08,0.9928283840121463,0.0006712297341624372,2
0.0005646857082886001,4.735851500590377e-09,0.9994291891965682,6.120358259135377e-06,2
0.00019967933397212014,5.102676649672879e-10,0.9997980520308379,2.26812386395242e-06,2
8.131242625560746e-06,2.4256198699089583e-11,0.9999910820767782,7.866580362751094e-07,2
3.461212898683055e-06,8.645238779365933e-13,0.9999961496906964,3.8909448611072094e-07,2
1.4571258875078009e-06,2.6717080762159013e-13,0.9999982451096848,2.9776322674262935e-07,2
2.0529182336489e-06,2.4526284820052334e-13,0.9999968002536013,1.1468280313819364e-06,2
8.196506196054405e-06,1.6898519720013251e-12,0.9999913549300686,4.485609109637346e-07,2
9.964245461899426e-06,1.0396979815846593e-12,0.9999882197410377,1.8160116271269838e-06,2
3.3281142453770214e-06,2.656126595957689e-13,0.9999870811223024,9.590764199263123e-06,2
1.9018918610194982e-06,3.249038428497486e-12,0.999997637062797,4.6104107598242813e-07,2
7.041301118066786e-07,2.112979936699676e-13,0.9999988225361105,4.73332147164029e-07,2
7.388398530638848e-08,5.196449765288236e-14,0.99999952180599,4.0430847133897264e-07,2
1.3864112935996846e-08,1.2723765749894132e-14,0.9999997378872992,2.4824956389765547e-07,2
3.1480670368753944e-08,3.566146046520896e-15,0.9999986290831959,1.3394354476273905e-06,2
3.450863659525399e-10,2.9353661539196475e-14,0.9999986939992029,1.305655572744442e-06,2
1.1303749325236604e-09,3.0812357421308576e-15,0.9999378744741215,6.212439645840787e-05,2
3.0730511477637715e-10,3.432011202422564e-13,0.9999997130399109,2.866517863808588e-07,2
1.509829507996326e-10,8.027507088525225e-16,0.9999994697938333,5.30056789973381e-07,2
1.752961531487099e-10,2.017375231478815e-15,0.9999995985018255,4.013222470553117e-07,2
1.0910149082552965e-10,1.8598081568721413e-15,0.9999994317660617,5.681247280683973e-07,2
2.5495816045630776e-10,2.2969226054847154e-15,0.999999793544724,2.061991042917632e-07,2
4.4317629485080986e-10,1.5547761263338284e-15,0.9999994587380215,5.408194650972286e-07,2
4.702083548535146e-12,5.264649489262944e-16,0.99999975850372,2.4149116859553127e-07,2
8.247857821228955e-14,1.0279981790672381e-16,0.9999991644475665,8.355534828430531e-07,2
1.5695677689155085e-12,2.6797010042340144e-16,0.9999995642939251,4.3570417917040057e-07,2
3.016061600398674e-12,3.892263352791421e-16,0.999999684623667,3.1537171841511585e-07,2
7.782766212211333e-12,3.856004307551474e-16,0.9999993710264039,6.289652838952293e-07,2
2.0704281695693934e-11,6.341850094848816e-16,0.9999996242041358,3.757753098652468e-07,2
2.7579700159969943e-11,6.943684061787361e-16,0.999999693249312,3.0672389035905124e-07,2
1.5516900105167802e-12,7.25848232845481e-17,0.9999992874366209,7.125635791018558e-07,2
3.0961547699964067e-15,1.0188809546662424e-16,0.9999974838278655,2.5161723477945257e-06,2
2.9983102845618283e-16,1.254542222663872e-16,0.999999151630978,8.483698245929173e-07,2
1.2974599018688426e-15,1.3535968989826835e-16,0.9999982645619236,1.7354372340801106e-06,2
3.4725609016627496e-15,9.845694194080494e-17,0.9999835802229616,1.6419777596037534e-05,2
1.657075960591863e-14,1.6556908986724022e-15,0.9999978922591639,2.107742450166831e-06,2
1.9291798832780967e-14,3.737175652128162e-16,0.999999108171721,8.918290284444867e-07,2
7.840786530327776e-16,4.5981869675135727e-17,0.9999921029396182,7.897058695662999e-06,2
1.742675313812425e-14,4.3218024490495647e-16,0.9999990146248218,9.853756318078176e-07,2
4.586880789850174e-14,2.4192062475151496e-16,0.9999992991763702,7.008227180212523e-07,2
8.404595474095471e-13,1.0838073776875355e-16,0.9999987552190321,1.2447806499838168e-06,2
2.1826873347234995e-13,3.6618725643020047e-16,0.9999990978362324,9.021621792300993e-07,2
4.529709078311535e-09,2.4325432101798537e-15,0.9999953060142734,4.6894545317509905e-06,2
4.5316954566787294e-11,1.1963647722020228e-14,0.9999997257619192,2.741930660531544e-07,2
1.9088994094136297e-11,3.9098088527114666e-16,0.9999997774721371,2.2250721862190826e-07,2
5.7595131443775006e-11,8.032490848274832e-16,0.9999995009967614,4.989473908815281e-07,2
5.741483962817503e-11,1.9191903555464596e-15,0.9999979219486468,2.0779948282990604e-06,2
3.8028927911202765e-10,1.3408472065613989e-14,0.9999997447012319,2.549178373578813e-07,2
5.30392529289714e-10,1.3837952529314387e-15,0.9999997488194228,2.5064913703312135e-07,2
1.0504465584487332e-09,1.5951834470881692e-15,0.9999995026956967,4.962532445315862e-07,2
2.8235698074382624e-08,1.6937771567350955e-14,0.9999996158295118,3.559353927522397e-07,2
4.401236272399201e-08,1.4110159515488448e-14,0.9999996775368865,2.784498503307712e-07,2
1.1780090243220262e-07,2.4384819310534107e-14,0.9999996358747675,2.463230927389636e-07,2
6.395464768036683e-06,3.574212607032416e-13,0.9999930854885717,5.190475363459823e-07,2
6.658401385170926e-05,3.4631217850906783e-12,0.9999312962455219,2.119735514803933e-06,2
0.00014950643382670575,4.9527055618478164e-11,0.9998468568543488,3.636663451065257e-06,2
3.258964785816426e-05,5.432002942344153e-11,0.9999667310225931,6.792748293879109e-07,2
2.6909374449969935e-05,8.452923381699648e-12,0.9999723764881342,7.141278833155474e-07,2
1.6253965503399434e-05,1.0371378143303657e-11,0.9999830013501705,7.446725290890652e-07,2
0.001527565463335413,1.2168453000253676e-10,0.9984676548772059,4.779536694051475e-06,2
0.053224155080315146,5.088601172014005e-09,0.946722916370597,5.292345937672389e-05,2
0.2828122553743062,2.018777114588614e-07,0.7171041494134974,8.33933343669909e-05,2
0.5720605040179079,9.55165152694571e-07,0.4278547902787177,8.375053754644852e-05,0
0.8334864943887565,9.146484280353011e-07,0.16603451594533108,0.00047807501568258257,0
0.9437021615071952,4.540721964842051e-06,0.05624580206231434,4.749570957060773e-05,0
0.9780766341344237,1.2952155067841334e-06,0.021651428665792043,0.0002706419830580851,0
0.9919426195346718,0.0001587725482229897,0.007400931288437259,0.0004976766275184681,0
0.982414977463178,0.015588143322185026,0.00018747847818848757,0.0018094007376783198,0
0.9127682267635994,0.08403522732199893,9.336700643274074e-06,0.003187209215311038,0
0.7660592734459959,0.22418156460462152,4.906284324831526e-06,0.00975425566556308,0
0.5087929724031269,0.4794974806272746,2.0632107791598443e-06,0.011707483760591128,0
0.24554215489634762,0.7485394361565718,8.045907327679761e-07,0.005917604355249499,1
0.00860222553442356,0.9766512751179433,7.425590677195835e-09,0.014746491922635442,1
9.576853679937021e-05,0.9985034548816866,9.197716124469282e-11,0.0014007764885627409,1
1.5220688193564345e-06,0.9993771153402017,2.24345954394507e-12,0.0006213625905147884,1
7.04585988355566e-07,0.999492559814442,1.3433713546409957e-12,0.0005067355992434125,1
1.7624884093477026e-06,0.9992713642938822,1.2854380733571633e-12,0.0007268732170422911,1
5.520868794574589e-07,0.9996760462919516,8.487502960626044e-13,0.00032340161905005586,1
2.2722607028463882e-07,0.9995010988505296,1.2399443279248031e-12,0.0004986739230530731,1
6.304116763544152e-05,0.9985469227890148,4.4678195099198884e-10,0.0013900355981910075,1
2.662213693088958e-05,0.9961778229218675,1.287517111667769e-10,0.003795554811487783,1
8.49299705487016e-05,0.9956120915935096,1.6013048642579684e-09,0.004302976835625959,1
4.798296905027341e-05,0.9889703228398491,8.262714991277475e-11,0.010981694106964002,1
1.3457950312120467e-05,0.9987961846040146,4.743386343752283e-11,0.001190357398920145,1
1.177259616876241e-05,0.9995553246943223,1.5385181328495773e-11,0.0004329026931791741,1
1.4306033291286806e-06,0.9995483322436813,1.4299735615296635e-12,0.00045023715210052974,1
1.5018964474330003e-07,0.9995463333301555,3.1788195520111375e-13,0.00045351647880844005,1
1.4532503357398406e-08,0.9994047353991705,5.854426240278248e-14,0.0005952500683830555,1
4.088316583790938e-07,0.9993542367197127,1.1964900175501267e-11,0.0006453544366352027,1
1.0588853219208152e-06,0.9867290558405892,2.4403595928766284e-12,0.01326988527290636,1
5.4169074798738386e-05,0.9989269549007181,1.7787871378297913e-09,0.0010188742452477218,1
7.022632876223918e-05,0.9958053629684347,4.2579437901077254e-10,0.00412441027612563,1
4.978431060997304e-05,0.9957075430155216,1.202341684475251e-10,0.004242672554002466,1
2.397964084264335e-05,0.9994191349049414,1.4120922128916048e-10,0.0005568853121671564,1
1.187241754726831e-06,0.9984893338636497,8.919535948155829e-12,0.0015094788858143824,1
2.531620796195095e-06,0.996630526046681,4.024694888374243e-12,0.003366942330293791,1
2.456138613455129e-06,0.9993267116421445,1.5064571631544626e-11,0.0006708322035152646,1
1.0853988224774786e-06,0.9985863079322957,1.4098897600065806e-12,0.0014126066665015589,1
1.9005567213369735e-06,0.9995709366343907,7.53314249874935e-12,0.0004271627996018652,1
1.5369110034991509e-06,0.9987754949001145,1.1262366911247333e-12,0.0012229681880115348,1
8.946820179104106e-07,0.999720449150753,1.1813419820661038e-12,0.0002786561643559457,1
1.265085260133693e-06,0.999619692041621,2.6256121897835833e-12,0.0003790428713318813,1
2.2358982255148396e-06,0.9991064169994573,1.9606754115546e-12,0.0008913471016713153,1
2.262170664265623e-06,0.9995818433184145,5.392626691516978e-12,0.0004158945058044464,1
2.6137321010073395e-06,0.9990332188112134,3.204049522272388e-12,0.0009641674520337784,1
1.2860169675068009e-06,0.99945970300815,3.786934341112465e-12,0.0005390109697028355,1
3.387570689425679e-05,0.9995523462753927,2.895490063348865e-10,0.0004137777282103551,1
0.0024531839049828927,0.9946092410279328,3.060845983172099e-08,0.0029375444582997435,1
0.004861257650093237,0.9681329371798871,6.387068704399762e-08,0.02700574130114543,1
0.004169420531668268,0.9405867574144774,2.7829078605126127e-08,0.05524379422474776,1
0.00253189482053853,0.9929088525050338,1.6300003713143923e-08,0.0045592363759014,1
9.405910738554417e-05,0.9983896071916927,1.4095190307618877e-09,0.0015163322926938815,1
1.073989502474105e-05,0.9887320462933424,1.0799470491585685e-11,0.011257213802228862,1
8.670823391192009e-06,0.9991540130131168,1.1902075806258038e-10,0.0008373160462626676,1
2.324376311623786e-06,0.9981960669499406,1.1260626206094637e-11,0.001801608662967374,1
3.7256754341593847e-06,0.9979652222079821,7.366007496230669e-12,0.0020310521106582657,1
1.4473050500414476e-06,0.9992972303948509,2.5090470357463448e-12,0.0007013222982767212,1
5.6061904018446e-07,0.9994457017028705,8.951328959379274e-13,0.0005537376774990279,1
3.828749101155332e-06,0.9995421069073446,3.56938904035471e-11,0.000454064308983199,1
3.394426567848553e-05,0.9955731228321937,2.1714857199084086e-10,0.004392932684666194,1
0.0008413556265576514,0.9957425355984252,1.2113499513024054e-08,0.003416096663103118,1
0.0056816251844611166,0.9930563029716439,7.608586639956974e-08,0.0012619957565062107,1
0.025841580879205957,0.9707904178793407,2.0964736260005197e-07,0.0033677915945930894,1
0.1096744023384291,0.8840781048232929,1.023269756043748e-06,0.006246469567114185,1
0.47087418887370425,0.5108727348896239,4.533087733886935e-06,0.018248543148979505,1
0.9482257329803356,0.047043050362397,1.6627664745540685e-05,0.0047145889942440036,0
0.9965266388523488,0.0032050456487313825,3.517609374939451e-05,0.00023313940523437082,0
0.9997192788644155,0.00010703181960101389,3.5379407404773127e-05,0.00013830990940216824,0
0.9998673691039446,7.2721925146542095e-06,5.092535242467239e-05,7.443335039117054e-05,0
0.9998723045183908,6.082857915097006e-06,0.00010345165412711419,1.816097034090106e-05,0
0.9998623643617001,2.583653191835683e-06,9.433133108939744e-05,4.0720652297723875e-05,0
0.9998733321094205,4.782110362604315e-06,8.559203482287916e-05,3.6293743879374636e-05,0
0.9998932497885539,3.836941949119179e-06,6.46143892565418e-05,3.829887905458707e-05,0
0.9999064187056903,7.445898009535619e-06,6.752254195199634e-05,1.8612853263340677e-05,0
0.999759966045499,1.3743071291728028e-06,0.0001534366468045356,8.52230006040933e-05,0
0.9998107076727215,6.1312082903726336e-06,9.746291475544328e-05,8.569820544818783e-05,0
0.9998972619752076,6.403189017620479e-06,4.783846029679478e-05,4.849637697876978e-05,0
0.9997717982236899,5.420927325121995e-06,5.3562231397609454e-05,0.00016921861914617672,0
0.9999130288511728,8.887735354197768e-06,5.045882487597794e-05,2.7624587862426745e-05,0
0.999531369936341,3.3634357260265274e-06,2.141627964105342e-05,0.00044385034729757424,0
0.999771183469383,8.24025745899898e-06,2.0599863126165403e-05,0.00019997640864140127,0
0.9999025926995474,1.8046586393187533e-05,2.2503214901617868e-05,5.685749923869596e-05,0
0.9998633665638036,3.535741128273684e-05,2.234034289918419e-05,7.893568144194657e-05,0
0.9991074097495666,0.0006409358643443079,1.678947757284609e-05,0.0002348649100872246,0
0.9907006368439619,0.008068325059006985,1.1696969079239106e-05,0.0012193411269200215,0
0.9203055474403345,0.0745104977637713,6.292868020482823e-06,0.005177661926447678,0
0.7309659807494482,0.26313760971364614,4.975847213802566e-06,0.005891433689137973,0
0.43404237150310937,0.5471049287482803,2.3532315737093544e-06,0.018850346516645307,1
0.23580997635600817,0.7500271392158969,6.531293240601326e-07,0.014162231298083089,1
0.005712286894936168,0.9763032707353758,5.448708274986557e-09,0.017984436920705598,1
0.00024664743759271707,0.9986479474117034,2.9931551092281723e-10,0.0011054048521855838,1
1.5847978422372272e-05,0.9994602117083448,6.8542649103641e-11,0.0005239402447680136,1
2.587864962851035e-06,0.9974992076304927,1.5825006232579295e-12,0.00249820450433071,1
1.810407747596241e-06,0.9995765208242015,3.180647210045e-12,0.00042166876645449193,1
9.313184077973325e-07,0.9995959587062956,1.0687252794322528e-12,0.0004031099741673712,1
1.22791177618033e-06,0.9995959065260306,1.238606251569965e-12,0.000402865562381576,1
5.200878485910157e-07,0.9996035017015484,4.4351223557916017e-13,0.0003959782113233249,1
4.438154050385795e-07,0.9996927396355141,7.695865404680012e-13,0.0003068165490445909,1
5.375529467560375e-07,0.9994077550920668,4.58830104416073e-12,0.0005917073521616718,1
6.466832110565501e-07,0.9967570528338767,1.2154169109237733e-12,0.0032423004808041587,1
1.7040273037334493e-07,0.9992338047904028,3.8194427861513105e-13,0.0007660248080747964,1
1.3092225722160789e-08,0.9996543063327635,3.0304407663702635e-14,0.0003456805751763919,1
1.55631628932369e-06,0.9996791928274031,1.5861143849424045e-12,0.00031925085390601483,1
2.0890067205718434e-06,0.9995925586998853,2.325699745671338e-11,0.0004053522693783433,1
3.963290100498825e-05,0.9938278630898464,1.224348988706469e-10,0.006132503887520778,1
3.404005252448998e-05,0.9980408561072502,1.4437535804028687e-10,0.0019251036947031785,1
2.327858645545376e-05,0.9995053616144559,4.756518166361408e-11,0.00047135975334075753,1
3.723992658512391e-06,0.9993847226291107,1.3467345268183012e-11,0.0006115533658688987,1
3.434816124679014e-06,0.9983394093558039,4.568676162200175e-12,0.0016571558233090303,1
9.670530208832462e-07,0.9993411047921404,9.414358717191667e-13,0.0006579281550742304,1
5.09889713009647e-07,0.9997324946880726,1.2872637444760928e-12,0.000266995422281441,1
1.2019037498004318e-06,0.9991906035683381,2.1917323246879054e-12,0.0008081945254226119,1
1.358494903836288e-08,0.9991643336666262,3.338460491517258e-14,0.0008356527485432647,1
3.7856961017945045e-09,0.9996020259998215,7.128531643092642e-14,0.00039797021396239277,1
3.0550853299848995e-12,0.9977312367610213,1.1025962635687427e-16,0.0022687632366378543,1
9.590734231244718e-13,0.9994708117302044,7.385169432038923e-17,0.0005291882676446471,1
1.6804442240044436e-12,0.9996144855235709,1.3805070830602525e-16,0.00038551447655826317,1
1.4575093485053398e-13,0.9992136627250038,3.310135831004805e-17,0.0007863372732265417,1
5.732834666934096e-14,0.9990873054518166,8.02835297882537e-17,0.000912694546628753,1
2.807000830512718e-17,0.9965579577817879,4.435795483727401e-19,0.003442042219189172,1
7.940660078136626e-17,0.9983740571273375,4.2490231628948726e-18,0.0016259428715037385,1
2.497949190634752e-18,0.9952273445638737,1.2362595094124962e-19,0.004772655437436843,1
2.1903415719605673e-17,0.9984674033259842,1.1667918808415839e-18,0.0015325966733549061,1
1.6793741232620753e-16,0.9977646329432258,9.262394375516925e-18,0.0022353670574095943,1
1.8612023998013676e-16,0.9883338435823072,3.619796069010116e-18,0.011666156418784929,1
1.0006818844412946e-16,0.993933847141758,1.3862009224617309e-17,0.006066152856881096,1
2.0975842343737477e-18,0.9894296888206952,2.717625422194305e-19,0.010570311179661743,1
6.6319746733024764e-18,0.9966536220067002,1.6671288196541382e-18,0.0033463779915305185,1
3.155693212811016e-18,0.9955973431627326,7.300742200826277e-19,0.004402656838225536,1
3.3226110654812783e-18,0.9940593806595588,2.6443807658129773e-18,0.005940619341535012,1
3.2194843164480847e-21,0.9804426081214164,5.443875448739433e-20,0.019557391877421577,1
8.538927288118072e-21,0.9794743281642363,6.777734916957928e-20,0.020525671836136343,1
5.3844013028530585e-20,0.990794842079067,3.6776508302333574e-19,0.009205157921543326,1
2.513413111011899e-19,0.990523905901707,1.9771983196905714e-19,0.009476094099890066,1
2.2102983254638773e-19,0.9948285229412348,1.5646812013369631e-19,0.00517147706021923,1
6.496034057231346e-18,0.9969272474796252,4.904662020825728e-19,0.00307275251912128,1
4.2310787595603206e-18,0.9978363757994841,7.523886012467599e-19,0.0021636241988104554,1
4.699671162292837e-17,0.995403094870615,3.179669256457064e-18,0.004596905129270894,1
8.369261381907555e-19,0.9919212625591657,1.9781885741042582e-19,0.008078737441779404,1
1.1331616182077028e-18,0.9973218429765811,3.2996941935303904e-19,0.0026781570249811274,1
1.8332080254580216e-18,0.9974942024508998,1.4952430590506525e-19,0.0025057975485901014,1
8.959961839167564e-18,0.9982624112817565,4.0540762530592686e-19,0.0017375887185748422,1
6.637819833982726e-18,0.9982508587955236,3.785284714301354e-19,0.0017491412038112984,1
2.376206255988594e-18,0.9976276094261751,2.3380775277729275e-19,0.00237239057325077,1
5.635102930656452e-18,0.997416213074029,3.7551526394982997e-19,0.0025837869261969197,1
2.8287877971311124e-18,0.9973777029315639,3.8678178742456426e-19,0.002622297069456898,1
2.1620525691206694e-17,0.9965732231453013,4.567171312501607e-19,0.0034267768532206806,1
1.3697032357932064e-13,0.9985556499241648,8.912458323896442e-17,0.0014443500740703077,1
1.1683236769714249e-13,0.9988317871977517,5.567600749243385e-17,0.0011682128017949493,1
9.389051116927346e-14,0.998571930804654,1.5184173877052604e-17,0.0014280691964379379,1
8.901398098249346e-14,0.9995027934024804,2.5145798705457827e-17,0.0004972065987034564,1
3.732205695340324e-15,0.9993348699815567,3.4102636677127768e-18,0.0006651300201871112,1
4.236479626803367e-15,0.9992659504071618,1.3166292990342467e-17,0.0007340495918472035,1
5.1564206944048874e-15,0.9972609506605061,8.264399818454559e-17,0.0027390493377739303,1
1.9367945963780614e-14,0.9776918438255425,7.794555341540976e-16,0.022308156175468545,1
3.885804982917637e-18,0.7804210382915262,1.4658877630544116e-17,0.2195789617095495,1
3.7444117990320616e-20,0.10130524458547091,1.3139201264101443e-18,0.8986947554159127,3
1.0644954000595906e-20,0.0007884070488296792,2.534109054305225e-20,0.9992115929526819,3
4.0637588737490545e-19,0.6626769079438843,1.7053105546240802e-17,0.3373230920549605,1
4.8068559761655185e-18,0.8379427639278056,4.678825011037841e-18,0.16205723607155761,1
9.91310199220762e-17,0.9793804383033217,3.730081993027285e-17,0.020619561697388072,1
1.19836225307942e-17,0.9937679969922054,1.3570954394007762e-18,0.006232003007326639,1
2.3159998221168012e-16,0.9983105468120286,3.714732639916864e-18,0.0016894531864876758,1
6.61993560181342e-16,0.9984118463304199,5.709026585836242e-18,0.001588153667896523,1
9.090169078065857e-15,0.9973217867026465,1.3678880222876632e-16,0.0026782132986318463,1
8.524141240288067e-16,0.9830780459165019,2.642236383272778e-18,0.016921954084724494,1
1.1062362529599983e-15,0.9980313140137467,3.555604915930382e-17,0.001968685984540909,1
2.755425815066161e-14,0.9965959386089678,9.684412889719112e-18,0.0034040613920419743,1
2.8924293209288743e-12,0.9995011626397534,4.059353271398624e-16,0.0004988373579788627,1
7.425679654529729e-15,0.9991298052829021,4.265338979203664e-18,0.0008701947160845994,1
4.2465209576839494e-15,0.9993465904856167,2.7951796512198064e-18,0.0006534095150000733,1
1.0094201798054346e-13,0.9994938603327083,2.4731348422062427e-17,0.0005061396674299476,1
1.0123920242885633e-12,0.9992294915106079,6.321810358844499e-17,0.0007705084879187214,1
4.628616379533067e-12,0.9995030684787772,4.0478000427213657e-16,0.0004969315179407907,1
2.2152436155442224e-12,0.9987927933060918,1.0300322826431982e-16,0.001207206690621378,1
6.328167881166983e-12,0.999519881260304,6.456793099765052e-16,0.00048011873431166814,1
1.0303477896203734e-10,0.9986433476267425,9.286202640594988e-16,0.001356652268931303,1
3.5379532565228726e-11,0.9996780467777676,6.231597302724804e-16,0.0003219531878785605,1
1.8056782319261642e-10,0.9996040448474928,6.814978680712142e-15,0.00039595497131714185,1
1.4017670921942387e-09,0.9979321202330375,1.5046669780400473e-14,0.002067878366941496,1
9.647180297450525e-10,0.9989579098396044,5.268761474829295e-15,0.0010420891941372314,1
3.2523302192757304e-09,0.9996954139393643,2.1882308933900775e-14,0.0003045828070452153,1
8.464275666994943e-10,0.9992852243944509,6.505513588143081e-15,0.0007147747591420263,1
6.199756286984595e-10,0.9993571237409394,2.298335775893057e-15,0.0006428756402055484,1
3.817592096908326e-09,0.9997425968459392,2.01092460046377e-14,0.0002573993382554631,1
2.6415184434657873e-08,0.9993917962671243,5.753199467205512e-14,0.0006081773175995786,1
2.501218001626058e-08,0.9994513499244457,1.3878404653938273e-13,0.0005486250643404364,1
4.2678299342469317e-08,0.998973707956553,1.6628315628290535e-13,0.001026249366750537,1
5.78243911740622e-08,0.9991207134028031,9.386756719350172e-14,0.0008792287713498006,1
2.2268005860044675e-06,0.9996645827195384,2.7540981528628397e-12,0.00033319047596549106,1
2.3553989386389683e-06,0.9995882452642699,2.348404905563233e-12,0.00040939933613219143,1
2.9571122097951206e-06,0.9996087375493928,2.838625324826067e-12,0.0003883053350226584,1
1.0112378205974747e-06,0.9995802559077648,8.759164219464837e-13,0.00041873285357547674,1
2.0324435064091295e-06,0.9996549651213859,1.5585388992202582e-12,0.0003430024332928658,1
1.0028638092328477e-06,0.9996663443269356,1.1359680289917866e-12,0.00033265280955590746,1
6.775763830402712e-07,0.9995374528957126,6.12052490849964e-13,0.0004618695277605212,1
1.390319253243108e-06,0.999689711520531,1.3008491060118521e-12,0.00030889815847704,1
1.623159530237078e-06,0.999658083598534,3.725754624083789e-12,0.0003402932388520734,1
1.8485705885914492e-06,0.9990222487467906,5.539989691286238e-12,0.0009759026782258161,1
2.718343447940289e-05,0.9992368494132507,5.3636254329187114e-11,0.0007359670991376653,1
9.423939329070604e-06,0.9992714764473941,1.5108566163882767e-11,0.0007190995976720343,1
2.1134818870119463e-05,0.9996281622969839,4.4834652854163657e-11,0.00035070284036974606,1
1.3840009093964017e-05,0.9993097270221255,4.6185867572751104e-11,0.00067643292155996,1
1.0754833161818136e-05,0.9983935812512649,2.7496737366886505e-11,0.0015956638895505309,1
7.930766840279517e-06,0.9985243216705412,1.8581681747618455e-11,0.0014677475451435418,1
2.0695501428156057e-05,0.9993999446849637,1.0218913101390274e-10,0.0005793597114855428,1
2.5960388781619456e-05,0.9983795779883294,3.9356877410104516e-11,0.0015944615831199184,1
2.6502944121398893e-05,0.9993991699662551,3.3960332565187304e-10,0.0005743267485446591,1
0.0009364035448405567,0.989352385171777,5.679545476785434e-09,0.009711205602625764,1
0.026265812717320435,0.9623814110835684,3.8794202643007903e-07,0.011352388258214618,1
0.49864306706299655,0.4860406739196624,4.863888736013259e-06,0.015311395127605367,0
0.8802407757280338,0.11650728659887093,1.4607598234323852e-05,0.0032373300750179316,0
0.9785124013241357,0.02075134665486669,1.6536465523176352e-05,0.0007197155556867935,0
0.9969639093987788,0.0028424259716290524,1.8925668038613223e-05,0.0001747389606904897,0
0.9996749552306451,0.0002548856119048141,2.849168734781243e-05,4.166746988773952e-05,0
0.9998773661795742,1.295274653819553e-05,8.420329842452819e-05,2.547777463269373e-05,0
0.9998921285128385,7.345862878690225e-06,8.230782608373815e-05,1.821779725654047e-05,0
0.9999244090699511,1.0979603317371482e-05,4.599925525635463e-05,1.861207143456887e-05,0
0.9998854529239133,6.555505273182558e-06,6.397327079714462e-05,4.401829966412464e-05,0
0.9992901713497375,1.1547511625369147e-05,0.0006765664705492698,2.1714669506649717e-05,0
0.9895588983061573,3.7221335669749742e-06,0.010367357079645336,7.002248243682091e-05,0
0.9278283558739125,4.027172444463449e-06,0.07207132595831972,9.629099408706512e-05,0
0.7323368976432321,3.64901590893375e-06,0.26742127420036843,0.00023817913992820903,0
0.39020364057563806,9.211241898277098e-07,0.6091621950024964,0.0006332432975013641,2
0.14653236525646052,5.112850727832722e-07,0.8533220560716724,0.0001450673857292267,2
0.033816488498731534,1.473809905620459e-07,0.9661270764881322,5.628763069578133e-05,2
0.003343048424989129,1.6852930751351476e-08,0.9966463329874106,1.0601735298392866e-05,2
0.0014279260299479425,5.016744716917368e-09,0.9985688925743712,3.1763775279085124e-06,2
0.00033375728945938843,8.393514527385195e-10,0.9996642031511188,2.0387200906051477e-06,2
0.00011340473069711184,2.0872021459333204e-10,0.9998857521825534,8.428774449105402e-07,2
5.3410053532677015e-05,4.7891118361709326e-11,0.9999457272855393,8.626134867414435e-07,2
3.502084049707057e-05,1.9822607143495326e-11,0.9999643567811726,6.223602217795316e-07,2
4.759864830731377e-05,1.8546349971932944e-11,0.9999514776412958,9.236905158633897e-07,2
4.021785414249878e-05,1.7071338368324653e-11,0.9999590202126035,7.619151146666057e-07,2
1.3668563851300476e-05,8.081107583854424e-12,0.999985570123019,7.613034266260403e-07,2
7.14456090417187e-05,6.685384221092803e-12,0.9999257864947224,2.7678896425093553e-06,2
2.321297781024523e-05,2.1686645940598723e-11,0.9999755477735658,1.239226511031651e-06,2
4.526942754880268e-05,1.5019708668160196e-11,0.9999539166888431,8.138685255950558e-07,2
7.460533627891825e-05,2.308548660573407e-11,0.999924295373525,1.09926690133835e-06,2
8.359193822210773e-05,3.587127084465877e-11,0.999915241567273,1.166460006077329e-06,2
0.0004164601493633638,2.0085914678900163e-10,0.9995823411423058,1.198508196873969e-06,2
0.0017934582876578476,6.224563670921654e-10,0.9981933577755537,1.3183313768336585e-05,2
0.00681979846058742,9.893409208331607e-09,0.9931763829095236,3.808737642753475e-06,2
0.031123870060043815,1.9052949997750558e-08,0.9688624602622986,1.3650623720522443e-05,2
0.07921710098258099,5.032906328877653e-08,0.9207230721202289,5.977656891439092e-05,2
0.11594173811641731,3.173054288215087e-07,0.8840406784204295,1.726615756849287e-05,2
0.18295119396361317,4.0378878601486525e-07,0.8170144014041602,3.400084493443647e-05,2
0.2900475466727702,6.468627358658048e-07,0.7098691255680177,8.268089671612597e-05,2
0.5020092184319057,8.15162138028465e-07,0.4979039811697098,8.598523723218848e-05,2
0.7292269075586418,1.3452212382735887e-06,0.27066938080460595,0.00010236641462033584,0
0.9471467063616454,2.9884939924568227e-06,0.052782147315310717,6.815783046907542e-05,0
0.9925733764283148,5.267067850248374e-06,0.0073911285493286185,3.0227954339076735e-05,0
0.9989650226934694,4.277882493117656e-06,0.0010023901209667127,2.8309304596770803e-05,0
0.9996561664519172,5.962360906096934e-06,0.0003188512168808221,1.901997102151502e-05,0
0.9998093022320639,5.407765228742448e-06,0.00016573816002626046,1.955184098208089e-05,0
0.9997377774163352,3.65246306945433e-06,9.146731756970142e-05,0.0001671028034376137,0
0.9971271535714461,6.158733747597312e-08,3.271780127414265e-05,0.0028400670394558764,0
0.9998484177532315,1.1095179139384819e-05,9.954066494528304e-05,4.094640126888297e-05,0
0.9998573767696676,3.02044031316842e-06,0.00010773439407895179,3.1868394295270297e-05,0
0.9998700608839289,1.5017334319020187e-06,5.592273410642788e-05,7.251464755321656e-05,0
0.9999119209653237,6.697081636758357e-06,5.097525926437231e-05,3.0406693447841792e-05,0
0.9997233875328913,1.1701867357221543e-06,2.191088016180521e-05,0.00025353139932936475,0
0.9997288969394825,7.031310869564748e-05,6.778008307745292e-06,0.00019401194178217314,0
0.9997630576263835,0.0001635955492098831,1.071845817301867e-05,6.26283664597442e-05,0
0.998941993888706,0.00033098301698873114,6.986351750517485e-06,0.0007200367440024216,0
0.9933847653937232,0.004543057983083864,8.65159805875339e-06,0.0020635250239037606,0
0.9686667230058178,0.008854977257343324,2.7783926646320204e-06,0.022475521344839353,0
0.9417653771145497,0.055943803562263354,6.274962750355819e-06,0.002284544360137867,0
0.9204074135544037,0.07876351861473298,5.976977015639684e-06,0.0008230908530440549,0
0.9105327379189317,0.08873546243214052,7.050666264900787e-06,0.0007247489820256805,0
0.901400107321353,0.09800261702946443,5.25456269201349e-06,0.0005920210872128002,0
0.8973155587963928,0.1021555197516087,6.6016796497692135e-06,0.0005223197738566867,0
0.8963045387716508,0.10289218088772244,5.7577387220798875e-06,0.0007975226018057977,0
0.8977609316954505,0.10163208700231091,5.9756206104458096e-06,0.0006010056798643044,0
0.9034860034804717,0.09476911200533417,5.2666405919748494e-06,0.001739617874944859,0
0.9095529376560051,0.08979183264200584,6.108584625008146e-06,0.0006491211174772274,0
0.9276923818329368,0.07167913430835396,6.4325302340935506e-06,0.0006220513296614411,0
0.9506107031501225,0.04824340323713347,6.414300243496362e-06,0.0011394793116803865,0
0.97840400651604,0.020559454430001015,6.631888234076687e-06,0.001029907164205415,0
0.9918537158888776,0.007935348446275886,1.0956267186769601e-05,0.00019997939847641726,0
0.9942296556493629,0.005618583435579766,7.767757661194369e-06,0.00014399315614332074,0
0.9956971874618226,0.003970577851234183,7.142810141715813e-06,0.00032509187710713427,0
0.9981862687436923,0.00161938506827526,7.207778728637707e-06,0.0001871384081925413,0
0.9993980839627477,0.0005169000807418197,1.0512281953540341e-05,7.450367537074619e-05,0
0.999811088929912,0.00011742378423375521,1.3377445571064129e-05,5.810983953891263e-05,0
0.9998866101785854,6.33963051992819e-05,1.2442541581936435e-05,3.755097433695943e-05,0
0.9999004408323859,4.395859458130364e-05,1.45686763101306e-05,4.1031896286111614e-05,0
0.9999169572287264,3.716766712155552e-05,1.8106999002947778e-05,2.7768105844329485e-05,0
0.9998710050136307,7.528592096121627e-05,1.1186628911512897e-05,4.252243699297009e-05,0
0.9998788772445241,6.085404338885482e-05,1.3629789179696333e-05,4.6638923131339534e-05,0
0.9998885049013633,6.512774366057636e-05,1.3337651455686504e-05,3.302970373073734e-05,0
0.9998877787692667,6.577716709792513e-05,1.3077329408265525e-05,3.336673601819077e-05,0
0.9998958304076785,5.4588451126991333e-05,1.4151256172082743e-05,3.5429886218791944e-05,0
0.9999020145975254,5.078076802773119e-05,1.4465027019722827e-05,3.273960697123884e-05,0
0.9998908717311741,1.3257941908146179e-05,7.64605811700278e-05,1.940974412449421e-05,0
0.9992432942917845,8.269276882230138e-06,0.0007300667488563329,1.8369682758154667e-05,0
0.9932416543224545,5.695469771998614e-06,0.006706014904969929,4.663530167379335e-05,0
0.9631155882179844,5.105537519120137e-06,0.03681588737288089,6.341887276592388e-05,0
0.8270945390353582,3.0001623706211726e-06,0.1727189536637895,0.0001835071394535477,0
0.5102442552061638,1.8602828017170921e-06,0.48951720881246114,0.00023667569752322288,2
0.2826994180349577,9.196439652297017e-07,0.7171093130856471,0.00019034923627960187,2
0.08681266049299607,4.293638715327955e-07,0.9131145460991421,7.236404402644685e-05,2
0.010972595481907599,3.2640619896726566e-08,0.9889924485993297,3.4923279331773936e-05,2
0.0009090114854061693,4.451488321988912e-09,0.9990882392359883,2.7448283601408712e-06,2
0.001909821512917648,4.202945253114205e-09,0.9980873372044371,2.8370809847724423e-06,2
0.03206319804321767,1.2208599091791867e-08,0.967896418770533,4.03709789793924e-05,2
0.7230800432418628,2.11559203421802e-07,0.2767927139754025,0.00012703122469844618,0
0.9524968944990538,4.5522292273110166e-06,0.0474574061535925,4.114711957891387e-05,0
0.9881749135345217,5.221903578677087e-06,0.011798924049337802,2.0940512257901173e-05,0
0.9962106871740914,4.34957279675421e-06,0.0037609363443203052,2.402690703785359e-05,0
0.9982781170165792,4.813367070857257e-06,0.0016851231910476217,3.1946427009280036e-05,0
0.9991897488376575,4.412775869672749e-06,0.0007804827412939146,2.5355644510730715e-05,0
0.9995647742560025,1.7403250109614779e-06,0.00038278903190941464,5.069638838051162e-05,0
0.9995575685025408,4.935318758923138e-06,0.0004140141409098308,2.3482039231710955e-05,0
0.999419260793161,5.132257365478708e-06,0.0005572302923730817,1.837665724278141e-05,0
0.9989201098275711,2.8000128530552895e-06,0.0010404557431896227,3.663441608817343e-05,0
0.9965585232698129,5.771198747572112e-06,0.0034125715021584833,2.3134028722852112e-05,0
0.9823032470082537,4.234894588725548e-06,0.017647978954476288,4.4539143322795657e-05,0
0.9375898148990998,3.011083131210329e-06,0.06234895500109299,5.821901564376378e-05,0
0.8916283633287705,3.3013972955506636e-06,0.10830576199369586,6.257328027669972e-05,0
0.8648055491581511,3.059790922420683e-06,0.1350098270674641,0.00018156398335475164,0
0.8634852957974883,1.2981518650065486e-05,0.134715821933564,0.0017859007498496028,0
0.8784335948792089,0.0002728402088544307,0.09340955018783477,0.027884014722747208,0
0.07002770667498995,1.4185793390368781e-08,1.8500729643789062e-05,0.9299537784092625,3
0.047671688965791284,5.524703054418456e-06,1.245283624353324e-05,0.9523103334956611,3
0.017704535015216856,5.845237612966578e-06,9.959743649253786e-06,0.9822796600018168,3
0.0012096715094697277,8.23144742932682e-13,3.952385506773907e-09,0.998790324537484,3
0.9754552222768511,0.00119973029497069,0.006583166344170505,0.016761881085394902,0
0.9903805761453766,1.1556098820925966e-05,0.0022661069947755757,0.00734176076187155,0
0.9962834663171568,1.0207259841809532e-06,0.0006654817812594283,0.0030500311771746867,0
0.9995660397442437,6.8812857288718065e-06,0.0003672727155929172,5.9806256029431966e-05,0
0.9998548352141586,6.159238937362046e-06,0.00012000808539477161,1.8997462069624226e-05,0
0.9998976617408071,4.7295785996339995e-06,6.302322684676506e-05,3.458545444294959e-05,0
0.9997813146864722,7.073015149120334e-07,3.344468915683278e-05,0.00018453332129691224,0
0.9999320357706094,1.21701401276946e-05,3.3687005162405915e-05,2.2107082281684237e-05,0
0.9999283407043195,1.4665334677430756e-05,1.964930407916263e-05,3.7344655333042715e-05,0
0.9999298469899436,2.5691399018187217e-05,1.7623034178953755e-05,2.683857653261995e-05,0
0.9998625133382639,1.8873488496762823e-05,1.3066053842359394e-05,0.00010554711913617639,0
0.9999153072854295,1.8605583138139138e-05,1.4464560574404786e-05,5.162257068731863e-05,0
0.9999093283877332,1.8631429078081342e-05,1.7796065441327772e-05,5.4244116327149144e-05,0
0.9998985931394732,1.5286755861428307e-05,2.1282029036501543e-05,6.483807528867313e-05,0
0.9999272015171644,1.4984821234689428e-05,2.6577062538774696e-05,3.123659847938458e-05,0
0.9999256078177566,1.1514820017937698e-05,3.4180573927913544e-05,2.8696786852420136e-05,0
0.999935767391703,1.4728839148212467e-05,2.9848547339001724e-05,1.9655221046015968e-05,0
0.9998591832466703,6.178310187225493e-06,2.1616529904563277e-05,0.00011302191372220799,0
0.9999283732982743,1.1377524774444646e-05,2.2983456762367668e-05,3.726571977866459e-05,0
0.9999208107471227,9.51228764364201e-06,3.6939137799516426e-05,3.2737828991389425e-05,0
0.9999350974502332,1.5444123509428874e-05,2.4773469943633607e-05,2.4684954734977077e-05,0
0.9999374772243197,1.547348654895462e-05,2.460393565455754e-05,2.244535396640053e-05,0
0.999933325791081,1.3482544166582057e-05,3.522577207936681e-05,1.7965893660668786e-05,0
0.9999342558188002,1.2634009823126294e-05,2.931544934895422e-05,2.3794722370855396e-05,0
0.9999331652286912,1.8666903048257958e-05,2.2469212757053546e-05,2.5698655051299157e-05,0
0.9998491150664855,5.0916763705536235e-05,1.6036866783543134e-05,8.393130336666249e-05,0
0.9991418199098369,0.0005381977435888585,1.0989173781883717e-05,0.0003089931729272774,0
0.9926043472240663,0.003637112492222385,2.2558110702308028e-05,0.0037359821723707038,0
0.8525399509047972,0.015500908530004206,3.609230339691741e-05,0.1319230482604619,0
0.012541010018926525,2.6458814699829716e-10,1.3346060299026918e-09,0.9874589883830158,3
0.7996451487772956,0.09455484710412354,0.00011092821712717353,0.10568907590269438,0
0.8837161357122073,0.07299334414367097,9.266506878031683e-06,0.04328125363627058,0
0.9294724491528252,0.06817557288082816,1.1710631694298125e-05,0.0023402673351099463,0
0.9445820968200556,0.05488439208724786,7.073021881284954e-06,0.0005264380694250264,0
0.9503952334385692,0.0490040275090194,8.207685035302319e-06,0.0005925313659947315,0
0.9497688569329684,0.044931906250009604,5.592789342164947e-06,0.005293644027932948,0
0.9457169616278942,0.03834260584577541,3.772643317833601e-05,0.015902706091820287,0
0.6302713606898018,1.2036639417074669e-05,3.244010500917404e-06,0.36971335865912663,0
0.5679332562167643,0.0013539355546394803,3.977037702754781e-05,0.4306730378519748,0
4.595459008202992e-12,4.1361057424965985e-31,1.9541701051851675e-22,0.999999999996362,3
0.9404254600288618,0.0032420524006616424,0.00029594447521720356,0.05603654309703283,0
0.9960639861931487,0.0003940445250614476,3.398905958537848e-05,0.003507980223470952,0
0.999445630856148,2.6863501192948438e-05,2.5816675322969463e-05,0.0005016889655813328,0
0.9981645062592689,6.377987932647298e-06,8.25166456919899e-05,0.0017465991059811615,0
0.9909186913656048,2.441592160886611e-08,6.591497755653359e-06,0.009074692720716027,0
0.9995729783142059,1.5642691328288744e-05,4.726049751128922e-05,0.00036411849809598473,0
0.9999162441788695,5.32224499756615e-06,3.693455021944884e-05,4.1499025012215095e-05,0
0.9998529878783277,4.030564919623006e-06,1.9253725948930462e-05,0.0001237278313953725,0
0.9987061285089499,8.826698118341061e-07,1.6502036838515053e-05,0.0012764867854273385,0
0.9996507766137882,1.2322196974455504e-06,2.4290524250234877e-05,0.00032370064355818527,0
0.9999232106691641,1.0478560256052465e-05,3.8745254468508374e-05,2.7565515335456713e-05,0
0.9999059973435773,3.138798645549829e-06,4.8593347118473255e-05,4.2270512161332354e-05,0
0.9998999674403473,7.730245212054426e-06,6.549711233421741e-05,2.6805201296090346e-05,0
0.9998523875802156,4.998485468221949e-05,5.325926438729717e-05,4.4368299711653234e-05,0
0.9979930681802162,0.0017000769959016225,4.093189446818502e-05,0.00026592292874824246,0
0.9604074763468147,0.028423641856745063,1.6302654860412175e-05,0.011152579139779397,0
0.6278467169453562,0.22157282855157526,1.928756593752483e-05,0.15056116693593682,0
0.03145421357920298,0.25915991075158906,9.811929031626885e-08,0.7093857775485739,3
0.0014253982321941906,0.7771141239339175,4.9523998395963744e-09,0.22146047288177534,1
6.996787199453981e-05,0.9790337152194307,5.376277214841279e-10,0.02089631637175554,1
7.228596599193852e-06,0.9983110047571714,4.551916776528216e-11,0.0016817666010211293,1
4.595702134958507e-06,0.999380047572299,1.4458767486797981e-11,0.0006153567125003831,1
1.395094472408053e-06,0.9988206261746643,5.2569901521571523e-11,0.0011779786771101614,1
3.093143231962996e-05,0.9723204152789965,1.9959785597349694e-09,0.02764865129435011,1
5.535926314953005e-07,0.03358465244647627,2.7682969104696647e-11,0.966414793932838,3
8.357916359906399e-10,7.613777490867069e-07,4.2412456072296065e-13,0.9999992377855227,3
2.575605281456963e-10,9.668237640363241e-10,2.2374310495648073e-14,0.9999999987740011,3
2.0970262059342986e-11,2.810418126913761e-10,7.275811505503131e-18,0.9999999996980478,3
9.804390969335124e-07,0.9781052092597796,9.779295721654977e-11,0.0218938102018927,1
9.738588393824604e-09,0.9959678837037426,1.3107043107693562e-13,0.004032106556836374,1
7.374034912552924e-09,0.9995416589973183,4.0746114943984396e-14,0.0004583336274067455,1
3.2284389309612774e-09,0.9995898058612458,5.737463047964702e-14,0.0004101909100611282,1
2.506071651805089e-09,0.9978633637564328,1.0275497276266968e-14,0.0021366337386881703,1
1.0211241882595503e-09,0.9995590806696557,7.804837118548201e-15,0.0004409183103793366,1
7.157556494907509e-10,0.9995426124349784,5.1761848034096954e-15,0.0004573868478693883,1
9.64185797885494e-10,0.9994569444014526,2.9589786361820328e-15,0.00054305463288726,1
5.717763548098375e-10,0.9997091791825147,1.2680966532394613e-14,0.00029082024416571267,1
1.3865242480927874e-09,0.9984679434354347,2.3031471069677478e-14,0.001532055177325592,1
6.481491512627497e-10,0.9980847354436035,2.405930547836174e-13,0.001915263908663125,1
5.7883816456412565e-09,0.9630161965631093,6.707068861378013e-14,0.03698379765017513,1
2.299198795900246e-09,0.9916862418812522,2.4369600094238e-13,0.008313755819694358,1
2.0033363401740624e-08,0.9974552299119759,9.13693783551306e-13,0.0025447500536800237,1
3.002994642847914e-08,0.9962870455376115,5.016596505961589e-13,0.0037129244308010787,1
9.990940953280323e-08,0.9957781690532518,2.5342022401722763e-11,0.004221731010180447,1
1.3181698846169165e-08,0.8293968774731325,6.064575437066742e-12,0.17060310934024292,1
2.393568933690704e-10,0.017655471253062424,1.7748893118122327e-15,0.9823445285083605,3
3.715335934344977e-09,0.9233083285486067,2.1748349239674192e-12,0.0766916677337768,1
6.844038313257547e-10,0.9876062607711167,6.458076743082808e-13,0.012393738542661048,1
1.7767724003661223e-09,0.9899172341205695,5.039710271689047e-13,0.010082764100823356,1
1.4063677282268827e-08,0.982224003123129,1.1929136289242718e-11,0.017775982803031578,1
1.9934707565021632e-07,0.5820637637587646,1.2195932619001874e-13,0.41793603689345576,1
1.4973268792186594e-07,0.9889209408193446,6.072506767248855e-12,0.011078909441476551,1
1.3394051336827327e-08,0.9990626165434022,7.065855721686452e-13,0.0009373700621517454,1
1.835910209404649e-08,0.9975840145767484,2.02209882132333e-12,0.0024159670629987167,1
8.65112615864872e-08,0.9615052414695872,2.2048512033764693e-11,0.03849467199638223,1
7.469594204002125e-07,0.1149721147637221,4.2491463921824464e-11,0.8850271382331379,3
1.331309545897844e-06,0.0008970919446419192,7.153705441166539e-12,0.9991015767384458,3
0.00012997285608024075,0.8721030252010159,1.0564034495872313e-08,0.12776699137879757,1
9.194228201203443e-05,0.9718040738061944,3.94823435063806e-08,0.028103944429436756,1
0.00010643820720486716,0.8681185979802668,9.593966208336342e-09,0.13177495421923902,1
6.394072701411279e-06,0.013288941014427055,1.012570765299109e-11,0.9867046649028707,3
0.0006872405887924203,0.8191846763486925,4.3400406189927665e-08,0.18012803966346377,1
0.0008004620801898774,0.9673451357632395,1.799361797094975e-07,0.031854222219958206,1
0.000846682970594343,0.9066133207696804,8.437240959020251e-08,0.09253991188620737,1
5.695255441579743e-05,0.005329139444813088,7.136358967532113e-10,0.9946139072854007,3
2.3444110708665147e-05,0.0031693296014847594,8.643032180211574e-09,0.996807217643893,3
0.00019773393939063991,0.03944694997841713,3.1628161626507025e-08,0.9603552844551341,3
0.00021690468640913358,0.32264528611221693,1.6954383470328977e-07,0.6771376396575496,3
0.00010955716390748246,0.16280856090673823,3.84807347579249e-08,0.8370818434487156,3
6.16725447669428e-06,0.0026508107222326634,1.2654010931802362e-09,0.9973430207562194,3
0.0001620890934796716,0.012627893836854285,9.096439210064351e-08,0.9872099261053402,3
2.788418629712073e-07,8.73163731118508e-11,7.161665085921398e-13,0.9999997210689278,3
0.04048121303828707,0.0006491484944549289,1.6948794395296555e-06,0.9588679435880607,3
0.7053359033232165,0.0054034570230354325,6.076164571198834e-05,0.289199878007473,0
0.843366824901372,0.0008028386435617894,0.00023304818836386375,0.1555972882679154,0
0.9175634462530375,0.0013709780010063616,0.02294663477452722,0.05811894097288064,0
0.5092845772605507,6.52753608255822e-06,0.48429416815615955,0.006414727046450994,2
0.1842970567782896,5.564530835991597e-07,0.8123703167237766,0.0033320700463176207,2
0.08559779781915362,2.999323799317457e-07,0.910090188352212,0.004311713896090215,2
0.06806198526007746,1.0988351442757809e-05,0.9297971407917969,0.0021298855968143325,2
0.07518134090343302,2.907052461019037e-05,0.906493390449589,0.018296198122330003,2
6.0617302831893946e-05,2.5304478351132124e-11,0.0004277497538152569,0.999511632916247,3
2.46476651786895e-05,7.870505079833311e-12,2.6354151980616523e-05,0.999948998176538,3
0.023086226438663943,1.6198758059424044e-06,0.09628409212850945,0.8806280615575228,3
0.30243118395658675,0.00018374356536620705,0.6538908831128358,0.04349418936507724,0
0.28454255660648825,1.5103665141103822e-05,0.7111270427807924,0.004315296948749029,0
0.2686016999316236,2.384034996865143e-06,0.7311607316103682,0.0002351844227857937,0
0.29375361866870625,1.1724841978942035e-06,0.7059506510163609,0.00029455783205157546,0
0.42661609333213396,3.82784824589738e-07,0.5684679319411653,0.004915591943301668,0
0.5735684481623593,9.245983731915098e-07,0.4095189709254265,0.016911656313123767,0
0.6155197921452871,1.0941769213805253e-07,0.33782742879972577,0.04665266963807535,0
0.6961396728584057,3.614958018425103e-05,0.30264331219169527,0.0011808653683582826,0
0.7691909912633892,3.0887706570573057e-06,0.23070417555192013,0.00010174441461170504,0
0.9029834902337117,2.733768753965803e-06,0.0969050572858737,0.00010871871296343272,0
0.9838464280118989,5.962597358971443e-07,0.014604244357121644,0.00154873137104312,0
0.9979361190902057,7.258968633635013e-07,0.0014718452694643322,0.0005913097436728562,0
0.9993452605506731,8.280306259173337e-07,0.00038345181042733986,0.00027045960796181936,0
0.9998332727916841,2.446511587655022e-06,9.477333812391025e-05,6.950735761125918e-05,0
0.9998586730848463,4.339809025980883e-06,4.969549486521545e-05,8.729161279774702e-05,0
0.9996909832223106,1.7476135606665616e-06,9.08157799930386e-06,0.0002981875850973355,0
0.9999244491174332,1.5607432208625628e-05,2.6552171209183884e-05,3.339128021632439e-05,0
0.9999159499783818,3.597429975250446e-05,1.663309923893644e-05,3.144262347938233e-05,0
0.9997412488425567,6.836972279151775e-05,2.6767539486430592e-05,0.0001636138966258789,0
0.9966507442495047,0.0006284680325031482,1.5887994052076746e-05,0.002704899722887709,0
0.9271096858294211,0.002116257656511253,7.082740528696879e-05,0.07070322910698508,0
1.0701114334634435e-06,1.494031026221224e-16,1.218140436126794e-13,0.9999989298891064,3
0.0005641321092100728,1.1746301002057653e-06,1.9628825325397003e-07,0.9994344969734259,3
0.02155336522624779,0.000515477421168998,8.951140368747241e-06,0.977922206213551,3
0.017991342551557373,0.0001693698189597823,1.4481725328090764e-06,0.9818378394567109,3
0.00994548913208575,0.00017935328803104174,1.3747901694834739e-06,0.9898737827894887,3
2.410185519031729e-07,1.5151965019306684e-11,8.841946231267105e-13,0.9999997589657432,3
0.0018925353522752564,0.008197075193787822,5.50599290123299e-07,0.9899098388541071,3
0.0007105152912052012,0.059217601032134505,9.328730435691686e-08,0.9400717903894049,3
0.0028142901363984183,0.2954041840580084,2.046514883876023e-06,0.7017794792896063,3
0.00010221360308659438,0.021079337157170912,8.317332056614495e-10,0.9788184484088549,3
0.002563603755837756,0.9276685568508805,2.0255539553829008e-07,0.06976763683829539,1
0.002678531241165317,0.9874411293390691,1.4239342463466932e-07,0.00988019702681052,1
0.0030663638180593858,0.9642263623247559,4.411036911115092e-08,0.03270722974651522,1
0.0031389169370837746,0.9611406236012181,1.5446090723912156e-07,0.035720305001623834,1
0.0018531856228554326,0.908332271811405,1.1674507191092309e-07,0.08981442582056258,1
0.00010813021575411459,0.11710857780806734,2.162152165626403e-09,0.8827832898135016,3
5.423839178833549e-05,0.17789306075901268,3.763237157043024e-09,0.8220526970852506,3
0.00016798772833378472,0.7783009837962744,1.1376639176779725e-07,0.22153091471047343,1
7.084283196608242e-05,0.7140072650996372,2.6013505581080836e-08,0.28592186605409914,1
3.384744710184788e-06,0.01850753674366655,1.556351581353401e-10,0.9814890783550065,3
6.589547798088926e-06,0.05121876799509806,2.961143852430717e-09,0.9487746394956218,3
1.5686561154468838e-05,0.17438247182455946,2.230609261327501e-08,0.825601819307799,3
4.3256540102229035e-08,0.012440393571375196,2.0058403832450347e-12,0.9875595631712035,3
1.1934495877796196e-06,0.685772600717986,1.9372120699063864e-09,0.31422620389572775,1
6.919698922521766e-06,0.6408079485183689,5.16873989839464e-09,0.3591851266130848,1
8.008619712012522e-07,0.01261995427692248,3.214402347986209e-11,0.9873792448274614,3
9.09557558112376e-06,0.13684484330269278,2.835615133423081e-10,0.8631460608386712,3
2.6607166344912807e-05,0.9135097460159691,1.5914359167968015e-08,0.0864636309041253,1
7.0757524079775e-05,0.893923019844593,2.320872415400494e-08,0.10600619942131165,1
7.63236272735798e-08,8.387466580931618e-10,4.196635805030879e-14,0.9999999228384725,3
2.9528285047977714e-05,0.0007290658201072414,2.7644003270578485e-08,0.9992413782496451,3
3.853740945212261e-07,0.0002381373603283367,1.1257660369633677e-10,0.9997614771512545,3
5.102232600655743e-06,0.0447132715587274,6.5032320778325e-09,0.9552816197070906,3
4.3957437557619876e-11,5.5835555952939275e-09,1.2075796723144998e-14,0.9999999943720468,3
2.4532486747738174e-07,2.3071228233440207e-05,3.4743149619190555e-11,0.9999766834106474,3
2.138233404819286e-06,0.010908824181186398,1.2328235989661175e-09,0.9890890363521844,3
1.2091301530291157e-06,0.0144186816537915,2.449313319145204e-10,0.9855801089694094,3
1.6252925023246925e-06,0.19707239489417902,2.154926551105827e-09,0.8029259776566409,3
8.420377073669788e-06,0.2899563759997503,3.682008919785988e-09,0.7100351999404454,3
1.9907067081206517e-05,0.44242937271179417,5.743265087733636e-09,0.5575507144782766,3
5.006641038919107e-05,0.6520890809398548,2.3791140635905337e-09,0.34786085027107916,3
8.503662086816306e-05,0.9177105986252649,5.7204539170243654e-08,0.08220430755008915,1
7.847269523659155e-05,0.8104824058585044,6.682973883763252e-09,0.18943911476441222,1
0.0007757006420954451,0.7861591366138891,4.155416326575589e-08,0.2130651211891103,1
0.012089231956590214,0.797090820675874,4.448795422800566e-07,0.19081950248755658,1
0.06153103150950879,0.8399134622823556,4.090842873418474e-06,0.09855141536463141,1
0.40571091471312837,0.3735236296817933,4.579930716520863e-06,0.22076087567267846,1
0.46692250956697406,0.4116965470798347,1.2035742013703118e-05,0.1213689076108985,1
0.46547113963260156,0.5207650664769369,6.867705939332971e-06,0.013756926183775423,1
0.40756136040800695,0.5902663891627972,2.7675410994192503e-06,0.002169482888697903,1
0.3768345462445723,0.6198305279737326,2.199902929247131e-06,0.003332725879072628,1
0.361138336054671,0.6316799998588943,4.290803028568903e-06,0.007177373284337479,1
0.3085534618701452,0.592960197363797,1.3100111572505763e-05,0.09847324065604876,1
5.725290281043713e-06,1.533283063493491e-09,1.0304906782088194e-11,0.99999427316473,3
4.2150310248331963e-05,2.6810434176104245e-05,5.65521752739253e-09,0.9999310336015325,3
0.0018631610196747684,0.0015691976478382646,4.527580143057812e-07,0.9965671885745417,3
0.000781167713721615,0.0006298985120848779,7.722925760899902e-08,0.9985888565442556,3
0.0014270504057846164,0.02468624432445127,2.6369666651888084e-08,0.9738866788984522,3
0.00010618578696990394,0.834518433703839,8.18491040202514e-09,0.16537537232343744,1
5.845480921469374e-07,0.9561393030348032,1.232695087603805e-11,0.043860112404445706,1
1.2777432105164068e-07,0.9968090805992397,1.0082140330097085e-11,0.003190791614819629,1
1.2674655670980823e-07,0.9971149525735872,6.801780040209951e-12,0.002884920671402985,1
8.648863567687595e-07,0.9881723537362164,7.883183477848293e-11,0.011826781299414732,1
2.6040418403566196e-06,0.9087171478190675,3.8131174005911434e-11,0.09128024810270834,1
5.492449980612128e-06,0.945926849715097,7.628399146835398e-10,0.054067657073388314,1
1.3658462465176396e-05,0.9577939020174187,3.31223571380922e-09,0.04219243620924399,1
1.0248261018507212e-05,0.9101683076964684,3.072920264820232e-10,0.08982144373533231,1
1.1056518308179122e-06,0.9537099411936723,5.586550622743437e-10,0.04628895259486574,1
1.717758726094667e-06,0.9001170304118551,1.1146838398487528e-11,0.09988125181796458,1
5.295036149041126e-06,0.9923286343680806,3.1859410176999285e-10,0.007666070277768493,1
6.0465461192269825e-06,0.9954714991387965,3.924586653500462e-10,0.004522453923377535,1
8.795689847652882e-06,0.9727836050843843,1.195558105432305e-11,0.02720759921436792,1
2.21824897300982e-05,0.9980734136447982,5.295374248302825e-10,0.0019044033361672037,1
2.1656182644697954e-05,0.9979699838872035,2.711825441378548e-10,0.002008359658506884,1
4.432377483902666e-05,0.9939767684063187,3.3273944919384933e-10,0.0059789074872054196,1
3.632976888558436e-05,0.9942916892379575,1.923369387716708e-09,0.005671979068751469,1
0.0003895926290229251,0.9529041876325277,5.76627317910868e-09,0.0467062139719677,1
0.00042475201788611466,0.9689130452308834,3.5299638455284747e-09,0.030662199222975084,1
0.00016259017720981738,0.9966502731139066,1.0776452015033239e-08,0.003187125933030455,1
0.00011910934917069304,0.9830956199112515,1.029766210975512e-09,0.01678526970934742,1
5.2502620944802216e-05,0.9855155961069657,1.2453821411383774e-10,0.014431901149289165,1
1.728517866847715e-05,0.9990468966852754,1.239309164498836e-10,0.000935818012314282,1
1.0288132623110855e-05,0.9991923221522091,5.2303704565842813e-11,0.0007973896613463666,1
3.7969170740313304e-06,0.9978001898806025,1.382879090157009e-10,0.002196013065445188,1
1.1777360436102726e-06,0.9682107791140014,1.76002117575839e-10,0.03178804297492071,1
8.795846480565303e-11,0.004416494099509167,3.130666664138699e-14,0.9955835058137202,3
4.2292397413671426e-11,0.00243086956949377,7.934060686619584e-13,0.9975691303872363,3
4.2313206292429225e-16,2.9255730636548835e-11,2.600654046691032e-19,0.9999999999708962,3
5.3441332715574005e-09,0.005120526528146392,1.1729082880089698e-11,0.994879468116416,3
1.8950379505286957e-09,0.006647834235757909,6.475344784774138e-12,0.9933521638643356,3
2.5906520308887327e-05,0.04951516468074349,1.9520183161197074e-08,0.9504589092801161,3
3.9106574771349454e-05,0.06327719818110172,2.7885585613579582e-08,0.9366836673583118,3
2.7364707908551557e-06,0.0034995747524416737,1.0333425218478364e-10,0.9964976886738366,3
3.1857207216171223e-06,0.5682831329991916,4.475862876966373e-11,0.43171368123674,1
1.1683992197624448e-06,0.9889776015320809,5.1995547541824694e-11,0.011021230017459456,1
1.773389974244645e-07,0.9982873222208323,9.889768605811087e-13,0.0017125004396162278,1
7.684440706228283e-08,0.9994013967537884,4.1567039005344047e-13,0.0005985264016166373,1
1.3924936338246329e-08,0.9990510460157019,3.982062435953256e-14,0.0009489400584205563,1
1.6004659590444156e-08,0.9993608101958451,5.140851415995743e-13,0.0006391737991852161,1
7.240560698441818e-08,0.9944458633943559,2.483649247563332e-12,0.0055540641988277096,1
5.436461545266249e-08,0.9835675755388408,5.932597929222644e-13,0.01643237009645876,1
2.4225476024868672e-08,0.9963733605732108,1.5690570203763752e-11,0.0036266151844211486,1
2.514066281119447e-07,0.9369165779665978,6.975752430182454e-12,0.06308317062090286,1
7.820943904547078e-07,0.9373653410604467,5.133985461323411e-10,0.06263387633333904,1
7.088608036205762e-07,0.7037758888512229,1.7674908529213739e-10,0.29622340211236614,1
4.778779519738011e-09,0.0069404566154677395,4.000770630698009e-13,0.9930595386064427,3
1.8934195666603797e-07,0.4366752606016458,3.982159778609841e-11,0.5633245500169292,1
3.1097624844973616e-07,0.8318929587467216,4.807447177009402e-10,0.16810672979613342,1
1.4291505896852265e-08,0.8213393192875654,5.2715653952377724e-11,0.17866066636708594,1
2.9769403981289133e-09,0.010514624234735329,1.2288065205495846e-14,0.9894853727886251,3
3.8859470296852995e-07,0.9037913692931313,8.805525156982087e-11,0.09620824202517887,1
8.43499970843388e-09,0.9772907548174957,1.266567813202361e-11,0.022709236735042913,1
4.3650438830042893e-08,0.9604099286150971,7.791086955150258e-12,0.03959002772554844,1
1.1990521625793035e-07,0.9663509308957496,2.5867839811352857e-12,0.03364894919534044,1
1.071855897203669e-07,0.9951642745665743,2.4449885788356325e-12,0.00483561824536369,1
1.1133887079464344e-06,0.9987267086802198,1.0226142088818081e-10,0.0012721778279239052,1
7.870690009504763e-06,0.9721006419963462,9.121201132738799e-12,0.027891487302891677,1
1.0217850753074688e-06,0.9974659405567781,2.4359441940129386e-11,0.0025330376335623915,1
3.824783112559591e-09,0.9984757242411861,1.7106964110463978e-14,0.0015242719323569525,1
4.254374806118661e-09,0.9996808315033697,6.419459479503429e-14,0.00031916424190523226,1
1.4355255681089972e-08,0.9984759538219086,2.1037326820525996e-12,0.001524031820345622,1
5.927283036341491e-07,0.9374759846221389,7.804531764002444e-11,0.06252342257215102,1
2.92095118795679e-10,3.4197909293228845e-05,3.203534761965184e-15,0.9999658017977376,3
1.1502851222278098e-06,0.2518576492343913,3.4551154654222665e-09,0.748141197025344,3
1.0912182305132168e-09,5.866203302833727e-06,2.4107179105654467e-14,0.9999941327068205,3
1.3165891179739638e-05,0.3818247208790792,2.2903293142713978e-08,0.6181620903256301,3
3.2047390644756204e-07,0.028385716498576682,9.571843043741448e-11,0.9716139629301811,3
3.641586755222575e-06,0.09773257850070012,6.837460842305777e-09,0.9022637730742549,3
2.979343505329166e-07,0.016248432095796583,2.739489555064738e-10,0.9837512696944841,3
1.995177852054327e-09,1.7042828187373157e-05,1.2894771938051646e-14,0.9999829551777295,3
9.68241444313092e-07,0.9489432880885371,7.249838739502666e-11,0.05105574359797438,1
2.8999018281247614e-06,0.9934320077829312,1.925336707235921e-11,0.006565092295314365,1
1.0752831712390246e-06,0.9994776540466244,4.031215249547311e-12,0.000521270665080088,1
3.846226082168205e-06,0.9995287075619229,6.612982075010349e-12,0.00046744620420909337,1
8.288048807151142e-06,0.9993903971598358,1.725351122669536e-11,0.0006013147757471457,1
3.215565300186414e-05,0.9995455783777609,2.51692220914657e-10,0.0004222657169290658,1
0.0004797265833635948,0.9966179036693561,3.2178047680338667e-09,0.0029023665302149774,1
0.002353880590513714,0.9939544176172895,2.7984842423155027e-08,0.0036916738066856488,1
0.010830075913716826,0.9418697790492081,1.0735021767549515e-07,0.04730003768827889,1
0.03141621475525868,0.9496452368081626,1.0621648926182086e-06,0.018937486271184523,1
0.07122540252628869,0.9259175566713291,1.4862491989790255e-06,0.0028555545549892704,1
0.14516863554751067,0.843811109283204,1.1859264629564874e-06,0.011019069244217557,1
0.4235603049196578,0.5489146097244599,3.1380249037546827e-06,0.02752194733258433,1
0.8536547269824802,0.10491830286150304,6.134836066930737e-06,0.04142083531941177,0
0.976808159799208,0.021293252755211586,2.448969057572097e-05,0.0018740977535901678,0
0.9979811498440749,0.0007994464203435421,7.291213992918817e-05,0.0011464915949498317,0
0.9927330416511609,1.3109424022950505e-07,8.539289562845298e-05,0.007181434357930326,0
0.9995662283097871,6.418972485406171e-06,0.00018674378013338236,0.00024060893651522104,0
0.9998091693765989,1.9493812634801523e-06,7.640968396068773e-05,0.00011247155841433901,0
0.9992476207616534,9.554100068514094e-07,2.457091693454578e-05,0.0007268529129326054,0
0.9990427956963465,0.00013902215610821033,9.194943651303414e-05,0.0007262327095273769,0
0.9728982938472257,0.0030287733271547827,0.00011698515043089087,0.023955947675733787,0
0.0039025368565084135,2.084202078120036e-07,7.669756239874902e-08,0.9960971780265435,3
1.176060530428776e-31,6.943957630951705e-61,6.6984945157737115e-46,1.0,3
7.116344355101614e-05,2.609213593701758e-06,2.242096453583921e-08,0.999926204922267,3
0.00029851699592544967,8.499156062162807e-07,2.7440955743873545e-08,0.9997006056476384,3
0.044820618277852026,0.015678103330197833,0.00011005612068482354,0.9393912222718691,3
1.0506722234802324e-09,4.421232107389299e-16,3.6686815752508256e-14,0.9999999989486241,3
0.0001444636918145237,2.670497407541805e-07,3.8940433934907804e-08,0.9998552303177694,3
0.01821278497457569,0.0005918599279761795,2.2932658945976472e-05,0.9811724224370196,3
0.01724532926464283,0.000554192450314987,6.207701195557029e-06,0.9821942705850241,3
6.052229259053862e-07,9.358234049868126e-11,8.37033902668526e-12,0.9999993946768895,3
3.827142664037108e-06,8.690507181445065e-08,2.030476195385326e-09,0.9999960839235709,3
7.075396124771624e-05,1.4226064741690381e-05,4.0616146614607005e-08,0.9999149793567453,3
1.039610132776774e-06,4.839385993930665e-05,2.253819767830422e-10,0.9999505663031207,3
0.000365876775737719,0.24563135357892324,3.4522320810708684e-07,0.7540024244231122,3
3.433490026565322e-10,6.34188944542708e-10,5.524518236373681e-15,0.9999999990213837,3
5.719676362696041e-06,1.2205925991374705e-05,1.5925383977212922e-09,0.9999820728050373,3
6.180144095306307e-12,7.992125053609161e-19,3.489756087542068e-18,0.999999999992724,3
7.352651487685758e-09,6.762485073632136e-12,3.305985172790597e-13,0.9999999926403689,3
2.8649130633179442e-12,1.609938282364246e-18,1.373163839747472e-17,0.999999999996362,3
8.238178740479593e-07,3.5277848596917936e-06,3.6274473233836976e-10,0.9999956480336661,3
1.2337753972613807e-29,4.434585533135813e-52,6.394737991005241e-42,1.0,3
2.2080977969499198e-14,4.811546864127305e-16,1.097789496714225e-17,1.0,3
9.638618187201552e-07,6.0554632207045744e-05,6.699915711757436e-10,0.999938480836768,3
3.420274355803061e-07,7.897913410921413e-07,2.561998480735925e-11,0.999998868156312,3
2.018673122280137e-10,2.217070096856688e-14,3.5522992103785787e-16,0.9999999997999112,3
6.345282192112676e-07,3.2531717588928034e-05,1.7385109043134134e-10,0.9999668335810847,3
7.26374558025387e-11,8.509439175862157e-10,8.47538185827072e-15,0.9999999990759534,3
1.5816955685948724e-24,6.252810298491186e-33,9.115517472197815e-32,1.0,3
9.718890311832588e-10,1.2790394880438619e-08,3.3200712649081556e-13,0.9999999862375263,3
2.0894922622661204e-07,0.0006691274930224696,3.894458463580077e-10,0.999330663168664,3
7.035626574848424e-12,3.6026900520206195e-08,4.48021584963608e-15,0.9999999639658206,3
6.012486871323403e-16,2.1583240123194674e-14,5.472384614061535e-20,1.0,3
4.005230422188858e-09,0.0001662034620770583,5.395081614136785e-12,0.9998337925286662,3
2.8690405588524344e-09,0.0029574727256527285,2.0220257028932366e-11,0.9970425243865111,3
3.2577821031065084e-09,0.007981774297802093,2.4105348036218185e-11,0.992018222421382,3
4.0140987805677436e-11,0.000132581225620925,3.947035870756334e-13,0.9998674187339454,3
1.1880220850191875e-16,9.668526678358382e-11,5.171392017308769e-19,0.9999999999017746,3
2.1132987463899845e-41,6.984233348922919e-43,1.3647304644517104e-45,1.0,3
7.583229043772817e-24,2.262467945863944e-08,3.7165328706254e-22,0.99999997737541,3
1.0827017557453832e-20,0.0026907808811519195,3.367417335884356e-18,0.997309219118212,3
3.5310823441772394e-20,0.0007347444851941644,6.358314848316311e-18,0.999265255514577,3
3.487506240553534e-20,0.0011735867993339756,9.504815427674516e-18,0.9988264131997341,3
8.99747002584226e-24,2.840816273605473e-08,6.911766031926579e-22,0.9999999715910239,3
2.2802684101792257e-23,1.5128382297852417e-05,1.526932726250528e-20,0.9999848716159456,3
1.4331852572693943e-19,0.04847060084454366,3.9041840220408905e-17,0.9515293991551247,3
2.6404836478112104e-19,0.011100636015563286,1.167748897840052e-17,0.9888993639831881,3
4.170140144499346e-23,3.4448365200108184e-08,3.3424851513459423e-22,0.9999999655519792,3
3.526727780719174e-35,2.0745069499298288e-25,4.029830742240678e-36,1.0,3
1.3216093627225648e-19,0.00976401123563802,2.0546083751414583e-17,0.9902359887636931,3
3.735164536927632e-36,5.738490601991248e-30,4.2346386114824546e-38,1.0,3
5.163600674246534e-40,2.455886876285485e-28,1.717885305725361e-38,1.0,3
3.939804233176786e-25,1.0415196351438928e-06,3.951522665671777e-22,0.9999989584799517,3
1.7831443076657608e-22,0.00026949728650983105,1.1040197067741915e-19,0.9997305027129855,3
2.294456071942913e-26,3.771332176576873e-07,4.9439143272864305e-23,0.9999996228653601,3
3.549361854579449e-21,0.019496036803736294,4.6622526985622066e-18,0.9805039631954007,3
7.988053221002705e-28,0.0038624123813619246,7.372795965775061e-22,0.9961375876180661,3
5.03548297356458e-31,0.0008087481310613302,2.692458586721152e-23,0.999191251869635,3
3.080291910401116e-31,2.74118142820034e-06,1.0089805206606433e-24,0.9999972588194677,3
1.7958397084496462e-25,0.002247939354776014,2.1487446532595864e-20,0.9977520606458604,3
3.535374074312922e-26,4.692083819213314e-05,1.2718320921789941e-21,0.9999530791632069,3
4.104569819894149e-30,3.1982351800817246e-08,5.162443361039538e-25,0.9999999680185289,3
1.6631081684779864e-24,7.1764124158278e-05,1.8873584522370497e-20,0.9999282358762022,3
2.786065785392429e-26,2.6666743783970025e-08,3.0308638369315944e-23,0.9999999733336157,3
1.0846835868583598e-37,7.606779864588447e-29,1.754306001348218e-37,1.0,3
5.887182284898208e-26,2.2345052149384313e-11,1.770577533129389e-24,0.9999999999781721,3
7.144638453303425e-28,4.425566860307997e-12,3.409885287298452e-26,0.999999999996362,3
1.1897200896218363e-21,0.03362334350844343,2.593764998582054e-19,0.9663766564917504,3
7.737204988285822e-19,0.6921308670130953,1.6409692574147435e-17,0.3078691329861175,1
3.5124997674649e-18,0.8672926700507146,4.200483081191523e-17,0.13270732995057508,1
1.7176196821125142e-15,0.8944820175266336,1.7048597425895015e-15,0.10551798247371594,1
2.608955710078338e-15,0.8404811903531839,2.5063197226463575e-15,0.15951880964550846,1
3.4649368135494647e-16,5.800136109508651e-06,2.1279591844942038e-18,0.9999941998635175,3
1.2681145871042275e-15,8.059821265871446e-06,6.746224028787823e-17,0.999991940177745,3
2.702414742637669e-10,0.06310018476143545,8.494643460216344e-12,0.9368998149602693,3
8.296128472664827e-14,8.699544223701981e-08,1.1646983807205203e-16,0.9999999130050166,3
6.880005183269932e-09,0.025200485214455892,4.68759747480524e-11,0.9747995078574975,3
5.256814705004673e-12,3.225758513328198e-11,6.923258511528306e-17,0.9999999999636202,3
2.330368541890706e-07,0.17533939761171258,8.120705939482024e-10,0.8246603685395248,3
3.751839106187901e-13,1.2650559758960707e-06,4.998069301405743e-16,0.9999987349446017,3
4.081454628574605e-12,4.199809920110872e-05,4.509438824826089e-14,0.9999580018972745,3
1.7016619322172867e-13,3.6401604456788774e-13,8.180277231117407e-18,1.0,3
4.559274807045674e-09,6.569512571412306e-05,6.711691124947678e-12,0.999934300308357,3
0.00011559964986954459,0.018698050879912068,2.0304461720265244e-08,0.9811863291650046,3
0.0025136153516867534,0.0766526091196904,1.5116303521618308e-06,0.9208322638978753,3
4.643988086291012e-08,8.653629028555992e-11,4.5466245364830226e-13,0.9999999534738901,3
0.00037049454710659404,9.44730698438319e-06,3.972692008775293e-07,0.9996196608760002,3
0.0010206776441095324,3.794908796229871e-07,2.029653221807489e-08,0.9989789225668573,3
0.056103647116103765,0.13045849396783335,7.349123401827926e-05,0.8133643676830115,3
0.0031316274582814515,0.00017633183867796586,8.254744235181632e-08,0.9966919581564779,3
0.00010018381050496513,1.4557900375087818e-07,4.238874773502464e-09,0.9998996663731962,3
0.00017320916250037464,0.00010126324853867411,7.252890702455836e-08,0.9997254550593324,3
4.796308674459986e-05,5.7750707513111154e-11,1.0929603061829795e-10,0.9999520367461985,3
0.27380615759872673,0.004218564773177424,1.790101332500513e-05,0.7219573766159424,3
0.41253943403852333,0.000997286128631314,6.312211441695856e-06,0.5864569676217493,3
0.8692077747839352,0.005618849023472398,5.481322233127444e-05,0.12511856297190854,0
0.9200137447181203,0.009294087503290794,2.263823304453716e-05,0.07066952954732245,0
0.8736176300086556,0.0006013630591604906,1.338415540051745e-05,0.12576762277543688,0
0.8465706390896452,3.86296994120523e-05,6.9974909138847554e-06,0.1533837337217977,0
0.85424823395447,0.010707965852901697,6.499272841712853e-05,0.1349788074636498,0
0.43041458941692196,6.095489080372961e-07,9.477996000562033e-07,0.569583853233223,0
0.478458113270954,0.019821991074906432,2.0951898530882375e-05,0.5016989437547515,0
0.42522246219902315,0.0001457671652581502,1.7273041329565013e-06,0.5746300433305397,0
0.7069532599395422,0.013806240210861787,5.41480471856988e-05,0.2791863518032702,0
0.8847871949078079,0.044916534970441624,2.840009549808662e-05,0.07026787002566327,0
0.9204500231286595,4.559499433085767e-05,2.393007044667368e-05,0.07948045180751556,0
0.968588228732052,5.306743339989193e-06,6.851709881836099e-05,0.03133794742671478,0
0.9911624778980916,1.0112045987418655e-05,6.12093176935014e-05,0.00876620073887485,0
0.9914654736714703,1.636061574446322e-05,3.896359713721618e-05,0.008479202113890062,0
0.9814230346358059,6.814212613769344e-07,2.8547021563983763e-05,0.01854773692194569,0
0.9901894774207771,2.807954435779502e-06,3.143930124150647e-05,0.009776275325035721,0
0.9996572890959182,8.834116120711131e-05,2.0567213804506947e-05,0.00023380252937953578,0
0.9998389286487379,3.4348227015603246e-05,2.0912730697964364e-05,0.00010581039424648818,0
0.9990082766988893,0.00013354386681574743,2.7895520620208422e-05,0.0008302839148248387,0
0.982868468905224,0.0015099153149624085,0.00022028548252636687,0.015401330295752694,0
7.03985676359489e-08,1.1892288558773388e-13,1.1348263833149413e-10,0.9999999294886972,3
2.248140689692447e-07,1.1796353181677685e-18,7.11830069839977e-13,0.999999775183849,3
0.945709356492109,0.001478915104924843,0.0012128264997656845,0.051598901901955735,0
0.9954992925327407,5.0064487626353664e-05,0.0002103353566903739,0.004240307621738022,0
0.9989388840487476,8.051768085944119e-06,0.0001153699910086004,0.0009376941903904212,0
0.999780592669489,4.257912952876368e-06,0.00013736206071912732,7.778735734898775e-05,0
0.999662963192252,7.480842542243546e-06,0.00019255093355802905,0.0001370050317412543,0
0.9950412686716953,1.4664761403366015e-06,0.00036518511125224523,0.004592079740229283,0
0.9992340305176386,9.084032807753547e-06,0.00040240248469407595,0.0003544829647935133,0
0.9995404900475302,3.7488440946764715e-06,0.00042165540515016846,3.410570372163634e-05,0
0.9993948637677535,2.110793755875378e-06,0.0004980101494782664,0.00010501528868476385,0
0.9989079194733255,2.538604632985228e-06,0.0001085891477880514,0.000980952774130064,0
0.9982007454704647,3.1364575562268437e-07,1.7033275946699984e-05,0.001781907608366524,0
0.9981990733167336,7.552807760357989e-07,0.00010123901656916035,0.0016989323861715995,0
0.9986898113355142,5.646918724521547e-06,0.0011707151113707855,0.0001338266348831155,0
0.9892969192676961,1.5012054793180726e-05,0.010563848912353624,0.00012421976354875898,0
0.9078860848654283,1.2304865472070954e-06,0.08400955760053054,0.008103127048668998,0
0.8337241477970165,2.4420638527903394e-07,0.15368405726146464,0.01259155073498457,0
0.7118974984211631,6.709425064016659e-05,0.2816272332258322,0.0064081741006867254,0
0.5985566343427055,0.00014829125730124497,0.31931942576578537,0.0819756486351982,0
0.1886834013092664,1.0920323675796154e-05,0.23081769341282488,0.5804879849539863,3
0.0009602145779627444,5.0611502363820285e-11,0.09162130864677395,0.9074184767239243,3
0.0030288925692976343,2.753180200107215e-06,0.98973825600016,0.00723009824938976,2
0.001711123622464417,9.470532112123907e-08,0.9979318747380089,0.0003569069331206998,2
0.0005979574325724861,5.697562717925257e-09,0.9993420613541508,5.99755148044002e-05,2
0.0002045786432882159,1.5274459866027858e-10,0.9997175050672379,7.791613764320206e-05,2
6.0447077906477946e-05,2.5912719302848054e-10,0.9998555614205424,8.399124302602953e-05,2
1.9504442203439774e-05,1.7666631664762774e-10,0.9999771221734989,3.3732085989285978e-06,2
0.00013515208474732082,2.512319532484156e-11,0.9998485849657809,1.626292440036051e-05,2
0.0001269174823024719,4.8217252767279494e-11,0.9998563895016886,1.669296875493784e-05,2
0.0001011923223047457,6.489748947046335e-11,0.9998915190427026,7.288570034682898e-06,2
0.0006188778194546064,2.201009828353908e-09,0.9993594148621111,2.170511672829159e-05,2
0.144675678571888,6.146122708504505e-08,0.8519617177165498,0.0033625422515258215,2
0.6888615709210026,4.7604004312992815e-07,0.057743273698069655,0.25339467933976234,0
0.6631670621022111,1.209742140042412e-07,0.007172301402560596,0.32966051552276,0
0.931281242217627,2.9914588774822582e-05,0.011720402125093473,0.05696844106815082,0
0.981741668899954,2.644722922152021e-05,0.0163872323947836,0.0018446514770758561,0
0.981568787513242,7.17190749191894e-06,0.01835246647765915,7.157410106586996e-05,0
0.9755231159953578,3.230817477824173e-06,0.02442596178783449,4.7691399622796085e-05,0
0.9582901015355901,2.258281890936788e-06,0.041118605001255915,0.0005890351809634326,0
0.9432349269644059,5.430379528434915e-06,0.05634065627167005,0.00041898638379083927,0
0.9182218312980693,4.639564094117981e-05,0.074346291599431,0.007385481460136942,0
0.7782705789818695,0.00012575243058227174,0.07540457784690752,0.14619909073956594,0
0.14346434018688925,3.779138697789174e-07,0.0031397014754852293,0.8533955804228596,3
5.441905312416427e-09,3.695758100223096e-21,4.269804177772846e-14,0.9999999945575837,3
8.855280273233904e-10,2.971103668679903e-20,7.192582981560577e-12,0.9999999991086952,3
0.016750647216324303,0.0006042725145096609,0.019064026970627927,0.9635810532989314,3
0.015368371803091727,4.999405340173152e-05,0.008788585101685254,0.9757930490418703,3
2.7101121539063783e-12,2.538276091373687e-23,7.993296214959755e-18,0.999999999996362,3
0.02208083141578441,0.0006776173368153295,0.00012832048253498063,0.9771132307637118,3
6.218643540453492e-10,1.2310289265662148e-18,1.149337862768483e-15,0.9999999993779056,3
0.20297660557922395,2.3261527944655227e-05,0.00036333379159739546,0.7966367991007535,3
0.5110106748756494,1.6873709269445858e-05,0.0005689730190274744,0.4884034783976479,3
0.9532493332926861,0.00018171931212070344,0.0008935562887718708,0.04567539110549593,0
0.9787333422175722,2.339249640893318e-06,6.519258880256962e-05,0.021199125942245392,0
0.9983018115482878,5.751348899024062e-05,4.4504500431933806e-05,0.0015961704630611303,0
0.9985414098772548,1.3332043121260777e-05,1.3768664803754121e-05,0.0014314894132876753,0
0.9985259102776851,0.0002706602008765785,3.507425910369235e-05,0.001168355264151951,0
0.9480815350305649,0.0009833846461121197,0.00010927902640819941,0.050825801295590146,0
0.0020464806731682232,5.676135107972514e-15,1.2537800258878083e-10,0.997953519200941,3
0.7154651235473565,0.0016491653893765947,0.000281840166582545,0.2826038708952215,0
0.7705774140936075,1.913401603971556e-06,1.3088793458439317e-05,0.2294075837112852,0
0.9482549454905643,0.00022447660730414578,0.00016861076223109083,0.05135196713811353,0
0.970863928750002,5.748683377938086e-06,3.11031568643176e-05,0.02909921941066533,0
0.9993665487059095,4.9676668491492213e-05,5.0201787761541474e-05,0.000533572839207252,0
0.9998956810260146,9.90797869950607e-06,4.5893779476696855e-05,4.8517214499834524e-05,0
0.999761966357361,1.2371137920581845e-05,5.704436534002274e-05,0.00016861813849102628,0
0.9944157939800072,0.00013278073941290453,6.924980948061081e-05,0.0053821754709141014,0
0.820945733827916,0.00023774484939335515,0.00016391603651542884,0.17865260528554106,0
0.035111166314507836,6.816066320047185e-10,3.826416048938524e-07,0.9648884503621867,3
0.3769832800323949,1.3076715948652881e-05,6.69215503123191e-05,0.6229367217016046,3
0.9777778446863057,0.0004322708977431292,0.0004761618786150574,0.021313722536651914,0
0.9991715867441618,3.6590873751822244e-05,0.00013566034436111236,0.0006561620387802713,0
0.9998482392646871,8.2969628576992e-06,0.00010571796640069638,3.7745805331232363e-05,0
0.9998797915328849,5.230175081969708e-06,8.079868269457369e-05,3.417961065723775e-05,0
0.9989878513723146,5.300678956546458e-07,1.4391276321171993e-05,0.000997227284697201,0
0.9965475895805441,2.3050879670788626e-07,1.4032820252660725e-05,0.0034381470920369114,0
0.999829887589627,1.3418588826514148e-05,4.4201172918123165e-05,0.0001124926478594373,0
0.9992663348810822,3.009463480927396e-07,1.18700063237931e-05,0.0007214941676032296,0
0.9993665590712171,1.0450684283842925e-06,3.279338102444718e-05,0.0005996024783217384,0
0.9998241778019643,1.3978985865608698e-06,3.066836272015914e-05,0.00014375593676448778,0
0.9999141381933161,7.389370075430382e-06,5.875583105028161e-05,1.9716603928148866e-05,0
0.9998837156912457,2.4257954387795895e-06,4.6561596911642216e-05,6.729691548006723e-05,0
0.9998498518390937,3.86755613706547e-06,8.886289761237958e-05,5.7417706462406596e-05,0
0.9998431346331155,5.812828242326107e-06,0.00013401194648626465,1.704059193939817e-05,0
0.9998074636407196,2.1588186786433187e-06,8.944727768963637e-05,0.00010093026218769816,0
0.9989299116794407,1.1367194838269971e-06,8.687093153573405e-05,0.0009820806711653793,0
0.9993956890131979,6.182653426559203e-06,0.0005514465603230817,4.668177349151426e-05,0
0.996987753950415,7.942092123819006e-07,0.0021106075730292716,0.0009008442660074661,0
0.9952181341214823,1.2097077028458444e-06,0.004548303551115194,0.00023235261961375092,0
0.994164839727117,3.93624675656611e-06,0.0057751699682000845,5.605405623134605e-05,0
0.9968655884843484,1.2263652635930792e-06,0.002983026836807641,0.00015015831491997026,0
0.9995271209556359,6.6655233531637385e-06,0.0004019984573182309,6.42150624207262e-05,0
0.9986304998876002,7.261884040555955e-07,0.0002303273487490602,0.0011384465737105981,0
0.999367626356717,3.2569357253377544e-06,0.0005167184001913951,0.00011239830641315683,0
0.9991023503832113,4.502806851250442e-06,0.0008715700256785473,2.157678455196691e-05,0
0.9982621284991541,2.8399047885892877e-06,0.0016859521075011136,4.907949016006519e-05,0
0.9964905775820176,3.531456850434945e-06,0.003457672966311114,4.821799349300866e-05,0
0.9907616305201495,5.133656777696666e-06,0.00868786193294489,0.000545373890314631,0
0.9575440276334503,3.0364115171672018e-06,0.034637328054533595,0.007815607902206877,0
0.8511918917175283,3.769761477091738e-07,0.1311594889113906,0.017648242394404084,0
0.6680546286183753,3.6133108146438817e-06,0.3313909809335767,0.0005507771365570422,2
0.5050383545899036,1.1706146534111025e-06,0.49472677720469505,0.00023369759180312403,2
0.3443984050490463,1.0714901639743863e-06,0.6554616707552244,0.00013885270631012938,2
0.20031151433164876,9.372503231160082e-07,0.7995930354577185,9.451296008048033e-05,2
0.08154235510342889,3.331624980266181e-07,0.9183707124104398,8.659932253864013e-05,2
0.015858525908808395,4.011871470202643e-08,0.9839934823472473,0.00014795162574013498,2
0.002133250803583168,6.285448680274808e-09,0.9978529532119085,1.3789698556386625e-05,2
0.00026635809908986475,7.390528773305554e-10,0.9997242982093975,9.342950912542814e-06,2
2.646259048360483e-07,1.0048644345570929e-12,0.9999880701382088,1.1665234681301162e-05,2
3.085636487319976e-07,1.3282009598679568e-12,0.9999989741414343,7.172937411681907e-07,2
1.510021421546245e-06,6.00582297735751e-12,0.9999847097647302,1.3780207487066821e-05,2
8.69110242929941e-06,3.921885720922306e-13,0.9990416226014975,0.0009496862955753233,2
4.522102140530182e-08,2.6312393778354027e-12,0.9998489780481483,0.0001509767299939927,2
3.482239781187485e-08,3.5178863432634924e-12,0.9999988777278235,1.0874474280352682e-06,2
2.2906513335144145e-08,1.325726043225437e-14,0.9999989128961257,1.0641980605457614e-06,2
4.680770916148341e-08,5.3006828797630845e-14,0.9999995750732517,3.781195492648572e-07,2
4.2231852990435416e-08,6.37039760570149e-15,0.9999985910627323,1.3667040765591605e-06,2
4.35942509509518e-08,2.1032596922778348e-14,0.9999986971569643,1.2592491257712946e-06,2
1.8696651022704606e-08,5.1842802722617747e-14,0.9999996983970505,2.8290629942520334e-07,2
2.7785308478655456e-08,1.6464885272039047e-14,0.9999996586012131,3.1361427605718665e-07,2
4.7669404296511994e-08,1.593371004087694e-14,0.9999983363682272,1.6159608971933778e-06,2
7.498878232747472e-08,5.159110933543493e-14,0.999999264659252,6.603531488860757e-07,2
9.55536295587971e-08,2.3389336318644966e-14,0.9999971482907046,2.756156910168961e-06,2
1.2827000272506746e-07,6.643628998357878e-13,0.9999982171009356,1.6546299678194902e-06,2
1.8421139131300872e-06,1.3862465717875112e-13,0.9999668712620202,3.128662318888075e-05,2
1.2700814179055171e-06,8.07125718300811e-12,0.9999978773071025,8.526027220806095e-07,2
2.9928801724342474e-06,6.406090101338213e-13,0.9999934242948907,3.5828235619245484e-06,2
8.478253526012842e-06,2.437355954112495e-12,0.9999900411662787,1.4805790748052134e-06,2
1.183387700372348e-05,2.4848097740006354e-12,0.9999873643498854,8.017716411242478e-07,2
7.2039398926913195e-06,9.677815599029744e-13,0.9999914464790179,1.349579798118555e-06,2
4.949815709367275e-05,1.1150656979346256e-11,0.9999495323102278,9.695208500672811e-07,2
0.0027753383612141524,1.4520098501977026e-10,0.997216658448614,8.003044776418932e-06,2
0.006507719853693991,6.7731378548954614e-09,0.9934745643489304,1.770902533165848e-05,2
0.012161531499512572,2.5950855729426685e-09,0.9877667324145073,7.173349045924319e-05,2
0.015825904413423558,3.141038667908092e-08,0.984163406658125,1.0657516669634829e-05,2
0.0271027882506377,4.9334561181287365e-08,0.9728824647032477,1.4697711880409657e-05,2
0.06017146702789761,7.018524507506422e-08,0.9397998426385563,2.8620148375805166e-05,2
0.13954354973568753,6.95388607277065e-08,0.8601594354044982,0.0002969453209620887,2
0.2551777430863874,1.750181302896858e-07,0.7446480348376497,0.0001740470595514742,2
0.358851012606902,8.943372828423319e-07,0.6410768076715428,7.128538370130064e-05,2
0.5092504899137943,7.929390978848192e-07,0.4903709589384359,0.0003777582087908596,2
0.7239516952386311,3.1687778368630555e-07,0.2747271130084966,0.0013208748767195664,0
0.8608420005168467,2.2919503240862695e-06,0.13898902869954127,0.00016667883240839847,0
0.9448404937291596,4.4432128080126385e-06,0.05511322082840836,4.184222893388558e-05,0
0.9773286774466765,9.524323847606269e-07,0.02251374324579217,0.00015662687419128722,0
0.986806918200023,3.324540974147917e-06,0.013122246209629733,6.751104891134539e-05,0
0.9917227049475142,3.804289756211705e-06,0.008243437158569771,3.0053605555410932e-05,0
0.9953203943055006,1.4000118520854349e-06,0.00440987050809284,0.00026833517404902885,0
0.9973783417728715,4.300085406789679e-07,0.0019488600662586279,0.000672368152988094,0
0.9984808864692715,2.7282596473707845e-06,0.0011023492822493585,0.00041403598931202324,0
0.9982204213538879,6.541712219701826e-07,0.00015345197273211502,0.001625472502898507,0
0.999547150097115,1.95506217115264e-06,8.0120994483796e-05,0.00037077384766870343,0
0.9998879908178268,4.466343556273472e-06,6.446791859415702e-05,4.307492176917064e-05,0
0.9997657175225545,2.274520268991972e-05,6.309409105867085e-05,0.00014844318249081508,0
0.9887590023964682,7.717365097454148e-05,5.161259477191009e-06,0.01115866269375769,0
0.9854383995115198,0.005642441384739749,7.034500386005363e-06,0.008912124604698932,0
0.962637410284595,0.02809151628772964,5.397478141677787e-06,0.009265675949925488,0
0.8868462784632377,0.10570653795470808,4.835185415835279e-06,0.007442348397229693,0
0.7788357934016823,0.20799896937224682,3.677656448109273e-06,0.013161559567890472,0
0.578602115319649,0.41204391345675073,3.097281096297414e-06,0.009350873942530152,0
0.37696118068859485,0.6161043478596154,2.2016888079546245e-06,0.006932269762292364,1
0.23131522515655153,0.7521666695009203,1.7127759586204743e-06,0.016516392566458912,1
0.1697777188156739,0.8124702771278037,1.3260210343496136e-06,0.017750678034047247,1
0.08940063485756555,0.864447689851681,4.811125979328574e-07,0.04615119417934461,1
0.042529603487962586,0.9493475387734597,3.20751001389976e-07,0.008122536988380672,1
0.025126486196937553,0.9617119853056663,1.5897259447460644e-07,0.013161369523523469,1
0.019203112489563263,0.9622451678082643,2.157111307519537e-07,0.01855150398996656,1
0.016968369839215278,0.9197080401484046,1.237774975699963e-07,0.06332346623340068,1
0.019016099035311065,0.8406493537276096,2.979531169233125e-07,0.14033424928291238,1
0.018746775348904673,0.9077498266708628,3.058276224564442e-07,0.07350309215228878,1
0.010653665949648422,0.9565515679009475,8.817671613165039e-08,0.03279467797138223,1
0.006907314782254564,0.9815542396024305,2.7039828164864336e-08,0.011538418576521266,1
0.0033769623703479522,0.9953812185714122,2.6613025302972263e-08,0.0012417924461647152,1
0.0037172978377951354,0.9886442906553539,2.027799971982976e-08,0.007638391228167713,1
0.0033466331433149015,0.9939257288778072,6.164872720006227e-08,0.002727576329926438,1
0.0031761135930080996,0.9676642769036605,1.736272412209745e-08,0.029159592140170176,1
0.0031657259307094872,0.984211498265746,9.831403579737966e-08,0.012622677490908663,1
0.003560902617823721,0.9465299858366327,5.350171417598289e-08,0.049909058043413064,1
0.004922606835586833,0.9114265648919981,5.545166036478285e-07,0.08365027375471631,1
0.000788623225662842,0.004385529813066172,6.980642224630912e-09,0.9948258399817741,3
0.001073225791229386,0.025554047805457506,6.473447728556269e-08,0.9733726616705272,3
0.005148920286498466,0.4732965422536298,3.483165476352761e-07,0.5215541891449259,1
0.018813092378247877,0.8177691479515102,1.3803744681775056e-06,0.16341637929549535,1
0.03722844897143946,0.8331344843105034,8.098118089818263e-07,0.12963625690549482,1
0.06938248744819069,0.8975622742125406,2.1813545445705744e-06,0.033053056983781616,1
0.08553667500836498,0.9031082987495156,1.1794553167621014e-06,0.01135384678674843,1
0.10211269865941354,0.8681558161218119,1.4867070175046623e-06,0.029729998511484366,1
0.09857050094663027,0.7564732439222353,1.1654908388116053e-06,0.14495508963914075,1
0.06826998214693694,0.7109882428120268,3.0203624873758945e-06,0.22073875467989104,1
0.000353745223327157,0.11987702044245241,2.506737395192992e-10,0.8797692340836913,3
0.00015080311294262766,0.9205211697025726,5.038411312563489e-09,0.07932802214678279,1
1.3158992151505421e-05,0.9911028409219406,1.7263129226829414e-10,0.00888399991297596,1
3.2969534421307847e-06,0.9984220417422403,3.045499513530045e-11,0.0015746612740340038,1
6.570694978669799e-08,0.9984678314374908,2.2290495580943587e-13,0.0015321028566921556,1
1.1099497668684523e-07,0.9991959623283743,2.256818725461893e-12,0.0008039266734547042,1
1.3543329998171675e-06,0.9955301949248061,9.505866553204067e-13,0.004468450741760152,1
3.0121247228114326e-07,0.9996479649657868,9.0374745608891e-13,0.00035173381956893845,1
4.316702467203136e-07,0.99956099104823,5.499776716684069e-13,0.0004385772798612442,1
6.967231204474339e-07,0.9995704780712915,1.7702390019248305e-12,0.00042882520216712606,1
5.1077307194573965e-06,0.9991597440254898,6.557568080745682e-11,0.0008351481769356795,1
0.00010490006105622121,0.9895196042953456,4.4799169979633267e-10,0.010375495195150986,1
0.0022906320922833918,0.987564047942379,5.3013365235546515e-08,0.010145266953545456,1
0.12752034358504727,0.8478310969486781,1.6226044147380885e-06,0.024646936861540604,1
0.5077030461133774,0.4760804209792616,7.3308647181253055e-06,0.016209202042511407,0
0.8318297007550789,0.08702250156459855,6.5152530080505915e-06,0.08114128242760787,0
0.9613889709439534,0.005231665757711484,8.490127634958604e-06,0.03337087317109069,0
0.9963796528902785,0.0018188898951081412,1.6322331499718864e-05,0.0017851348848304317,0
0.9997868957742269,0.00011231427385505367,5.696030372994545e-05,4.3829648120686483e-05,0
0.9998284086292564,1.06684259775084e-05,8.365058656155702e-05,7.727235854507693e-05,0
0.9997661906509919,0.0001479486206639138,2.905680455786956e-05,5.6803924647863245e-05,0
0.9971912277078865,0.0024232533975704134,8.68946086022361e-06,0.0003768294331227535,0
0.9909633459636404,0.007761584984760711,8.79208941600064e-06,0.0012662769619103604,0
0.9723511894886918,0.015318739256535183,7.710386587183317e-06,0.012322360867767411,0
0.8998309484834403,0.0597763155641255,5.0146119698372136e-05,0.040342589831243565,0
0.05319164296334316,0.10973160220061988,1.5062364042961295e-06,0.8370752486002737,3
3.236298188632316e-05,0.01165586986252749,1.006660469578119e-11,0.98831176714545,3
2.0643067380641206e-05,0.9724398840666947,4.0467189371907543e-10,0.027539472462223415,1
1.6459216166849475e-06,0.9982442885311247,1.2304437960742104e-11,0.0017540655353048779,1
3.5159788985992883e-07,0.9994764138137341,6.022619791903128e-13,0.0005232345884696457,1
1.0185734446671383e-07,0.999603415573825,9.262986246043066e-13,0.00039648256676124924,1
9.260722856870546e-08,0.9974984665878701,6.579295073617144e-13,0.002501440805041388,1
5.65208275565616e-08,0.9976569634447613,1.9316063047314664e-13,0.0023429800350018913,1
1.2001890476503419e-06,0.9991825914470112,2.3175808372801477e-12,0.0008162083609041706,1
8.71547334579456e-07,0.9994820733280516,1.2876366058899303e-12,0.0005170551233009456,1
3.616434138971515e-06,0.999578747054146,2.7616209919876462e-11,0.0004176364851955981,1
0.0006173349911812825,0.9982304357723201,5.385967742047712e-09,0.001152223851831505,1
0.08830553786645315,0.9075808186627171,7.465357406846795e-07,0.004112896935713889,1
0.4284632888479518,0.5632564270876333,4.824984987864822e-06,0.008275459079427772,0
0.6532399280907772,0.3422220319348725,6.665274395734577e-06,0.004531374698881994,0
0.8080631596366786,0.18774306709007726,8.442102183468197e-06,0.004185331170576339,0
0.8944800828159037,0.10379406398744892,8.104577333680661e-06,0.0017177486208482026,0
0.9370928380782526,0.06144499806800583,7.83284985156308e-06,0.001454331004276128,0
0.9570193243449209,0.041104789300638045,5.870618464677128e-06,0.001870015734687535,0
0.9629915424883762,0.036473016741583236,1.240925730413247e-05,0.0005230315131728574,0
0.9562599397783236,0.03527116021770166,3.732796160331972e-05,0.008431572041601589,0
0.6289226047105984,4.778078763651394e-08,1.199015174374369e-06,0.37107614849308257,0
0.9663695364320288,0.0008352277124211494,0.000129351364008262,0.03266588449126424,0
0.9985484227216269,0.00037193026342607015,2.521776756890342e-05,0.0010544292459534904,0
0.9997986630116554,8.686320317544604e-05,1.4138542553670938e-05,0.00010033524107037606,0
0.9999123428282923,3.570594521600612e-05,1.683054445986834e-05,3.5120681734066134e-05,0
0.9998775003099629,9.414946815119242e-06,9.264854853019833e-05,2.04361930431861e-05,0
0.9993701585734661,1.301940965399415e-06,0.0005145791162558738,0.00011396036946837561,0
0.9982107677606284,3.724618430854025e-06,0.0017471912649408715,3.831635421829946e-05,0
0.9976583492078952,1.8614812980821578e-06,0.0022696190960332847,7.017021546202013e-05,0
0.9975796613335164,3.726548527657569e-06,0.0023876392208707,2.897289800485894e-05,0
0.9976764014846575,2.5717297453149706e-06,0.0022733838295441408,4.764295467918238e-05,0
0.9977627628044575,3.412476148566765e-06,0.002203845582270432,2.9979137956969286e-05,0
0.9985495296925058,2.958579321205762e-06,0.0014123842879450615,3.512744013017017e-05,0
0.9993092476022205,3.291553942624082e-06,0.0006515616502715633,3.589919262856709e-05,0
0.9996915993602243,5.743797462246326e-06,0.0002807415873773867,2.1915253972570943e-05,0
0.9998302723932839,6.539570462371132e-06,0.0001396236995946757,2.356433799037347e-05,0
0.999899242645843,9.110557045021474e-06,7.363589175528543e-05,1.8010906320503366e-05,0
0.9998645592656769,3.699837701185421e-06,9.852201697340429e-05,3.3218879765932955e-05,0
0.999867599753974,5.666832935027153e-06,0.00010008379478000862,2.6649618340404397e-05,0
0.9997253412255013,6.248158559934926e-06,0.00023650738477157287,3.1903231748462525e-05,0
0.9986272297237297,9.317568751123083e-07,0.001126293937793712,0.00024554458065602206,0
0.9987957036790881,6.616221692545401e-06,0.0010337697065055025,0.00016391039267058715,0
0.9940287781785293,5.869078646447639e-07,0.0004832088238623374,0.00548742608958828,0
0.9994420963364425,7.833102824287356e-06,0.0002914549940916226,0.0002586155664812878,0
0.9993787681256846,8.221880834837367e-06,0.00035738859571674496,0.0002556213963565598,0
0.9920385824833112,0.0001532865111002876,0.0006782830403338222,0.007129847966579858,0
0.6999152453044274,4.0895694077705406e-05,0.000298494423269386,0.299745364577301,0
0.4557510898294617,4.508898425642574e-05,0.00010451291635066309,0.5440993082715496,0
1.0025965686568064e-09,1.5293967461713493e-22,1.9553357191882766e-15,0.9999999989959178,3
0.06774555841750789,0.0031813161491068332,0.021873881770076292,0.9071992436641584,3
0.029733161068713484,1.3668592756143957e-07,0.02396436405749405,0.9463023381882031,3
0.09503880531510316,1.815273085730394e-05,0.279580816444118,0.625362225511696,3
0.16056857480935124,0.0007655963670951461,0.5433613873551499,0.2953044414668297,3
0.1521119660951365,0.0005381229112402635,0.5448951773845321,0.3024547336101967,3
0.0384202363703182,2.7569754958680504e-09,0.49073479354063276,0.47084496733155967,3
0.013777810856204728,6.798185077882395e-06,0.9763661635050243,0.009849227452265866,2
0.0039699678440802974,1.95723023989798e-07,0.9951974945859549,0.0008323418452223447,2
0.0018364464163194366,2.4046753903216425e-08,0.9981512676864202,1.2261851841933561e-05,2
0.001601464015638141,3.048659503471493e-09,0.9983926000777783,5.932859151795832e-06,2
0.0012941098279816896,1.360179932298001e-08,0.9986828238896339,2.3052681704185877e-05,2
0.0013037572710231406,8.165917547667582e-10,0.9984743239898985,0.00022191792191015043,2
0.001381831214806621,7.335989240200088e-08,0.9985611133275843,5.6982098184412245e-05,2
0.009140482961633053,4.463765522627942e-10,0.989227558605005,0.0016319579857420408,2
0.045741499833446185,1.1513018923149283e-06,0.9539469787871967,0.0003103700776716132,2
0.39403569901182595,1.569553588543436e-07,0.6051287479793274,0.000835396055256864,2
0.8411435402438048,4.74334623069401e-06,0.15816744931997334,0.0006842670910028969,0
0.9841117558009542,1.3140994860943536e-06,0.005650208312525205,0.010236721788110388,0
0.999045972542114,2.8010496716430348e-05,0.0002973486041674633,0.0006286683580703805,0
0.9995984699588644,0.00015747779708507058,3.765491081106333e-05,0.00020639733397342347,0
0.9946285442606136,0.0023836520866533832,4.7218651409180145e-05,0.0029405850001617976,0
0.7951838930370683,0.022023347716041676,1.442414339424801e-05,0.1827783351041073,0
0.12909519393464483,0.6760554465650653,3.1022392433384504e-07,0.19484904927813337,1
0.023133271194238803,0.9500201124428983,1.015640619980101e-07,0.026846514798665722,1
0.0013319758432484374,0.9876186125596788,2.243344850432289e-09,0.01104940935549224,1
7.297791743332701e-05,0.9982055737376189,2.382258831838862e-09,0.001721445963768263,1
1.7173187684946065e-05,0.9758004064873637,2.427821541436476e-11,0.024182420301927136,1
1.4770217367099547e-05,0.9971387035660398,2.474912345766224e-10,0.002846525969959828,1
2.134942004210991e-06,0.9977547837443241,2.5355473113542176e-12,0.0022430813099627673,1
1.1020999968080387e-06,0.9995925748932045,6.746282990768593e-12,0.0004063230011008143,1
4.779313264450254e-07,0.9982880992772264,2.0721931527822764e-11,0.0017114227693409252,1
6.32249958651693e-07,0.9762398210972749,7.582741895494404e-11,0.023759546575405233,1
7.116636931970371e-09,0.36585561187173066,7.894478615620812e-13,0.6341443810113271,3
1.0727981088937146e-07,0.3815883850484884,2.71507505865088e-10,0.6184115073998654,3
4.4861881845113805e-11,0.008397426707913738,1.2923575811175093e-13,0.9916025732459091,3
5.721106943560431e-06,0.1744982040776267,2.8826350510628526e-10,0.8254960745273948,3
5.508488160990778e-08,0.8930438820764537,2.5596522399137486e-12,0.10695606283526575,1
2.593404929554935e-11,0.9964824259355479,6.034274279112232e-15,0.003517574038097888,1
1.1399433314827277e-11,0.9995613194935521,1.7935541473731214e-15,0.00043868049455407146,1
2.621975731656849e-11,0.9983626047296972,7.771626827519211e-15,0.0016373952457452423,1
3.0605573116164926e-13,0.9900008182169866,3.858327616809474e-16,0.009999181782022611,1
1.4291044667263303e-12,0.9913078443118184,1.9728993452561455e-14,0.008692155687587454,1
2.9710604301722857e-13,0.8745296751402237,7.259643847319729e-16,0.1254703248593192,1
7.383655488223754e-14,0.9356371269314296,3.4176766264548997e-16,0.06436287306861989,1
1.0835324440002804e-14,0.9935613855126194,1.2253381399976006e-16,0.00643861448679502,1
2.0407667078528165e-15,0.9984894071126728,1.540293617316906e-17,0.001510592887173679,1
1.3902167543872822e-15,0.9982416730550421,1.0701206411067492e-17,0.0017583269432851318,1
4.440313836567073e-15,0.9966508942377482,3.3268302898762976e-18,0.0033491057607559515,1
8.785367206216903e-12,0.9994382483970325,7.609133573577222e-16,0.0005617515928865526,1
2.458830943717101e-11,0.9992367131077078,3.547530446432942e-16,0.0007632868673874236,1
3.089200636269245e-11,0.9996445510612681,3.845974171180027e-16,0.00035544890878803773,1
1.1303271385838972e-09,0.9996669169539287,7.152770839312285e-15,0.00033308191721527405,1
4.8072169952775665e-09,0.9994604919869696,2.4738598678511795e-14,0.0005395032059682118,1
2.159964320270208e-08,0.9993419664690161,2.804601209220067e-13,0.0006580119313719747,1
6.697055680140499e-08,0.9973601126251215,2.024494962175101e-12,0.0026398204009083085,1
2.7685891132166105e-07,0.9909532755723468,6.146845589237163e-12,0.009046447563778749,1
1.5412350826988314e-09,0.9906680500295656,1.726521181123587e-14,0.009331948429561292,1
1.5264153952355447e-09,0.999189607358621,1.2266525763132623e-13,0.0008103911131773251,1
1.4508040720716558e-09,0.9975212817299222,2.6197021875088083e-14,0.0024787168180087932,1
3.310975992641471e-09,0.9978622777374053,1.0283231798734867e-12,0.0021377189509779846,1
9.863617322998644e-08,0.9466916313556736,2.2169088524635552e-11,0.05330826998674509,1
6.684267029320989e-12,0.005307050360828431,1.7461476566465817e-15,0.9946929496314234,3
9.148432631041169e-11,0.05055478338531732,2.5325634232681676e-12,0.9494452165201032,3
2.034798374401503e-08,0.061371524120168115,7.195435011401864e-11,0.9386284554590796,3
1.3090568171234592e-11,0.00012683200975068196,4.891169048834709e-16,0.9998731679773472,3
2.2144832643972865e-08,0.9527602768269303,3.0071053141328366e-12,0.04723970102551293,1
4.551631698510294e-09,0.9964018129368066,7.195683827702643e-13,0.0035981825120958134,1
6.175186419575198e-10,0.9971432597384086,7.989368466751497e-14,0.0028567396455116867,1
1.9338011624777135e-09,0.9925842414936128,7.414126505106012e-13,0.00741575657135508,1
2.9343544111086913e-08,0.9542160139130237,1.466678914866722e-11,0.04578395673012257,1
4.560963930372276e-09,0.17103043001209708,2.485490717126214e-13,0.8289695654276965,3
9.299359266834973e-08,0.43920497130161923,2.4341012367872634e-10,0.5607949354595625,3
1.5056754457957228e-07,0.40981405214443917,3.799528714854038e-10,0.5901857969081112,3
3.4133100891545876e-08,0.03052905700295555,5.242331451763764e-12,0.9694709088587011,3
9.320427074097145e-06,0.38192266118994767,1.221127576573516e-08,0.6180680061713066,3
1.6046774665591136e-06,0.20958720206474102,7.811039390853747e-10,0.7904111924774481,3
2.64794083410728e-10,6.604869916185625e-05,1.765093983725338e-13,0.9999339510344695,3
2.5040173366201416e-09,7.112628971611783e-07,1.3294308471632546e-12,0.9999992862324507,3
2.9119892288063746e-07,0.002504723593889016,4.289315515397443e-12,0.9974949852041638,3
2.0514174651338612e-05,0.9250137910139785,1.88995476210148e-09,0.07496569291971385,1
1.606669292429316e-05,0.9836624929438378,8.808143478132986e-10,0.016321439482885138,1
1.6022054798611117e-05,0.9923388640105557,6.517374458994649e-10,0.0076451132837401506,1
2.262117522891147e-05,0.990439689758235,1.0896173501706817e-09,0.00953768797528099,1
3.000063167093815e-05,0.9798852558696154,4.1395964618229163e-10,0.020084743084863715,1
0.00011224376809569591,0.9911715571551837,1.0442781320780548e-08,0.008716188633418736,1
0.0007373210062214303,0.9259308269219811,4.838941706541259e-08,0.07333180368140231,1
0.0005643115977141903,0.026288789456880655,9.475580528726726e-09,0.9731468894711898,3
0.0015009323133222082,0.019252125923768633,4.213368928523467e-08,0.9792468996274295,3
0.02273075304114195,0.8628992448462086,2.6841093567520246e-06,0.11436731800186897,1
0.03615479689626083,0.8572912388226722,7.307789562644689e-07,0.10655323350085809,1
0.06439660031496393,0.8882572106285956,1.9306492747514826e-06,0.04734425840547431,1
0.11223805355129692,0.8575491688181061,3.998866951935213e-06,0.03020877876259039,1
0.14339655721060007,0.536968619850649,3.018236317102204e-06,0.31963180470133706,1
0.1228801761156758,4.6653229164758874e-05,2.8631389133456267e-07,0.8770728843422768,3
0.3475116363079416,0.0001179188447071754,4.0464124516798454e-05,0.6523299807226788,3
0.7028375793154574,0.004183037300821124,0.0001558784244153726,0.29282350495960513,3
0.8630005635524405,0.11781332880492906,3.259435014350753e-05,0.01915351329348622,1
0.8694199798313553,0.12686048362540608,9.727899062952074e-06,0.00370980864374823,1
0.8544344651796618,0.12591371264912507,8.156268202298365e-06,0.019643665903618338,1
0.7513210053981213,0.14377460629366268,8.50387648780339e-06,0.10489588443119907,1
0.5311100011803742,0.17893321655312383,4.077215751321942e-06,0.2899527050500588,1
0.2790860866138116,0.47136042179992793,9.098204023755567e-06,0.24954439338285467,1
0.02696039826731496,0.46109868724874614,2.3058306747705451e-07,0.5119406839026142,1
0.004811184653385552,0.7847905283411527,4.619152354223312e-08,0.21039824081228228,1
0.0024922598454256073,0.9702565257304007,6.565778369357628e-08,0.02725114876802838,1
0.0023720660627188864,0.9847159034293184,7.7245951522015e-08,0.012911953260729575,1
0.0026859872871486993,0.9343916527355204,1.266106378759677e-07,0.06292223336700813,1
0.0033897587158910366,0.055921591411299404,2.5302946140224678e-08,0.9406886245706856,3
0.010096826829866115,0.00031280253804936704,4.01810338028033e-07,0.9895899688219377,3
0.5480886778837671,0.10551756044317759,8.697970197332366e-05,0.34630678197117915,0
0.8096833142660178,0.15772057065356881,4.469437567174482e-05,0.032551420704650336,0
0.8407929715945563,0.13272833226978945,3.348366435923237e-05,0.02644521246978056,0
0.733245161108586,0.03245244080874253,6.799911911700009e-05,0.23423439896255424,0
0.11524583007686465,3.339445341250965e-10,9.010260163511891e-08,0.8847540794880575,3
0.943353727930895,0.0007765628667470506,0.0006583662076416292,0.05521134299361391,0
0.9981641672482978,0.00012517095314470557,0.00024319902751822038,0.001467462770212415,0
0.9997569493910463,1.7934312663391442e-05,0.00011629062388832556,0.00010882567397144121,0
0.9973948210011612,9.904834071195887e-08,2.197724086998511e-05,0.0025831027102172868,0
0.9998495206436381,9.214267140894069e-06,8.496871642590163e-05,5.629637373864707e-05,0
0.9995810806662797,2.835403196765523e-05,5.232127011918266e-05,0.0003382440330715709,0
0.9867905470743402,2.642346356650264e-05,2.6080011753276217e-05,0.013156949450550898,0
0.8578894293463175,1.8260456066935957e-08,3.2003536861181126e-06,0.14210735204042427,0
0.9933463157327328,0.00020258060568121937,0.00016434330673176855,0.0062867603533597926,0
0.9985292360885679,1.0311481238952281e-05,3.239381199282181e-05,0.001428058619774669,0
0.9997305071755824,1.9145718288779214e-06,2.8194179237976066e-05,0.00023938407156981126,0
0.9998860454865904,3.6806355919302467e-06,4.496584301180326e-05,6.530803361743663e-05,0
0.999172110968055,2.030585375727798e-05,6.830088498497878e-05,0.0007392822915108981,0
0.9807251832502146,6.853321063428083e-05,8.335219427023182e-05,0.01912293134647364,0
0.9064841507794043,1.2494592536786698e-09,5.080901677461567e-06,0.09351076706895324,0
0.9899171432562258,0.0005813659489945643,0.0011056948410820596,0.008395795954174987,0
0.977082609540785,0.0005225578884696863,0.002166241014776575,0.02022859155671151,0
0.49166839110781774,1.048381913466614e-07,0.0006047164500918356,0.5077267876036865,3
0.4424732460270548,3.448181392591786e-05,0.0012320315421969858,0.5562602406173387,3
0.37639636066268917,1.7235036409731839e-06,2.938935586069353e-05,0.6235725264782943,3
0.46804955872843335,0.002826000623670808,0.0002178942144412927,0.5289065464339453,3
0.34633258307216847,6.233985704728893e-10,5.664073401897794e-07,0.6536668498956636,3
0.9547505235194574,0.0007903554778346855,0.00044712303165279097,0.04401199797283931,0
0.9701399835685176,5.7941719892386764e-05,6.577509546654756e-06,0.029795497201647293,0
0.9991830514860915,6.295866952364268e-05,5.9361172693239696e-05,0.0006946286731302328,0
0.9992425303457125,6.684456748948244e-06,3.254310409828656e-05,0.0007182420933936268,0
0.9956840763824615,6.190617873639391e-08,1.7445690300228152e-05,0.004298416021078437,0
0.9953583524742028,2.3916906661582767e-07,7.279373090974837e-05,0.004568614625596218,0
0.9995536954967918,7.226636014420175e-06,0.0003277976602607732,0.00011128020770773678,0
0.9991155406154114,5.041593200868364e-07,0.0003049054355740738,0.000579049789448648,0
0.9994286293514105,9.491094973159299e-07,0.00026404151278210987,0.00030638002569534324,0
0.9988533107688532,2.5487597222092124e-07,0.00017533211825384679,0.0009711022370960286,0
0.9997683225632417,3.9492756297325175e-06,0.00018938416660203744,3.834399597956372e-05,0
0.9997838731971858,3.1248078062024255e-06,0.0001781317882075487,3.487020861230047e-05,0
0.9998839440170096,2.684085615871548e-06,6.61786870963902e-05,4.7193209199713806e-05,0
0.999823137501679,2.703687836613595e-06,0.0001079637485116506,6.619506359098466e-05,0
0.9994620150316411,3.6425249436390777e-06,0.0005061668075076381,2.8175636604687602e-05,0
0.9989383433756475,4.068419741351778e-06,0.0010010232599628355,5.656494473973741e-05,0
0.9966895529001589,2.0637680672915112e-05,0.0020109941998080563,0.0012788152192076288,0
0.967432893009,0.0005272826796249469,0.004273874717079874,0.02776594959295323,0
0.05252088104844159,3.316108959431756e-11,0.0013401752310393557,0.9461389436860328,3
0.041352391814888284,2.1964783337887406e-05,0.9139480543915335,0.0446775890100352,2
0.0037807435304554183,1.476439900883459e-07,0.994715640283668,0.0015034685430894885,2
0.0004403431478796961,5.455415786668854e-09,0.9995235798024937,3.607159533703726e-05,2
7.90633763852323e-05,2.6856470298516445e-10,0.9999167771273693,4.159226698576706e-06,2
8.595935855141295e-05,6.254967804888292e-11,0.9999093380093147,4.702568168714454e-06,2
2.1642843492419165e-06,3.9499463109460083e-13,0.9999761595758786,2.1676140017061815e-05,2
4.520097132586748e-06,1.8276591852435765e-11,0.9999947342250779,7.456588218140577e-07,2
3.874719562175392e-06,4.17926277369316e-13,0.9999908688567645,5.256423822494386e-06,2
7.667931598603657e-06,3.5192147054134203e-12,0.9999872273271545,5.104739176789931e-06,2
3.607612219741971e-06,2.185827650807072e-12,0.9999956311571561,7.612289148502476e-07,2
1.2119727901986054e-05,1.7186396050578033e-12,0.9999873800657555,5.002038087658847e-07,2
4.301944248637603e-08,8.707723773609074e-14,0.9999997530431152,2.0393622374618732e-07,2
5.1366049883700835e-08,1.154044627966723e-14,0.9999997502527861,1.9838084455917743e-07,2
4.791653483333491e-07,5.468986931093173e-14,0.9999992544292632,2.664049087796764e-07,2
4.794476719821833e-06,8.04203669002756e-14,0.9999897113722866,5.4941509160950355e-06,2
4.888884742861738e-06,2.030699893745649e-12,0.999987084982148,8.026130488681535e-06,2
6.892965572512822e-06,4.062654029670563e-12,0.9999825411792456,1.0565850451542576e-05,2
4.1611038998112876e-07,1.7405308159317334e-12,0.9999988562310311,7.276565481731579e-07,2
3.9447865439675707e-07,1.1197107462232024e-13,0.999998694952352,9.105685532475878e-07,2
9.738674335515815e-07,3.2505865840378865e-13,0.9999987307099998,2.9542235055283107e-07,2
1.424567677652224e-06,1.3801276052351692e-13,0.9999982214155708,3.540155792571101e-07,2
3.029307281271096e-06,3.8910102465039595e-13,0.9999954645893999,1.5061022967297525e-06,2
5.5991847321390575e-05,1.3040691638704861e-11,0.9999431994126535,8.087270114431322e-07,2
0.0001437387064517019,3.6759341719810383e-11,0.9998544374953782,1.8237627204317643e-06,2
8.123196023511777e-05,7.72470206467521e-11,0.9999179232215158,8.447422069371005e-07,2
0.0004575334167758198,3.3247469403197784e-10,0.9995401225514914,2.343698369530101e-06,2
0.0027064263522293625,1.4838316250689518e-10,0.997116991634688,0.0001765818661841276,2
0.012797962272356595,5.428059382601881e-08,0.9871827465099864,1.9236937896344153e-05,2
0.06308150899835284,4.308832604995582e-08,0.9368866804608377,3.1767452519223274e-05,2
0.1129818026384952,1.7659392123977671e-07,0.8868631511188099,0.0001548696498530258,2
0.12257915939351594,4.438620675443762e-08,0.8769588129532455,0.00046198326691699926,2
0.09431565874705441,3.9948965238736097e-07,0.90563448675465,4.945500876186678e-05,2
0.055689643768616924,1.0315604185393451e-07,0.9441515010003613,0.00015875207671234718,2
0.014378210233559473,1.9263294873470887e-08,0.9855375904293175,8.418007550579202e-05,2
0.003326643620329789,2.1118392805066035e-08,0.9966683097822598,5.025478727811376e-06,2
0.000796396253982831,1.700555539204766e-09,0.9991846831510858,1.8918895042045884e-05,2
0.0005190894681417124,1.7112732898900363e-09,0.9994794351376431,1.473684302000921e-06,2
0.001347361397759637,1.140644073210578e-09,0.998633276111201,1.9361348903141255e-05,2
0.016043469930906926,7.523849733572268e-09,0.9839228590673411,3.366347805586477e-05,2
0.14198306824851953,7.662681748109433e-08,0.8579141266033963,0.0001027285217293804,2
0.48396512754350507,1.0123776600707583e-06,0.5131047736114843,0.0029290864675893067,2
0.8580113904942801,4.9495035699434844e-08,0.08540431812300696,0.056584241889375025,0
0.9469645730215354,2.9331817876910573e-05,0.050934958266192536,0.0020711368958566964,0
0.9752504243622366,3.876627926752225e-06,0.02465891432142753,8.678468709332588e-05,0
0.9916626047690793,1.2837273163648534e-06,0.008255781015696826,8.033048708329407e-05,0
0.9973187656823108,2.2268474649280794e-06,0.002530958661486133,0.00014804881048443913,0
0.9991821225423694,5.5757659863160205e-06,0.0007850538592554683,2.7247832813133792e-05,0
0.9996210977503223,4.2507862376495895e-06,0.0003461036220498552,2.8547840537733622e-05,0
0.9996802753322704,2.67312647185208e-06,0.0002492986560954552,6.775288351642987e-05,0
0.999803184250029,5.570904478734166e-06,0.00017432999574213914,1.691484866521977e-05,0
0.9998405104029989,5.6510176505687175e-06,0.00013486431778618533,1.8974263321374784e-05,0
0.9998552168737463,5.223096293123897e-06,0.00011061624507225397,2.8943786062367924e-05,0
0.9998384522449625,5.251109432650274e-06,0.00013578184781838252,2.051479940178197e-05,0
0.9997566895315826,5.1514629944479576e-06,0.0002188005958543471,1.9358410320371633e-05,0
0.9996524382053893,3.8377514727546796e-07,0.00012051086997006296,0.0002266671489596425,0
0.9998366017021286,5.221535035079346e-06,0.00013145671774402666,2.6720045644363836e-05,0
0.999855915854059,4.7771817933551085e-06,0.00011169158354807753,2.761538172260953e-05,0
0.999908629264589,7.687387211560864e-06,6.024403585708979e-05,2.3439312036906114e-05,0
0.9999348991096081,1.6459176528753982e-05,2.9059385457093582e-05,1.958232925606374e-05,0
0.9999367118562794,1.4056301034383543e-05,2.5920329640171004e-05,2.3311511417502633e-05,0
0.9999282512855746,1.4680837252106607e-05,2.197809066327476e-05,3.508978568358901e-05,0
0.9999333839257456,1.2130683321647711e-05,3.228494914403585e-05,2.2200440985028548e-05,0
0.9999060387871745,1.7870276683500547e-05,1.977397169767677e-05,5.63169627299569e-05,0
0.9998956726777242,3.625287288012304e-05,2.1206980885379227e-05,4.686746771434731e-05,0
0.999397634462977,0.00032452602297076803,1.9954093979908104e-05,0.0002578854217505634,0
0.9935555053534433,0.004701173022284777,1.8706945857534254e-05,0.00172461467833244,0
0.909691327660444,0.020158841997570946,3.785728629861536e-06,0.07014604461508099,0
0.6026961190500832,0.360332126310276,1.6624662959757404e-06,0.03697009217384344,0
0.1545024868999854,0.8333765567841621,1.4581412019881358e-07,0.012120810501687456,1
0.007818099363243979,0.9891299534082407,7.59961233936491e-09,0.0030519396306083408,1
0.00036045153347764305,0.9989792835474777,1.7298187073705264e-09,0.0006602631889818739,1
3.20083870106816e-05,0.9964818442752743,3.173863007273023e-11,0.003486147307514646,1
1.9169366523645602e-06,0.9990495382080661,8.304575392720971e-11,0.0009485447738722517,1
1.9058768839964146e-06,0.9831345862797843,1.3841269717032888e-11,0.01686350783030312,1
9.769338622134279e-07,0.9931535978843052,2.5605593259492323e-12,0.00684542517788048,1
5.142105907131533e-07,0.9994752479363709,4.666528839942565e-12,0.0005242378491877793,1
2.808143364585979e-08,0.998831690398853,2.016451940308047e-12,0.0011682815180185568,1
3.3309621367772177e-08,0.9775264109792589,1.0360129653986785e-13,0.02247355571219537,1
3.318608141166049e-06,0.9970512825134893,8.163915059814451e-11,0.0029453987967361594,1
4.28208610969325e-05,0.9983064330691274,1.630131693289275e-10,0.00165074590684315,1
6.585316688706395e-05,0.9993456462766696,1.7606180713878767e-10,0.0005885003812268052,1
3.2444299225284595e-05,0.9994581541622556,4.944432149091769e-11,0.0005094014872832081,1
2.2265959843569007e-05,0.9995700615017187,4.606347956755508e-11,0.0004076724940434628,1
1.2198307187479393e-05,0.999219823305917,2.6172438178590993e-11,0.0007679783604724375,1
1.854274607052528e-05,0.9992059154422419,8.240659148764382e-11,0.0007755417299452601,1
1.8519638947924887e-05,0.9977205441490913,6.044148487633267e-11,0.002260936151898804,1
2.0485418802902285e-05,0.9986732503062533,3.528073932086283e-11,0.0013062642409632861,1
1.345586147301845e-05,0.9996232581805673,2.348980253395817e-11,0.0003632859358154221,1
3.5127514846104027e-06,0.9994077884980204,1.3119892246494698e-11,0.0005886987386221513,1
2.0729002933734617e-06,0.9982898005833032,3.1477466425435644e-11,0.0017081264834306247,1
7.387259010493743e-08,0.9925189463429863,4.889406283972699e-13,0.007480979784044484,1
2.2213155074903965e-08,0.9968383422869095,2.272179551681669e-13,0.003161635499165365,1
1.3469935950805633e-10,0.9991837248277017,2.9063170146389762e-15,0.0008162750371074078,1
1.7479335227207425e-10,0.9994842267274046,1.936676470872677e-14,0.0005157730982616759,1
4.1857482369526597e-10,0.9943286449044012,1.5457254242388422e-14,0.005671354678325237,1
2.957595915207371e-10,0.9966611104927866,3.8065338880593e-15,0.0033388892103136374,1
1.1583895774870595e-08,0.999574552349414,2.1549252249448325e-13,0.0004254360654538042,1
1.479521689705008e-08,0.9984580360811947,3.4442696105967165e-13,0.0015419491241648504,1
3.972324037571099e-08,0.995649445906612,6.7155354117649705e-12,0.0043505143646499584,1
1.4676295577334365e-07,0.9169563553895707,8.70659245661552e-12,0.08304349783970986,1
5.274830980670555e-08,0.9007457748639657,8.96474437308746e-13,0.09925417238731613,1
6.712761371149465e-09,0.9932570289694975,5.729279095273995e-13,0.0067429643179095985,1
2.2312441982909195e-09,0.9985986153366131,3.3964679514093594e-14,0.0014013824339117879,1
2.2041397862147867e-09,0.9993923819274186,3.013081693512167e-14,0.0006076158693478796,1
5.253186589931809e-10,0.9988323784019807,4.690314767081383e-15,0.0011676210731415449,1
1.3791604178965263e-09,0.9993882324554806,6.324369847120964e-14,0.0006117661663897035,1
2.2226154048575637e-09,0.996338986563567,1.3640388039490541e-14,0.0036610112128861927,1
5.312596651941372e-09,0.9991309773835821,6.297518299438397e-14,0.000869017304883459,1
4.254938129570348e-09,0.9989968557244239,5.05300262115124e-13,0.001003140019346503,1
3.700670069696672e-09,0.9819245607768806,7.899507870085761e-14,0.01807543552253926,1
2.439652595111295e-09,0.9938482472656188,6.348598002563724e-14,0.0061517502955814015,1
2.1286932025112746e-09,0.9991808860567476,2.1411541814714096e-14,0.0008191118152602898,1
5.061894057686926e-09,0.9996218281181339,1.707408205870631e-14,0.0003781668193180437,1
2.3751948571566855e-07,0.9996029038696966,3.368959638214002e-13,0.0003968586120323194,1
2.2991834702015382e-07,0.9995153336241894,1.7072901499605536e-12,0.00048443645557176167,1
9.262804543123356e-08,0.99754924780845,1.124522316530335e-12,0.0024506595635006073,1
6.462779800583538e-08,0.9947792105673031,3.4040551442767625e-13,0.005220724804804385,1
8.624700281810177e-09,0.9984825838430269,5.707844995961506e-13,0.0015174075325727959,1
8.119429244642995e-09,0.9945623940871895,2.870288072140643e-14,0.005437597792569025,1
3.0193239023111365e-08,0.9994218093567464,1.2052420102655681e-13,0.0005781604501369537,1
1.5502842503740757e-08,0.999689766589715,3.019851351212356e-14,0.0003102179079163394,1
3.062401997159291e-08,0.9996801452688406,2.259356597968693e-13,0.00031982410871213334,1
6.071802348602162e-08,0.9983735002376999,1.0005055429168217e-12,0.0016264390442658494,1
6.941343299949339e-08,0.9944650986461864,1.953168535566543e-12,0.005534831937247462,1
8.47258795154053e-08,0.9910603844730626,1.6205942074049054e-12,0.008939530797886152,1
6.745438891322272e-08,0.9957973360557815,3.9935386708030703e-13,0.004202596490243012,1
7.190919044468686e-08,0.9991545690150173,2.0891253333282516e-12,0.0008453590749921922,1
3.035568817870984e-07,0.9961939742197254,1.2019930586063258e-11,0.0038057222117700755,1
2.3970531014287768e-08,0.9821687636177483,8.617079783213979e-14,0.017831212411862123,1
1.9528878313729638e-08,0.9981970797233637,1.7212077365990626e-12,0.0018029007462056544,1
4.948345074775935e-09,0.9956733568059538,5.737901189986386e-13,0.004326638244360017,1
1.5150287104425784e-08,0.9825299001851523,1.5683174929258691e-12,0.017470084662745435,1
7.023640202604125e-07,0.9570803576898733,2.5629591620428784e-10,0.042918939690407755,1
2.0497499959097152e-07,0.008930935208857778,1.2942144516802765e-11,0.9910688598022266,3
2.987367882881936e-14,8.362830383815588e-17,1.6820501390608196e-19,1.0,3
1.0862333990844879e-16,5.454734137473941e-18,8.66573230956349e-22,1.0,3
5.306294285921985e-10,2.2827681682640502e-07,1.6312638786673726e-13,0.9999997711929871,3
4.452625892247258e-09,1.2999332058152054e-06,8.230633252174198e-13,0.9999986956144634,3
4.348001876331592e-10,1.9350015860954418e-07,7.190331145648223e-14,0.9999998060666445,3
1.0802468850127957e-06,0.1005741193003332,2.1499270086186236e-09,0.8994247983042415,3
1.9026569771656862e-08,0.0005524668166162777,9.069417561986777e-12,0.9994475141480842,3
2.1494287331557438e-08,0.0005345976591678292,1.829047559886188e-11,0.9994653808298102,3
6.708337084363313e-11,0.000885952351476384,5.509686185814992e-13,0.9991140475802233,3
5.07433086854762e-13,0.0006199020004917064,2.9526407970620426e-15,0.9993800979997843,3
3.7043076816136834e-11,0.2980611666977963,2.481090308888224e-13,0.701938833265212,3
2.473739428415813e-10,0.7192310160490605,2.5933279355596934e-12,0.28076898370167136,1
6.239858436202659e-12,0.7974622017323023,5.237618176972589e-13,0.20253779825945809,1
1.5940781234135893e-13,0.5218616870813491,1.4199708513760441e-15,0.47813831291764036,1
1.6748901164450219e-12,0.8375192136396292,1.9608964481075412e-13,0.16248078635997665,1
9.884890966080597e-13,0.8041869810077157,1.0356497036164404e-15,0.19581301899084055,1
4.238501949464006e-12,0.9814110966888309,4.633743819124421e-15,0.0185889033073819,1
6.078940419743176e-13,0.9983257497100968,4.179004861079981e-16,0.0016742502885354596,1
1.7035549650329169e-12,0.9990621936323556,7.8071161905502e-16,0.0009378063667285763,1
4.480174806135233e-12,0.9968561468693026,6.2776457406815385e-15,0.003143853125608298,1
2.4376577482851264e-12,0.9657990562454576,7.604825598844586e-16,0.03420094375202373,1
2.6934303532657747e-13,0.9856495816658358,2.589180600335424e-15,0.014350418334246122,1
2.2029366587028826e-10,0.9883250076025916,3.396106230011507e-13,0.011674992175163556,1
4.5266411228965855e-10,0.9619558781717489,5.759097294098553e-15,0.038044121374912025,1
2.0237652236685706e-10,0.9973131725612979,1.2419855006814417e-14,0.002686827236697122,1
1.1711788694807687e-10,0.9995085092998605,4.7221097155593345e-15,0.0004914905834719856,1
1.5122930997716597e-10,0.9989858389189247,2.3190603697465957e-14,0.0010141609305366528,1
2.2444216599788255e-10,0.9923635748343348,8.962397155124552e-14,0.007636424942128843,1
3.315656372945067e-09,0.9661213553675224,3.936105366077209e-12,0.03387864131409027,1
3.207236586888282e-09,0.011205035339582356,3.5254484615233854e-13,0.9887949614545724,3
2.318518998605702e-14,1.5959387940918137e-08,2.8424404319447242e-18,0.9999999840401871,3
4.18434709869735e-09,0.43775183284056357,1.3081699001472075e-11,0.5622481629623989,1
1.4911501285471995e-08,0.6582026730311605,6.208038471690788e-11,0.341797311993609,1
5.257112752753222e-09,0.6535275163368861,3.957274550544192e-12,0.3464724784030883,1
7.73036665741212e-09,0.8247919731108291,1.7748761011124673e-11,0.17520801914069753,1
1.6431508866173635e-08,0.8565184436033062,6.062890020504723e-11,0.1434815399037856,1
3.2262501160008195e-08,0.3449502613122088,9.210702293196344e-12,0.6550497064162631,3
2.3479989270821834e-09,0.07186644058262576,1.6679726189412344e-13,0.9281335570674745,3
7.049791341729562e-11,0.7128002421883387,1.15327615834035e-12,0.28719975773891887,1
5.046855203444509e-12,0.7980073243041585,3.183377240847499e-14,0.20199267569200302,1
3.3367296923685232e-12,0.938311163521928,7.228941576976174e-14,0.06168883647325629,1
6.810486177075785e-11,0.9510103498003624,2.6874082447571317e-14,0.048989650133242295,1
5.954436418675763e-12,0.9923528201896138,8.795074350691885e-14,0.007647179803250116,1
2.567864807637151e-11,0.9564442036999118,4.5437807287371935e-15,0.043555796274418454,1
2.953901996096687e-11,0.9891923569184392,1.0008580810648742e-14,0.010807643052237772,1
3.4939237575787044e-11,0.9977111611422453,2.311689520590097e-15,0.002288838821917612,1
3.349000372744878e-11,0.9993768941071044,8.378912876570473e-16,0.0006231058602794797,1
7.689222571313396e-11,0.9995325408317808,5.9834949768111974e-15,0.0004674590928668309,1
1.4415425094328045e-10,0.9968787830121527,7.851886957705718e-15,0.0031212168434306096,1
1.5989894047941026e-09,0.997150371102073,1.4910451490077734e-13,0.00284962729941311,1
3.510882267944626e-09,0.992969877076754,1.5535902616758335e-12,0.007030119409584605,1
3.3641484051493924e-08,0.8447525082806974,1.2205496089129036e-11,0.1552474580662956,1
1.7836341106816442e-10,0.004110365126054286,1.3011687453477754e-14,0.9958896346940234,3
1.9762658802744603e-07,0.3671081922475769,1.074971228441381e-09,0.6328916090498593,3
4.1567493335082134e-12,1.8405779951736794e-06,6.976375766929895e-16,0.9999981594172481,3
1.6146792293145528e-15,1.1818885302526622e-10,1.904123810796828e-19,0.9999999998835847,3
1.8615923307991858e-07,0.2039428536931956,6.073264283977672e-10,0.7960569595415584,3
4.28055767241176e-09,0.12655730211295682,1.0165645061867748e-12,0.8734426936037542,3
4.531029372902024e-08,0.7756987930219039,3.3313422437636793e-12,0.22430116166506908,1
7.46593973576163e-09,0.983962760349703,1.9679002867550182e-11,0.0160372321653652,1
1.7148844707661062e-07,0.9563213253547993,8.553948125654114e-11,0.043678503071769535,1
3.3059339108608434e-09,0.008865305338733776,6.314736171317349e-14,0.9911346913544514,3
4.864889701071004e-07,0.3005244360689006,2.2555406136090345e-10,0.6994750772170113,3
5.518705648560641e-07,0.6724762961229699,2.762094977548597e-11,0.32752315197732956,1
2.8405684317657105e-06,0.9762689758669518,3.909501116401607e-10,0.023728183173433885,1
1.3204278586895953e-06,0.9907619827860873,4.1354100652852796e-11,0.009236696744042637,1
2.442725603461639e-06,0.995157139599525,8.414598778318623e-11,0.004840417591928036,1
3.1294644403273486e-06,0.9887073883178008,2.5300740905766787e-11,0.01128948219322926,1
2.662502641120089e-06,0.994540873965005,1.0846235677704555e-10,0.005456463424008669,1
1.8171851747892613e-05,0.9918637836205144,1.3777373855827033e-09,0.00811804314879729,1
9.555847631322314e-05,0.9278772883716278,6.400788614537917e-09,0.07202714675049957,1
3.4287054371453905e-05,0.14668294859324046,9.748776445657252e-10,0.8532827633757192,3
0.004271821084820362,0.2810125847497746,4.241712482949775e-07,0.7147151699940154,3
0.043601023898663833,0.3323109694586931,3.961175631869162e-06,0.6240840454669322,3
0.13178074951320373,0.1395091354846521,3.591062433048007e-06,0.7287065239392959,3
0.8316758854024002,0.09316147929737945,8.26471557332747e-05,0.07507998814346876,0
0.978492628912003,0.016955115110506985,2.0877952843529813e-05,0.0045313780251202244,0
0.9950664208292561,0.004168214063321546,8.785723759020731e-06,0.0007565793852235184,0
0.9978879989962688,0.001770700913400042,1.1085183526362166e-05,0.0003302149064043322,0
0.9961159462260111,0.0011769482757194244,4.469141680740847e-06,0.0027026363570082927,0
0.9983248296334584,0.00030291194962131014,6.444753393306902e-06,0.0013658136620510936,0
0.9971418464064934,1.3931926557520956e-05,3.7967297830046995e-06,0.0028404249380665995,0
0.9963784654836111,9.250529757617786e-06,7.232235579769537e-06,0.003605051749329839,0
0.9967326799554863,7.049451586388302e-06,6.401255065544148e-06,0.00325386933912521,0
0.9959023659054514,6.55541311738658e-06,6.007107051551271e-06,0.00408507157481802,0
0.9996528550274955,3.190785499044511e-05,1.2336782063855716e-05,0.0003029003369115962,0
0.9997997914352363,1.814404290406379e-05,1.3713747613347256e-05,0.00016835077291166346,0
0.9999137631317878,2.980101212145606e-05,1.6848030464784214e-05,3.95878268193506e-05,0
0.9999334383499222,2.2321432158690752e-05,2.1598956931343992e-05,2.264126064465929e-05,0
0.9999367721774279,1.835704101696817e-05,2.1813976832491715e-05,2.305680434633442e-05,0
0.9999061725721963,5.751935686290626e-06,1.4611836668215772e-05,7.346365586440182e-05,0
0.999857890561017,8.033908744268906e-06,2.1206588946477595e-05,0.0001128689403475214,0
0.9999255295815701,1.0554220056385861e-05,2.8605371987227203e-05,3.531082462914346e-05,0
0.999846562565154,7.410377473872763e-06,8.401218342630275e-05,6.201487452350333e-05,0
0.9995081440918344,5.0468106577001936e-06,0.00035903790821094713,0.00012777119048745707,0
0.998343474856984,1.2077351944160273e-06,0.0014371614860498427,0.00021815592033423467,0
0.993555385350926,2.7392462563969138e-06,0.006381811839548307,6.0063563312776685e-05,0
0.9857604229753048,2.8831394183768433e-06,0.014197663300806736,3.903058623524386e-05,0
0.9720239102540452,2.097664590492024e-06,0.02782841575320062,0.0001455763289236179,0
0.9396999883284871,6.461833540291307e-06,0.06012344714377013,0.00017010269401604417,0
0.8457408821869092,1.7961362035193061e-06,0.14848648991254215,0.0057708317644947875,0
0.21625486169660932,1.274098471867207e-06,0.7830965936537452,0.0006472705503837186,2
0.0010713968405504756,5.862749871104733e-10,0.9969850865416835,0.0019435160309098933,2
3.354639348100874e-06,5.294692712108248e-10,0.9999711591893097,2.5485640784270325e-05,2
2.330194549497012e-06,3.0056553104631664e-12,0.9999949178438322,2.751956854558929e-06,2
3.0463950606664773e-06,7.509440850497862e-13,0.9999941177329876,2.83587088939395e-06,2
6.181477897114143e-05,2.4425203413209826e-11,0.9999374146258964,7.705723394739043e-07,2
0.00010592445696681017,3.3591800695977595e-11,0.9998922327369687,1.8427707708045473e-06,2
0.00020329546639611504,8.547266631238824e-10,0.999791562328169,5.14135200827832e-06,2
0.00013726774153520696,2.351225949719398e-12,0.9995878638811404,0.0002748683753529451,2
1.1874365145359689e-05,7.977920936465522e-10,0.9999824608140621,5.664021394249508e-06,2
0.00011907006191975095,2.4646920260297276e-12,0.9998206300312915,6.029990471171455e-05,2
3.826570361201347e-05,3.377006484270399e-10,0.9999607223363907,1.0116224009116962e-06,2
7.157597534625833e-05,1.3293391583894713e-11,0.9999240979008157,4.326109282590392e-06,2
9.931932345117103e-05,3.314038014331875e-11,0.9998819214939361,1.8759147929191176e-05,2
0.0001232184143826684,2.582666960243126e-10,0.999875658392183,1.1229363139770485e-06,2
0.00035250502004256366,3.6902667768258265e-10,0.9996432647881867,4.229823586554606e-06,2
0.015021209017418758,4.925795727004355e-09,0.9849316842783578,4.710177934047885e-05,2
0.664722780494044,4.814138244532207e-08,0.33501559528344727,0.0002615760815103338,0
0.8954491671502002,2.257460313490174e-06,0.10447092029689138,7.765509289235323e-05,0
0.9828381122912292,2.0178138403306255e-06,0.0169386958392364,0.00022117405549931048,0
0.9949233464944829,3.4954915492453973e-06,0.005034512002801849,3.8646010650167315e-05,0
0.9986041094515121,4.712667356450326e-06,0.0013708538396852803,2.032404311526453e-05,0
0.9996779361133569,4.580810924956106e-06,0.00029274334889099003,2.473972745534777e-05,0
0.999840849655948,5.290429486548474e-06,0.0001326861055152545,2.117380772043662e-05,0
0.9998961326922708,7.14611089627008e-06,4.794550889905958e-05,4.8775689256164574e-05,0
0.9998239931742824,9.238115171126334e-06,0.000137132883301414,2.9635827900758593e-05,0
0.9977792757320261,1.2197519664347661e-05,0.0021376262991252997,7.09004477830627e-05,0
0.9638972217993627,6.034377519756539e-06,0.036008427688531824,8.831613556816248e-05,0
0.8176761818330422,4.558260030582088e-06,0.18163012422979746,0.0006891356784994313,0
0.08613660024703186,3.7694992716169425e-07,0.9136787548170969,0.0001842679858055488,2
0.0008687786329388172,3.3551148181720363e-09,0.9991021510446564,2.9066965688632245e-05,2
1.81249393612997e-07,3.0315778508910035e-11,0.9999953843978,4.434321410695901e-06,2
1.3268332371245883e-06,2.052283245046378e-10,0.9999089742735839,8.969868649719159e-05,2
3.553514452015127e-05,4.36270973755604e-10,0.9735195019417183,0.026444962478005016,2
2.980973254610747e-08,2.496516455344495e-21,0.0001788737688342314,0.9998210964202856,3
1.897030664186538e-05,2.931263243789283e-08,0.9344441916636724,0.06553680871621131,2
3.729541362393765e-06,1.993663740609251e-08,0.9996709318146259,0.00032531870791121094,2
4.205207874899783e-06,8.266389557828416e-12,0.999876578483098,0.00011921629950098054,2
9.79313843017104e-07,4.604720990340447e-11,0.9999981598901845,8.607505729271651e-07,2
1.2433466038127696e-06,2.41903749514267e-13,0.9999980810080383,6.75645928461748e-07,2
1.755145973442827e-05,1.5478102492775244e-12,0.9999815545079846,8.940301929195146e-07,2
3.8435468973705675e-06,1.2638066415695728e-12,0.9999956728554877,4.835947245471825e-07,2
7.613662304926139e-06,6.860229484220233e-13,0.9999912499243616,1.1364138988011859e-06,2
9.69070564625564e-06,9.588751289104437e-13,0.9999862648907893,4.044403301667345e-06,2
8.317708460325792e-06,6.002860761795611e-12,0.9999908354349589,8.468506106426394e-07,2
2.1278979051077842e-05,6.879093547399441e-11,0.9999734842481593,5.23670460020679e-06,2
0.0001585253255194841,3.4178084561100317e-13,0.9990515108099667,0.0007899638657023853,2
3.6979974400328632e-06,6.778520866829542e-10,0.9999925092077756,3.792118110322723e-06,2
9.220447359643469e-05,6.755220515571754e-11,0.9999057858222934,2.0096357805575865e-06,2
0.010393280019934253,1.0678567508024821e-09,0.9895619232095915,4.4795704019920886e-05,2
0.14462807978335612,1.1682920755485857e-08,0.8541455335113384,0.0012263750227015358,2
0.6928638049518213,1.0314674264734798e-06,0.3068981017582634,0.0002370618214645607,0
0.9338312312309243,2.380255657066816e-06,0.06593727649061935,0.00022911202379607761,0
0.9925704677963433,6.653423244634749e-06,0.007394283781292476,2.859499948332784e-05,0
0.9993198397008508,7.249262792718759e-06,0.0006507979330642232,2.2113101642927432e-05,0
0.9998671764585216,8.924303556245007e-06,0.00010509155677248574,1.8807680277633146e-05,0
0.9999199769196416,1.0086454535860534e-05,5.213036938992523e-05,1.7806257457205537e-05,0
0.9999145571216222,7.958059129964706e-06,5.472516061557974e-05,2.2759657527772e-05,0
0.9999201312631043,1.4391595611704171e-05,3.202464113232254e-05,3.345249907871276e-05,0
0.9996449961116887,2.3197209704778422e-06,0.00029977305205695307,5.291111527017569e-05,0
0.9996102016494894,3.032120161565083e-06,0.0003421788722240875,4.458735890806467e-05,0
0.999766305071415,1.1121547836556955e-06,0.00015417998359154467,7.8402790776356e-05,0
0.9998216700234321,1.7766832268636795e-06,0.00012555665229390712,5.0996642186739e-05,0
0.9999164567209147,7.872035516358057e-06,4.867354245515884e-05,2.699770183642353e-05,0
0.999928894943567,1.0979595707126556e-05,3.898511786004924e-05,2.1140343259412476e-05,0
0.9998503533029486,3.2196651532738987e-06,1.6598722771705946e-05,0.00012982831051309087,0
0.9999313386759923,1.0908423892194767e-05,3.851414284237539e-05,1.9238755909183868e-05,0
0.9998879854705969,5.754364620050538e-06,4.655700847301023e-05,5.970315523235903e-05,0
0.9999111476249153,9.914233750808862e-06,5.293628854703134e-05,2.600185433947206e-05,0
0.9998574043525267,4.440089010218577e-05,1.9434538127819795e-05,7.876021824180859e-05,0
0.996868059958985,5.825773111683636e-05,1.201745400102639e-05,0.003061664854832473,0
0.9726004025332442,1.0591385341313314e-06,2.701541589809596e-06,0.02739583678843952,0
0.9987714157071976,7.860215404008237e-05,4.1012578102280266e-05,0.0011089695618379425,0
0.99991000544901,2.1044196930024856e-05,3.4912088523256746e-05,3.4038267326114636e-05,0
0.9998197946250937,7.74260076132964e-06,1.7869285501644327e-05,0.0001545934889353694,0
0.9999288441391689,1.9193352816139853e-05,2.268680837989703e-05,2.9275698792640794e-05,0
0.9998409855055658,4.1144359441727384e-05,1.643669191977746e-05,0.00010143344322642493,0
0.999114459390863,0.00028206051526543,1.624134227123563e-05,0.0005872387521010125,0
0.9952136422921706,0.0033946793805348006,1.0251254784364875e-05,0.0013814270733505107,0
0.9642196901543847,0.0314923510648505,1.0553927150546177e-05,0.004277404852454494,0
0.8911409200377615,0.05797647397963824,4.717581351187014e-05,0.05083543016907288,0
0.030792567938189377,0.014950036448728722,3.527754861428361e-07,0.954257042837897,3
0.00012114665517167427,0.0933529523425932,2.0724555206656645e-09,0.9065258989284163,3
1.0559472555643772e-05,0.5624530828043416,1.2155479027477566e-08,0.437536345566791,1
5.972105054690989e-12,0.5350714001006963,1.199264860231959e-13,0.464928599894072,1
7.007849870421246e-15,0.6114486410601493,1.0304678409029512e-15,0.3885513589398217,1
3.9236494973776397e-16,0.836298139968592,1.9383283106724414e-16,0.16370186003272633,1
6.412766956941374e-16,0.9440698053205626,3.9353894320628267e-16,0.05593019468053839,1
5.214669168520166e-16,0.9495575807831672,1.7191024273231658e-16,0.05044241921653508,1
8.980963204683341e-16,0.9559227287117966,8.085340797813247e-16,0.044077271286921446,1
3.0326714673994665e-15,0.7841322153842021,8.428332785759275e-16,0.21586778461425413,1
1.0391366660481005e-15,0.3065052211363563,5.18124077814119e-16,0.6934947788640203,3
6.191774845288943e-16,0.0007205599517750024,5.485337480700489e-17,0.9992794400478141,3
4.465636155554218e-16,0.022710067048058863,2.0547722185330004e-15,0.9772899329530069,3
1.6469681576716353e-16,0.005996219537525234,2.4133450384867323e-16,0.9940037804640465,3
5.2747673158072944e-17,0.055485526148850724,9.286099887327905e-17,0.9445144738502618,3
8.391248396132594e-17,0.4249568144062344,4.639122460267193e-16,0.5750431855945789,1
2.3958303089698207e-16,0.6022208401933795,1.5251489853239205e-16,0.39777915980719014,1
2.519872736778464e-18,0.8313697296447478,4.5686182741552734e-17,0.16863027035633127,1
1.3649207624639741e-17,0.8619976688559863,1.6215584323798804e-16,0.1380023311439285,1
4.3591921765449206e-17,0.7455157516982678,1.783927665949566e-16,0.2544842483014419,1
1.0403650012159532e-18,0.11853030686298975,1.8609983670477406e-19,0.8814696931371165,3
6.817061095053399e-17,0.8213381435791902,1.7132603528856992e-16,0.17866185642016877,1
3.2830151730369537e-18,0.9201408266678928,5.188559733616674e-17,0.07985917333182217,1
4.448771028910764e-17,0.898270684194054,6.3737880500716544e-18,0.10172931580625671,1
1.0440238785312691e-16,0.9754319511696866,7.108321584840387e-18,0.024568048830488676,1
4.151435910422451e-14,0.9977940976343441,1.2434502987660014e-16,0.0022059023671687013,1
1.9862940394456858e-14,0.9988178410182611,1.3721834942044488e-17,0.0011821589817688424,1
1.484930110016053e-14,0.9992449492588403,7.654129105246435e-18,0.0007550507418260997,1
2.8135952493298987e-14,0.9993493483041893,1.35007009673334e-17,0.0006506516960703017,1
6.634215078712262e-14,0.9991591356778636,1.463288637224001e-17,0.0008408643207491576,1
2.925050719380031e-14,0.9993576674256054,3.7534990238459276e-17,0.0006423325741466775,1
9.331962554580492e-14,0.9975080890622842,3.3451040706972414e-17,0.0024919109391102197,1
1.3737957768786342e-13,0.9985780077397871,1.0862601663722416e-16,0.0014219922610619127,1
4.6580817783823094e-14,0.9977653367707277,3.095843503305402e-16,0.0022346632292574507,1
1.8821758993172362e-13,0.986589406189317,3.2961051822223615e-15,0.01341059381204649,1
5.016472591583954e-12,0.7959459391655266,3.7792641572689326e-14,0.20405406082967806,1
3.4528553802030703e-12,0.21013509956140128,1.9593373386995645e-15,0.7898649004358759,3
8.838241788916145e-11,0.7877417825545304,3.0900807474002094e-12,0.2122582173544946,1
3.024711626995639e-11,0.7456736940846913,6.591613229530477e-13,0.254326305883861,1
7.385413576837793e-11,0.3201371613593572,6.038784067739266e-13,0.6798628385671533,3
9.129650076770151e-12,0.02106520388813344,5.008423288601733e-14,0.9789347961028275,3
2.8905997667027198e-12,0.02004866698597374,4.918016799967309e-15,0.9799513330105265,3
2.398075721187473e-10,0.848685818919956,4.028948629537916e-12,0.15131418083712045,1
6.410861840416263e-11,0.8437483360448466,1.3193324341651246e-14,0.15625166389136333,1
4.20228055050723e-11,0.992312926274046,1.693190879433292e-14,0.007687073684887528,1
6.314879120073895e-11,0.9991257254316641,7.756912609828396e-15,0.0008742745064265543,1
1.1209133714805823e-10,0.9986776417432072,1.1807836494488572e-14,0.0013223581448762877,1
4.3736523152441447e-10,0.9948359796761489,2.6280738685594475e-13,0.005164019884803569,1
8.510127600857789e-09,0.9008888060789956,4.767885221543472e-12,0.09911118540664843,1
1.2939557289805565e-09,0.36796626107906355,1.0277988723602222e-13,0.632033737625736,3
3.9139571541329756e-09,0.8108199510555839,1.1606621808247586e-12,0.18918004503018993,1
3.2561969302301313e-09,0.9816959703409438,4.2456608032730707e-13,0.018304026403292085,1
3.851742541425279e-09,0.9976415504811423,3.074037305965764e-13,0.0023584456662239864,1
8.555505026961045e-09,0.9976318280296352,2.290720053955446e-12,0.002368163413079411,1
4.27048722083316e-08,0.9437441231400172,8.196587260252554e-14,0.056255834155511636,1
2.3926161251953686e-08,0.9971253804920166,8.334323833476548e-13,0.002874595579332173,1
2.2051538408890057e-08,0.9991225536281761,4.93897660761362e-14,0.0008774243186562414,1
8.029297551578502e-08,0.9996872521801281,1.4592563405870166e-13,0.0003126675257400036,1
1.111942143036893e-07,0.9995612390785839,1.9751410988342535e-13,0.0004386497273689889,1
1.665712291373485e-06,0.9995131789724125,1.3575007900036626e-11,0.00048515530044089886,1
0.00017176686067662836,0.9974314587706309,1.2771863817823703e-09,0.0023967730914582837,1
0.012325666565162215,0.9708562062813346,1.3423894400314188e-07,0.016817992915522145,1
0.6501764366085773,0.3059120405829113,5.978173322835e-06,0.04390554463342584,0
0.959787582065867,0.027667353452854995,1.3226019386451442e-05,0.012531838462015714,0
0.9967161653592115,0.0016812440325717892,2.471523682756801e-05,0.0015778753718521904,0
0.999782572796219,0.00013613832318243652,3.9405449736771194e-05,4.1883430276131075e-05,0
0.9998977848083179,1.1001380293419197e-05,5.470241610939505e-05,3.651139419289352e-05,0
0.9999048918990953,3.7964068460444767e-06,4.33252399593409e-05,4.7986452708328186e-05,0
0.9997982352242923,3.2268905187581335e-06,4.657126179475761e-05,0.00015196662432951898,0
0.9981561652530885,4.784072921811793e-07,1.0012723361189893e-05,0.0018333436180399767,0
0.9998688633121532,8.734411897148335e-06,3.8162318690685405e-05,8.423995560032034e-05,0
0.9998993841707953,4.333199087093624e-06,4.2467881327395224e-05,5.381474700369008e-05,0
0.9999128732174365,6.8381076104247905e-06,5.9873578966094326e-05,2.0415097186681063e-05,0
0.9998314518120319,4.324644791800918e-06,0.00012761957886112886,3.660396438961708e-05,0
0.9998111007911199,4.331881831792143e-06,0.00015926277907706647,2.5304548394485455e-05,0
0.9998272849928661,3.730333953215937e-06,0.00013474336747159815,3.4241304060895494e-05,0
0.9997534386480084,4.55316551029837e-06,0.00020537577830831538,3.663240716711026e-05,0
0.9992109496546365,1.0172897364661968e-06,8.722938809223976e-05,0.0007008036660192545,0
0.9999074282854377,7.052996774717461e-06,3.0667664995663654e-05,5.48510543606843e-05,0
0.9999104510905081,8.165277334090543e-06,6.233630994017436e-05,1.9047323604328846e-05,0
0.999777592330973,6.063730771500373e-06,0.00019574055481167096,2.0603384264327757e-05,0
0.9995340579318327,3.0595826719042105e-06,0.0004142580040258334,4.862448299219017e-05,0
0.9982666956880385,1.3022962546612231e-06,0.0015218482652546179,0.00021015375068393586,0
0.9979248110084763,4.365243219858118e-06,0.002042304919435137,2.851882794653882e-05,0
0.9979338734797562,4.446087655152559e-06,0.0020233240286191565,3.835640313040527e-05,0
0.9979341337258483,3.8138142514975395e-06,0.002037278538470794,2.4773922810846528e-05,0
0.9981728778419678,3.184907168550322e-06,0.0017922198068277136,3.1717445720452166e-05,0
0.9979405320202982,3.2223999889549274e-06,0.002022405551863832,3.384002776388145e-05,0
0.9978312960177308,2.98871303626724e-06,0.0021294152613476995,3.630000931186577e-05,0
0.9984261495760316,1.824430769097838e-06,0.0014750133213623838,9.701267103281499e-05,0
0.9980179424115092,1.663060152818e-07,0.0010096976851349702,0.000972193599144309,0
0.9982354402555947,4.6397547025377594e-06,0.001687521391888077,7.239859747751159e-05,0
0.9982598776119082,2.0644772183331394e-06,0.001596777838480899,0.0001412800732993195,0
0.9985169556176441,2.748128147052758e-06,0.0014378954311537935,4.2400822537585394e-05,0
0.9990990075685378,3.71888969871563e-06,0.0008535017532538066,4.377178850918472e-05,0
0.9998534290749177,8.76122288553599e-06,0.00011582565097123232,2.1984051979170898e-05,0
0.9998317577145285,1.019301167455353e-06,3.3317242834183256e-05,0.0001339057432342403,0
0.9998877606832661,5.390869386070006e-06,8.046143794194658e-05,2.6387009683909785e-05,0
0.9999090048225494,7.085750536462733e-06,6.104614066788111e-05,2.286328508492252e-05,0
0.9998790373034913,7.1287915059924704e-06,8.471109178255014e-05,2.9122812518500432e-05,0
0.9999062366928338,4.457630076061067e-06,5.6114275130120216e-05,3.319140301154111e-05,0
0.9999259009916142,1.2130604241542917e-05,3.354977033466333e-05,2.8418632158644037e-05,0
0.9992174193540176,4.034379797032201e-07,8.30764581764552e-06,0.0007738695634633314,0
0.9999228233342772,1.1676141696148578e-05,2.5671314127368962e-05,3.982921156504025e-05,0
0.9999323932578287,1.3940393737461094e-05,2.6236851434927307e-05,2.7429495750195914e-05,0
0.9999359407739264,1.7427411192754323e-05,2.85684402599851e-05,1.80633737162441e-05,0
0.9999300925763311,2.5429659008530102e-05,2.0322027143773702e-05,2.4155738790303756e-05,0
0.9999189283239771,3.7920023868809994e-05,1.7150233358277868e-05,2.6001420218740624e-05,0
0.9999034654060456,4.914075660613584e-05,1.5155241839320411e-05,3.22385960063714e-05,0
0.99989076792187,6.41881674498036e-05,1.3070900579856381e-05,3.197300979046622e-05,0
0.9998609915056612,5.894257310066374e-05,1.1519137814762368e-05,6.854678362135958e-05,0
0.9996991768274726,3.4585736443394604e-05,1.0355553177858907e-05,0.000255881881363528,0
0.9998640414405681,7.761222215590035e-05,1.1476682354190146e-05,4.6869653588211785e-05,0
0.9998895832823425,4.974342313152887e-05,1.227437797052846e-05,4.839891597545899e-05,0
0.9998960594491786,5.152206976630815e-05,1.3889103875214132e-05,3.8529377181648744e-05,0
0.9998790345680622,4.9406134080923164e-05,1.378484192778283e-05,5.777445610416769e-05,0
0.9998106153255657,0.0001227978904693267,1.0046823129977864e-05,5.653996172478387e-05,0
0.9998289340016125,0.00010504136560075655,1.059477294377938e-05,5.542985920934012e-05,0
0.9999124251958291,2.27557677584953e-05,2.2239439131067533e-05,4.2579597759929276e-05,0
0.9999347280811839,1.8844238691882338e-05,2.600095099148011e-05,2.0426727754300427e-05,0
0.9999212657895958,8.194635947583556e-06,4.372980763921434e-05,2.6809768262172687e-05,0
0.9999254060995835,5.788162422392389e-06,4.199537762902422e-05,2.68103589143746e-05,0
0.9998920295486685,3.6249418226690668e-06,4.6207595764012755e-05,5.813791313316356e-05,0
0.999901796656682,5.6498407190856195e-06,6.965218956041161e-05,2.2901314650874935e-05,0
0.9999073146782457,2.708097808813977e-06,2.9966679614025515e-05,6.001054315792217e-05,0
0.9997793546794548,8.496634684778967e-07,1.6107909601806833e-05,0.00020368774597096827,0
0.9997996629057253,3.5251796647623996e-06,3.8472755459002715e-05,0.00015833915937853613,0
0.9999340356337201,1.4960523562218366e-05,2.439798855202597e-05,2.6605854723974137e-05,0
0.9999188424237139,1.6185688267510742e-05,1.326336077566393e-05,5.1708527599100856e-05,0
0.9998365632731635,1.2286193635035561e-05,1.508325288616563e-05,0.00013606728041333377,0
0.9999344561309531,1.3216892367781296e-05,3.236792239669702e-05,1.9959053375980495e-05,0
0.9999271894908821,1.0626908926548768e-05,3.831958987003847e-05,2.386401103696524e-05,0
0.999875555231938,4.744817550832705e-06,2.6826608460976096e-05,9.287334144899673e-05,0
0.9999245549818992,2.799608761818102e-05,1.6101112978101613e-05,3.1347815929391397e-05,0
0.9999292179513402,1.661344339647101e-05,1.564920920988501e-05,3.8519396975303495e-05,0
0.9999259621596968,2.2541322921016143e-05,1.778079050096306e-05,3.3715727199994474e-05,0
0.9999223573234407,2.8013542404328054e-05,1.532490459434337e-05,3.4304231296435146e-05,0
0.9999214285836182,1.0030159946682757e-05,1.8894382590273287e-05,4.964687496831198e-05,0
0.9999202566760521,1.5913828314095822e-05,3.025269231936709e-05,3.35768022882172e-05,0
0.999760272977248,7.934694055407155e-06,0.00020714674079947183,2.4645588610770122e-05,0
0.998453777802141,1.691021296758061e-05,0.0008781065417640716,0.0006512054443379308,0
0.9728157334997056,7.294228963913047e-09,0.00043200477680597197,0.026752254430789466,0
0.9957691728934246,2.026310904561788e-05,0.00255542226377419,0.0016551417334520018,0
0.9983018509896455,2.52161245017865e-06,0.0014474467747442295,0.00024818062491400463,0
0.9997716303365611,2.9478283918893403e-06,0.00017455182424468425,5.0870009796484505e-05,0
0.9998686847617589,6.588148495627501e-06,0.00010756779166022099,1.7159298441252715e-05,0
0.9998185734345777,4.320850612608796e-06,0.00013724225781941841,3.986345594005099e-05,0
0.9998044577038291,4.5853069644811175e-06,0.00016301285744914384,2.7944133254448226e-05,0
0.9997608417481532,2.7472938056052595e-06,0.00019256932419771123,4.384163546920938e-05,0
0.9993626659696073,4.761456636755078e-06,0.0006070181040573,2.55544688140441e-05,0
0.9983645379733419,4.456334103805898e-06,0.0015792263374972595,5.1779354367100225e-05,0
0.9940187341660552,3.2600189948171553e-06,0.005943930688779649,3.407512705740036e-05,0
0.9888722774035774,4.001170051030094e-06,0.01107824955683241,4.547186867296723e-05,0
0.9851892058294662,3.339148926631043e-06,0.014775620583090721,3.183443767593107e-05,0
0.9819887756876948,2.684518393950122e-06,0.0179682657922347,4.02740003631039e-05,0
0.9783224126739095,3.471367225051081e-06,0.021632272170671946,4.184378896754853e-05,0
0.9745837011078928,4.123924120011766e-06,0.025323910270086812,8.826469795201546e-05,0
0.9720874447573088,3.4637158000307423e-06,0.027833901366017762,7.519016180762526e-05,0
0.9507418224124535,3.7452000350544646e-06,0.04921172357755566,4.2708809026438505e-05,0
0.9364731289629517,1.9931611466695204e-06,0.0633225092551579,0.0002023686221690415,0
0.9135369717285017,2.702391351507228e-06,0.08637068113651206,8.964474377130069e-05,0
0.9076875011028256,2.8958761688391424e-06,0.09225207412987725,5.752889285150402e-05,0
0.9203195447146189,3.79302008329007e-06,0.07961066742294112,6.599484224563591e-05,0
0.937697253821541,2.9537700727613524e-06,0.062214040077234814,8.57523298906258e-05,0
0.9660218027363014,3.662415238012803e-06,0.0339456383930152,2.889645556654754e-05,0
0.9874114369409784,2.421423978419933e-06,0.012548335502887212,3.780613258607107e-05,0
0.9936498256842254,2.172436570993602e-06,0.006254833859943996,9.316801916821073e-05,0
0.9954532957889363,1.9073340428280128e-06,0.004485655430023847,5.914144745310318e-05,0
0.9935994076746588,2.9280341926819082e-06,0.006157921365317282,0.00023974292595794528,0
0.994533497867793,2.895850300465206e-06,0.0054063078521600525,5.729842844129263e-05,0
0.9954857005922452,2.1816278013478874e-06,0.004454002286808559,5.8115493920335026e-05,0
0.996501892721967,4.078341614599548e-06,0.0034473086337356972,4.672030447119406e-05,0
0.9997730096858841,1.3693228769826947e-05,0.0001805353212943472,3.276176505895933e-05,0
0.9999215635711379,1.796113894900932e-05,3.0302278106863428e-05,3.0173010878818267e-05,0
0.9998897259263015,2.098732631656061e-05,1.3683535967412432e-05,7.560321002165683e-05,0
0.9997241441907577,1.3284887861196305e-05,1.5248232238530648e-05,0.00024732269018506455,0
0.9996810784942362,0.0001898689246637284,2.352824243470063e-05,0.00010552433953328323,0
0.9968112687752446,0.0026716919557971596,9.584213661374426e-06,0.0005074550539340726,0
0.9847542166569935,0.01320238790448137,8.105008142253664e-06,0.002035290428714725,0
0.940534724878504,0.05262899369321088,6.446592833785253e-06,0.006829834835762696,0
0.7611286650212223,0.2300676485112605,9.874144793200222e-06,0.008793812321501069,0
0.43842419676699196,0.4460331385368377,6.234857588157835e-07,0.11554204121052185,0
0.11370219506434683,0.8755126158470257,4.4299941947174716e-07,0.010784746087813693,1
0.03646353218890577,0.956651677795543,8.287348199549268e-07,0.006883961280111527,1
0.009168910560589901,0.9295532302194298,3.6541137840038227e-07,0.061277493806977563,1
1.9731683111996356e-05,0.49628735622874826,1.048213966604016e-11,0.5036929120785334,1
5.048016698579246e-06,0.9658853679365295,9.678029333745089e-10,0.034109583079688345,1
2.4644655645538375e-06,0.983785091295793,2.3828011586828915e-11,0.016212444215772767,1
2.039358856663943e-05,0.9990363608373503,8.860782518879728e-11,0.0009432454861912807,1
4.537986803674033e-06,0.9996485025208259,4.593528117143145e-12,0.0003469594870931841,1
1.4812321310910572e-06,0.9996295402591909,2.7226163731887934e-12,0.00036897850430552605,1
4.2536571828189027e-07,0.9992149697035008,2.9802875220457872e-12,0.0007846049274090945,1
6.875460543388461e-07,0.997590199946987,5.178297295276562e-13,0.002409112506177863,1
2.945239902754632e-07,0.9996415979713847,5.336760054691331e-13,0.00035810750528336146,1
2.453534905010368e-07,0.9996203810202857,2.1097037716292309e-13,0.0003793736271015701,1
7.448102711151648e-08,0.9997397309370295,8.814342503163486e-14,0.00026019458193211827,1
1.3351890291566832e-08,0.9997064970952203,1.9176674628721835e-14,0.00029348955121708437,1
2.102952965909369e-08,0.9997463033445141,2.8943888566212e-14,0.0002536756257607346,1
1.313152266463293e-08,0.9997361464411543,3.15469217120346e-14,0.00026384042675167257,1
3.66482300699682e-08,0.9995777440282126,5.358546942357215e-14,0.00042221932459901416,1
2.8869159391381456e-08,0.9996809957202487,1.169877251135066e-13,0.00031897541214604135,1
4.1460787126108005e-07,0.9990920096850061,9.256308755929037e-12,0.000907575697159005,1
4.5301620660178416e-07,0.9882543700731357,9.646759040016207e-13,0.011745176911469151,1
6.175685915180392e-07,0.9986118698659258,1.8474095928844077e-11,0.0013875125463297772,1
6.341453815734068e-07,0.997149913540604,1.46569880799968e-11,0.002849452301132327,1
2.647736710118523e-06,0.9904325907870147,3.014056512696374e-10,0.009564761173152402,1
3.9088217081163576e-08,0.7488671597916303,1.634174021490245e-11,0.2511328011054644,1
1.806207798601097e-10,0.0002472217201827339,2.46608585327744e-14,0.9997527780996115,3
2.999035848504728e-08,0.261632390446264,1.2355736294210645e-10,0.738367579438385,3
8.981595531374341e-09,0.3534927546546102,7.867768962908921e-13,0.6465072363624744,3
2.5288185866686013e-09,0.9754745958466196,4.1125815367384755e-12,0.024525401618757627,1
1.2105280293254224e-10,0.9851687283695915,3.0108855199327905e-13,0.01483127150936463,1
4.595915319052001e-10,0.9414247030580157,2.330601989355126e-13,0.058575296480417476,1
2.1262306908757123e-10,0.9352073007014038,3.020907455958443e-13,0.06479269908717618,1
2.227509313340451e-09,0.9484808182675896,1.185149556458472e-11,0.05151917949442974,1
4.4184851742759765e-10,0.3458262778367347,3.404801739291112e-14,0.6541737217216116,3
1.0698621393939172e-09,0.8570506595607051,7.699945920530277e-13,0.14294933936795762,1
4.3003420854851296e-09,0.9805420886415779,7.0099836744366824e-12,0.019457907052047477,1
1.047811315035302e-08,0.9680915876590634,1.5864196612691768e-11,0.031908401847673615,1
2.3309913094826848e-11,2.3368388055051936e-06,4.844157014816456e-16,0.9999976631361298,3
1.539710476794598e-08,0.29078841259141874,7.172330582897696e-12,0.7092115720039768,3
8.860220828895702e-09,0.8395000684017317,1.6470699733712979e-12,0.1604999227377396,1
6.2401685348404494e-09,0.9860087690010593,2.138759282217961e-12,0.013991224758340217,1
2.3372826755357207e-09,0.9938217445381472,1.029835525145053e-12,0.006178253123298374,1
3.5489523691656666e-09,0.9851182848139403,2.5799494193928157e-13,0.014881711638110457,1
2.9628449692005056e-09,0.9921466505241165,1.483968838868451e-12,0.007853346510619317,1
1.9442604230148006e-09,0.9716034962548262,1.439531673719361e-13,0.028396501800754127,1
3.4033829822974483e-07,0.9918148365732302,2.684207741149054e-12,0.008184823086478856,1
2.3231314636552407e-07,0.9993340618589048,3.3989035186305897e-12,0.0006657058246897649,1
5.6595327128360934e-08,0.9985941930081558,7.875412364194782e-13,0.0014057503961730122,1
1.4451248069253603e-07,0.9968204238667029,2.2622745784271975e-12,0.0031794316186952785,1
7.978685563370803e-06,0.9935909275782397,5.161347386935594e-10,0.006401093220190502,1
0.0001002545193816087,0.936170548557276,7.138338472052925e-09,0.06372918978633649,1
2.299853986350761e-05,0.011473809039303846,9.493875002351774e-10,0.9885031914703558,3
1.3816370724781228e-06,2.0049032715623534e-06,1.9976723822912693e-10,0.9999966132584683,3
6.038097473242309e-06,1.1914318828384993e-05,1.20064174945609e-09,0.9999820463828711,3
6.106158833979045e-05,0.0008504096763019146,8.007250241315267e-10,0.9990885279335854,3
0.002863871472076691,0.9027004620921311,5.625829573997218e-07,0.09443510385165722,1
0.00107473413193152,0.9424278556264176,2.982157716405428e-08,0.05649738042186259,1
0.0007581103981283907,0.951310177855271,5.552816665387262e-09,0.047931706193257886,1
0.0004989032493801836,0.9918865352333285,1.4673334686445376e-08,0.00761454684300378,1
0.0009485214347559285,0.9907744016848843,5.868890231090325e-08,0.008277018190764998,1
0.0008785662181790523,0.8906458318710894,2.5102526090439644e-09,0.1084755993999738,1
0.0001464793540254668,0.9757456300288497,1.9850769529659455e-08,0.024107870766326336,1
0.00024124710069724862,0.9425872052997153,3.419785927296525e-08,0.0571715134033192,1
3.418153747344252e-08,5.282970411824003e-08,2.947174150128698e-13,0.9999999129868267,3
2.0013867195043846e-06,5.1637795488159665e-05,3.6635931180220765e-10,0.9999463604524995,3
1.1918478897751894e-05,0.014242881915056318,1.9657480207583543e-09,0.9857451976404101,3
0.00016414929715979408,0.26682930911714503,1.8121137935609346e-07,0.7330063603757125,3
6.75468967421502e-08,0.009429846574799323,7.895730543566207e-13,0.9905700858764399,3
2.9383048933669103e-06,0.9515693944710234,3.2073152036047304e-10,0.0484276669027277,1
3.424477439714171e-07,0.9885620012212081,1.1699154173514814e-11,0.011437656319903596,1
6.183653012881929e-07,0.9968121600596416,5.5580776885971504e-11,0.003187221518336632,1
5.805789818561535e-07,0.9888058445038899,2.6241121784957536e-12,0.011193574913200156,1
4.23907894749772e-07,0.9968210160743949,1.2708418874236742e-12,0.003178560014760201,1
1.5367325663391134e-07,0.9995715052939447,1.9320474439343336e-12,0.00042834103082488686,1
4.390339419701476e-07,0.9979073518748117,1.0143792681253655e-11,0.0020922090797246603,1
3.046552160365248e-06,0.987436450345858,3.019770389391355e-10,0.012560502799054551,1
0.00023646645533031426,0.631331264382217,2.452843885727717e-09,0.3684322667103737,1
0.0005732712448547914,0.7258225262910841,1.2703023219984239e-08,0.2736041897601948,1
0.0009257816028270528,0.9894986463987251,5.720353686058619e-08,0.009575514794318642,1
0.0009620782915709359,0.9973014046883215,1.3845863499976935e-08,0.0017365031745014631,1
0.0022544163878488034,0.9914308023961119,2.6724122384497925e-08,0.006314754493608487,1
0.006671600871728042,0.9514106140082834,5.25726016344238e-07,0.04191725939553328,1
0.0015599786310593591,0.0004356387814290508,3.3926741404861146e-08,0.9980043486613416,3
1.0133472787204325e-06,5.154022065927835e-15,6.269790383032203e-13,0.9999989866524307,3
0.9769777499594084,0.0068466516722098456,0.0005928397757163223,0.015582758591392422,0
0.9976088264635636,3.348614783831542e-05,0.0009980755172166785,0.001359611872938704,0
0.9951055918403342,3.247031231239591e-06,0.004810122228973492,8.103890097311048e-05,0
0.9842121740607863,2.6969423303012816e-06,0.015728004703208155,5.712429304815314e-05,0
0.9801210024075545,3.960686397081801e-06,0.019836892814841914,3.8144091768692945e-05,0
0.9793914825175705,7.082492072852398e-06,0.020322786577674615,0.00027864841298967533,0
0.9793225516229109,4.569025950308874e-08,0.015135999112613614,0.005541403572650505,0
0.9848877948534116,8.052799352214227e-06,0.014682142939124003,0.00042200940895788155,0
0.9896364384891996,2.648332723453995e-07,0.008571246142844878,0.0017920505358619187,0
0.992936462662175,5.4425729461512436e-08,0.00381899601367142,0.003244486898117455,0
0.9957204559501422,1.057609095244377e-06,0.00385699050411148,0.0004214959379556194,0
0.9945566287097399,9.962219077144071e-07,0.005290129507364814,0.00015224556142467288,0
0.9925276455285602,2.324698413475453e-06,0.007324558941054565,0.0001454708308655087,0
0.9889820261566894,8.363252901003649e-07,0.01085123959044507,0.0001658979283499177,0
0.9850767267859355,2.1740160027309857e-06,0.014869275475022738,5.18237227976662e-05,0
0.979198049362985,2.0645305491450443e-06,0.02072578805533523,7.409805265682453e-05,0
0.9579281639931161,1.516183230027881e-06,0.04188347411254154,0.00018684571024849673,0
0.9200281689880059,2.208723120316921e-06,0.07976115841019236,0.00020846387841765227,0
0.7982889268325157,3.7527490343415257e-06,0.20152328735832534,0.0001840330601922786,0
0.6554734558384179,7.181990944209778e-07,0.3440328271429454,0.0004929988207471712,0
0.47667752385501366,1.8773401663650841e-06,0.5231260393176266,0.00019455948869082345,0
0.2590362467454972,8.237951102293433e-07,0.7406953560173032,0.00026757344273954854,2
0.14166172035660093,1.6324907020297752e-07,0.8573297538929072,0.001008362501196951,2
0.023507932195263086,1.58741547830694e-07,0.9753620131938537,0.0011298958683763354,2
0.0013896609401141489,4.1753080154570904e-10,0.99718301228253,0.001427326359898935,2
3.496602606282062e-05,8.69815359842384e-10,0.9999465253059555,1.850779699638067e-05,2
1.4918623549811574e-05,3.2819539687207147e-11,0.9999839108771187,1.1704654127557213e-06,2
1.3359201093082631e-05,2.406576897437679e-12,0.9999846265617925,2.0142343561732723e-06,2
1.2389248607039249e-07,2.9071181997662375e-13,0.9999995879880711,2.881200792447758e-07,2
6.074734456553126e-07,7.186606550839025e-14,0.9999991292792554,2.632466976027146e-07,2
1.3730252356170946e-06,9.897085542335371e-14,0.9999982664754972,3.604990096938747e-07,2
3.5624147624922608e-06,1.8183922760419731e-12,0.9999944914895256,1.9460948308973916e-06,2
8.019128508318657e-06,2.1865468467233133e-14,0.9998140194563633,0.0001779614134462653,2
1.7654381496594737e-06,8.552245097560604e-11,0.9999966686319578,1.5658437199133044e-06,2
1.8857828659161466e-06,5.029174330267931e-13,0.9999959375646293,2.1766506083475463e-06,2
1.3717297685532331e-06,6.912430666300069e-13,0.999998108070911,5.201975664456015e-07,2
2.1528068100087874e-06,4.709022810961537e-13,0.999996849726318,9.97465582525072e-07,2
2.8312063097150208e-06,6.377123040730925e-14,0.9999740947577606,2.3074037043743842e-05,2
3.2084690613496746e-07,1.525198697588413e-12,0.9999984317740673,1.2473771590502976e-06,2
1.5123049340217103e-06,5.657652204578358e-13,0.9999981593262989,3.2836703022691313e-07,2
2.7136932226412803e-06,1.4236547723510676e-13,0.9999956676641145,1.6186412196749262e-06,2
2.1043095626408415e-06,7.371403468742227e-13,0.9999974747838729,4.209062010918227e-07,2
2.671553508080436e-06,4.1224971617571455e-13,0.999996896179524,4.322662857521553e-07,2
2.9194604768995875e-06,4.850516373907161e-13,0.9999963492694651,7.312706071402158e-07,2
6.532998447086932e-06,9.4479511279223e-13,0.9999922214676766,1.2455342291804756e-06,2
6.0739455920359194e-05,8.109411716965731e-12,0.9999354919707816,3.768564916944548e-06,2
0.001242405686300951,5.590246416129024e-10,0.9987540996859066,3.4940700740172454e-06,2
0.016326318742849295,8.657347953897489e-10,0.9835030378207053,0.00017064256969411058,2
0.1254213588658955,1.1847281379062479e-07,0.8744267093402313,0.0001518133220746564,2
0.5035487616736397,7.431553995934774e-07,0.49626359387327335,0.00018690129730998222,0
0.8622473546953962,4.827829630232638e-08,0.13363403972505683,0.004118557300339945,0
0.9738741919222794,4.940876620965495e-06,0.02590928109166047,0.00021158610880055775,0
0.9962756114731908,6.19955631669288e-06,0.003696786440241072,2.1402531057571917e-05,0
0.9995162349660829,7.249474981183363e-06,0.0004580936863528831,1.8421871903284817e-05,0
0.9998976278819663,1.1876924971539354e-05,6.031850283378073e-05,3.01766887922342e-05,0
0.9999154190674187,3.13575850649037e-05,1.9284017280586315e-05,3.3939331191945106e-05,0
0.9998680936643699,6.95466416822072e-05,1.1971602948733459e-05,5.03880899903111e-05,0
0.999418417327122,0.00013702086141788525,9.65218909988894e-06,0.0004349096238651742,0
0.9944781976538368,1.4334235842517516e-05,2.493122265877063e-06,0.005504974988295151,0
0.9954527307506122,0.0012118812538047727,4.021396116393658e-06,0.003331366599134575,0
0.997844697220559,0.0015038937730675736,6.812816411681254e-06,0.0006445961902226715,0
0.9995937574935089,0.00028872489603781266,1.3450711350793828e-05,0.00010406690061584663,0
0.9987727024898906,3.0569177227652515e-06,1.2293902058165398e-05,0.0012119466890645524,0
0.9999099919169468,2.726683427947438e-05,1.9963519916115425e-05,4.277772999336532e-05,0
0.9999093773359385,2.153255289016936e-05,1.7477972234216293e-05,5.1612139572327e-05,0
0.999881595733267,8.48800638716394e-06,1.3641128574746612e-05,9.627513314636284e-05,0
0.999867588426808,3.967517058254753e-05,8.594709472705234e-06,8.414169308047476e-05,0
0.999727495072602,0.00014254676450719015,8.20904741862675e-06,0.00012174911378743503,0
0.9996184887038854,0.0001791575321507421,6.103339856644092e-06,0.00019625042454076872,0
0.99940308978782,0.0001540603204889597,5.200412818265995e-06,0.000437649478379511,0
0.998805100875277,5.769842539118279e-05,4.779213059594102e-06,0.0011324214854314244,0
0.9996284165626378,0.00015793142224757514,7.967399141783956e-06,0.00020568461714389846,0
0.9996112192397036,0.00025440318487606373,8.246317353112526e-06,0.00012613125966147348,0
0.9993887871915877,0.0004887546123754949,7.287975618267207e-06,0.00011517022220605985,0
0.9991739282423617,0.0005598259756471565,6.765450408205119e-06,0.0002594803333944034,0
0.9994438269261213,0.0004172820052051866,7.599958845281246e-06,0.00013129110937981913,0
0.9994882248918279,0.0004299133413089933,8.991216515191078e-06,7.287054884722948e-05,0
0.9995370012605701,0.00035124607728966885,8.6899793181999e-06,0.00010306268148348809,0
0.9988591609720735,7.945261005032017e-05,4.105599946203808e-06,0.0010572808192856526,0
0.9993691520484432,0.0003663235681163987,7.256388769081352e-06,0.0002572679955045912,0
0.9996004744896264,4.8845602466605166e-05,5.8315963781335555e-06,0.00034484831052606333,0
0.9999018094829356,1.462463979817071e-05,2.1341617412109853e-05,6.22242595664045e-05,0
0.9997093125629573,1.0582794489831495e-06,7.300352143409702e-05,0.00021662563662160772,0
0.9999080698129171,6.837638462219491e-06,6.376705787749503e-05,2.1325492184629776e-05,0
0.9999185248212505,6.426456779898012e-06,3.980036968037907e-05,3.5248351976177444e-05,0
0.9999259357608397,1.0014484482286049e-05,4.507553930687368e-05,1.8974213825211113e-05,0
0.999916092073176,2.6720797386395318e-05,1.7850395818270254e-05,3.93367350182952e-05,0
0.9999271978430733,2.7279652217363583e-05,1.8426437818078025e-05,2.7096067960222064e-05,0
0.9999347718395756,1.2388613231258662e-05,2.7884217904124994e-05,2.4955329092776797e-05,0
0.999890656539133,6.713674318310125e-06,8.388702703715655e-05,1.8742759914300507e-05,0
0.9997791623346894,4.3176772946101765e-06,7.695572516419482e-05,0.00013956426430147367,0
0.9999110407105863,5.219251679245419e-06,3.4825971556513375e-05,4.891406476607454e-05,0
0.9998824333663586,6.129706086525449e-06,9.367514357893491e-05,1.7761785583136206e-05,0
0.9998908618224013,7.264728866113828e-06,8.38166861244715e-05,1.8056763192896306e-05,0
0.999854247562346,4.857087086724877e-06,0.00011874368700972631,2.2151664580741687e-05,0
0.9998249423818621,5.821483354396296e-06,0.00015064489565584305,1.8591238473887093e-05,0
0.9998207737056892,3.7986205579113607e-06,0.0001301211930703285,4.5306482149669524e-05,0
0.9998557319880191,2.435743897756121e-06,0.00010138528855944135,4.044697866453674e-05,0
0.9998201833349902,1.6064518030757882e-06,0.00012008888054186096,5.812133423302254e-05,0
0.9996982765098663,5.3120534814497724e-06,0.0002706364529434636,2.5774985474348017e-05,0
0.9996472283164888,5.2331983855192495e-06,0.0003272226184216031,2.0315865898096692e-05,0
0.9995958378142006,3.0240784536510635e-06,0.000363841951000481,3.72961579558733e-05,0
0.9983808032180517,1.7147977893371547e-06,0.0013928756456423603,0.00022460633781030317,0
0.9952706853200513,1.0058135936200373e-05,0.00460135634389465,0.00011790019899739034,0
0.9868281613720079,0.00020741078164737714,0.009095082674294,0.0038693451704201703,0
0.6673986404457513,9.307887432104476e-10,0.015511644189227939,0.3170897144331358,3
0.5768593732362631,4.1040939452465954e-05,0.41565788082078536,0.0074417050036463825,2
0.36298727991359947,1.9425337542330284e-06,0.6361409771996748,0.0008698003542833403,2
0.12606760899594277,6.089296560946916e-07,0.8737140476344627,0.0002177344401485886,2
0.0009851815016664125,9.318103994299708e-09,0.9990023233299152,1.2485849357363144e-05,2
1.9335528549712058e-05,1.2846677134963792e-10,0.9999798647430813,7.996000171915375e-07,2
8.41478660781542e-06,3.2819756641999374e-12,0.9999911813163219,4.038937344291612e-07,2
0.0002522429985884606,3.6988670029780196e-11,0.9997463961149023,1.36084967479967e-06,2
0.01913865329345269,1.7171661523669852e-09,0.9808523014716294,9.0435194290855e-06,2
0.057411891159779106,2.880481945251822e-08,0.9424786164420409,0.00010946359517074745,2
0.22197468211161672,2.9594293628204095e-07,0.7779754096450964,4.961230202500667e-05,2
0.5053759366176694,9.046801727107034e-07,0.49455271634160536,7.044236115876914e-05,2
0.7991974227968172,2.3539109988004685e-06,0.20070738520364576,9.283808798833523e-05,0
0.9847740958248046,7.31775831646064e-06,0.015176612385963996,4.197403089819251e-05,0
0.9989980999487682,1.2045625474232248e-05,0.0009689012167966414,2.0953210383293517e-05,0
0.9998878287458497,2.645653986711592e-05,4.229093466708165e-05,4.3423779052337466e-05,0
0.9999234873853619,2.308142019966322e-05,2.072619845544332e-05,3.270499588177133e-05,0
0.9999244261162313,2.2197950586422217e-05,2.2008061325801882e-05,3.1367870807158986e-05,0
0.9998797491628024,1.4307352252986978e-05,7.501447975155109e-05,3.092900352265342e-05,0
0.9995154359800277,0.0003464583056548671,8.008168870000576e-05,5.802402510406949e-05,0
0.9907119948946826,0.008549920749910697,4.655455032336804e-05,0.0006915298038324568,0
0.8323438239896493,0.16244698184728265,5.5004826608304534e-06,0.005203693678881733,0
0.5582347740540716,0.4344475777707682,2.3591371781260025e-06,0.007315289036552995,1
0.30299814833758415,0.6922277380399767,1.0826504173452085e-06,0.0047730309720201945,1
0.12771863366554986,0.8685762083671048,3.739371146238264e-07,0.003704784031168447,1
0.038255231582510554,0.9587810647375113,1.1778533780454495e-07,0.0029635858931482692,1
0.01627898939484363,0.981881606222828,4.8972645941078487e-08,0.0018393554104216847,1
0.007502553530635741,0.991361755083279,3.112471361516281e-08,0.0011356602629199208,1
0.004353271338707931,0.9945961916888273,3.1088247491881796e-08,0.0010505058839222997,1
0.002347158723018101,0.9931800089588981,3.9402197240739526e-08,0.004472792914919651,1
0.000618412115354907,0.9666363445627162,3.3080830106309117e-10,0.03274524299176854,1
7.2594550697712244e-06,0.9979288940299826,2.1751657746792276e-11,0.0020638464926530163,1
1.4087131617584685e-09,0.99948176619446,2.3142331449760913e-14,0.0005182323982024721,1
1.3482611562456204e-09,0.9990241263635292,7.105991012871313e-15,0.0009758722876518243,1
1.6964058305563023e-09,0.9995355814849645,5.559533207774277e-15,0.0004644168172357197,1
1.1187202374668444e-09,0.9997121565230717,2.2493785475171528e-14,0.00028784235766113504,1
2.932217835140535e-09,0.9982513296018956,3.9436726148212053e-13,0.0017486674651790803,1
1.9671641170717467e-12,0.971283636238618,2.1705748272477897e-15,0.02871636375762902,1
7.031892281340339e-13,0.9691869368253682,5.809743077128346e-16,0.030813063172199017,1
2.1957048732508558e-13,0.9961028775174516,4.3348080955259315e-15,0.0038971224835990816,1
1.2904569588052667e-12,0.9856886509926222,1.1607779657391705e-14,0.014311349007255406,1
8.473657659420624e-13,0.8018805193403997,7.941595694408429e-16,0.19811948066045262,1
3.400246609787117e-12,0.939904712251875,3.4015148361458605e-15,0.060095287745233164,1
5.004047075168296e-13,0.9965963483012761,8.855017481126128e-16,0.0034036516978985455,1
3.149133273684952e-14,0.9988957971030068,1.688936266282651e-17,0.001104202897041373,1
4.081206821885392e-14,0.9993514619638413,1.7944056394778097e-17,0.000648538037688975,1
4.1609934756648734e-14,0.9992156936566609,1.380698755482354e-17,0.0007843063424379685,1
7.063758230146459e-14,0.9991958007248034,2.7451627040233604e-17,0.000804199275069126,1
6.309030437672326e-14,0.9989177359052758,3.20687833805702e-16,0.0010822640928560942,1
7.268390274112086e-13,0.9841263104193525,6.345995944814691e-16,0.015873689579633362,1
9.994784388043952e-15,0.9906815402664445,1.1454135204534871e-15,0.009318459732352666,1
2.0083248804965185e-14,0.933675241632999,5.1370960063378006e-17,0.0663247583654515,1
7.61366812839206e-15,0.9811525685833943,1.3500983310085176e-16,0.018847431416747138,1
2.0535596838458107e-15,0.9956338927084115,3.166583105784268e-17,0.004366107292974489,1
1.5265809007095964e-15,0.9978203370675897,3.061361224628629e-17,0.002179662931878214,1
2.4867557088448224e-17,0.9938909823284846,1.5706227558737297e-18,0.006109017672547716,1
4.0929204532269814e-17,0.9931047013756641,1.1232508799406518e-18,0.006895298623045656,1
1.952386351033295e-17,0.997861738529154,1.173367306105782e-18,0.0021382614708454198,1
2.1282253097151385e-17,0.9982392167939649,4.461990752110938e-19,0.001760783207497498,1
2.6520230023214222e-17,0.9985747864853719,6.368974948168597e-19,0.0014252135139260387,1
1.7153695272025852e-16,0.9982682684688344,1.4733409104238336e-18,0.0017317315315935162,1
5.700902103886805e-15,0.9986330977305882,5.0141084264727524e-18,0.0013669022685159024,1
2.756403486016401e-15,0.9993325133713142,2.1187947942486396e-18,0.0006674866277775915,1
2.5639666983356352e-12,0.9995698978085245,8.466054176192e-17,0.00043010219019678407,1
5.547383847900309e-12,0.9996169001367913,1.4047201321784706e-16,0.00038309985779367157,1
9.203200760628955e-12,0.9996158195733891,1.8873622472579488e-16,0.0003841804187920594,1
3.933099056282214e-11,0.9995915838938239,5.643907601550331e-16,0.00040841606539230316,1
2.6670676759898857e-12,0.9995891602323629,1.6356367259143257e-16,0.0004108397665768011,1
1.2553823033659755e-13,0.9993154964749785,1.6303241915911328e-17,0.0006845035233380887,1
3.5681003959473644e-13,0.9994965802036067,1.4830329693654664e-16,0.0005034197952311659,1
2.0915447060814275e-10,0.9977059400647528,1.527616267816135e-15,0.0022940597266247562,1
1.8725822623837746e-10,0.9996058781554253,2.823054969368801e-15,0.0003941216588491267,1
2.7843227831567503e-11,0.9995379303705911,7.034631678719266e-16,0.0004620696020172322,1
2.7355299304811316e-11,0.9993676511447717,4.727786932179182e-16,0.0006323488266832798,1
1.1315212400844988e-11,0.9995550679127171,4.925225682989547e-16,0.0004449320743943795,1
5.206118256500443e-13,0.9992615991452116,3.1448803530398914e-16,0.0007384008524830282,1
1.120835927547178e-12,0.9953939242502289,3.138175248177865e-16,0.004606075748001606,1
8.37802448186756e-12,0.9965197029721643,6.637340385293889e-16,0.003480297020483841,1
2.995571563585764e-11,0.999008175699726,8.723979916492531e-16,0.00099182426978056,1
3.5763229835689633e-10,0.999586810259045,3.4846725544312516e-15,0.0004131893821885688,1
5.570845260816371e-10,0.9995240718411883,2.120941965362305e-14,0.0004759276009959365,1
1.0842385571434876e-09,0.9971907631188395,6.936914282341497e-15,0.0028092357986710995,1
3.6110905033044693e-10,0.9994559837953254,3.1205465856776016e-15,0.0005440158447664121,1
2.6090850820913817e-10,0.9997217895139189,5.477125820044712e-15,0.0002782102262425067,1
1.6382310871192525e-09,0.9988493777980755,2.0328964831889784e-13,0.0011506205646900378,1
3.316087246552915e-09,0.9778188151573664,6.007874515367269e-15,0.022181181528145622,1
3.578273297720456e-10,0.9990674571281434,1.7137633875241616e-14,0.0009325425148992427,1
5.842258142916593e-10,0.9995335088895047,1.477767426296308e-14,0.00046649052715591914,1
3.635885245237538e-08,0.9984383742531803,8.753060372085736e-13,0.001561589388160843,1
2.172047126361596e-07,0.9946777378246213,3.4335457407051532e-12,0.0053220449669185614,1
3.589235115895241e-10,0.9945366974383423,1.3055105338985848e-14,0.005463302204510986,1
3.0516556599960278e-09,0.9987416040008843,8.435045702293072e-13,0.0012583929456718242,1
4.576094802494636e-08,0.9827192822549337,4.918374548042396e-14,0.01728067198308287,1
1.5529974428831803e-08,0.9990846429553798,1.9899613458371806e-13,0.0009153415140024491,1
4.0175054716129694e-08,0.9995664478938708,1.0343503422720992e-13,0.00043351192981824435,1
5.2219329482455946e-08,0.999541804580691,1.1104782779930021e-13,0.0004581432012255665,1
4.0739567110556363e-07,0.999523437552576,7.174909346031797e-13,0.0004761550494965646,1
3.860152230279e-07,0.9994071775960917,3.8276522587594874e-13,0.0005924363884745554,1
1.1187337662100714e-06,0.9996398995510732,2.9540637949570835e-12,0.00035898171313258323,1
1.7977186593569981e-06,0.998986292209396,2.6255747724800355e-12,0.0010119100697181917,1
1.4929028392804992e-06,0.9994192893310744,5.928921419763087e-12,0.0005792177594182419,1
4.938189467244608e-06,0.9987175222742919,2.741517069986684e-12,0.001277539533141804,1
2.4349450562454495e-06,0.9997053843319872,2.1678631145424646e-12,0.0002921807194037211,1
1.3194723943972473e-06,0.9997330518192981,1.4923463941983928e-12,0.0002656287082621367,1
3.0465728353194932e-06,0.9995852248114742,1.4977553829182825e-11,0.0004117285990443065,1
8.426731558832946e-07,0.9973358619248823,4.682634672328647e-13,0.002663295402235576,1
3.2044932496234354e-07,0.9996996016738531,4.702826291011012e-13,0.0003000778771721752,1
1.226268005631901e-07,0.9997161029617452,2.0374516456952153e-13,0.0002837744110262956,1
9.29082781628706e-07,0.9995528400336974,1.632217237020534e-11,0.00044623086564833653,1
2.9045110413007984e-06,0.9912244626075565,1.2006248859082363e-11,0.00877263287076005,1
0.0001381858136906379,0.9970777985637447,2.4730961218978027e-09,0.002784013149818614,1
0.0004446056861576288,0.9983198476808641,3.88811380934545e-09,0.0012355427459145114,1
0.0004866395451025078,0.9990187702659437,3.035026039400999e-09,0.0004945871527123286,1
0.0005154846437418572,0.998724275605366,2.8993941781543622e-09,0.0007602368526867664,1
0.00046855418208834927,0.9973917491312719,1.2867179990318724e-09,0.002139695401262481,1
0.00023729032563696298,0.999246623575374,5.386630347694584e-10,0.0005160855619197749,1
6.484539332336037e-05,0.999521702937908,9.969850854847318e-11,0.0004134515699919462,1
3.2713333122367646e-05,0.9995557640104746,4.118869902373156e-11,0.0004115226142133963,1
1.7450279679692817e-05,0.9995955482827109,2.260037812842026e-11,0.00038700141441821935,1
1.4156188894556899e-05,0.9996248573948614,2.4480505878138373e-11,0.0003609863905734107,1
2.142316094560455e-05,0.9994954677067552,1.193679411748191e-10,0.0004831090128968779,1
1.6590313890218853e-05,0.9969231703588636,1.002896039047652e-11,0.0030602393162909285,1
6.071396942184789e-06,0.9996392806629737,9.226635110991797e-12,0.00035464793186008685,1
2.3122280610638804e-06,0.9996561693322057,1.2864682134244406e-12,0.000341518438573017,1
5.961161463353685e-07,0.9997499302450229,3.5902390157560085e-13,0.00024947363853230516,1
3.4780982011768285e-08,0.999774736993169,5.08194756476907e-14,0.00022522822640063373,1
1.3056197293202358e-07,0.9996675294475139,1.2870292406785486e-13,0.00033233999016656914,1
9.02498137135665e-08,0.9997150475023897,7.841542740812043e-14,0.00028486224789806713,1
2.9621194602206605e-07,0.9997534560841788,8.26064074884957e-13,0.0002462477046673152,1
1.0561926663326966e-06,0.9990472903465557,1.2307318088888887e-11,0.000951653447944877,1
2.6273055893850072e-05,0.992146869449203,5.830009498898166e-11,0.00782685743502409,1
1.8749304754103558e-05,0.9985711920021098,1.7840822233578986e-10,0.001410058514683412,1
1.4731326525545224e-05,0.9983849311602063,1.1415909762981002e-11,0.0016003375027466098,1
2.147588865568555e-06,0.9996122867610355,2.0188467400822157e-11,0.0003855656289720999,1
8.697046703758899e-06,0.9967666063835767,3.107379579048341e-11,0.003224696539140245,1
6.069046680056921e-05,0.9976781385807538,5.003077427991225e-10,0.0022611704510948336,1
0.00010157382583899352,0.9969876820592477,5.191245524414978e-10,0.0029107435962557656,1
0.00010100102202886532,0.9981286764854674,2.5355271760454697e-10,0.0017703222405060074,1
3.353303837809479e-05,0.9994995768880534,5.554639806565429e-11,0.00046689001930878403,1
1.577311593341258e-05,0.9996107993075142,2.668642054652363e-11,0.0003734275506499829,1
1.2341665240685998e-05,0.9993312943901511,1.0620359072805647e-10,0.000656363838602409,1
1.3662993231799865e-05,0.9948118264975353,4.0967280838177664e-11,0.00517451046647642,1
2.8814389303127115e-05,0.9979154313156441,1.5294723301191983e-10,0.0020557541421076433,1
5.53418148782994e-05,0.999386317844224,4.920404517264653e-10,0.000558339849258137,1
0.00044995679925646917,0.9987216150101432,3.082961161209656e-09,0.0008284251074227676,1
0.00429277416033996,0.9945411071165964,3.427976898463538e-08,0.0011660844418584703,1
0.028801336972067583,0.9677075732259067,2.0072644062656634e-07,0.00349088907646945,1
0.16823777696014117,0.8204017823472446,1.1700532334358996e-06,0.011359270639244348,1
0.6784479263620671,0.3168200241778591,9.23656796132811e-06,0.004722812893770103,0
0.8979086196569721,0.09613194464612336,9.315128749447274e-06,0.005950120567059984,0
0.9657426590983881,0.03230366946736621,8.55920182466647e-06,0.0019451122324919152,0
0.9864396639755523,0.013228027406996969,9.855836403514099e-06,0.00032245278202252343,0
0.9953592278375109,0.004532608943205692,1.4783242147618723e-05,9.33799772136018e-05,0
0.9967493243624438,0.0027609763794206117,1.6737798853002445e-05,0.0004729614609669287,0
0.9913901663356859,0.0051151822525538045,6.189772787870992e-06,0.0034884616394223592,0
0.9673376501244826,0.011499484865090516,1.0910825777652972e-05,0.02115195418283554,0
0.9128649687715161,0.07305605216597715,5.809464687160304e-06,0.014073169597751648,0
0.734315994914581,0.24650886253266863,5.2250848097709935e-06,0.019169917468732985,0
0.5682046517701383,0.4035123350925785,3.0557259231035734e-06,0.028279957409988746,0
0.33358197062498174,0.6344508130477644,5.803540474965855e-07,0.03196663597379982,0
1.4011397126485733e-09,0.9845050676091507,1.0114780623364928e-12,0.015494930987428846,1
2.891287319953747e-12,0.9882864348310296,5.988758250029434e-16,0.011713565167277085,1
1.0175037585748418e-12,0.9991517569852018,8.063546015271079e-16,0.0008482430133414811,1
3.3507366996221784e-12,0.9985102767501199,4.515978410003062e-15,0.0014897232466435518,1
1.397925528250684e-12,0.9788791723418824,1.4250507244639547e-16,0.02112082765789374,1
4.3168944232228564e-13,0.9978658272969737,6.62190008670263e-16,0.0021341727038835475,1
1.4624076300393409e-12,0.9985548403319244,1.876908418275141e-16,0.0014451596658551107,1
2.8796156208850803e-12,0.9989999312222545,1.4318664418175102e-16,0.001000068775884028,1
1.9795916343088186e-12,0.9994417403916265,8.425865021999467e-17,0.000558259606190227,1
4.514316962527717e-12,0.9995757302628497,2.390610471991805e-16,0.00042426973105640683,1
8.415960266064338e-12,0.9992648389813227,3.570500454315198e-16,0.0007351610113276987,1
7.631826800606567e-13,0.9991084245453314,4.818354655613458e-16,0.0008915754531738741,1
1.693449585705281e-12,0.9957472268538815,1.2134643024336379e-15,0.004252773146020644,1
3.187561631642998e-12,0.9894073372694749,2.089259608299065e-14,0.010592662726878666,1
4.005281399881333e-11,0.8607782016516217,2.4266230756113674e-14,0.13922179830658055,1
1.0119379742004175e-11,0.9075809792372149,1.1361209909395098e-13,0.09241902075130268,1
2.1988950035501657e-12,0.9275214434564005,4.931306727906243e-15,0.0724785565403501,1
4.3806786208154034e-12,0.9848077953173063,8.696250761103558e-14,0.01519220467951042,1
2.3777237678273418e-07,0.957408288485002,8.040300291877598e-11,0.04259147366273284,1
9.434543921686417e-07,0.2707853559839349,7.175061295766251e-11,0.7292137004899396,3
1.0545532477288354e-27,3.7535248578698788e-34,4.931797270868253e-35,1.0,3
4.242056672585934e-08,1.4213450129345728e-05,7.66421067474229e-12,0.9999857441214117,3
2.037937020561205e-06,0.05064107471611156,9.563574144518368e-11,0.949356887252789,3
1.3606289029579185e-05,0.8677887272042947,1.5186620024324876e-10,0.1321976663559809,1
1.4555850971764318e-06,0.9964010666015063,2.545686376285625e-11,0.003597477789368867,1
1.8260718506861055e-06,0.9993770122350287,1.8535847771294508e-11,0.0006211616735883866,1
2.660265918518595e-05,0.9979526238645222,3.445954390138942e-11,0.0020207734420012308,1
1.5178524145824307e-05,0.9994491749546032,6.148788751182076e-11,0.0005356464601176168,1
7.346191913979794e-06,0.9987105969163497,1.319176663126333e-11,0.0012820568793809408,1
8.530163384253512e-06,0.9990223784738496,3.927029205751336e-11,0.0009690913239819732,1
3.1064902196392375e-05,0.998376206479596,1.971899117158648e-10,0.0015927284223857564,1
0.0003239252350485449,0.9971229992667383,4.532692723235023e-09,0.002553070965574326,1
0.00046030527979865304,0.9864633192968937,3.63977533579084e-09,0.013076371784176625,1
0.0008578056954090474,0.9930726792673711,1.4497058213366045e-08,0.006069500540310804,1
0.0003033729667291307,0.9976688490040004,5.4343230598585235e-09,0.0020277725946362224,1
0.00019349452754621537,0.9871698468101595,1.1984575653477612e-09,0.01263665746376724,1
7.924915674046513e-05,0.9913748624152044,4.901015601057431e-10,0.008545887936549989,1
2.6649643602290743e-05,0.997537026509146,1.1687415270148806e-10,0.002436323729262406,1
2.873751693233361e-05,0.9994916447275123,1.1351130068276036e-10,0.00047961764182397233,1
5.5733742325477045e-05,0.9994951369559405,2.6955933574477376e-10,0.0004491290304598238,1
0.00021446023588967423,0.9993330047669834,1.4976715025935023e-09,0.00045253350056042934,1
0.0011072282561289297,0.9983308260599635,7.7315430193172e-09,0.0005619379538983606,1
0.007051676343619868,0.992165607816704,6.01897375624827e-08,0.0007826556513778004,1
0.026153942962362585,0.9717247694516017,2.0439447376339932e-07,0.002121083191328257,1
0.11802834079143731,0.8781628585800758,1.0670822483076844e-06,0.003807733545587051,1
0.20166686651135704,0.7947113244801158,2.033492382862953e-06,0.003619775515917382,1
0.2657710097589771,0.7299237585747501,1.7921210831659463e-06,0.0043034395462120505,1
0.41415275890108105,0.5770789091258023,2.646855164152751e-06,0.008765685116400962,1
0.7081675388211496,0.2681585713212985,4.779752940736587e-06,0.023669110104114908,0
0.9128263400559405,0.08075919130384455,1.1356750080053229e-05,0.006403111891869218,0
0.9652935986146716,0.028906197020022943,9.46422222366873e-06,0.005790740142212407,0
0.9973086136243122,0.0023542133770593507,3.214848699074694e-05,0.0003050245127971016,0
0.9996225270152941,0.0003116180028219538,2.7402136790631078e-05,3.845284471628427e-05,0
0.9995516323910024,2.4755194938165906e-05,0.00021336776693573026,0.0002102446474293477,0
0.9968627199539888,1.281542509185565e-05,0.0028641770474956245,0.0002602875731023465,0
0.9757832955338667,9.69875378638518e-06,0.009326719818980563,0.01488028589342368,0
0.9227085302145,0.00031338798034280036,0.012438777381814953,0.06453930442266043,0
0.02101266558437483,8.129480419506711e-08,9.082802601136717e-06,0.978978170316652,3
3.82529882896538e-13,5.591163297170273e-26,2.9397596713626866e-19,1.0,3
6.70856060603398e-13,6.110603490562402e-25,7.771484110124455e-16,1.0,3
0.008207128494629618,0.00010054413742958904,0.35344613466066926,0.6382461927077344,3
0.0022548671882206234,6.081366246670358e-08,0.3905828677848536,0.6071622042124831,3
0.007870196558388332,3.6224943876965653e-06,0.9558318724146746,0.03629430853358826,2
0.0014512512423372884,4.0677330299224854e-07,0.9981883612163207,0.000359980768661583,2
0.00018260980657920314,4.1185726646004845e-09,0.9998136065971861,3.7794784962736026e-06,2
2.9654567939455492e-05,7.090358248127058e-11,0.9999688575928226,1.4877671098936496e-06,2
2.2164119378216175e-05,1.4456662844590441e-11,0.999977096751885,7.391145040353701e-07,2
8.385684471896633e-05,4.879223971845449e-10,0.9998975584509758,1.858421523832151e-05,2
0.0038827703021112416,1.1296039338717848e-07,0.9915057489366818,0.004611367799438448,2
0.00010257520712407798,1.994215931242127e-15,5.7848616949814076e-06,0.9998916399305442,3
0.9016163118250197,0.00042768964453187446,0.01883725923244433,0.07911873929829352,0
0.9915634987040319,8.483114275796288e-05,0.006734150936686972,0.0016175192147990132,0
0.9968486409212416,2.2440046694042803e-06,0.002965377295681923,0.00018373777863668224,0
0.998259753365965,3.819645795008591e-06,0.0016975335411627062,3.889344719907426e-05,0
0.9989805320238377,5.676391927607184e-06,0.0009786802058645802,3.511137957994157e-05,0
0.9993586415999937,7.701020419437272e-05,0.0001618550917776961,0.00040249310556016084,0
0.9922061407735941,0.00393467252605392,1.5899021619592585e-05,0.003843287678769214,0
0.9201036272401973,0.011286290641026604,2.331487001467583e-06,0.06860775063347198,0
0.849527171188592,0.12369195861840947,9.540320875328539e-06,0.026771329870519132,0
0.737260084942985,0.13484909299338804,2.5774476780726147e-05,0.12786504758703238,0
0.20483842925448315,0.014460256834574026,4.937303721956962e-06,0.7806963766082646,3
0.08133036505931966,0.010873361290765472,4.321460609707117e-06,0.9077919521908883,3
0.001607399581281932,0.0009613164561315295,2.8927860297779754e-09,0.9974312810691576,3
0.005864336651423279,0.7322031052240126,6.554166830923507e-07,0.2619319027088993,1
0.0032773421106114652,0.8797214828139734,1.8598423126841486e-07,0.11700098909224585,1
0.003109659167396387,0.8349574339636373,4.655577806212702e-07,0.16193244131088533,1
7.93725671023039e-05,0.03485411563939774,1.4872525747875847e-10,0.9650665116455682,3
0.002095275880276551,0.8075659914027269,2.0225868026706712e-07,0.19033853045775415,1
0.0003318066135713114,0.9620188930668989,3.5210840752078276e-08,0.03764926510898601,1
9.57859626283769e-05,0.9601827400227902,9.304333167079608e-10,0.03972147308544846,1
9.442443804736646e-05,0.9965987806806094,6.4214843721366285e-09,0.0033067884609904647,1
7.725845993196117e-05,0.9922263186448582,6.635163951225975e-10,0.007696422233307983,1
5.1956901967384606e-05,0.9958451081241608,3.168856404174578e-09,0.004102931804759948,1
2.2865231318657695e-05,0.9752851265258331,7.767518632614456e-11,0.0246920081666285,1
4.146496926914693e-05,0.997709842998674,2.871013331932867e-09,0.0022486891609490925,1
5.422807150915049e-05,0.9916736219797807,3.0468446843562193e-09,0.008272146900476502,1
6.821706711590249e-05,0.8924921882742313,6.262795418248698e-11,0.10743959459454729,1
0.0001354106281148562,0.9960957895398042,3.033919753951826e-09,0.0037687967981111774,1
5.141850382219444e-05,0.9992566094642146,6.257475160982861e-10,0.0006919714060821184,1
6.795253588902615e-05,0.9954011980733477,1.4014684714288622e-09,0.0045308479898715105,1
0.00014474569696614983,0.9667599766751834,1.5502091648294811e-09,0.033095276076396764,1
0.00012571146189736674,0.9737232594812126,1.8087622193839403e-09,0.026151027248236012,1
2.4070909954720896e-05,0.995009257432132,2.595601394871294e-09,0.004966669062932938,1
2.8593906812379695e-05,0.975421028566711,1.5963418622202809e-09,0.024550375931678605,1
2.779569607899747e-05,0.938533285020993,4.242186633315922e-09,0.061438915040446865,1
1.083564179881437e-05,0.30495568170806203,7.117546338102e-11,0.6950334825779315,3
0.00022573651005508937,0.9227611832768893,7.097745535826562e-08,0.07701300923519702,1
4.2673556813446014e-05,0.9290702496067149,2.072824208795256e-09,0.07088707476320391,1
2.684802147163481e-05,0.953180069021842,1.947801415637976e-10,0.04679308276176872,1
3.6014538616959383e-06,0.9957623369174347,3.9063244483252685e-10,0.004234061238577754,1
1.0422740599567254e-06,0.9921807715242299,1.380427401700034e-11,0.007818186186246396,1
3.213755773807287e-07,0.9960115189941162,5.957132238273146e-11,0.003988159569947903,1
7.199104304797529e-07,0.9560010391125675,1.1333453748994507e-10,0.0439982408641138,1
5.293740757345411e-11,2.9324895270426677e-06,2.1585229175737535e-14,0.9999970674586873,3
3.1116529828620435e-08,0.0004767555332086991,2.7730615491226002e-11,0.9995232133235481,3
5.334290538334534e-08,0.02459660885878545,2.604084599245802e-11,0.9754033377735623,3
6.496574266464676e-07,0.6499083022667602,2.3261393208334092e-11,0.3500910480540239,1
3.9528406002750366e-05,0.9898981217704587,3.875683049081412e-10,0.010062349437471816,1
3.349742035495185e-06,0.9994503085249662,3.019229229794151e-11,0.0005463417010085383,1
5.167410389366645e-06,0.9988372102693869,6.841114518484925e-12,0.0011576223134526322,1
2.7161633768860876e-06,0.9994138259516655,2.198218802496345e-11,0.0005834578631521797,1
2.5387948018212593e-05,0.9972080462129378,3.311190016932187e-11,0.0027665658042518603,1
1.686154242619897e-05,0.9995822127789347,8.166806001671314e-11,0.00040092559605722994,1
4.33714199863394e-05,0.9991442469102821,4.2668538130282683e-10,0.0008123812446058663,1
0.0004140431616262275,0.9912546182278085,1.1262596892746376e-08,0.00833132734693317,1
0.0002616009487989624,0.9683516463311078,8.098361729259113e-10,0.03138675190970354,1
0.00021975805891886566,0.9977305438576305,5.751212056018112e-09,0.0020496923304593713,1
0.00014076076821489602,0.9974965614939114,6.765605902792616e-10,0.0023626770610404046,1
0.00013467660730203822,0.998374596103938,2.0818132284841944e-09,0.0014907252070470677,1
0.0003450017149352533,0.9866598913122162,2.7104787875594757e-09,0.012995104263249197,1
0.000930453834847807,0.9978936087695551,2.1494139670941476e-08,0.0011759159002217262,1
0.0022844827226654184,0.9960284549921145,2.6318135943558573e-08,0.0016870359679831263,1
0.0027869862096939124,0.9919075977837567,2.7505253818086227e-08,0.005305388500393453,1
0.0020532041619049216,0.9945369735503257,1.3290587570787474e-08,0.0034098089971540883,1
0.00011904309375117678,0.9970229335924624,4.4050172533869346e-10,0.002858022874769306,1
2.4239075620746908e-05,0.9980203893597935,6.044046195080398e-11,0.0019553715026814633,1
1.2337857121914523e-05,0.9989891318157931,3.330030094588732e-11,0.0009985302939830275,1
1.2205913036873652e-05,0.9992491605639643,5.964279784437821e-11,0.0007386334642048037,1
1.773470933443138e-05,0.998145096143832,5.722038924662831e-11,0.0018371690911508207,1
4.006618234622636e-07,0.9982776297785995,1.0444067976169891e-12,0.0017219695592999359,1
4.4996578105831445e-07,0.9993321730256761,3.3313658737852548e-12,0.0006673770048390046,1
2.2732406024729373e-06,0.9981085517438858,1.2634285084139618e-10,0.0018891748879312415,1
8.44540194637796e-06,0.9405369450670646,6.417571340454854e-10,0.05945460889001918,1
2.6776379363710783e-06,0.5693176002082153,2.2883720852379602e-10,0.4306797219241405,3
1.0818166043248499e-05,0.4489091338248301,5.8090745793492035e-09,0.5510800422003062,3
5.06999872821974e-06,0.18635264499874396,2.065654125009604e-09,0.8136422829380536,3
2.193907228589242e-05,0.1633082427334832,1.804875135577708e-08,0.8366698001459129,3
1.1058980997589848e-06,0.021794228084239937,4.5990991722803285e-10,0.9782046655571592,3
3.1680554745824383e-06,0.020290967779806574,1.0876109557683994e-09,0.9797058630764477,3
0.00024317683896293876,0.16432479473726502,2.3726657454792695e-07,0.8354317911558726,3
2.453253943884059e-05,0.006830088411845993,2.987964160264998e-09,0.9931453760592531,3
3.794404280111284e-05,0.011201435147622802,2.6769632884687078e-08,0.9887605940392057,3
8.0735899571678e-06,0.01343222092857564,1.630748554923952e-09,0.986559703849119,3
1.0194818621526787e-05,0.28093774416073686,5.56836328961341e-09,0.719052055452782,3
8.795153754207854e-05,0.4459012098390618,8.695520879841761e-08,0.5540107516685776,3
3.525098053555568e-07,0.08196184513509189,3.5790829078547385e-11,0.9180378023190543,3
2.9444664777535364e-06,0.3148438298032086,7.017903197709095e-10,0.6851532250297201,3
6.2232437909182e-06,0.7559572763359927,1.2956306002967094e-10,0.24403650028884666,1
1.7645244271975808e-06,0.9896906855095036,6.455802855709041e-11,0.0103075499022489,1
2.524648166599244e-07,0.998461690959586,4.545257764315199e-11,0.0015380565286556916,1
1.489872051749718e-06,0.9723308348312859,6.168362338541795e-11,0.027667675236307695,1
4.899753419078292e-06,0.9160774857289439,1.834572962677581e-11,0.08391761449748197,1
5.981306088806732e-06,0.9886826691029192,5.009482297122099e-11,0.011311349540460473,1
1.4176416895155114e-06,0.9991081719421661,7.371117067106567e-11,0.0008904103437243308,1
1.1582525195594334e-05,0.993467086653073,6.524502567269606e-10,0.006521330168158004,1
0.00015529404135879504,0.7908828820813015,1.053315743800987e-08,0.20896181334370473,1
8.239282767778335e-08,1.7397728795084108e-06,1.1092999455415101e-12,0.9999981778326631,3
2.564971982695513e-07,1.4723706105222791e-08,2.213474758364207e-12,0.9999997287778027,3
0.11940415765534584,0.4520492689666609,2.0976998968588024e-05,0.42852559637836946,3
0.13236191122464283,0.3783018895007929,3.7032018870924953e-06,0.48933249607230067,3
0.1459328113306966,0.3887383812740533,4.099881321612996e-06,0.4653247075145439,3
0.15806910082662176,0.531214496892317,2.0152063913563365e-05,0.31069625021673647,3
0.05672804397039671,0.23509067380625512,2.078396675657081e-07,0.7081810743848422,3
0.023973324001358737,0.7450592295771241,1.4579419100754317e-07,0.23096730062706988,1
0.010470869866712777,0.939512495011606,3.8696754690076405e-08,0.05001659642408535,1
0.0038179937465462536,0.9935969187588181,1.6062493275515955e-08,0.0025850714333856203,1
0.0013294790202148126,0.9978300200385951,1.1832979965413189e-08,0.0008404891088182228,1
0.0008820741699894726,0.9899857504966665,7.296403484251959e-09,0.009132168036015317,1
0.0009445702745727612,0.9851700177191093,4.31518529210697e-08,0.013885368853409229,1
0.0017095856402358977,0.7972005986750398,5.269710216330076e-08,0.20108976298819106,1
0.0021893600682813654,0.19981683124517888,2.1272259525105076e-08,0.7979937874141072,3
0.0690101387274074,0.6112852039344099,9.725355903154403e-06,0.31969493198235965,1
0.10775259093745469,0.8465221181636786,5.1199473715707485e-06,0.04572017095204165,1
0.114910284086814,0.8360513513360432,2.3401673180331553e-06,0.04903602441073939,1
0.10449434274933139,0.6649368353350094,5.818561852387281e-06,0.23056300335419078,1
0.004356772046888281,2.4235197874543876e-05,1.1845934045061739e-08,0.9956189809085074,3
0.25513467348591035,0.059258945398560074,3.265420404804494e-05,0.685573726910357,3
0.3074449437744168,0.003974933201898432,1.1018770586360577e-05,0.6885691042545755,3
0.7687244219204241,0.006780524058443736,5.834502925224405e-05,0.22443670899168805,0
0.9750943166563146,0.0061465638755299175,3.537322413368265e-05,0.01872374624256431,0
0.9913615503825618,0.000853793413597059,8.101597150002337e-06,0.007776554605684899,0
0.9891503678541557,3.573161007168768e-05,4.595083338581572e-06,0.010809305451288814,0
0.9982978690764686,0.000145131267175442,1.5259016579382975e-05,0.0015417406390054035,0
0.9940066107316917,5.003465426594117e-05,7.749231738020014e-06,0.0059356053821814515,0
0.9890268237137088,3.72194957829422e-06,4.868931034009266e-06,0.010964585405152326,0
0.9963586036564717,1.4261388389477649e-05,1.9921237153722947e-05,0.0036072137195327244,0
0.9998287541925488,2.273325264566612e-05,1.8893664205480953e-05,0.00012961889113147912,0
0.9998929913959871,1.6818029672161426e-05,2.009589220668532e-05,7.009468251808548e-05,0
0.9999114675749616,1.0143809343003482e-05,1.8639755499911193e-05,5.974885946752154e-05,0
0.999918015909612,7.796553980400557e-06,2.2266784344168814e-05,5.1920752591772557e-05,0
0.9999223948026268,7.84980580142584e-06,4.277026861117794e-05,2.6985124603674902e-05,0
0.999891864482304,5.627681529586681e-06,6.950759831939988e-05,3.300023963208158e-05,0
0.9998966479767648,7.0981546526353665e-06,6.892729662739532e-05,2.732657193762052e-05,0
0.9998717781374793,5.296623029476515e-06,9.808428109807343e-05,2.48409566935215e-05,0
0.9998940465266705,1.135452764402486e-05,3.602386051509179e-05,5.857508354749122e-05,0
0.9998667720418429,4.944506445016169e-06,4.328757469943417e-05,8.499587690122453e-05,0
0.9998147977484074,2.1458065260597366e-06,5.5033009084697966e-05,0.0001280234351732339,0
0.9998987897704951,7.631261552395707e-06,6.536235300717776e-05,2.8216615555886332e-05,0
0.9996654527743996,3.1128691931200142e-06,1.970824480705514e-05,0.00031172611238437466,0
0.9984401872689763,7.08559243512242e-07,6.047789830101032e-05,0.001498626274340906,0
0.9999032007759467,2.7656524839190423e-05,2.1378757776543138e-05,4.776394011052707e-05,0
0.9998830404774595,1.0429861869045792e-05,1.1750546049165725e-05,9.477911304073763e-05,0
0.9999019498332994,2.0696047121031957e-05,1.7498967854574613e-05,5.9855151565305224e-05,0
0.9994402333723612,1.553309212179267e-05,9.456494501779535e-06,0.0005347770421801533,0
0.9984303955473608,6.787477652180278e-06,1.9419893267221593e-05,0.0015433970810372016,0
0.9998107354870798,3.275937956925905e-05,1.9285358185975013e-05,0.0001372197745299455,0
0.9992962550224713,1.756843834234604e-05,6.51736061648628e-06,0.0006796591777437873,0
0.9983383566101862,0.0004967716492763486,1.4272862988018421e-05,0.0011505988761846568,0
0.9634980835992821,0.00062263337126439,1.31903669699126e-05,0.03586609266400602,0
0.8853308532330872,0.0024542460187053487,5.5829518941223743e-05,0.11215907122986248,0
0.20017876993591013,6.460588561840039e-05,6.606284527358081e-06,0.7997500178955631,3
0.08472702245460277,1.7990085035416912e-07,1.2320742619126824e-06,0.915271565569689,3
0.9523885335443955,0.0033275623660334176,0.0003450823683668285,0.04393882172197964,0
0.998166935392192,0.00027273075855930017,7.616271159852893e-05,0.0014841711367974888,0
0.9998674297119098,5.312669880375636e-05,2.0953479483904062e-05,5.8490109595814e-05,0
0.9998896029725476,1.4540821230453257e-05,2.4146607068559707e-05,7.170959975964294e-05,0
0.9998449548992876,7.357827949964962e-06,0.00012151536965234086,2.6171903457403027e-05,0
0.9990755804577709,1.3664157147702075e-06,0.00081921902029162,0.00010383410685297719,0
0.9962267695967362,4.099387161424853e-06,0.003726627450513549,4.250356466996563e-05,0
0.9935508336516875,2.599608684509936e-06,0.006387617572284618,5.8949166976176085e-05,0
0.9941778387465604,2.984602452460367e-06,0.005743297011493929,7.587963895941151e-05,0
0.9981890535842795,4.424520474691224e-06,0.0017841518031426478,2.2370092304289403e-05,0
0.9992944549247614,4.573273231308221e-06,0.0006810784976373271,1.9893302580601434e-05,0
0.9997187463521439,1.6390909239890098e-06,0.0001369299711366619,0.00014268458406532499,0
0.9997787116160148,8.489993938339148e-06,8.098741295676259e-05,0.00013181097656487207,0
0.9946912879278326,1.8604746558712084e-06,2.9508985918733524e-05,0.0052773426133560465,0
0.9869860577232206,4.313274984205118e-07,1.026532389636552e-05,0.013003245624680283,0
0.9994662818030499,3.87052311138318e-05,5.114881669999181e-05,0.00044386414830638093,0
0.9998635774213672,9.9501392854287e-06,2.8224932882017772e-05,9.824750557223285e-05,0
0.9999198361229497,1.0318237262502583e-05,4.0612147880089606e-05,2.9233493006968365e-05,0
0.9999058953697093,5.413137102369887e-06,4.6631348499675415e-05,4.20601455987114e-05,0
0.9998932252566441,7.082370820022555e-06,6.12850814630569e-05,3.840729204243059e-05,0
0.9998693335575755,6.9029031118334215e-06,8.918496430669511e-05,3.457857443191708e-05,0
0.9989884263472816,4.99800507879477e-07,0.00021524967670150162,0.000795824173893613,0
0.9993683376301551,4.371403944342324e-06,0.0005772456304725107,5.004533531658101e-05,0
0.999493815204607,3.0574199073496006e-06,0.00046456029974687086,3.856707655751005e-05,0
0.99976433877978,3.87137870565771e-06,0.00020545416388367802,2.633567633094738e-05,0
0.9998779915625737,5.857941642545348e-06,6.901222519951666e-05,4.713827065586957e-05,0
0.9997993275695192,2.1624148452374803e-06,0.00010075678282329253,9.775323136032354e-05,0
0.9997633542187554,7.845018519450107e-06,0.00020888933199886747,1.991143247231979e-05,0
0.9986084127550481,6.138331607895382e-06,0.0013576412545123835,2.780765780124516e-05,0
0.9894420774096225,8.575933514619962e-06,0.010476281214567713,7.306544172886673e-05,0
0.9244439388088762,2.1921847823475813e-06,0.07305103324546479,0.002502835760696325,0
0.4932767848586539,2.516285699026456e-06,0.5064681642528135,0.00025253460399741925,2
0.1911744396677445,9.448418897761752e-07,0.8085707335403594,0.00025388194826203255,2
0.04885763375592371,1.497904103152537e-07,0.9508769529016416,0.000265263550548894,2
0.00829948621696939,4.055532142177702e-08,0.9916869396424167,1.3533584923714242e-05,2
0.0011317336015109023,5.283010325951567e-09,0.9988627461427356,5.514971529372667e-06,2
0.00020075084222712338,7.683385840931623e-10,0.9997932148897641,6.033501463592574e-06,2
6.682858617362583e-06,2.2112798796733446e-11,0.9999911397636954,2.1773542691193534e-06,2
2.531710471115561e-05,7.665291597417547e-12,0.9999740301307434,6.527585391252145e-07,2
5.937370511134878e-05,1.530661215910516e-11,0.9999392910015126,1.335279640533552e-06,2
2.046636363016805e-06,4.649399592837878e-12,0.9999960402243415,1.9131329826092017e-06,2
2.1877978626722665e-06,1.8039547884010926e-13,0.999991048756828,6.763444235198831e-06,2
3.2956749208088457e-07,7.139268441139237e-13,0.9999993060848872,3.643460418260878e-07,2
2.0635262807409505e-07,4.477247806680061e-14,0.9999994809187666,3.127287063690113e-07,2
1.385128768978125e-07,3.673148432869818e-14,0.9999994593855814,4.020998980565141e-07,2
2.567634667413413e-07,2.898458537349449e-14,0.9999936520381684,6.091200025329949e-06,2
7.032200058192725e-07,2.0577416476171506e-12,0.9999989517060422,3.450705092453795e-07,2
6.017473329765645e-07,7.299671458944987e-14,0.9999985550904491,8.431635376980465e-07,2
2.332644763968242e-06,8.794378524937301e-13,0.999997291997744,3.7535842265769884e-07,2
0.0007436190323803636,6.016582797286905e-11,0.9992453722654251,1.1008641352534674e-05,2
0.3110181558183114,9.445771468018947e-09,0.688896821181474,8.501355329497491e-05,0
0.5968216477000922,1.1896232792869975e-06,0.4030261423031942,0.0001510203717994037,0
0.8595245731277268,8.404726644281611e-07,0.14023737050494958,0.00023721589386002694,0
0.9599423204752655,4.426724736138872e-06,0.04001952484763475,3.372795110840392e-05,0
0.9876725161089472,2.151768059728373e-06,0.012222158672469981,0.00010317345066583638,0
0.9965971219385862,5.5313853362349985e-06,0.0033671166044627753,3.0230069834192408e-05,0
0.9987007618067971,4.34117178968196e-06,0.00126352734477505,3.136967714693664e-05,0
0.9994659704019686,3.6279997425073473e-06,0.0004988481328409915,3.1553463674775266e-05,0
0.999719197716622,5.482688802912366e-06,0.00025675585716789873,1.856373629213969e-05,0
0.9997925969906382,5.95926440582798e-06,0.0001835072823870461,1.793646365674982e-05,0
0.9998810793616286,1.0228450275782613e-05,8.181914277725471e-05,2.687304500690737e-05,0
0.9998979035907423,4.93208685382825e-05,2.82562726640429e-05,2.45192698570561e-05,0
0.999251280845995,0.00031821010272559895,3.284723878614446e-05,0.0003976618118642081,0
0.9809492092483034,0.004184906458461727,5.940377646474688e-05,0.014806480516284755,0
0.37632365778868787,1.2857112527096884e-06,8.829756299335278e-07,0.6236741735248659,0
0.7576022544622678,0.06992478244619334,7.997163861340867e-05,0.17239299145393522,0
0.8081510455986227,0.10465868300841552,1.1159785373423836e-05,0.08717911160906038,0
0.7988731130057978,0.1697825954666414,1.1942023262345872e-05,0.03133234950494781,0
0.6734630735839218,0.26709404144998156,1.2915183002972674e-06,0.05944159344930797,0
1.1324718202641417e-05,0.984831719579524,6.19019317030168e-11,0.015156955640916087,1
1.1273193598821782e-08,0.9980807073532412,1.7623014074628884e-12,0.0019192813732919647,1
1.0752206757298237e-07,0.9927209374838145,1.480573917736677e-11,0.007278954979702935,1
9.438810092656058e-07,0.9004423543989377,1.6776187847443863e-10,0.09955670155191183,1
1.7771939056756974e-07,0.09181822759081691,4.271282423077481e-12,0.9081815946852856,3
7.129101577060924e-07,0.3828225615253604,2.1825419825863928e-11,0.6171767255413315,3
2.8991369637044985e-07,0.952191735726467,6.49855268034451e-12,0.04780797435429474,1
4.535620852401861e-09,0.9986554506135636,1.5493804290487781e-13,0.0013445448502050301,1
3.752146090796322e-09,0.9995280585944156,1.0626936613238667e-14,0.0004719376530048373,1
9.197967286296656e-10,0.9997459637708511,4.91120767905126e-15,0.0002540353081734345,1
1.2539915701949422e-09,0.9995639592346556,2.4540300395423816e-14,0.0004360395103935808,1
1.4387851476122777e-09,0.9980705919966399,4.157390337958326e-15,0.001929406563999448,1
2.836347530115579e-09,0.9996284541508151,4.780942545328963e-14,0.00037154301213290184,1
7.595813387970217e-09,0.99876728263532,1.9039994679039058e-14,0.0012327097677302611,1
1.45170225231036e-09,0.9996642474540959,5.470035027936971e-15,0.0003357510929220135,1
1.9998715226659115e-09,0.9997373768163137,3.1571598476453995e-14,0.0002626211820423968,1
3.647582492881209e-09,0.9982838368091905,1.589849359763046e-14,0.0017161595437856893,1
9.168294211164755e-10,0.9991454806825684,1.0305166333137032e-14,0.0008545183988893012,1
7.404927228361905e-09,0.9992733195206313,7.2840076934021e-14,0.00072667307325775,1
4.716282846268365e-07,0.9983627617492846,1.493988438463418e-12,0.0016367666204933804,1
3.601770725973431e-06,0.9989273547617146,9.171279768578003e-12,0.0010690434580060675,1
1.1705525864342075e-06,0.9989371933165264,1.7631033754007179e-12,0.0010616361294444336,1
3.8829985533740097e-07,0.9995279138093863,6.376525705703407e-13,0.0004716978911767076,1
3.3792071108379595e-07,0.9994782577412878,4.648561975201362e-13,0.0005214043367574186,1
3.2804213444767503e-08,0.9995197614028272,6.227209445187892e-13,0.0004802057913481681,1
2.2338120821078613e-09,0.9959755464071501,4.8649702678181865e-15,0.0040244513591591235,1
5.157900578361653e-10,0.9996293587840431,2.427437631017899e-14,0.00037064070032563417,1
8.898474684573804e-10,0.9984759566334128,2.5638474619128436e-13,0.0015240424760511713,1
8.593575643202626e-12,0.9562452240320753,3.568900777695801e-16,0.043754775960964026,1
5.4895598936921644e-12,0.9960146334138986,2.053825412267054e-14,0.003985366579673901,1
4.280711170115282e-14,0.9932421550230957,5.983507205909264e-17,0.0067578449763808675,1
4.171509525557928e-15,0.9979102192071847,4.170912472087801e-17,0.0020897807929522857,1
6.815387698280281e-15,0.9959585148680433,1.6393137868898102e-16,0.004041485133239566,1
1.638210688745676e-13,0.9719622629901792,2.8239969696424767e-15,0.028037737009255586,1
6.930219441344912e-18,0.7892388187304233,2.4845606525756756e-17,0.21076118126913473,1
5.842557727656773e-18,0.08104642718413708,2.5778062357877316e-18,0.9189535728168945,3
2.247111239898361e-16,0.16417369169879512,1.7343560603943385e-15,0.835826308300766,3
1.6082919800726347e-15,0.12337743670441104,3.461199523992484e-15,0.8766225632956639,3
2.1728702926117016e-19,1.8926478517105526e-05,4.881074650949494e-19,0.9999810735216046,3
1.482754129952614e-15,0.05185417540348782,2.567303392522837e-15,0.9481458245949266,3
4.195765231479781e-12,0.11939193611495509,4.804149699587301e-13,0.8806080638786986,3
5.527235816149937e-12,0.0860290851689025,3.2905372512709145e-13,0.9139709148242631,3
2.0498021651261514e-14,3.921678105784471e-05,1.2284636553513174e-16,0.9999607832192144,3
2.4470791362401963e-10,0.2047570659210843,1.0965009294778529e-13,0.7952429338357041,3
6.97210518968076e-11,0.9324749850583107,4.358094302657391e-14,0.0675250148707729,1
2.2180967040786297e-09,0.9964506493697057,1.1334849083805423e-12,0.0035493484127683502,1
2.4938170518582035e-08,0.9937664680367047,6.402453799427281e-13,0.006233507023529543,1
3.87697747696806e-09,0.9954386426134684,2.1054148915738757e-14,0.004561353510719917,1
2.855327297283751e-10,0.999555665890505,1.3659762299021903e-14,0.0004443338227316184,1
2.6306550820045923e-10,0.998742201172283,1.182451560109648e-15,0.0012577985662982824,1
7.928869730335736e-09,0.9996873248042094,2.0294664602217355e-13,0.000312667268311814,1
1.554261660148962e-07,0.9968164538351504,1.5376997343513346e-13,0.003183390738585857,1
6.779805111289485e-08,0.9996627166459083,3.392643231971118e-13,0.0003372155564613756,1
7.693664215763748e-06,0.9995007378740681,3.815171588374978e-11,0.0004915684247514349,1
2.7719429272074874e-05,0.9977508198101004,1.8890913060593123e-10,0.0022214605732078386,1
0.0007367504474053318,0.9966771783227637,9.102000105854605e-09,0.002586062128633854,1
0.024343042880875316,0.9620809072098452,1.950715068623282e-07,0.0135758548390216,1
0.2895858180536768,0.699816552480123,3.7040103978230877e-06,0.010593925457340619,1
0.8419828204104769,0.11552324732833565,6.949495312990816e-06,0.04248698276582785,0
0.9660392054296864,0.031144990868858576,1.7206744772061657e-05,0.0027985969569895436,0
0.9944009986636073,0.005008925739935266,1.4131930466001193e-05,0.0005759436653291515,0
0.9990090742401039,0.000905751138537563,1.4585466844155803e-05,7.058915301413467e-05,0
0.9998250329153073,0.00010044065136340265,1.794261890910294e-05,5.658381600361744e-05,0
0.9998719709292894,2.6958240756999506e-05,2.922343003464224e-05,7.184739842151201e-05,0
0.9980621461769277,2.1371899773298723e-06,4.1638390255185816e-05,0.0018940782438169887,0
0.9984521254203912,1.3876964049993214e-06,0.00022375492724383705,0.0013227319576164965,0
0.9997383786349082,6.963291036671876e-06,0.00021397892765686704,4.067914778352908e-05,0
0.9997904355724465,6.0251508998680514e-06,0.00017253231650929976,3.10069605536232e-05,0
0.9996785274801945,4.7434799499560355e-06,0.0002922538905475121,2.4475150414951712e-05,0
0.9996194503826223,4.618262826288154e-06,0.0002882575140565958,8.767384201825304e-05,0
0.9998813203272666,7.071297108986739e-06,9.001476715185792e-05,2.159360995092145e-05,0
0.9998851909976519,8.001579520979963e-06,8.93015560761161e-05,1.750586533030633e-05,0
0.9997628738683475,3.2796952810476776e-06,0.00019592237912306734,3.7924057616143164e-05,0
0.9995190981834733,1.7455012939203443e-06,0.00034131401956395,0.00013784229419820307,0
0.9995628575792456,3.5013539582564897e-06,0.0003933923001410661,4.024876754707889e-05,0
0.9991441186140744,4.02522861582307e-06,0.0008283873420037028,2.346881427745376e-05,0
0.9988015111151415,3.875410599679718e-06,0.0011707787973553076,2.3834675923263015e-05,0
0.9985348466804208,3.691497616317522e-06,0.0014302350060462405,3.122681717026472e-05,0
0.998629710575806,3.0508487254494904e-06,0.0013196297690220191,4.760880497167716e-05,0
0.9975004488065389,2.518998508682568e-06,0.0024591363086251244,3.789588687699697e-05,0
0.9947038591329316,3.83822047292416e-06,0.005259678882333515,3.2623765419448996e-05,0
0.9900078405050005,2.612256325945168e-06,0.009940051272957972,4.949596603215369e-05,0
0.9845713636787994,2.5384865476502443e-06,0.015362708143576615,6.338969212290486e-05,0
0.9838566832570846,2.763160942923962e-06,0.01606845306274948,7.210052083390868e-05,0
0.9876134202532504,3.7953654602172442e-06,0.01223109901034958,0.00015168537123549952,0
0.9955399904953736,4.698341778730578e-06,0.004430353259959529,2.4957903605252656e-05,0
0.9988368380137144,3.3852827589626715e-06,0.0011251335548470495,3.4643148170349864e-05,0
0.9993948069260123,3.632393223320078e-06,0.0005750946034423219,2.6466079051584936e-05,0
0.9998678085172316,7.0819863154743145e-06,8.351109312218755e-05,4.1598403303694854e-05,0
0.9999090168595259,8.660792468001848e-06,5.0290943944653245e-05,3.203140563447341e-05,0
0.9998609280426701,4.64326487359424e-06,3.9819705976667526e-05,9.460898727748329e-05,0
0.9998459816910766,1.273745141016968e-05,2.812040823276258e-05,0.00011316044845938853,0
0.9999255161984428,1.294911120299073e-05,2.3979413845830803e-05,3.755527489087952e-05,0
0.9999243042604344,2.154316523446388e-05,2.206769796144023e-05,3.2084877945298065e-05,0
0.9998774849741232,7.259023001237788e-06,7.777401315592542e-05,3.7481989341842556e-05,0
0.9992832461434139,1.979842054746273e-06,9.034980244978696e-05,0.0006244242133667619,0
0.9998829603530759,9.464379431832997e-06,3.719400276486159e-05,7.038126459942766e-05,0
0.9999254459070168,1.7258283914702664e-05,2.6621706082588026e-05,3.067410283909371e-05,0
0.999616421256834,2.9131227160051185e-05,1.1580621348005305e-05,0.00034286689490191965,0
0.9995774920336782,0.0003230962079269421,2.066714533731182e-05,7.874461166859695e-05,0
0.9971471595062346,0.0025997590117018046,9.240373021323194e-06,0.00024384110812538626,0
0.9900840146596644,0.009035719880681005,6.1910668147846515e-06,0.0008740743924810628,0
0.9838951258950451,0.015029880572071922,7.572671253184454e-06,0.0010674208632681982,0
0.9786520577519312,0.02106106231538298,7.411662973941977e-06,0.00027946826845854896,0
0.9739300337397601,0.025511698105601298,7.551491164221885e-06,0.0005507166632354982,0
0.970233871730277,0.028986319889989228,5.956632083554298e-06,0.0007738517489106742,0
0.97527842667078,0.02393996569755594,5.5081687385650175e-06,0.0007760994614986002,0
0.9785813138433,0.020671266175025398,5.28186981870517e-06,0.0007421381128129396,0
0.9873934935592151,0.012258895575855383,8.096703840462397e-06,0.00033951415982101565,0
0.9928952987864116,0.0040994101809141105,7.103832262799147e-06,0.002998187201406357,0
0.9976402678850892,0.0021492515348021323,9.255833263079949e-06,0.0002012247483700148,0
0.9989541503267422,0.0009519587056597316,8.501645328083743e-06,8.538932055716959e-05,0
0.9994304629302778,0.0004974693631103822,9.24326285437054e-06,6.282444329729811e-05,0
0.9998935600823428,4.7588556108445784e-05,2.7623465894706155e-05,3.1227896393115284e-05,0
0.9999287958302492,1.3613182619135204e-05,3.560713976898062e-05,2.198384784198989e-05,0
0.9999135375929407,7.75540475968352e-06,5.976605678391388e-05,1.894094670982361e-05,0
0.9999092166137002,1.3167132078878314e-05,3.1485500478459823e-05,4.613075201286005e-05,0
0.9998972099720072,8.198027611783604e-06,7.564130445352443e-05,1.895069546270508e-05,0
0.9998410087158174,3.9021469004615754e-05,3.316783201044217e-05,8.680198182872036e-05,0
0.997793538951944,0.00041892570776049805,4.0243012851512105e-05,0.0017472923284247923,0
0.8689837985841223,0.00019923822451370238,9.25634468393862e-06,0.13080770684507131,0
0.9556487698362028,0.03477713144161287,1.8587349501567048e-05,0.009555511373677897,0
0.9644018458772556,0.03164159046161101,6.433629329670587e-06,0.003950130030295919,0
0.9702647825991926,0.028882071957113713,6.816935092909057e-06,0.0008463285091643952,0
0.9754476921799736,0.023944587723929094,7.058116971322674e-06,0.0006006619805722764,0
0.9841515374560635,0.012047933525467385,4.657985758248723e-06,0.0037958710324080764,0
0.9908008413321482,0.005588199914993748,6.017176529331257e-06,0.0036049415761181605,0
0.994164550857287,0.002331440386257934,5.7830507944076945e-06,0.003498225706274828,0
0.9966042287112193,0.002614774470490884,1.3664312483284933e-05,0.0007673325053051883,0
0.9855052432318542,0.003446650117460026,2.429730402320508e-05,0.01102380934763502,0
0.7816475349297919,0.004415603136315647,3.6674851869433245e-05,0.21390018708121827,0
0.0015855017098882868,1.4734497422772643e-07,3.5584778706010176e-09,0.9984143473873475,3
0.03468010305766175,0.0004385275520388816,1.1972036064032314e-06,0.9648801721863907,3
0.8110967235051287,0.02339595457186357,0.00011074325983038844,0.1653965786617723,0
0.9259132578519801,0.003420703683320811,1.2232646563894864e-05,0.07065380581768553,0
0.9948453278908752,0.0029220964985384695,2.054510514747032e-05,0.002212030504963482,0
0.9995587760251345,0.00030598993455289254,2.8054878901864932e-05,0.00010717916263863895,0
0.9996844515764209,5.177235531674646e-05,0.00022337137189626502,4.040469799161062e-05,0
0.9942794847235065,3.827631408749833e-06,0.004106735601480678,0.0016099520452283994,0
0.9097313334971199,3.5711144514246223e-06,0.090044990564675,0.0002201048228569235,0
0.6344225238095498,3.178280137709475e-06,0.36530979654628987,0.00026450136531249834,0
0.13180389958705047,2.4184241793530244e-07,0.8677614896930546,0.00043436887773975525,2
0.008318978873782152,4.03703722880216e-08,0.9915202906997095,0.00016069005515709922,2
0.0005575083934623152,1.4545146698545538e-09,0.9994323731248457,1.0117028223763274e-05,2
4.3984202004538135e-05,1.4232621192885008e-10,0.99995520056417,8.150923014632938e-07,2
1.5753015165686557e-05,3.652045583630874e-12,0.9999821509437863,2.0960375066882204e-06,2
1.2195530559583157e-06,9.268707049603722e-13,0.9999973587944943,1.4216497180886687e-06,2
4.079898553674602e-07,3.3008679170613104e-13,0.9999992904452272,3.0156592139690126e-07,2
8.62817192095834e-07,1.00066254902294e-13,0.9999975034256081,1.6337563984522243e-06,2
9.70190594252363e-07,6.354795997518894e-13,0.9999986908050617,3.3900396760108946e-07,2
4.265395664156604e-07,6.017755615053406e-14,0.9999992324486119,3.410102224514333e-07,2
2.5029518390101237e-08,1.9170596343059236e-14,0.9999995841936608,3.907764266507112e-07,2
3.571521002625777e-08,1.9537802409920843e-14,0.999999682328103,2.8195494946950063e-07,2
1.3418104743811762e-08,6.117529211121832e-15,0.9999997602208456,2.2636181337934295e-07,2
2.587020092089702e-07,2.2403249310050306e-14,0.9999993587045775,3.825950608566787e-07,2
1.1675205907525677e-07,2.0864772197104534e-13,0.9999994689643745,4.142840504871168e-07,2
3.2358226888305e-05,7.919753286627311e-14,0.9998374873401414,0.00013015443394849799,2
4.963344499588533e-05,7.422923934233068e-10,0.9999421996333151,8.166178035267775e-06,2
1.0603095925834255e-05,1.7213911193362415e-12,0.9999741009094234,1.529599387099163e-05,2
2.177404429491844e-06,1.0660624578793847e-11,0.9999972431325462,5.794526761189657e-07,2
8.257799726810333e-07,2.4316827838763416e-13,0.999998857533426,3.1668814276841913e-07,2
6.286875957674776e-07,1.2662010684190693e-13,0.999998900581581,4.7073226599206615e-07,2
1.0739662908393399e-06,1.5163574473002618e-13,0.9999982054121306,7.206217384852956e-07,2
1.2211108527577762e-06,2.0367293279272194e-13,0.9999983899919471,3.888979888355816e-07,2
2.0867817643156722e-06,1.347489964160759e-13,0.9999973051380879,6.080800294766458e-07,2
3.912184157773963e-06,5.607129618267826e-13,0.9999955389857319,5.488309324569991e-07,2
1.5234739931052568e-05,1.978377611579062e-12,0.9999842857648733,4.794945872614112e-07,2
4.634853161509741e-05,7.53717025936175e-12,0.9999525731733292,1.0782891236901817e-06,2
0.00010557620531472309,1.6087932363164524e-11,0.9998891785510444,5.245228416628258e-06,2
0.0001724310486172906,2.152214956473059e-10,0.999826521804281,1.0469327603015498e-06,2
0.0006769582617238973,2.535031378173441e-10,0.9993196619283371,3.3795567379921075e-06,2
0.001211550142252427,1.5443340094921227e-09,0.9987821916273572,6.2566872612006265e-06,2
0.0016096639256774966,2.2139305711447566e-09,0.998380993430529,9.340430848312345e-06,2
0.0006369449242385925,2.1315066721924353e-09,0.9993616660581186,1.3868859742052557e-06,2
0.001339001736448737,2.066210705235853e-09,0.9986593141297019,1.6820665883830851e-06,2
0.008506513221393121,3.5167101851596924e-09,0.9914815720410315,1.1911219620531554e-05,2
0.03636113021154022,2.884346235391713e-08,0.9634659012435509,0.00017293970007658586,2
0.14005810491335635,2.452843228356375e-07,0.8598689962612159,7.265353987788099e-05,2
0.5575275125977969,6.248458026498312e-07,0.44219636983917104,0.00027549271753271815,0
0.8662381808698388,2.52753062498143e-06,0.1336863590932834,7.293250691448416e-05,0
0.9821266884325162,4.08893495302019e-06,0.017821350847753437,4.787178604308804e-05,0
0.9984521448752455,6.063741746112715e-06,0.0013761423629830862,0.00016564902048812685,0
0.998714545294508,2.0120803041139886e-05,5.491695423245817e-05,0.0012104169481444407,0
0.9994522307089505,0.0002787141606781254,8.980307196154877e-06,0.00026007482353472094,0
0.9975018038224156,0.0003600221664855942,8.676655098024031e-06,0.00212949735491499,0
0.9810061904399322,1.539681114435657e-05,4.398864173740039e-06,0.018974013884103597,0
0.9944311905932349,0.0006896936200313883,8.044918114713009e-06,0.00487107086848509,0
0.9965550015778782,0.0007079071065750982,8.132292277763511e-06,0.002728959024657878,0
0.9988373575633973,0.0009126218988297118,8.028457824667856e-06,0.00024199208079891314,0
0.9993857769725804,0.0005295135801046486,8.99501639151502e-06,7.571443267194356e-05,0
0.9997775492523361,0.00013898031911473556,1.0448153598446703e-05,7.302227565589238e-05,0
0.9995181986825645,2.4510730593608422e-05,9.43642540550552e-06,0.00044785416306411806,0
0.9992492491004155,2.349406764253104e-05,5.037151309610179e-06,0.0007222196818551549,0
0.9998679164054249,5.839397729184363e-05,1.20173870925837e-05,6.167222902950092e-05,0
0.9999185020566344,3.054225642169596e-05,1.6602481613705976e-05,3.4353205820075014e-05,0
0.9999179395765263,3.327298232710694e-05,1.6889333847251432e-05,3.189810854992159e-05,0
0.9999229163938728,3.103280874503679e-05,1.7569965878878168e-05,2.8480829709073648e-05,0
0.999918456236389,8.618363699556687e-06,4.1201166020819956e-05,3.172423281228937e-05,0
0.9999318853940737,1.1343302867479905e-05,3.090666077184674e-05,2.586464348010494e-05,0
0.9999251278004525,1.3995282254422062e-05,3.0545421472544385e-05,3.0331494550391156e-05,0
0.9994737692060663,4.4831125813679716e-06,2.1547657265392362e-05,0.0005002000240239442,0
0.9999031837118403,6.638242557332072e-06,4.127801872995869e-05,4.890002709449663e-05,0
0.9999061097029099,8.105607432627855e-06,4.603127851196532e-05,3.97534124795791e-05,0
0.9998761538015837,6.955384326023173e-06,6.716202432028712e-05,4.9728790354901746e-05,0
0.9999094598341864,8.502562545553326e-06,5.715238334365411e-05,2.488522022595029e-05,0
0.9999015500914488,6.5642576030297025e-06,6.709650565835402e-05,2.478914352287864e-05,0
0.9998684536495167,5.616947129987147e-06,5.6327329644877894e-05,6.960207326939287e-05,0
0.9999261980688208,1.1685762002818279e-05,4.14503160126011e-05,2.0665852950338326e-05,0
0.9999161989262046,3.574479708971002e-05,1.852333431348645e-05,2.953294100655299e-05,0
0.9998436964673337,9.250346375821948e-05,9.938532422182148e-06,5.386153607845639e-05,0
0.9998970988650105,2.797336325193936e-05,1.8472086212474167e-05,5.6455684472050355e-05,0
0.9999035033574152,1.8075386556725955e-05,3.865169645061787e-05,3.976956127022719e-05,0
0.9993490948475483,5.171116220521982e-06,0.0006246469246781552,2.1087111195069157e-05,0
0.998680428946534,3.8079150028165707e-06,0.0012916698872674915,2.4093250568225322e-05,0
0.9980221711361631,3.0084126694588636e-06,0.0019006244557817516,7.419599575202194e-05,0
0.9963011583568964,3.0252090385668937e-07,0.0024228157140267683,0.0012757234098958634,0
0.9938595663455635,2.4246717267782323e-06,0.006028436799795797,0.00010957218125126687,0
0.9932276819936011,3.4840830172061775e-06,0.006735644644719871,3.3189277957609596e-05,0
0.9936437052789011,1.8551470887149462e-06,0.006299388491649221,5.5051081549453224e-05,0
0.9941652301481892,2.48515647780137e-06,0.005764952010559708,6.73326864707322e-05,0
0.997870598586728,1.4591006830969041e-06,0.0020569199234573895,7.102239035652515e-05,0
0.9992774645783651,5.2091191877510294e-06,0.0006785536016018372,3.877270119055551e-05,0
0.9984207017596057,3.522437918395007e-05,0.000723791295223314,0.0008202825660457925,0
0.9740968767502749,0.0005202207537986606,0.0013579477852263403,0.02402495471035556,0
0.0035933015315827085,4.591684187145504e-09,1.2793165692052258e-06,0.9964054145602094,3
0.0033236551529939136,1.9541116604117444e-09,5.741128107202003e-05,0.996618931610332,3
0.5730537044652261,0.001833755522689324,0.3230144686055921,0.10209807140673069,2
0.5349740564665969,1.9278292561391254e-06,0.3769599632905884,0.08806405241483288,2
0.325541156670184,2.449438459702797e-06,0.6697951750618277,0.004661218828311443,2
0.17180939202061893,6.072378493912089e-07,0.8275455775261323,0.0006444232143127347,2
0.005473943005790335,1.9857865121051148e-07,0.9940544245639517,0.00047143385226372986,2
0.000595199174668536,2.077827201315557e-10,0.9987635842028847,0.0006412164150428512,2
5.7468403403442825e-05,1.5363438222885634e-09,0.9999372987053259,5.231353274287949e-06,2
2.5517819815070617e-05,2.1195360208383403e-11,0.999972763241966,1.7189165701970757e-06,2
1.3806686493201766e-06,1.2759255300920195e-12,0.9999957663002115,2.853029882085762e-06,2
1.1502034985159055e-06,1.0860749463044626e-12,0.9999983584725499,4.913224961612727e-07,2
1.221819667391262e-06,1.6394473562421879e-13,0.9999984057843878,3.7239683883691365e-07,2
3.638015147552965e-07,3.739598165574981e-14,0.9999990069887118,6.292115205728975e-07,2
2.3427764436795218e-07,1.3304841091453904e-13,0.999999462124978,3.035966376719284e-07,2
1.1014601153321375e-07,8.225079297605867e-14,0.9999837376102668,1.6152243625740628e-05,2
3.3077952590607477e-07,1.8140765528504372e-14,0.9997602107572658,0.00023945846144674755,2
9.879586990841298e-09,2.1817360758368924e-12,0.9999982736022853,1.7165165462958143e-06,2
2.4569298154332336e-09,1.418238925406383e-14,0.9999997182167533,2.7932618816051136e-07,2
2.9308422341372567e-09,3.429166601709213e-15,0.999998786287333,1.210783238230091e-06,2
3.0280714105988225e-11,1.36206695950501e-15,0.9999994132487602,5.867216592917961e-07,2
7.423039750437027e-12,4.3369176713193922e-16,0.9999871934871084,1.2806505898602333e-05,2
2.0220745325386945e-11,1.657896219543009e-14,0.9999970213910979,2.9785868979125454e-06,2
1.1932793552630364e-10,3.386023828053677e-15,0.9999988359202189,1.163961072524962e-06,2
6.31142349429402e-11,9.782304679865171e-15,0.9999994272331426,5.727021973126634e-07,2
7.541353665631202e-10,9.046492377119691e-15,0.9999368436337299,6.31556114243727e-05,2
7.523539598310584e-10,8.700191594605632e-14,0.9999487249783012,5.127426906953016e-05,2
4.961051230964125e-08,2.7023729371018208e-12,0.9999995709332336,3.7945325488537265e-07,2
8.479712865330206e-08,1.7770681381850043e-14,0.999999189054835,7.261497433629933e-07,2
1.2327109710699368e-07,8.439275450986373e-14,0.9999995849394461,2.9179022431415013e-07,2
2.0423655610015843e-07,3.2125783572091597e-14,0.9999995191720946,2.7659039731874795e-07,2
4.3476059251840125e-07,7.122271744840985e-14,0.9999991696935276,3.955447581178801e-07,2
1.7562206948081597e-07,4.479534761018591e-14,0.9999995617909968,2.6258857270640603e-07,2
7.845655575962404e-07,9.190508149137609e-14,0.9999988050520051,4.1038184999243127e-07,2
4.747346301844825e-07,6.016957278537782e-14,0.9999977252144571,1.8000520437865772e-06,2
4.0105167892616367e-07,1.2574166276756524e-13,0.9999986791926486,9.197564562891308e-07,2
8.099271805543857e-07,4.5197143630230297e-13,0.9999984631042922,7.269680940585418e-07,2
9.38333336906245e-07,5.051682443149747e-14,0.9999573999827626,4.1661682353342395e-05,2
1.6208419389532825e-07,5.027886024979677e-12,0.9999988832793729,9.54632236474862e-07,2
4.591984881685963e-08,2.3599861652225347e-15,0.9999717502966983,2.820378358545439e-05,2
3.018213509654005e-06,1.46710738034041e-11,0.9999908232660314,6.158505907683456e-06,2
6.794367812674546e-06,7.464308819076582e-12,0.9999927934009536,4.1222435101907786e-07,2
2.3662486850905964e-07,1.3406899359681796e-13,0.9999992206870355,5.426886559779638e-07,2
3.806579556628664e-07,8.872819097979776e-14,0.9999993047715777,3.1456996348988385e-07,2
1.9911317001136393e-07,1.6998585725857493e-14,0.9999990653163697,7.355712034233999e-07,2
1.130977646196772e-06,1.9770602259346306e-13,0.9999984169602409,4.520608055867988e-07,2
1.954012365346762e-06,1.569886842700316e-12,0.9999968684982297,1.1774861729251537e-06,2
6.1448099196778365e-06,2.2326800865500989e-13,0.9998930040293356,0.00010085116024489843,2
1.2025198099524131e-05,1.0634788812285782e-10,0.9998931328945915,9.484180117080066e-05,2
3.881346488724616e-05,5.741459979853946e-11,0.9999450387010553,1.6147775732815436e-05,2
6.397867226475167e-05,1.4802787530516295e-10,0.9999349094626218,1.1117187022364534e-06,2
4.819076198173946e-05,1.069723467038881e-11,0.9999473844200083,4.424807157374737e-06,2
0.000260532758234932,1.5473767202214303e-10,0.9997311926045355,8.274484279227972e-06,2
0.0011752888190613292,1.2075331675371526e-09,0.9988226065294673,2.1034429359264644e-06,2
0.0030392239749721436,2.847366751431419e-09,0.9969576459979533,3.1271813737721205e-06,2
0.007233536767951744,4.936923302986854e-09,0.9927505270376606,1.593125898052511e-05,2
0.022547257381978218,2.4668641803880264e-08,0.9773652638387067,8.74541121535442e-05,2
0.2660939564615978,1.7791372979597265e-07,0.7338631807983751,4.268482582107053e-05,0
0.3652148892158228,9.047246314937695e-07,0.634665547640805,0.00011865841856703719,0
0.5113828663521462,9.855765600749934e-07,0.4885226976047169,9.345046538349962e-05,0
0.6646001279704701,2.2271595554666838e-06,0.3353322557649284,6.538910550736622e-05,0
0.8125614270164438,2.2835523141442244e-06,0.1873788719957229,5.7417435717321946e-05,0
0.9431047088249332,3.486700429726166e-06,0.056827713634250765,6.40908415872088e-05,0
0.9853048567900233,4.9343498382687365e-06,0.014642351881699734,4.7856977571805884e-05,0
0.9918536916877227,3.590544106068722e-06,0.008110245452608675,3.247231583269476e-05,0
0.9942774139803531,1.997255205288463e-06,0.005656549910426352,6.40388538479427e-05,0
0.9962029905188661,3.840958247169295e-06,0.003750686883448805,4.248164051105896e-05,0
0.9971723295363423,4.482675608575142e-06,0.0027985113143297424,2.467647229271811e-05,0
0.9950005396524856,4.128528730255951e-06,0.004957559381968556,3.7772437523139365e-05,0
0.9944954122834937,3.068048539777656e-06,0.0054641688410767995,3.73508264753184e-05,0
0.9960990479388587,2.8685158683796792e-06,0.003860574554122792,3.750899199946135e-05,0
0.9983116220783936,3.911848589576028e-06,0.0016485136428197548,3.595243147790136e-05,0
0.9998352061078312,1.5030315474997557e-05,0.000126672591114231,2.309098638177002e-05,0
0.9998692481380858,6.560585084183661e-05,2.7729694344822515e-05,3.741631715754705e-05,0
0.998618143179887,0.0005202815636502445,7.464980441063545e-06,0.0008541102763511634,0
0.9996742618793075,2.5344174624975836e-05,4.9070904593173747e-05,0.0002513230400511235,0
0.9997370299061719,3.931444214891421e-06,3.9548252761950694e-05,0.0002194903966464765,0
0.9999193840858553,2.5128096613263024e-05,2.2553237126941454e-05,3.293457944686314e-05,0
0.9999074408571286,4.454924829378233e-05,1.3589164360012958e-05,3.442072973876365e-05,0
0.9999013696691186,1.611228714473579e-05,2.4740092472602025e-05,5.777795024313528e-05,0
0.9998630121785707,5.009130963182137e-06,1.651048684644643e-05,0.00011546820413643483,0
0.9998733549166586,1.0261517120548145e-05,3.6292809041665555e-05,8.00907581950208e-05,0
0.999664643940734,2.8403575415659645e-05,0.00027068239993645836,3.627008282432005e-05,0
0.9938571525725137,0.0001705372392257236,0.004901350150887425,0.0010709600371113864,0
0.8334343750651306,4.052495726715839e-07,0.0969543043141749,0.069610915370074,0
0.40483546697414413,4.015362259489963e-06,0.5943630726182965,0.0007974450462528715,2
0.25864072615122746,9.753271612951456e-07,0.7412792088270994,7.908969426551086e-05,2
0.1853683664820199,7.308063869602382e-07,0.814593207425392,3.7695285957415696e-05,2
0.14040939092024088,2.942684321099163e-07,0.8595038185316819,8.649627810310796e-05,2
0.09979226120404733,2.7224380667875767e-07,0.900144513776817,6.295277454982727e-05,2
0.05382090355623498,2.1070980721313848e-07,0.9461474716410825,3.14140914432001e-05,2
0.005229727480084548,2.5826232678057882e-08,0.9947609271491714,9.31954553447357e-06,2
0.001637909828534452,2.9233701854645884e-09,0.99835744743159,4.639816641582456e-06,2
0.002606021501740667,6.4718035501888075e-09,0.9973889523132085,5.0197123361408364e-06,2
0.015123830954878128,1.2890911929852948e-08,0.9848647759430742,1.1380211297240134e-05,2
0.1525827439974126,7.90355784731342e-08,0.8472495804406356,0.00016759652609315125,2
0.9611694794627834,1.2691729801659235e-06,0.038463259510259626,0.00036599185552958606,0
0.9974283362012646,1.269425890891552e-05,0.002528857601285544,3.0111938240619153e-05,0
0.9997554863198971,3.1679616945600834e-05,0.00012382428313878642,8.900978130502793e-05,0
0.998858434290224,0.0010109507782249075,2.719652924484475e-05,0.00010341840124599644,0
0.9891987738157405,0.009791089313519729,2.1273451613065837e-05,0.0009888634174463377,0
0.8900622788542736,0.06337603233537785,1.3751351851637937e-06,0.04656031367683176,0
0.0019756742087468243,0.9864280943472704,6.531296232605231e-09,0.011596224913815806,1
2.0547580252891842e-09,0.9970542842390514,4.753902869611436e-14,0.002945713705768573,1
2.757474825107387e-10,0.9988517108993139,5.0627697147700377e-14,0.001148288825786751,1
9.854095240713835e-10,0.9929730151259454,4.82565941083413e-13,0.007026983888910117,1
3.0882992534764745e-08,0.9127317108086814,1.276308314531442e-11,0.08726825829599591,1
2.7807239801966168e-11,1.609381843316541e-05,7.85800196180221e-18,0.9999839061550981,3
6.184054999537856e-08,0.9674718699201914,4.142791998364479e-12,0.03252806823591486,1
6.394734339251277e-09,0.9982909247725676,8.106475867640203e-14,0.001709068831002773,1
1.1604733214288324e-08,0.9997217031577857,2.486340554465479e-14,0.0002782852361012799,1
5.307457304467767e-09,0.9997433135435823,1.1511516295942197e-14,0.0002566811479766508,1
1.4141820472092023e-10,0.9997020866738359,8.939869388208868e-16,0.00029791318363271826,1
1.7909843912592286e-10,0.9997009702495259,1.7611380727296108e-15,0.0002990295701472267,1
5.138161716204886e-10,0.9994868608980125,6.454899059598372e-15,0.0005131385899523164,1
1.228478012701298e-09,0.999076374032828,5.734068047471652e-15,0.0009236247382849959,1
1.2721771399577453e-09,0.9996037003364568,4.689704827607984e-14,0.00039629839040997177,1
8.28524764980779e-08,0.9969628728906139,2.184379098201966e-13,0.0030370442550274727,1
1.57835868432859e-06,0.9992089639896286,2.1435757181974225e-12,0.0007894576499032294,1
1.0526855076948545e-06,0.9997192351118172,1.1329546866115466e-12,0.00027971220227892787,1
1.2871021867760857e-06,0.9996572633260353,3.3254376410621954e-12,0.0003414495701964835,1
1.312427999375408e-07,0.9989245683882858,8.996572105625168e-13,0.0010753003698263698,1
1.9775007448071702e-07,0.9979487955246541,1.8527185598364244e-11,0.0020510067065014187,1
3.806738360022431e-07,0.944203326389149,6.556625604470543e-11,0.05579629287302805,1
3.3079462760956847e-08,0.27676711405100624,5.812807340248871e-13,0.7232328528686081,3
1.7426063648355034e-11,0.8016336244135889,4.774854453484181e-14,0.19836637556880862,1
1.1028641475714349e-12,0.9680444877863167,4.734825152676164e-15,0.031955512213747754,1
2.7834797416954163e-13,0.9951498319683418,4.16186526839162e-16,0.004850168030618196,1
1.4797871835693793e-13,0.9988889244001425,6.586108886791555e-17,0.0011110755998896822,1
1.5992663749141581e-13,0.9992005043274342,2.6651771272493695e-17,0.0007994956731869941,1
3.4578402628590095e-13,0.9994520787901936,4.737375553603023e-17,0.0005479212111732006,1
8.53185642915491e-15,0.999278938579466,7.416147084190111e-18,0.000721061419177367,1
8.40323854533694e-16,0.9988763462759629,6.659217346484796e-18,0.0011236537241164663,1
6.568098896144808e-19,0.9966354020184924,3.1004284501813673e-19,0.003364597982397491,1
1.0731397117112307e-19,0.9917214329770677,7.178638174836549e-20,0.008278567022571404,1
4.200211705969142e-20,0.9951349983938959,7.725338834009084e-20,0.004865001604564161,1
5.1536396760643656e-18,0.9960339803260453,4.850286665042979e-19,0.003966019673054191,1
2.7018451579964222e-18,0.9974755001025712,1.5099846122702883e-19,0.0025244998991363456,1
1.3275978907589719e-14,0.9989221379276277,1.544641048950388e-17,0.0010778620715327094,1
2.3897331100422377e-14,0.9990622592108517,3.455429699266785e-17,0.0009377407875776714,1
2.1361817686198342e-15,0.9976198543959526,6.76284370645579e-17,0.002380145605737484,1
3.577643319838874e-15,0.9708322559319428,4.036598428507392e-16,0.029167744067025006,1
9.350880020552045e-17,0.5878640843901146,5.919169832613253e-17,0.4121359156095042,1
5.681137181556138e-24,0.14379190432198474,3.872921020397078e-20,0.8562080956775491,3
1.0538276755170387e-27,0.03575977198702797,1.0084696676934514e-21,0.9642402280125127,3
1.1816589067997992e-26,0.013144662712669035,4.4411795601977136e-21,0.9868553372864802,3
3.4094987098427236e-26,0.011012797725871952,6.3426063837590665e-21,0.9889872022756183,3
6.027245588592823e-26,0.020623684760737455,1.2375656113094322e-20,0.9793763152378911,3
5.537065440163942e-25,0.024455729621033796,3.595889630143956e-20,0.9755442703781497,3
1.591780795439875e-26,0.018713163846935735,5.6763304340015696e-21,0.9812868361535638,3
2.696172276589733e-25,0.014737981417390406,2.764800869902322e-20,0.9852620185816626,3
2.9877988890438616e-25,0.0015721386796615838,7.832543030838082e-21,0.9984278613203935,3
2.1321199063922077e-23,0.012520715337132886,1.0581481261106383e-19,0.9874792846637882,3
1.118586746739784e-19,0.10335929321980876,7.491735709568453e-18,0.8966407067810815,3
1.4589949733068375e-17,0.44797082793000836,3.6360668531204335e-17,0.5520291720682121,3
6.579164883519488e-14,0.8929349677342329,1.5674419145613597e-15,0.10706503226413779,1
2.784376880871471e-16,0.9887171210533453,5.719372029303806e-17,0.011282878945502957,1
5.744567017857367e-15,0.9949989698807333,3.329517561056601e-16,0.0050010301207420735,1
4.5780964384094534e-18,0.973697276390929,4.716433603571383e-19,0.026302723609233962,1
2.49954699060358e-16,0.9936270298480939,8.745799302110924e-18,0.006372970151223866,1
5.680849738046947e-15,0.9984391536028996,8.478995481135791e-18,0.0015608463961508628,1
1.901591910719345e-14,0.999386861177562,1.431498487226673e-17,0.0006131388206795424,1
4.917837394798839e-14,0.9990648518746647,1.3356511877330245e-17,0.000935148124274959,1
1.1016445987764406e-13,0.9993664875066054,1.3487527574960425e-16,0.0006335124916478012,1
2.934095645883719e-15,0.9963077027328514,3.653053766512552e-18,0.003692297268263946,1
1.5734265051314514e-14,0.9989483626924154,1.0508724091471405e-16,0.0010516373087434117,1
4.7847180555519665e-15,0.9940290865041482,3.585965922430832e-18,0.005970913494425369,1
3.986303863067496e-14,0.9991761389157818,3.0434886690992934e-17,0.0008238610843471244,1
8.352255155092342e-14,0.9993282389437539,1.833887769824492e-17,0.0006717610563420318,1
8.597706880841936e-14,0.9993844194883902,2.651990784572481e-17,0.0006155805102881226,1
1.9627120166528943e-14,0.9991015229374645,8.889584759423126e-17,0.0008984770639935537,1
1.25084185470269e-13,0.9919039657672163,1.5517026980999259e-16,0.008096034232980746,1
7.789560211918517e-14,0.9956406078307762,8.355744565082708e-17,0.004359392167538735,1
2.7043222207993653e-13,0.9986634091120684,1.6530426068458722e-16,0.0013365908889157094,1
2.724389743447204e-13,0.9986205527307042,4.4119826868406574e-17,0.0013794472676097388,1
4.43789010964291e-15,0.999244724456122,8.567130464675973e-18,0.0007552755423948138,1
6.041681495076532e-13,0.9985560086848149,1.321844921805712e-16,0.001443991313659355,1
8.100483675819118e-13,0.9983326552567637,7.968228425542786e-17,0.0016673447420359909,1
1.2748117474956713e-13,0.9994978328935245,1.8605789514927305e-17,0.0005021671068083082,1
5.670073082605524e-13,0.9996049950244986,6.212636287519756e-17,0.00039500497439733963,1
4.4759541324222546e-12,0.99931455791587,2.429465655924603e-16,0.000685442079080753,1
5.2774093925980146e-12,0.9991798398500904,2.0987361755439596e-16,0.0008201601461156421,1
1.6186117712594579e-12,0.9994173862659823,3.136290589747781e-16,0.0005826137332591956,1
4.019963812735796e-11,0.9983375370610323,1.3899072134103031e-15,0.0016624628980581658,1
5.105725455314067e-10,0.9990345863655826,7.422811699587219e-15,0.0009654131221021723,1
8.562984066633064e-11,0.9993773616197791,1.0874849359581096e-15,0.0006226382932032388,1
2.130666756592897e-11,0.9995978385249793,4.833362489610082e-16,0.0004021614530559042,1
2.5641319555798025e-11,0.9994339048855975,5.925560967977983e-16,0.0005660950880681785,1
4.369628881086563e-11,0.9994149319621841,8.205394576754343e-16,0.0005850679939087333,1
4.793832748862543e-11,0.999445653002793,8.374731097003689e-16,0.0005543469485574633,1
8.777475532816684e-11,0.9995012777643499,7.610725459391425e-16,0.0004987221493472909,1
1.7231974700163952e-10,0.999676169841338,5.376564794711945e-15,0.00032382998533572873,1
5.492555596215255e-10,0.9984709111003782,2.7966998637528297e-15,0.001529088348567702,1
9.707243576372582e-09,0.9996337391804435,1.8700216781689226e-13,0.0003662511135236935,1
3.023054667111405e-08,0.9976205670494602,5.2423115025707715e-14,0.0023794027200167837,1
4.969484251298668e-08,0.9994378827347357,1.1921401074337178e-13,0.0005620675688529132,1
1.5470846285722905e-08,0.9996770132812433,3.1747587464149446e-14,0.00032297124662560137,1
2.1992782397789648e-08,0.9996669926750584,3.4497318462439844e-14,0.00033298533289587384,1
1.849421125117589e-08,0.9996918926654988,3.077970739995671e-13,0.0003080888411405127,1
1.571638642213945e-08,0.9965233709555867,2.5831545379777095e-14,0.0034766133287935795,1
5.701347730444754e-08,0.9996220672611774,1.4592660391541975e-12,0.000377875723068212,1
2.609129897793088e-07,0.9967511881016277,4.1106959452099357e-13,0.0032485509839055285,1
1.842446326273096e-07,0.9995046735986582,4.5610136839905036e-12,0.0004951421529604005,1
4.090685566055529e-06,0.9957587637950517,1.4744701149638984e-11,0.004237145505924472,1
1.2248237630578682e-05,0.9981653373010784,4.224262204750505e-11,0.0018224144177040255,1
1.103723476863137e-05,0.9993217031458067,1.1271164330516398e-11,0.0006672596064677079,1
4.14825527686453e-08,0.9996639500837654,6.08610635291176e-14,0.00033600843285288147,1
3.5801575246815655e-09,0.9997079772100059,1.5912177044811352e-14,0.0002920192081488332,1
3.5586530948555136e-09,0.9994558314287701,7.817966959256765e-15,0.0005441650140960723,1
1.5291658931386407e-08,0.9997518431742356,5.754088707308477e-14,0.000248141535712743,1
3.978137144572347e-08,0.9993710570758542,4.6151038908886837e-14,0.0006289031430127166,1
1.4544180765017804e-07,0.9997036177132459,1.1192098991411613e-12,0.0002962368441059166,1
8.461297412205801e-05,0.9989851056031996,4.262117070862682e-10,0.000930280996163781,1
0.0002672102205987733,0.9987123998390414,2.0407548130777303e-09,0.0010203879009006015,1
0.0033411265354643055,0.990482813504026,3.0875815119696074e-08,0.006176029084553941,1
0.13474398988253772,0.7583825860060086,1.112049675301561e-06,0.10687231206215163,1
0.48580886808090396,0.4926759463035004,1.4416180974827244e-05,0.021500769433907694,1
0.7815819000629897,0.21521902655936975,1.1502174476956133e-05,0.0031875712044350827,0
0.9319443802969372,0.06680766330995967,1.1429328915218087e-05,0.0012365270626578482,0
0.996320655010039,0.0030095698406745336,5.560942103168674e-05,0.0006141657268530603,0
0.9997309823422621,0.00018245113999286653,5.4901111595676644e-05,3.1665406513688165e-05,0
0.9998674661887256,1.3813537988562021e-05,0.00010263144503300536,1.6088829054383588e-05,0
0.9998218172589259,5.169309345653985e-06,0.00015292662692329616,2.0086803080422316e-05,0
0.9997876460241195,4.712093221657742e-06,0.0001870570507301712,2.058483135402179e-05,0
0.9997559287900903,5.217333223282192e-06,0.0002195506265572853,1.9303251309700895e-05,0
0.9998060367083375,5.029376570511108e-06,0.00016964769730092407,1.9286218504124958e-05,0
0.9998352673503881,5.5310654864443906e-06,0.00013319743719186655,2.6004145686639443e-05,0
0.9998391359110403,6.070715851469225e-06,0.0001384406603026621,1.6352712199625076e-05,0
0.9998890186686951,6.1008166177267675e-06,8.514943715791941e-05,1.9731079118537295e-05,0
0.9998607568559368,6.896215839368218e-06,0.00011041613207240688,2.1930795172597393e-05,0
0.9991957469550987,3.888298229204541e-06,0.000662778485228378,0.0001375862604674858,0
0.9923644772108692,1.0011054641254945e-05,0.007580908186420361,4.460354737678707e-05,0
0.9184710961251424,5.944705317638477e-06,0.08104316383758606,0.0004797953334682488,0
0.14713657079345607,4.6497678351227393e-07,0.8525945186256526,0.0002684456039381332,2
0.0010491187838820141,4.697177305852524e-09,0.9989219959740812,2.888054576626679e-05,2
6.344135914769469e-05,3.476296382281325e-10,0.9999356440394109,9.142527489257259e-07,2
2.5403496002367146e-05,2.0790224622956253e-11,0.9999739910453149,6.054365805096298e-07,2
8.678051336307634e-05,1.8503701387152232e-11,0.9999122428435769,9.76625425277843e-07,2
1.8660022971033042e-05,1.6593591158672832e-11,0.999980092865251,1.2470955330727016e-06,2
1.069726446460571e-05,2.991902689517665e-12,0.9999886239703725,6.78761645229399e-07,2
1.1964962191387351e-05,3.422219280315237e-12,0.9999873831871019,6.518456549995979e-07,2
1.2309293002400756e-05,2.9179034558541562e-12,0.9999872123170458,4.783886365304086e-07,2
6.1200003866950305e-06,8.765547244485491e-13,0.9999928545840421,1.0254141529233951e-06,2
1.2510133475595259e-05,1.4483769252234452e-12,0.999986103414055,1.3864523397571771e-06,2
8.278852087925481e-06,3.935781988813613e-12,0.9999912358782485,4.852644344848492e-07,2
4.598957216297596e-06,5.496416987856349e-13,0.9999945308667921,8.70174821033025e-07,2
7.0205727130105004e-06,8.990578087103564e-13,0.9999916327637848,1.3466618879502355e-06,2
2.122847442302008e-07,2.61649128134093e-13,0.9999995354556801,2.5225968026134573e-07,2
4.122209067394072e-08,7.0202818639770835e-15,0.999999482592236,4.761848654948522e-07,2
6.296883809289737e-08,4.421358489386961e-14,0.9999995013532832,4.356780413769785e-07,2
5.7569231592239615e-08,2.1717963636314134e-14,0.9999997072409743,2.3519110223497012e-07,2
2.199280027613702e-07,9.287363035861893e-15,0.9999988351198644,9.449532597763451e-07,2
2.2048877038773266e-11,1.6707251339321773e-15,0.9999997843442775,2.1563354199190977e-07,2
3.491827846792561e-11,4.1625725362633524e-16,0.9999997776867778,2.2227958132436258e-07,2
5.08802751157849e-11,7.188200140144881e-16,0.9999997572013238,2.427463662307287e-07,2
6.455905518006363e-11,9.008256604380668e-16,0.9999997319282916,2.6800786085454353e-07,2
3.418286715473768e-10,1.3291767315549908e-15,0.9999996134066188,3.8625119013715495e-07,2
1.000597541617505e-08,1.0089803748456021e-14,0.9999997470222617,2.429730334278327e-07,2
1.7591256648161867e-08,2.5709257851548007e-15,0.9999982353671948,1.7470425305035618e-06,2
1.965701974989794e-08,8.053981099609762e-14,0.9999996682382157,3.1210556226591244e-07,2
2.4868426712626116e-07,5.2227899180041044e-14,0.9999994143656191,3.3694924459380236e-07,2
3.460018361355203e-08,2.2827228765108123e-14,0.9999996700681184,2.9533044426461474e-07,2
5.645314429295408e-09,6.879592292813013e-15,0.9999995815306614,4.1282310744818875e-07,2
4.288774063263204e-09,8.594152329537694e-15,0.9999997261948386,2.6951535838758543e-07,2
6.949476390388228e-09,6.4861795394186104e-15,0.9999997982886474,1.9476248082909438e-07,2
1.8701490128629632e-09,2.8677613525846263e-15,0.999999765252169,2.328783205344163e-07,2
7.699751303424114e-09,1.9878679575900012e-15,0.9999994316823883,5.606181166394919e-07,2
7.791647140009115e-08,4.11605430358157e-14,0.999999635147172,2.8693470026224187e-07,2
2.047981202179111e-07,3.951157359820516e-14,0.9999989564426857,8.387603132217373e-07,2
8.283474239207044e-07,2.1854573231083556e-13,0.9999988075149138,3.641368046748615e-07,2
2.322705724605185e-06,8.400232326726402e-14,0.9999953377700419,2.3395250040264146e-06,2
5.692770109217782e-06,1.6677459605889948e-12,0.9999932777398889,1.0294879458664154e-06,2
9.822258985776362e-06,1.9947350012194076e-12,0.9999895066944497,6.71044659262171e-07,2
1.2874602402227605e-06,6.934189894282754e-13,0.999998349097494,3.63440916919552e-07,2
1.5157399439648015e-05,5.072168871071955e-13,0.9999835234314086,1.319168514739002e-06,2
2.4373168931525878e-05,5.703500809590139e-12,0.9999749054533885,7.213711056830102e-07,2
5.551268820309257e-05,1.1742662935549291e-11,0.9999436023578444,8.849426793056557e-07,2
0.0002211210049246696,9.001725529383153e-11,0.9997773221183986,1.5567851318023355e-06,2
0.00021716866272169206,2.1782808614335558e-10,0.9997816428295603,1.1882909558956933e-06,2
0.0001730200647302467,2.3122464335524836e-10,0.9998260871849739,8.925202831835947e-07,2
0.001574813143154891,9.912739473791395e-10,0.9984199680087833,5.217857321297745e-06,2
0.05391984675305274,4.0704398949357156e-09,0.9459474333133002,0.00013271586333644047,2
0.2570868510631324,8.076786712140712e-08,0.7424681281598251,0.0004449400080554719,2
0.7715611475465614,1.3198637869834815e-06,0.2283177099971804,0.00011982259273542329,0
0.9241105922184486,1.4204215385980186e-06,0.07559680360361092,0.0002911837550216794,0
0.9812864771644138,3.0884466838451157e-06,0.018648664257918807,6.177012930438545e-05,0
0.9959471580278964,4.288745527394177e-06,0.004024194234465898,2.4358991737915507e-05,0
0.9991820891330537,6.181561148897244e-06,0.0007906690299929569,2.1060274178306393e-05,0
0.9998922747401838,1.4330841886086747e-05,3.237150090675195e-05,6.1022917585287964e-05,0
0.9998471388273169,6.393961437231437e-05,1.1140663061982856e-05,7.778089489594025e-05,0
0.9993050717585285,0.0005876410503672177,8.269316451272416e-06,9.901787600644867e-05,0
0.9988493757050108,0.0009416345355940113,8.424746405547061e-06,0.00020056501324568682,0
0.9966175195328094,0.001084693597596941,1.0587475659612391e-05,0.00228719939537748,0
0.9943289957689906,0.005421285430816595,9.108347499971193e-06,0.00024061045388304453,0
0.9884863057276206,0.010916616164877697,7.116997313189309e-06,0.0005899611094226473,0
0.9806583487437569,0.017855949530164745,6.988279023068613e-06,0.001478713447044677,0
0.9715984129454108,0.0274096564605719,5.616565140235354e-06,0.000986314028098202,0
0.97375308944121,0.02532965592794266,6.172537380204274e-06,0.0009110820936893969,0
0.9887326690397646,0.00637497250126848,6.057485472876898e-06,0.004886300972017086,0
0.9915719633437048,0.0005502775531711973,8.752104608764278e-06,0.007869006997270798,0
0.9993592874835429,0.00029102439452683706,1.4162762532244215e-05,0.0003355253595163471,0
0.9993911586521063,3.4197844018761297e-06,5.505312176146784e-05,0.0005503684409332684,0
0.9989408438726258,2.4751625972206853e-06,0.00011205223961012931,0.000944628725658256,0
0.999774642368837,1.0744936242906236e-06,3.8671689837233936e-05,0.00018561144769017502,0
0.9999058401467518,6.267876711784588e-06,4.9658875896802365e-05,3.823310066197088e-05,0
0.9998555393412009,5.869498309327976e-06,4.417161945915127e-05,9.44195422652801e-05,0
0.9999046612768395,1.2399175970208561e-05,2.5800990263238367e-05,5.7138558559054214e-05,0
0.9997318534078089,4.455981468815629e-05,2.950442686463204e-05,0.00019408235061333794,0
0.9973193610378521,0.00238771695428235,3.014868727750235e-05,0.00026277331960650115,0
0.9604708977305316,0.02725693656279209,8.615065274825716e-06,0.01226355064084607,0
0.5392436373484708,0.446064924127675,2.036783310371164e-06,0.014689401741061347,1
0.2527467393971416,0.7386157136025536,1.0161216562373883e-06,0.008636530880417994,1
0.1301015973119737,0.866735657222023,5.504794490017828e-07,0.0031621949860711723,1
0.0741366139997785,0.922956461424675,3.6022042531777424e-07,0.0029065643533142537,1
0.0351421417499435,0.960920657903745,2.8506515005046006e-08,0.003937171841326038,1
0.001737108062310513,0.9974600150271018,6.568420502705967e-09,0.0008028703411661856,1
0.0008102357864152754,0.9976211979892264,3.2200810244149585e-09,0.0015685630057749957,1
0.000678854374665591,0.9985611681892883,2.6877957841049574e-09,0.0007599747486957935,1
0.00021566224194092675,0.9988172775512185,5.639465196393501e-10,0.0009670596442423534,1
0.00013047925445387054,0.9989986988690054,5.221740103551085e-10,0.0008708213528802825,1
0.0001906138058604698,0.9991880192986126,1.295028730735504e-09,0.0006213656002949087,1
0.00040007767275007097,0.9982010570184268,2.407282065392921e-09,0.0013988629028555944,1
0.00032687791433186396,0.9967491875295729,1.3758238505493731e-09,0.002923933181468846,1
0.0003418911819776887,0.9984608006957306,2.1604662709134016e-09,0.0011973059622093804,1
0.0004581741121544207,0.9988773832908715,2.6824700839351985e-09,0.0006644399146462876,1
0.0004318527081653889,0.9988328878839039,2.9009377214724984e-09,0.0007352565086115571,1
0.00037393003183300945,0.9970354114995892,5.981183822507147e-09,0.0025906524855822234,1
0.00025228585033403055,0.9831408345380475,1.0733036026219637e-09,0.016606878539504558,1
5.1856782343590396e-05,0.9963209086736177,2.587481126837624e-10,0.0036272342840481643,1
5.8033817302356e-05,0.9991973460961429,4.774167021555524e-10,0.0007446196081220617,1
0.0001335756528169839,0.9989154074721792,8.592561143497788e-10,0.0009510160139800809,1
0.00023972786862273642,0.9980356920259013,1.3728075480817278e-09,0.0017245787325772032,1
0.00040764682976365536,0.996888568333335,2.2152076817367677e-09,0.0027037826219241732,1
0.0004544032411101505,0.998551286174502,2.6807075538513616e-09,0.000994307903016869,1
0.0003313803717816922,0.9991835599509673,1.47396445238427e-09,0.00048505820242483,1
0.0002485653155671001,0.9989695243894391,4.5092538550993046e-10,0.0007819098437483361,1
6.513552880376563e-05,0.9994401407940003,3.7023486908790206e-10,0.0004947233075301202,1
2.840725825683212e-05,0.9970445630238299,4.3378289532352457e-11,0.002927029673401445,1
1.6676712741481755e-05,0.9994437954096599,5.01861530157053e-11,0.0005395278259220916,1
2.1531827111190503e-05,0.9994981537694394,4.3941610262232156e-11,0.00048031435954550656,1
3.211005908193491e-05,0.9994574134205211,1.4467895865343494e-10,0.000510476374405177,1
0.0001973627025560646,0.9994461789230339,1.5323749339775497e-09,0.00035645684096914936,1
0.00257242676677711,0.9966417893936526,1.9761417775872917e-08,0.000785764078201036,1
0.02406945145292713,0.9742194912759196,1.8397910501661785e-07,0.0017108732934547077,1
0.10473942716943566,0.8877866780397163,7.943095198800438e-07,0.007473100482392962,1
0.3908970656815036,0.5554203272576362,4.039273282070443e-06,0.053678567787691964,1
0.500626233261382,0.48431297537441714,9.316293569888719e-06,0.015051475069434226,1
0.5450107923835141,0.4372355173085136,7.512854767639752e-06,0.01774617745166399,1
0.5584283804700113,0.43985620916191354,7.66445018098207e-06,0.0017077459188834874,1
0.5500270666373556,0.44729367419154586,5.197530834916548e-06,0.0026740616408103017,1
0.5018223429399356,0.49373450807465946,3.831409108984093e-06,0.004439317576966896,1
0.33310391477571105,0.6467325923898455,1.6470887486313776e-06,0.020161845745113594,1
0.16441585704332534,0.816706263727803,2.782911046864338e-07,0.018877600936699487,1
0.014621275564377534,0.9806183451050973,1.0865251289740097e-08,0.004760368466781259,1
0.0004065978539156796,0.9989427460230297,2.2412393788114959e-10,0.0006506558997689562,1
3.533597182621546e-06,0.9996609487424242,4.741483892190769e-12,0.0003355176564573126,1
2.8947655971578855e-06,0.9993904296453616,2.8777090632577117e-12,0.0006066755871508588,1
2.2082828891238055e-06,0.9996037868024027,8.474793528916155e-12,0.0003940049054600052,1
1.7326352444776547e-06,0.9984625695933362,1.6075252845318827e-12,0.0015356977686752985,1
1.9153005391464114e-06,0.9996602258413559,1.3208312775698022e-11,0.00033785884554147453,1
4.894247682972964e-06,0.9978333929808384,1.3852378672307958e-10,0.0021617126322227296,1
8.541866358292339e-06,0.976334658748245,1.0742689911235874e-11,0.02365679937403164,1
1.6179160013858533e-06,0.9982534283084075,3.215352831355084e-11,0.0017449537422341618,1
1.2707158772731947e-06,0.9983994735100489,3.928707552261792e-12,0.001599255768799105,1
1.4728579182408224e-06,0.9991119350115394,1.433912916573612e-12,0.0008865921301701296,1
1.6357622045152901e-06,0.9996329553525414,1.718153338585648e-12,0.0003654088841714662,1
1.8477454680894055e-06,0.9996552713881088,1.4437242185000416e-11,0.00034288085341135444,1
9.879967932653329e-07,0.9964386648854389,5.37361751271225e-13,0.003560347118123366,1
4.3502228034533634e-07,0.9996094430450264,2.1022819947975967e-12,0.0003901219303267114,1
1.019522243615579e-06,0.9991342436066871,7.998585796380086e-13,0.0008647368713987084,1
1.6529236649723025e-06,0.9996301168290321,5.6554343009890745e-12,0.00036823024250004445,1
4.033634051145715e-06,0.9986781692030574,3.985333531578636e-12,0.0013177971578572933,1
5.156287240703858e-07,0.9994739819485804,5.318402338664135e-13,0.0005255024208232004,1
8.214785412330527e-07,0.9997161517695616,2.318470458655245e-12,0.0002830267501086369,1
2.650094619285151e-07,0.9989238355427225,3.0282799197216504e-13,0.0010758994468881538,1
1.023639775273197e-07,0.9995848293345453,3.18019064505975e-13,0.0004150683020029614,1
7.271183054496325e-08,0.9993407518499254,1.0772306324033024e-13,0.0006591754394052979,1
7.632087031181783e-08,0.9995967635169533,1.4061412660029548e-13,0.0004031601617122555,1
8.223886145928737e-08,0.9995415156430253,3.0048667229189657e-13,0.00045840211632406,1
9.537162392162394e-08,0.9989734383573794,4.445372029751518e-12,0.001026466267342718,1
1.7887069318148457e-06,0.9796530244965932,1.0306676173780274e-12,0.020345186793904402,1
7.170697828605884e-07,0.9991245144121377,2.6928196013802595e-12,0.0008747685142462854,1
4.255989868885426e-07,0.9997356670276212,8.254319276509985e-13,0.0002639073723612119,1
5.773384920075595e-07,0.9994207549207248,4.393429238218525e-13,0.0005786677399687743,1
3.887335333964804e-07,0.9996427595660414,5.322401221923598e-13,0.00035685169897353697,1
2.7836265596072796e-07,0.9995786655141139,3.43746319419913e-13,0.0004210561222550951,1
3.7919866468705964e-07,0.9996149451723764,3.454299695029335e-13,0.00038467562962543047,1
4.452757756568771e-07,0.9997186258052573,8.634398767853162e-13,0.00028092891897476267,1
6.83365751385455e-07,0.9993283016967247,3.311615773701501e-12,0.0006710149351646456,1
6.646628456408372e-07,0.998034686521755,5.579159328046716e-13,0.0019646488162731244,1
2.2844140605034083e-07,0.999600369023124,7.68353244702071e-13,0.00039940253551029315,1
1.451534212837082e-07,0.9993223418180724,4.2022663044551474e-13,0.0006775130270084904,1
2.677698285136069e-06,0.999255589802992,1.0608399655805252e-11,0.0007417324883829316,1
8.261743659325801e-06,0.9982494539714372,2.4273302483618975e-11,0.001742284261033511,1
2.961362391314802e-05,0.9992587572011604,8.819356186902895e-11,0.0007116290849796168,1
3.58369716706247e-05,0.9995288655176183,7.253322035320268e-11,0.0004352974376038174,1
2.6315366633275525e-05,0.999515306996183,2.076395621287662e-10,0.0004583774303576354,1
1.2312005611964637e-05,0.995814278243999,1.4305256352102921e-11,0.00417340973618707,1
7.633993371172107e-06,0.9994918316791239,1.4485430765609774e-11,0.0005005343135636084,1
4.571640765580749e-06,0.9996484139271795,4.53452182079335e-12,0.0003470144284490208,1
2.6203741139175852e-06,0.9995991378310829,3.816789594650651e-12,0.00039824179057693185,1
1.3526605721398328e-06,0.9993908859516756,8.79812361914807e-13,0.0006077613850717588,1
6.625692163445388e-08,0.9996918368651894,3.1727170095412804e-13,0.0003080968770688928,1
1.8197443890021504e-11,0.998851545779394,5.8416742977123256e-15,0.0011484542029045286,1
1.1337532532204268e-11,0.9897684150559706,2.0579579825600134e-15,0.010231584932846226,1
1.5410507926439566e-11,0.9951419745929865,1.4153348130546858e-15,0.004858025392068934,1
9.031180725740167e-12,0.9993971871921452,1.588926810806401e-15,0.000602812800334227,1
3.250870106228708e-12,0.9986687459562121,3.523668924676138e-16,0.0013312540412968319,1
8.739149731312276e-12,0.9986458240465723,2.8701805524084957e-16,0.0013541759447529627,1
3.1910409742191163e-12,0.9996072229033958,2.470158941073163e-16,0.0003927770925708294,1
1.5121776999371007e-11,0.9992508664779064,2.4686595479644342e-15,0.0007491335072918673,1
2.2493217660339314e-11,0.9963756295861919,5.1778238865467364e-15,0.0036243703897546617,1
1.265994552852336e-11,0.9906912343081934,1.5112347743136804e-15,0.009308765678703685,1
2.4530534486107535e-13,0.9982062552667345,3.1638749711686027e-16,0.0017937447312488721,1
3.197921158110072e-16,0.9983939411740848,1.5909102761274398e-18,0.0016060588272918494,1
2.7283351338301244e-16,0.9987663654109974,1.1598546855285926e-18,0.0012336345885745577,1
2.4387818403218335e-16,0.9990330975001589,1.1480928168763892e-18,0.0009669025009177998,1
8.605899351566162e-16,0.9990071680818963,1.0425288360238125e-17,0.0009928319197755897,1
4.589916849819968e-15,0.9947671573841209,1.0420417965015122e-16,0.005232842616917257,1
7.590423318555728e-15,0.9746274301751302,6.485539621773429e-18,0.02537256982330752,1
1.114387462112525e-14,0.9979600057078908,3.873305363288119e-17,0.002039994292360662,1
3.8910769024884285e-14,0.9993059248864665,2.1693322441848367e-17,0.0006940751126349944,1
2.045348707961092e-13,0.9992097657441994,1.805121188360754e-17,0.0007902342570673177,1
6.035679534113459e-12,0.9996127187236229,3.9660695651812357e-16,0.0003872812689160997,1
2.330655924836741e-12,0.9990715662144279,1.1349424144149512e-16,0.0009284337828642598,1
5.898543655224126e-12,0.9994749145888221,3.284040055612298e-16,0.0005250854069351996,1
6.19538033484785e-12,0.999229723365777,1.9489934920905753e-16,0.000770276629275243,1
4.770572745427675e-12,0.9995259629388852,1.1607266265201646e-15,0.00047403705729171105,1
7.76392686071488e-12,0.9966991496698856,4.742333759603418e-16,0.0033008503233819923,1
4.987062171988123e-12,0.9988994467773972,3.980676016331746e-16,0.0011005532190207588,1
9.67885827680877e-12,0.9994072665173974,2.669412503971852e-16,0.0005927334718823673,1
1.468638503922538e-11,0.9995986275910247,3.0048701308598666e-16,0.00040137239403418537,1
2.99651832200249e-11,0.9996131144734192,4.450156132051e-16,0.00038688549525781876,1
8.296708434066355e-11,0.9996017567547401,8.824350048664728e-16,0.00039824316267672095,1
1.2531841125018712e-10,0.9995603633725815,8.56131926231858e-16,0.0004396365006927037,1
4.31737960824349e-09,0.9996943097969312,9.839273655711072e-15,0.0003056858851280192,1
2.7134226018666997e-09,0.9997161590179954,1.0984070904449409e-14,0.0002838382675885935,1
2.580034641786635e-09,0.9995332132780258,7.406072000451104e-15,0.00046678414333628396,1
1.3004077452204728e-09,0.9996694883879358,4.6307687366856935e-15,0.0003305103109332756,1
8.46214016435743e-10,0.9996771361033883,7.547632522554397e-15,0.0003228630506464523,1
6.671550184809414e-10,0.9992963232411036,5.564990099045672e-15,0.0007036760919401869,1
4.7628235678830066e-14,0.9993769336236584,2.6090180693387107e-17,0.0006230663763230736,1
1.7863885541722646e-13,0.9987453829919256,3.4864882016364346e-17,0.001254617007960294,1
1.399274327232527e-13,0.9993529207172143,3.948938413124013e-17,0.0006470792808416078,1
4.111536167499592e-13,0.9991590599515832,4.8685670841027395e-17,0.0008409400480212235,1
2.622332304012576e-13,0.9994394444967963,5.493776384121975e-17,0.0005605555032680101,1
7.256135487825072e-13,0.9991512207441332,6.481892814595415e-17,0.0008487792535881718,1
1.7855600103449561e-12,0.9994046665586849,1.3341069950330599e-16,0.0005953334406804766,1
4.590385323325315e-12,0.9994037481091143,1.5532010276294522e-16,0.0005962518877764915,1
7.659492444015961e-12,0.999596988897073,2.4450828464753297e-16,0.0004030110946465913,1
1.4220672004796877e-11,0.9995080211340959,9.68858905988017e-16,0.0004919788500884752,1
1.715171826915823e-11,0.9983599307006666,1.803697293307354e-15,0.0016400692817468857,1
8.096690922112616e-12,0.9974453684505935,1.5436952084248213e-14,0.002554631539851755,1
4.146851315715153e-08,0.9492708954091147,2.130411989778023e-12,0.05072906311965638,1
6.28915956521494e-08,0.9613699255740814,1.7236426509456294e-12,0.038630011534333014,1
6.260084109916513e-09,0.9960609393812722,1.8432227563781193e-13,0.003939054358672062,1
2.8277379455894434e-08,0.9994309214836823,2.453420174455062e-13,0.0005690502369276061,1
5.602919414988356e-09,0.9990929043644299,1.5708208154295375e-14,0.0009070900338782387,1
1.7322895376507014e-08,0.9996592035098603,6.515687753283988e-14,0.00034077916577823753,1
6.686143084622255e-08,0.9994034010711429,6.542669004574564e-14,0.0005965320660445627,1
2.381109239023672e-07,0.9997282142944008,6.392535091043766e-13,0.00027154759387822136,1
2.672886518921658e-07,0.999201558334787,1.6266799744160304e-12,0.0007981743739571647,1
2.5578662612916093e-06,0.9978178776360299,1.5893654517412173e-12,0.002179564494776331,1
1.6464805385707663e-06,0.999683140496123,3.247190549370398e-12,0.00031521301957463543,1
3.1366736839527896e-06,0.9995330131953395,1.0142268611511948e-11,0.00046385012108995314,1
4.9939980414582355e-06,0.998570735942908,1.2731899209931384e-11,0.0014242700450818263,1
1.0243354524877001e-06,0.9985905200835367,3.871537813887766e-12,0.0014084555773785543,1
2.0345366109974035e-06,0.9984604063429248,1.094035756554927e-10,0.0015375590127512545,1
5.570914899564078e-06,0.9551471908857674,2.877502853063788e-11,0.044847238171710116,1
1.635650515038625e-05,0.9856851907490581,1.8444643391220818e-10,0.01429845256023808,1
5.600565186029365e-06,0.9985680002713995,5.946126675387949e-11,0.0014263991037732938,1
1.1945103393766405e-05,0.9988693073921621,1.5688557203736247e-10,0.0011187473471800742,1
3.259603173262101e-07,0.9944783254015623,2.2571315920917674e-12,0.005521348634543863,1
2.7659904376124957e-06,0.9975227416330829,5.135434224419635e-12,0.002474492369665707,1
2.3988057446030543e-06,0.9996137047545779,5.2380571151173864e-12,0.00038389643385658277,1
4.9968344149901416e-06,0.9995205954456423,6.588487765419211e-11,0.00047440765234352754,1
1.82977183977992e-05,0.992486615665343,3.629946692707369e-11,0.007495086581068593,1
5.820503717244833e-06,0.9974393603350026,2.686963007107095e-11,0.0025548191354178014,1
2.793199345517616e-06,0.999154933312347,5.163086077840815e-12,0.000842273482076815,1
1.050770423099345e-06,0.9994133397482349,2.7498005143367466e-12,0.0005856094791154659,1
2.0241342485619163e-07,0.9990987623316556,4.6005789748970915e-12,0.0009010352494266315,1
4.307423691407916e-07,0.9908745382292178,3.4440516133920905e-13,0.009125031026362588,1
1.0000727768002146e-07,0.9995641662581385,8.363060683843784e-13,0.0004357337339770614,1
1.303152261351913e-07,0.9993639738083283,2.102296533305145e-13,0.000635895877345048,1
4.868727816989372e-08,0.9995140517971963,1.3520557109206395e-12,0.00048589951280793997,1
3.887648695370016e-08,0.9927780860747777,3.8485646208015e-14,0.007221875047899763,1
8.423307949603193e-09,0.9995636333012126,1.603682959870918e-13,0.0004363582769798884,1
3.4578694909038886e-09,0.999038992417415,1.1993573945293881e-14,0.0009610041240134619,1
2.263029355305182e-08,0.999600850910072,7.098539441967404e-14,0.0003991264580915462,1
1.3481092528547528e-08,0.9994472181439019,6.017052578679264e-14,0.0005527683747437391,1
2.925906398327558e-07,0.9991325867511347,7.495350496134218e-12,0.0008671206511071816,1
4.419429558110543e-05,0.9874873833820641,3.2073596829859056e-10,0.012468422000941297,1
0.0127693562746533,0.985889911731023,5.073517142442444e-07,0.0013402246437457662,1
0.020954487537050676,0.976248372240981,1.7270435470419667e-07,0.0027969675178410695,1
0.02528153443542256,0.9737277167534927,2.842896016903132e-07,0.0009904645217359927,1
0.025846275720154764,0.9724382539523502,2.3662349813143463e-07,0.0017152337042173485,1
0.02222373201581994,0.9753529652791184,9.146217881853994e-08,0.0024232112440353737,1
0.005472608894979518,0.9935585393255173,8.493682444817575e-09,0.0009688432850064933,1
0.0006034048446659127,0.9986366181341835,2.8925674202051517e-09,0.0007599741277006017,1
0.0002292972594799704,0.9969524849499035,4.624311739565469e-10,0.0028182173273295476,1
8.441135721614413e-05,0.9988174654849635,5.816834070858919e-10,0.0010981225768447527,1
2.4701283666337874e-06,0.9964704725207996,4.398177340508174e-11,0.0035270573058987973,1
6.592169025965439e-07,0.9917976511910152,1.8908395102390814e-11,0.008201689572627312,1
5.823311265044147e-07,0.9898683980701426,1.763719818367667e-11,0.010131019579978438,1
3.6404458258992835e-07,0.9914502059088156,6.432811425527261e-12,0.0085494300414305,1
1.6219404525320815e-08,0.9965262950974044,2.0086720479508986e-13,0.003473688683517376,1
5.016249842512553e-07,0.9992185021040554,1.010208977539519e-11,0.0007809962594024584,1
1.4467710966185041e-06,0.9959790886103497,3.129919934274396e-12,0.004019464614927881,1
1.0484147278147787e-06,0.9986704214762556,6.980155853938189e-11,0.0013285300392979883,1
8.901679969621638e-06,0.9764803671777724,6.745406480571863e-12,0.023510731135242918,1
6.736296311229978e-06,0.998928321215767,3.01696341182706e-11,0.0010649424584096047,1
2.3353710567881957e-06,0.9996716093800105,2.143008701048116e-12,0.0003260552472070472,1
2.2044579262424885e-06,0.9997002563208148,2.9684594100427717e-12,0.0002975392190652984,1
1.5208789622301825e-06,0.9994522841870346,1.225837648126193e-12,0.0005461949310831171,1
2.300512227277621e-06,0.9996787761943395,2.8706226600706255e-12,0.0003189232910740237,1
4.516764983083325e-06,0.9995801898516203,5.196178473010061e-12,0.0004152933766215279,1
2.5085953191375692e-06,0.9994969050643384,4.1120693770229234e-12,0.0005005863379274927,1
1.3504531038754042e-05,0.9995274264050314,2.998114504368753e-11,0.0004590690333548353,1
2.3785642847702252e-05,0.999393353579699,1.3284704745853138e-10,0.0005828606456675467,1
0.00012090470244180932,0.9972158613334282,9.403958926356415e-10,0.002663233025105317,1
0.0014599276458815038,0.9978685004781462,1.855781693421965e-08,0.0006715533169459362,1
0.011295969853981801,0.9874850658792388,8.595342214831308e-08,0.0012188783136982293,1
0.07706235238868449,0.9172917671114708,6.340423392172189e-07,0.005645246456566857,1
0.3236493074873376,0.665584991155529,2.754063276044931e-06,0.010762947295049091,1
0.9481931644456731,0.04978655812249736,4.25094844175325e-05,0.0019777679461657626,0
0.9963196233824162,0.0033965037110720683,4.087504769690472e-05,0.00024299785905219833,0
0.9995916919085812,0.00034089451571607407,2.3257304183542986e-05,4.4156271130139365e-05,0
0.9998811785611553,6.416299455653146e-05,2.3549749209531238e-05,3.110869409604721e-05,0
0.99978315598672,0.00011699650244347706,3.627192909459881e-05,6.357558055270153e-05,0
0.9983229141793722,0.0012362951252395413,6.386552653533755e-05,0.00037692516964976853,0
0.9532631443703821,0.039745797922006214,1.4877992154051234e-05,0.006976179716003832,0
0.09438749069448035,0.889310827692155,6.531650859041713e-08,0.016301616295270067,1
0.0012326514301834314,0.996797070651695,1.2549503699673887e-09,0.0019702766632398658,1
0.0001096864816474291,0.9995101508449887,9.815707607969987e-11,0.0003801625746901812,1
1.217222560027273e-07,0.9995006469336482,1.4418261219033298e-13,0.0004992313450242219,1
4.476907268902311e-08,0.9996665078613596,5.068605624018911e-14,0.00033344736984759424,1
3.433466124885244e-08,0.9997532843157273,5.457764020510424e-14,0.0002466813491627441,1
1.7960156635140728e-09,0.9996494217044638,8.492971524575548e-15,0.00035057650068683754,1
2.282775209468456e-09,0.9995152629179795,1.4688061977971135e-14,0.0004847347997699481,1
1.0460489885456308e-08,0.9993555590899398,3.597271720183821e-14,0.0006444304511301916,1
1.0708359018222885e-11,0.9995124946601631,2.4736385996946757e-16,0.0004875053307097814,1
1.0815438199582058e-12,0.9995959942568073,4.040455608396286e-17,0.0004040057410532708,1
7.335252693066177e-11,0.999682042266171,6.2143943405335015e-16,0.0003179576615789954,1
2.21293154786476e-09,0.9996780545459886,4.66629681937529e-14,0.00032194323969436157,1
1.0684374102432269e-10,0.9973867759134432,1.6195386002404743e-15,0.0026132239779473525,1
9.479376172865339e-13,0.999055734762196,6.158348898878944e-17,0.0009442652353639771,1
3.9813464420618776e-10,0.9996875249759747,2.448308589713085e-15,0.00031247462555005097,1
4.028480603059245e-11,0.9996681459419231,5.118632464399999e-16,0.0003318540188613285,1
2.904142778614363e-09,0.9996015888816194,1.78366316857956e-14,0.0003984082147840204,1
3.989424604330384e-09,0.9993036616372809,1.2283885008875457e-14,0.0006963343717317061,1
1.7934546189059088e-09,0.999658659599324,5.45127741303792e-15,0.0003413386071452051,1
9.97714515143371e-09,0.999726399430736,1.8915503658780694e-14,0.00027359059125518613,1
5.064909834864345e-08,0.9996918308098213,5.122767618676654e-13,0.00030811854185635863,1
2.3687070148232124e-07,0.9973752814232041,1.3801541626792637e-11,0.002624481691740864,1
6.145670516627176e-05,0.9599540489850552,3.0786199273355373e-09,0.0399844912297606,1
7.499750623822055e-08,0.5770733682898374,6.237834788761626e-13,0.42292655671057283,1
5.89882518810546e-07,0.9035744179604942,1.1142322536209118e-11,0.0964249921449192,1
1.1803511175762267e-08,0.9966340398149769,2.6104817696318884e-12,0.0033659483781007067,1
6.56798097932274e-09,0.9969035403478481,3.539443170223079e-14,0.0030964530846050086,1
2.8955215813439724e-09,0.9993961423369362,5.937876263288488e-14,0.0006038547674447909,1
2.0371603248841324e-08,0.998527681989679,2.4751710370649042e-12,0.0014722976355571644,1
4.492827304520052e-10,0.9576279300062789,1.016945474203417e-14,0.04237206954331794,1
7.620564527387369e-14,0.9934480375230795,3.661123764623335e-15,0.006551962477172355,1
1.736372665149933e-21,0.9791506360074282,3.3762777657641997e-20,0.02084936399364117,1
2.5205928518624663e-21,0.981101125046281,6.551618912390917e-20,0.018898874953057285,1
2.3247593967702495e-20,0.9863670208628805,1.4357201459688259e-19,0.013632979137747098,1
2.6198803237765262e-20,0.9916384498138441,1.0485236607012036e-19,0.00836155018500301,1
2.1719500010538773e-20,0.9940849270510292,9.86915829882358e-20,0.005915072947655954,1
2.6677080372821083e-21,0.9926707326256018,2.941092095699106e-20,0.007329267373592332,1
5.169799751231703e-19,0.9907516895486678,1.0091622217350613e-18,0.009248310452240067,1
4.2798687096079336e-19,0.9819935318541659,2.559561370280698e-19,0.01800646814646061,1
4.5639316758448335e-18,0.9940129227598539,2.0613761471699874e-18,0.005987077240157012,1
5.382814379777171e-19,0.995562566150672,4.177692647451848e-19,0.004437433849571853,1
2.340041966624686e-18,0.9945905902668358,1.6043114897376276e-18,0.005409409734494913,1
2.4467508754813976e-19,0.9869003701891912,1.2302873738858212e-19,0.013099629811467242,1
5.70508675840457e-19,0.9935867443053281,5.076247819499504e-19,0.006413255693820833,1
4.38217902534341e-16,0.995746771254864,3.721291307604742e-18,0.004253228743334475,1
9.697221072094788e-17,0.9986472823257835,1.0256989114154343e-18,0.0013527176725017266,1
3.485451506699034e-13,0.9991556447215639,7.401220273951192e-17,0.0008443552790391004,1
3.0537250602416912e-12,0.9991484720033817,1.7533506657425125e-16,0.0008515279953017501,1
2.367760293423711e-12,0.9992881657180618,1.3032063393253332e-15,0.0007118342801984595,1
1.5919973559386978e-09,0.9945399544929445,4.268975990444454e-15,0.0054600439159893524,1
3.802669711482809e-09,0.9995845239912476,7.155752732945734e-14,0.0004154722077511433,1
5.941521210756277e-09,0.9990996059967963,1.4575607587248292e-14,0.0009003880634163944,1
1.1215504462139011e-09,0.9996359135154824,2.9449600952276534e-14,0.0003640853640964289,1
6.293115448898953e-08,0.9979678919667482,1.0339170800721561e-13,0.002032045102190232,1
2.499509106943791e-07,0.9994652993790186,4.407066071446834e-13,0.0005344506679647877,1
5.536234848166803e-09,0.9996060637392435,1.2512447566307659e-14,0.0003939307232339915,1
2.270252222556516e-08,0.9996953619903042,3.298831769835663e-14,0.0003046153057347811,1
4.842143887545838e-07,0.999712031841789,4.694147337514046e-13,0.000287483943571783,1
1.9945505825722114e-06,0.9996830113815318,2.0186801794793766e-12,0.00031499406681843655,1
4.765619029693778e-06,0.9996626735067597,1.1239264457742756e-11,0.000332560862654996,1
1.3484062536817306e-05,0.9990721344772155,3.163483324090671e-10,0.000914381145351915,1
9.005123062825734e-07,0.9799702802556416,7.025809643349119e-13,0.020028819229857043,1
4.265909954172107e-07,0.9989346089099774,1.2783151157587435e-11,0.0010649644878613226,1
1.655919109188838e-05,0.9983270265955408,3.5809573883135895e-10,0.001656413853981882,1
0.0004316781344185981,0.9671776374287928,2.6308675866394572e-08,0.03239065812927209,1
2.224439844259583e-05,0.00726162414347745,9.154473386606574e-12,0.9927161314478921,3
0.0007477099061244655,0.9214549372131915,5.620084128645545e-08,0.07779729668126172,1
0.0010935768101371008,0.9921111202658903,5.340365441568921e-08,0.006795249520043753,1
0.0011149372981366593,0.9944967635573828,1.3648970046907145e-08,0.004388285493892202,1
0.001088925069811894,0.9909915203645482,6.175775814881789e-09,0.007919548389189223,1
0.00012586561553688797,0.9947735534682012,3.7204357276712405e-10,0.0051005805424292295,1
3.2079315313244226e-05,0.9978236687250838,1.6019327995290824e-10,0.002144251799789918,1
4.835634727033133e-05,0.9988598998241519,1.2593170572079806e-09,0.0010917425682943223,1
9.818609464895425e-05,0.9835505558012677,3.7109733317841916e-09,0.016351254392202735,1
4.224754019501371e-07,0.8846825201926316,8.388803250332852e-12,0.11531705732194888,1
1.433479237152334e-06,0.9416455896378194,2.594317141743348e-11,0.05835297685559051,1
2.92277750385497e-07,0.994551923326482,8.579748119679785e-12,0.005447784386716753,1
7.145713141564978e-08,0.9984442980614856,1.489542511295084e-11,0.0015556304665891357,1
7.004009480639162e-07,0.955050723190016,3.467152526767593e-12,0.04494857640569435,1
3.7779188362870433e-07,0.9892291542840959,1.360281173591759e-11,0.010770467911370152,1
3.630064803435798e-06,0.997962811798657,1.364553002541874e-11,0.0020335581246059583,1
8.542088542386309e-06,0.9996158451203722,1.5793439729901845e-11,0.0003756127736126929,1
2.923593927031608e-06,0.9994933728176943,3.3148601713935e-12,0.0005037035860420427,1
1.2041174847430285e-05,0.9996274332410019,6.686822760617644e-11,0.0003605255166805404,1
0.00014787217399154219,0.9985021244341534,1.01320683896221e-09,0.001350002380269155,1
0.009905315678308914,0.9867041369287176,9.155636951731655e-08,0.003390455837374597,1
0.3015859139381194,0.6778247748758544,2.890056939874819e-06,0.02058642112728604,0
0.4134055635655879,0.5825470267976945,5.716733515337434e-06,0.004041692904226439,0
0.46172380618640063,0.5353136133836053,3.082320530981593e-06,0.002959498109586639,0
0.5961562414039744,0.4008587496896135,4.707718664946952e-06,0.002980301186141002,0
0.7323989116661271,0.2632100997523352,5.860990222221631e-06,0.004385127590392872,0
0.9154581108941849,0.05623250540561071,5.716265700403864e-06,0.028303667434675456,0
0.988587339915774,0.005891563063873843,1.2642980840980457e-05,0.005508454040327641,0
0.9986075845376783,0.0010830409174009353,1.335250916986344e-05,0.0002960220354197843,0
0.9997499969779683,0.00019632402700951436,1.5599556732411275e-05,3.8079439558566736e-05,0
0.9998900716926656,4.970333558875812e-05,1.9959988552662434e-05,4.0264983099730644e-05,0
0.9999031185583125,3.908024395490408e-05,1.4531034692727564e-05,4.327016448410324e-05,0
0.9999058895276651,9.483140795779002e-06,4.017593561368827e-05,4.445139410785302e-05,0
0.9999141822891098,2.1459451724705116e-05,3.360739650574381e-05,3.075086145059195e-05,0
0.999793476395474,0.00014145233869429906,2.1811751255012048e-05,4.3259514122739024e-05,0
0.9981311298419444,0.0016946350191378132,1.7679573849735706e-05,0.00015655556367699463,0
0.9867944504664729,0.012836790126976487,6.421769462210645e-06,0.0003623376362843289,0
0.9830289112720922,0.01674309565911003,6.974896422120204e-06,0.00022101817253939427,0
0.9801071520721695,0.019659949026117906,8.428001232378333e-06,0.00022447090072187813,0
0.9727741481316262,0.02678479140289305,8.430500109525985e-06,0.0004326299656531638,0
0.9589871922322439,0.03502671414098344,1.9097370313965944e-05,0.00596699625593289,0
0.7743136397797905,0.03259127606943815,2.0256479877389698e-05,0.19307482767256873,0
0.13021607133686106,0.0003079844199135878,4.855774886979662e-07,0.8694754586664186,3
0.1026046083064378,0.03485777080905841,8.037075437088563e-06,0.8625295838090854,3
0.0008067140313734798,0.00016876100510682956,2.2350796428766266e-10,0.9990245247405962,3
9.694890504954808e-05,0.923992489286276,1.0580878235194644e-08,0.07591055122739505,1
1.331244777658497e-05,0.9710423876358647,5.839890978452499e-11,0.02894429985895148,1
5.189016943681622e-06,0.9989360269960956,4.7887695333669695e-11,0.0010587839376253422,1
6.590128660095885e-06,0.9994773014234274,1.0482194981261818e-10,0.0005161083414332036,1
0.00013979815609456333,0.9906806726173748,3.4195502292917785e-09,0.009179525805655049,1
0.0009369122607821088,0.8645828422113893,4.050225019826049e-08,0.13448020502655933,1
2.3610604671111663e-05,0.047085976746171695,1.58187595904508e-11,0.9528904126324351,3
3.5712993161201076e-06,0.9106114374669113,1.154181156914272e-10,0.08938499111784168,1
1.612978543725439e-07,0.993965518836727,9.85427623120968e-12,0.0060343198554612554,1
3.296453960620876e-07,0.9981335827360283,1.0847185565073453e-12,0.0018660876168861596,1
3.758964648991021e-07,0.9995474529162903,1.642287299888981e-12,0.0004521711850090575,1
1.5114154309635244e-06,0.9990375595200107,3.2812114440857036e-11,0.0009609290332622625,1
0.0001022751973565403,0.9826220807059078,5.9948431432716936e-09,0.017275638101025236,1
2.4619329895687173e-05,0.33143143569074196,2.957616764561179e-11,0.6685439449483377,3
7.421798839055711e-05,0.9138283539705243,3.185520487253209e-09,0.08609742485516458,1
8.864010651005722e-05,0.9883562403893038,4.357752775999082e-09,0.011555115145083457,1
0.0010502257486888936,0.997468533196642,2.869504427299569e-08,0.001481212358698275,1
0.021063809872241296,0.9734911758443314,1.7758053047457268e-07,0.005444836703979363,1
0.133760708809365,0.8578796820987564,1.4334933166521934e-06,0.00835817559732422,1
0.40706118895543536,0.5384329260474108,2.974627671488647e-06,0.05450291037094194,1
0.7797904366746227,0.2092002847330181,1.6153769114748386e-05,0.01099312482505409,0
0.8938902926997168,0.10439123386683492,9.70747922570771e-06,0.0017087659547710627,0
0.9679093230619813,0.03091828326650768,1.0231208547794503e-05,0.0011621624614560802,0
0.991065806882014,0.008600753395068158,1.0946348916164334e-05,0.000322493372554377,0
0.9975318669072852,0.0023561907197866563,1.1877201007940193e-05,0.00010006517125607605,0
0.999596087686002,0.00022115197903645024,1.991336498648901e-05,0.00016284697087457596,0
0.9979342433259087,3.728287308800345e-07,4.156841822914786e-06,0.002061227002730008,0
0.9998870902428751,1.9042799205421242e-05,4.5046969102522685e-05,4.88199899638904e-05,0
0.9997016716823806,4.955581179717161e-06,0.0002718469071419923,2.1525830207993492e-05,0
0.9992473030633936,1.2324062178956677e-06,0.0005947200070259234,0.00015674452234489374,0
0.9998090643609243,7.194775152779541e-06,0.00016503600001204006,1.8704863906998587e-05,0
0.9998657502520774,2.1627663145787183e-05,8.69569321848233e-05,2.5665153007348876e-05,0
0.9993984748537763,0.00048104951688561064,9.762767850237035e-06,0.00011071286241318985,0
0.9980123210724392,0.0011178705023113453,8.136262462802254e-06,0.0008616721638369708,0
0.9925257191246023,0.002331679791606936,1.3125793281541622e-05,0.005129475290234097,0
0.9745282372758753,0.008926366177508931,4.8249486441213114e-05,0.016497147060929515,0
0.4454435962313332,0.0023303730801237355,5.962023455719324e-07,0.552225434487725,3
0.3122190182961173,0.5087675277292713,6.293933763278261e-07,0.17901282458150652,1
0.05900214398567648,0.9252870709792627,3.076382014593258e-07,0.015710477396255175,1
0.022138341387625885,0.9678602500247233,2.5909813046664737e-08,0.010001382678988561,1
0.003612083227749334,0.9952099701868059,5.554915654863719e-09,0.0011779410309270069,1
0.0006737127351267188,0.9988056870383948,1.8621450429176609e-09,0.000520598365835892,1
0.0003562812307486191,0.9991889255361609,2.04544527803151e-09,0.00045479118792806717,1
0.0009513246096970482,0.9978039149035304,6.693589485802434e-09,0.0012447537935281184,1
0.010723439304830867,0.987755745779672,1.0137123196422397e-07,0.0015207135445632694,1
0.03757856746472625,0.9587038128774054,3.338364977832326e-07,0.003717285820673368,1
0.160257774622578,0.8292537176760943,1.3413194996339738e-06,0.010487166382575517,1
0.5330835414255838,0.4544852554026772,4.962581974666762e-06,0.012426240588009119,0
0.7581831830885607,0.23772061815989168,7.472083054880902e-06,0.004088726666916741,0
0.9213686683271393,0.06779765534115781,4.848500364489454e-06,0.010828827832933631,0
0.9651142436980472,0.03249524378914649,7.544842900634178e-06,0.0023829676684611915,0
0.9827688125852667,0.016859828549375212,8.559991598616957e-06,0.0003627988728194121,0
0.9936132369740679,0.00620056240596359,9.84160230815555e-06,0.0001763590167567914,0
0.997810636258279,0.002100416765535945,1.0245953186237234e-05,7.870102180936492e-05,0
0.9997160831149311,0.000191628959684954,1.2680801486999943e-05,7.96071227566016e-05,0
0.9998047649329442,5.443211681714383e-05,1.2037946514621158e-05,0.00012876500365304884,0
0.9988458388898085,1.4848999179478877e-06,7.11513631625398e-06,0.001145561073542834,0
0.9998180365337339,2.9655245059581426e-06,6.517667672229983e-05,0.00011382126359227962,0
0.9998008705971163,2.9820162761690273e-06,0.0001314971986053829,6.465018704881945e-05,0
0.9996761468094794,4.6308092262265356e-06,0.0002971658292689618,2.205655209975005e-05,0
0.9996388978638926,1.7790649399872853e-06,0.00014828268187462096,0.00021104038887467745,0
0.9954097701811485,1.718432530765935e-05,0.004423155471238127,0.0001498900238248678,0
0.8895540550945124,3.454080789841269e-06,0.10987462122602491,0.0005678695998081082,0
0.05741011068149897,1.8057616197588483e-07,0.9423239843056116,0.0002657244356610336,2
0.014842421687179355,5.371954701528357e-08,0.9851390468812101,1.8477711632999954e-05,2
0.005117529205240232,1.4331629842285484e-08,0.9948746621482327,7.794316413874477e-06,2
0.0013126131666334846,5.723234923821463e-09,0.998684982637189,2.39847245399019e-06,2
0.0005352109455445495,9.579613850164629e-10,0.9994587665606565,6.021537492821123e-06,2
0.00024078372559736377,3.8426981857935605e-10,0.9997569017087373,2.314182094350392e-06,2
9.829846421418731e-05,1.7272021305910706e-10,0.9999006988885794,1.0024754212382566e-06,2
0.0001223543643364136,9.414063864221737e-11,0.9998767151305518,9.304127321976586e-07,2
9.448281245640111e-05,8.527220451536763e-11,0.9999046352459455,8.818555997711303e-07,2
2.4094337894429945e-05,3.3543453170222614e-11,0.999974873054363,1.0325726025614056e-06,2
1.9156326114207663e-06,1.935205763811844e-13,0.9999833878134403,1.4696554870732943e-05,2
4.5822374481311786e-06,3.2799849265786955e-12,0.9999889512865697,6.466470922516577e-06,2
8.813470633159945e-07,1.8324799886603695e-12,0.9999987988783624,3.1977400680796227e-07,2
5.25476848721408e-10,1.7648922128778024e-15,0.9999996090374079,3.90436727667324e-07,2
1.292871878544827e-10,1.6506964630428416e-15,0.9999996901133752,3.097573190652335e-07,2
9.662363874005729e-11,5.863624056431705e-16,0.9999993572093692,6.426948116185472e-07,2
2.1962186769870912e-11,1.138668648842442e-15,0.9999997702871306,2.2969195486857218e-07,2
3.566097709404546e-11,1.5477560401004583e-16,0.9999984024774704,1.597487213105721e-06,2
4.3658438652325656e-10,7.56552871497033e-15,0.9999993561070623,6.434573118027755e-07,2
1.414002878994313e-09,3.5515617748071173e-15,0.9999991482985923,8.50288609643267e-07,2
1.0270937372644076e-08,1.984951227882619e-14,0.9999997812228925,2.0850442880389612e-07,2
9.227631553265408e-10,2.3360120701385755e-15,0.9999997403611243,2.587177671874911e-07,2
5.497365445260798e-10,1.5792254222247134e-15,0.9999992284432003,7.710088060965307e-07,2
2.0238403212532597e-07,9.438526758573806e-14,0.9999995362633111,2.6135213411159744e-07,2
8.551916467447884e-08,2.6307236590864902e-14,0.9999996301049352,2.8437621985948794e-07,2
5.985653265617488e-08,1.8462446696212034e-14,0.9999996924525949,2.476899845637598e-07,2
9.178430123981298e-08,1.4033706325968163e-14,0.9999993850253376,5.231917532818803e-07,2
5.477875067631327e-08,2.165574335224945e-14,0.9999995875806176,3.5764159356649614e-07,2
8.409039826260833e-08,7.324037911440365e-15,0.9999980695011335,1.8464098275023958e-06,2
2.3030216004439603e-07,1.28793386842072e-13,0.9999968190909954,2.9506074116373246e-06,2
3.804005135689168e-08,8.691587347851058e-14,0.9999995262807019,4.3568087806366824e-07,2
1.590788547987309e-08,1.9692306514804152e-14,0.9999996749139046,3.091795542827413e-07,2
7.639654516299545e-08,1.9696651244628125e-14,0.9999988794813274,1.0441204431047244e-06,2
2.607095849869806e-06,6.620109001574983e-13,0.9999965411175956,8.517846997103032e-07,2
6.740299981241594e-05,3.966074742574714e-12,0.9999307277195902,1.8692770217351865e-06,2
0.00022461447323449878,9.109321833196613e-11,0.9997737643917838,1.6210455314688856e-06,2
0.0001142267736755855,1.7454589018666052e-10,0.9998850044307963,7.686225292220812e-07,2
0.0004655706075578973,3.0007261055167733e-10,0.999532695435433,1.7336557707207828e-06,2
0.014081437079834407,9.048027114287894e-10,0.9858286269483205,8.99350672516729e-05,2
0.028867971466289187,3.931359915213922e-08,0.970980264848104,0.00015172437130486378,2
0.05635010789937557,1.6771686757280997e-08,0.9429662245287977,0.0006836507988294862,2
0.06409610622159578,4.6749126155177323e-07,0.9358814922578755,2.193402967288061e-05,2
0.07648589187999599,2.5553549361591554e-07,0.9235042292707071,9.623313421978194e-06,2
0.09211319985344651,7.515816552222422e-08,0.9078296948354545,5.703015471602749e-05,2
0.10697981195551111,3.45877435940033e-07,0.8930013865879358,1.845557913619751e-05,2
0.10003799990434986,5.530930080753567e-07,0.89993582861204,2.56183895425444e-05,2
0.07542854188388587,1.757680995557608e-07,0.9244605463492558,0.00011073599783418479,2
0.041621016555108276,1.0625118394683732e-07,0.9582776196503298,0.00010125754239716074,2
0.03802906117649607,2.0158150332673863e-07,0.9619396865859406,3.1050657290952016e-05,2
0.10889209450198471,7.01413401371362e-08,0.8908751887828691,0.00023264657323825085,2
0.38513442027860484,3.7971294476799126e-07,0.6146900123107095,0.00017518769756980215,2
0.6984712889233675,1.1916592636401868e-06,0.301401069957477,0.00012644946117393416,0
0.8664070545257929,2.781557535871666e-06,0.1335127700080608,7.739390864428794e-05,0
0.9510202648020548,4.098841813664543e-06,0.048946230395119084,2.940596198564625e-05,0
0.984295143806287,4.732534384217058e-06,0.015678131919652373,2.1991741479338734e-05,0
0.9944177014636969,5.784437349512636e-06,0.005546341979801418,3.0172117679374866e-05,0
0.9971435252450943,1.6351546810508046e-05,0.0022625579436208808,0.0005775652637181057,0
0.9810135625490295,2.5416156711807656e-05,0.00131620031231871,0.01764482098024741,0
0.8095697602842484,3.140860125647767e-09,3.0302168448314622e-05,0.19039993440642775,0
0.991271168553096,0.00035734747033468,0.001853005623123405,0.0065184783534103456,0
0.9897103680333609,0.00016238647063221423,0.0020661023126588157,0.00806114318390605,0
0.8775849619669216,9.361857992387121e-05,0.0025269183276988966,0.11979450112393875,0
0.00010491984249037797,1.7364180472951447e-15,7.491963967097259e-10,0.9998950794072854,3
0.07144040292674386,0.00010908661235971605,0.0016521704556181432,0.9267983400038333,3
0.11940966494750033,0.005108080371689703,0.006835080804599402,0.8686471738758785,3
4.74244796743014e-05,8.843669891645838e-11,2.3385907887117873e-07,0.99995234157242,3
0.0014426837636911298,1.223279719511565e-05,1.8369638689612503e-05,0.9985267138017918,3
1.1020337903523983e-24,1.751299461024255e-41,3.1369639952715947e-31,1.0,3
5.975230197985831e-44,1.8146140141353493e-73,3.772217755361077e-55,1.0,3
9.20075108427526e-53,1.727832019504493e-83,1.9227528723191534e-61,1.0,3
0.012452792782482054,0.00042434567534415247,0.0017193931718359021,0.9854034683713637,3
2.355074898441115e-17,1.8900474166552923e-31,1.0225738705950173e-22,1.0,3
2.4934502238752094e-22,3.520908536008088e-30,1.442221504378707e-23,1.0,3
1.0974353198432475e-06,7.074929999785424e-11,2.5357821551536326e-08,0.9999988771348336,3
9.822846182542597e-17,1.0048981051524063e-22,6.10277018755834e-18,1.0,3
4.3562683700310646e-14,9.26559508330845e-24,5.3396980262344585e-17,1.0,3
5.926351526397086e-13,4.4827393286106825e-23,7.600945467240928e-18,1.0,3
5.264160461789843e-10,1.9527817458483627e-17,2.785956224331776e-14,0.9999999994724931,3
0.0009246463556484871,2.400967434712565e-05,4.652124669429915e-06,0.9990466918442317,3
1.7224842742177554e-15,5.105404992421823e-27,1.8916937247538283e-22,1.0,3
1.727672275744589e-20,2.4583466949462526e-31,2.28363919362664e-27,1.0,3
1.0136602100614854e-11,2.8334518645077477e-10,4.062980674193482e-14,0.9999999997053237,3
6.210357697687624e-07,0.0002183718883797916,4.384546959000215e-10,0.9997810066389228,3
0.0003068047327323408,0.02769227507591397,1.5699070460120497e-07,0.9720007631994988,3
0.0001401372324537902,0.012943070208485391,2.8778150596627012e-08,0.9869167637815673,3
0.0005990054300258833,0.013866384475175316,2.3318989460568337e-07,0.9855343769042942,3
6.93984061518972e-10,1.4943797672847234e-06,2.4537777619487914e-13,0.9999985049264332,3
1.1056416300321386e-11,0.0035934703811173444,1.3358591642510413e-13,0.9964065296059955,3
3.4455703479318853e-09,0.18293978706835712,6.297487595899971e-11,0.8170602094214863,3
4.689240829752646e-12,0.0002090088981520801,3.4373643779209917e-15,0.9997909910955758,3
5.272393345047082e-06,0.30735883117584506,6.486227265384792e-09,0.6926358899450501,3
1.7767244136791762e-08,0.30426754930654254,9.87863126257323e-11,0.6957324328277745,3
2.29787978548534e-09,0.11317522148366889,7.2257054285189835e-12,0.8868247762126884,3
6.620162274740932e-15,0.01851241566089451,1.0018802717531522e-16,0.9814875843375745,3
1.2880479619201383e-17,0.5708854294874349,5.690378981675141e-17,0.42911457051425195,1
1.454681531933268e-17,0.834253276407846,7.728979268026987e-17,0.16574672359186518,1
6.708517852917052e-17,0.9012360188106021,1.717463022882399e-16,0.09876398118891663,1
4.98951903502234e-13,0.8933737884117845,2.7394276842439572e-14,0.10662621158863163,1
3.2840668726119643e-12,0.7853556408212597,1.3395582751453806e-13,0.2146443591762878,1
1.388756545233679e-32,0.004215066700854623,2.7223791469994917e-25,0.9957849333008876,3
5.6939497373614305e-24,0.0036038916759432095,6.88667341107902e-20,0.9963961083244522,3
1.1322595557134448e-33,0.00019833645755122422,5.103579885353759e-25,0.9998016635407088,3
1.4559836330013487e-43,4.698512234201683e-06,4.977320973402671e-30,0.9999953014886491,3
6.526786190807843e-38,2.25228862443674e-06,1.192653988047547e-27,0.999997747711667,3
6.313581115349821e-41,3.084690641511493e-05,2.5613254985797234e-28,0.9999691530930439,3
9.482390734760997e-38,5.695217186323144e-05,9.007398545095588e-27,0.9999430478266987,3
1.2846792450528599e-36,1.0189374905943582e-05,2.2592032469234514e-26,0.9999898106262461,3
1.0149084293396431e-47,6.808438786873175e-07,3.6194949205899073e-32,0.999999319156136,3
4.7448892835368916e-33,0.000327590795492958,1.4010121655942273e-24,0.9996724092037168,3
1.8393953453628963e-31,0.00024383918542480171,7.428310237353054e-24,0.9997561608146929,3
5.782164052559841e-29,0.0010096641470394238,1.7286181130289636e-22,0.9989903358532675,3
1.916638907320534e-31,0.00032052917900104864,1.1525325165853964e-23,0.9996794708216926,3
7.898459464550396e-32,9.939187500992995e-05,2.783879897735973e-24,0.9999006081263879,3
1.9284924139456695e-28,0.004701012276580004,5.946990598129966e-22,0.9952989877242652,3
6.794485344703769e-28,0.010643403705660557,6.403726873571804e-22,0.9893565962950609,3
1.40349192845006e-22,0.06297269789728623,3.7295879051526874e-19,0.9370273021042389,3
4.815024677611546e-22,0.16318605493999772,2.765163328191533e-19,0.8368139450590507,3
1.2561078318720253e-20,0.555718601866286,3.4562895367407625e-18,0.4442813981352312,1
8.227767258189941e-20,0.7033258879929375,5.910538454888021e-18,0.2966741120068361,1
1.4381730654292727e-17,0.78812027940532,2.0174359055428848e-16,0.21187972059298119,1
1.1635946660002218e-17,0.7038253735737922,2.5747607555354606e-17,0.29617462642483444,1
8.555572045439618e-17,0.7799704031880206,6.426512281192338e-16,0.22002959681172823,1
5.133228978692475e-12,0.6517920433970013,1.7901837594232416e-14,0.34820795659933823,1
1.1556053728998839e-12,0.8365678378237436,3.031283718399922e-14,0.1634321621746545,1
2.1774205492343323e-08,0.9272936580397985,3.1737712976993535e-12,0.07270632018326574,1
5.2509362951157014e-08,0.9891286153099437,2.2277415480202573e-11,0.010871332159537124,1
2.56314907800432e-07,0.986448475979682,7.574810407291478e-11,0.01355126762836376,1
9.412313871390033e-08,0.7794118606898198,2.4271476960313096e-11,0.22058804516350433,1
7.479317873955569e-09,0.010045381388168649,3.4971733136512977e-15,0.9899546111343199,3
1.4591009599130716e-06,0.9698339326409686,3.314528176651914e-10,0.030164607927292787,1
0.0002492359611124633,0.9910998581413536,1.592422897799295e-08,0.008650889973746273,1
0.022690828211661643,0.9502364106736317,2.2895606192831394e-06,0.02707047155411331,1
0.10284508401792426,0.7906657929176596,0.0008377577717218721,0.10565136529445027,1
0.48169163802517234,0.007058454049699332,0.3956215482800467,0.11562835964385174,2
0.21284187506008143,7.839538641120946e-05,0.7852391080574715,0.0018406214950146015,2
0.02111189810702394,1.736715882090763e-07,0.9787923799422874,9.554827757941697e-05,2
7.138659141749959e-05,6.482221753312971e-10,0.9999255206000693,3.0921610788333935e-06,2
1.577639288913394e-06,4.638435505287912e-12,0.9999970368124442,1.385544829698621e-06,2
4.599420802948228e-07,2.568965491610508e-13,0.9999990813780313,4.5868081817648893e-07,2
1.817024450111524e-07,3.6600049780072995e-14,0.9999993440471704,4.74248805023919e-07,2
2.031018937298041e-08,9.537034671774006e-15,0.9999990617547919,9.179351548494969e-07,2
3.667741900306183e-09,1.2848266888085927e-14,0.99999977104383,2.2528818585880232e-07,2
9.317504207279438e-09,6.497583720128181e-15,0.9999992940249959,6.966590118251918e-07,2
9.405812088207445e-09,9.573421234778075e-15,0.9999996986589849,2.9193523290476933e-07,2
3.2479911482787777e-12,3.4858717935773023e-16,0.9999996141233004,3.8587466704980897e-07,2
2.0408746135775706e-12,2.91074425080291e-16,0.9999997346749648,2.6532460046816735e-07,2
1.7032141736269844e-13,1.0194377587061232e-16,0.9999994205938352,5.794045984985781e-07,2
5.730054354383743e-14,9.104683075141911e-17,0.9999994258397976,5.741584103414685e-07,2
1.5066382045010675e-14,4.969019162277786e-17,0.9999989164249614,1.0835749848556115e-06,2
9.009764534433831e-10,1.3116679223572175e-14,0.9999996756087584,3.234894196761562e-07,2
2.958283393052104e-09,3.808331625234653e-15,0.9999998032472115,1.9379420897757045e-07,2
1.0273651205214153e-09,1.4039094394219411e-15,0.9999997725026591,2.264684493746557e-07,2
3.073123405676033e-10,4.1480355110157504e-16,0.9999995332656179,4.664285534173308e-07,2
4.88071324749555e-10,2.7084947356989957e-15,0.9999998166058671,1.8290754820148935e-07,2
6.071665233710304e-10,1.3403405084967943e-15,0.9999997903178375,2.0907356969812673e-07,2
4.723505379040199e-11,3.2418632140416578e-16,0.9999995995895807,4.0036166490559524e-07,2
1.8711087468544274e-12,8.789091550814774e-17,0.999999171879951,8.28118234518351e-07,2
1.0355950349265352e-12,5.664748981670644e-16,0.9999996961014865,3.03896840040078e-07,2
4.7444149193066994e-14,4.310975210812844e-17,0.9999995217368685,4.782615613891278e-07,2
1.1595959101161916e-14,6.045567242051211e-17,0.9999995175022631,4.824962610749058e-07,2
1.0085217397779859e-15,5.692630679622274e-17,0.9999977823742516,2.2176265708938686e-06,2
6.230921041854922e-16,2.0116936603878502e-16,0.99999841439547,1.5856031115071678e-06,2
7.187075980732512e-16,6.50992432548799e-17,0.9999987776726097,1.2223284313279672e-06,2
2.2447537727060236e-12,4.720295784922935e-16,0.9999989666472057,1.0333506145429737e-06,2
6.444396565591267e-13,5.194032317319894e-16,0.9999996532715759,3.467285371050442e-07,2
7.215731273127553e-13,3.1549285201433665e-16,0.9999988058268936,1.194170909979829e-06,2
2.2107519055366538e-12,6.784439263831583e-16,0.9999991889238679,8.110723301409507e-07,2
9.019270096970818e-09,1.5064112211541747e-14,0.9999996967854263,2.9419408675814284e-07,2
1.0426448899640315e-08,6.064162775822821e-15,0.9999996038023585,3.857708952847622e-07,2
7.787517307682535e-08,1.1763781958519759e-14,0.9999987754061517,1.1467183669096533e-06,2
4.574207727283524e-08,3.3965544366608944e-14,0.9999995961553301,3.5810255619451764e-07,2
6.952917286576745e-08,3.4522010398667524e-14,0.999998943313234,9.87159163014374e-07,2
1.6421424605997764e-07,7.695794597091862e-14,0.999999526884606,3.08900966071545e-07,2
6.600499535813214e-07,1.0388058219608893e-13,0.9999989039685355,4.359812137749673e-07,2
2.4748618158489535e-06,3.106511939344855e-13,0.9999970997856727,4.253520573689755e-07,2
3.7155259316678935e-06,1.6932016961765132e-13,0.9999940293779199,2.2550970341984825e-06,2
4.989527892190733e-06,1.844765937216465e-12,0.9999943066666854,7.038053115522245e-07,2
4.174210948622021e-06,8.806761460824685e-13,0.999994964067757,8.617209824605592e-07,2
4.96813865341851e-06,3.0178792221274933e-13,0.9999891182170348,5.913644183638195e-06,2
7.736512052160485e-05,5.021027385299848e-11,0.9999217614107538,8.734198802390931e-07,2
0.0005015338285328138,1.6344613396170856e-10,0.9994957180807078,2.747929005039021e-06,2
3.632276367651076e-06,2.0360606320092126e-11,0.9999954037081026,9.639962860231376e-07,2
1.5605816112145094e-06,6.511151572851785e-13,0.9999980364283325,4.02988106720716e-07,2
5.8324063054236744e-05,4.131386788085514e-12,0.999939901184666,1.774749268839504e-06,2
0.014267827539051375,7.502338775999522e-10,0.9857192609374024,1.2910772848363721e-05,2
0.08458192433945332,4.677799169553808e-08,0.9153228188167131,9.521006554693636e-05,2
0.2899174629993085,3.436393531209644e-07,0.7099933516107952,8.884174975249383e-05,2
0.8001390023218474,8.529338923844001e-06,0.1997041694650631,0.00014829887570539044,0
0.9693104225754681,0.0009244943089840193,0.029439407954402284,0.00032567515940908835,0
0.9657200213971275,0.028053324005743303,0.0023822506473955385,0.003844403949077034,0
0.24085839797200156,0.7098884090597112,3.2078378920932632e-06,0.049249985132016234,1
0.03954178799112759,0.952451742655584,1.7512424896049478e-07,0.008006294228181426,1
0.004546331296074207,0.9888915897514124,6.89206632041409e-09,0.006562072058966697,1
0.0004997166351479045,0.9978818418309826,2.3159847067347093e-09,0.001618439218959599,1
8.71515983156984e-05,0.9969427198049732,1.2822950322590846e-10,0.00297012846821117,1
3.553816509171126e-05,0.9994559809592457,1.1238227015336458e-10,0.0005084807637650517,1
3.50293698478597e-05,0.9994756895116895,1.5444892865600326e-10,0.0004892809636442284,1
7.03356990123896e-05,0.9984912445987769,2.0203838644709e-10,0.0014384194999596009,1
6.816199660640152e-05,0.9990440984352243,7.491060695567719e-10,0.0008877388203774739,1
0.00012257742039174668,0.9947744632655878,4.647633986627461e-09,0.005102954664844584,1
0.00045328036516262163,0.85413752857069,2.385226461483932e-08,0.14540916721247024,1
3.2377184624904956e-10,6.241170199662285e-12,4.674385732955176e-18,0.9999999996689439,3
0.0010108448158524788,0.9501971218633332,3.305739425466313e-08,0.048792000262260576,1
0.0002695847703676521,0.9976170951512545,1.5278895037533883e-09,0.0021133185499908015,1
3.6149432543403414e-05,0.9993442128776341,1.0905378639191277e-10,0.0006196375802060407,1
1.2602161147503538e-05,0.9987137245136779,1.519576467484019e-11,0.0012736733094078972,1
7.774157857514057e-06,0.999363188257781,4.9575564903432186e-11,0.0006290375362501909,1
1.1166985666229635e-05,0.9974984575229322,1.4189379604934344e-11,0.002490375475943385,1
5.144528434157489e-06,0.9992221116840349,3.985808512711936e-11,0.000772743748489056,1
4.802544892832103e-06,0.9976951988260342,6.890649105147656e-12,0.0022999986232783774,1
4.47078807494064e-06,0.9993361949146788,8.054779308615518e-12,0.0006593342881742333,1
5.19368074059768e-06,0.9995892168306043,9.075976046419332e-12,0.00040558948042964576,1
2.3142450780789884e-06,0.9993123150712417,2.200231980468927e-12,0.0006853706801924428,1
3.162135555029774e-06,0.9995392491803137,1.5734751539651268e-11,0.0004575886687260843,1
1.2889506390826196e-05,0.9978767274537822,1.2419938774721206e-10,0.0021103829160639014,1
0.0013971610233663664,0.9861722620082735,9.182222817817182e-09,0.012430567785547844,1
0.008248151571608617,0.988710577763032,2.554963187842488e-07,0.0030410151687147477,1
0.014269635883516154,0.9748349197100337,2.5895379541988765e-07,0.010895185450931077,1
0.01765849292212701,0.8318176027460189,1.145010785443827e-06,0.15052275932030076,1
2.873800661394412e-07,4.816176944988386e-11,9.287008135138342e-14,0.9999997125706117,3
0.00043290879694467374,0.01402761078826423,1.903662306032472e-07,0.985539290047901,3
0.0018360955022948898,0.06434478103923663,8.267821665308405e-07,0.933818296677661,3
0.0011579859041743986,0.04716778855561206,6.591977116126135e-08,0.9516741596209635,3
0.002711798409754768,0.4707617525947788,5.535145386100306e-08,0.5265263936456555,3
0.0007721555918143152,0.9728079835227073,1.0498285409106616e-08,0.02641985038721092,1
0.00012789773669270266,0.9984234497767501,5.847418405850728e-10,0.0014486519001230234,1
4.50657356960233e-05,0.9994983261667452,9.886491589596246e-11,0.0004566079977723748,1
3.392979989795908e-05,0.9995494689228519,2.270798119723598e-11,0.00041660125477743293,1
3.6876440519386437e-09,0.9996789114364096,7.546987468101762e-15,0.0003210848752269784,1
3.989769139122793e-09,0.9997446172141116,1.0909858725028827e-14,0.0002553787974903789,1
1.0803787985870449e-08,0.999640305836154,7.139595071373574e-14,0.00035968335840894154,1
2.152941954220857e-08,0.998897166486114,6.710769749404182e-14,0.0011028119857986079,1
3.9799695588831594e-08,0.9993638794955481,1.0805711790331144e-13,0.0006360807061919111,1
5.0118893623824416e-08,0.9994845812292744,1.1533860466369162e-12,0.0005153686511548822,1
2.8912555572877214e-08,0.9939519806090347,1.595252178823818e-13,0.006047990477770346,1
2.2306561522840263e-10,0.9983400978079756,7.512625376037935e-15,0.0016599019706425913,1
3.026878325871193e-10,0.9993237676674848,8.561727110136604e-15,0.0006762320286679499,1
1.0780175960780973e-09,0.9988130548469947,1.1594156941298534e-13,0.0011869440766484483,1
1.4033121883275336e-08,0.9900339171216509,1.9577949653983806e-14,0.009966068844246329,1
1.6177278176547006e-09,0.9995193174153979,1.721923129190567e-14,0.0004806809653000364,1
2.2201492556965007e-09,0.9997072013178288,7.156894649343834e-15,0.0002927964620239068,1
5.692518164823522e-09,0.9996793109328705,1.0902524091792001e-14,0.0003206833754533113,1
1.81079403402444e-08,0.9997125030936215,3.558554569084593e-14,0.0002874787987696294,1
8.675861956026335e-08,0.9996168681384796,1.64870468080474e-13,0.00038304510130625585,1
3.325615257837476e-07,0.9994865358732843,3.821114433903559e-13,0.0005131315660712387,1
1.762075731907019e-06,0.9996658741515232,3.2617905564220363e-12,0.00033236376874503433,1
4.6701950665770315e-07,0.9992685407785666,4.685420268388623e-13,0.0007309922012339173,1
5.550669609729736e-07,0.9996241419094869,9.827394758239438e-13,0.00037530302337622046,1
6.566744553985164e-07,0.9994489663260202,3.768908342845994e-12,0.0005503769959524613,1
2.2497865496575244e-10,0.9974915335093678,2.3982862303081954e-15,0.0025084662638646168,1
5.9592177690846e-11,0.9993039989194334,1.0775098079302736e-15,0.0006960010202192489,1
1.1847330149577297e-10,0.99963302027754,1.6554477739168683e-15,0.00036697960434741166,1
4.258327979764675e-10,0.999467047160075,1.8159115733173876e-14,0.0005329524138924165,1
5.751719556401667e-08,0.9971241520581785,8.157341780440588e-11,0.0028757903447654072,1
