regime_prob_0,regime_prob_1,regime_prob_2,regime_prob_3,regime_most_likely
4.725738619472794e-261,1.9516764490652353e-132,1.0134410647520851e-227,1.0,3
3.811304607778226e-56,6.21489195079107e-05,6.965412946782841e-07,0.9999371545394571,3
3.182973667447951e-14,1.5371280413235447e-05,1.3866078191544142e-06,0.9999832421111823,3
1.6743416498589544e-11,1.7436662886548977e-05,3.502529075561613e-05,0.9999475380292305,3
2.55729231768046e-09,0.00023179485799624226,0.008512922827032482,0.9912552797570484,3
5.268000180271581e-09,0.0005025900137861253,0.38001036998231696,0.61948703473645,3
4.211529569424016e-08,2.2557051130411287e-05,0.004792662304174783,0.995184738528574,3
5.077573490246344e-09,5.874146160743798e-05,0.0002069440238841072,0.9997343094373257,3
6.61002341730753e-09,3.010152322394695e-05,0.00025420957675689857,0.9997156822908382,3
2.484612504140879e-08,4.240589204447886e-05,0.005112966462628413,0.9948446027990722,3
2.0797116467442954e-07,6.36452707290886e-05,0.11543995387689375,0.8844961928812606,3
6.289909468332785e-06,6.141414853674715e-06,0.323489183963127,0.676498384712413,3
2.1032633453381435e-05,1.3460111794529825e-07,0.8557379767616998,0.14424085600318004,2
5.6605620152129e-05,7.780165071169667e-09,0.9923124649054162,0.007630921693862901,2
5.070473900020498e-05,3.522502914615424e-09,0.9995323894171679,0.0004169023209968967,2
5.547623793574024e-05,6.802784115385725e-10,0.9998640564288218,8.046665267177785e-05,2
7.491186008103249e-05,4.388260073872967e-11,0.9996891056051413,0.00023598249156640938,2
8.775725829425727e-05,2.9488224085223616e-12,0.999795812551222,0.00011643018701745359,2
0.0004971141923511906,6.32087832868547e-14,0.9995005554969003,2.3303103700807003e-06,2
0.0009126644871515643,5.055703328650603e-15,0.9990858762360803,1.4592763502808792e-06,2
0.002246471755534383,6.614324117999749e-15,0.9977531460331311,3.8221082552916335e-07,2
0.0021154692347172843,1.4433772995618769e-13,0.9978841040926163,4.2667331990796656e-07,2
0.0006489428395103075,4.68710489522422e-13,0.9993466499840583,4.4071753846077245e-06,2
0.00019212561687803045,3.227799264612324e-13,0.9997968274315057,1.1046950897291387e-05,2
0.0002470233267497961,5.1786031974230174e-14,0.9997476231202096,5.3535521122184394e-06,2
0.00035528831653326,2.1435338108263481e-13,0.9996427765456967,1.9351377300696958e-06,2
0.00025019697221743476,1.651257652864641e-13,0.9997439613233267,5.841704845171473e-06,2
0.000237379001040701,1.3592097951508005e-13,0.9997583956409312,4.22535790849541e-06,2
0.0002471852505350921,6.9600412896057735e-12,0.9997485742920414,4.240450892814716e-06,2
8.448455234354265e-05,3.668022445071911e-10,0.999562912728715,0.00035260235299247285,2
6.888939309081275e-05,1.852341029845676e-10,0.9987553922380109,0.00117571818354973,2
8.349762537840244e-05,5.024147086699397e-10,0.9997950054943497,0.0001214963779173533,2
7.535573634650192e-05,5.4412336113415284e-11,0.9997129517730416,0.00021169243642474197,2
5.819839086010319e-05,7.88606863585269e-11,0.9998179006690476,0.00012390086049907944,2
6.0563595592099636e-05,4.70440069589555e-11,0.9998817089392252,5.77274177838905e-05,2
7.855223269824655e-05,4.849886951316052e-12,0.9998582560459722,6.319171654479553e-05,2
0.00010907231543196943,1.015353511581115e-12,0.99986282891141,2.809877185685817e-05,2
0.00019205217650985606,1.465966698823114e-13,0.999802582728782,5.3650939450248935e-06,2
0.00020573414846181191,1.8310345563721146e-13,0.9997896617949629,4.604057153333429e-06,2
0.00016759962844144644,1.53676429494835e-13,0.9998241103584237,8.29001240778905e-06,2
0.00024122361424754922,1.790707091529543e-13,0.9997532471211166,5.5292647305198405e-06,2
0.0007454445035780659,5.226167347219033e-15,0.999250454732824,4.10076422580641e-06,2
0.0032651239135326896,1.800907899090032e-14,0.9967347112926866,1.6479391680174048e-07,2
0.0012322118284477164,2.915046810389042e-14,0.9987673110437948,4.771270760688118e-07,2
0.0001899768343224254,1.6393563164323452e-12,0.9998087933923823,1.2297708425608472e-06,2
0.00013570467194067828,3.2666761934554227e-12,0.9998586533570569,5.641967226837621e-06,2
0.00015272757797954,7.827392166578814e-10,0.9997915112561384,5.576038299001963e-05,2
9.877598822217823e-05,8.250889464850336e-09,0.9844988791229502,0.015402336638302991,2
7.867639253188455e-05,3.882082039600482e-08,0.9838962241866196,0.01602506059990345,2
4.082181307039068e-05,3.987638063689311e-08,0.9934060212553804,0.006553117055613038,2
8.185402886886098e-05,1.906533585203442e-10,0.999342385690216,0.0005757600910375741,2
0.0001213058427636659,3.2277590208313717e-11,0.9998539841274434,2.470999814064113e-05,2
6.570946209136618e-05,1.1595112915204459e-11,0.9998422558484273,9.203467737948598e-05,2
7.850825871681623e-05,8.181834292154966e-12,0.9998906793613166,3.081237101620329e-05,2
8.298535177606156e-05,1.3795315462229829e-11,0.9998715669107976,4.544772291770893e-05,2
5.3355480103180064e-05,2.762507931952127e-11,0.9998802550467167,6.638944503734829e-05,2
5.567560835718662e-05,2.146794492791707e-11,0.9998500339089789,9.429046175006868e-05,2
6.376749808350105e-05,1.4060861755974647e-10,0.9998416955063537,9.453685551336531e-05,2
5.964069769042467e-05,1.7243944570270518e-09,0.9996746114043451,0.0002657461733761287,2
8.455053376815836e-05,7.206953696459115e-09,0.9973745997284967,0.0025408425301282522,2
8.835034045161119e-05,6.019605236225107e-08,0.9875112616050159,0.012400327857831291,2
0.0002789731468801216,4.652574560958309e-08,0.9878300656011465,0.011890914726918804,2
0.002562003484735594,7.716342988961746e-09,0.9893297776939218,0.008108211105552276,2
0.02760738539344976,1.0660471269040678e-12,0.971436244034878,0.0009563705701667327,2
0.34123026014889024,1.136983554354133e-14,0.6587695984541757,1.4139704891686104e-07,2
0.8503171430515577,6.251177881231707e-16,0.14968284985056438,7.098512818281356e-09,0
0.8837042604621899,1.6319617886392635e-16,0.11629572380421738,1.573365489780726e-08,0
0.9108616146535393,3.089107969334585e-17,0.08913837469521352,1.0651143427980148e-08,0
0.963420176115894,1.1090613335793627e-16,0.03657982129083064,2.5931346002533683e-09,0
0.9740965755214678,7.73011245957128e-17,0.025903420032494143,4.4454432712510815e-09,0
0.9796685243481368,7.582029084127494e-21,0.020331471093776556,4.558769530302893e-09,0
0.987282751957394,5.507240838553395e-26,0.012717248042422582,2.509560543517858e-13,0
0.999999616926362,2.932194397517308e-25,3.830745219800276e-07,2.4504467737319782e-18,0
0.9999986697484681,1.2702477569805316e-30,1.3302515981338958e-06,3.7540061832808246e-20,0
0.9999946688382123,9.763341746386328e-32,5.331161075580093e-06,2.7427386281904116e-20,0
0.9999998297371494,1.499048694163265e-32,1.702627353232415e-07,8.980757413519487e-22,0
0.9999999064457413,2.720824220744534e-35,9.355419744134659e-08,2.8956382258659372e-24,0
0.9999999707924876,1.1660494082903572e-34,2.9207693164922146e-08,4.6205005657850345e-25,0
0.999999966101314,2.300033021873973e-33,3.389782047072127e-08,1.8864773908378635e-24,0
0.9999995302115361,4.3227512337832175e-35,4.697878966541099e-07,4.926912737413495e-23,0
0.9999997288032686,2.3137501711819033e-35,2.7119736133797314e-07,7.205759493328307e-24,0
0.9999999906776793,2.3785931207130122e-36,9.323056583637949e-09,1.2575209551766317e-25,0
0.9999999822557585,5.5113198020924793e-42,1.774463507670586e-08,3.7996377852852877e-28,0
0.9999999993360689,3.3825522539114594e-44,6.634580991560065e-10,8.181997190447846e-31,0
0.9999999999745341,1.1272158298834674e-46,2.6023103275643973e-11,1.1705727173116506e-34,0
0.999999999996362,1.0555121001455547e-51,3.0883647535066673e-12,7.417204587476442e-37,0
0.999999999994543,8.039245675938303e-54,5.063818553715212e-12,8.503332860513065e-41,0
1.0,3.153396379307088e-54,6.399640733421266e-15,4.46071008813393e-42,0
1.0,9.618122919633082e-58,7.018213135640748e-14,1.588893693603667e-45,0
1.0,1.0207260664654374e-59,3.442226400283922e-15,2.6294153989255264e-46,0
1.0,6.797043895698324e-62,1.0053108087896081e-15,3.116276589168239e-48,0
1.0,6.7585613523630464e-62,1.3353696363668182e-15,1.664774771996461e-49,0
1.0,2.2020574577366223e-60,1.2124039215956178e-16,3.698753289798754e-49,0
1.0,2.5755263755333896e-64,9.99543067894e-16,3.305017215694173e-49,0
1.0,1.3608659354127426e-67,2.3521743157804293e-15,1.5305989800697276e-50,0
1.0,6.029225530422714e-69,6.979027640851196e-18,2.168017513242749e-55,0
1.0,3.5526150001579906e-69,1.1078671000354677e-20,4.7530847037159965e-58,0
1.0,1.3515855963461712e-70,3.392482186958077e-18,1.921106658027684e-58,0
1.0,5.132301934275261e-66,7.292770073206295e-18,1.8679394217828997e-54,0
1.0,2.194772398655898e-64,6.168237656799691e-17,2.556825409539445e-52,0
1.0,4.034043222543527e-64,3.120169187989635e-16,8.693009999970849e-51,0
1.0,2.553228452220499e-67,4.384819764836162e-16,1.4701825003713453e-50,0
1.0,1.356493894347282e-72,6.498849269073252e-17,1.3878533490908209e-56,0
1.0,1.1471114853118521e-74,8.671218271536066e-22,9.330403563285203e-63,0
1.0,1.1929563548786111e-79,6.12656792906013e-23,5.859076130983886e-68,0
1.0,1.9869603268281447e-78,4.529294787472306e-22,4.450935010146979e-67,0
1.0,4.502382785517499e-76,3.5066620505125754e-21,2.874009201462176e-64,0
1.0,2.712986568346202e-76,3.393285274612058e-20,7.822817033773426e-63,0
1.0,1.113563554081887e-78,2.6579569187602106e-20,2.716742459912567e-65,0
1.0,1.1796858079387197e-75,3.095171055392683e-23,4.7660225163601655e-65,0
1.0,5.601172836322525e-77,3.2988284304582565e-20,1.061645628517825e-65,0
1.0,6.530889083395378e-73,1.5614776135149596e-20,7.632451277691178e-60,0
1.0,4.264459021315393e-68,6.5754412242439595e-18,3.8962113281004686e-60,0
1.0,4.384225175349308e-63,6.453215052595518e-20,2.764017148299627e-52,0
1.0,4.3769714544301883e-67,6.026398254873038e-13,2.7173600019997506e-51,0
1.0,4.94070460684722e-61,2.0364184248691837e-16,4.312984433560119e-48,0
1.0,8.087705947665117e-64,3.391981031647485e-17,1.867336930897169e-51,0
1.0,1.1256168121411125e-62,2.8316714992781054e-16,3.2794570746029454e-51,0
1.0,2.1674638728332205e-59,1.8761415211671913e-16,2.568729485237317e-49,0
1.0,8.421146145815053e-59,5.682313815631632e-15,2.7326726653599476e-47,0
1.0,8.81332060909835e-55,1.5370824286557452e-14,6.052857085794997e-45,0
1.0,1.1694681089301838e-50,7.976269177346896e-14,1.345139225287518e-41,0
0.9999999999836291,1.0690255356839549e-47,1.5650757551279227e-11,1.837838579432272e-37,0
0.9999999999236024,2.419175195900279e-42,7.559357888709509e-11,5.764602809359855e-34,0
0.9999999996798579,9.981953526332822e-37,3.2050769222210585e-10,5.207225243584684e-30,0
0.999999905832742,8.387676303721232e-33,9.416790903771881e-08,9.337966880294453e-25,0
0.9999962855759668,1.865028199845236e-30,3.7144235400123927e-06,3.8001555843957686e-20,0
0.9999912862747284,1.0785092047479038e-29,8.713726118540542e-06,3.472743774030627e-19,0
0.9999994711708075,4.025473325563319e-31,5.288295477663179e-07,4.5570756404397136e-20,0
0.9999992158667174,5.282174723634986e-33,7.841340765220592e-07,2.0148407157926448e-22,0
0.9999999597657742,1.1601078323913551e-30,4.02335615862232e-08,7.815807975452054e-23,0
0.9999996222105242,6.754274578083905e-29,3.7778927561071633e-07,8.260630924437042e-22,0
0.9999931248657828,2.5035680322518403e-24,6.875133494923269e-06,9.38589506789971e-18,0
0.999795792704644,3.106168617667915e-21,0.00020420729613735393,6.70537417870523e-14,0
0.9969944951277825,3.179668271289658e-19,0.003005504859129017,1.2299264856322992e-11,0
0.976575502530303,1.6121629774072002e-17,0.023424497075702835,3.9364649699049044e-10,0
0.9592027619184905,2.5020797904480725e-17,0.04079723020559881,7.876277032953833e-09,0
0.9341588329059929,4.1293231389874304e-16,0.06584116500431916,2.090588026566261e-09,0
0.7944491975318447,7.751965655778613e-14,0.20555079600871173,6.45950306961196e-09,0
0.0698102301150304,6.0216932620544334e-12,0.9301859114166149,3.858462568074646e-06,2
0.0057405862411399645,2.6810733388252153e-10,0.9940549453346075,0.00020446815540370008,2
0.0005001121450685034,7.640105349307204e-09,0.9967159536333958,0.0027839265807414306,2
6.756347768813997e-05,1.6091377695047543e-07,0.9718813176966359,0.02805095791215216,2
3.020099388806849e-06,5.91022596520112e-07,0.8071643283386752,0.19283206053938554,2
4.107166179889697e-08,6.57902410853559e-06,0.04191162391554227,0.9580817559883751,3
3.0141347833518294e-10,1.5375119707670772e-05,0.00040102246743721666,0.999583602110844,3
1.7945154986696475e-12,2.1242333108626658e-05,4.0199611177873924e-06,0.9999747377031336,3
2.7652070128789063e-14,1.430027033433568e-05,2.0866352030191205e-06,0.9999836130951989,3
5.457719801735771e-15,1.0820568498688859e-05,5.588729319697323e-06,0.9999835907019875,3
2.3259057197909155e-15,1.5461822823192533e-05,1.6224686260352593e-06,0.9999829157081519,3
1.2225547259521422e-13,1.9056581646094033e-05,3.3127015236948895e-07,0.9999806121474192,3
1.6482835329251988e-13,1.7461538474798226e-05,0.0001864145167696269,0.9997961239441356,3
8.40849615242777e-11,2.2179316169658345e-05,2.6633810262493508e-05,0.999951186789951,3
8.8028671946398e-12,1.5948006952019686e-05,0.0001250052151861225,0.9998590467689359,3
7.485306872807421e-12,1.4973994669415992e-05,3.211962065338123e-05,0.9999529063764311,3
4.850834959789341e-12,1.1684550183901249e-05,1.579322121046657e-05,0.999972522223369,3
3.7172425477616846e-13,8.326592253347293e-06,4.5023611941178156e-05,0.9999466497945787,3
1.676124616721411e-14,1.4702660993310844e-05,3.346694063496131e-06,0.9999819506457254,3
3.350420612291665e-17,2.771505178163907e-05,2.603233193596279e-07,0.9999720246253299,3
2.1523475277154677e-17,3.636371298324936e-05,1.893643136166386e-08,0.9999636173504113,3
1.5039468349522577e-17,1.8712524293925078e-05,6.421582340015126e-07,0.9999806453178673,3
1.9059845332781776e-13,9.120891114152963e-05,9.161650836429986e-07,0.9999078749243203,3
2.8894792243446475e-12,1.2422064074793703e-05,0.00026126279311338585,0.9997263151400111,3
3.6835577675200153e-10,3.9002898522294807e-05,0.00020827585385380402,0.9997527208792611,3
9.259736591791065e-11,5.2682285510475764e-05,0.00015609615106766905,0.9997912214715623,3
1.0926320154696276e-12,1.0731701373852591e-05,6.0626018088400385e-05,0.9999286422802908,3
8.07933673421676e-14,4.23892050565255e-05,8.900246121993941e-07,0.9999567207703629,3
1.2774343017743158e-15,4.893786434863921e-05,1.8842549225557869e-06,0.9999491778799036,3
5.441554932233261e-16,1.9803758151676415e-05,1.4328388112036715e-06,0.999978763402341,3
2.655623164785944e-16,2.0930377793003374e-05,2.3671796359836942e-07,0.9999788329044526,3
5.697681845967466e-17,1.5256406088660832e-05,6.247744518177565e-07,0.9999841188188443,3
6.73255247506546e-17,2.1988902161097113e-05,3.561549454985136e-07,0.9999776549434483,3
6.41715051687267e-17,1.72778368788614e-05,2.729427245154271e-07,0.999982449220027,3
1.385713031743594e-16,2.3327776454054856e-05,4.12995687429234e-07,0.9999762592286612,3
2.1500536161798896e-16,3.443650819780045e-05,1.0283200064048425e-06,0.9999645351722155,3
8.721326177609343e-16,1.541070032779725e-05,7.979180056218519e-07,0.9999837913823585,3
1.3155010462026252e-16,4.1733085727280724e-05,1.2478232481630178e-06,0.9999570190917667,3
2.1667153200447524e-15,1.7683374264180547e-05,2.328098097376e-07,0.9999820838151827,3
4.428444950718197e-13,1.5316793522116248e-05,2.8879625854633125e-06,0.9999817952431826,3
9.96753450126506e-11,2.162601174258723e-05,0.00263043098303675,0.9973479429048183,3
9.082065760364603e-08,3.440095396058318e-05,0.004210196062740757,0.995755312161818,3
5.303014847021474e-08,4.1358503033038305e-05,0.004247930061616059,0.9957106584046626,3
4.5414596243032387e-10,1.8701169366770794e-05,0.002637533556192923,0.9973437648200397,3
1.759404243982159e-11,1.968359447504743e-05,1.2992405092419316e-05,0.9999673239826727,3
2.5612129841237844e-13,9.667056683647512e-05,3.6382352243664176e-06,0.9998996911980917,3
4.963604415323007e-15,1.4010869423387894e-05,4.821758642254186e-06,0.9999811673724099,3
6.110012819014505e-15,5.9130165233052106e-05,6.908325725235005e-07,0.9999401790022676,3
1.5499800234623703e-16,5.73475877860583e-05,1.551770206885805e-06,0.9999411006422194,3
6.296409802993082e-17,2.210437216117919e-05,2.933880807525495e-07,0.9999776022394093,3
6.907160672051876e-17,2.5036355111177337e-05,9.419156472507667e-08,0.9999748694528544,3
5.491544173547196e-17,2.060678289506808e-05,8.861647435005788e-07,0.9999785070521844,3
6.052949551208454e-15,5.9893743464438915e-05,7.860363334743071e-07,0.9999393202199848,3
3.325471305524192e-14,3.600719149189771e-05,7.234505495325249e-06,0.9999567583035854,3
9.997456312964915e-13,8.917229024143906e-06,1.2411340460826239e-05,0.9999786714289183,3
5.4913612795102444e-11,2.2532449926630333e-05,4.1285683346121634e-05,0.9999361818109895,3
4.580334981022069e-09,7.910607676226659e-06,0.0010779034278810412,0.9989141813846929,3
1.12197946800043e-07,1.489766167302175e-06,0.06520487985611836,0.9347935181791459,3
4.688594015938163e-06,1.5209092069075636e-07,0.8460222312947155,0.15397292802116222,2
7.299351186930344e-05,2.14020771015082e-09,0.9936781898365061,0.006248814511362698,2
0.00011425980771727528,1.2848181117585273e-10,0.9997590556929381,0.00012668437061569534,2
9.71687731952491e-05,3.749550636763138e-13,0.9998908810433835,1.1950183241170361e-05,2
0.00026641960669149543,5.885203788722714e-14,0.9997302618455226,3.318546953816934e-06,2
0.00030872952145199773,2.088083743081823e-13,0.9996889304327465,2.340046384437442e-06,2
0.0001736705569107812,1.3925844753146358e-13,0.99982047189127,5.857551775218063e-06,2
0.00016885144882347288,2.1094638984364252e-13,0.9998255058317506,5.642719176749288e-06,2
0.00023653428849233497,4.187941764961587e-14,0.999754519765709,8.945946118377582e-06,2
0.0005509327109745524,1.9665466861131224e-13,0.9994480586818392,1.008607596583375e-06,2
0.00019144047206327697,1.9990725972389545e-12,0.9998053751867726,3.184339904578408e-06,2
8.802985160909976e-05,4.825818205640193e-13,0.9998938012546936,1.8168892728570134e-05,2
6.380352852288014e-05,7.774165248438495e-12,0.9999249624357888,1.123402845053971e-05,2
0.00010281261335766275,5.08651743910259e-13,0.9998814335495626,1.5753836904183355e-05,2
6.488581372238731e-05,2.2346073200202162e-11,0.9999233171555457,1.179700883133144e-05,2
5.1082135673632935e-05,3.1338930888752055e-11,0.9998492699137067,9.96479187198313e-05,2
5.728431628994837e-05,3.7624495642330454e-10,0.9997817978645586,0.00016091744260443835,2
5.844759981277781e-05,4.7821077499341935e-09,0.9993926963741615,0.0005488512433159503,2
5.049657287177563e-05,3.0918874761599656e-08,0.9859338266578319,0.014015645850845379,2
2.7885160002788218e-05,5.267935054424103e-07,0.9025945412413096,0.09737704680566296,2
6.233625217745495e-06,2.686482699617446e-06,0.4478952939044512,0.552095785987959,3
5.26341069982717e-07,6.600009126875626e-06,0.09952159988894509,0.9004712737603489,3
8.593091292969763e-08,1.0237638349152054e-05,0.005678971339926692,0.99431070509111,3
3.650343387349155e-11,1.5783243309561712e-05,0.000817217008097196,0.9991669997123162,3
1.1463147904810714e-13,8.145545686009497e-05,8.409556464115687e-07,0.999917703587503,3
2.0855949138853886e-16,1.642943636008561e-05,3.228917337093076e-07,0.9999832476717397,3
7.50092202551688e-18,2.3382091090215222e-05,3.903291492335478e-07,0.9999762275789975,3
2.214471622154201e-18,0.00011438247142537116,4.7376650518466725e-08,0.9998855701516335,3
1.1440157251068e-19,3.6603418170576733e-05,3.1345658428787135e-08,0.9999633652367707,3
8.819038253334399e-20,5.711536352083288e-05,1.277252153257338e-08,0.9999428718640634,3
7.253680057829999e-21,6.239945147171732e-05,1.686804037741589e-08,0.9999375836812997,3
2.932983777583063e-21,0.00010151973443302155,3.968913949842215e-09,0.9998984762958126,3
5.876553228462427e-22,8.408190299399105e-05,2.1244027721680577e-09,0.9999159159734149,3
3.61924994959538e-22,0.00019429124876217037,2.147607640144481e-09,0.9998057066040279,3
5.207486069345455e-23,0.0011041266805224565,2.510495851665385e-09,0.9988958708088385,3
4.815339872106595e-25,0.0014306263961839588,3.723378101910742e-10,0.9985693732320613,3
1.1858917683643392e-22,0.0020657932707843518,3.789500948386335e-12,0.9979342067253903,3
7.125456520386901e-24,0.00016763530266411663,1.2698587896169412e-08,0.999832351998596,3
6.175355113771039e-18,5.3004908523849484e-05,1.4289476593175682e-08,0.9999469808021219,3
5.938771709790587e-17,5.974912658894044e-05,3.722179897948833e-06,0.999936528693837,3
6.1838688358525285e-15,1.5645669843530365e-05,1.8936394012610929e-06,0.999982460690373,3
1.5370514640269374e-16,1.3475930503499184e-05,1.8484499763313436e-06,0.9999846756191838,3
2.4877937986965157e-17,2.2383954078732897e-05,6.553881986787567e-08,0.9999775505066918,3
3.6280619691292316e-19,4.98461868369047e-05,6.79740532842896e-08,0.9999500858391185,3
1.0394936136985388e-19,0.0003498983973356191,2.763832732173635e-08,0.9996500739637985,3
9.054857862029036e-20,0.0025455294452135157,1.0193300739554269e-08,0.9974544603621555,3
2.9983166401895474e-23,0.03587166893638657,2.580271913024641e-08,0.9641283052607199,3
3.8617925332247386e-25,0.2676562023928096,1.833328989306638e-11,0.7323437975884335,3
1.3574206586122705e-36,0.6369749751710367,4.0610721983220723e-13,0.363025024828086,1
1.4337809702767188e-40,0.9997912237993827,1.2360461054615973e-21,0.00020877620125149215,1
1.725926360643855e-47,0.999999204738149,4.0527445169272252e-25,7.952618521698842e-07,1
5.227505117723403e-54,0.9999989471130989,8.682657496028666e-27,1.0528876757398098e-06,1
1.051202795132805e-57,0.9999999287720155,3.227217614214282e-29,7.12276462392537e-08,1
2.899182579728189e-67,0.9999999714582377,2.0285437123558505e-31,2.8541515842146602e-08,1
2.15778987825539e-70,0.9999999999563443,1.1371551186420534e-38,4.3174380232675385e-11,1
9.351864223066906e-80,0.999999999825377,2.977498459840525e-40,1.7408291918947062e-10,1
4.981159936884888e-80,0.999999999992724,2.2801580152068207e-42,7.570988384753804e-12,1
3.369841958878461e-80,0.9999999998854037,1.3439810988390743e-41,1.1394110231317593e-10,1
3.465703038055984e-79,0.9999999996707629,4.529208054385699e-39,3.291954920341606e-10,1
1.9997552554639202e-77,0.9999999996762199,8.960785075324566e-39,3.229459806933885e-10,1
1.1691522200499223e-80,0.9999999996834958,4.245262860364285e-39,3.1645869814403543e-10,1
4.4173071296173e-80,0.999999999994543,1.193222665665406e-42,4.620186809702058e-12,1
8.298084253479484e-84,0.9999999999508873,1.3112751538752512e-42,4.968744701569455e-11,1
1.6128104087387604e-84,0.9999999999872671,1.933053565605413e-42,1.3018042510529841e-11,1
3.722501809769971e-90,0.999999999990905,1.3773276067387854e-43,8.277677115653848e-12,1
1.7241759609097544e-92,1.0,1.6941107870185078e-49,3.060865171863396e-14,1
3.67841020134258e-96,1.0,2.2619203519250484e-51,4.1796887199120623e-14,1
8.669358331953423e-96,1.0,5.0772358383877435e-49,5.465441772658829e-13,1
3.760995042646455e-93,0.999999999996362,1.5685632503988187e-46,3.661575501452506e-12,1
7.070850808214708e-88,0.999999999996362,1.9155398738988134e-45,4.235854877224023e-12,1
3.83834936020105e-86,0.9999999999563443,7.897195192740496e-43,4.437615690379524e-11,1
1.3468230279430336e-81,0.9999999999636202,7.568137853426105e-42,3.725475045516015e-11,1
7.91094680928082e-85,0.9999999997708073,3.4700727637909607e-40,2.295865634448552e-10,1
8.790473795357384e-84,0.999999999998181,7.30845614075646e-44,1.4274294125295695e-12,1
1.5702393124103254e-86,0.999999999994543,1.8235801286220927e-45,5.664688958353085e-12,1
2.6631964745849352e-86,0.999999999990905,2.880942256186366e-44,9.317554014627044e-12,1
4.9208349021723687e-85,0.9999999999527063,2.7713859652901267e-42,4.720194903836569e-11,1
9.979331755297498e-84,0.9999999999708962,4.297926638760671e-42,2.8728969924574777e-11,1
4.5186859556084804e-83,0.9999999999818101,6.648756355599734e-43,1.7722417538354036e-11,1
1.895799881638372e-83,0.9999999999599822,1.9696323663704997e-42,3.925614567387097e-11,1
1.4269143459810877e-81,0.9999999999436113,9.586542879717174e-42,5.55436996535806e-11,1
1.6103948847767517e-72,0.9999999998963176,2.450735729422898e-40,1.033819372896591e-10,1
1.0873375348244791e-68,0.99999979619681,4.360655374885933e-32,2.038035363405156e-07,1
1.0741590654187595e-60,0.9999998196726827,7.549647943811734e-29,1.803272078332948e-07,1
3.1724054968487095e-56,0.9999998343828476,5.241191021635164e-29,1.6561712360531874e-07,1
8.52235320206631e-58,0.9999991890784818,1.1367514277667057e-27,8.109207937370618e-07,1
3.9018581560417273e-57,0.9999998836483496,3.855155181782264e-29,1.1635124603718366e-07,1
4.770356856492418e-59,0.9999998677631171,5.378738424802428e-30,1.3223677551271225e-07,1
1.8588656285632993e-60,0.9999998966613983,2.364644829806559e-30,1.0333919799957887e-07,1
2.803584914399259e-69,0.9999999488045446,9.885534243757652e-31,5.119635153942593e-08,1
7.260631215445153e-75,0.9999999999745341,2.0848257237227693e-39,2.616880093271792e-11,1
1.0233169956633615e-81,1.0,2.499382216065029e-45,6.750216623543709e-13,1
2.0980868038371674e-89,0.999999999996362,2.751606544325785e-44,3.215045928993178e-12,1
5.09310211344901e-85,0.999999999994543,6.575737305724398e-45,4.9210199699702475e-12,1
4.357399721025482e-81,0.9999999999727152,1.4839103555622956e-42,2.815974455579214e-11,1
6.265353049356455e-78,0.9999999975279934,1.670536730488763e-37,2.4711340115862216e-09,1
1.455079654538615e-70,0.9999999990777724,2.4302951592684015e-36,9.220627895602471e-10,1
4.4833919434581e-68,0.9999999847859727,3.8834197021914216e-34,1.5214225608735585e-08,1
6.730098852806628e-64,0.999999977215339,2.2280554055048613e-32,2.278462493938439e-08,1
1.0202438105466145e-63,0.9999999151132251,1.6147656338613082e-30,8.488600285636875e-08,1
8.298937201151274e-62,0.999999987836418,5.913441909089855e-32,1.2163860979585218e-08,1
2.415717976514401e-59,0.9999999477531687,6.698110863612873e-32,5.224705563608917e-08,1
4.969926753884897e-54,0.9999997116265565,6.475279122143177e-28,2.8837286553674164e-07,1
2.883777071533205e-52,0.9999565451545522,1.403477985600576e-22,4.345484582179588e-05,1
5.887651125223003e-48,0.9999984893286225,2.2284176715205243e-24,1.510672061737369e-06,1
3.533917200832982e-47,0.999998438709863,8.912555284263477e-26,1.5612897252446732e-06,1
1.034163754953253e-46,0.999986426462136,3.7407877389628327e-23,1.3573537056417928e-05,1
1.226251562876905e-42,0.9999641281842157,3.940619440618577e-21,3.587181520247669e-05,1
7.975279089062391e-40,0.9999134373534694,2.2561120449857836e-19,8.656264584253427e-05,1
5.344362967886091e-37,0.9996963663798906,1.5407095254192194e-18,0.0003036336193817994,1
1.5728805604473712e-34,0.9951754009943802,5.901778795396614e-17,0.004824599005226341,1
1.8969713037314902e-33,0.9605270143903328,2.7747106800157916e-14,0.03947298560881055,1
6.855508040870752e-30,0.8199004374921062,5.0344353602548325e-14,0.18009956250790465,1
7.273276456067619e-29,0.4680471610325021,2.274338987623834e-12,0.5319528389647721,3
3.4700519093494794e-27,0.19874645702608545,3.431916864727415e-11,0.8012535429394505,3
4.192536794347904e-25,0.06317167037950706,6.93748904551907e-11,0.9368283295519914,3
4.816831842395151e-25,0.013829792661891493,5.190358001085087e-10,0.9861702068186601,3
2.2369655927370887e-24,0.005051295321962219,1.4256766701354894e-10,0.9949487045349652,3
7.128702951286683e-24,0.0019600975644425674,1.325646178596172e-10,0.9980399023029911,3
8.280714235577255e-23,0.00038953967669592043,1.4164349657848777e-09,0.9996104589071017,3
1.3325430469696834e-21,0.00013634931178107456,9.229325471698454e-09,0.9998636414592488,3
1.1005979798456849e-20,0.00010188376613451463,8.274406956099506e-09,0.9998981079588212,3
9.495968622370324e-21,5.2180981676348445e-05,9.334749251677199e-09,0.9999478096829016,3
1.7861932404735555e-18,4.441252201563405e-05,1.4341680629071432e-08,0.9999555731366041,3
5.46747170281213e-17,1.3778283228524495e-05,1.939241184332354e-06,0.9999842824761921,3
1.260877518711683e-14,1.0704510710205935e-05,3.229410109376364e-06,0.9999860660798171,3
3.4871522928439972e-15,1.0977277771973903e-05,4.667121152039157e-06,0.9999843556002385,3
4.4457593149346334e-15,1.682410996281319e-05,6.314221434551568e-07,0.999982544467921,3
4.778517132737488e-16,1.3521907408747649e-05,1.7335009386755357e-06,0.9999847445923884,3
5.46575372546671e-16,1.756327099257597e-05,7.627331768968777e-07,0.9999816739952017,3
6.989980002582183e-16,2.4338249266725624e-05,4.575074953881325e-07,0.9999752042440484,3
5.639092758600692e-16,1.5037168602994393e-05,1.3492985042746803e-06,0.9999836135335681,3
1.4761937744426752e-15,1.1213501631315561e-05,1.2890132947356706e-06,0.9999874974855034,3
7.461249730081e-14,1.9501733018763196e-05,1.182205572459038e-06,0.9999793160615833,3
1.4146178610898198e-13,1.2251343455200546e-05,6.844032478608349e-05,0.9999193083310571,3
4.975257080206854e-12,1.1966047104266643e-05,1.2809175880327145e-05,0.999975224772654,3
5.912630602846172e-13,9.053700607247614e-06,2.273063247414844e-05,0.999968215666194,3
3.306172707685623e-13,9.869380049981569e-06,9.730470880862954e-06,0.9999804001483369,3
7.197431271614808e-14,1.9690543310151097e-05,5.728134900686233e-06,0.9999745813213016,3
1.6128126444178944e-13,2.7472133964974676e-05,3.807485173425733e-06,0.9999687203798207,3
1.0581543396631291e-13,9.702927678462803e-06,1.341457896211279e-05,0.9999768824925964,3
2.2506408769228937e-14,1.9373884523764e-05,8.710600213320526e-06,0.9999719155144899,3
7.115929076086453e-15,1.5780520292519146e-05,8.615266577513135e-07,0.9999833579534068,3
1.1214336641328203e-13,7.514623301451002e-05,9.63960590677984e-07,0.9999238898060557,3
7.215617606218583e-11,1.4312260445035617e-05,0.00012846788075184358,0.9998572197860023,3
1.0992104704774624e-08,5.469571075474267e-06,0.09510510941331518,0.9048894100240397,3
5.91402249476872e-06,2.469096391466716e-06,0.5876542525586922,0.41233736432171597,2
3.931254218627444e-05,7.565044428089286e-07,0.8610220350933757,0.13893789585981076,2
5.6496207996340504e-05,1.1722300753302213e-07,0.9605437250340085,0.039399661535124246,2
8.207888832932311e-05,7.285901548955469e-10,0.9950425567807799,0.004875363601488998,2
0.00017262579512364486,1.6543862127052226e-11,0.9997894022252479,3.7971963981711606e-05,2
0.00016626236595096715,1.1980351468319296e-12,0.9998260411125304,7.696519639723373e-06,2
0.00012289050802914359,1.4121723946795761e-12,0.9998538215953853,2.3287895139834776e-05,2
0.00014560421457058192,4.768212938384987e-12,0.9998353118991947,1.908388129344786e-05,2
0.0008515313890566157,5.482289015195738e-13,0.9991036265009275,4.4842110198906575e-05,2
0.007871587797390172,1.4314088941106075e-13,0.9921226306652019,5.7815372688172755e-06,2
0.04234935137933766,1.5165377987809927e-14,0.9576490175538195,1.6310677041629902e-06,2
0.14079131030865585,2.4578678423831613e-15,0.8592080161167205,6.735751686975602e-07,2
0.367887468688983,8.080398327408298e-16,0.6321124301959,1.0111590905913144e-07,2
0.6519943651998337,4.48070001886846e-17,0.3480055997848139,3.501613024032778e-08,0
0.8784425303046214,1.1330135254235836e-17,0.12155746640889935,3.2869596963271567e-09,0
0.983934867493677,2.3214159052403217e-17,0.01606513198431846,5.219445340226799e-10,0
0.9921037353254881,6.365647857580123e-19,0.007896264159087422,5.160425505837625e-10,0
0.9979921590371673,2.3362600582690547e-20,0.0020078409350736894,2.7277792174774113e-11,0
0.9996910010519905,6.426826612845338e-22,0.0003089989460165134,1.1663010678162147e-12,0
0.999921777718537,6.649946065744972e-23,7.822228148769791e-05,5.562057498453521e-14,0
0.9999580787318008,1.6376552912272664e-23,4.1921268438023526e-05,1.1019687432618068e-14,0
0.9999364909158258,3.266525634246358e-24,6.350908370194284e-05,1.0101615074385979e-14,0
0.9999549527689189,2.974234770970888e-24,4.504723026887374e-05,1.9721159506388595e-15,0
0.9999892797324543,1.34165570682119e-23,1.072026705509027e-05,1.8458186934116115e-15,0
0.9998930500339317,1.1143526237724214e-23,0.00010694996681289643,2.7763542716131423e-15,0
0.9999680080006151,6.807975093561368e-22,3.199200006404649e-05,1.8998546050780855e-14,0
0.9998980472835195,1.3277060358580515e-21,0.000101952716089648,7.788519433318607e-14,0
0.9996590834974807,2.1445596924299367e-20,0.0003409165005228821,1.4861043514963515e-12,0
0.998530723412986,5.01737136858381e-19,0.0014692765736294268,1.4168402933294015e-11,0
0.9899854979309995,1.861512154889968e-18,0.010014501875934141,1.9267252615029292e-10,0
0.9605263465172926,5.646691773313826e-17,0.03947365236603596,1.1162500029725095e-09,0
0.9025512692722272,1.4483127348280827e-16,0.09744872507490975,5.653529918716348e-09,0
0.7026556168124549,5.029684676702803e-16,0.2973443528787928,3.030796514805136e-08,0
0.4791666666295974,2.7115796275274372e-15,0.5208331939342378,1.3943638285793788e-07,2
0.3789144987352666,3.0822440308668065e-15,0.6210852689346203,2.3233039811727338e-07,2
0.28255762263469436,6.882942769118051e-15,0.7174420714281088,3.059364800556732e-07,2
0.19273114463225036,1.8299746215066577e-14,0.8072685353318123,3.2003677095418207e-07,2
0.09592098339750162,8.880664023031844e-15,0.9040784917953592,5.248067375620942e-07,2
0.03404024380568787,6.939372577842821e-14,0.9659590624820147,6.937130917234071e-07,2
0.004918136558141333,2.4319797400533875e-13,0.9950754880823584,6.375358620558427e-06,2
0.0007816396328063794,3.787220375446555e-13,0.9992085741069431,9.78625926255207e-06,2
0.00020311793211006334,2.1792979324925336e-13,0.9997861466396993,1.0735427298437715e-05,2
0.00021426127808980394,2.016865602418842e-13,0.9997805742689925,5.1644519260338175e-06,2
0.00019066247613883666,9.417703782064929e-14,0.9998031409811518,6.196542843003056e-06,2
0.00013414875758497514,1.4525460258220136e-14,0.9998621733159128,3.6779260795120257e-06,2
8.496874509441141e-05,5.127426318086697e-13,0.9999146030235365,4.2823042023133847e-07,2
0.0001992407002481335,6.857732630174822e-14,0.9997951431381692,5.61616086686134e-06,2
0.00024402745992886722,1.2194745123554547e-13,0.9997534068417283,2.565698290797517e-06,2
0.00018048715112489445,1.052575420416691e-12,0.9998155116734406,4.001174075413339e-06,2
0.00013605116425815047,3.237264164148597e-11,0.9998513811642322,1.2567639625985117e-05,2
4.80388829480145e-05,8.019088212662617e-09,0.9993258781337557,0.0006260749650903851,2
4.752655569428356e-05,2.0168188102378025e-07,0.8523013961811793,0.1476508755814467,2
4.433699142828705e-05,1.7923533628230429e-06,0.7704254932262357,0.22952837742974205,2
5.913754395508112e-06,1.0030052440060324e-05,0.6455809807318504,0.354403075460525,2
3.7277990829761356e-06,4.47090752998123e-06,0.15492057949008442,0.8450712218023976,3
3.272218696908341e-07,4.180555024122426e-05,0.04300743436927015,0.9569504328592474,3
6.300373247218044e-08,1.0464563834703084e-05,0.00666326926667687,0.9933262031655685,3
1.0958014557842901e-08,1.133044840185129e-05,0.0007555870154941262,0.9992330715780182,3
7.629486168507713e-10,8.75963932564754e-06,0.0002549712800391828,0.9997362683176655,3
1.6211053395093662e-10,9.990696658279126e-06,8.210445754248963e-05,0.9999079046838835,3
5.869243412892455e-11,8.277398868529658e-06,7.851268240108429e-05,0.9999132098594518,3
8.72795892732678e-11,1.83809870275895e-05,8.116100133015194e-05,0.9999004579237277,3
1.6973555237492284e-10,1.5503431030571123e-05,9.154511597408422e-05,0.9998929512824696,3
1.7739715939159236e-09,2.841643586394138e-05,0.0002366230595495192,0.9997349587315079,3
2.2928897971739722e-08,1.0192996565810705e-05,0.001950902364650378,0.9980388817102603,3
1.708937502240392e-07,9.570155948060937e-06,0.02881615914754054,0.9711740998027264,3
2.8922287721793624e-06,1.0902904972884199e-05,0.10587711389002927,0.89410909097533,3
6.235121565827373e-06,8.530470294188915e-06,0.3502920511979628,0.6496931832095345,2
2.554228491188314e-05,6.368705640395104e-06,0.5758825205343152,0.4240855684745863,2
4.3428969001380835e-05,2.7590561336794064e-06,0.6314523782340982,0.36850143374069366,2
4.735183059947368e-05,2.0643507571019244e-06,0.7017521756960706,0.2981984081232219,2
5.630283256245228e-05,2.1091614355154494e-07,0.9007212616232337,0.09922222462769732,2
7.036288697428436e-05,1.0548715259140415e-08,0.9886409637008379,0.011288662863947828,2
8.146438178947677e-05,5.806660620787909e-10,0.9993165297268158,0.0006020053108703104,2
9.143105463785824e-05,1.9977440167708475e-11,0.9998440790829461,6.448984193918131e-05,2
0.00011059083074531584,3.1211103875436972e-12,0.9998569206923124,3.248847336431531e-05,2
0.00012427785339860957,8.611691770082015e-12,0.9998550387750142,2.0683363247187282e-05,2
8.506088540061189e-05,8.757514385403573e-12,0.9998008757365567,0.00011406336876999965,2
9.005335872360471e-05,7.36559093205867e-12,0.9998650168979049,4.492973587777629e-05,2
0.00010166712422907852,5.396115380076934e-12,0.999856442781332,4.1890088879829326e-05,2
0.00016352546442789027,5.759126938520522e-12,0.999782311691633,5.4162838890554286e-05,2
0.0007684642965098582,5.9654979193222836e-12,0.9991926575683567,3.887812982087551e-05,2
0.006444753230710301,2.3286261788444124e-13,0.9935188833633664,3.6363406445750724e-05,2
0.06590767472989974,1.0302666126453143e-14,0.9340902191020517,2.106168110470765e-06,2
0.2870058497266931,1.667111445584516e-16,0.7129938643459535,2.8592725472974537e-07,2
0.7042411152696827,5.3942995158611826e-18,0.29575887232589254,1.240517865757068e-08,0
0.9485444673080236,2.634486103668772e-21,0.051455532521929206,1.706901484274249e-10,0
0.9984122305810522,1.5299443546885456e-23,0.0015877694192345385,2.1829537441976713e-13,0
0.999988985910651,9.063105263156714e-26,1.1014088902705972e-05,5.867900853632165e-16,0
0.9999948551545019,8.210041888220324e-29,5.144846108138598e-06,2.6906911112378467e-18,0
0.9999980785142086,2.522091424128136e-32,1.9214859147518596e-06,7.09926665312147e-20,0
0.9999996534843977,7.358875766128183e-35,3.4651521624736196e-07,3.795578792646041e-23,0
0.9999999932279025,1.2282101645820537e-35,6.772628851711532e-09,1.5596247399690462e-25,0
0.9999999827596185,1.793934608217222e-33,1.7241267682076756e-08,1.7000184492500488e-26,0
0.999999973455488,4.273371090829752e-28,2.6545042608862645e-08,1.4841415908167305e-22,0
0.9999378769005027,2.508899855111412e-25,6.212309907492089e-05,2.4360443928313062e-17,0
0.9997804341247989,1.51956492121695e-22,0.00021956587567006764,2.0488230010523828e-13,0
0.9998539211414027,1.2600207376002226e-22,0.0001460788587584963,2.0990241108462937e-13,0
0.9999238134834346,2.845438359447118e-23,7.618651592711077e-05,3.4185940938340463e-14,0
0.999955541231129,2.897474260435667e-23,4.445876813892231e-05,8.912810752689443e-15,0
0.9999536604796552,1.1898610200498974e-23,4.633951982931441e-05,7.404113596516953e-15,0
0.9999368691889173,5.009738044906551e-23,6.313081021198153e-05,8.789170344246499e-15,0
0.9999256350678288,1.0210212199438709e-22,7.436493219125018e-05,3.045065308899331e-14,0
0.9999213903896617,3.43273677258993e-22,7.860960940861361e-05,4.9162775029489206e-14,0
0.9998855842908391,3.9276856663305185e-21,0.00011441570831156844,2.1039110577760945e-13,0
0.9996097872307512,3.6068446020789034e-22,0.000390212768912213,1.189063398207975e-12,0
0.9997852467784372,1.8079763790747588e-23,0.00021475322083618005,2.055397950558651e-13,0
0.9999653847632913,7.322568426740005e-25,3.461523581505891e-05,4.023605799266875e-15,0
0.9999860822776921,1.091736751208825e-24,1.3917723214601937e-05,1.5423103027110086e-16,0
0.9999930667785762,3.397064897916699e-23,6.93322128623582e-06,5.672903787451304e-16,0
0.9995582382274356,2.758587114246588e-20,0.0004417617720930841,3.5933298006513685e-14,0
0.8462007171983531,2.7200976538909987e-19,0.15379928277138294,3.100045524849137e-11,0
0.059217887665391114,3.3277753301857135e-15,0.940782107950457,4.384422159368041e-09,2
0.015810570726509664,1.269510857181596e-14,0.9841893474094607,8.186411928681056e-08,2
0.002571503881806336,3.9189656586942307e-16,0.9974283862381648,1.0987952111314467e-07,2
0.00017121439807347185,1.5036727102128971e-13,0.9998287825184576,3.083700656386004e-09,2
0.003498549283707828,2.6582143493631256e-15,0.9965011754260874,2.75290536324671e-07,2
0.0030231233091494647,1.3209506133731642e-14,0.9969766894054897,1.87285590229536e-07,2
0.002338040729518216,1.8556420666436215e-14,0.9976618302925039,1.2897729846781508e-07,2
0.002145409116263698,3.5885148181822646e-14,0.9978541053933774,4.85491191121447e-07,2
0.0008225434567192878,5.306630686712084e-14,0.9991747752878907,2.6812554033414455e-06,2
0.0003459150873468711,5.621736052315214e-14,0.9996515132420623,2.5716713939175008e-06,2
0.0001942719448016076,4.226434002131032e-12,0.9998036768955725,2.0511548322380302e-06,2
0.0001127892071961304,7.473389509392191e-12,0.9998515430993538,3.566768680318479e-05,2
6.98630738602978e-05,4.690402745462372e-11,0.9998231498467953,0.00010698703237274255,2
7.239976097355105e-05,8.484550220317247e-11,0.9996932789603248,0.0002343211931468665,2
5.666829801915169e-05,1.0114869935828356e-10,0.9997161076297654,0.0002272239702363979,2
6.146747526767221e-05,7.255163163064262e-11,0.9998302449548491,0.00010828749737236751,2
6.409219353856054e-05,4.5546386767200966e-11,0.9998114258068191,0.00012448195336978754,2
5.713394132811805e-05,2.576814446167562e-11,0.9998014593360137,0.0001414066972411725,2
7.482853820904083e-05,1.3297309976117976e-11,0.9998596009188506,6.557052902887232e-05,2
9.70400070396075e-05,1.0926557774210263e-11,0.9998722809836739,3.0678998445053035e-05,2
9.097410711016794e-05,7.940584440438618e-12,0.9998477593427229,6.126654182365034e-05,2
5.566913651907533e-05,2.514012434346594e-11,0.999885919697808,5.841114108118927e-05,2
7.446177473458515e-05,7.24124452058037e-12,0.9998393103058911,8.622791146729758e-05,2
9.775703721702772e-05,2.6444675499596694e-11,0.9998618626553852,4.0380280581996e-05,2
7.796661667777227e-05,3.574065493113474e-11,0.9998187254745143,0.00010330787244139752,2
7.575899333504924e-05,2.354153626977582e-10,0.9997237401119782,0.0002005006583830931,2
7.934044564383228e-05,2.5087960771864715e-09,0.9990023472802773,0.0009183097660230525,2
6.888272085927998e-05,2.0157773905946793e-08,0.9920788429472511,0.007852254173833548,2
4.972299603165562e-05,1.5641427515824442e-07,0.9448119183037047,0.055138202285246435,2
1.5062318736073224e-05,1.1219354904194876e-06,0.7541669631518956,0.2458168525934091,2
4.69117548277949e-06,3.832653067419735e-06,0.28469114996249667,0.7153003262090188,3
4.746283436429876e-07,3.025328803013091e-05,0.07518455842107424,0.9247847136624617,3
3.6746277559837784e-07,0.0013286179957460319,0.004705060871776586,0.9939659536693117,3
4.714160599384105e-10,0.03250962846061587,0.003903564976759,0.9635868060909334,3
1.166703613914319e-10,0.0012577009389944458,0.0001205186302114481,0.9986217803142297,3
1.7913054622750184e-12,8.020490778260047e-05,8.713169684720094e-06,0.9999110819215826,3
6.844282937354319e-13,1.0774908386408156e-05,8.77430848411459e-06,0.9999804507825538,3
4.8770709496793715e-12,1.0505915690525484e-05,2.907843338478951e-05,0.9999604156468619,3
4.759153907307241e-10,1.13531995490318e-05,9.741580468856538e-05,0.9998912305204818,3
2.62495420983615e-08,1.5652502806943276e-05,0.002348803492486676,0.9976355177544055,3
1.4992763888268067e-07,8.419284230392607e-07,0.4194137562516447,0.5805852518919908,3
4.526032085086561e-06,1.563269783052518e-05,0.9571082713763485,0.042871569893055995,2
3.433181027739915e-05,2.4590665687208773e-05,0.9903431395768103,0.009597937946430359,2
1.8929694984638935e-09,0.0002084396689637534,0.9997915558757398,2.56312799599499e-09,2
6.526276748238054e-05,3.801513747041478e-06,0.9992595428495661,0.0006713928692214805,2
4.593636545995207e-05,1.6949178911206505e-08,0.9995280459420425,0.0004260007435544239,2
4.4897757167870984e-05,5.5715437895420756e-11,0.9998663426339347,8.875955352471254e-05,2
6.566589551588111e-05,6.310612483924057e-12,0.9999207442028486,1.3589895694312e-05,2
7.793706580225722e-05,8.234834044640628e-11,0.9999169278872266,5.134964473626279e-06,2
8.81505349762082e-05,7.89037074860839e-12,0.9998749907626191,3.685869523130747e-05,2
9.096549158041421e-05,1.1206948376187004e-11,0.999875999697711,3.303479870388274e-05,2
5.455133096024414e-05,1.5181384556108024e-11,0.9998895115329552,5.593712093973143e-05,2
4.696058937592064e-05,1.206453312918193e-11,0.9999079269953718,4.511240289839731e-05,2
3.667964180289279e-05,9.031497032968739e-12,0.9999467340820543,1.658626775098745e-05,2
8.915086470681349e-05,2.2080855472510627e-12,0.9998444803277157,6.636880547511216e-05,2
0.0001284608560411505,2.6740167139876456e-12,0.9998591351702765,1.2403971220660417e-05,2
0.00012654832503701538,9.027264344991283e-12,0.9998597746898076,1.367697585629091e-05,2
0.00011188630763909339,1.0754240130900983e-09,0.9996975034619832,0.0001906091542045679,2
5.265719091842299e-05,2.749509304977526e-08,0.985776968818952,0.014170346494953787,2
2.4968976570090664e-07,8.649564043688063e-07,0.6050935318388331,0.3949053535155626,2
7.094314247250361e-10,7.37563575807936e-06,0.0035180873429215523,0.9964745363111133,3
8.7615712200695e-13,0.00023588828212929553,3.251136467049895e-06,0.9997608605811025,3
1.2255302192599095e-16,4.421621428107196e-05,1.9129603346287096e-07,0.9999555924897917,3
2.825510604880354e-18,3.325608242957063e-05,6.961043549807066e-08,0.999966674306573,3
2.7599901594963843e-18,6.711496956596726e-05,8.251964000453384e-08,0.9999328025101341,3
2.410970004410005e-19,0.0003320628268742011,1.0566840365746726e-07,0.9996678315048878,3
5.606794044842382e-20,0.0053219984808403845,1.0537611448343037e-08,0.9946779909812566,3
3.907715269819241e-23,0.06119978804035262,4.043868648137869e-09,0.9388002079162633,3
7.772185353650332e-25,0.8843693982060412,2.256969516328323e-11,0.11563060177115606,1
1.6160338344673054e-27,0.9994229338209162,2.6201514847853365e-13,0.0005770661792856829,1
8.179665984242897e-27,0.9999960608279531,6.60747273000701e-15,3.939172660488837e-06,1
2.411065218074584e-29,0.9999959986260384,6.267442243682207e-15,4.0013737575259515e-06,1
4.876131835539694e-30,0.9894418850144615,1.2675497453062903e-15,0.010558114986044457,1
1.374542650562248e-30,0.9900337918249397,1.4750556716546843e-13,0.009966208175407856,1
3.479176915081435e-29,0.9893964919680206,2.9344823126566616e-13,0.010603508030809916,1
1.4575483710360002e-29,0.9915074906207041,8.014674872720308e-14,0.008492509379556926,1
6.067151742360154e-31,0.9948080056390831,1.3214395133578412e-14,0.005191994361078963,1
8.800696565185042e-32,0.9970585382996036,3.4681085045448633e-15,0.002941461699528392,1
3.785291757425284e-32,0.9987776767683064,1.2622408718264335e-15,0.0012223232324527513,1
5.9955430577397645e-33,0.9992362582004525,6.942492768227731e-16,0.0007637417993305571,1
4.033999499307985e-33,0.9993242518205323,1.9833356710443764e-16,0.0006757481787698928,1
4.1628821388443885e-34,0.9996909691913256,2.011334904951925e-16,0.0003090308090486581,1
3.618527486425204e-33,0.999784811516921,2.504205367064071e-17,0.00021518848245982806,1
1.6416714442724676e-33,0.9997038143968484,2.7234846886988177e-16,0.00029618560343446263,1
8.544818280352655e-31,0.9983048113530949,9.179138660031258e-16,0.0016951886467000236,1
4.266691009914166e-30,0.9919735681916371,1.9423488515041646e-13,0.008026431808339549,1
2.9153654002221697e-28,0.9881554825979657,7.98895079855239e-13,0.011844517401819145,1
1.1929163166026534e-29,0.9871699584583885,5.452542948175714e-13,0.012830041541368997,1
5.321352697253539e-29,0.9973703356747415,4.8647989149353054e-15,0.0026296643244943523,1
2.2471403826098373e-31,0.999180894439055,8.486076316995334e-15,0.0008191055613947156,1
7.206843834738395e-31,0.985674083376718,2.187514414663162e-15,0.014325916623313182,1
3.49706337729658e-31,0.9285218857760671,3.8644275906966503e-14,0.0714781142241674,1
1.2039229222558533e-29,0.7920211519902847,7.021017888168056e-13,0.20797884800935895,1
8.720764437617953e-26,0.6028188564239517,5.545658559140251e-12,0.39718114357101186,1
2.65128376796763e-25,0.3929028724859223,1.4101266960807212e-09,0.607097126103771,1
7.464273293819144e-23,0.08520744206568692,6.074621917873449e-10,0.9147925573276106,3
1.4302634883837684e-23,0.03093448594877474,6.804242273608063e-10,0.969065513370029,3
5.133231340745301e-24,0.01749522560989774,3.144052790016975e-10,0.9825047740752536,3
1.612416191941765e-23,0.015114860373312493,1.6628103883142504e-10,0.9848851394609672,3
2.1376008128992315e-20,0.015382140837234605,9.115019551573097e-10,0.9846178582519971,3
9.983094399294282e-19,0.014749466473263277,2.4972940998864743e-06,0.9852480362321298,3
1.2014052589932965e-15,0.0005516295801962185,7.251930386384927e-07,0.9994476452265887,3
8.945709171879999e-17,3.699739470005243e-05,7.813987380425531e-07,0.9999622212059437,3
8.060433181255654e-16,0.00015690801237620765,1.6935230428396463e-07,0.9998429226358984,3
1.4101549627553737e-15,0.0018308024028199153,2.839646336543133e-06,0.9981663579504962,3
3.776704772004022e-14,7.702256778569576e-05,5.084908265204985e-06,0.999917892523133,3
1.0088851073358453e-13,1.0268088166891965e-05,9.173624236503219e-06,0.9999805582881885,3
4.372100345844632e-14,5.2389733368683255e-05,7.661012907898217e-06,0.9999399492540301,3
9.070431261418005e-15,0.000487234384899713,2.5032185248851574e-06,0.9995102623962387,3
6.2026723575570585e-15,0.0005936409872621072,1.3845480483335697e-06,0.9994049744648276,3
2.6081949925604703e-16,0.0002470930475909253,3.929994503862418e-06,0.999748976958766,3
8.122554236261436e-16,0.0001014237410010933,1.3680539132317783e-07,0.9998984394541046,3
2.033686096900695e-16,0.0007608252169775393,5.803772144678882e-07,0.9992385944064808,3
2.830746523442929e-14,0.0023025763043727503,1.2017128141931603e-06,0.9976962219818825,3
9.161643554006071e-11,0.0064683898242591,7.132830314153488e-05,0.9934602817816153,3
6.883596117916785e-10,0.023599606624963975,0.04390921631344517,0.9324911763723311,3
1.405630993038567e-06,0.0013686588111169351,0.19744294802274656,0.8011869875344009,3
2.5257266032186916e-05,1.1759184991982763e-05,0.7620976349173607,0.23786534863101114,2
0.0014108831766896995,6.965338055760127e-08,0.9607179162172084,0.03787113095302857,2
0.04878223666187322,1.5582329669523793e-14,0.9508662996578913,0.00035146368017657895,2
0.9345708856251919,1.3287983330370282e-18,0.06542911412313039,2.524992953155127e-10,0
0.9987002367311429,3.8231454776128713e-22,0.0012997632692537961,3.532984304808544e-13,0
0.9999361211533851,6.921248136650894e-24,6.387884689451864e-05,5.7331740558088886e-15,0
0.999996879302993,7.118347634354254e-26,3.120696498030932e-06,9.719962475046878e-18,0
0.9999979204807253,2.2068413959407068e-26,2.0795193625905678e-06,9.443586309599688e-18,0
0.9999226271004945,5.094386648654003e-25,7.737289905568682e-05,3.2206875785418395e-17,0
0.9998009856871259,6.62376890555556e-22,0.0001990143134971824,1.0995032831070419e-16,0
0.9999729022180758,1.4583811226471554e-21,2.709778218618785e-05,8.466126059726558e-15,0
0.9997625544732255,5.450459460236104e-24,0.00023744552753198592,4.469918252146877e-14,0
0.9999084265258438,1.5409960815584562e-23,9.157347460503633e-05,8.263480115736122e-15,0
0.9999898077177117,6.256366942404042e-24,1.0192282254728994e-05,5.880362263107745e-16,0
0.9999834499381743,1.884740339370814e-23,1.6550060991258145e-05,7.403650173216504e-16,0
0.9997853324817264,2.3945209355887426e-21,0.00021466751837238618,3.7751876682029404e-14,0
0.9988392025249175,1.106351411307978e-19,0.0011607974718415178,2.9274507106635225e-12,0
0.9966076231359529,1.713506683437391e-17,0.0033923768448835814,1.9214527907551164e-11,0
0.9936707064761067,4.5188651504028505e-18,0.006329293296390125,2.2744949099200126e-10,0
0.9612521308738905,2.21806650160511e-17,0.038747868716376,4.0972969669279336e-10,0
0.6939909888830159,1.8386588666852677e-16,0.3060090025131859,8.603053718030544e-09,0
0.20835241584049877,5.47276805953257e-15,0.7916475058612744,7.82984040531106e-08,2
0.06819665979701728,2.691121642223156e-15,0.9318031176231129,2.2257948951698865e-07,2
0.03479824241441864,1.2611547303061434e-14,0.9652016346624074,1.229228997717858e-07,2
0.010960793936658088,8.015940902031882e-14,0.9890385037861912,7.022762729146295e-07,2
0.002525039325187918,3.1764311883128527e-13,0.9974728760175042,2.084657357910523e-06,2
0.0002792679856359223,2.165324487059341e-12,0.9997139020917571,6.829920414360479e-06,2
0.00015664283220587018,1.3955484967893976e-12,0.9998326883261499,1.0668840193427461e-05,2
0.00010001593154926439,8.299392802548592e-13,0.9998653002000403,3.4683866933280534e-05,2
8.801694024354679e-05,2.0000269591383934e-11,0.9999013422541958,1.0640786087797979e-05,2
8.506710486926138e-05,1.9310773219766915e-11,0.9998147914249527,0.00010014145001985138,2
7.766559275870345e-05,2.3940886916165802e-12,0.9998518859207374,7.044848365810176e-05,2
6.578463156101762e-07,1.570195290928686e-10,0.9999993000240187,4.1973342728490016e-08,2
1.0852273023544537e-05,7.319432834906255e-12,0.9999833833115164,5.764407601099143e-06,2
3.5560785025453895e-05,1.5447987422984884e-11,0.999958196677412,6.242522603768768e-06,2
1.939108997004626e-05,3.1312099347530475e-09,0.999939554417057,4.105136161490657e-05,2
1.9646568976121126e-05,5.364973234229656e-07,0.9997801361488693,0.00019968078521292142,2
6.037018265037126e-07,4.572033484911535e-05,0.9961894397552443,0.0037642362081277605,2
6.507147806455823e-07,9.65022139930722e-06,0.6039978752867105,0.3959918237771722,2
2.1911037105978796e-08,0.00010888757231986124,0.020735878260571265,0.9791552122553079,3
5.658768911411636e-09,8.138233806930797e-05,0.000309853304455176,0.9996087586995992,3
1.1340266703749539e-10,0.0021463495026615423,9.106630850944909e-05,0.9977625840747923,3
1.0549964449084648e-10,5.045189780727188e-05,5.35658456465463e-05,0.9998959821501673,3
2.6420276117868607e-10,1.3597009052693852e-05,0.00017929993972162918,0.9998071027863982,3
3.3074406373003597e-10,7.058938046736e-05,0.0003765611148673265,0.9995528491736683,3
2.8304052814819427e-11,3.371352935966034e-05,0.00012843968986409976,0.9998378467522925,3
2.2416101401311245e-12,1.4516189838141932e-05,5.9997370827557e-06,0.9999794840708975,3
8.880071322433971e-15,0.00012244979094003277,1.0866612701374451e-05,0.9998666835961771,3
1.2049587800269512e-15,8.766430897296586e-05,1.4483653761620511e-06,0.9999108873252299,3
5.043092431410984e-17,2.3181520079791103e-05,2.648691251174521e-07,0.9999765536105986,3
3.93489880552568e-17,0.000225867731909974,9.513832506910746e-08,0.9997740371294018,3
5.329078620656345e-18,0.0015071163890594981,4.6862126965834293e-07,0.9984924149895529,3
5.278922595820673e-18,0.001035802406455608,1.2295328491506843e-07,0.9989640746402565,3
3.057259830587281e-19,0.0005342964611164075,3.0545108373024775e-08,0.9994656729942647,3
1.4151250917578608e-21,0.0024847986790959716,1.2478844097378157e-08,0.9975151888422924,3
8.626914609529773e-21,0.0008757444482173103,7.893172841440118e-10,0.999124254762493,3
1.695573709294718e-20,0.0008352739493852953,1.2506114306903485e-08,0.9991647135450515,3
7.075044813970493e-19,0.002750153120494009,1.4400069200479107e-07,0.9972497028785734,3
3.108850479591179e-18,0.0015367420897769322,1.2180457765503464e-07,0.9984631361058144,3
2.971270595797658e-18,0.0025734047086982204,1.4265608752288233e-07,0.9974264526355673,3
5.638291233690392e-15,0.04365308550411999,3.944654310740738e-08,0.9563468750491667,3
1.6377871614478662e-16,0.8046713438486719,0.00013567725179574924,0.19519297889939694,1
4.265853845943728e-16,0.8075368253942184,1.7100527689259748e-07,0.19246300360057034,1
1.3972345677293007e-20,0.8989028261645979,2.4607341849599793e-09,0.10109717137436235,1
7.531585030161079e-23,0.9217428017199212,1.8997590182156936e-11,0.07825719826164786,1
3.981404183841178e-22,0.9986135004910093,2.347604770838694e-11,0.0013864994859389564,1
5.701123017395045e-23,0.9333288538511688,9.395406217042755e-11,0.0666711460556954,1
2.1008732645245194e-22,0.5989238874028795,5.241559757422432e-10,0.4010761120727305,3
2.486444953990206e-22,0.42262576901607035,1.0376990991636032e-08,0.5773742206066721,3
1.098646102576811e-19,0.11021085464534643,1.4049210644878487e-09,0.8897891439503858,3
8.230067809012897e-19,0.042917900766940686,2.800503704983012e-07,0.9570818191820685,3
1.7138633686391173e-16,0.010331799354286878,5.91029012362849e-07,0.989667609616838,3
3.1691534150931315e-16,0.0009480207917973,1.2025064715931105e-06,0.9990507767009568,3
4.433732409791001e-15,6.16515577702326e-05,7.18559390172787e-07,0.9999376298825667,3
2.4347738601172165e-15,0.00017275628855952988,5.420460226162938e-06,0.9998218232514281,3
1.3803409088148527e-13,3.9883861603848344e-05,3.149535943523503e-06,0.9999569666016281,3
1.1740459137589363e-11,4.4711453433970336e-05,3.4701193749468975e-05,0.9999205873401911,3
5.103664837221822e-09,8.819699544126435e-06,0.0010719166019317542,0.9989192585952854,3
2.9547164991734447e-08,6.625755239162335e-05,0.22032947614536766,0.779604236754456,3
7.5797998517683125e-06,7.20872341637162e-05,0.23884153187665147,0.7610788010888621,3
5.891516323812029e-06,1.6586126642484334e-05,0.2133895060795654,0.7865880162782825,3
3.0834037976320713e-06,9.843130802866616e-06,0.07610677334746963,0.9238803001175934,3
3.020515094444182e-06,1.417799323624537e-05,0.03300021565937582,0.966982585831654,3
1.593889624471942e-06,2.4521930279502707e-05,0.026824323084334547,0.9731495610963705,3
1.550978632404195e-06,0.0008992997703358213,0.023237850736441978,0.9758612985139714,3
2.291434187457996e-08,0.037011675502201004,0.03509936240621926,0.9278889391774992,3
1.6795483513344298e-07,0.01723654875340415,0.013252387082716643,0.969510896208355,3
1.5263104936701967e-07,0.0020616672835728827,0.006777931727234607,0.9911602483575956,3
1.953327863976191e-08,0.0004392163980877709,0.0032807886478592434,0.996279975420982,3
3.796314398010931e-11,0.00010140787714852212,0.0010456700160715146,0.9988529220696597,3
2.2164938619174005e-15,0.00011563796265829813,1.799975490857042e-06,0.9998825620611062,3
2.0836781131331597e-19,0.00048440552036841853,3.471423209876828e-09,0.9995155910082896,3
4.601868084651566e-22,0.00042156650697218326,1.383889805583494e-09,0.9995784321088546,3
8.770819056323024e-22,0.0005664380492789701,1.6461809535838407e-09,0.9994335603041248,3
1.0414444240617411e-20,0.00043533455443778247,4.939060844518588e-09,0.9995646605059224,3
2.366529965014695e-19,0.0004004093619074971,6.59219319758397e-08,0.999599524716935,3
5.583052925057333e-18,0.0002674941323089264,2.1645334113259065e-07,0.9997322894136775,3
4.062909436579731e-17,0.0001552726863252896,2.3739255827791003e-07,0.9998444899213925,3
3.1197002025278623e-19,0.00026019803722400025,2.536877606358761e-07,0.9997395482743904,3
1.93466670206417e-19,0.0001252368355172701,3.995732210579419e-09,0.9998747591687662,3
1.2859140553225756e-20,0.00010851909720325214,1.2949445530200164e-08,0.9998914679528345,3
7.142479023130206e-19,3.4591523109776045e-05,6.685576582441015e-08,0.999965341621995,3
5.714938882338773e-18,3.740186261953653e-05,2.545111811678186e-07,0.999962343626589,3
2.137986572007486e-16,8.259216494911662e-05,2.615670394784284e-07,0.9999171462678893,3
1.541168666268474e-15,1.1500549108770147e-05,3.710806518512941e-06,0.9999847886440028,3
4.77777631263338e-14,1.8228636072498335e-05,3.8933050573706e-06,0.9999778780593657,3
6.9848569190884675e-15,3.825861347184374e-05,7.735322195366224e-06,0.9999540060644105,3
3.305593904647247e-13,1.8832285009220104e-05,8.960049552718995e-07,0.9999802717102018,3
3.8315277384613886e-13,2.0489251566042225e-05,6.167397888668227e-05,0.9999178367684117,3
5.152122066504455e-12,3.312549335804397e-05,0.00010048388287726485,0.999866390617919,3
3.318610157470111e-12,1.0034850368006176e-05,1.3798515994919566e-05,0.9999761666297513,3
1.0566909086493338e-13,3.048430254676357e-05,9.739897446032207e-06,0.9999597757992171,3
2.0919847763027313e-14,5.1144711902362124e-05,4.0530003158773825e-06,0.9999448022872919,3
7.477014681255022e-15,2.1310584760542886e-05,2.0199448279015586e-06,0.9999766694702378,3
3.443471317358741e-16,0.0004988365960988455,1.624405987285513e-06,0.9994995389974667,3
3.4493250329461606e-20,0.011989492390712916,1.439865486012359e-07,0.9880103636220631,3
4.137726609697873e-28,0.2085389559229023,6.393538739490543e-11,0.7914610440133156,3
8.516130725793047e-35,0.9940005394473754,3.560774860364415e-17,0.0059994605521829295,1
1.5171370346716442e-41,0.9999459813864188,4.4792967986839056e-20,5.401861336919527e-05,1
6.661894232535745e-43,0.9999999890769687,4.8452322888886044e-23,1.092320428713652e-08,1
1.1817749915513429e-39,0.9999728650880519,4.72722298332317e-22,2.713491219388491e-05,1
1.1074522348586624e-33,0.9996147696402272,4.7510392929771524e-17,0.0003852303602101615,1
1.324339759849628e-28,0.9530335580317089,1.3134202375965825e-11,0.046966441955697005,1
7.597881893701323e-22,0.9314457971075392,8.200449036291295e-10,0.06855420207324996,1
1.2634631662566087e-22,0.9341790558889983,2.684061771353184e-08,0.06582091727064822,1
9.060953623789468e-22,0.9293586680711196,2.6845112133632413e-11,0.07064133190122954,1
2.809202821069276e-25,0.9059672507050873,1.879728603447972e-11,0.09403274927639757,1
6.405514741199382e-26,0.9071625418731252,1.850870649591839e-11,0.09283745810823484,1
1.2089774690776984e-27,0.9243197123458726,7.325893259397681e-12,0.07568028764741165,1
4.932507695018569e-28,0.9682892102274296,8.595747432983754e-14,0.031710789773288235,1
1.2477876412185865e-29,0.9825333601790478,1.2055944957346294e-13,0.01746663982147524,1
1.1068855700743589e-29,0.9925967512786079,7.215800512040749e-14,0.007403248720791616,1
2.6716573691831348e-30,0.9983669610608422,2.0096492516531427e-14,0.0016330389391990357,1
3.069563313426599e-30,0.9988378816864262,8.464354197530363e-16,0.0011621183143563365,1
1.6690568483238665e-31,0.9994388112963118,8.253935983374353e-15,0.0005611887040112879,1
6.229862721796289e-32,0.9991028254930397,3.422657743296971e-15,0.0008971745064180835,1
7.800788171127547e-34,0.9995258606019684,1.6710274391798689e-16,0.0004741393981172179,1
5.415829144028048e-37,0.9999983508073412,6.182015456087577e-18,1.6491918339660645e-06,1
6.245194656967315e-37,0.9999653904474365,9.709335687455352e-21,3.46095530064389e-05,1
2.283715620639845e-42,0.9999152716380763,4.367083752609931e-19,8.472836105212382e-05,1
5.4934981000009484e-40,0.9999830117346046,1.185459293658735e-21,1.6988265377328013e-05,1
2.651501345600561e-41,0.9999984486287968,8.099815053693294e-21,1.5513708227806284e-06,1
4.694525061925071e-41,0.9999117890038183,5.343433596095419e-20,8.821099620418011e-05,1
6.101028643117201e-38,0.9999863013155526,2.2986310111982928e-20,1.3698684532824723e-05,1
1.3912602582161942e-36,0.9999422719721639,1.660660168078464e-18,5.772802857044965e-05,1
1.1266526294476498e-34,0.9986079530786288,1.7091689766919056e-16,0.0013920469211350412,1
5.698331164885894e-31,0.9911518884524799,6.438176392164001e-15,0.008848111548030384,1
1.200206512712458e-27,0.9812334465386482,2.5074441230258244e-12,0.018766553459176775,1
1.0194585497399424e-26,0.9846796835986454,7.264701709535348e-11,0.015320316329439351,1
6.163611347203094e-31,0.9884469115739615,6.514411484038526e-13,0.011553088425158191,1
1.5239339817849178e-33,0.9997798091665354,1.5917556497301758e-18,0.00022019083364665606,1
5.038013133281102e-39,0.9999523412395608,7.530780917485495e-20,4.76587609625917e-05,1
9.222378622552277e-40,0.9999618757693195,1.5556797652082402e-20,3.812423141044584e-05,1
9.056787939380338e-42,0.9999644634956638,5.655625152442198e-20,3.553650480911815e-05,1
8.181633054290829e-43,0.9999995762592323,2.705992071229489e-21,4.2374122332628895e-07,1
1.1376538973784138e-40,0.9999717812750322,1.2526894406550718e-22,2.8218725308558222e-05,1
1.689532643617471e-42,0.9999998052808413,1.336684075762174e-19,1.9471871668775246e-07,1
2.482981047662934e-37,0.9997596680738512,1.1748918872842153e-20,0.00024033192560872388,1
9.550218727256741e-40,0.9999881353609358,2.4348298664545353e-17,1.1864639381799437e-05,1
1.91861108108335e-37,0.9999479693709354,1.8113808224712312e-19,5.20306296301751e-05,1
2.160555542499636e-37,0.999991386996756,2.846146486445304e-20,8.613002527804711e-06,1
1.1044700463725998e-37,0.9999958860255943,2.0241813630621383e-18,4.11397495660704e-06,1
2.291210062775961e-33,0.9460205184363659,3.39852451182576e-18,0.05397948156300422,1
1.1377177224159066e-32,0.5824461174452742,3.4156784290196896e-12,0.41755388255097964,3
1.390050095644724e-25,0.23081599238562656,3.1749131611856655e-11,0.7691840075834686,3
6.799113819517668e-24,0.05640204505865551,9.177098689299992e-10,0.9435979540229161,3
2.9279022751144734e-22,0.010556891040923487,3.281869827833099e-09,0.9894431056775238,3
1.68445637567138e-20,0.0011122504336849907,3.99409338374978e-09,0.9988877455717471,3
9.119685677967787e-20,0.00026546736194200656,5.389068941569498e-08,0.9997344787475333,3
9.669939689384732e-19,4.1107963460174087e-05,6.90657941536622e-08,0.9999588229713143,3
3.4113720334392845e-18,7.638421023078018e-05,8.89748912649434e-08,0.9999235268143979,3
1.728136631956916e-17,0.0001198019972256593,3.872501417506905e-07,0.9998798107518355,3
2.128199666123349e-17,1.802487711622672e-05,5.123063119922475e-07,0.9999814628162433,3
3.799764471866463e-17,6.741287339802479e-05,9.946471175252735e-08,0.9999324876624572,3
5.190626440057559e-15,3.549608170802628e-05,2.3734924506683996e-07,0.9999642665697936,3
7.946374949453525e-12,3.4608498977555175e-05,9.486311252577548e-05,0.9998705283799586,3
1.5292166870510582e-08,2.48413333006961e-06,0.02210811507270772,0.9778893855019873,3
1.04281977837218e-06,5.968028541910027e-09,0.8637013416752797,0.1362976095362269,2
1.8234275887136502e-05,3.005879795282016e-08,0.9997591940228578,0.00022254164329242685,2
7.00318465849774e-05,1.6005829146839692e-09,0.9998661040744695,6.38624789059145e-05,2
4.755889989309041e-05,1.1096769875372252e-08,0.9990388625827986,0.0009135674207068189,2
1.847665860661928e-05,1.0082803856710486e-06,0.986570537070201,0.013409977990105031,2
8.565579776998194e-07,5.476893248672554e-05,0.8205641906014843,0.17938018390885796,2
1.3982539563091966e-08,0.007271645018375663,0.01446353204020224,0.9782648089582906,3
1.7922818705910395e-13,0.9882585304279039,0.0001776460294637726,0.011563823543098888,1
2.1603772427383013e-21,0.999999999314241,6.857350341812868e-10,3.915747712000942e-21,1
3.791439626078864e-15,0.9996651103206081,5.230496544706433e-10,0.0003348891563383687,1
2.4379802227312563e-15,0.9995364876395687,2.4495217430360724e-07,0.00046326740900310873,1
8.816334876808682e-13,0.9923516612409539,8.404538942255433e-08,0.007648254712895115,1
1.2781459686261922e-13,0.9999951579019485,4.014341729873057e-07,4.4406634685546886e-06,1
1.1802184781740781e-11,0.999893561255466,4.448128479961534e-07,0.00010599392000255579,1
7.895455609628874e-13,0.9966132038487029,5.758474109836953e-07,0.0033862203038019473,1
2.0069756668637133e-13,0.9961474561631252,1.80771268684511e-07,0.0038523630655833375,1
3.714217204259388e-14,0.9997824224876254,7.387583183053774e-08,0.00021750363659804437,1
2.0253739032676358e-14,0.9999836455254301,1.1076966822937857e-07,1.62437045629616e-05,1
1.640453472343962e-16,0.9993133638269329,1.5283102502174032e-08,0.0006866208893267914,1
8.171081562426463e-21,0.9993242351843908,1.3891230844167084e-10,0.0006757646760930696,1
1.313517858657281e-22,0.9927037140321712,1.4296342830466414e-12,0.007296285966353973,1
2.089499081884917e-25,0.9999931745293102,3.1659640753211514e-11,6.825438896813289e-06,1
2.8873748352859076e-21,0.999819446258704,2.8873061316443593e-13,0.00018055374142373558,1
3.3415176938018174e-25,0.9999999877982192,7.89852531006355e-12,1.2193113052499956e-08,1
1.5995827753229813e-23,0.9999990542914854,7.563543025377322e-15,9.457092174763034e-07,1
4.959952782569641e-27,0.9999999960637069,8.39971120687158e-15,3.936513395675859e-09,1
6.436091349101661e-27,0.9999791958234211,1.1624198941960248e-15,2.080417651039578e-05,1
1.1101063491888812e-39,1.0,1.564355021008449e-15,5.402232011502213e-19,1
2.260219884821791e-31,0.9999999975316314,8.182608055979615e-22,2.468543355946904e-09,1
3.3875761398247216e-32,0.9998515645074996,1.0671095081277176e-16,0.00014843549165076986,1
8.380869425819173e-27,0.9997669031610258,1.0333289633280436e-11,0.0002330968285415565,1
2.3833701773251505e-22,0.9999994345127341,2.4266675175997342e-11,5.654633999242803e-07,1
1.2958642720457439e-23,0.9999715535058136,6.608818080552846e-14,2.844649455404998e-05,1
5.893169053861842e-32,0.9999993546464148,1.1606219048070485e-14,6.453531645732059e-07,1
8.016063243710103e-36,1.0,1.6338603795372472e-19,3.246135382609595e-13,1
1.0702631468194365e-33,0.9999961682770586,4.611788536758542e-22,3.831723645057296e-06,1
8.626413932296109e-39,0.9998542794536768,1.541616346256447e-15,0.00014572054596074415,1
1.1455959733403673e-34,0.9999996174174889,2.855704367333379e-17,3.825820856146575e-07,1
1.046113715588325e-36,0.9999999995543476,7.13582187142409e-21,4.4632430013114725e-10,1
1.1692600362193022e-37,0.9999712605222919,1.3837869142452354e-21,2.8739477109203345e-05,1
1.4255314854112966e-39,0.9999822749511831,1.2161475552714228e-17,1.7725048594397167e-05,1
5.9127845870560573e-36,0.9999580718071984,2.3961938929309005e-18,4.192819341724351e-05,1
5.897203626716822e-42,0.999996250285885,6.937753385608549e-19,3.7497148625619714e-06,1
1.811593089620713e-62,0.9999999869069144,3.160141282055391e-24,1.309253945100552e-08,1
1.120557022652481e-80,1.0,7.06923612203659e-44,3.9300832085326714e-26,1
1.2812176667832638e-87,1.0,9.692453107868733e-59,2.1399067626674293e-14,1
8.331502219758022e-97,0.999999999994543,4.268952355921561e-46,4.639494271307041e-12,1
4.2020616936892526e-86,0.9999999999872671,1.5732889998449e-41,1.2538374618730883e-11,1
1.8766120194245817e-83,0.9999999999818101,2.9136490278294963e-41,1.8853721016455437e-11,1
1.0520130767567832e-84,1.0,2.1016077622922394e-43,5.51819383031532e-14,1
1.4689227495303014e-84,1.0,2.818137255722315e-46,5.686044510512815e-13,1
2.4616854569182444e-84,0.9999999998999556,7.859301414373143e-43,9.981317595743922e-11,1
4.620089690026702e-84,0.9999999997562554,2.782619279587519e-39,2.442927053396778e-10,1
2.665315642795982e-86,1.0,9.845138196381543e-42,5.85411544009395e-13,1
3.999540895443246e-90,1.0,1.3679591717734883e-47,6.946957922392121e-19,1
1.0680257429278356e-93,0.9999999997417035,7.836732389645193e-48,2.5782999706263106e-10,1
1.171332531852646e-108,1.0,7.730950095793389e-47,2.4622825419382053e-22,1
1.7640253271483802e-106,1.0,1.2639215906084245e-63,6.3929296375394675e-21,1
2.8820167317727945e-110,1.0,2.427119444863083e-56,5.877633977356185e-14,1
2.760208127126393e-105,1.0,9.728563015906704e-48,3.635996227694726e-13,1
1.414037298423112e-94,1.0,1.7371502176391789e-50,2.0201824901583315e-14,1
4.226443063972351e-103,0.999999999994543,5.708858434923488e-47,4.8829134556083534e-12,1
1.0379866702761319e-107,1.0,2.2288466962694787e-54,4.553376639275313e-16,1
7.7119255542949655e-115,1.0,1.5061741452235128e-63,6.894345910408065e-19,1
3.9009108168111586e-117,1.0,3.921169122538099e-65,7.078532001352666e-19,1
2.056021232912168e-114,1.0,1.0178770578686167e-56,1.5312147438953293e-14,1
2.8500204792574717e-109,1.0,4.038026584068471e-52,4.329297522134166e-15,1
1.0844799279338676e-101,1.0,5.781076616753063e-56,8.787645036236779e-18,1
4.624743041734394e-103,1.0,5.301868741057724e-53,4.0042320453999515e-14,1
2.5838523940273824e-106,1.0,6.997449329177165e-50,2.3918114687424585e-15,1
2.889166793437422e-105,1.0,3.3320828802950354e-55,5.1130816186944894e-23,1
8.211329636933808e-103,1.0,6.221131464549952e-57,4.9179605235194736e-15,1
3.1166175290529915e-104,1.0,2.932268046912142e-49,1.354989805854009e-15,1
3.235992896537817e-89,1.0,3.3348666181378194e-48,8.808676194678513e-13,1
1.134909703775656e-84,0.9999999997580744,1.1877494564249576e-41,2.422289620072846e-10,1
2.90804543650142e-73,0.9999999989158823,1.6744843728544004e-37,1.0848657466139464e-09,1
2.7142795960301275e-68,0.9999999659667088,1.8291591667491308e-32,3.403409818899735e-08,1
6.348796821619042e-62,0.9999999478186523,1.5617292597075736e-31,5.218206627590789e-08,1
1.3078249479240021e-61,0.9999999992323865,5.4807105928698634e-30,7.672860371199352e-10,1
1.1598234617703159e-54,0.9999999978772394,4.34223378077534e-31,2.1233120588929625e-09,1
1.408174351054874e-53,0.9999865365258779,8.649770455166778e-26,1.346347342670387e-05,1
1.2403926883590682e-47,0.9999999890769687,1.5975183784852968e-22,1.092280605348136e-08,1
3.7011162086268555e-38,0.9999717629237661,1.3331333891309032e-22,2.82370767108829e-05,1
4.548546608505071e-41,0.9999999305364351,6.882536036652133e-16,6.946283745995138e-08,1
1.3794520860235152e-36,0.9996109874287492,4.4250463192858725e-20,0.00038901257164608496,1
2.9773910653061185e-44,0.9999982293227037,3.84073988728092e-20,1.7706771500767765e-06,1
2.1050838476890822e-36,0.999999842988485,1.560525712161505e-23,1.5701213513917063e-07,1
3.417036846461263e-35,0.9999991431908744,1.13752129471868e-17,8.568096699248737e-07,1
5.6715974377634155e-25,0.9844304236383825,1.2933297123049477e-15,0.015569576361945597,1
6.112496631513779e-20,0.08093351740792401,2.205711560564634e-06,0.9190642768803564,3
1.9773496952172821e-10,0.0015520427119884834,0.04851981842696796,0.9499281386626393,3
8.103499554436571e-07,0.0009059050527594537,0.7277772284355032,0.2713160561622077,2
9.807051983453154e-05,0.00022662322418708165,0.9984765771478392,0.001198729107322012,2
6.497261247816833e-06,0.00017468771458261823,0.9997593262370075,5.9488787259218526e-05,2
6.185720210113134e-05,1.2423023068368506e-06,0.9995145847604118,0.000422315735184492,2
2.5959926766576984e-05,2.8956381440036796e-08,0.9996490364867292,0.00032497462984394654,2
5.836165852690302e-06,5.1566769819838755e-09,0.9999583493224521,3.580935527147801e-05,2
2.7320599105074784e-05,7.828234994146355e-09,0.9999162073910719,5.646418100731432e-05,2
1.7095026134455435e-06,2.7030602998895788e-08,0.9999828345480536,1.542891899459258e-05,2
4.057939628047776e-05,5.964429835617524e-09,0.9984697335698761,0.0014896810697261884,2
4.329569299281379e-05,4.576389929125113e-09,0.9976415156788376,0.0023151840522319693,2
6.170299313732925e-05,9.583471544258167e-10,0.9997804221584766,0.0001578738894868933,2
7.08185495791727e-05,4.539040500041999e-11,0.999790647134799,0.00013853427015471796,2
2.612895390945775e-05,4.828113657290415e-12,0.999903721795167,7.014924569305463e-05,2
2.550011345833968e-05,2.659161939509083e-11,0.9999716966507608,2.803209388312589e-06,2
7.192123629433645e-05,8.090768521137934e-12,0.9998996673226134,2.8411433148262374e-05,2
7.265971233923131e-06,7.510049353342542e-09,0.9999882178111126,4.508708007231263e-06,2
7.26769262804788e-05,2.0809246970192355e-08,0.9979936672567279,0.001933635007232211,2
5.107672860410678e-05,2.5671694315655566e-06,0.994735457189178,0.005210898913254595,2
3.27697656015929e-05,1.5120272406087088e-06,0.996277435670193,0.003688282537638413,2
0.00017379448156765542,7.266296687944823e-11,0.9906443312267371,0.009181874219701187,2
0.0006533399530190183,2.9288523101411183e-11,0.9993338320972367,1.2827921322992738e-05,2
0.0008120734062609423,3.8101362107008635e-13,0.9991877534729166,1.7312102541345639e-07,2
0.00028814859584728065,1.5522326260313134e-14,0.9997105599950066,1.2914084703876491e-06,2
0.0002785374366997671,7.839503529048949e-14,0.9997207139361555,7.486264515809804e-07,2
0.00012953360538405526,7.195648190573393e-13,0.9998698330960484,6.332974836517626e-07,2
3.790458248295945e-05,9.989163773406521e-12,0.9999600200324057,2.075374965781764e-06,2
6.90812266485229e-05,1.0522375941938872e-11,0.9997721401920981,0.00015877857104812265,2
7.971503608266383e-05,2.6755234015810603e-11,0.9998469914407786,7.329349581788296e-05,2
9.154445876589425e-05,4.050375563915646e-12,0.9998759898800238,3.246565761184721e-05,2
0.00011121646466578691,2.0692614962419317e-14,0.9998774985057465,1.1285030238562454e-05,2
2.227416610243287e-07,5.4993917015298276e-12,0.9999995394829208,2.3777079096705886e-07,2
4.401071134546185e-07,6.785960099637161e-12,0.9999995587987606,1.0876203168142779e-09,2
0.000112537567239731,3.056508418414342e-13,0.9998835599911395,3.9024412106190425e-06,2
0.00013672425868106283,1.6146079085833892e-13,0.9998609314418885,2.3442985492188944e-06,2
0.00011917132376933586,6.827963901824221e-13,0.9998774334175491,3.3952578695163905e-06,2
0.00036750654663083974,3.637216306253055e-14,0.9996307150244579,1.778428991813477e-06,2
0.0004251141930354533,2.7776565796512527e-14,0.999573730343607,1.155462990770518e-06,2
0.0002917480230982926,8.758090629210254e-13,0.9997073108780389,9.410975172388611e-07,2
0.0009716713769966827,4.621264735651172e-14,0.9990276290684046,6.995539757016898e-07,2
0.0020734049720608086,3.246923857706219e-15,0.9979260028047078,5.922232662556506e-07,2
0.002409519636484866,1.3621107987538344e-14,0.9975902686860794,2.1167742815371082e-07,2
0.0009201017556396545,3.379273166230005e-14,0.9990789641926654,9.340519903384462e-07,2
0.0019291121876383295,6.583688007345011e-14,0.9980702666372905,6.211744012235407e-07,2
0.016064452600376828,2.971337812762374e-13,0.983934452665126,1.09473372358348e-06,2
0.09303179011991332,3.2852604863644986e-15,0.9069676151104212,5.94769947276164e-07,2
0.3423292369125924,3.09429970607889e-17,0.6576706672053487,9.588290327021708e-08,2
0.9190026191813772,1.6906807578236653e-17,0.08099737879264124,2.0263806099943378e-09,0
0.9753597525574438,2.0538326936572073e-20,0.024640247417651927,2.510882978604437e-11,0
0.9982527215073095,1.0724362448216958e-22,0.001747278491237128,9.28318674573581e-13,0
0.9999704688211262,3.322518214455018e-24,2.9531179254320672e-05,7.454902122247324e-15,0
0.9999806917503122,5.109704268443012e-27,1.9308250052744473e-05,3.6080605072344943e-17,0
0.9999928155233435,1.1793352658623887e-24,7.184476962969563e-06,3.317994694953968e-19,0
0.9999980812154027,2.753173813126399e-26,1.918785460823871e-06,5.266436597308612e-18,0
0.9999671068151909,5.4077964412348084e-27,3.289318490854693e-05,5.601008510138781e-17,0
0.9999738227149709,6.40888637459579e-27,2.6177285433812898e-05,4.2039894653821175e-17,0
0.9999977908998361,1.6727848758320697e-27,2.209099762935673e-06,2.3202890769107114e-18,0
0.999991529895343,1.9485935171854036e-27,8.470104590255122e-06,1.3751469980027001e-19,0
0.9999995211657061,3.88471616754667e-28,4.788344355570848e-07,2.1421280741372898e-19,0
0.9999946970596828,1.983983815550209e-29,5.3029403915275585e-06,1.0416643781740233e-19,0
0.9999975876700766,3.8482338331258837e-31,2.4123303703075263e-06,1.4821182738295793e-19,0
0.9999993220519652,4.387216850326365e-31,6.779487770620263e-07,8.075275960280687e-23,0
0.9999999915671651,3.606400321685733e-27,8.43234083453273e-09,3.9218440608197113e-22,0
0.9999835317276826,3.750664572570948e-25,1.6468272679191634e-05,1.871444306391018e-18,0
0.9989226665359644,3.0027722192518793e-21,0.0010773334630513325,5.561453498666857e-13,0
0.9994176931961795,1.0063797737272337e-19,0.0005823068028192417,5.695951582161572e-13,0
0.9998218951796434,1.7417810039173035e-21,0.00017810481993232101,1.1991699009478393e-13,0
0.9998972493381677,1.814094015082797e-21,0.00010275066142805854,1.4664216686837455e-13,0
0.9997973847331605,2.1060283977872753e-21,0.0002026152666366405,4.610673657850419e-13,0
0.9996900971449013,7.674654521736035e-22,0.0003099028544528208,7.636166795028281e-13,0
0.9998200468262058,1.9174624563837412e-21,0.0001799531737253359,4.571423747965383e-13,0
0.9998780252570605,1.0056398565579674e-23,0.00012197474216315309,2.1693476096811638e-14,0
0.999983746384929,1.888053461094424e-24,1.6253615379641764e-05,2.3010543219268576e-15,0
0.9999547965265989,6.203300378818852e-25,4.5203472822916095e-05,3.0884682584835385e-16,0
0.999978942210675,8.207176124775448e-24,2.1057788553360672e-05,1.3376919592649521e-15,0
0.9995956609435354,7.12040187986527e-21,0.0004043390556139139,3.567210925787732e-19,0
0.9999834145466839,1.2857791667937847e-19,1.6585453998186445e-05,1.3950161298037918e-19,0
0.999990033346521,1.0406645639829002e-20,9.966653223942937e-06,5.118988943331883e-16,0
0.8909747027389717,2.5343183548629085e-19,0.10902529726179526,1.0833223490180653e-13,0
0.00010509231390967349,3.3000491790160045e-12,0.9998949076563339,2.6019879520164672e-11,2
0.001483846506201378,3.85785662216012e-14,0.9985160498696792,1.0362472466456139e-07,2
0.0011245860515108964,3.1822532157012006e-11,0.9988754137999867,1.166945038706765e-10,2
0.021493270237860546,5.815809854853327e-14,0.9785067053659038,2.4396592482108772e-08,2
0.018503408162212426,4.854962314373972e-15,0.9814965666348892,2.5202797037233708e-08,2
0.015838626935087894,2.3569070119262924e-14,0.9841612402886859,1.327757033129644e-07,2
0.0017639835537807266,1.3614924665138881e-14,0.9982357656161311,2.50830197367558e-07,2
0.0007066048817976926,8.790760482145492e-14,0.9992925107337367,8.843837894130619e-07,2
0.00016806867598635812,6.852421668390638e-13,0.999830530198577,1.401124121310704e-06,2
0.00021301098329318878,8.183951320149783e-14,0.9997823877233901,4.601293515469274e-06,2
0.00018544007865246596,9.600893739297854e-15,0.9998112219383983,3.3379823182489727e-06,2
1.7204028546992522e-06,6.519104453513368e-12,0.9999982756686537,3.922628600675522e-09,2
0.00013268769640990735,6.727960121278965e-15,0.9998649834402932,2.3288641570030935e-06,2
0.00012022387464141073,1.2669013778457564e-13,0.9998796514766346,1.246492628205824e-07,2
0.00012800304206573093,1.1642618694245135e-14,0.9998704597183639,1.537239871190283e-06,2
9.945705744991023e-05,2.324137091728106e-13,0.9999000179631817,5.249797490213709e-07,2
0.00029508519246178414,3.0539830608339863e-14,0.9997032608460776,1.6539616909371334e-06,2
0.0004179174582150662,8.036673876475267e-15,0.9995803220802801,1.760461824134393e-06,2
0.0008689528191316314,1.6805871938714755e-14,0.9991304799316943,5.672483920113347e-07,2
0.000605662266077564,2.3730084872542583e-14,0.9993932411852726,1.096548305798968e-06,2
0.0008200844675735824,1.119166475877689e-14,0.9991792682163798,6.473168141785961e-07,2
5.960633784171043e-05,4.0407919083159666e-13,0.9999403420812958,5.1581013393563554e-08,2
0.0008203878452290251,1.7802439480706027e-14,0.9991795098725613,1.0228208558432571e-07,2
0.005563040893976862,3.635254323295058e-15,0.9944366716850629,2.8742019254251144e-07,2
0.009702326077166066,3.9182926849416025e-15,0.9902973651638568,3.08758606603695e-07,2
0.012557191232857406,5.906485312637152e-15,0.9874426068921187,2.018756930928847e-07,2
0.009887998801056468,4.397337454647938e-15,0.9901117094472083,2.917520088999906e-07,2
0.0029838980793077427,1.0312568898245828e-14,0.9970158409722034,2.609480497921137e-07,2
0.0011697687052075838,1.107831491448988e-13,0.9988300492848541,1.820100154630809e-07,2
0.0012654373151119332,5.984050329813746e-15,0.9987335165503646,1.0461337123003646e-06,2
0.0015249191969820997,2.6714553053194012e-14,0.9984747860258206,2.947765644763358e-07,2
0.0045426513620446096,6.7026479311019856e-15,0.9954570569473024,2.91689832029191e-07,2
0.020947593068092983,1.2054034878405945e-14,0.9790521029004456,3.0403064932575784e-07,2
0.06615899072672164,6.4064538444094515e-15,0.9338402174196546,7.918543478337948e-07,2
0.1521411250775119,1.401786630104173e-14,0.8478583840838727,4.9083937681049e-07,2
0.31336985008592766,3.342586204769428e-15,0.68662992764091,2.222724682704258e-07,2
0.5293050719951984,4.269743260117695e-16,0.4706948173178744,1.1068640297655549e-07,0
0.6859038627575491,1.0915969463792516e-16,0.3140961032501712,3.3991777016353516e-08,0
0.8185300921211527,1.0357005032284321e-15,0.18146989935697522,8.52259648630693e-09,0
0.8979956694954015,1.3537928041924534e-18,0.10200431827803186,1.222591954508733e-08,0
0.9474572849603943,3.8513913929515083e-20,0.052542714894651454,1.4457115340267484e-10,0
0.997382940961595,4.404030521061258e-20,0.002617059035752151,2.094456120562497e-12,0
0.9998825030072769,3.5449999615485496e-20,0.00011749699106993748,1.1065842755068088e-12,0
0.9992235289314337,5.535617634074713e-19,0.0007764710673213818,1.5447460826142666e-12,0
0.9931434717278952,5.808205103081659e-19,0.006856527963089926,3.099226140198474e-10,0
0.9922688847576705,5.474318551192026e-17,0.0077311150575214045,1.8518374617469494e-10,0
0.9943673712559314,8.86451780398895e-18,0.005632628309644119,4.3516759867920263e-10,0
0.9961000109915819,2.6807485105288492e-18,0.0038999885926171477,4.16100144207785e-10,0
0.997055545567738,2.7338364125434653e-18,0.00294445419855477,2.337786221697951e-10,0
0.9975321090142212,6.3752317634655915e-19,0.002467890817787153,1.6887507008720815e-10,0
0.9980760554004052,1.8372241608475305e-19,0.0019239445342906746,6.611730034320275e-11,0
0.9989852497553726,1.4267149948242074e-19,0.0010147502303607025,1.3413049714927511e-11,0
0.9991023790320209,1.2618153883549497e-19,0.0008976209645272289,3.6337352121479836e-12,0
0.999611241029998,4.67355078761678e-21,0.0003887589679373037,2.8469183600632645e-12,0
0.9997376323790689,1.9290163478430654e-21,0.0002623676197448003,8.857265531907174e-13,0
0.9997963760319784,4.246984730558411e-22,0.00020362396765109543,4.643066001554548e-13,0
0.9998557089392923,3.2633403295698437e-23,0.0001442910613907165,1.7055334820938276e-13,0
0.9999355746075995,3.273563184058756e-25,6.442539273280805e-05,6.722428176301319e-15,0
0.9999857313977623,5.251162957351072e-26,1.4268601537524181e-05,1.3219571986743317e-16,0
0.999992780031478,7.282838178507609e-32,7.219967915902606e-06,6.349740734042655e-18,0
0.9999973992359796,2.1403570961153113e-36,2.6007648216479966e-06,5.603715441937566e-23,0
0.9999999997089617,2.3493954164625613e-35,2.91691960570234e-10,1.929961190550589e-27,0
0.9999999987558112,5.689044740162114e-38,1.2447577195784997e-09,1.117431257726891e-29,0
0.9999999830561138,4.240720262679823e-39,1.6943571339416447e-08,2.7668000384827256e-26,0
0.9999998047515155,7.843311900714857e-42,1.95248235562013e-07,4.607122526537453e-28,0
0.9999999999727152,5.652192619203842e-44,2.681259845220648e-11,1.4799079977623843e-32,0
0.9999999999890861,5.620548127159007e-48,1.0473001819621887e-11,2.348321535909503e-36,0
0.999999999992724,5.953651415302393e-48,7.80778624011224e-12,1.1277187589505296e-36,0
0.9999999999781721,7.543450154973457e-48,2.2585198911799538e-11,5.7808574482478815e-36,0
0.9999999999854481,3.943843305877335e-48,1.5175647833243294e-11,4.291949905169738e-36,0
0.999999999990905,2.164715102109527e-48,8.591223782572802e-12,3.978853403647928e-37,0
0.999999999996362,1.5142374469938593e-47,4.011338107956425e-12,4.84975341713922e-37,0
0.999999999990905,5.454524801376255e-46,9.321276664496518e-12,4.8623407292233544e-36,0
0.9999999999454303,9.764412643737738e-45,5.3707101924530634e-11,2.8157571717200506e-34,0
0.9999999998490239,1.2519334374102526e-44,1.5106769910684868e-10,1.4998467705397312e-33,0
0.9999999998472049,2.6842158832708114e-41,1.5195877987165885e-10,7.904775468424143e-33,0
0.9999999997271516,4.780869201555314e-39,2.7277528419269183e-10,2.6125241629217483e-30,0
0.9999999643951021,6.296684197634802e-37,3.560482816356645e-08,5.155451406135984e-28,0
0.9999999612937253,1.0800108782970099e-33,3.870556559942192e-08,7.610531640250252e-25,0
0.999999891004342,3.921244086736203e-31,1.0899602524431901e-07,2.612414953895133e-23,0
0.9999984046129605,2.223811956773826e-30,1.5953879478825863e-06,6.682651094348776e-21,0
0.999996244237768,1.1704899992391396e-29,3.755762088817122e-06,1.7987975692324834e-19,0
0.9999981891922313,4.096600177443196e-27,1.810807987029559e-06,1.2918623069921925e-19,0
0.999997964294633,3.818927693396826e-24,2.035705423248407e-06,1.3082166369304725e-17,0
0.9994582453260599,9.982397466623953e-23,0.0005417546740988662,2.370777404421591e-14,0
0.9994842618248839,1.5147570665558427e-20,0.0005157381690355285,5.902344683830163e-12,0
0.9995933842249431,3.045569949562628e-20,0.00040661577407073924,1.2159589838676353e-12,0
0.9997756598482067,3.390311818090211e-20,0.00022434014995473346,1.7103282489481484e-12,0
0.9995820248140279,7.821963031745971e-20,0.0004179751828062326,3.0254006963945637e-12,0
0.9979308899576056,1.8206039935906753e-19,0.0020691100155664217,2.5966559197353687e-11,0
0.9929256856097352,6.873830243959392e-18,0.007074314283773911,1.0679559184211702e-10,0
0.9817502035990177,5.4225797712043895e-17,0.018249795569837045,8.317382587229477e-10,0
0.9532607243678055,7.420894724573403e-17,0.046739271677549335,3.955080576301693e-09,0
0.8765394631225372,4.613521205099311e-16,0.12346053019996762,6.678297960017124e-09,0
0.7023334862438456,4.572910265854889e-15,0.29766650108718035,1.2668164315819648e-08,0
0.5156426971252079,4.1609751241683995e-15,0.4843572089367436,9.393805540901073e-08,2
0.36179150913332214,3.1194678160065106e-15,0.6382081255089713,3.653580076484907e-07,2
0.2699265906924916,9.125471999910972e-15,0.7300731959694076,2.1333778102908722e-07,2
0.21265338164390563,9.323318224324659e-15,0.7873462630229147,3.553326504971996e-07,2
0.178907333552067,4.3337657791451566e-15,0.8210922844545644,3.819931396843611e-07,2
0.14723108803153812,2.034440368784142e-14,0.8527685163914911,3.9557623506535156e-07,2
0.1117366136694129,5.800064741222954e-14,0.8882632189413432,1.673899495799396e-07,2
0.05037962429714342,5.6463841405566786e-14,0.9496199199162763,4.5578660097834093e-07,2
0.004708601374619252,1.5031508555300872e-13,0.9952904121150323,9.865109265666935e-07,2
0.0006953280618924414,1.234762662467009e-13,0.9993033429250918,1.3290129584202002e-06,2
0.00024849035874083866,6.311876751986649e-12,0.9997473956984692,4.113935862253765e-06,2
0.00017142065772734273,2.1357379317959253e-09,0.9995938581864058,0.0002347190209343475,2
1.3459529624435397e-05,5.887942716590716e-07,0.9748271638270471,0.025158787849252847,2
6.2038913202143365e-06,1.5943971467431553e-06,0.5562216745635601,0.44377052714798865,2
1.811796017275305e-06,6.821384780464119e-06,0.12770992121095265,0.8722814456078944,3
4.0630852450004006e-07,1.607318519596007e-05,0.02758946217483289,0.9723940583309788,3
6.258480330918378e-08,1.0989598123594167e-05,0.004917368015837261,0.9950715798006576,3
6.420015489923147e-09,1.7281199974956146e-05,0.0009039600906342141,0.999078752290235,3
1.9096239370541666e-10,1.3825705473947044e-05,0.00017881616283371007,0.999807357941416,3
4.013336876797639e-11,1.2367336950821837e-05,2.2631236208155216e-05,0.9999650013864204,3
8.494095616412752e-12,1.3230278107230975e-05,6.769110160710688e-05,0.9999190786112598,3
4.139646913519867e-12,2.727847047080406e-05,4.9502318974204696e-05,0.9999232192068448,3
1.5396729900882077e-12,1.4043468682287044e-05,1.3761384001302852e-05,0.9999721951453735,3
5.541346509380133e-13,4.77091182161636e-05,9.112594708846158e-06,0.9999431782862919,3
3.1120009921770326e-13,3.3011707223833186e-05,8.613820158717456e-06,0.9999583744725713,3
9.358440685037402e-12,4.799152594150737e-05,1.0934677541644001e-05,0.999941073786423,3
9.190992881385634e-12,0.0003159917070418917,0.0005908863703567149,0.9990931219127018,3
4.2567686658523775e-11,3.360602376858731e-05,0.00012077485036198122,0.9998456190841678,3
6.398170152566439e-12,6.274042664598974e-05,1.06951034443527e-05,0.9999265644627088,3
1.7495993971034563e-13,2.2854044687885166e-05,2.7728863358799064e-05,0.9999494170921657,3
1.586676746844712e-12,1.3085027655257493e-05,2.8785892598645068e-06,0.9999840363817382,3
1.5092632471658673e-13,4.3587761202588356e-05,4.113607018255961e-05,0.9999152761687949,3
1.3348134524038351e-12,1.1578598091973156e-05,1.096073647657722e-05,0.9999774606633692,3
1.2596392648544015e-13,0.00011389458372820102,1.0853521158695449e-05,0.9998752518950468,3
3.0211151284313867e-13,3.35648435528356e-05,5.17728526217756e-06,0.9999612578714538,3
5.0558559223081106e-14,0.00013504575547416256,1.393938315687401e-05,0.9998510148615481,3
1.0816415652153776e-12,2.699494802684146e-05,4.453135527668847e-06,0.9999685519157628,3
9.641640717774603e-14,0.0007067376502482852,5.095449536651609e-05,0.9992423078537221,3
1.8159220783014213e-13,0.00048488074078378694,5.422446182546903e-06,0.9995096968132032,3
7.006415530209177e-15,0.00011770435221515587,1.4898443147726223e-06,0.9998808058036435,3
1.5276836027944644e-14,3.6124904758855775e-05,1.2449028694833033e-06,0.9999626301921621,3
4.143584159048833e-14,4.139400198512986e-05,8.653410337567475e-06,0.9999499525884341,3
4.890544848295945e-13,2.0440863337143695e-05,1.6764398374444385e-05,0.9999627947372648,3
7.028051327578631e-12,1.32864507261903e-05,1.6937015588105233e-05,0.9999697765271677,3
1.5587963041723867e-11,1.824085395675385e-05,0.00013354744230949174,0.9998482116875369,3
1.155683375189606e-11,5.476301174705307e-05,8.749552950280239e-05,0.9998577414469185,3
3.4186229129162203e-13,0.00011580104581509577,7.3689432704730555e-06,0.9998768300110403,3
2.252659277107038e-15,0.0016437276537413835,2.0189772495662974e-06,0.9983542533695179,3
9.960745976516044e-17,0.00010183332383623109,2.741631389567591e-07,0.9998978925124091,3
6.338839504241189e-18,3.1938588314669555e-05,1.1194059289284738e-07,0.9999679494710483,3
3.08000664017547e-20,3.6222872899955754e-05,1.0052783312326476e-07,0.9999636766000181,3
3.9590133993111257e-20,0.00023740371079572302,1.1332688348593394e-09,0.999762595156176,3
1.3229687308531056e-20,0.0002247002034146456,5.71070356326325e-09,0.9997752940861034,3
1.8219865981210002e-20,0.00032720097714727443,1.2171698482818464e-07,0.9996726773058748,3
4.531070831341198e-19,6.589373606122251e-05,1.4907731566415346e-08,0.999934091356605,3
1.7593131697810318e-19,6.0383850061823464e-05,2.7720443431636447e-08,0.9999395884301033,3
3.822570587781309e-18,4.017165212608354e-05,5.2779019910189135e-08,0.9999597755682148,3
1.6460250920910186e-17,2.274544861718581e-05,4.93512222169039e-07,0.99997676103967,3
8.913645136698022e-16,5.5421653886058686e-05,6.251123668768334e-07,0.9999439532339052,3
8.259913870480055e-13,4.791549047824306e-05,1.4433961376000952e-06,0.9999506411126404,3
1.0644387761420648e-10,3.7801733779652165e-05,0.001810271482402089,0.9981519266773826,3
1.97291787371628e-07,1.0468175692089302e-05,0.045785261738503225,0.9542040727935994,3
4.406522916085249e-06,2.9241085426720832e-05,0.24700429001278373,0.7529620623783747,3
7.858235448778097e-06,1.2750002211615451e-05,0.682669722463437,0.31730966929962195,2
3.9339030788639817e-05,1.1761091399523148e-07,0.871558104165377,0.12840243919271613,2
9.519279268315465e-05,4.662919495871364e-08,0.9963572981287265,0.003547462450178277,2
8.328190236658101e-05,5.726103701820236e-08,0.9985533209346626,0.0013633399019964403,2
1.6570235083385872e-05,1.919521194896489e-07,0.9580584193348081,0.04192481847712639,2
6.3550459683107154e-06,2.059114886269187e-06,0.23113295181053423,0.7688586340294161,3
2.569400104083149e-06,1.670873632809695e-05,0.05265389133059473,0.9473268305331435,3
2.328644199304352e-07,7.399156353215021e-05,0.028211424672515233,0.9717143508986671,3
2.973975018825728e-11,1.9674275081836356e-05,0.004087296197157204,0.9958930294981451,3
1.0295165887389589e-14,0.00022654225676011747,3.398709874246058e-07,0.9997731178730066,3
6.837767646788309e-19,0.0009647497045528324,1.391884120695435e-08,0.9990352363774343,3
5.2535610193703275e-21,9.989198416915233e-05,1.1339692082827974e-08,0.9999000966757187,3
1.4685964229064538e-21,8.549359661668993e-05,3.279375139916605e-09,0.9999145031240804,3
7.637697294619725e-23,0.000276858096433619,1.880187535058499e-09,0.9997231400242141,3
1.685347655650657e-23,0.0006385406989853978,3.0429182920674984e-10,0.9993614589965918,3
2.373013246499748e-24,0.0023112163129980746,2.1177750164824528e-10,0.9976887834757663,3
5.810064587509892e-23,0.0024149659068165453,8.001987085469409e-11,0.9975850340129716,3
5.423695462977261e-23,0.00036968129597110663,7.670108165949588e-09,0.9996303110343544,3
3.900082693219425e-21,0.00015053321129694875,5.503687009273235e-09,0.9998494612843973,3
4.42216674092805e-21,6.646345436395604e-05,4.089441336746389e-09,0.9999335324563551,3
1.1493604880619032e-18,3.771313944690725e-05,9.569007750527345e-09,0.9999622772923645,3
4.360495439007214e-16,1.0656159286065799e-05,2.660416654205435e-06,0.9999866834236761,3
9.212183823629683e-13,9.524650545075353e-06,3.397146501701342e-05,0.999956503883477,3
1.7741751083777138e-11,1.5736537457709295e-05,6.799655248503193e-05,0.9999162668925068,3
6.878918580269695e-11,1.1731645446465084e-05,7.157415374361025e-05,0.9999166941319749,3
4.53554203094605e-10,1.2560795189066032e-05,0.00011666518744036582,0.9998707735643826,3
4.072472429602269e-09,2.3321187039188956e-05,0.0007451335783143392,0.999231541162914,3
4.6663927874481904e-08,2.8770232815710416e-05,0.0068677178937355116,0.9931034652103488,3
6.607054828189109e-07,5.799289466706378e-06,0.052429676663291735,0.9475638633419895,3
4.181898106153546e-06,6.850448438477347e-07,0.2834602529412782,0.7165348801164511,3
6.941297722220639e-07,3.6779797288384566e-05,0.997465865370689,0.002496660701612958,2
5.989004994348551e-05,3.2264291958843272e-06,0.9983346715716199,0.0016022119499074462,2
7.810190108928356e-05,4.75375909126185e-08,0.9977575121860561,0.002164338374516078,2
9.213223487254933e-05,6.38901698302824e-09,0.9980975575176245,0.0018103038583211807,2
7.775666362668695e-05,1.5365906208980886e-10,0.9990762295785539,0.0008460136036605373,2
0.00012686789952730279,1.209763902569535e-12,0.9998350838118721,3.804828807609224e-05,2
0.0002536472986473677,5.373868289326129e-14,0.9997443661449632,1.9865560319778483e-06,2
0.0008068708854542196,1.3732058048635584e-14,0.9991919181320803,1.2109831033159373e-06,2
0.0010402929011989349,3.086919754922284e-14,0.9989591123149048,5.947841945523087e-07,2
0.00101309661271646,2.0447455272314022e-14,0.9989856643022414,1.2390855591850068e-06,2
0.0009369689682476293,2.0805089425968385e-14,0.9990618590668766,1.1719652662802912e-06,2
0.0009575968381145222,1.7087063724735966e-14,0.9990413889272974,1.0142346015683428e-06,2
0.0006839846370128197,3.943940553993918e-14,0.9993147574531297,1.2579105899853302e-06,2
0.0003947796754189957,1.8849297041517976e-13,0.9996022245780705,2.9957459809252673e-06,2
0.0002274335399891059,2.0286537170335323e-13,0.9997666818980162,5.8845624440996484e-06,2
0.0001938496140316779,5.896615759819838e-13,0.9998009728457979,5.1775390962729965e-06,2
0.00015867198533564387,1.843854801560778e-13,0.999826458141605,1.486987274353678e-05,2
0.00032323927184716285,1.5187282433317366e-13,0.9996735595728524,3.201154731018314e-06,2
0.0010757399660911344,8.737748234437631e-14,0.998919015277692,5.244756712869695e-06,2
0.00583063698734103,1.4373545779360306e-15,0.9941663295636566,3.033448793508045e-06,2
0.028131774913437994,6.4090648969617456e-15,0.9718681810235804,4.406285919507953e-08,2
0.028812305943764424,7.984162672190328e-16,0.9711874384846011,2.5557182941355417e-07,2
0.021826052094694518,2.2649067031663836e-13,0.978173915760467,3.2144429826596776e-08,2
0.01327526457303238,2.87621009697837e-14,0.9867236975862368,1.0378406719033897e-06,2
0.00904982421000022,4.83776580860306e-15,0.9909497255610635,4.5022938338079347e-07,2
0.0068333293486413215,8.169311149695952e-16,0.9931663358883535,3.347638403746337e-07,2
0.0036335036887866945,5.052526415418585e-14,0.9963664385534419,5.775727547769823e-08,2
0.0008333483127616338,2.550438880293903e-16,0.9991664319589867,2.1972864607477684e-07,2
0.0006184761727731158,8.168818100964066e-14,0.9993815238243501,3.1605251052720026e-12,2
0.8065339182743653,1.217361562567983e-18,0.19346607943736596,2.287898106534929e-09,0
0.9725516578990209,1.542663049455761e-19,0.027448342076942047,2.326826745693676e-11,0
0.9984857258192137,5.131778451389537e-22,0.0015142741812285033,9.663310842299029e-14,0
0.9999900922066143,1.406407912512656e-22,9.907794235804842e-06,2.6729620386826666e-15,0
0.9999651809416912,1.1851390666559674e-25,3.4819058342769465e-05,2.8389503072120134e-15,0
0.9997957915898312,1.5859989163169934e-24,0.00020420841050463286,6.554045278204403e-17,0
0.9999947263634471,3.031020005048773e-26,5.273636232030865e-06,6.164019979367814e-17,0
0.9999973781848702,2.5090349591486674e-26,2.6218153513679947e-06,8.838560369681566e-19,0
0.9999936638633434,4.44668482451671e-27,6.336136536485424e-06,9.221234406439315e-18,0
0.9999746478309607,2.5357376086683712e-27,2.535216879811697e-05,3.748898450379007e-17,0
0.9999916269321535,1.0496684373534444e-27,8.373068726285633e-06,2.1100338952830595e-17,0
0.9999952037620884,3.6551735382407435e-29,4.796238173653282e-06,1.8258603570871327e-19,0
0.9999992182423156,5.907983738529644e-31,7.817583050588152e-07,1.3404675352555574e-20,0
0.9999997587420075,1.73363825226873e-27,2.4125777636479915e-07,2.2128243783186544e-22,0
0.9999994981645963,7.9650764839003065e-25,5.01836268968871e-07,3.9621775406853453e-19,0
0.9995943747970012,1.6614154758886421e-21,0.00040562520240797217,2.466389748643349e-15,0
0.9679322892302352,1.0539296127877085e-18,0.03206771072976115,3.940412521691787e-11,0
0.7593732467771794,3.0158336646133584e-15,0.24062675182913906,1.3928541630076441e-09,0
0.4596181844021972,3.791580258243847e-15,0.5403817476695861,6.792883677419376e-08,0
0.15708806037636505,3.358560329573914e-14,0.8429115050001027,4.3462294429088974e-07,2
0.040547147810724986,2.7168044393329202e-11,0.9594502287297946,2.6234316633309992e-06,2
0.0026369673998259584,6.352101732697826e-08,0.9964538527535445,0.0009091163257107011,2
0.00010464374421014821,1.7972166227207684e-06,0.4313184322889707,0.5685751267509992,3
1.3383894728754766e-06,9.51645277912708e-06,0.16027757027496162,0.839711574883646,3
6.451835530266157e-08,9.445013923167918e-06,0.012133796748335252,0.9878566937191195,3
4.963256203984791e-09,8.728880544828885e-06,0.0007824274854519833,0.9992088386713458,3
3.1199065290458224e-10,5.705717382269558e-05,8.292063551219604e-05,0.9998600218794778,3
8.078129631068954e-12,1.172849662906693e-05,8.900208421003448e-05,0.9998992694113943,3
1.7785665681397683e-12,1.2242931280859136e-05,1.010755789461331e-05,0.9999776495084294,3
5.002275032830044e-14,1.0977628531329161e-05,9.535263110986299e-06,0.9999794871085476,3
1.0571926844328262e-15,8.537468790399803e-05,1.8917795473208678e-06,0.9999127335330503,3
3.1266672768398636e-18,0.002915324767455358,1.0346760351139091e-07,0.9970845717648122,3
1.592793642681458e-20,0.05523997061220343,6.2873874098463954e-09,0.9447600231005123,3
6.815510524013946e-23,0.09559820718204415,2.810580982593833e-09,0.9044017900079607,3
1.1042728113670651e-20,0.4014577883686611,1.3730301480278783e-10,0.5985422114934026,1
3.2911577191532384e-23,0.4297023834463536,4.304167505926927e-07,0.5702971861374903,1
2.3192796593011495e-23,0.5131722370807641,2.1662008450929378e-10,0.4868277627029045,1
3.0240880910738225e-27,0.7659202971166962,3.9580635153966885e-13,0.23407970288310237,1
6.995015477627039e-31,0.8918806109908747,1.2470207217210733e-13,0.1081193890099086,1
1.485528025812485e-34,0.9758573436531378,1.0083167706167676e-14,0.024142656347212948,1
7.655549748292076e-36,0.9998068522962523,1.4556596316294797e-18,0.0001931477031182717,1
3.346212273219943e-41,0.9999531585274507,3.0069829833107324e-20,4.6841472564741313e-05,1
9.742998489922486e-45,0.9999945455095768,1.8127044860662942e-22,5.454489802862227e-06,1
7.479713288754516e-48,0.9999972678543634,4.682800030140444e-24,2.7321450280016512e-06,1
7.044872775962493e-50,0.9999985532532725,2.570180094819397e-25,1.4467476121584673e-06,1
5.66487619217111e-51,0.9999991351818709,2.751683590850612e-26,8.648186308728671e-07,1
3.011842637111545e-48,0.9999992769374216,3.4790922171726505e-26,7.230633905468136e-07,1
1.197708707793525e-41,0.9997063013312284,1.4408911444912587e-22,0.00029369866919643834,1
9.526406045817785e-38,0.7770045061040194,3.121213859829036e-15,0.22299549389686205,1
2.4734425875335584e-30,0.4723242050126116,4.338119175531156e-12,0.5276757949834798,3
2.233552190205397e-25,0.20088674386567432,1.7074415821353993e-11,0.799113256117513,3
1.8272553260494603e-23,0.030210691894205183,1.5609912904454605e-09,0.9697893065454525,3
2.1579251852862818e-20,0.002664516303616533,1.2627789828293522e-08,0.9973354710677711,3
6.88517825653815e-19,0.00013835751843637456,9.299716119283022e-08,0.9998615494850963,3
2.874608295252046e-17,8.820941462804875e-05,2.386901052059316e-07,0.9999115518958481,3
8.370406273609503e-20,5.4822492742701165e-05,4.568313645367396e-07,0.9999447206755647,3
3.38029802014121e-20,0.0004612953621399086,1.2130776014982474e-09,0.9995387034241681,3
7.397326704178665e-23,0.0008686680045574878,1.950332617312678e-09,0.9991313300445253,3
1.6199345560836904e-22,0.005595402945411238,9.287541730965709e-10,0.9944045961261695,3
7.876673659165758e-23,0.024181040927919662,1.7140700167372152e-09,0.9758189573571222,3
6.1122178420520335e-24,0.13302548638690115,1.2036195960098028e-09,0.8669745124101114,3
7.274678881998565e-25,0.7601386677774166,3.352897660148497e-11,0.23986133218906405,1
6.154299368748406e-24,0.7026975608657381,2.339458124284695e-12,0.29730243913108756,1
4.069632554860776e-24,0.4039988712326412,1.7839719856862283e-09,0.5960011269828616,1
5.814776422732425e-22,0.34074467283996085,1.7047338504773084e-08,0.6592553101122408,1
1.201328965819156e-19,0.036841266250885026,1.3134001691232083e-08,0.9631587206158406,3
1.9282668553648402e-20,0.00327479985034267,3.3158301113773186e-08,0.9967251669905628,3
3.759993986586905e-20,0.0006088598162848636,7.710290110825433e-09,0.999391132472789,3
1.620132916307214e-20,0.00030650870468953235,1.5163832140348362e-08,0.9996934761310513,3
3.4501200757884486e-20,0.0001866991087022859,1.752502419783284e-08,0.999813283366692,3
3.0179429071135396e-20,0.0007506478663343473,1.5494729841626168e-08,0.9992493366389988,3
9.136795707709734e-20,0.0001992059549203795,3.382377492364675e-08,0.999800760221001,3
3.4335437434300606e-18,0.0005980881961684727,4.799465069465584e-08,0.9994018638089069,3
8.984150511211709e-17,0.006461775314954334,6.652361716821237e-07,0.9935375594488202,3
1.417187652973612e-16,0.005795643946172876,1.1236697744393862e-06,0.994203232384731,3
1.5420301528830176e-17,0.04425554135378896,2.8453920145906136e-07,0.9557441741067474,3
1.9173304136618366e-15,0.4335204649534141,2.1817573876228916e-08,0.5664795132296747,3
2.9624885543787237e-16,0.4355287014230263,2.2563183500662356e-06,0.5644690422586484,3
2.096203621468214e-14,0.2916569359540999,6.17897123104225e-06,0.7083368850739913,3
2.686638630915524e-13,0.008626749770944861,2.904354325661339e-06,0.991370345873977,3
4.0934903180604704e-13,0.00024750406681709993,2.3357814041576812e-05,0.999729138119398,3
1.5980317664307643e-11,4.5002114929048226e-05,4.077458524374568e-05,0.9999142232837943,3
9.040251774460004e-12,2.8295428040516252e-05,9.812212452297228e-05,0.9998735824379837,3
1.7752302609844795e-11,1.8915973789557983e-05,2.0335189438305186e-05,0.9999607488198365,3
2.2340374902264533e-11,1.6663329348532072e-05,7.65295890614146e-05,0.9999068070600371,3
5.527415536501585e-10,2.0104211872525708e-05,0.00013722759629014795,0.9998426676391251,3
1.090070300438276e-09,6.057313625819317e-05,0.000668160943605469,0.9992712648294942,3
1.1287752955430768e-08,6.310537101674323e-05,0.0015664572992337203,0.9983704260418562,3
1.2689997179926599e-07,1.3284184984762112e-05,0.004269286403764658,0.995717302511463,3
2.4683075288072106e-07,1.4879871466596461e-05,0.03409468655398321,0.9658901867440525,3
2.606063126378062e-06,3.813398732474003e-06,0.1233808198847956,0.8766127606532219,3
9.114119989040394e-06,8.420828716462291e-07,0.660236128264197,0.3397539155324071,2
4.7388496812420956e-05,1.734677653539713e-08,0.9302493529756797,0.06970324118065975,2
7.958475923804275e-06,7.1005073909464415e-09,0.9995482531588386,0.00044378126505331266,2
3.8866504078954844e-05,2.692042556137717e-09,0.9999524015889356,8.72921502895516e-06,2
6.95026552593543e-05,2.9952857700396487e-09,0.999682621153857,0.00024787319524114814,2
5.4848519228254224e-05,5.467555090874598e-08,0.9589837209718626,0.0409613758341115,2
4.1790039453157136e-05,5.917441840344901e-07,0.8350043562573035,0.1649532619599266,2
1.661732545487531e-05,6.339144923597634e-06,0.5818180560878935,0.4181589874409569,2
6.397856410244119e-06,2.1946885460564157e-05,0.1924379726188633,0.8075336826397929,3
1.2659063824699455e-07,0.00011807109654833905,0.056046933449871966,0.9438348688630699,3
1.8338383651690627e-08,2.8393906512841525e-05,0.0016980190882903675,0.998273568667534,3
4.753858302541301e-11,0.0008267886763757154,0.00021759828956370182,0.9989556129865537,3
4.293471592228737e-12,9.714377893469165e-05,7.172151133908358e-06,0.9998956840652288,3
6.086845667154123e-13,2.6661352104724396e-05,1.0269356159258403e-05,0.9999630692908048,3
5.208037586404559e-13,1.2154889947301797e-05,3.111886928494843e-05,0.9999567262398272,3
1.8859689586825512e-11,2.571118729183812e-05,9.813921136880345e-06,0.9999644748730382,3
1.6196136625872548e-10,0.0006571996639869478,0.0002241898001195437,0.9991186103740236,3
1.3307731078736012e-08,0.0025713886774556623,0.00734131595795703,0.9900872820572305,3
4.714092511035646e-07,6.987907954076545e-05,0.042110177123798914,0.9578194723874783,3
3.609988788609672e-06,1.482549207609538e-06,0.25256426495856815,0.7474306425030873,3
1.7608682765419744e-05,3.6853863718326354e-07,0.8535941015702807,0.14638792120904504,2
3.172748176915808e-05,5.194984385956048e-10,0.977646184954908,0.022322087043446296,2
1.4202688740587345e-06,5.3444315088939816e-09,0.9999862158187685,1.2358568291660091e-05,2
6.159357338554804e-05,3.995355670786577e-12,0.9999238964685068,1.4509953601843204e-05,2
0.0001091067937154234,9.111350678589046e-13,0.9998825900338781,8.303172266157058e-06,2
0.00012759699634363924,1.3656715000249837e-13,0.9998653331866078,7.069816932863867e-06,2
3.1387461722114416e-05,8.614122292516172e-12,0.9999661999318775,2.412597535000326e-06,2
0.00011591526611743084,3.1975612857094754e-12,0.9998684775769936,1.5607153414648615e-05,2
6.813493040326136e-05,1.6053500578598472e-11,0.9998703331931282,6.153186131890687e-05,2
4.254600421162752e-05,6.252850754587828e-11,0.999909009567861,4.844436488584044e-05,2
2.515227211250214e-05,1.800099805358063e-09,0.9999211835995777,5.366232869066863e-05,2
6.454985235186064e-05,2.3907903544614464e-11,0.9999197945896573,1.5655534696818202e-05,2
4.7507537030743e-05,7.29331458407076e-12,0.9999168776982039,3.5614757135722575e-05,2
0.00010524610978936677,4.358883055748937e-12,0.9998798405251136,1.4913360105900581e-05,2
7.969763913317808e-05,8.284910047191919e-13,0.9999047972824516,1.5505078436989313e-05,2
7.945273462457838e-05,8.314196576169955e-13,0.9999044320587627,1.611520501355006e-05,2
5.236970992691276e-05,2.3779096931271404e-13,0.9999406938347323,6.936454980939997e-06,2
0.00011922142598624372,4.418395356494081e-12,0.9998805121082887,2.6646208407374164e-07,2
0.001213394096178274,2.4390459252816813e-14,0.9987842331786071,2.372725653039131e-06,2
0.004515617869758846,6.186590684714774e-16,0.995483549133246,8.329966375865112e-07,2
0.010400018241163642,3.736325849129753e-14,0.9895999664461089,1.5312833060453833e-08,2
0.011171726152379536,4.0256109391075963e-13,0.9888281456697291,1.2817764560363274e-07,2
0.0007593631118682871,6.938561202358663e-12,0.999238341603185,2.2952787988214634e-06,2
0.0001712693051178708,5.507648043510463e-14,0.9998245343303759,4.196365108496011e-06,2
1.239893870767194e-05,3.871984722818716e-11,0.999987315146845,2.858759680548925e-07,2
0.00013725992660938894,9.393030923382739e-11,0.9998460805961278,1.6659382453611987e-05,2
7.067301492491702e-05,1.0505278803479673e-10,0.9988735531840485,0.0010557736968670039,2
0.00010903330221045008,7.347561730184209e-12,0.9998593573394705,3.1609351368094154e-05,2
0.00014906499673108647,1.8053867704015985e-13,0.9998406869496111,1.0248054364276641e-05,2
0.00010361225298527795,1.949024185356485e-13,0.9998957444111843,6.433354301258352e-07,2
8.131553317551051e-05,5.883425254312807e-13,0.9999179694000484,7.150656879454696e-07,2
0.0004636418333490094,3.007337892806376e-15,0.9995347381698415,1.619997004121103e-06,2
0.0009190807920319823,1.1718594004541706e-14,0.9990806919764146,2.2723124613087085e-07,2
0.0004506154597947131,6.000320147657492e-15,0.9995489193738804,4.651659322822878e-07,2
0.0002165448589240612,7.554532599868816e-14,0.9997831426709677,3.124702602069608e-07,2
0.00036534153686409787,5.0383783069732164e-14,0.9996323356141303,2.3228493301939744e-06,2
0.00045178786501143053,1.806910937646508e-13,0.999546206929571,2.0052058991224096e-06,2
0.00022875556292532422,1.683940281631226e-13,0.9997666560616636,4.588374406494912e-06,2
0.0004477321792956226,7.31034725839489e-14,0.999548193464759,4.0743555030437445e-06,2
0.0012577251763089083,1.3831499292063648e-14,0.9987411078546797,1.1669682038524169e-06,2
0.0026627362640047865,9.364251017483694e-15,0.9973361525325503,1.1112039257845717e-06,2
0.006796818892291036,1.7409755654448352e-14,0.993202392408219,7.886996597250668e-07,2
0.018429493181491955,5.210180182836355e-17,0.9815699529125617,5.53905842228348e-07,2
0.037001709903484475,1.2244753811345701e-15,0.9629982879831512,2.1126743528341917e-09,2
0.7143470453383243,1.8035043207866364e-18,0.2856529521433091,2.5174681199782823e-09,0
0.9820081599252438,7.647499838156177e-20,0.01799184003766971,3.688633344411177e-11,0
0.9986961676934798,6.153090563543914e-21,0.0013038323047568317,1.6283319266512632e-12,0
0.9999091558431455,3.423688522569353e-23,9.084415711079894e-05,2.8127511814780236e-13,0
0.9999039310443146,1.2872620079710214e-27,9.606895639945764e-05,5.100437363097498e-16,0
0.9999989102349471,4.572667988566895e-28,1.0897655611009496e-06,3.981255286935782e-19,0
0.9999984614253675,4.413906107947742e-30,1.5385753527034237e-06,2.6295587264650354e-20,0
0.99999873462446,3.000597773669189e-29,1.2653759621992772e-06,5.2521104436583456e-20,0
0.9999980552566551,7.458560891709267e-29,1.9447429331032004e-06,3.6039964211528274e-20,0
0.9999982821715296,7.870591522283643e-32,1.7178277057194743e-06,2.1352091808848526e-19,0
0.9999934752189845,8.90846524781307e-36,6.524780184301971e-06,5.680065271631409e-22,0
0.9999999981919245,3.0368345255603296e-35,1.8080990260754017e-09,1.1624040334701475e-25,0
0.9999999969968485,1.557541115029336e-35,3.0025765664250817e-09,9.477947861243526e-28,0
0.9999999489282358,5.545365343659158e-33,5.1072052877764255e-08,2.7843237454772228e-24,0
0.9999974064700817,3.395289619604403e-30,2.59352990802682e-06,2.4720089187508434e-21,0
0.9999979083389964,5.561966641782265e-29,2.091661172970504e-06,2.5229555595031473e-19,0
0.9999926672549555,8.75136572889664e-30,7.332745261516172e-06,9.914564833914331e-20,0
0.9999998497205638,3.209661786414693e-30,1.5027989352200372e-07,2.3218272979639602e-21,0
0.9999996850147496,1.2797679647473537e-30,3.149852451174493e-07,5.92685431743552e-22,0
0.9999989087615674,6.707041589465509e-29,1.0912376992137027e-06,1.1143171399853525e-20,0
0.9999976749959131,1.3487744655201554e-25,2.3250039418473484e-06,2.0427202444866755e-18,0
0.9999538798760138,4.489546001103103e-21,4.612012481824317e-05,1.3981345949946827e-15,0
0.9907170298030645,1.8239530238006522e-19,0.009282970189886273,6.2874089650033256e-12,0
0.9596111033603063,1.7336680352879844e-17,0.04038889420234426,2.436911514616795e-09,0
0.9173099697172634,1.5312563704220763e-16,0.08269002506859947,5.2139195280144215e-09,0
0.7522091764886764,1.1141542410984527e-16,0.247790801054992,2.2456652444821704e-08,0
0.5005807412861001,1.996349386350343e-15,0.49941922676945205,3.194507158984597e-08,2
0.28625403401927996,7.5277821023374e-15,0.7137458140617781,1.5191960065766447e-07,2
0.06903010817399789,1.1149161403330467e-13,0.9309687707568717,1.1210687902996155e-06,2
0.010907791723863549,2.933643793400633e-13,0.9890853212271018,6.887049453795541e-06,2
0.0022159657111601797,2.4586568070873183e-13,0.9977817781318635,2.256157264771019e-06,2
0.0033577655439375746,2.7799309176448063e-14,0.996639243581011,2.9908748156542057e-06,2
0.009430122100109632,5.125093527005097e-15,0.9905688686861875,1.0092129804271472e-06,2
0.036545751972349924,6.5349800752115405e-15,0.963454026461759,2.215653225445149e-07,2
0.08047421243276208,4.8750877770556884e-15,0.9195253440117052,4.4355472201789066e-07,2
0.12358471413392783,2.323186663732051e-14,0.8764149924251804,2.9344013039335004e-07,2
0.1662449891355718,3.184499201433804e-16,0.8337547827826728,2.280816033334439e-07,2
0.19237499885506695,5.6419914203523666e-15,0.8076249699359954,3.120913748330472e-08,2
0.16773844335753896,5.080484221524422e-15,0.8322614639169404,9.272476312207705e-08,2
0.10556070594317418,7.810892513221426e-15,0.8944389339468731,3.601100809978237e-07,2
0.035426040338975874,1.2687685995023353e-14,0.9645734944330732,4.652270753327232e-07,2
0.0015124899368881496,3.991833757665857e-13,0.9984869033540462,6.067080598120434e-07,2
0.0004893002282197177,6.941955215711615e-14,0.9995082245770729,2.475195024331548e-06,2
0.0002571638078359296,6.062694995693969e-14,0.9997401352604981,2.7009309070098496e-06,2
0.00013171393480983684,1.7315937131624183e-13,0.9998648009930245,3.4850710891599346e-06,2
0.00011975373878242783,1.438574115549094e-12,0.9998719128764016,8.33338270594785e-06,2
0.0001259460871497817,7.394333408504404e-13,0.9998619432327627,1.2110678681382826e-05,2
0.00014485127894619257,2.1622509927104075e-13,0.9998429780990873,1.2170621102779853e-05,2
0.00014333164345476046,8.276228261068628e-13,0.9998534174078111,3.2509487896584113e-06,2
0.00014060927606919984,6.559072289411853e-13,0.99984627306289,1.3117660914226703e-05,2
0.0001170459140124409,1.4289762393389155e-12,0.999866356445494,1.659763965140236e-05,2
0.000105608370089992,2.0810724987052353e-12,0.9998675925208109,2.6799106147970614e-05,2
0.00011327507995378135,6.171344597491716e-13,0.9998671595205235,1.9565398969332137e-05,2
0.00016030510208167787,1.0674343894479947e-13,0.9998297759554192,9.918942401592431e-06,2
0.00019388885821739084,2.1254868473545034e-12,0.9998036143546284,2.496784205429833e-06,2
0.00014055260021047546,1.3284484710916057e-12,0.9998431916385774,1.625575911840712e-05,2
0.00010784165011087036,4.478591613079342e-12,0.9998726840567002,1.9474288894042434e-05,2
8.1555585164596e-05,6.620780706724852e-11,0.9998452569702604,7.318737784688796e-05,2
8.045299125940231e-05,2.928507382287123e-10,0.9994028538112313,0.000516692904641098,2
7.223047410428139e-05,1.297141673230331e-09,0.9992425737012024,0.00068519452792354,2
6.774955125459773e-05,1.601678320365151e-09,0.9987810871146287,0.0011511617318845165,2
7.652652245087692e-05,8.233338964056563e-09,0.998886269816517,0.0010371954285701664,2
5.552901211941824e-05,4.820785546954843e-08,0.9928397538637812,0.007104668916367141,2
4.821228565782045e-05,1.2451569860280375e-07,0.9562632087406865,0.04368845445874158,2
2.201207924983588e-05,1.2612504304893511e-06,0.8217891482404224,0.17818757843065594,2
1.1259379763596307e-05,2.2801661851167146e-06,0.3831257726161381,0.616860687838127,3
2.563911299624138e-07,2.5269777268262802e-05,0.13486987721950874,0.8651045966120697,3
1.612867596200883e-08,8.762355991623732e-06,0.006086843113085009,0.9939043784016706,3
2.3119212548515766e-11,9.636966154697188e-06,0.0001684596613082333,0.9998219033490885,3
9.360077022817357e-14,1.1863989439581482e-05,8.980098962440269e-07,0.999987238000848,3
5.259293976791643e-16,1.3729538863778237e-05,7.290584235143238e-07,0.9999855414034101,3
2.549164394159709e-17,2.9130977393337042e-05,8.021850562754214e-07,0.9999700668382392,3
1.497669419513362e-17,4.008033366904089e-05,7.596829545534828e-08,0.9999598436975436,3
2.4957147063675823e-19,0.0004393475172609294,8.374814546020651e-08,0.9995605687353121,3
2.5127644947519585e-19,0.00014308962432329168,2.0409150921660394e-08,0.9998568899667026,3
9.525086283992865e-22,9.262444861426916e-05,2.5133955014646385e-08,0.9999073504180753,3
4.581548552966381e-22,0.0008798723182400322,2.732662125120901e-10,0.9991201274091985,3
1.548565126175943e-21,0.0020800817445306465,3.2739118316546105e-10,0.9979199179278436,3
6.055016846514234e-18,0.0002520723945343888,1.6772964806511643e-07,0.9997477598755184,3
6.109052153281811e-14,3.5755200316249264e-05,4.051310901133287e-05,0.9999237316897166,3
7.746244924670632e-12,1.0238482315544458e-05,6.824649434429432e-05,0.9999215150152069,3
5.3403475065176466e-12,1.020736842312017e-05,2.1506634103518436e-05,0.9999682859915485,3
1.0763009803734813e-12,1.1456664379121811e-05,1.835910200214498e-05,0.9999701842323081,3
1.767438486481003e-12,1.1501143957537487e-05,1.1515609883599626e-05,0.9999769832440953,3
1.6028941777825894e-12,1.6511887100188224e-05,3.262861374082869e-05,0.9999508594970282,3
3.080418726613021e-12,4.6528452204447525e-05,2.783278532985866e-05,0.9999256387601028,3
4.138526940248336e-12,2.2188547097687315e-05,2.7399637695702595e-05,0.9999504118112672,3
3.9452203350643146e-13,1.0233088837280172e-05,2.3004838389537365e-05,0.9999667620717096,3
3.083115310776681e-14,1.2386129739030582e-05,3.0718732733381712e-06,0.9999845419964599,3
3.386307185248025e-17,4.975528748609214e-05,9.628610376706323e-07,0.999949281851697,3
2.860133845624939e-19,0.0003376204016778964,1.0193460850072322e-08,0.9996623694052722,3
3.039720573380408e-23,0.0012215939239621383,3.84104241563e-09,0.9987784022341228,3
5.911971531148628e-24,0.005967538896736984,3.5236579019493534e-11,0.9940324610686823,3
8.302276480152587e-26,0.009468201528339092,3.5806886120435554e-11,0.9905317984360562,3
9.226923435126668e-26,0.013649173506871401,8.317029353687593e-11,0.9863508264093266,3
9.20600838995557e-24,0.009798329196488063,2.995918033160579e-11,0.9902016707735646,3
2.0789169360926644e-23,0.0017873145964948775,5.289223792038537e-09,0.9982126801143343,3
2.1532413257716933e-21,0.0008969256610710142,6.0986064693797226e-09,0.9991030682411389,3
8.698952571030135e-21,0.000544525611063732,4.801281511219258e-09,0.9994554695869279,3
1.4981162737719014e-20,0.0014673389986471163,1.1160672723360687e-08,0.9985326498404067,3
3.2815984387651063e-22,0.0030631222229298353,1.9235172411572573e-08,0.9969368585410394,3
2.2227464733072333e-22,0.0013691761713080489,3.090611763748195e-10,0.9986308235204389,3
6.2190171335969035e-24,0.0015000920308969727,3.587858087085807e-10,0.9984999076109787,3
9.031891651953267e-25,0.0020637931928458833,3.433189380034375e-10,0.9979362064629267,3
3.0423677349198626e-24,0.003808227871973377,4.72207869809523e-11,0.996191772081428,3
3.608614322586606e-25,0.0030451427314884634,1.535525932756317e-10,0.9969548571141923,3
4.565834850331897e-24,0.0026289006915453336,1.8030242586378466e-10,0.9973710991274187,3
4.9864013683221986e-24,0.0011709384703918221,9.222209989890142e-10,0.9988290606075768,3
1.5311891419817844e-23,0.0012521611300864047,5.9400598412563e-10,0.9987478382766337,3
3.883031160948573e-24,0.002272765059514263,2.2411545173154805e-10,0.9977272347158272,3
4.3234754082694516e-24,0.0027145253803780144,2.6130402801058925e-10,0.9972854743589679,3
7.19728965040104e-24,0.0011843142726072795,2.058522588157515e-10,0.9988156855208987,3
5.903706156503886e-22,0.0002929692162169163,4.926517525110611e-10,0.9997070302919807,3
5.542185997771799e-21,5.6576236527237326e-05,6.67191214328138e-08,0.9999433570446096,3
1.3896226395473302e-19,4.7996748567778306e-05,4.950383257261247e-08,0.9999519537478775,3
7.067266171483953e-20,0.00018062657142057918,8.013277243613539e-09,0.9998193654155895,3
4.855029545604428e-22,0.000477857474034133,1.2738169209896679e-08,0.9995221297869781,3
4.633717233729419e-22,0.00038582879290449993,6.422329864888774e-10,0.9996141705652009,3
5.117194167458027e-22,0.0010706286587313964,9.900830568089702e-10,0.9989293703516104,3
4.56842207849138e-22,0.00024321774245878887,6.7792926592267966e-09,0.9997567754779279,3
4.9843119133924564e-21,8.585647517336088e-05,3.4974941184128255e-09,0.9999141400267,3
2.0208689267083202e-21,7.482437999771237e-05,8.282808408199475e-09,0.9999251673368657,3
4.154160579161383e-21,9.451485398900353e-05,5.083465657369966e-09,0.9999054800626601,3
6.6211329251263886e-21,0.0004172762793609705,7.573616659350304e-09,0.9995827161467943,3
3.153305802264016e-21,0.0004568074816799367,7.463814124806819e-09,0.9995431850547313,3
2.9687010055450423e-21,0.0004168055843686183,2.4141333734667414e-09,0.999583192001432,3
2.5258221265726533e-21,0.0005412227753038161,5.083490926913809e-09,0.9994587721419315,3
2.295291560626931e-22,0.00323312053886584,1.027660661872854e-08,0.9967668691845352,3
9.240432421573827e-23,0.031311969680670675,5.062976982760913e-10,0.9686880298133441,3
9.939146447476135e-25,0.05901317898075232,3.1396936139611766e-10,0.9409868207052072,3
3.6542104417326816e-25,0.141612214054332,4.013399380934142e-11,0.8583877859049672,3
2.353102166108624e-25,0.3030485677243772,6.5342312702843e-11,0.6969514322109011,3
1.9726548682628914e-24,0.4228083775982425,1.07173742470517e-10,0.5771916222954653,3
3.2368974636775022e-28,0.9552460921405926,2.0563531810414131e-10,0.0447539076541596,1
2.8097659947700825e-29,0.9999999912251951,2.5752391061087043e-15,8.77522339124557e-09,1
1.198243668057426e-35,0.9999999956544343,1.9497758364778647e-21,4.345584479142411e-09,1
8.684531436633849e-38,0.9999965772007642,2.667001476212875e-20,3.4228001001577743e-06,1
5.920341578062186e-36,0.9999958272761179,8.68729665770647e-18,4.172723310615107e-06,1
4.4587152669341096e-33,0.9999977301420881,4.895220613802682e-17,2.2698580809884977e-06,1
1.7679361523259298e-33,0.9987793812923338,1.639089321402161e-17,0.0012206187084974399,1
9.454934763629543e-36,0.9999088411047685,2.2742570305138594e-15,9.115889455812355e-05,1
5.141320752143594e-40,0.9999747552432054,2.03478869968025e-18,2.524475714200284e-05,1
1.3822660948640928e-46,0.9999995554863823,5.092210332264561e-25,4.4451397729714903e-07,1
2.034467602214882e-53,0.9999999581705206,4.197948254440269e-28,4.182948650191063e-08,1
9.895520153009061e-54,0.9999993632756949,4.165866671514367e-28,6.367241369474899e-07,1
1.0949638191095187e-56,0.9999983987030734,1.7326974419307282e-25,1.6012973788145059e-06,1
3.287053034306259e-58,0.9999999151714327,4.955953620140452e-29,8.482859479468938e-08,1
1.0864951326682325e-61,0.9999999996725819,2.474382785744225e-33,3.2731414300892554e-10,1
2.7850817401585065e-65,0.9999999779811335,3.976247204619045e-34,2.201858874133764e-08,1
1.0767181597674583e-64,0.9999999935989763,1.440210221598754e-32,6.401463176691902e-09,1
1.1280138562402584e-61,0.9999999147275994,4.512533867950754e-31,8.52717849670173e-08,1
3.772775217389922e-59,0.9999998165385646,1.0710416787792522e-29,1.834615391754325e-07,1
4.6996718195706146e-57,0.9999997398645403,2.4100704361037873e-28,2.6013562455726394e-07,1
3.8273611782147954e-57,0.9999994353785726,5.629469667253522e-28,5.646211286762855e-07,1
3.5168235777382666e-58,0.9999999150259137,6.803576778665782e-29,8.497364715923038e-08,1
4.091514205302926e-53,0.9999999628216762,3.518224922640783e-30,3.717906527589699e-08,1
1.7384779418854373e-52,0.9999962415347599,4.1095801768526407e-25,3.758465505794275e-06,1
1.5570030357523345e-47,0.9999974718389365,1.3560780260730786e-22,2.5281617053831076e-06,1
5.525054824660395e-44,0.999981372616054,1.2775191223291915e-22,1.8627384782045832e-05,1
8.441783179411433e-44,0.9999781003386161,2.2553938664436018e-21,2.1899661597041588e-05,1
6.882872966765e-43,0.9999849630860862,2.061210273999162e-21,1.5036914329325958e-05,1
1.529422635484281e-42,0.9999941722168583,6.453098863200058e-22,5.827783305752711e-06,1
4.705962548232914e-43,0.9999761968133426,7.185635858579804e-22,2.380318611164687e-05,1
3.9540479687849255e-46,0.9999991227727361,2.7979831232644875e-21,8.772281160153388e-07,1
1.385602316538738e-46,0.9999999946321623,6.057845351838557e-25,5.367122079775863e-09,1
8.36558759402418e-45,0.9999959574497409,4.453880013866823e-25,4.042550638568056e-06,1
2.279328380631595e-44,0.9999710442543287,8.298464083441172e-21,2.8955745610058575e-05,1
7.4548311750547e-40,0.9999930304699811,9.106304935897936e-20,6.9695303041682425e-06,1
1.5347620207129925e-39,0.9999756052631408,3.609486056353854e-20,2.4394736267302118e-05,1
8.284937640701055e-40,0.9999306023035103,5.0933172928800453e-20,6.939769659325419e-05,1
2.8929950706265026e-40,0.9999899949298485,1.5720992938521535e-19,1.0005069417831499e-05,1
1.1841044665495507e-44,0.9999957331838312,1.6183804960533657e-20,4.266816856398351e-06,1
1.6560027124028411e-47,0.9999977768063374,4.229709567133746e-25,2.223193892605997e-06,1
1.8600745288578504e-52,0.9999999385945576,4.9181103630446666e-27,6.140453701001296e-08,1
1.6488784565507772e-51,0.9999998029016036,1.4411936015242126e-28,1.9709869214284637e-07,1
1.5232503956254954e-53,0.9999991870066546,2.559477276859769e-25,8.129926366349194e-07,1
6.213082734853574e-50,0.9999981945709733,4.7952965473498486e-26,1.8054297538024118e-06,1
9.939222945447495e-50,0.9999996246225032,6.469636015010026e-25,3.7537835742939635e-07,1
4.038646501541961e-48,0.9999974401831445,7.297831661925356e-25,2.5598165662291688e-06,1
5.262710731976068e-47,0.9999883843631099,2.1058203633032563e-23,1.1615636753786e-05,1
1.7853147134367876e-44,0.999987010797445,5.169193433148342e-22,1.2989203443984914e-05,1
9.201920335117775e-43,0.9999586639690967,2.6646912091914232e-21,4.133603029648164e-05,1
6.620695970735533e-40,0.9999874882760753,1.3323849968918088e-20,1.25117230993329e-05,1
2.9710912444574724e-39,0.999921642771003,3.9154673139595825e-19,7.835722974323498e-05,1
2.6630456054239657e-38,0.9998803218520183,9.962376718331833e-19,0.00011967814881248377,1
2.283637299228014e-38,0.9999467822026757,7.076257829706845e-19,5.321779720875165e-05,1
3.7938820383169923e-38,0.9999998969706265,5.814457099365564e-20,1.0302992880955787e-07,1
3.2470855646817257e-41,0.9998009477487405,2.2933372731980345e-21,0.0001990522519371771,1
4.222253880091646e-46,0.9999999875890354,6.859412274853518e-21,1.2411718110961232e-08,1
3.4439208852760377e-43,0.9999999973260856,9.287361668670102e-26,2.6738878164691936e-09,1
8.292865297998347e-44,0.9998145423186933,3.4261857348317928e-22,0.00018545768116704357,1
1.6145302931313824e-39,0.9999953247061211,7.092049618856867e-18,4.675294364534546e-06,1
4.4511683020920366e-35,0.9998197701058982,1.5581617026737611e-18,0.000180229893921965,1
6.710810126737279e-35,0.9993728198620536,7.590007083489908e-17,0.0006271801387305477,1
1.9030879501745605e-31,0.999078977459058,1.5742110894387292e-15,0.0009210225417589076,1
4.358889872267386e-30,0.9997969980980801,6.271442625277822e-14,0.00020300190166591445,1
3.3671553893288504e-27,0.9757556983682255,2.5987652715670793e-14,0.02424430163093877,1
5.026850434599294e-26,0.8186956036447914,8.88061480700906e-12,0.18130439634569176,1
1.3126754662045665e-23,0.18174656737775222,1.9983189684642304e-09,0.8182534306234528,3
6.353677023018569e-21,0.049577528070186574,1.1076716101636846e-08,0.950422460852257,3
6.889454174803753e-20,0.0065692424562398335,2.4239006154526717e-08,0.9934307333039234,3
1.9791694281237202e-19,0.0012805533731052223,3.863086630801809e-08,0.998719407996496,3
5.648069373105351e-18,0.0003906566748894448,5.246628970783107e-08,0.9996092908587235,3
4.8053604448390074e-18,0.00010045389378868637,4.236355613143967e-07,0.9998991224700541,3
1.0067462824443017e-16,0.00023281529104163015,2.0151705575700322e-07,0.9997669831924552,3
5.883956337793024e-17,0.003086511328452718,6.263870022726774e-07,0.9969128622848128,3
5.2363518095298914e-15,0.000629274897141302,1.0130003277334317e-06,0.9993697121020569,3
1.0689077692344925e-13,0.00010744964503641897,4.6275209750424886e-06,0.9998879228334399,3
3.632364817204691e-11,0.00030161989737773103,2.7456713554579203e-05,0.9996709233536534,3
1.4883073036327775e-09,1.4373692429245522e-05,0.001409359797342391,0.9985762650226897,3
7.874856448591979e-08,2.010602145860004e-05,0.015118519485511484,0.9848612957453188,3
8.1141939169656e-07,1.9022945189777634e-05,0.022613903107788446,0.9773662625279494,3
1.7678998112094885e-06,2.414286429636668e-05,0.03417806298985069,0.9657960262451685,3
4.040901725520682e-06,9.011637640126195e-06,0.04290274933276983,0.9570841981283971,3
2.8365676854232993e-06,7.229107913892438e-06,0.5638155964547985,0.43617433787046456,2
4.779516927438965e-05,1.8767609805442901e-06,0.8560102288645984,0.14394009920505516,2
3.416054022841056e-05,2.9947014076257593e-07,0.9925119642299238,0.007453575759430318,2
3.914223825889065e-05,3.235542704203608e-08,0.9994933528044035,0.0004674726012488795,2
5.0381101511011556e-05,5.432844624796374e-09,0.9997473564182237,0.00020225704789285866,2
5.4332152589251226e-05,3.6844891309560656e-10,0.9996313255684444,0.0003143419102421004,2
4.9917288585786314e-05,2.5701562113735084e-10,0.9996888704265889,0.00026121202805039694,2
6.537567898762061e-05,8.091657486320136e-11,0.9997360420132542,0.00019858222723671218,2
8.317611156471064e-05,2.085392914236883e-11,0.9998438284398585,7.299542700856261e-05,2
8.273153314751547e-05,5.96706780876194e-12,0.9998539631502833,6.33053102181161e-05,2
7.78041610298693e-05,2.744841869179752e-12,0.9998843958616609,3.779997455943098e-05,2
0.0001240145693823566,3.3033258063520563e-12,0.9998689238547339,7.061572920523264e-06,2
0.00021050700311625424,2.9028376775170645e-13,0.9997691880310317,2.0304965972003975e-05,2
0.0012478767769146576,1.0828051832350278e-13,0.9987459814590802,6.141764041587299e-06,2
0.00865400633222017,3.625828394695234e-14,0.9913451558634513,8.378051207234742e-07,2
0.034486468602091126,1.024380017122237e-14,0.9655130892114206,4.4218649976895554e-07,2
0.13744168456271472,4.428858038116876e-15,0.8625580094924152,3.059441686389818e-07,2
0.25378312592853747,2.214164140569443e-15,0.7462166253521761,2.487195860965122e-07,2
0.35244654481534354,5.3231741425070285e-15,0.6475533247698011,1.3041565705985656e-07,2
0.438121695753695,1.4940117909350207e-16,0.5618780194179891,2.848291064822651e-07,2
0.601373349956497,7.964836588466895e-22,0.39862663805852805,1.198430157741371e-08,2
0.9696155534013872,3.0182479661363663e-28,0.030384446599025214,1.2858352270050618e-14,0
0.9999996659881265,1.9438598239934344e-28,3.340117002570519e-07,1.6569956176278474e-20,0
0.9999999674109864,1.0428935018292051e-33,3.258838854568278e-08,7.595135691111964e-24,0
0.9999998914445373,2.4361167712662188e-33,1.0855569423144582e-07,4.951537812387509e-25,0
0.9999999370411408,3.612901014750037e-29,6.295835033910603e-08,2.8031976240794116e-22,0
0.9999854097741538,1.2858657417027963e-27,1.4590225129811495e-05,6.87112032796582e-19,0
0.9999825274060984,2.228474482538176e-25,1.747259444006275e-05,5.061691325271228e-16,0
0.9999485716380933,4.919203008411988e-28,5.142836254218455e-05,2.4408770098667277e-16,0
0.9999949033174568,8.601335481398476e-26,5.096682120433955e-06,1.64504444925247e-18,0
0.9999990289075126,1.380884474149971e-27,9.710929582704148e-07,9.459928113457591e-19,0
0.9999812967947149,1.1334087506543366e-26,1.870320521979531e-05,1.3852549701615576e-18,0
0.9999909215760544,3.888397096822083e-26,9.078423195518015e-06,7.651006186119358e-17,0
0.9999882018442119,4.326997200943669e-26,1.1798155681411953e-05,3.1348002957612383e-17,0
0.9999878400133552,5.6351777225010755e-27,1.2159985806035634e-05,3.8714095931726635e-17,0
0.9999796215272971,1.039011148277425e-27,2.037847303513074e-05,4.026275685045624e-18,0
0.9999996261540917,1.8553882557505965e-24,3.7384541582623047e-07,3.0241209819713664e-18,0
0.999944027622767,8.307523096405612e-22,5.5972378028216734e-05,1.7799876263535303e-16,0
0.9091925839216327,2.461293387299215e-19,0.09080741606847902,9.52764040284302e-12,0
0.7716709908776798,8.486582990844264e-16,0.22832898336926036,2.575249683919296e-08,0
0.5292619593506942,2.4121592697418775e-15,0.47073795419316455,8.645703560113817e-08,2
0.37204905150759837,2.416809075545733e-15,0.6279507709127301,1.775799415094206e-07,2
0.2455040955018576,4.90522242396408e-15,0.7544955975809138,3.0691787092030654e-07,2
0.12839469908184517,8.286376471208986e-15,0.8716048583186138,4.4259988102235166e-07,2
0.054842372146185495,6.098006525336602e-14,0.9451568951008052,7.327520991495756e-07,2
0.01793091661739763,9.536525482186968e-13,0.9820629064490778,6.176932746137713e-06,2
0.015576862151979285,4.112641953012941e-13,0.984412660583703,1.047726314590984e-05,2
0.029183497187854273,6.465737195538356e-14,0.9708101488089745,6.354002747320312e-06,2
0.1508523838304979,2.540197337797499e-16,0.8491468565366419,7.596322634139556e-07,2
0.41164350757803175,5.757923751732455e-21,0.5883564823574939,1.0065238693137529e-08,2
0.9862831612167268,6.110437511329067e-28,0.013716838782423916,1.9132103166168586e-13,0
0.9999944061866721,4.1445346329061364e-33,5.593812572656674e-06,1.5296733988529357e-20,0
0.999999999494321,2.155122111378027e-37,5.049480570507393e-10,1.3992786228682158e-26,0
0.9999999980500434,7.604491269848194e-41,1.9494053064485474e-09,3.911379964677637e-31,0
0.9999999998181011,9.960183634398601e-41,1.8170168288951403e-10,4.2332911813151736e-29,0
0.9999999482442958,2.351559293288482e-36,5.175567701210309e-08,1.053985456402389e-31,0
0.9999999982210284,1.1923432656651916e-36,1.7781603459858905e-09,6.97053201463462e-28,0
0.9999999962601578,1.789562975401527e-38,3.740269545455734e-09,7.724544228236575e-28,0
0.9999999646770454,1.1323885577455442e-36,3.532254512855209e-08,1.9855055779689712e-27,0
0.999999985429895,3.8010111023653146e-34,1.4569643033229127e-08,5.81919557298966e-26,0
0.9999999756091714,5.586926370893749e-33,2.4391173440847362e-08,4.6023465654790455e-24,0
0.9999963597795476,5.321352340267119e-33,3.6402206041507957e-06,4.348061025731254e-22,0
0.9999997237464795,5.448032896106178e-31,2.7625399997787604e-07,3.626331480016827e-21,0
0.9999994674273293,9.114635636425466e-32,5.325721596641755e-07,9.656238104826327e-22,0
0.9999994584324315,7.14455072571788e-31,5.415679111172562e-07,8.089314264899826e-22,0
0.999999406425735,3.8303766850511724e-30,5.935743030444122e-07,5.566007671300363e-21,0
0.9999981475210794,7.011373906443607e-33,1.8524785662173222e-06,4.402490148724922e-20,0
0.9999970240177107,3.811196406514504e-32,2.9759818346652126e-06,1.7024780093396665e-22,0
0.9999999868887245,2.0479023637533556e-31,1.3111410333650699e-08,6.4688494655981085e-24,0
0.9999999615447458,4.344860332937089e-29,3.8455087622279015e-08,2.858000282536421e-23,0
0.9999866539036907,1.1383822814747359e-24,1.3346097135288911e-05,4.2812549481267565e-18,0
0.9958699924762647,1.897367937332669e-18,0.004130007523262865,3.051461428543563e-13,0
0.6780863628797842,1.2391944835833899e-17,0.3219136360152804,1.1047852706168442e-09,2
0.37918437131351135,2.852492191161842e-14,0.6208155426763726,8.60093154573278e-08,2
0.08960617905744145,3.922680503775396e-14,0.9103920132252099,1.8077168592621194e-06,2
0.021236421998461187,9.50227056105649e-14,0.9787601050520033,3.4729497165406194e-06,2
0.0050463689079632765,8.76644163718542e-14,0.9949505351251758,3.09596727814005e-06,2
0.001370808468419261,6.423241229676576e-14,0.9986252507135878,3.940818397726469e-06,2
0.0006923147730932822,4.584177459093746e-13,0.9993048490835641,2.8361422354720924e-06,2
0.0007195594581989294,2.250190869682925e-14,0.9992583567385556,2.2083803045463885e-05,2
0.004317012579922163,2.131486971843521e-14,0.9956826088811759,3.785396143720736e-07,2
0.004859285737955111,1.3070174508555504e-14,0.9951403137122883,4.005500563033453e-07,2
0.002861148313858325,2.519534300477995e-15,0.9971384150818056,4.3660357402184104e-07,2
0.0028449589235275234,5.89980397210232e-14,0.9971548166778356,2.2439836072646318e-07,2
0.0008390909047492443,1.0921717443823776e-13,0.9991584254729536,2.483621617564243e-06,2
0.00031353730445394303,1.1429800394681546e-13,0.9996819531713076,4.509523887349597e-06,2
0.0001212401514088521,3.5301822669256196e-13,0.9998747672313364,3.992617174007475e-06,2
0.00020666873730667597,4.113079494666181e-14,0.9997873241114119,6.007151829143907e-06,2
0.00032273108826561106,8.491360797720638e-14,0.9996757249497866,1.5439613138634403e-06,2
0.00029131191358726426,1.1932996801007476e-12,0.9997062915261182,2.3965593989733573e-06,2
0.00010793939013209544,3.522579308628434e-12,0.9998476261693292,4.443443710009361e-05,2
5.243070888551271e-05,4.846296316917013e-12,0.9999152505886957,3.231869818484475e-05,2
1.244921932061284e-05,1.3571005826275662e-11,0.9999685354526077,1.901531398323849e-05,2
9.28111459328521e-05,8.92895304692499e-13,0.9998997457695767,7.443083977398251e-06,2
0.00015447101316583246,3.7525442071520334e-13,0.9998389338902209,6.59509635611849e-06,2
8.208423698956965e-05,1.544262494985896e-12,0.9999072385624166,1.0677199361507979e-05,2
0.0001248617474740622,5.3872779694950485e-12,0.9998548392717349,2.029897497148428e-05,2
0.00010473502848785706,2.6825346309164796e-10,0.99982996072057,6.53039818048421e-05,2
4.266821828431598e-05,2.4250152208858397e-08,0.9990388102426216,0.0009184972887667564,2
2.0576027230769493e-05,1.604216490461647e-07,0.9733805712036563,0.026598692347361428,2
7.407473136687786e-06,3.1893935846446204e-06,0.3626740784852596,0.6373153246479115,3
5.932118454138821e-07,0.0005562573321911834,0.10310451808676323,0.8963386313684697,3
6.08841683125117e-11,0.038884189044978465,0.0074880925314892415,0.953627718362212,3
5.7449377273582676e-15,0.11320534358940655,9.941139402181717e-07,0.886793662296257,3
1.3758707378574496e-27,0.24352501763502346,1.028415255186762e-09,0.7564749813367254,3
2.4884883173269394e-38,0.9989532187975187,1.1717369333604059e-18,0.0010467812018261258,1
1.2794722796209719e-48,0.9999999517604021,1.448768785346959e-26,4.823998096871925e-08,1
2.852288807807905e-57,0.9999999833780749,2.2447069100320453e-32,1.662143173462465e-08,1
7.968329984277299e-64,0.99999996952829,2.4408994921925888e-32,3.0471830741057454e-08,1
1.457356023958392e-63,0.9999999884948921,9.35190722236579e-32,1.1505342486382967e-08,1
4.155260555869607e-63,0.9999999593073888,2.169622140776044e-32,4.069213255078359e-08,1
2.5589788701368067e-64,0.9999999842366379,8.368324099640365e-32,1.5762471044803163e-08,1
2.2717759743179113e-63,0.9999999838419172,6.431860153555032e-33,1.6157858051182435e-08,1
3.498732177183134e-67,0.9999999983374437,1.184980939909786e-31,1.6631606400154094e-09,1
2.3567850592166295e-65,0.999999998461135,3.821840416254725e-35,1.5390539407003994e-09,1
4.461639835721473e-71,0.9999999993724487,5.380485944496934e-35,6.276226918733165e-10,1
1.1456452368471818e-71,0.9999999997980922,5.26211095421173e-37,2.0261586400363025e-10,1
3.2091302278205045e-72,0.9999999995015969,1.519397119561319e-37,4.986160959892464e-10,1
8.804639442995944e-77,0.9999999984756869,1.3249675609050156e-36,1.5239111924389694e-09,1
4.54802473359861e-75,0.9999999999454303,8.696235801892501e-40,5.507785350783589e-11,1
8.48221201360297e-78,0.999999999821739,7.431180307401649e-40,1.7891423054684404e-10,1
1.274581092916887e-79,0.9999999997162377,2.5288070238974047e-39,2.8372028801589225e-10,1
9.624327666655759e-79,0.999999999998181,1.1675536327025909e-40,1.3507871414543455e-12,1
1.2020297197932112e-80,0.9999999998399289,6.530601343029697e-42,1.6094516838634375e-10,1
7.749990493714893e-80,0.9999999999545253,4.3000282150104483e-41,4.533260298024458e-11,1
2.0230462356458606e-76,0.9999999998672138,2.2294780535112098e-39,1.3320164377928607e-10,1
4.31318686073648e-68,0.9999999966239557,2.0995292604220668e-36,3.3768360184967818e-09,1
1.323664479330246e-63,0.9999993571620754,1.5953054408667322e-29,6.428384378908544e-07,1
1.132311049785267e-56,0.9999996247589273,1.7462359423914827e-27,3.752415918168134e-07,1
3.8576079025340157e-54,0.9999993959265344,9.326002069696536e-28,6.04073472018827e-07,1
8.188502550490318e-54,0.9999990468991194,5.9650799525842625e-27,9.531004114030631e-07,1
3.0685744978618475e-53,0.9999988231509281,2.0751064118336204e-26,1.176849683003241e-06,1
2.4799160042020782e-52,0.999998894236953,1.3787561679714413e-26,1.1057633690322858e-06,1
3.2256847127375114e-52,0.9999992943360428,3.242557097631027e-26,7.056633050067544e-07,1
7.241648659682353e-53,0.9999982023325871,7.440868232612717e-26,1.79766799594074e-06,1
2.679122346541816e-53,0.99999954230781,8.077656477014038e-27,4.5769278546258365e-07,1
3.5692176234540034e-53,0.9999995983090127,6.458686252575774e-28,4.016909201826748e-07,1
2.222784881434182e-53,0.9999996139868762,8.55602520601381e-27,3.86013203474152e-07,1
1.0261069494667264e-49,0.9999999028423238,3.4081188319487166e-26,9.715815033874333e-08,1
7.415195178700979e-49,0.9999861788792416,3.736137856185912e-24,1.3821121238338601e-05,1
4.0115158645819204e-47,0.9999901624734812,5.858770323691144e-23,9.837527368206495e-06,1
4.525967683773914e-47,0.9999974426988004,9.932082655291756e-23,2.55730185359297e-06,1
1.872739448878534e-47,0.9999991959015055,1.3606292141062692e-24,8.040992285157166e-07,1
1.386680235696225e-46,0.9999999311639863,6.2934864098110675e-25,6.883605772741026e-08,1
7.801269919823889e-46,0.9999721164599019,1.0558102424796818e-23,2.788354027972153e-05,1
8.617285702886341e-44,0.9999953162696876,5.056896150023377e-21,4.683730938945161e-06,1
4.06506800585286e-39,0.9999557870166316,6.796338299769225e-21,4.4212982569999555e-05,1
1.9211126777053247e-38,0.9998584270303982,3.3196182424201206e-18,0.00014157296953231705,1
4.1721968507537755e-35,0.9997522956666025,2.1236891839809417e-17,0.0002477043335064248,1
1.9198859883468253e-33,0.9995156482787017,1.8653142448576624e-16,0.00048435172080359563,1
1.1207106758348552e-31,0.9995077741114449,1.9415745452472054e-15,0.0004922258894467714,1
2.2081068837204556e-30,0.9987517897196755,6.675850302878955e-15,0.0012482102804992406,1
5.641920259624093e-30,0.9317768212187666,1.0910016623467401e-14,0.06822317878120808,1
4.9895548659452924e-29,0.667411896406732,1.3583731764541916e-12,0.3325881035927437,1
1.9041397124000574e-26,0.2940030622149959,5.719607112602978e-11,0.7059969377285237,3
1.624090623432139e-24,0.09162683335099532,2.212539351891159e-10,0.9083731664278875,3
5.958495801081203e-24,0.04359155670225003,5.701767823423018e-10,0.9564084427281142,3
7.148396052476227e-23,0.006761770347836998,9.33178814454429e-10,0.9932382287188398,3
9.00289282160984e-22,0.0010121497081747547,2.5518569370597108e-09,0.9989878477398351,3
7.866575865297419e-21,9.310808473596482e-05,1.5777667834840107e-08,0.9999068761369999,3
1.687406451032154e-18,3.738840684307013e-05,2.508606069002489e-08,0.9999625865071271,3
8.570409242809872e-16,2.6442246169141097e-05,6.28178692415129e-07,0.9999729295749354,3
1.0012106034936597e-11,1.7796004456490485e-05,3.68954634054078e-05,0.9999453085224252,3
6.14025273048083e-09,2.186945336096092e-06,0.015271300015785857,0.984726506899009,3
1.2848637846910566e-06,3.675648352888589e-07,0.8026750437530247,0.19732330381902527,2
8.569338943240457e-05,4.826998676131493e-09,0.9935974430617186,0.006316858722162482,2
0.00014380029623353228,6.5150913618130154e-12,0.999805552763803,5.064693333833849e-05,2
0.0008806531841770148,3.521882212285231e-14,0.9991176376112827,1.7092039134763317e-06,2
0.00192022663690648,1.3757116850018661e-14,0.9980789958881576,7.774748307402372e-07,2
0.0035122131990663057,2.201349160824069e-14,0.9964869276567815,8.591444548933849e-07,2
0.005658158455376615,1.4373702122828763e-14,0.9943413589893157,4.825561957141443e-07,2
0.014027338899867134,9.233442687304532e-13,0.985971427076838,1.23402234660287e-06,2
0.03857791198145702,1.1020434904507034e-14,0.9614211450474461,9.429709176991921e-07,2
0.11692450257906764,4.5977586496481075e-15,0.8830750744019735,4.2301871539394945e-07,2
0.32002952900052783,1.6498384747403217e-16,0.6799702502645198,2.2073415786717222e-07,2
0.7353521384770179,2.583298127678711e-16,0.26464784688960274,1.463325510953591e-08,0
0.887903883321933,1.6191682154626436e-16,0.11209610439743124,1.2279820690594628e-08,0
0.935956177542469,5.263111062966041e-17,0.06404381622647459,6.231882768963959e-09,0
0.9573409344078609,3.7665730921664236e-17,0.042659061748806716,3.842871321709101e-09,0
0.95752053448818,1.6629938254222371e-15,0.04247946269248401,2.8199041312122445e-09,0
0.9497242131331634,4.0989743033855093e-16,0.050275742240097565,4.462720478568347e-08,0
0.9576769271008957,5.5353163117869184e-17,0.042323053346678255,1.9552359726340203e-08,0
0.9767572180993175,4.096286685275456e-18,0.02324277904344629,2.8571235720715946e-09,0
0.9895287277268682,2.8119347860508267e-19,0.010471272037524048,2.3563255948470424e-10,0
0.9988706773167401,8.262585860478502e-19,0.0011293226679337347,1.4630511179422645e-11,0
0.9996497847002622,2.628256034855442e-20,0.0003502152957029455,4.829222611578874e-12,0
0.9996395842683057,1.8834354189849067e-20,0.0003604157291018961,2.5987030399063964e-12,0
0.9996763589640854,1.11805780760824e-20,0.00032364103345224456,2.990800179534267e-12,0
0.9995345349705533,5.0994469995776504e-21,0.0004654650256708702,3.3425906575733084e-12,0
0.9996561797150642,3.972400133430869e-21,0.00034382028371520514,1.8131749821258097e-12,0
0.9997990534355733,1.0882582227221486e-20,0.00020094656306461216,1.1497312683049085e-12,0
0.9997167749641196,1.862960904977146e-20,0.0002832250342196895,1.623223090373314e-12,0
0.9995858291856753,1.2918273184843402e-18,0.00041417081175979995,2.53536331990372e-12,0
0.9985596609520732,4.629551237509832e-19,0.0014403390216283355,2.5705106699464023e-11,0
0.9934059693241517,3.621877735855498e-18,0.006594030605071647,7.002919763367353e-11,0
0.9618486764821922,2.4407003314027663e-17,0.03815132277042847,7.472809546729823e-10,0
0.7836201313264342,4.389280170144909e-15,0.21637986436075726,4.313071842826288e-09,0
0.13229171486633226,1.186082326004466e-14,0.8677069373029113,1.3478313794738648e-06,2
0.020344678962253716,8.952625176076804e-14,0.9796539709557116,1.350082218495091e-06,2
0.005677484474359146,6.399976134290421e-14,0.9943205069787285,2.0085474996591457e-06,2
0.0015789877226041356,7.30457450804634e-14,0.9984170213932306,3.990883265909594e-06,2
0.0006807621023490893,7.926608399102021e-14,0.9993174309439644,1.8069544571833743e-06,2
0.00032228321715709366,3.1354437092631486e-13,0.999675656619789,2.0601620716273223e-06,2
0.00014551608881939308,1.524140983971188e-13,0.999839443365418,1.5040545825442493e-05,2
4.283146534554572e-05,1.3854202656532304e-12,0.9999537693047539,3.3992289365778776e-06,2
0.00010648695784097218,8.737771786702367e-13,0.9998796541211269,1.3858919406893407e-05,2
0.00010735372722519775,1.851279279821101e-12,0.9998729272646625,1.9719006674641565e-05,2
0.00010638610726893887,6.065202217309061e-12,0.9998647502864577,2.8863599581515515e-05,2
8.192487309611072e-05,2.5726637247034487e-11,0.9998286880290487,8.938707220295826e-05,2
7.717711362963831e-05,9.709013360360362e-11,0.9997590665060432,0.00016375628349271114,2
7.763079220575277e-05,3.313448862837663e-10,0.999635934444428,0.0002864344313081421,2
7.735970183545423e-05,7.028329041404895e-10,0.9993896672265281,0.0005329723680250082,2
8.927527958848019e-05,2.365093071309115e-09,0.9990275781553343,0.0008831441993985345,2
8.106572463579284e-05,1.5971350636943167e-08,0.9988770915345893,0.00104182677004936,2
7.620534474158983e-05,3.2088181919277023e-09,0.9985972076290689,0.0013265838167766924,2
7.018236803553273e-05,4.185013514230913e-09,0.9989060912448169,0.0010237222016764183,2
6.859177773638218e-05,9.749076377781172e-09,0.9981611223987411,0.0017702760741490503,2
6.6122625425857e-05,2.0753826894527123e-08,0.9949364837359104,0.004997372884486335,2
0.00010597430320918264,4.708600329390197e-08,0.9808478697443136,0.01904610886702123,2
9.699919859777004e-05,1.9275212106699808e-08,0.9820102112943906,0.017892770232336846,2
8.072496766784801e-05,1.1300570335337482e-08,0.9971284111961042,0.002790852535419391,2
8.696663181221175e-05,1.0281146901945784e-10,0.999454326448048,0.00045870681707182076,2
0.0001352376492453688,7.501645620902877e-12,0.99983959625786,2.5166085111030083e-05,2
0.00014123927028893789,9.415170834843454e-13,0.9998455070971929,1.3253631190070744e-05,2
0.00015220884560545507,6.525084733549601e-13,0.9998371895145274,1.0601639200219827e-05,2
0.00018598611633974905,1.4701374583128678e-13,0.9998097077803363,4.30610402126025e-06,2
0.0001270518769597191,3.532693074933327e-13,0.9998668384588504,6.10966436578648e-06,2
0.00010878465583843535,2.6247873517727598e-12,0.9998859209218482,5.294419997828558e-06,2
0.0002875849487498098,2.997494127004579e-10,0.9996984538278406,1.396092438774636e-05,2
0.0022683550027557666,8.32311357731382e-08,0.9965453460178925,0.0011862157487592799,2
