regime_prob_0,regime_prob_1,regime_prob_2,regime_prob_3,regime_most_likely
9.323121696936208e-29,1.8671995865539995e-85,1.0,5.88937078770423e-65,2
1.3702542141613934e-05,4.168174321285529e-06,0.9998206800245235,0.00016144925900166002,2
1.4005158491001806e-05,8.419812764799785e-06,0.9999408755410132,3.669948807324693e-05,2
1.971130053045522e-05,9.074241224609001e-05,0.9996031028463206,0.0002864434414000856,2
2.6923144932287815e-06,0.004180107292147977,0.9852000544522017,0.010617145940456471,2
8.177793286061123e-08,0.039013068048183115,0.9298176005997241,0.031169249573963543,2
7.66450800125662e-06,0.004163938841786882,0.9951586044926247,0.0006697921581492824,2
4.935122327429708e-07,0.00044532634352012653,0.9990405034910775,0.0005136766528591373,2
2.002671921582696e-06,0.00036709905216984143,0.9992445893691246,0.000386308906243603,2
6.827281125793895e-07,0.0014237283253075747,0.9973502847428524,0.001225304203528932,2
3.00851006607997e-07,0.010567914112548362,0.9881687640736374,0.0012630209636120184,2
3.0451105911341813e-07,0.0646992117156293,0.9333704047926022,0.0019300789798906892,2
2.3122262236726661e-07,0.3227508194725694,0.6764180166089165,0.0008309326951228056,2
1.9160579181936389e-07,0.6219151257373613,0.3768210946919796,0.001263587964431191,1
7.052370079378339e-08,0.7749489047111028,0.21586928899412902,0.00918173577078633,1
4.309532010799652e-08,0.8279057000017083,0.1701373144344154,0.001956942468734094,1
6.246154245064002e-08,0.865347343876505,0.13446144379418218,0.0001911498672913906,1
2.3203152855055985e-09,0.9218447591508322,0.07778008017761909,0.00037515835164939087,1
8.180203743170054e-11,0.9964624001604243,0.003479450805175196,5.81489529188375e-05,1
8.602671873472385e-13,0.9998476210351045,0.00013577376818696207,1.660519619679594e-05,1
2.23532656179287e-14,0.9999908660682792,3.0803413511148934e-06,6.05359121447132e-06,1
2.3166319759008413e-15,0.9999840866323384,1.7910624525738841e-06,1.4122304875339368e-05,1
1.7399098128698322e-13,0.9999638049978243,2.5156283713340193e-05,1.103871801791953e-05,1
2.485268115843509e-13,0.9999094144999815,5.7079318410243586e-05,3.350618099657876e-05,1
3.6984409481703084e-13,0.9999477330019515,4.3940670510541915e-05,8.326327523386306e-06,1
1.2129861009663105e-13,0.999960715744632,2.9109122799960554e-05,1.0175132177496861e-05,1
1.7128367317457269e-12,0.999836484731129,0.00015227123338375822,1.124403312557906e-05,1
1.3130901094739478e-11,0.9993711324073689,0.0006131600508403924,1.5707529136191542e-05,1
1.5371450733982255e-10,0.9922613004905522,0.007644313320031949,9.438603623051779e-05,1
5.5894653000756025e-09,0.8674562490973906,0.13174746672861515,0.0007962785841473559,1
2.765253167467563e-07,0.7406196077804554,0.25903703169006925,0.0003430840049361641,1
8.470378381966613e-08,0.7227395445631695,0.2771611572260532,9.9213506245278e-05,1
2.0916779842243327e-07,0.7101553580992007,0.2897697949840911,7.463774978059351e-05,1
1.3579169296324383e-07,0.7183032055754511,0.28141919513969477,0.000277463493859753,1
7.280915169608378e-08,0.7529765158487091,0.24653536700386008,0.00048804433838971466,1
8.420005542575543e-08,0.8160656715548125,0.18358622636889327,0.0003480178769330121,1
1.2127005471790698e-08,0.9164024387523039,0.08305785662676113,0.000539692494304302,1
2.3643840604807408e-09,0.976406046190264,0.023482869882198915,0.00011108156229824063,1
8.174948616819827e-10,0.9932039391781975,0.006751469695370956,4.4590308129127524e-05,1
3.8751122979549737e-10,0.9973721591875434,0.0025980119586087543,2.9828465797734957e-05,1
1.3515147694586712e-10,0.9990026495836862,0.0009551842489673324,4.2166031880425995e-05,1
3.014396672184364e-11,0.9996237824196005,0.0003541439623350287,2.2073587990106047e-05,1
1.3383486136750844e-11,0.9999021898399969,5.577574024108727e-05,4.20344072628607e-05,1
1.2572637770844893e-10,0.9954222365832054,0.0021222824593268223,0.0024554808323687892,1
4.585723987408383e-09,0.9434918996787696,0.029659193436099577,0.026848902299333715,1
3.7362104029058836e-07,0.7852073019077412,0.21158165235505216,0.003210672115764128,1
1.0487330685292075e-07,0.5510957276686902,0.44744521867614895,0.001458948782564022,1
1.9546762520494997e-06,0.02889297104567704,0.9707245126927706,0.0003805615851013708,2
2.1854279015570556e-06,0.0042601145034691455,0.9956605517569673,7.714831181084982e-05,2
2.915193180305132e-07,0.0038140759162702802,0.9959043492982486,0.00028128326685114156,2
4.4579626179428574e-07,0.00803343512082157,0.9918986065961284,6.751248761372692e-05,2
2.174869159243646e-07,0.012465605653305269,0.9874272886789578,0.00010688818026125923,2
3.484730481940258e-07,0.010857479562803597,0.9890460096317064,9.616233324524404e-05,2
3.7816556300783564e-07,0.010886934878671985,0.9889826742710307,0.0001300126847599772,2
2.8626043417696256e-07,0.008184842981390375,0.9917246935404065,9.017721703201672e-05,2
2.0485846000103533e-07,0.0049433590679646994,0.9949090342909749,0.00014740178201588902,2
2.907640669717468e-07,0.002861972865141156,0.9969583853004687,0.00017935106956315137,2
5.169295818513271e-07,0.0016684860616519828,0.9982287626827583,0.00010223432527762737,2
4.81692802822105e-07,0.0008941557258782295,0.9989637792844084,0.00014158329760600508,2
9.08206526706675e-07,0.00034251870741529045,0.9996075898258925,4.898326037721323e-05,2
2.5571099934876676e-06,5.341523127858147e-05,0.9998711905611901,7.28370983462715e-05,2
2.3922716907382485e-06,0.00032882766001570676,0.9996302777737015,3.850229499971903e-05,2
2.752715460923468e-06,0.005513961108233356,0.994376022798713,0.00010726337694965249,2
1.0968782750777806e-06,0.0877804048870491,0.911419535736878,0.0007989624982164362,2
3.1502574070123896e-09,0.7575516597541495,0.23840220838082804,0.004046128714910228,1
2.4357524779955315e-10,0.992644561522784,0.007093802144119253,0.00026163608990623175,1
2.6002186047559185e-10,0.9987586183915872,0.0011844154338001057,5.696591401180886e-05,1
5.093491093886698e-12,0.999573450095046,0.000343439905753611,8.310999346777428e-05,1
7.756393589282654e-13,0.9999347822489729,5.274556263869617e-05,1.2472187139353891e-05,1
6.925865800110137e-13,0.999912238505668,7.62430363743321e-05,1.1518458076721095e-05,1
4.0430121884268916e-13,0.9999161209744928,6.800858537007573e-05,1.5870440475172316e-05,1
6.212611751714019e-13,0.9999213572812009,6.525061020866069e-05,1.3392107439729666e-05,1
1.616519792164258e-17,0.9999826924383179,2.3257485284578887e-08,1.7284303376970873e-05,1
2.1057304897806472e-16,0.9999952502079421,2.557805391460126e-07,4.494011784193871e-06,1
2.1572920379649302e-16,0.9999924240942646,1.0723298969983362e-06,6.503575994690437e-06,1
8.033464936460825e-18,0.9999943794986091,9.380358238182054e-08,5.526698219470311e-06,1
3.90682285959927e-18,0.9999962427007277,3.310988766313637e-08,3.72418974160049e-06,1
3.061040578867864e-18,0.9999967798937182,1.6646554330925797e-08,3.2034594318539285e-06,1
1.2005025457679458e-18,0.9999916255679229,1.7085427686168064e-08,8.357346421487326e-06,1
4.655144730288316e-17,0.9999965124085856,7.417686036053904e-08,3.4134136800833615e-06,1
1.6497295399036097e-17,0.9999878516565649,2.6418405302146776e-08,1.2121924656487313e-05,1
1.6419571747855789e-18,0.9999693867586988,8.697590612731562e-09,3.0604543913445113e-05,1
8.265530062643013e-18,0.9999951965880286,1.1346736715292883e-08,4.79206549405222e-06,1
3.6015324209036526e-18,0.9999951961587491,2.3486905304026025e-08,4.780353668501342e-06,1
4.01178369203329e-19,0.9999940591236766,3.7364485659876594e-09,5.937139782922662e-06,1
3.1169930261587927e-19,0.999995616547097,6.275776975409925e-10,4.382825289960505e-06,1
1.1424580502115607e-18,0.9999861859059005,4.36812987538245e-10,1.3813658165468723e-05,1
1.8953939121105408e-18,0.9999565376988386,4.820362873586879e-11,4.346225242259289e-05,1
5.124228782109997e-21,0.9995066394559552,8.557315583147632e-11,0.0004933604583898762,1
3.2559617219449165e-18,0.9999889267868725,2.0449684886683827e-11,1.1073192442156e-05,1
3.791329119497144e-20,0.9999833000959564,7.584291809477689e-12,1.669989670808586e-05,1
8.284544811144668e-20,0.9999880255443975,9.077308335929258e-12,1.1974445769733406e-05,1
1.6172185749131643e-20,0.9999815519305243,2.0983425923815304e-11,1.8448049188494078e-05,1
5.99948909315786e-20,0.9999919587785808,1.0695700481658068e-11,8.041209873466906e-06,1
5.071467214191192e-20,0.9999863217752653,1.7862695423697276e-11,1.3678206516655636e-05,1
1.5345674549380938e-20,0.9999849466772296,4.236582240518801e-13,1.5053321969860339e-05,1
9.372271856623557e-22,0.999941068753576,2.4170884782954203e-14,5.8931247214801956e-05,1
6.632529152735959e-21,0.9999608815663003,1.2913643287215016e-13,3.911843331652997e-05,1
8.642556304893907e-21,0.9999837924700965,3.5855525650521115e-13,1.620752995721851e-05,1
3.8259693627715785e-21,0.9999785050458823,9.4908156823722e-13,2.149495342991739e-05,1
1.2344959942920618e-20,0.9999803658483266,1.060263032277422e-12,1.9634150581365836e-05,1
1.1524568688198014e-19,0.9999858460925092,2.3749769634270347e-12,1.4153905076591542e-05,1
9.740782554482808e-21,0.999918554659341,1.0114685094588333e-13,8.144534001866457e-05,1
7.170964755212887e-21,0.999847100585274,1.0700358072496404e-14,0.00015289941504524816,1
6.841217576924744e-21,0.9999026929142869,1.080018653728351e-15,9.730708540815845e-05,1
2.5997715691300537e-20,0.9998374297239238,6.106602403764654e-15,0.00016257027650365462,1
2.496193895978604e-21,0.999509368517565,6.935908980459868e-15,0.0004906314816323003,1
4.6182080277089283e-20,0.9998785132179585,1.861134168422468e-14,0.00012148678236499712,1
1.3577728880999013e-19,0.999931524232929,3.1995786277801505e-14,6.847576718795699e-05,1
2.703584683138451e-21,0.9996772384085151,1.6371232809493157e-15,0.0003227615910562172,1
1.2164790004288818e-20,0.9998864652488607,2.473879952199953e-14,0.00011353475027948654,1
1.1896780742603245e-19,0.9999732857216638,2.9968961867299116e-13,2.671427860218109e-05,1
1.409149329542326e-20,0.9999362361752957,6.574599796432618e-13,6.376382441807609e-05,1
4.417740780962254e-20,0.9999733764085998,3.355163088192276e-13,2.6623591547741654e-05,1
1.5315701089678715e-18,0.999879655079619,1.1673176386771313e-09,0.0001203437526936047,1
6.931289994464242e-19,0.9999923508986882,4.001424325122566e-11,7.649061933808609e-06,1
1.8488138249558515e-20,0.9999922563410708,1.1778957154059548e-11,7.743647564023429e-06,1
7.594878013107214e-20,0.9999886639585814,4.474754401349897e-11,1.1335996778254585e-05,1
1.886649645706221e-20,0.9999628642109827,3.3379393991601795e-11,3.7135755349907686e-05,1
3.639189446012261e-19,0.9999940541105715,1.3471617806863216e-10,5.945753964649233e-06,1
1.0717197804547479e-19,0.9999934340755324,1.1287634801076598e-10,6.5658119083190115e-06,1
1.1344115113527936e-19,0.9999894278548225,2.0408954357689317e-10,1.0571940335219415e-05,1
2.3787494212540398e-18,0.9999954543776398,5.995093523565015e-09,4.539626668539715e-06,1
1.189252480096365e-18,0.9999953470432067,9.007773988909335e-09,4.643949626098357e-06,1
3.1091819376602665e-18,0.9999965711289984,2.0539648049349808e-08,3.408331467826383e-06,1
9.137788003088763e-17,0.999995406929518,5.720875399834656e-07,4.020982956744985e-06,1
4.932649507510539e-16,0.9999861887180193,2.9884410868667445e-06,1.0822840294123756e-05,1
1.7981091577732935e-15,0.9999789258728564,9.186539125687007e-06,1.1887587634714267e-05,1
1.0573389402342484e-15,0.9999939745047958,1.8347162159201076e-06,4.190779178996299e-06,1
2.237751964050087e-16,0.9999936067383448,1.3990255479179509e-06,4.994235793347851e-06,1
5.962766083359078e-17,0.999994447075507,3.446496664954324e-07,5.208274874927654e-06,1
3.208205256070054e-16,0.9999925237213835,9.75916499458809e-07,6.5003622478995875e-06,1
9.66463729820087e-15,0.999984018355841,7.858428655667646e-06,8.123215246075865e-06,1
2.953809774696472e-13,0.9999310633781546,5.891147246165134e-05,1.0025148894894577e-05,1
9.327046819968201e-12,0.9997182257020802,0.00026646441131807346,1.530987791064884e-05,1
3.839338286037364e-11,0.9981283581752551,0.0016542175548760352,0.00021742423178630426,1
1.7007499058113015e-09,0.9935020277543775,0.006457304859815888,4.0665684268699866e-05,1
6.474162440696968e-10,0.984297657286872,0.015331791107520098,0.00037055095747508433,1
4.796155444822141e-09,0.8822600956969144,0.11640422540829909,0.0013356740986169187,1
2.3617112615605588e-07,0.07238235755367237,0.9262108342606874,0.00140657201397773,2
4.503943368907673e-06,0.00315893694050027,0.9967224572974892,0.0001141018184206506,2
3.511487308607345e-06,0.00015232992539110002,0.9997770918638228,6.706672320187555e-05,2
5.412563072198917e-06,1.5556230506492574e-05,0.9999216445571106,5.738664976617353e-05,2
4.025276254653606e-05,1.0801880323201875e-05,0.999917976928228,3.096842809332173e-05,2
0.0011110746834417508,2.242377667949431e-06,0.9985412499288816,0.00034543300977253735,2
0.004599903196028632,1.4928619329217304e-06,0.9950907662216758,0.00030783772109027624,2
0.007643508560205335,1.5066865697773816e-06,0.9920413030728791,0.00031368167953887873,2
0.008849957844553566,1.2181669920617455e-06,0.9908479488575388,0.0003008751312771079,2
0.008125015930854788,1.2558608768950628e-06,0.9916086833442432,0.00026504486370413,2
0.007298016885492875,1.4155740061482704e-06,0.9925064083730044,0.00019415916686230418,2
0.005676485977601758,9.736008524142004e-07,0.9939963712161152,0.0003261692057999251,2
0.00041650002358982496,8.977775824103968e-06,0.9994702740707345,0.00010424812959723246,2
8.218489588007145e-05,3.010860022564217e-06,0.9997357025867386,0.0001791016568146259,2
1.165775326555003e-05,6.1160826673809155e-06,0.9998920460542152,9.018010997723697e-05,2
1.8265128960254363e-05,3.4982455457345764e-06,0.9997548515261783,0.0002233850996396505,2
2.006859629395519e-05,3.953787797894554e-06,0.999918871292371,5.710632304985496e-05,2
2.19478692136133e-05,6.319990142919675e-06,0.9999357118415175,3.602029826797258e-05,2
0.0001670428984133352,2.6336251737834553e-06,0.9997569505967432,7.337287937940942e-05,2
0.0007110210495217637,1.9089197549433062e-06,0.9991372679581815,0.00014980207327716855,2
0.0011024629375410702,8.102054688517815e-07,0.9984885767781899,0.00040815007941426203,2
0.0006124585362831871,2.134995268464661e-06,0.9992590437741312,0.00012636269341447247,2
0.0002967563558103506,3.910148994356269e-06,0.9988946383895402,0.0008046951063196142,2
1.3423758771979779e-05,1.329913872554223e-05,0.9999361854069021,3.709169538268411e-05,2
3.479587480874358e-06,1.2390196749333258e-05,0.9998887363547158,9.539386187729982e-05,2
3.0815213330614622e-06,1.1871725469197386e-05,0.9998309806059748,0.00015406614787175655,2
8.108892421166722e-06,1.1176044711848018e-05,0.9999506249735441,3.009008948716392e-05,2
4.142010977828206e-05,3.0186686554690063e-06,0.9997872244338113,0.00016833678723716036,2
3.051141047219487e-05,3.6339546821511234e-06,0.9997309868703272,0.00023486776416686836,2
3.73245326333232e-05,4.673568355230768e-06,0.9998867176814067,7.128421679306652e-05,2
3.6813841119427074e-05,2.133584812827846e-06,0.9998063716376004,0.0001546809367081665,2
3.5297708880468076e-05,3.4227980141059976e-06,0.9999038820709124,5.739742168737986e-05,2
3.6689010696379384e-05,2.9046989775125963e-06,0.9998194371526685,0.00014096913730130868,2
6.006461516867563e-05,2.6381444503741407e-06,0.9998861604900093,5.1136750596792626e-05,2
5.127829748527921e-05,3.009677692947485e-06,0.9998802183748259,6.54936506246212e-05,2
3.9018990426018575e-05,4.308702290430691e-06,0.9998293295623886,0.00012734274460539044,2
3.238212285980147e-05,3.4513526000824583e-06,0.999915133375684,4.903314892677352e-05,2
2.189630951894249e-05,4.242153552548546e-06,0.99985366567805,0.00012019585945572832,2
3.175015102075919e-05,3.2858884562536015e-06,0.9999018682250697,6.30957355808423e-05,2
1.6553940230991946e-05,5.983465055897902e-06,0.9999420519053649,3.541068863023908e-05,2
7.412321234288137e-07,9.189205751899055e-05,0.9998583867964123,4.8979913430166974e-05,2
1.108667421699546e-06,0.00015794150085046148,0.9997102634637584,0.000130686367143637,2
5.721607140612367e-07,0.0001723066218573155,0.9990842543697047,0.0007428668476367348,2
6.865314779712e-07,0.0001271697639164667,0.999813099684901,5.904402028018485e-05,2
1.3725824366010459e-05,1.061615733095673e-05,0.9999213010133717,5.435700500648148e-05,2
2.239561056769549e-05,1.5350905028555662e-05,0.9993748377159957,0.0005874157691298207,2
1.1451044010105653e-05,9.257482011660765e-06,0.9999374217231488,4.186975103491433e-05,2
2.2147596551874915e-05,5.081503697118313e-06,0.9998397860280636,0.00013298487118073175,2
1.064336441842598e-05,5.498518058046143e-06,0.9998501186775453,0.0001337394408552744,2
2.3506111298484885e-05,3.3767917801598557e-06,0.9999134030775819,5.971401919887542e-05,2
4.371442053751999e-05,3.127279951800318e-06,0.9998787537228295,7.440457702132071e-05,2
1.6979123476086114e-05,5.626835528933685e-06,0.9999381481677662,3.924587240810999e-05,2
1.654325233377147e-05,6.9585415468922595e-06,0.9998464953656293,0.00013000283978620777,2
5.0724366334995836e-06,2.6899761013505977e-05,0.9998126012077646,0.00015542659440732567,2
2.595277149296113e-06,2.6018581517666896e-05,0.9999396974937628,3.168864833299233e-05,2
2.1761663364214542e-06,0.0001357986723792097,0.9998025626201869,5.946254080496673e-05,2
2.845381097871022e-06,0.0022307527020454412,0.9976710312893209,9.537062716226422e-05,2
6.558483399412755e-07,0.044820363517125664,0.9541129661543974,0.0010660144798443996,2
8.916532303384135e-08,0.4866443856008683,0.5118132835526342,0.0015422416809721402,1
1.7050864812571476e-08,0.8662230343855427,0.13315470495313234,0.0006222436097694326,1
1.780363820016131e-09,0.9857776562952001,0.013663339345879886,0.0005590025776630556,1
1.9117755837348666e-11,0.9979059059628783,0.001976636012206691,0.00011745800640975735,1
3.105381302934211e-12,0.9998770917768789,0.00011385639703452355,9.05182295144584e-06,1
2.499261738398786e-13,0.9999711823989453,1.5352213861947728e-05,1.3465387725264052e-05,1
3.58170041408516e-13,0.9999241785777889,5.563490597754207e-05,2.0186516612797754e-05,1
1.0612515091699189e-12,0.9998816140010335,9.788031180141173e-05,2.050568605059199e-05,1
7.807371683257289e-12,0.9998234993656926,0.00016426729363777447,1.2233332048172411e-05,1
1.938364423343719e-11,0.9995100828244766,0.00043845713600608097,5.1460019227106295e-05,1
2.087593592162199e-10,0.9815898114571477,0.01810688751571807,0.0003033008188128024,1
7.711891695401696e-09,0.9261477067884697,0.07348158909368062,0.00037069640543013814,1
6.7087356492528044e-09,0.8633951446159668,0.13535114028383274,0.001253708391377088,1
8.298846808157797e-08,0.8023947819330844,0.19714492589579968,0.0004602091819076326,1
1.6033060126487786e-07,0.7053195090184848,0.2884888093000469,0.006191521351375863,1
3.834835766757514e-07,0.4429394910037754,0.5541563376844202,0.0029037878285850067,2
2.1645839993253416e-07,0.28027901418106244,0.7191358680198736,0.0005849013405668094,2
3.247272020714266e-07,0.19545063065968643,0.8039225531664483,0.0006264914473428471,2
2.4343824009913746e-07,0.08236729314564642,0.9171395745853351,0.0004928888308792902,2
6.580928429558718e-07,0.02508798425162104,0.9746900617592431,0.0002212958964682089,2
1.6362317160299735e-06,0.0033657321960378532,0.9965271241281645,0.00010550744442004039,2
1.840603233892153e-06,0.00031407657710966577,0.9996537942079997,3.0288610805601643e-05,2
2.309124822644604e-06,2.8587463615650467e-05,0.9999000849425903,6.90184691688085e-05,2
3.99657369428775e-06,2.2225763079915307e-05,0.9999127063106121,6.10713523528991e-05,2
2.432406884480445e-05,3.555656918764111e-06,0.9997031850440073,0.0002689352304524387,2
2.0649710874435324e-05,4.633965870106787e-06,0.9999319928890308,4.272343429638461e-05,2
9.029097846942604e-05,4.012797945446732e-06,0.9998462577002486,5.9438523278579636e-05,2
0.0006548218550045572,3.0194754602613338e-06,0.9987874848148987,0.0005546738537752225,2
0.0014030516828883656,2.262209118198413e-06,0.9984802624813609,0.00011442362740045056,2
0.003908221891585696,2.121335656334638e-06,0.9959282643391318,0.00016139243422367414,2
0.008551273920157991,2.0674463146849222e-06,0.9912507639391243,0.00019589469427861486,2
0.018960857385815297,1.509027686834873e-06,0.9806861057608361,0.00035152782637646885,2
0.029581277336566986,1.1968985241451131e-06,0.9701302017596795,0.00028732400507378215,2
0.039381971720902686,1.1666042705836343e-06,0.9599581516307737,0.0006587100446376692,2
0.05100525855100541,1.421330731643782e-06,0.9456606858904159,0.003332634228363882,2
0.0693207319419958,1.083556660046362e-06,0.929109643075344,0.0015685414259830888,2
0.07394219926092209,5.285328334507261e-07,0.9240905933701814,0.001966678835415262,2
0.03138259188784128,1.66837532965884e-06,0.9680784601018393,0.0005372796345302347,2
0.011773841559041985,1.8466180288162458e-06,0.9879019216277746,0.00032239019510556634,2
0.0008187067650143329,8.75520850765362e-06,0.998138757533028,0.0010337804933583706,2
5.970933153794878e-05,4.8341342306392285e-06,0.9997931564377169,0.00014230009589591902,2
7.106978314542565e-05,6.999062599975212e-06,0.9998835865052798,3.8344648374784205e-05,2
0.0007737499247677253,2.086331553543481e-06,0.9991074215479054,0.00011674219537185037,2
0.004374776449876657,1.8109195171115778e-06,0.995042531766969,0.0005808808643282186,2
0.034245904269372344,2.116814175810183e-06,0.964370096653344,0.0013818822636516698,2
0.12580899666175271,1.6753452718543226e-06,0.8725773054392783,0.0016120225529050543,2
0.3016137418712337,6.983389489153609e-07,0.6878100149358745,0.010575544854084467,2
0.8823936131104957,1.8627672343927648e-08,0.11027797844037548,0.0073283898222053665,0
0.9921694868557128,1.822508017218042e-09,0.00688095598790907,0.0009495553342590376,0
0.9995045744492117,9.25836333082156e-14,2.9801664643268295e-06,0.0004924453833790263,0
0.9999196612211468,9.86108628186842e-16,3.766666455554244e-08,8.030111137054579e-05,0
0.9999381579733315,4.29012199441472e-16,5.370803975880804e-08,6.178831836494252e-05,0
0.9998958828109431,5.3401784119813686e-17,5.814070136462378e-09,0.00010411137546381605,0
0.9998951852722797,2.0677491204449124e-16,2.8712950710140407e-09,0.0001048118564287471,0
0.9995274758527087,1.0995797642477603e-18,6.783302188885891e-11,0.00047252407986591904,0
0.9998843964800458,1.8779313250579554e-17,5.698105104204822e-11,0.00011560346264464548,0
0.9996714857439049,2.4806656268427346e-19,6.615179893497301e-12,0.0003285142492219281,0
0.9999002420312014,4.0378188519373726e-18,5.520514005540845e-11,9.975791294515304e-05,0
0.9998884161973262,1.4569122183186222e-17,1.6954091550835236e-10,0.00011158363381773859,0
0.9994858713997028,1.0748293784752071e-17,3.12836177738736e-10,0.0005141282868229984,0
0.9998152366202745,4.5996464006047046e-17,1.322405874557005e-10,0.0001847632481970404,0
0.9994480416200461,7.370470500104734e-19,1.7559729105387095e-11,0.0005519583620636387,0
0.999864004161812,5.870252737351045e-18,2.555752328774809e-11,0.00013599581279978782,0
0.9998157635061042,7.647922100666492e-19,1.4402975182346848e-11,0.0001842364797336339,0
0.9998648769983174,1.2301158100194566e-17,5.191879687192819e-11,0.0001351229491913176,0
0.9994876715131559,6.242739442987375e-19,1.5279994491058772e-12,0.000512328486031817,0
0.999479517029553,3.551816909302148e-19,6.897434489765892e-13,0.0005204829690196956,0
0.9998147351685761,2.6560181241899144e-18,3.816068176270311e-12,0.00018526482697230935,0
0.9996290430463848,1.1376903229446886e-18,1.4988758058286014e-11,0.00037095693840794947,0
0.9997375217444322,1.2980531540172571e-18,1.3441408193384844e-11,0.0002624782415049625,0
0.9998520054815776,2.4727238563130978e-18,3.939209596831792e-11,0.00014799447939134675,0
0.9998869347132092,3.8968973518981606e-18,3.579683701498425e-11,0.00011306525038363554,0
0.9996913994167652,2.3259553168445218e-17,3.843880198613355e-10,0.0003086001994137879,0
0.9993461873429126,1.4570765096966217e-18,6.832979544412894e-12,0.0006538126502653235,0
0.9998491174271775,2.377113092200827e-18,9.932206220205044e-12,0.00015088256273761288,0
0.9998485629647982,5.230138750512417e-19,1.099297045068101e-11,0.000151437023581839,0
0.9998786180445006,1.6558026659578444e-18,3.545132751424481e-11,0.00012138191958503191,0
0.9998760338886531,1.4934096282036204e-18,3.2388421981660034e-11,0.00012396607976392836,0
0.99981398065908,9.688609993994277e-19,2.7399839500575596e-11,0.00018601931393520427,0
0.9998539269285814,2.392289828990222e-18,2.4748080071442157e-11,0.00014607304683551096,0
0.9997623104519368,4.2586150947762924e-19,3.136076385733409e-12,0.00023768954446227116,0
0.9997368077714331,7.274284425852298e-19,8.028330009678943e-12,0.0002631922207921493,0
0.9998600913260492,1.4761157742405506e-16,2.3444038260706714e-09,0.00013990632992503816,0
0.9998653520688128,6.146892725755617e-17,1.6414456963138078e-09,0.0001346462898075794,0
0.999825736743105,2.7568783429841446e-17,1.5433864586441754e-09,0.0001742617131370352,0
0.9999230688534612,1.2003209751692278e-17,4.2803026542298027e-10,7.693071885778264e-05,0
0.9999013790105267,1.1038869893796054e-18,6.296729405664487e-11,9.862092647810933e-05,0
0.9998996848122607,4.663565798486763e-18,9.399865977845854e-11,0.00010031509400836547,0
0.9997194772331923,4.299537592666692e-17,1.0546015264052169e-10,0.0002805226619997074,0
0.9962337542486281,1.132864268666131e-15,1.7095801610525784e-10,0.0037662455806744453,0
0.9064027522730724,3.703425645124398e-17,1.6782652580894818e-12,0.09359724772485561,0
0.31573156583188766,6.864344768835823e-17,2.3046793400978547e-13,0.6842684341674717,3
0.11177378929857076,4.112886335925665e-17,2.528323208144566e-13,0.8882262107019161,3
0.8584905575194507,1.977630021786155e-16,6.874839528063752e-13,0.14150944247981684,0
0.9714261363503192,2.0744607301506056e-17,7.768203708993774e-13,0.02857386364962083,0
0.998492122308637,1.0167385876179816e-16,6.913709453254624e-12,0.0015078776851188227,0
0.9995881595796935,1.694885061182095e-18,1.3161833367190184e-12,0.0004118404196490118,0
0.9998108014129681,1.9497231146323006e-18,8.940684451694203e-12,0.00018919857889802334,0
0.9998414636146711,4.596855975326209e-18,6.996857138273006e-11,0.00015853631548526863,0
0.9998220488823455,6.371114508188129e-17,1.9297536658212726e-10,0.0001779509248480959,0
0.9990037305055184,5.801012033141112e-18,9.629594657293868e-11,0.0009962693978773647,0
0.9998741621095266,6.57359067379303e-17,7.163617049999216e-11,0.00012583781843216254,0
0.9995151747143078,1.4822255956639766e-17,8.61476704257747e-10,0.0004848244237442403,0
0.9999296547199005,1.0766209419661135e-15,1.832109455818373e-08,7.032695941287398e-05,0
0.9998947313602359,4.43213646984788e-18,5.469363572229661e-10,0.00010526809290822786,0
0.9999195095696444,3.77566673104745e-18,3.0481741548232126e-10,8.049012634259628e-05,0
0.9999341310788972,3.193711852201226e-17,2.7588207813336633e-09,6.58661631474978e-05,0
0.9998859483272542,6.04949651976297e-17,1.2857587532751355e-08,0.00011403881595852074,0
0.9999255048124174,6.791119701726189e-16,2.0611357933923866e-08,7.44745765698776e-05,0
0.9997212855832162,1.2339845336562849e-16,3.32635895960108e-08,0.0002786811538779054,0
0.9999258197015479,2.0634043138928203e-15,2.6634218239969088e-08,7.415366351394029e-05,0
0.9997416627775145,1.3833743047941892e-15,2.074641027442981e-07,0.0002581297586833066,0
0.9999386005552922,2.1222981677409928e-15,9.403913747507813e-08,6.130540536675587e-05,0
0.9999113919153422,1.270791009160602e-14,4.680637480467222e-07,8.814002157300782e-05,0
0.9994760746244455,3.240642176595931e-14,2.6922341315881196e-06,0.0005212331404998411,0
0.9997566461774273,7.19706805042066e-14,1.955135223515084e-06,0.0002413986868763281,0
0.9999107144220645,1.482648713888606e-13,3.089031080515757e-06,8.619654631541908e-05,0
0.9998370845668387,2.074660130235633e-14,1.733065190015266e-06,0.0001611823672991989,0
0.999880127912772,2.5069917582134976e-14,1.1515187459136858e-06,0.00011872056755521595,0
0.9999133575922352,1.5488994936271962e-13,3.7585574743364347e-06,8.288385001650201e-05,0
0.9997832650151314,3.523170681501739e-13,1.1011171362494522e-05,0.00020572381303340421,0
0.999810515885704,2.604818685734299e-12,1.3172096506861823e-05,0.00017631201501419868,0
0.9995435736789055,1.6341993595224967e-11,9.485608267880446e-05,0.00036157022228784386,0
0.9988345557705043,4.131620366100361e-10,0.0008169500182827984,0.0003484937989140175,0
0.9908503995931923,7.510621036470506e-09,0.008760774678535343,0.0003888182177770136,0
0.9855065198675002,1.3701058099772803e-08,0.014134514994407276,0.0003589514378298184,0
0.9775065723376141,2.3194237505753485e-08,0.022104947852557212,0.00038845661488873517,0
0.9667683322726925,3.0684189304672784e-08,0.0326638739014237,0.0005677631413285417,0
0.9428891867401152,5.592990341313959e-08,0.056413098129894354,0.0006976592009415091,0
0.909204119822438,7.872547716925245e-08,0.08963499792809311,0.0011608035248553712,0
0.8421388457380979,1.454915863212483e-07,0.15525160498325602,0.0026094037875210325,0
0.6469034511326758,3.1992166208052744e-07,0.3495600284272221,0.0035362005185924474,0
0.41320328728086764,5.530764363835992e-07,0.5827658806619863,0.0040302789803500876,2
0.18182787758308921,9.086043562130835e-07,0.8088665618199502,0.009304651992013762,2
0.018666415416238605,6.405824380483295e-06,0.9801864046758566,0.0011407740842146745,2
0.002944598771712239,3.6499085952832914e-06,0.9968059648575629,0.00024578646176364355,2
0.00011359915820156541,9.81532388548587e-06,0.9998413806182531,3.520489929329178e-05,2
1.5408635102947398e-05,7.531863256254551e-06,0.9999343320185352,4.2727482913515145e-05,2
1.558700314532317e-05,6.873507605706702e-06,0.9999064792814649,7.106020816144395e-05,2
1.8041250512266085e-05,7.604644780762858e-06,0.9998642206030492,0.00011013350187015662,2
8.870095651879753e-06,9.390098593009814e-06,0.9999478268714546,3.391293477599296e-05,2
1.126245949408116e-05,9.130408249691989e-06,0.9999031982132388,7.640891866920287e-05,2
2.6835673287663377e-05,4.341793546616929e-06,0.9999266464494573,4.2176082826041955e-05,2
2.5981967926501842e-05,3.54497499797881e-06,0.9996213522923791,0.0003491207653881855,2
1.9197511478422847e-05,3.455903304004091e-05,0.9998789461522307,6.729730261460475e-05,2
1.7145561104370708e-06,0.003248991005843214,0.9966232022573018,0.00012609218019862762,2
5.917095225714984e-07,0.05089472444128612,0.9487807407697455,0.0003239430796227117,2
2.684625471489032e-07,0.20067727705806956,0.7986356441872448,0.0006868102918142161,2
4.6788581351736816e-08,0.5511881610338084,0.44770148396781706,0.0011103082102232016,1
3.9773470643111085e-09,0.8688874066370296,0.1305267635066559,0.0005858258796623761,1
8.539792968720098e-11,0.99556261938079,0.004298455089312182,0.0001389254437884108,1
6.672846952475008e-12,0.9997161189679447,0.000272972459641965,1.0908564864545051e-05,1
2.547495566469194e-12,0.999885567105175,0.00010465295263937155,9.779938851578756e-06,1
1.0665420679776502e-12,0.9999052169671097,7.557525768647648e-05,1.920777370797513e-05,1
9.100481143623233e-13,0.9998911821551779,9.7986237737117e-05,1.0831605988253094e-05,1
7.262977798538128e-14,0.9999678584189993,2.0995434610361048e-05,1.1146145943018729e-05,1
1.0223060250330879e-14,0.9999868213376256,7.569284643138988e-06,5.609377976988561e-06,1
3.1039579450427042e-15,0.99998832694374,5.07774847967659e-06,6.595307149025837e-06,1
9.770200131851019e-17,0.9999893817603004,1.255207386759922e-06,9.363032682569944e-06,1
1.2207389151105788e-16,0.9999948424562023,7.373793906383129e-07,4.420165183673375e-06,1
3.593238695495448e-17,0.9999947189256387,4.673117240706897e-07,4.8137633975023105e-06,1
9.718804561135003e-18,0.9999949414705658,9.03537641047205e-08,4.96817653760759e-06,1
9.314668132150115e-17,0.999994439524924,7.251444071591225e-07,4.835331574448175e-06,1
1.2839847716388947e-17,0.9999949560296834,1.6079639285892547e-07,4.883173169994068e-06,1
1.2387417733658888e-17,0.9999968241641407,1.328807428363924e-07,3.042956007139232e-06,1
3.469903489606468e-18,0.9999965564188816,8.92425065710907e-08,3.3543380514297264e-06,1
4.720015384705209e-18,0.9999968694968517,6.032553005886475e-08,3.0701780378934488e-06,1
6.425405240049583e-18,0.9999959294465126,1.2081869712667084e-07,3.94973464869298e-06,1
7.556757666868248e-18,0.9999963600051015,5.9897569260521e-08,3.5800981138460636e-06,1
3.414025217629431e-18,0.9999952987747297,2.4375920382028367e-08,4.676849968650941e-06,1
2.212536052337988e-17,0.9999920290837774,1.6543327180830295e-07,7.805483196297043e-06,1
6.484223183530525e-18,0.9999939897114557,6.135008676373156e-08,5.948939240530839e-06,1
1.7141133930053522e-17,0.9999963940328129,1.2467990260855862e-07,3.4812877613636317e-06,1
1.7674452277450933e-17,0.9999958354324324,1.23195964974342e-07,4.0413715251597385e-06,1
7.002397938496087e-18,0.9999947445532454,7.535320865059039e-08,5.180093809636911e-06,1
1.4286931215302285e-16,0.9999962902980457,3.1002758185989535e-07,3.3996738509697757e-06,1
5.259638516984855e-18,0.9999857407381396,3.552923599213608e-07,1.3903970240288245e-05,1
1.3080993360850681e-16,0.9999963695875028,2.9419851329134046e-07,3.3362145016034783e-06,1
2.3168130813968683e-16,0.9999935002499346,6.957861392395911e-07,5.803964582973817e-06,1
2.8671370155149796e-16,0.9999865065638882,1.2560041443794095e-06,1.2237432056284018e-05,1
4.171755586091607e-16,0.9999949777737733,1.1310394318742878e-06,3.891186269283832e-06,1
2.7711414604745693e-16,0.999993373649103,1.3874298603889657e-06,5.238920367214202e-06,1
2.587934404445387e-16,0.999990653153899,1.613720265788853e-06,7.733126724651992e-06,1
1.0643991629928084e-15,0.9999913371750666,1.874867291659867e-06,6.787957147825967e-06,1
1.6394394489857584e-15,0.9999884229525225,2.799683164561486e-06,8.777364225171913e-06,1
1.557769397061874e-14,0.9999783500695093,1.140873432348551e-05,1.0241195869988435e-05,1
8.327112237430128e-14,0.9999641367895459,2.643146882153123e-05,9.431741973672911e-06,1
6.924720238347797e-14,0.9999435271432396,4.473701529596387e-05,1.1735841933519876e-05,1
8.572130263715645e-14,0.9999678959180802,2.495064906618208e-05,7.153432791623161e-06,1
2.226377608307727e-13,0.9999650464866852,2.6672532592480455e-05,8.280980067158674e-06,1
3.642134557690227e-12,0.9999221401857318,3.610454994682978e-05,4.175526023073675e-05,1
2.855005566932426e-14,0.9995840442504124,7.602995306503689e-06,0.0004083527547219943,1
6.782386506481976e-12,0.9999317484225975,5.59991483187279e-05,1.2252421500833701e-05,1
2.8478724076731518e-12,0.9998776952235585,0.00010978906041970804,1.2515712573349008e-05,1
2.6388740468526888e-11,0.9983442212216661,0.0015956579363978166,6.012081634860417e-05,1
7.111160006205083e-10,0.9806584220261247,0.019168922183384923,0.00017265507957746565,1
7.415021006170085e-10,0.8832591944218313,0.11359737436707919,0.003143430470403933,1
3.8128665404629165e-07,0.2444682810912077,0.754024465683855,0.0015068719378250927,2
5.529019171771378e-07,0.08508650436619582,0.9146972031833298,0.0002157395477727836,2
1.3173515174068214e-07,0.03404755985357568,0.9654338226857238,0.0005184857255914724,2
1.698517961185918e-06,0.0040833257755450705,0.9958054225331792,0.0001095531726007296,2
1.319010614437022e-06,0.0005751188715015954,0.9989822962181694,0.0004412658992744047,2
2.249973730591577e-06,5.4990715055892265e-05,0.9999071814969196,3.5577813696380466e-05,2
2.9202320026336567e-06,2.037983043334907e-05,0.9999483775419163,2.832239570142455e-05,2
1.6726276983105824e-06,2.8309808538985353e-05,0.9999289195272798,4.1098036752394224e-05,2
3.554410187488736e-06,1.908286339574352e-05,0.999944862157844,3.25005693533642e-05,2
2.6152996518347813e-06,2.2249086760479467e-05,0.9999411418562735,3.399375640668777e-05,2
3.968139776036049e-06,2.9765523733418813e-05,0.9999084717526934,5.779458341279355e-05,2
2.9097965312086686e-06,2.1020204974957667e-05,0.9999424248021181,3.364519619109013e-05,2
2.8654585262881793e-06,2.2961513727790142e-05,0.9999079501598881,6.622286749430647e-05,2
3.622298990305764e-06,2.193013054087732e-05,0.9999459399775438,2.8507592263571228e-05,2
2.0321144221903215e-06,4.2482481960401e-05,0.9999274319918349,2.8053411282557043e-05,2
2.183672270478164e-06,5.105392675581298e-05,0.9999043770250428,4.2385375729362914e-05,2
6.902860199295325e-07,9.612814989147345e-05,0.9998456288651827,5.755269879329487e-05,2
6.483541191972559e-07,0.0002757777229750788,0.9996646836086812,5.8890315027317736e-05,2
1.2253331622427319e-06,7.265232116062404e-05,0.9998968645323778,2.9257812967326428e-05,2
1.4329352949381606e-06,5.323741600631547e-05,0.9998958299311529,4.9499717433858823e-05,2
1.2878489618852882e-06,0.00032080605835514697,0.9996257774713666,5.212862091241906e-05,2
5.621875502719047e-07,0.0012864726415156252,0.9986580681855953,5.4896985997611646e-05,2
5.272194167446051e-07,0.003417012762038575,0.9964876459973387,9.481402046321819e-05,2
6.411270083178388e-07,0.005874686423053832,0.9940729091663377,5.176328421820244e-05,2
6.492441797975669e-07,0.01499843638530892,0.9849012409569686,9.967341360180568e-05,2
5.176798283281675e-07,0.0345453281819793,0.9653407870359705,0.00011336710187667248,2
6.1917489904894e-07,0.06463714422811305,0.9352073962403935,0.00015484035668375428,2
3.605502532651969e-07,0.14635046474563831,0.8532731221524542,0.00037605255108446266,2
2.944182055836455e-07,0.26097477687743104,0.7386670736418789,0.00035785506279444046,2
1.7839128034216e-07,0.437737347002482,0.5618360624689659,0.0004264121374142939,2
8.689633043046132e-08,0.6273501414893977,0.37219806144523354,0.00045171016979054786,1
1.5678429680605638e-08,0.793672386967491,0.20593370367463806,0.0003938936803480167,1
6.552690089002357e-10,0.9744719998773771,0.025343496472370646,0.00018450299418040664,1
2.012134813816643e-11,0.9986540376905381,0.001321434754204572,2.4527534591098935e-05,1
1.9080180741651625e-13,0.999960270650053,2.9729603661393248e-05,9.999746613504183e-06,1
1.365475589120018e-14,0.9999811382181972,1.2725758252721119e-05,6.136023982073728e-06,1
1.409400382616442e-15,0.9999916207803828,2.7201439802617204e-06,5.6590752939904405e-06,1
1.6766106979758027e-16,0.9999944330420818,7.160348307745365e-07,4.850923696739505e-06,1
1.0417203593824607e-16,0.9999940645351378,8.324676587089608e-07,5.102997591414369e-06,1
6.158952024268966e-17,0.9999959546503275,4.5212203357279895e-07,3.5932267839356335e-06,1
3.0615768463894485e-18,0.9999953131446785,8.370618982936321e-08,4.603149311536956e-06,1
5.855365431907591e-19,0.999996460642148,9.239116468656505e-09,3.530119003190589e-06,1
1.4654909868878566e-18,0.9999966337984274,2.3803906875020477e-08,3.342398491047635e-06,1
3.849517112512038e-18,0.9999969583942275,2.7369706795149054e-08,3.014236120169477e-06,1
1.291812186106941e-15,0.9999864760416584,7.209866151525756e-06,6.314091823264357e-06,1
1.280870339572581e-14,0.9999745103315901,1.8953516958553337e-05,6.536152067256259e-06,1
1.43129296470472e-14,0.9999834163419966,1.1181888344545931e-05,5.401770504425116e-06,1
1.3542002901559694e-14,0.9999772918267735,1.524564026692759e-05,7.462532079386975e-06,1
8.878310076621434e-15,0.9999813539026398,1.0311519299530518e-05,8.334577225605669e-06,1
2.792081924479431e-14,0.999979965754991,1.2969798360455222e-05,7.0644474675126404e-06,1
3.202344860566967e-14,0.999969287082955,1.6630828143825547e-05,1.408208807135954e-05,1
6.649923999747675e-14,0.9999595085040552,3.2074122264915286e-05,8.417372994211798e-06,1
1.1428428941954412e-13,0.9999599192844347,3.3081666807135695e-05,6.9990488350056536e-06,1
2.0585369983725264e-13,0.9999539191134443,3.380261154013565e-05,1.2278275143572216e-05,1
7.143433737776705e-13,0.9998833696069748,0.00010548810324079028,1.1142288709096384e-05,1
4.2988619035454447e-13,0.9999200136402806,6.884123325155198e-05,1.1145125622988526e-05,1
4.07445110195335e-14,0.9999782440083581,1.4702098041181257e-05,7.053892987209907e-06,1
5.781187450623749e-15,0.9999859483091771,8.30395393471801e-06,5.747737195383079e-06,1
9.936934261720245e-15,0.9999903601993417,2.773407592307624e-06,6.866393705061825e-06,1
1.0456669308179128e-12,0.9998878758869487,1.1236230373865569e-05,0.00010088788108139371,1
1.7462966486723359e-09,0.9884773303680746,0.0016919284275864028,0.009830739457159851,1
1.0822653192310858e-10,0.47912041753885565,0.0006218111708573075,0.5202577711821622,3
2.393518083373981e-07,0.43089753450459106,0.001877475809401183,0.5672247503343754,3
4.0758713379872286e-08,0.34784328588131685,0.0013728509958372452,0.6507838223649819,3
4.994095117622544e-13,0.2568514631494145,1.2357633500378556e-05,0.7431361792161107,3
5.692989775754813e-07,0.9678208651296719,0.01717800842080989,0.01500055715036067,1
3.803571422866688e-09,0.9783447595395814,0.015577787520832281,0.006077449135576966,1
3.4643646384728474e-09,0.9732008181508971,0.02321719657190139,0.003581981813700413,1
4.5278260677167974e-08,0.9016290080679776,0.09795832215557249,0.00041262449772354825,1
6.022656174347397e-08,0.6620244387702163,0.3375571510064663,0.0004183499961072987,2
1.9756299996160533e-07,0.43278456569368157,0.5665501065339352,0.0006651302102217587,2
1.5500768139306015e-07,0.23753962860408073,0.760116008482143,0.002344207905647088,2
1.0445848723537458e-06,0.04558044576573146,0.9541729207544445,0.0002455888956544057,2
1.7616311366675368e-06,0.005069916971493233,0.9948363568467175,9.196455152623732e-05,2
1.8666896164253826e-06,0.00038571433574948626,0.9995824100841232,3.000888969616713e-05,2
2.9754060391892063e-06,5.3413904446279425e-05,0.9998516439909967,9.196669873384085e-05,2
2.0275464700539593e-06,2.1629062424136206e-05,0.9999311709403214,4.517244995707753e-05,2
2.7116309530147955e-06,2.32589584233238e-05,0.9999221943983101,5.183501301312327e-05,2
1.3089468641351924e-06,2.2313691207114875e-05,0.9999010843578916,7.52930043501225e-05,2
1.3205626701310294e-06,4.2476865514977e-05,0.9999172770242116,3.8925546766011337e-05,2
9.662437844622644e-07,8.670192948542666e-05,0.9998693882983664,4.294352836750804e-05,2
1.1122150397261827e-06,0.00010632356606243555,0.9998613778362974,3.118638321920868e-05,2
9.174399684284134e-07,0.00011705930199512413,0.9996882474785471,0.0001937757795980927,2
1.0875975732496525e-06,9.207693814195059e-05,0.9998587320845249,4.810338064387457e-05,2
7.072398347557747e-07,0.00017389767562540039,0.999767298049851,5.809703454775044e-05,2
9.103031989181752e-07,9.236524243343258e-05,0.9998737994123723,3.292504266652787e-05,2
1.0579443285567284e-06,6.739496952636938e-05,0.9999022512085172,2.9295876763771773e-05,2
1.091431416278442e-06,7.30531863761862e-05,0.999899069904746,2.678547832195724e-05,2
1.4795985942031138e-06,6.585626478615385e-05,0.9998979553666283,3.470876947578461e-05,2
1.321865698907668e-06,4.398167089383935e-05,0.9999246744113776,3.0022051873906654e-05,2
2.2554925382738916e-06,3.811369473918857e-05,0.9998891381594054,7.049265296975199e-05,2
5.96075339985324e-06,2.3120698199060906e-05,0.9998803499702292,9.056857748175277e-05,2
6.126416990022036e-05,5.853383015710802e-05,0.9987395193375406,0.001140682662632269,2
0.001498876245023827,0.00018393237731561128,0.9428162559317153,0.05550093544635444,2
2.5162688031214837e-08,1.462773025027667e-05,0.14286115621345613,0.8571241908942451,3
0.0006904984672444441,0.00023289494469860576,0.9696615615015352,0.02941504508661952,2
8.090785070016235e-05,1.937768564353896e-05,0.9969508756031041,0.0029488388601099113,2
1.5460510022756434e-05,7.754062669401897e-06,0.9999053984050342,7.138702240161755e-05,2
6.568697278849697e-06,9.226721160961993e-06,0.9999472490615864,3.6955520491244995e-05,2
6.331159640458586e-06,1.1227223832072817e-05,0.9999419207620185,4.05208540238855e-05,2
2.5029510134707917e-05,1.4645732702747975e-05,0.9995867651540206,0.0003735596028266115,2
5.2811578503743336e-05,0.00030789357738709056,0.9958088832339188,0.003830411610187237,2
4.2259689023866713e-07,0.0006592594536344203,0.7891228148289348,0.21021750312056756,2
0.0002088243255333329,0.0013431103802591306,0.7275893448226574,0.27085872047066684,2
9.01794768684243e-23,6.665968018651012e-12,1.1684186085488751e-10,0.9999999998763087,3
0.00013864618940527082,0.0017874782580047464,0.9446645364665366,0.05340933908628329,2
5.819444855557319e-06,0.00045142663367415167,0.9961939354088906,0.0033488185118863453,2
9.311449156382993e-07,0.0006665308789055837,0.9977337343689106,0.001598803606647128,2
5.515808994671109e-07,0.0020897119624179897,0.9883117813115517,0.009597955145908346,2
4.473530436956601e-07,0.002754437273415039,0.9672571249158205,0.029987990457252207,2
2.001607854906097e-06,0.002132923821577044,0.9952602238411086,0.0026048507300134266,2
7.834221860404754e-07,0.0012018647317993732,0.9986168026852077,0.00018054916075985474,2
9.148576324839718e-07,0.0005830899608596992,0.9991195681678873,0.00029642701328325984,2
6.625214867082135e-07,0.00033163877004708104,0.9965691479255756,0.003098550782755346,2
1.0316413016183351e-07,0.0007284174935719132,0.9984365339730678,0.0008349453697169761,2
7.260597475920491e-07,0.001009646374022027,0.9989246820255488,6.494554108782301e-05,2
4.3636878189825415e-07,0.0020636890000313287,0.9977953190201602,0.00014055561144047355,2
5.048081527996434e-07,0.0022420846213210928,0.9976705196706471,8.689090016217649e-05,2
3.9781008937495813e-07,0.001868604859599558,0.9980432390052456,8.775832563992785e-05,2
6.562154655760432e-07,0.0008360487340320033,0.999112962757069,5.033229397414583e-05,2
2.28892963000204e-06,0.00013837547765836137,0.9997899701434306,6.936544848773783e-05,2
2.851525284395122e-05,5.2814167464201795e-06,0.999806794017997,0.00015940931223353862,2
0.00016341090496485588,5.247401125685077e-06,0.9965808349573123,0.003250506736507804,2
0.0005523891792337637,1.761703966191636e-06,0.9982741089554046,0.0011717401617877693,2
0.0007592866070921655,2.709001105270847e-06,0.9990200572401152,0.00021794715147000667,2
0.0018594416775310613,3.1162555938778415e-06,0.9979763922232504,0.00016104984340906028,2
0.004828528047526945,2.55334332646869e-06,0.9948752222166367,0.00029369639163530933,2
0.016661426372502973,3.461971088089531e-06,0.9804853335428677,0.002849778112648714,2
0.027979670514989164,3.718755644701501e-05,0.9247605680309887,0.04722257389728198,2
0.0047503101816877055,2.949602573438239e-06,0.04290635321179518,0.9523403870036731,3
4.618214893138377e-06,3.439338879352434e-09,1.296880598898899e-05,0.9999824095394705,3
7.437351658202485e-08,4.705001674361636e-09,3.295965952626066e-07,0.9999995913240962,3
4.504636180893068e-08,1.0289110239954812e-11,4.9849392486469e-08,0.9999999050942324,3
0.9607211244429873,4.953850169964303e-08,0.003365742097616526,0.03591308392102442,0
0.9967498833703344,3.587209612938653e-10,0.000326580164248741,0.0029235361069458953,0
0.9996920102960383,2.4200189129181094e-11,5.1601347439757224e-05,0.00025638833193662215,0
0.9998306722303094,7.424624332763462e-12,1.6742867399513957e-05,0.00015258489491995944,0
0.9990345661506793,4.4176962284411613e-13,2.6200780686467725e-05,0.0009392330676301028,0
0.9998630000239298,1.284402912981267e-12,6.076548906533003e-06,0.00013092342584611542,0
0.9998420728960692,1.5619073702159356e-13,4.405077642857684e-06,0.00015352202641052412,0
0.9998448883709738,9.372063163077636e-14,4.026716150828888e-06,0.0001510849124925944,0
0.9999129106999048,2.770833593336953e-13,4.037466617264312e-06,8.305183394179203e-05,0
0.9996801431685799,1.7998699161829561e-13,5.181672219571308e-06,0.00031467515947078233,0
0.9997527064382382,2.325223593628417e-12,1.9630521952176792e-06,0.00024533050737611745,0
0.9968578953679456,9.148992555263864e-13,1.2285368309692862e-05,0.0031298192625817942,0
0.9992667575731773,1.1388762634514339e-11,6.491103764339088e-06,0.000726751312172421,0
0.9994689905053208,1.616723625818567e-11,2.472751269576112e-05,0.0005062819654346939,0
0.999416766757567,1.1295547084870299e-11,2.2297437216776316e-05,0.0005609357934644283,0
0.9990980641896039,5.426650646946442e-10,6.232734922213147e-05,0.0008396079189035684,0
0.9762012976820948,3.0307983339239086e-10,4.301881692050993e-05,0.0237556831982709,0
0.7076263622374694,8.384415778747963e-12,1.740032434183884e-05,0.29235623743039546,0
0.981776287609128,2.6575271300892403e-10,4.300093793141797e-05,0.018180711186666525,0
0.9986114456398353,3.533398576962094e-11,7.204609812192651e-06,0.0013813497151395624,0
0.9993926369765977,7.184787902717225e-12,5.336816285329283e-06,0.0006020261991736047,0
0.9987572968239629,1.5920834519601948e-10,2.1363276488580415e-05,0.0012213397411941272,0
0.9648976711917101,5.789290781819881e-11,0.00023223760192455655,0.03487009114760241,0
0.9981983828810057,1.6619017770369053e-09,0.0002107669438748922,0.001590848512508639,0
0.9995436073057599,2.88383333346444e-10,0.00012336206061158825,0.0003330303447758845,0
0.9980876247395518,4.075472607710189e-10,0.0003488515442739016,0.0015635233094493614,0
0.9727789361888762,3.090264300436814e-09,0.0021033807408293963,0.0251176799802091,0
0.35073897772202955,1.2710316339348109e-08,0.037820433719412204,0.6114405758479369,3
0.004684549955668661,1.132299150857773e-05,0.1410449267188864,0.8542592003336026,3
0.005222549518836378,9.610863451924826e-05,0.9430404515135021,0.05164089033374587,2
0.0020363239632474853,1.1037777628663825e-05,0.994739725893714,0.003212912365875868,2
0.0012403115049996068,5.209504925738671e-06,0.9924784170521154,0.006276061937095054,2
2.279216825945523e-05,1.3838723757527089e-05,0.9483411947605861,0.051622174348225386,2
0.00019156769727823143,1.1617770084442661e-05,0.9967084227696819,0.0030883917628045147,2
8.57895217522096e-05,4.807626297127976e-06,0.9997075592247429,0.00020184362764113722,2
0.00015452467473510819,8.621130356741661e-06,0.9971228106161631,0.002714043579371075,2
2.237204407728904e-05,5.152957249502569e-06,0.9509030031785788,0.04906947181979866,2
0.00016247096163066727,5.8251619309210496e-06,0.9359531895061812,0.0638785143710181,2
0.0016639267793080348,1.0842503600885154e-05,0.9396656132132437,0.05865961750350602,2
0.013791499540984593,1.1018779435039835e-05,0.9185284221287852,0.06766905955145845,2
0.01557011756158184,3.477765756409524e-05,0.720762458003973,0.26363264677677206,2
0.001251865240047901,8.510189014480476e-06,0.314977600121096,0.6837620244497566,3
0.006828660857978888,3.9233116125079335e-05,0.24100682285230052,0.7521252831743303,3
3.323862278725818e-08,1.0024850378058546e-06,0.015002453612043989,0.9849965106634648,3
0.0002874168491949546,0.00053890208419262,0.3241429706911204,0.6750307103762204,3
5.5881528091792195e-05,0.014877422129019694,0.9089676332060301,0.07609906313761074,2
3.5839491853704902e-06,0.035128722610049186,0.9321309733068591,0.0327367201335392,2
2.0913670415251796e-07,0.14181245283336122,0.8471451634156272,0.011042174615003196,2
2.3998959122068377e-10,0.9929662754358479,0.0053882180339732575,0.0016455062904963773,1
3.6860280228182104e-12,0.9998843419621432,1.1548863553200604e-05,0.00010410917137311939,1
5.032341869231184e-15,0.9998213521426605,3.980866239053192e-06,0.00017466699101171957,1
8.178385212512863e-13,0.9999818580171852,8.2144046508634e-07,1.7320541100390565e-05,1
8.914769007846598e-12,0.9983107573312281,2.2619794043310262e-05,0.0016666228661430217,1
3.104380866710425e-16,0.7934709127029936,2.0250363204520171e-07,0.20652888479378984,1
3.111273404529119e-13,0.7821387315020938,2.1321684671444296e-07,0.21786105528043176,1
2.3051287950507284e-11,0.8794057827454068,5.18693544242263e-06,0.1205890302964428,1
1.714176783885999e-10,0.9979256600246672,6.897585752319163e-05,0.0020053639455497995,1
1.567955106699331e-12,0.9998067046464942,2.6455284509894685e-05,0.00016684006724378318,1
5.5144257541680904e-14,0.9999875297885329,4.018427703913179e-06,8.45178306038285e-06,1
2.2640462019500983e-14,0.9999849084790279,4.13741772469154e-06,1.0954103063467891e-05,1
9.433830175473964e-14,0.999943686017547,7.854357403091695e-06,4.845962468789211e-05,1
4.243010713886695e-12,0.9998526630564518,1.7924082597569395e-05,0.00012941285709074725,1
3.935701150323857e-15,0.9989759595556909,8.585959650050844e-06,0.0010154544854196121,1
2.0818970193715183e-12,0.9999622108435526,2.0182101456660636e-05,1.7607053118987195e-05,1
1.2207541202909356e-13,0.9999718579796537,1.77468826997346e-05,1.0395137343430314e-05,1
1.8843222384789693e-12,0.9998900024167968,9.27468538952984e-05,1.725072753597215e-05,1
3.358013171850757e-12,0.9991492473237927,0.0005565642336036803,0.0002941884391847389,1
1.6382278158810104e-10,0.9967763947393775,0.0029219052852528776,0.00030169981179054955,1
2.9071132945001077e-10,0.9894895669616183,0.010127700163539538,0.0003827325846872579,1
6.701542373812466e-09,0.9109924559623696,0.08834023115148226,0.0006673061839828778,1
4.6279185601556476e-08,0.7159299686105612,0.28170022040263143,0.0023697647067536134,1
1.678582920463458e-07,0.3028822334879328,0.6931177181516079,0.003999880502193057,2
6.153364234709223e-07,0.1236781197979413,0.8758421880278968,0.00047907683717894167,2
1.0675059395742413e-06,0.03668256564280134,0.9631971025755112,0.00011926427549951951,2
3.374747208959606e-07,0.019958052162784998,0.9796940542375174,0.0003475561244114691,2
1.2363875309220918e-05,0.011982320404726583,0.9859215544313923,0.0020837612894807137,2
9.645415168085906e-05,0.010512220830747335,0.9236045968537513,0.06578672816291482,2
4.813583562666392e-13,8.15371367742617e-07,3.051812574808062e-06,0.9999961328159968,3
2.8641634420967052e-08,4.8401091476141386e-05,0.0002678368574658374,0.9996837334098728,3
1.4770203054803026e-05,0.005653255723303699,0.030201924128640815,0.9641300499451604,3
3.1969509949006975e-06,0.00406025135404654,0.03522998101136834,0.9607065706829708,3
3.3676146523493985e-06,0.0024168528214430145,0.02498946615680233,0.9725903134071794,3
6.521384209116123e-11,3.3771118457725537e-06,0.0005733401370806104,0.9994232826854286,3
0.00014326905589095477,0.0009692341757874917,0.8188466307757644,0.18004086599240005,2
2.0941968500050986e-05,6.32489692844146e-05,0.946842116168739,0.053073692893685694,2
0.0001240756528467228,3.214394822052711e-05,0.9936240013384691,0.006219779061033082,2
1.0500874992464453e-06,9.299357025021765e-06,0.9832137273766621,0.016775923179273393,2
9.166684669861272e-06,1.8983895701301236e-05,0.9996369819668958,0.0003348674519619558,2
3.314900982952074e-06,2.4362853024952542e-05,0.9999333406494147,3.898159608828203e-05,2
1.8128251877468724e-06,3.822703207457838e-05,0.9997284875796896,0.00023147256357990603,2
1.21705688290459e-06,0.00011700900925220144,0.9997425502099644,0.0001392237239554163,2
5.513320617297355e-06,3.342229954698545e-05,0.9997852764161418,0.0001757879631578676,2
3.553708388592219e-06,4.808065278616324e-05,0.994473651980044,0.005474713658953558,2
3.3201455112329123e-06,2.0948254677654576e-05,0.996750752139421,0.003224979460234058,2
1.4692577794505762e-05,8.77079118166563e-06,0.9998418236811654,0.00013471295009924073,2
3.684543480675694e-05,9.789087879413704e-06,0.9989242524480532,0.0010291130285120865,2
2.0078458993924107e-06,1.5668653637632775e-05,0.9819362398791199,0.01804608362094911,2
3.355826123582492e-05,1.4056293280810037e-05,0.9864874202762816,0.013464965169987728,2
0.0005171292590358532,4.456949168485039e-06,0.989172226606838,0.010306187185455761,2
9.511691340769546e-05,5.554085272607699e-06,0.9646783106980412,0.03522101830405436,2
0.0011425659717444396,2.491913507676612e-06,0.9945542356438174,0.004300706471183259,2
0.0006534670046722591,3.989530149415814e-06,0.9968251453877895,0.002517398077854354,2
3.131555813968079e-05,1.0560711415344085e-05,0.9853364851433265,0.014621638587154581,2
3.8070803446789554e-05,7.017233522101139e-06,0.9919961108560803,0.007958801107295535,2
0.00021979032036127663,1.137966257347606e-05,0.998076475248842,0.0016923547675003717,2
0.0003574952597792869,0.0004429335810907349,0.9818769766524359,0.017322594506472857,2
3.007222069904574e-10,1.1016201130744728e-05,0.006173020655408909,0.9938159628423083,3
1.2852293679408951e-06,0.000166169621291437,0.022230846519233998,0.9776016986296825,3
3.349556871662969e-05,0.00016766421062289438,0.040776810763817506,0.9590220294564146,3
0.0022319870995884147,0.0005494128434107015,0.07262209601539799,0.924596504041216,3
7.726769834891471e-08,2.7343450900996675e-08,0.00018231335818102298,0.9998175820310943,3
8.024438455268098e-06,8.01641020487408e-05,0.08369941234388273,0.9162123991157635,3
0.0010291835421688555,0.00017964097421432535,0.36214807156325796,0.6366431039203349,3
0.0004109753660144597,0.0001240575690908161,0.5012961717789466,0.4981687952859185,3
0.00013965896114805424,6.583869531303358e-05,0.8965272503107318,0.10326725203203613,2
3.880588769144398e-05,0.00019500657530107873,0.9626626821174669,0.03710350541876694,2
4.314813929400725e-06,7.431091735426805e-05,0.9930391441952375,0.006882230074261472,2
1.2006132280858046e-06,3.537043564936583e-05,0.9993456275097115,0.0006178014418133671,2
1.960880863453106e-06,3.8018296310130215e-05,0.9999157545080404,4.426631533214569e-05,2
4.090194465270797e-07,4.003935370299032e-05,0.9993551334226901,0.0006044182033322261,2
1.5516187730631352e-06,0.00010310399453928658,0.9993214170020339,0.0005739273852019427,2
3.8574590776034585e-07,0.0006332074742278229,0.9990822138044422,0.0002841929749365603,2
1.9035790928793187e-06,0.0034000841823855405,0.9964715108824379,0.00012650135618018135,2
4.2532865147864015e-08,0.03411495604876129,0.9641939485705238,0.0016910528484519348,2
9.769147677509193e-08,0.04316954965957521,0.9555276105709744,0.0013027420785196753,2
3.016525714816219e-07,0.04181174762544301,0.9579009049854628,0.00028704573692398466,2
4.994083256507669e-07,0.02418700480331245,0.9757482773642971,6.421842484243059e-05,2
9.355759305586862e-07,0.017075047134949357,0.9828238462021516,0.0001001710869340418,2
1.9629681075150453e-06,0.015258822367548715,0.9840891077231074,0.0006501069415702743,2
0.00010367081021986077,0.014889771125109648,0.9579128076333248,0.027093750431102712,2
4.96175592423243e-10,2.7062107319121156e-05,0.002299221265960786,0.9976737161311245,3
1.061994277564541e-05,0.0003125799796056896,0.03137870030859323,0.9682980997684209,3
2.9548708208757662e-05,0.0034260681302782036,0.670630911302897,0.32591347185843744,2
2.4182323434826005e-06,0.0013773842767144443,0.8510939718437487,0.14752622564683882,2
3.3149602118172426e-06,0.0002975605734204356,0.958473272976029,0.0412258514901181,2
0.00012049857474451526,2.0956414879871608e-05,0.995979211179257,0.0038793338308576184,2
0.0008643079858992813,2.8726459514410706e-06,0.9969074459474339,0.0022253734204387182,2
0.001677976427030322,1.812407737495248e-06,0.9978560269832604,0.00046418418243493746,2
0.0021738190773132235,2.3690231786689783e-06,0.9971159982650513,0.0007078136349771197,2
0.002076223251495941,2.4031022695802955e-06,0.9963368716092549,0.001584502037222485,2
0.002715324873883875,1.6243914213064186e-06,0.988589524792687,0.008693525942360135,2
0.005176017226288794,2.2031001627749704e-06,0.9872475716261216,0.007574208047718534,2
0.008245290537429584,3.2473587195363035e-06,0.9871936145441156,0.0045578475596393655,2
0.009629692743105897,2.4989140491384864e-06,0.9818019731092013,0.008565835234088897,2
0.017345905981419486,1.0519260829541659e-06,0.9739962796178004,0.008656762474883136,2
0.014604813095395247,5.028451866238772e-07,0.9725478023139346,0.012846881744582617,2
0.01375946151013587,1.2757957884107232e-06,0.9841017729896719,0.002137489704345758,2
0.010404778779338689,1.7579732478911701e-06,0.9883442508343261,0.0012492124138887254,2
0.004821980670448865,2.2604483020005955e-06,0.9920289137654039,0.00314684511572837,2
0.0012266762594212602,2.09641359224579e-06,0.9985460015949175,0.00022522573235131846,2
0.00024411956589052105,2.6683477149133006e-06,0.9995589579856519,0.00019425410044244404,2
6.833477880052484e-05,3.2352744203442724e-06,0.9996258824114219,0.00030254753543265526,2
9.077179006393127e-05,1.5257861275710438e-06,0.9996426682817617,0.00026503414211412243,2
1.0725613793852197e-05,2.7544648998987772e-06,0.9994513263614593,0.0005351935606915537,2
7.279085783668207e-05,7.879524827204848e-06,0.9995688223141768,0.0003505073037638072,2
0.0007621867730439564,3.518503702556646e-06,0.99911998646888,0.00011430825496577568,2
0.0049145504140991015,4.291325986430118e-06,0.9935585954991613,0.0015225627609727786,2
0.029602576641138505,2.9213008336144972e-06,0.9652187850716906,0.005175716986051457,2
0.12316788674563892,1.3455415641513606e-06,0.8747232178560886,0.0021075498562805424,2
0.3326329533106285,1.9986152765655115e-06,0.6616185156438136,0.005746532430764495,2
0.6159861409299134,4.384906835606099e-06,0.35326786725691145,0.03074160690576235,0
0.7190235949522553,1.4687738588785534e-06,0.09647095276952261,0.18450398350434816,0
0.04807664879938323,5.4724725762712085e-12,1.4773504638685535e-06,0.9519218738440375,3
0.016438542678437515,4.229409931052923e-11,1.3284615860394806e-07,0.9835613244324951,3
2.6395094693707453e-06,1.214531679597339e-15,4.998188772173478e-13,0.9999973604897879,3
0.1761670168179431,2.5845075623112865e-10,4.375325344890474e-07,0.8238325453919809,3
0.21968755231663925,1.8497184892641826e-10,2.6054938461491244e-07,0.7803121869493754,3
0.2676683285770376,2.7949272748606855e-07,0.0005744831777782086,0.7317569087517521,3
0.295169506146879,7.201303806573378e-07,0.001062270163356049,0.7037675035593491,3
0.19016872664322504,5.647621759538103e-09,0.00022128027864666466,0.8096099874305258,3
0.8834472056717653,3.3435234050754843e-10,6.927144615936762e-05,0.11648352254720909,0
0.9972520475497642,1.0923022904979182e-10,2.891982048987776e-05,0.0027190325200493327,0
0.9996727187288912,1.8423940361817884e-12,4.971136167944452e-06,0.00032231013377342866,0
0.9998474142257211,2.3776343561935636e-13,3.180964781904195e-06,0.00014940480940225432,0
0.9998424447552519,6.268299743325641e-15,2.7030495741958694e-07,0.00015728493938558228,0
0.9998824111572906,7.948389763828564e-14,7.233063276209414e-07,0.0001168655358018318,0
0.9994471033091376,1.7326151675687318e-13,2.0558873001693746e-06,0.0005508408025804404,0
0.9992943951985787,1.442035606970658e-13,7.907352034214222e-07,0.0007048140655259526,0
0.9998337122318165,1.4804819630078906e-12,6.416959870085485e-07,0.00016564607146780507,0
0.9960340853039327,1.4037552362695038e-12,2.9046594175476207e-06,0.003963010035761817,0
0.993432255371248,1.3514720678456325e-09,2.437915370936142e-05,0.006543364123964055,0
0.8841749229523386,9.089018943969237e-10,0.00011548758716054309,0.11570958855244413,0
0.17017997256029713,2.6206789101071663e-12,1.693169056542226e-06,0.8298183342679352,3
0.8665339261131644,4.3741857074785427e-10,2.0504734610614376e-05,0.13344556871532773,0
0.9670914269093186,8.970936046018788e-09,5.650135630176758e-05,0.032852062763851886,0
0.9634788585157613,1.7666829576446786e-09,1.4856731079261438e-05,0.036506282986910235,0
0.5494224112933681,7.298545273262478e-12,1.472456538006602e-05,0.4505628641342487,0
0.9708543455718878,1.3765607581881613e-09,0.00017322900377351146,0.02897242404828595,0
0.998058208976009,8.923312453801283e-11,3.243868567781395e-06,0.0019385470668817663,0
0.9974459208073798,2.3117047531600905e-11,6.0693833652177895e-06,0.002548009786449265,0
0.9976422381925703,8.640198805418927e-11,3.155403860059769e-05,0.0023262076818854256,0
0.9992265889233486,4.036875655260787e-10,0.00016811270477855788,0.000605297968059889,0
0.9970100073013571,5.214443934354544e-09,0.0016857919809340966,0.0013041955025963213,0
0.9781832732230944,4.50369997385743e-09,0.003115296500291501,0.018701425772508593,0
0.9952869716389154,2.8310659574411764e-09,0.0018395742438790138,0.002873451285899735,0
0.9996234538428372,2.4782162863816346e-12,1.703046009655267e-05,0.0003595156952910265,0
0.9998791986010661,2.3006823419945388e-12,3.167692507251511e-06,0.00011763370430412125,0
0.9982008933587753,5.869209133877446e-11,3.698300449097968e-05,0.0017621235778092904,0
0.9217674600713253,1.608121778416184e-09,0.00036374308169647546,0.07786879523812792,0
0.005438535155154819,4.806084904469827e-11,1.688727564548128e-06,0.9945597760700865,3
0.12519460474956565,6.267170230584687e-07,0.0010908736132026373,0.873713894920888,3
0.00019391821169241784,5.995606214642558e-10,1.7649522914965647e-06,0.9998043162359598,3
0.15721342161034593,3.684210227507299e-06,0.005610560205643621,0.8371723339732108,3
0.035965286215631616,4.9935576283540416e-08,0.00027647545264212835,0.9637581883963733,3
0.06811661955815514,9.199435478448367e-07,0.0014277999260778136,0.9304546605713894,3
0.031571732360101565,4.576680017640104e-07,0.0006022035794337641,0.9678256063923081,3
3.7495208945286094e-05,3.599462614085674e-09,3.043969173917656e-05,0.999932061500285,3
0.2004541775406035,1.5723240753838637e-05,0.4909217589475244,0.3086083402718704,2
0.13330771828936464,2.1439376600627344e-05,0.8312234817401783,0.035447360593349825,2
0.0668522973353118,3.736319185642885e-06,0.9304424138402256,0.0027015525052860203,2
0.017146306516255518,2.5178550792642762e-06,0.982087108842621,0.000764066785239092,2
0.003028489330564452,3.1276191131774167e-06,0.9967022276720607,0.00026615537908418035,2
0.0005426087790728265,3.383436048867665e-06,0.9993888840990123,6.512368651667118e-05,2
5.676379072696262e-05,8.609780178743326e-06,0.9997778793091586,0.0001567471191607273,2
1.921465234394353e-05,6.412471248205226e-06,0.9999107472718993,6.362560450691904e-05,2
1.7973894825610472e-06,4.165857901442184e-06,0.9994282675212344,0.000565769231034715,2
5.932322863014111e-06,1.040019245855559e-05,0.999700260550516,0.00028340693342144527,2
6.544568634812173e-06,1.0800127584742741e-05,0.9999538811910825,2.877411200843134e-05,2
8.468514052626606e-06,8.004763694425996e-06,0.9999041218761853,7.94048466149173e-05,2
5.735457025248144e-06,0.00012689602972358418,0.9997554589089741,0.00011190960458475012,2
4.992379432187591e-06,0.005578220815929875,0.993071035617607,0.0013457511869737894,2
5.90427122006856e-07,0.10758086951653166,0.8910889631511207,0.0013295769055289284,2
1.3892680099545647e-07,0.8736420919661001,0.12306673662174955,0.003291032484695544,1
1.174786855618498e-11,0.9923915947230153,0.0016295242109101889,0.0059788810546492835,1
3.291069042224065e-10,0.9993808353866132,0.0004669538263425077,0.0001522104583642173,1
2.3425263889803424e-10,0.9986880707485492,0.0012213265467324141,9.060247098230643e-05,1
4.2398743256914143e-10,0.9928995164562116,0.006128497871546962,0.0009719852484243949,1
2.2689804959490786e-08,0.9637084529360285,0.03355720525896013,0.0027343191153803223,1
3.028885044812757e-06,0.822431265321766,0.11301877671725705,0.0645469290759294,1
2.936429378806818e-08,0.002030937293563157,2.8108628017563537e-05,0.9979409247137636,3
8.138086860760483e-44,1.831109109952389e-24,1.9400844106022087e-30,1.0,3
2.455231045821379e-07,3.542674320958253e-05,4.4259482205276086e-05,0.9999200682510705,3
3.109194993980565e-08,7.227989542646151e-05,2.83166963307115e-05,0.9998993723158154,3
7.917403311869633e-05,0.00939241540960481,0.024863118952273465,0.965665291605047,3
5.233604161816464e-15,3.529748178002952e-11,2.5333931492458876e-10,0.9999999997107807,3
1.5905609613505286e-09,1.656328786873274e-05,1.908693934780863e-06,0.9999815264269446,3
1.798825363250176e-06,0.0016470593482916778,0.008693873110173406,0.9896572687159184,3
9.00156249125828e-06,0.0013150982721539678,0.011630934141326136,0.9870449660245095,3
5.256819466185414e-10,2.5317532419444756e-07,1.2802106794018571e-06,0.9999984660874301,3
7.002914181215381e-10,4.1945239141452734e-07,2.19662455679515e-06,0.9999973832234578,3
1.8008996206071266e-06,1.1412308610947312e-05,0.0003892940221529771,0.9995974927687579,3
7.875712240557292e-06,1.4885792968112844e-07,0.000740854768544744,0.9992511206621323,3
0.039727993281788596,4.9146145446827244e-05,0.0284215615998571,0.931801298972915,3
1.1227523441775563e-09,3.72039849885418e-10,1.0073857131603978e-07,0.9999998977673438,3
0.00015111252608442823,2.602634767776401e-06,0.00046103482113355913,0.999385250018851,3
1.3170565379441867e-14,1.2452756352754788e-10,5.44517673721715e-10,0.9999999993306119,3
4.1107799789095675e-10,2.226927392024434e-09,3.7686518173671797e-07,0.9999996204970368,3
1.9728176580838127e-15,2.7414069097740283e-12,2.484448522421572e-10,0.9999999997489795,3
4.828443784020549e-07,5.807561550771329e-08,1.4522364130702128e-06,0.9999980068443474,3
1.0260488405302103e-39,1.7207171486371157e-24,1.1180531832289284e-26,1.0,3
2.222881677377942e-15,2.716043407108947e-15,1.1078413923343513e-12,0.999999999998181,3
0.00010028346663251262,7.14725317057937e-08,3.3635680378757266e-05,0.9998660093796528,3
4.832318290489022e-06,5.462556503408465e-08,2.3992197173549477e-05,0.9999711208588522,3
5.299006773552788e-11,9.10896794085274e-11,5.475134103872306e-09,0.9999999943811417,3
7.102306065233607e-06,2.307877184809506e-08,2.157141331668151e-06,0.9999907174745841,3
9.962472906590045e-10,5.7867364408443155e-11,3.1515595558653434e-09,0.9999999957944965,3
1.963950018798557e-25,3.280603471854411e-20,2.8965185265952824e-20,1.0,3
1.0899083528450525e-08,4.667207225948763e-10,2.2544581971007097e-07,0.9999997631876166,3
0.00033417874715445975,3.143919182956507e-08,3.553158924877692e-05,0.9996302582249769,3
3.5600689852747297e-06,2.574353249925475e-11,2.892733869881768e-09,0.9999964370117406,3
5.177616322305066e-13,9.772026624387062e-15,1.267226291054492e-13,1.0,3
0.0005097254501449357,6.741663661199775e-09,4.107346315328116e-06,0.9994861604612736,3
0.0011484099404629896,2.305500248747933e-09,2.9592511131846945e-06,0.9988486285029996,3
0.016405532583250143,1.4035933663165963e-08,1.710480673998126e-05,0.9835773485746615,3
2.538668088552025e-05,7.824840255555677e-11,1.6101919922322733e-07,0.9999744522218186,3
1.3942817667731885e-08,5.057251880592404e-13,5.627745953473487e-11,0.9999999860010577,3
5.286413612665902e-34,7.620070606585754e-34,1.50946722440146e-35,1.0,3
3.389509830789775e-06,8.332607198981006e-18,3.177101664710561e-16,0.9999966104899759,3
0.005720975619230229,2.9225062033942718e-15,4.3040173577601177e-13,0.9942790243811493,3
0.0005175890714613703,2.2961872618962816e-15,2.468964400968793e-13,0.999482410928584,3
0.0011431982691804182,5.881499735578463e-15,8.05173604429681e-13,0.9988568017299019,3
1.0082124850953298e-06,5.1404829509539124e-17,1.847396832607222e-15,0.9999989917874326,3
0.0001592528497807878,1.7807896706829726e-16,7.668936591016672e-15,0.9998407471503888,3
0.09006620794326188,1.9637772035631433e-14,5.954823966280966e-12,0.9099337920501906,3
0.05720507145838125,1.099686136355172e-14,3.786904827740463e-12,0.9427949285382254,3
9.639251694970305e-05,1.2993952104905258e-18,2.130079565479318e-16,0.9999036074826964,3
1.360778124427213e-19,1.7338203150932498e-26,2.6860247160040452e-27,1.0,3
0.007410479522165605,1.3764535944597196e-14,1.1398519968664136e-11,0.9925895204671018,3
1.1378813377819595e-24,1.529061450670848e-28,8.141062491295466e-28,1.0,3
3.5615752283979857e-25,1.1660010158741578e-32,4.995632540012135e-30,1.0,3
5.3299007861871635e-06,1.2692888787314562e-18,1.7736847459891384e-17,0.9999946700987652,3
0.0003810074742800682,1.8001565209224594e-17,5.13063599884909e-16,0.9996189925264038,3
3.288062240451914e-06,1.56331308030114e-20,9.525013538395128e-18,0.9999967119383142,3
0.016557845876262182,8.364082375134964e-16,7.508313250394748e-14,0.9834421541243558,3
0.0032361576990869215,3.0954955242198844e-19,3.533312650018742e-18,0.9967638423007973,3
0.0002889774031917978,4.81146075628789e-21,3.4088607475792075e-21,0.9997110225975315,3
1.1890345859736956e-07,1.0091343751798013e-22,4.544631483896171e-21,0.9999998810963078,3
0.0008807734395505872,2.01964809687194e-18,1.3489864919472927e-17,0.9991192265608103,3
0.00014882129206944726,1.0028509178567923e-18,6.155506915055883e-18,0.9998511787080836,3
5.874944547394065e-09,3.090653833097084e-22,2.5015890886912632e-21,0.9999999941246642,3
0.00018974219157459445,2.7034129370039528e-18,2.94878706186796e-17,0.9998102578091377,3
7.322461465300228e-09,5.850668339426682e-21,8.90892665364549e-19,0.9999999926767487,3
1.8027646988583343e-27,8.122028572707092e-32,4.3854534915467874e-29,1.0,3
6.394921461118999e-10,9.771192823656799e-21,2.3315872581613554e-18,0.9999999993597157,3
1.2742818384145213e-10,2.0444891667013325e-21,1.831773340241633e-21,0.9999999998726707,3
0.02149257209968726,4.234245097340886e-18,3.147443300577796e-15,0.978507427899628,3
0.8594152326513577,2.9425864172159773e-16,1.5158875651275365e-12,0.14058476734720518,0
0.9697248714573832,7.404047230547963e-16,1.244477371254849e-12,0.030275128541741657,0
0.977590259380413,1.349246971118982e-14,2.119188051834606e-11,0.022409740599037,0
0.9368274009238418,2.1722627347725102e-14,1.765961211163284e-10,0.06317259889986458,0
0.0010058070603081698,9.161219704576587e-16,1.1400794232930592e-11,0.9989941929275156,3
0.0002393726483475819,6.050963496540409e-14,1.5672654410843343e-11,0.9997606273351595,3
0.0230995093306378,3.4431215925179764e-10,1.4165293719459353e-06,0.9768990737961921,3
1.628836423738794e-06,1.0868107580341279e-13,3.310681459365985e-11,0.9999983711308765,3
0.012564504899794882,2.1327168086493184e-09,2.874124085406306e-06,0.9874326188440189,3
7.6812706445896e-09,1.2887314276691708e-12,2.3447115250873325e-10,0.9999999920837581,3
0.10206380053431234,4.208109084783424e-08,8.264182584356017e-05,0.8978535155579919,3
0.00010319758700301341,8.306684943802229e-13,1.064379312726017e-09,0.9998968013472053,3
0.00091604769917599,6.918228912369321e-12,2.437910367209019e-09,0.999083949855362,3
1.7178054804261407e-09,2.788365068066281e-12,1.340170713487087e-10,0.9999999981446308,3
0.0008561144997438477,1.069449693592089e-09,5.742934393321053e-06,0.9991381414960836,3
0.00780127859096505,1.0979317618041663e-06,0.014936674380548663,0.9772609490973947,3
0.013898293255355212,5.7372602662747105e-05,0.03611604966043196,0.9499282844809094,3
8.613354871443597e-09,5.545200140507989e-09,9.283171335480064e-06,0.9999907026699669,3
9.491599715998361e-07,2.6175850534524655e-05,0.00011446080242273211,0.9998584141865137,3
1.7312651324538364e-07,5.02134069545928e-05,0.007252214529653629,0.9926973989361799,3
0.005571141604646425,0.0016645997313500314,0.14864713592849849,0.8441171227359577,3
4.096812588986889e-05,4.459854810913256e-05,0.02764480753807477,0.9722696257877914,3
8.970323155387922e-08,6.7084946012851795e-06,0.0025146330090841606,0.9974785687939262,3
9.714684054101951e-06,5.461372939931736e-06,0.00029066752094905683,0.9996941564211815,3
9.997384398621867e-10,2.54284979643468e-06,0.0010753829732827345,0.9989220731778091,3
0.00024259532620791668,0.0003738667272092806,0.811759023305274,0.18762451464191246,2
6.831222629068638e-05,0.00010637825574729318,0.9377119125195476,0.06211339699805008,2
1.0461053144523377e-05,0.00014069254580683572,0.9939284965201675,0.005920349880205393,2
1.0676255122533384e-05,7.295695125459912e-05,0.9986249506133431,0.0012914161798134704,2
1.315027493610635e-06,7.500236956598594e-05,0.9835408849681768,0.016382797633996193,2
1.1029960388953226e-07,0.00027439701186707986,0.974291145960948,0.02543434672768772,2
1.8053407369121588e-05,0.0003754363808555448,0.9864930462365299,0.01311346397542147,2
1.6728256296807172e-08,0.0001748835399924609,0.9062521702858465,0.09357292944587191,2
9.481294998605319e-05,0.00012357513197952836,0.9568651013379703,0.042916510580661586,2
3.3993343841849065e-06,1.8564327859874504e-05,0.9316097480635872,0.06836828827472681,2
9.812981629919601e-06,0.000501263919036064,0.944632059531738,0.0548568635673864,2
0.001334087422360449,0.0048781780347263645,0.9402056106423564,0.05358212390026395,2
5.26144469458441e-06,0.1540947976491551,0.12603453299529566,0.7198654079110762,3
1.0667331481052335e-06,0.20976145981371414,0.06914085994904971,0.7210966135039875,3
3.366928247098739e-06,0.23786131837182756,0.07079972997161448,0.6913355847292167,3
6.706861591754039e-06,0.24416832376720318,0.05402134703281051,0.7018036223384799,3
1.2955596219818379e-07,0.23219050794460214,0.04978571811185625,0.7180236443882032,3
3.0470032001317075e-07,0.21426823156645058,0.215215916170714,0.5705155475618144,3
3.860403886024624e-05,0.16905306177365445,0.8150695263642341,0.01583880782265001,2
1.8105192949344166e-06,0.15948837042656794,0.8375194963487436,0.0029903227049906827,2
3.1426760760781647e-06,0.16005074946834957,0.8325867479134259,0.007359359942823036,2
4.1542424967684465e-05,0.15845568006241412,0.7914045749143066,0.05009820259915309,2
5.293237726283061e-19,5.022334738007538e-10,1.096231700229591e-09,0.9999999984011083,3
1.1682112726318367e-19,3.3199021066556513e-06,5.2906173844945835e-09,0.9999966748074063,3
3.434428664489765e-08,0.911372380388218,0.007630277325412944,0.08099730794196812,1
3.448163032542321e-09,0.992748824801021,0.0009464443783889601,0.006304727372804319,1
2.3975386470534634e-11,0.9978834377329387,0.0003565287695089607,0.0017600334729569469,1
1.4775029570932043e-11,0.9999056441782118,3.08894167446148e-05,6.346638967498837e-05,1
2.435274332359994e-11,0.9999298012692156,2.4142132372592736e-05,4.6056573414483106e-05,1
1.1905396756624851e-14,0.998277455775988,3.436737661487911e-05,0.0016881768476186855,1
1.1514841192984012e-12,0.9998680442689543,2.1389301694424605e-05,0.00011056642801694259,1
6.096984002453409e-13,0.9999748328939058,1.4318051715442983e-05,1.0849053092834098e-05,1
5.23816680131113e-13,0.9999549395709264,1.187883630584487e-05,3.318159141063542e-05,1
1.3913456650147743e-11,0.998027019104416,0.0002653325072377359,0.0017076483747878845,1
1.4816122804271555e-09,0.9978451161421863,0.00048033021707115034,0.0016745521589524525,1
1.3306534572551785e-10,0.9975645764696734,0.000860106035726234,0.0015753173621811639,1
1.0524270513039004e-10,0.99927526127681,0.0005984145786151413,0.0001263240389177416,1
1.7034790739628566e-10,0.9996598153604714,0.0003195160291159073,2.0668439916706198e-05,1
3.192729024549868e-13,0.9998102802875811,7.979025604100531e-06,0.00018174068668526966,1
7.353972894943135e-16,0.9999218111544041,1.7088687079336357e-06,7.647997670566487e-05,1
1.1674235011915395e-13,0.999991984602566,1.5921031593697387e-06,6.4232939068825496e-06,1
1.248776705857438e-13,0.9998019193308585,8.326906462790204e-07,0.00019724797840650876,1
6.057755075528212e-13,0.9846389935079408,3.9129214246901345e-06,0.015357093570729041,1
4.033975591624793e-15,0.8315072079017414,3.905411149175465e-08,0.16849275304406663,1
7.41000762369392e-13,0.9985443199464039,7.813799281044453e-07,0.0014548986726935938,1
2.0529527863268482e-13,0.9999706459654695,5.462981260410171e-07,2.8807736081112512e-05,1
2.256016281611779e-15,0.9999568622088673,1.4536395392806202e-07,4.299242707698007e-05,1
2.5378076841471413e-15,0.9999223741350545,2.038586701211417e-08,7.76054786413918e-05,1
5.876103593706758e-17,0.999639395874394,2.891135690524533e-07,0.00036031501163426646,1
5.509086112778194e-16,0.999986701200423,1.1520968714142015e-08,1.328727814127897e-05,1
1.0186774828233406e-16,0.999967105310936,3.780676517606746e-08,3.285688234417064e-05,1
6.962857857916984e-17,0.9999730711066795,3.77613224800312e-08,2.6891131428249716e-05,1
1.611726584596468e-17,0.9999870073814273,1.4189733144260042e-08,1.2978428423340134e-05,1
8.322163614068768e-18,0.9999948826920412,2.12596189813281e-09,5.115181561027169e-06,1
3.598479815649213e-14,0.9999297748611627,2.3791613387156173e-07,6.998722271384698e-05,1
4.4232999844636404e-12,0.991554796670971,2.294954319963065e-05,0.008422253780607918,1
1.033549324618801e-13,0.9772105844362431,1.3669956844710763e-07,0.02278927886442421,1
4.925783320850505e-13,0.9988757199732322,2.8052417381263738e-06,0.0011214747845793016,1
4.805849785701748e-14,0.9999767929549169,8.228269085628434e-07,2.238421786088373e-05,1
1.93588143162767e-15,0.9999911780221612,2.361296111742579e-06,6.4606819314611735e-06,1
4.566396684358213e-15,0.9999914677264518,2.367619420808629e-06,6.164654980184987e-06,1
1.4814779858413475e-16,0.9999350428440792,1.4809960866905395e-06,6.347616021016504e-05,1
4.0267045017325207e-14,0.9999859970082973,4.5079949814728957e-07,1.3552192073939797e-05,1
1.4012383093202428e-13,0.9998044145221912,2.502464228766052e-07,0.0001953352315921016,1
1.7872020644399568e-13,0.9814647043398246,9.143952853133044e-07,0.01853438126450923,1
4.481715199648742e-11,0.6544474440499851,1.3326438052598848e-05,0.3455392294672795,1
1.227131236422938e-18,4.9173228145731045e-06,4.385945546037626e-12,0.9999950826725519,3
3.1735650046924464e-19,2.41929810037366e-05,4.99338720867209e-12,0.999975807013268,3
1.1554660322207387e-08,0.43928168730781186,9.75006838841712e-06,0.5607085510693546,3
1.5226989210592359e-09,0.39980322175373234,3.149446057655384e-05,0.6001652822622188,3
2.979751763732075e-22,1.951503272466196e-08,6.439492148896231e-13,0.9999999804840629,3
1.4173466914703951e-06,0.017190142181766187,0.0011457483419184727,0.9816626921296173,3
9.420954186242635e-18,1.3357120421792964e-07,2.5818995223873426e-14,0.999999866427979,3
1.466263959092463e-08,0.4077101353139379,0.00011973790374051128,0.5921701121199473,1
6.95414900467505e-11,0.7983568761848383,8.374330423496417e-05,0.20155938044155977,1
2.454734091823336e-08,0.9788239788139685,0.0007343879584110062,0.020441608681016885,1
2.0970461325973208e-10,0.9857088476935117,0.001149168232246164,0.01314198386474365,1
3.890673565195047e-08,0.9929204579354329,0.003704790049303064,0.0033747131081782976,1
5.855567637565013e-09,0.9858577575363743,0.00982970314446509,0.004312533464032541,1
5.280091229768508e-07,0.9755989608591534,0.019532323403625294,0.0048681877280881206,1
1.0888199650669562e-06,0.8990366152430947,0.027107865771445503,0.07385443016558382,1
3.4146600396237383e-15,0.1618854223982335,4.812382143511883e-06,0.8381097652195739,3
1.3920531246139536e-06,0.7729163200050452,0.006380611297847602,0.22070167664461188,1
1.6916777577166788e-09,0.8352173928942364,0.0011301997158031847,0.1636524056987264,1
4.449065200971945e-08,0.9426670776738915,0.0017002005883696805,0.05563267724797368,1
8.598111489415441e-11,0.9750282992744953,0.0005541369296504549,0.024417563709940138,1
8.755766647453175e-10,0.9990015811633587,0.00043473557744144747,0.0005636823829862762,1
8.73588865382805e-11,0.999740296832084,0.00021027177262927677,4.943130824296594e-05,1
2.5123128840846167e-10,0.9995755469901627,0.00024407381974769394,0.0001803789392001601,1
4.9506103309223016e-09,0.9929943538568475,0.0017892327231162643,0.005216408469623628,1
7.332036917596542e-08,0.8401650718481386,0.003593092209212399,0.1562417626229583,1
3.174868785374434e-13,0.35735306999290084,3.252808664882803e-05,0.642614401920876,1
4.958312190825645e-09,0.6209540432518547,0.004009879831897569,0.3750360719588137,1
1.3495421173201578e-07,0.9590370618007804,0.010425929815214235,0.03053687343015873,1
4.6634978664819005e-09,0.994452445248601,0.003642475367937668,0.0019050747191954082,1
4.775816669813466e-10,0.9984834318262892,0.0014383071489232199,7.826054793787877e-05,1
8.913459656204733e-10,0.9991767172560645,0.000786940328644133,3.634152442092653e-05,1
8.817674366329174e-10,0.9984907491581418,0.0007554929380283413,0.0007537570215053883,1
2.2159383366736515e-10,0.9965123729840487,0.0007526465257863867,0.0027349802685434723,1
1.8858347832521447e-08,0.9972736504962493,0.0024648452564153232,0.00026148538857899124,1
8.82582392895342e-10,0.9966483615924573,0.002668867123846694,0.0006827704010026985,1
2.7055045553322195e-10,0.9965371851880416,0.002789056321541067,0.0006737582196693401,1
6.566718706634717e-10,0.9962126904073111,0.0035698773709951503,0.00021743156559705275,1
1.5488841519243118e-09,0.9963124955000849,0.00365060429974558,3.6898652134009925e-05,1
4.97711654494029e-10,0.9970662799525619,0.0028497291079433835,8.399044243714443e-05,1
1.2954999342651247e-10,0.9983404412424763,0.001609292745088505,5.026588225133498e-05,1
2.1424839021300113e-10,0.9990691677657928,0.0009140287361576015,1.680328367067362e-05,1
4.5537667604320814e-10,0.9993150062276437,0.0005764303285690646,0.0001085629891187267,1
7.742317775817758e-11,0.9990862119563355,0.00022417017945086358,0.0006896177863450108,1
1.3140853480818037e-09,0.9996952917059649,0.00023975723956814421,6.494973981049367e-05,1
5.147768287461268e-13,0.9989506504851854,0.00012367191834587783,0.0009256775959223747,1
7.04620559461293e-13,0.9999297808179347,1.0019980595609936e-05,6.019920151959755e-05,1
2.0471800164749012e-13,0.9999825514654511,1.0623563867685182e-05,6.824970127792005e-06,1
2.938970872559779e-13,0.9999390984131686,3.1912693108502004e-05,2.898889409218591e-05,1
9.329952904989423e-11,0.9995407669650828,0.0003986638444468535,6.056909696690068e-05,1
1.0871871946167636e-12,0.9994311493842717,0.00013428679336553067,0.0004345638208569809,1
1.0734672924836026e-12,0.9999188396408859,5.0288076609348385e-05,3.087228175029961e-05,1
4.759063386234636e-13,0.9999485908438147,4.317115479866714e-05,8.23800031003307e-06,1
9.547526438203459e-14,0.9999606828513204,2.3705457065624295e-05,1.5611691986299177e-05,1
2.714511744549547e-13,0.9999587881063617,2.7097691355140452e-05,1.4114201504329814e-05,1
1.768818925085149e-12,0.9999317847944466,2.68660326793183e-05,4.1349170602035354e-05,1
9.129514611613565e-13,0.9998073695552445,6.426104072840488e-06,0.00018620433916322917,1
2.210980926209281e-15,0.9998377215661053,1.1928994601878353e-06,0.00016108553484881096,1
1.792555637925402e-14,0.9999873788688756,2.705161606474458e-06,9.915968655745725e-06,1
6.463816288094619e-16,0.9999904811082282,2.579859885746077e-06,6.939031613450174e-06,1
1.0778677911790233e-15,0.9999900038337126,2.9338898433947856e-06,7.06227589484881e-06,1
9.818137083485088e-16,0.9999912975778301,3.4452718057825983e-06,5.257150904247605e-06,1
1.2886847452157365e-15,0.9999920043675466,1.6712962700620424e-06,6.3243369706836604e-06,1
4.5005401600478734e-17,0.9999835045215065,4.491986564281778e-07,1.6046280717906584e-05,1
2.627013935096991e-16,0.9999902966135441,1.3581475765861539e-07,9.567572476296135e-06,1
1.921039763249026e-15,0.999984461374642,1.6806126092890993e-07,1.5370563927482914e-05,1
1.267463547106742e-19,0.999882493513268,5.042132743852076e-10,0.00011750598283068566,1
1.8498583550208814e-17,0.9999888439855761,3.759709517377773e-10,1.1155638611823486e-05,1
8.297143497125154e-17,0.9999704580875868,3.009462893304846e-09,2.953890238737067e-05,1
5.255973724815856e-18,0.9991076994976889,2.109984845272579e-09,0.0008922983926352052,1
1.4340300570960004e-19,0.9998773714994659,3.331996554953404e-11,0.00012262846684020178,1
4.6740457011786346e-18,0.9999878921140365,1.1146153630335844e-10,1.2107774183942071e-05,1
6.611137087829932e-20,0.9999813032501876,1.0965974921379959e-10,1.8696639342825462e-05,1
8.979089716477392e-19,0.9999929433737413,2.3043657911808676e-10,7.0563959963103675e-06,1
1.7406824783675877e-19,0.9999821856876833,7.242502449174197e-11,1.7814240454819077e-05,1
3.4111790313828417e-19,0.9999827871078064,2.285516161861323e-10,1.7212664437724903e-05,1
2.4386474724466397e-19,0.9999946899183683,3.1138894334504517e-10,5.309769887929663e-06,1
4.38799806050784e-19,0.9999935403856758,5.018647668655165e-10,6.4591118689270886e-06,1
1.639653885241474e-19,0.9999746466231823,7.309615342217557e-10,2.5352645032844832e-05,1
8.520990810256762e-19,0.9999836104849918,2.3188584028107948e-10,1.6389282564528753e-05,1
1.5977386776734822e-19,0.9999834420548047,4.12487838309728e-10,1.655753239428578e-05,1
7.640405643220433e-18,0.9999815724865445,8.245344134518466e-10,1.8426688547205112e-05,1
1.9165738742810874e-18,0.9998707379859108,6.189075401690278e-10,0.0001292613958471471,1
3.037061074825913e-17,0.9999911396800225,1.369251062782151e-09,8.858950998354151e-06,1
9.191102634713792e-19,0.999976989048357,2.4105866677964387e-09,2.300854086253023e-05,1
8.096626627519413e-19,0.9999935326259172,2.971410421966511e-09,6.464402652025757e-06,1
1.5031809435035945e-18,0.9999942938265125,3.788758410654494e-09,5.7023847344178944e-06,1
4.588756760281388e-19,0.9999867403700207,1.9102790877275306e-09,1.3257719094374941e-05,1
2.5221739673688476e-18,0.9999949277554551,3.0405973067521475e-09,5.069204421275358e-06,1
2.2056524370222928e-17,0.9999892574409784,1.8162974384801078e-07,1.056092999614491e-05,1
2.0830562137279542e-16,0.99998922394283,1.7615137915329285e-07,1.0599906203901869e-05,1
4.735049812404957e-17,0.9999659660759799,7.382975664079318e-08,3.396009408907847e-05,1
1.674893704131487e-16,0.9999938782390042,1.1678372076765368e-07,6.004977796155673e-06,1
3.3779314149343686e-17,0.9999931669168917,1.2934023306487996e-07,6.703743109672944e-06,1
6.560620070219111e-17,0.9999944328438131,1.5968448268943796e-07,5.407471708490038e-06,1
1.892268174200667e-17,0.999982433486045,2.406591119068958e-07,1.7325854801723255e-05,1
1.9443304702512415e-16,0.9999862488184199,2.0880574920866152e-07,1.3542376455078234e-05,1
6.269401147788526e-16,0.9999941926549043,4.147805898460549e-07,5.392564641402733e-06,1
3.326290101385083e-16,0.9999788392216691,5.641211013903331e-07,2.0596656667125292e-05,1
1.5594828376695685e-16,0.9999483464970085,6.731187697026196e-07,5.098038474321572e-05,1
8.503869527264399e-16,0.9999910188347206,1.1931481398861789e-06,7.788016515932213e-06,1
3.597756926786402e-15,0.9999913153200986,3.1692395079241607e-06,5.51543979146458e-06,1
4.842601149376755e-16,0.9999755288001515,8.761556721608978e-07,2.359504414283314e-05,1
2.811526373122023e-16,0.9999905875362908,1.0446553961107063e-06,8.367807601436714e-06,1
1.3584202761454056e-15,0.9999952860727864,7.605177483547247e-07,3.953409842303525e-06,1
9.411817444484014e-16,0.999970521442937,7.581240608725244e-07,2.872043223616829e-05,1
2.1635950073710126e-15,0.9999390693856851,2.230702308998551e-07,6.070754406702599e-05,1
2.9525977927104323e-14,0.9999747123052265,1.086802914589686e-06,2.420089221821995e-05,1
5.747646197728505e-15,0.9998363204668836,5.192593261179574e-06,0.0001584869400138007,1
1.0444984600926065e-13,0.9999276770137834,9.481516742332934e-06,6.284146946170132e-05,1
3.8396129805784294e-12,0.9998343878233152,0.0001492931171355759,1.6319055576278464e-05,1
7.562614369845813e-11,0.9972695279741981,0.00254640085077237,0.00018407109997039024,1
1.8662889510024948e-09,0.9298101874389648,0.05751232268708988,0.01267748800850321,1
1.6256405858504767e-07,0.6833302524531852,0.3124408254675767,0.004228759514506406,1
6.372070340047645e-08,0.48409768439743434,0.5143639758218144,0.001538276060343712,1
3.763522175293034e-07,0.2372829128188076,0.7618931147244047,0.0008235961036841157,2
3.346401637064276e-07,0.09903170937528347,0.9004426973496688,0.0005252586346168796,2
3.403567160175429e-07,0.03797120936196337,0.9618630009072205,0.00016544937405356183,2
6.546828085146759e-07,0.01172595229140574,0.9881861751073722,8.721791752768596e-05,2
6.313672205315505e-07,0.0024690905182305272,0.9973902851890094,0.0001399929256316793,2
4.4150387655061346e-07,0.0008011660270621596,0.9991114102776408,8.698219230366617e-05,2
2.175184473298679e-07,0.0003620971960344815,0.9990233300859814,0.0006143552003343063,2
6.976685868727445e-07,0.00021787171737779523,0.9997147645428746,6.666607192374765e-05,2
1.85285822512556e-06,0.0001909887428711308,0.9996321162428625,0.00017504215641045762,2
1.0091633877700797e-06,0.00012183012040709031,0.9997983170041076,7.88437122646309e-05,2
1.4067836042258163e-06,0.000182596372438103,0.9995971032635845,0.00021889358026803862,2
8.123251097084087e-08,0.0006032202652968852,0.9969520072103618,0.0024446912924996167,2
2.2224113129911985e-07,0.0005026707319690448,0.9992107225767196,0.0002863844497535488,2
3.6283511465356824e-07,0.00017175270688565071,0.9996285253705234,0.0001993590866321069,2
1.36917813865336e-06,0.00011028469299055612,0.9997925180083161,9.582812077020822e-05,2
2.88491565281597e-06,3.5313346816254045e-05,0.9999350254429381,2.6776295158058428e-05,2
5.428922949935213e-07,7.489731277041686e-05,0.9998123215596756,0.00011223823569262757,2
9.192796517576294e-07,0.00010586680798652779,0.9998523350501012,4.0878862033375255e-05,2
4.101452269797978e-07,6.440339406384693e-05,0.9996935040585279,0.00024168240269886086,2
1.2593989715936474e-06,6.239999945957331e-05,0.9998672290694406,6.91115325218521e-05,2
5.787960485189564e-07,6.31011810043327e-05,0.9994758672210577,0.00046045280201255476,2
2.6429848419403238e-06,5.9832698485033416e-05,0.9998375405114747,9.998380434100542e-05,2
2.0196141376509348e-07,0.00011334750144462357,0.9965621628944761,0.0033242876432562,2
1.412070235172659e-06,4.885829656704119e-05,0.9985321952137204,0.0014175344196230752,2
2.1496874636830206e-06,3.2514540569878784e-05,0.999594677475932,0.0003706582963696723,2
4.492143933604566e-06,2.713043800494831e-05,0.9998896290648891,7.87483537287732e-05,2
4.103187139842449e-06,4.288096905913719e-05,0.9994963682653251,0.00045664757881229564,2
8.841383424315041e-07,4.9629626747469355e-05,0.9998754596741325,7.40265602687948e-05,2
1.7101373639120652e-06,6.829807112829667e-05,0.9998835419779663,4.6449812951811285e-05,2
5.103078112103179e-07,0.00014483094499620323,0.9997807173484109,7.394139890478562e-05,2
1.377709440419835e-06,0.00014832132282291356,0.9995882821527324,0.0002620188158759063,2
7.826172156835265e-06,4.4463142865067396e-05,0.9990317260916696,0.0009159845926310045,2
3.542406780095456e-06,3.743294734450498e-05,0.9762969923599186,0.023662032285797698,2
2.2287962452384468e-05,1.2832186845304968e-05,0.9991249656882475,0.0008399141620548629,2
3.239692231906186e-05,4.359978412814218e-06,0.9998357535626632,0.00012748953729098338,2
8.424334682839357e-05,4.975464129900836e-06,0.9998211756503851,8.960553825689747e-05,2
0.0006712047692885965,1.1048725084625603e-06,0.998774210699073,0.0005534796596987089,2
0.0006741913197988381,1.511501295959699e-06,0.9988141773889829,0.000510119790634667,2
0.0003014225887186124,3.066549396566631e-06,0.9983260306402989,0.0013694802207281503,2
0.0004971155985091061,1.6515966044274911e-06,0.9993356592435665,0.00016557356107201922,2
0.0004650077833196178,2.0910294770930394e-06,0.9994017257738453,0.00013117541373346476,2
0.0003316467443383329,2.1995402564355873e-06,0.9995561604377223,0.0001099932769453293,2
0.00013945244989067108,3.1912351293177203e-06,0.9997665878982144,9.076841758414831e-05,2
0.00010451313663232628,2.9595290965369934e-06,0.9994679287910672,0.000424598543047951,2
6.303849073471151e-05,3.250106911652056e-06,0.9997906267845691,0.00014308461739857207,2
3.5838628072130953e-06,1.2242070884443843e-05,0.999882706340962,0.0001014677253614774,2
2.4543294000596e-06,4.1744524575444605e-05,0.9999065478036653,4.925334200855202e-05,2
2.552578464502218e-06,9.235994696058742e-05,0.9995027144612333,0.0004023730140713633,2
5.047277964969489e-07,0.00020840370834939034,0.9994282494908121,0.0003628420728282907,2
1.115480453620146e-06,0.0006207980663867838,0.999287464488091,9.062196559323567e-05,2
2.8719147297872525e-07,0.0035381321671305423,0.996372357697153,8.922294484750058e-05,2
1.47977647839331e-07,0.004802679996566351,0.9947298796938813,0.0004672923324325233,2
2.9525919469984207e-07,0.003272236106055695,0.9966083107165714,0.00011915791899343907,2
1.907821511393289e-06,0.0005269288144632882,0.9993904687552456,8.069460938042084e-05,2
1.562548991929976e-06,7.945211817565505e-05,0.9998587800972437,6.020523648900377e-05,2
2.230027796632606e-06,0.00012942226613644613,0.9992973311723933,0.0005710165338746264,2
1.0752700252090601e-05,7.355783297346775e-05,0.9996369034641776,0.00027878600250024225,2
0.0006382884935059741,7.283285535864108e-06,0.987664111443204,0.011690316778610634,2
0.0002661497044950768,8.997414758490758e-07,0.9515439050347504,0.04818904551847699,2
0.001479106898621667,4.1436084535503254e-06,0.9964299124133982,0.002086837080324609,2
0.001248179309527693,1.945167268378459e-06,0.9985478887696542,0.00020198675410839043,2
0.0022679153798843745,1.9036417588294197e-06,0.997548805590888,0.0001813753879833914,2
0.004475411010395734,1.148357667583458e-06,0.9952657812711992,0.00025765936068891215,2
0.0064346866442367414,2.044048122815827e-06,0.9922226556903968,0.0013406136179673095,2
0.005892983236612564,1.1993942709689698e-06,0.9923129482283427,0.0017928691401750286,2
0.001431632692454001,3.2951239124749538e-06,0.9983659228215715,0.00019914936263937957,2
0.0002639587084652406,3.8364843412367265e-06,0.9996502841654148,8.19206417349938e-05,2
8.223736270496134e-05,2.7611908591973624e-06,0.9998595529570169,5.5448489299606374e-05,2
3.5633658952507986e-05,3.350992749724214e-06,0.999917503165938,4.3512183081108846e-05,2
4.277169489862233e-06,1.8275258990977224e-05,0.9999522506054616,2.519696539133391e-05,2
1.245441841563328e-06,5.479867459735656e-05,0.9998911825171175,5.277336716780992e-05,2
1.266629176840341e-06,6.001676577077442e-05,0.9998989283125422,3.978829225777447e-05,2
1.0543751949806683e-06,8.904714281512744e-05,0.9998408449382404,6.90535428806203e-05,2
8.063481380312311e-07,0.0001853585848821783,0.9997710194340949,4.281563274971438e-05,2
8.375686058900545e-07,0.0006056171456618593,0.9993165605757867,7.698471013233189e-05,2
1.3070172804671223e-06,0.0030248111223172953,0.99671423458954,0.0002596472700508885,2
1.993818686395462e-06,0.012849271720403945,0.9868427812490759,0.0003059532116709644,2
6.345804092890449e-05,0.047919951477538296,0.939240342070094,0.012776248411318589,2
3.566192008646734e-10,0.14569144951153176,0.07802017848736714,0.7762883716437657,3
1.5987036743904214e-06,0.7260511731111615,0.15616276302957216,0.11778446515633188,1
4.783809089598553e-07,0.8450366868469459,0.14770809548557232,0.007254739287443602,1
7.403775990989488e-08,0.8846708290231479,0.11464610376789862,0.0006829931716378561,1
1.2806075126798931e-08,0.9229683528607341,0.0768333165055477,0.0001983178283806024,1
8.220419305383213e-10,0.9846024844776399,0.015296366277690356,0.00010114842302335398,1
9.081504154167052e-13,0.999824037435237,0.0001191273782386812,5.68351850244417e-05,1
7.230124018887963e-15,0.9999925401230885,2.210904048613307e-06,5.248972077380335e-06,1
2.642268807650964e-16,0.9999912819310196,1.072448446564025e-06,7.645621294978894e-06,1
2.2143188536959134e-15,0.999990402079351,4.525578977342847e-06,5.072342019487339e-06,1
9.909300484820805e-16,0.9999868043921438,3.279735889182606e-06,9.91587161920771e-06,1
1.6608277099551732e-15,0.9999920628166675,3.1546838676844857e-06,4.78249979463244e-06,1
2.38534130038873e-15,0.999988012935314,5.097488280197538e-06,6.889577133136814e-06,1
7.688461002886492e-15,0.9999824491454498,7.846083769139722e-06,9.704769911624567e-06,1
3.574663714070324e-14,0.9999664801304874,2.540771954185009e-05,8.112150625584743e-06,1
1.0248242384214387e-13,0.9999572497933982,3.29737085101078e-05,9.77649749756185e-06,1
2.2202515892401718e-13,0.9999172113368457,7.258580008439042e-05,1.0202863405829539e-05,1
4.6964677718359024e-14,0.9999700254174532,2.0001055728228595e-05,9.97352736169003e-06,1
9.201293649823535e-14,0.9999623631745321,2.6250341581343354e-05,1.1386483269037383e-05,1
7.503359745275373e-14,0.9999694238049226,1.970052124789414e-05,1.087567295650133e-05,1
2.239478939038867e-16,0.9999833105185917,1.7938955206513772e-07,1.6510092030993198e-05,1
3.390011785265964e-14,0.9999907417651435,1.1769925267650432e-06,8.081242911350854e-06,1
2.5998324268966415e-16,0.9995921910556069,3.9578446724909563e-07,0.00040741316081703604,1
3.055416616963167e-13,0.9999666331514913,5.425030816875037e-06,2.7941818085401e-05,1
3.003690910774036e-13,0.9999735209725823,3.3298174267634636e-06,2.3149208926336e-05,1
2.7131470075409216e-11,0.9989065889265809,2.660985684408107e-05,0.0010668011902956955,1
1.0544188921317769e-11,0.9176871804442333,3.144401730736949e-05,0.08228137552770903,1
3.6337045207231807e-09,0.737367598046435,0.0006435621895310268,0.2619888361310652,1
1.2374585964793175e-22,9.155162685704081e-05,8.829692943649873e-13,0.9999084483717251,3
4.586585086721382e-09,0.9511181935319107,4.971529857832019e-05,0.048832086583206855,1
6.118881425836057e-14,0.9593703429417281,1.0412907270823624e-07,0.040629552930006696,1
1.732547446228798e-14,0.9968643710562605,5.133625635918671e-07,0.0031351155817047473,1
6.082753185324833e-14,0.9999676891784034,8.174833451799138e-08,3.222907286324837e-05,1
4.9054092279941364e-14,0.9998914989850638,4.237596233547718e-07,0.00010807725595309637,1
2.386173675702028e-17,0.9959000086762002,5.968726102858469e-08,0.0040999316363491654,1
2.3025528805648832e-14,0.9999538505425251,1.0093635784318948e-07,4.6048521793780774e-05,1
1.094224469065576e-16,0.9999677325489863,9.212530788310943e-08,3.2175325335043305e-05,1
3.271477294247004e-16,0.9999947167956134,1.356928527481456e-07,5.147510703323589e-06,1
3.3904138708655e-16,0.999988421779288,9.653629147558361e-07,1.0612858391366848e-05,1
2.8929316482895176e-15,0.9999778484850717,8.234529449039649e-07,2.1328061463680364e-05,1
5.11489197195144e-16,0.99989000556694,1.640760244341818e-07,0.00010983035683040515,1
1.8758242651905484e-14,0.9999872402181678,1.8640210588093561e-07,1.257337945317044e-05,1
1.2475536332768446e-17,0.9995754223440997,6.621897098210581e-09,0.00042457103334317625,1
7.303396224469115e-15,0.9999841698043088,2.1265813960943547e-07,1.5617538372845738e-05,1
4.9097123157559095e-14,0.999964347199078,5.7071633026111735e-06,2.9945637061774917e-05,1
8.217457440687992e-11,0.9988239528890388,0.0007002797052966086,0.0004757673230744977,1
1.2275669601660599e-09,0.9728589468825843,0.0067295712825006975,0.020411480606871472,1
6.291450917749848e-07,0.9050062852740165,0.09081350004779756,0.004179585533570764,1
1.6579312469851814e-07,0.7569699800335995,0.24190917974067735,0.0011206744329762975,1
1.7023378065433458e-07,0.5745218527385292,0.4241699314651105,0.0013080455634261038,1
1.5784753522826546e-07,0.41527625895956555,0.5602203572729434,0.024503225919293735,1
2.1574674270814605e-05,0.013418991083826536,0.9793202925433356,0.007239141698975566,2
1.213990441481528e-05,0.00026026125279208145,0.9994434545534481,0.0002841442896143663,2
1.794411889366611e-05,4.050646842795513e-06,0.9998043103945091,0.00017369483956797285,2
7.927251592557614e-05,3.5077835644520037e-06,0.9998517914346011,6.542826574436863e-05,2
0.0003889887706276268,3.671171312462476e-06,0.9986278679703184,0.0009794720875950028,2
0.004419271553278977,3.519185346160548e-06,0.9951596561606032,0.00041755309989422286,2
0.034628121802245455,1.3313317392371583e-06,0.9632936056560272,0.002076941210615459,2
0.12889893053291093,1.938810958315394e-06,0.8690968203451318,0.002002310311020026,2
0.3436451610450565,2.306596971473372e-06,0.6428311370324418,0.013521395325578072,2
0.6961586982061359,3.937615130440973e-06,0.23273248777761804,0.07110487640143416,0
0.6896463333845503,4.9723562433280807e-08,0.002462612758516124,0.30789100413261267,0
0.6822439960463964,7.348617318155641e-08,0.000626234548555189,0.31712969591888057,0
0.01712787202663329,1.1081404443803449e-10,3.517901796997706e-05,0.9828369488437952,3
0.17925673742447573,5.046387954912386e-07,0.00742676244938176,0.8133159954874473,3
0.9206225962770461,3.561467153169931e-09,0.0021467620421903705,0.07723063811874945,0
0.9986400244639189,2.720081518261505e-12,7.453111097995476e-06,0.0013525224216376923,0
0.9999157636313226,1.3349662680883958e-13,5.179370102517021e-07,8.371843123040379e-05,0
0.9998115238991543,2.549043603041196e-14,4.908894694348176e-07,0.00018798521078038552,0
0.9995105383109167,1.7523482320243043e-15,2.2480646073766787e-08,0.0004894392091288527,0
0.9997476601454879,1.2721076618775038e-13,5.297860374119228e-08,0.0002522868758967358,0
0.9913858223944438,1.431085972198371e-15,1.320485301575803e-07,0.008614045557440693,0
0.9985199226290918,4.63794536466252e-15,4.927810564845408e-09,0.001480072443700343,0
0.9998702005787226,2.627462688517541e-16,1.3556941900906161e-09,0.00012979806584833393,0
0.9999118506712157,2.72705094674963e-17,6.964477132259876e-10,8.814863315497453e-05,0
0.9998253064343909,2.7006307140646984e-17,4.361063115680474e-10,0.00017469312987155775,0
0.9996569644885431,4.2006687456079155e-17,2.0555138508799358e-09,0.00034303345591324365,0
0.9999218976842436,3.960480324763585e-14,4.4349659351781104e-07,7.765881976982489e-05,0
0.9997969999294305,7.128422070210748e-15,1.4812364670969208e-06,0.00020151883329217913,0
0.9999241432356863,3.350910937751098e-14,9.31813486860833e-07,7.492495000981816e-05,0
0.999878558578044,5.732206642061647e-13,1.0517735744559252e-05,0.0001109236847421637,0
0.9996398447537498,3.9281329355803075e-12,4.66682318215201e-05,0.00031348701101372253,0
0.9996803103948109,3.145282191052068e-11,5.1488366765140996e-05,0.00026820120755647535,0
0.9987769354026924,1.0134372352683556e-10,8.07456941556203e-05,0.0011423188015614958,0
0.9975731242024375,1.4585859053581053e-10,0.00015371028461713638,0.0022731653671471323,0
0.9990449285611082,1.985611386487609e-12,5.7387127232282875e-06,0.0009493327242523749,0
0.9998308428481006,2.4438080782430496e-12,5.263644325477568e-06,0.00016389350443565508,0
0.9994851705309606,4.4039017181525327e-13,5.510764176861904e-06,0.0005093187042385866,0
0.9992889277195521,4.030920072514675e-11,7.333381064928764e-06,0.0007037388587151861,0
0.978848683311613,4.36704140101995e-10,0.00010863960933946512,0.021042676642258163,0
0.5321338555275931,2.1890828545107642e-13,1.2335345512141362e-08,0.46786613213677625,0
0.6128658648238081,2.2244988444257485e-09,4.070303122852073e-06,0.38713006264911504,0
0.5671590831077348,5.02035690475124e-08,0.000135881324304954,0.43270498536481233,0
0.07590211728171285,4.016252495794547e-13,9.634007357200021e-07,0.9240969193171527,3
0.9709951010244531,2.5792349144636434e-10,6.337364439925286e-05,0.02894152507271005,0
0.9987287715257825,2.059337773687986e-11,6.2483830336934396e-06,0.0012649800703365788,0
0.9996594342609763,7.287478141156388e-13,8.425603396681427e-07,0.0003397231777110385,0
0.9994241179566558,8.333587775112006e-13,1.5813269776187056e-06,0.0005743007158413429,0
0.9988347637185045,3.36130810033385e-11,3.7333411403286937e-06,0.0011615029063856174,0
0.9714734172077172,2.1424591623851006e-13,1.4092258786449928e-06,0.02852517356671865,0
0.9918396525410824,1.2164776253892346e-09,1.029183960157443e-05,0.0081500544031725,0
0.9786889642398047,1.831730002642211e-09,4.865179006585519e-05,0.021262382137847768,0
0.8723174686573409,7.54721351887321e-10,5.845120531761191e-05,0.1276240793818522,0
0.8870350967580336,4.216189647692987e-07,0.0013607235804463794,0.11160375804194296,0
0.6386954963555571,1.272130712547005e-07,0.0021031664857094996,0.35920120994483284,0
0.02743852794342321,1.6003349109830472e-09,3.7932403792023545e-06,0.9725576772154697,3
8.217665853890691e-05,6.190528008374108e-09,8.884217611350424e-06,0.999908932933538,3
0.0005219340639988768,2.026489993452492e-06,0.0109230759324497,0.9885529635133953,3
0.018448507412506397,6.0666350143513804e-05,0.8884538832524757,0.09303694298555877,2
0.005610824082649945,1.1536964275793365e-05,0.9857929610030006,0.00858467794930104,2
0.0013383292136418198,4.4529915020516346e-06,0.9976029780705652,0.0010542397243660966,2
0.00014793866031235,4.8067457578654194e-06,0.9991971941779608,0.0006500604151755596,2
2.6854726994543803e-05,1.2478276532659897e-06,0.9993921207865764,0.0005797766594539076,2
4.6249412978249455e-05,3.5254869927035623e-06,0.9998411917261792,0.0001090333731611981,2
3.938464214356589e-05,5.453509985583038e-06,0.9997893513842907,0.00016581046292943848,2
1.343516792569595e-06,3.0838921424783927e-06,0.997095109263364,0.0029004633272435277,2
1.368150059420513e-06,2.6729273557560304e-06,0.9968608798490715,0.003135079072871655,2
2.8062691685902514e-05,4.505945260332181e-06,0.9998362024847245,0.00013122887788851375,2
1.2949151998506916e-05,2.567658790719768e-06,0.9996509139886368,0.000333569201441054,2
7.702053820767284e-06,9.764825500904689e-06,0.9998615843812146,0.00012094873907565988,2
1.297716812246511e-05,5.497244626167586e-05,0.9996288012578435,0.00030324912819555704,2
8.580710696722818e-05,0.00046902514891423964,0.9756941748449662,0.023750992899758055,2
7.409282912441644e-07,0.0012000852547201935,0.7240108426303575,0.2747883311871155,2
6.992356293949262e-07,0.0034113903829219245,0.7492540653745488,0.24733384500748,2
3.706346484906938e-06,0.0030509952767348897,0.8873442282304312,0.10960107014634533,2
1.4076995473980119e-05,0.00046421058836950476,0.9977282784323781,0.001793433983051298,2
1.833308735865786e-06,0.00010363096864424707,0.9998406400126125,5.389570947840195e-05,2
1.3468432444949134e-06,0.00016236089960450708,0.9997041946240398,0.00013209763360981023,2
2.65486841585488e-06,8.79601807269495e-05,0.9997127350881426,0.0001966498618312295,2
9.70821728766051e-07,4.386560094581915e-05,0.999557437696893,0.0003977258811004153,2
9.111276420134962e-06,1.786130491624743e-05,0.9996814408196262,0.00029158659948158025,2
1.159356827602581e-06,1.9956465085573498e-05,0.99294081981147,0.007038064366973706,2
4.483036637884193e-06,1.3296523841149841e-05,0.9983412879082951,0.00164093253200443,2
5.8352634951915015e-06,1.2308148010131545e-05,0.9998915300754955,9.03265129924889e-05,2
4.187257837396046e-06,1.9333505867067347e-05,0.9999342158127594,4.226342321042618e-05,2
6.142356104119288e-06,1.4882502747130694e-05,0.9998390138855865,0.00013996125520629078,2
3.314218314183853e-06,2.965520584430805e-05,0.995381121049532,0.004585909526333364,2
4.35122239552875e-07,4.2160062479711776e-05,0.9824393739054504,0.017518030909008123,2
1.0297522257626616e-06,0.00020188749413392867,0.9977133966274904,0.002083686126474498,2
3.013090355852191e-06,0.0009513473266502234,0.9988820570500757,0.00016358253278760595,2
1.0796895715766282e-05,0.008002695209325362,0.9887480081726766,0.0032384997227376676,2
2.4578556279692537e-05,0.02188920595372003,0.8128763132873194,0.1652099022035516,2
3.699155100889342e-12,0.0578216505207144,0.00610909018956803,0.9360692592855763,3
7.862418936992643e-08,0.8559993720217877,0.017010911973867154,0.1269896373809411,1
3.7857397318371e-09,0.9894509701135695,0.0053493819843799745,0.005199644116409265,1
3.2831231815928788e-09,0.9988792627629914,0.0009163056304502526,0.00020442832338972853,1
7.662913288759184e-13,0.9991253581771722,0.00015202086852931834,0.0007226209529383866,1
1.7023062149485385e-10,0.9998322001893788,0.00014230256117882327,2.5497078700825096e-05,1
3.8879609581582985e-10,0.9990523006223381,0.0006899058857792663,0.0002577931034162438,1
7.068827317509755e-09,0.9931827828079696,0.0011723429469221644,0.005644867175407609,1
4.432602847946046e-12,0.9419119240120757,0.0005185699407957516,0.0575695060431316,1
2.4758032830571684e-09,0.9964444878290515,0.0004486699604765973,0.003106839734069585,1
8.123266501219799e-11,0.9992650917622397,0.00018919689590326204,0.0005457112606009613,1
1.4372106377025907e-11,0.999855499041857,5.025684105000369e-05,9.424410332393566e-05,1
6.199167570549057e-12,0.9998878089192706,8.584397976580142e-05,2.6347095220818267e-05,1
6.601403446612598e-11,0.9997395887181791,0.0001126263887839389,0.00014778482704521024,1
1.1713954807613354e-10,0.9960429072236998,0.000134277685527329,0.0038228149744989072,1
5.4999318878104533e-14,0.9881281630167771,7.184303807440494e-06,0.011864652678955116,1
4.542209165043876e-11,0.9998191356569184,3.9715426034716046e-05,0.00014114887212572484,1
2.515183007754115e-12,0.9999718961937273,3.837924911178966e-06,2.4265878812310533e-05,1
2.2833097142739932e-15,0.998895137864408,5.071663877526283e-08,0.001104811418808205,1
6.549475266316513e-12,0.9989323473375978,2.2012276916849802e-07,0.0010674325323913095,1
6.574825194316414e-13,0.9929034770085438,1.637778045587678e-06,0.007094885213459546,1
5.362186242888262e-09,0.9965406149803523,6.321131266190284e-05,0.0033961683450967764,1
1.767417795453572e-14,0.9771314684923972,1.0846841466496089e-05,0.02285768466616139,1
1.0181147005487087e-08,0.9982301694333104,0.00020963907650922622,0.0015601813099337138,1
2.8194777659803235e-10,0.9959834462862226,0.0010822214372996934,0.002934331993654446,1
1.0692193961762218e-10,0.9998333976044835,0.00010188992503625033,6.471236409747961e-05,1
7.850424266642787e-12,0.9998944446449728,1.447196284913079e-05,9.108338448464607e-05,1
2.849590927470894e-13,0.9996252913102885,4.218696165685679e-06,0.0003704899932450553,1
2.2125267274966334e-15,0.999536015461637,3.0412705148050853e-06,0.0004609432686983354,1
1.1297486795484316e-13,0.9999907438278584,1.4451762169813682e-06,7.810995835641264e-06,1
2.9218381800433756e-16,0.9999577639707488,4.0362201540264803e-07,4.183240707037049e-05,1
2.2157364244945475e-15,0.9999823132475079,9.516730875309052e-07,1.673507855497326e-05,1
3.850928798273227e-17,0.999947988636669,8.44617653746363e-07,5.116674594797163e-05,1
1.2105162927623399e-14,0.9999904043166864,3.0139645377660264e-06,6.581717895146935e-06,1
2.936721121570363e-15,0.9999893116571956,2.636660163370449e-06,8.051682177354784e-06,1
2.892721933039845e-14,0.999972624769722,1.3061824358410385e-05,1.4313405074126131e-05,1
1.611245794184113e-14,0.9999709770464377,7.81961745051701e-06,2.1203336467347738e-05,1
6.0990166936608495e-15,0.9999896537254692,3.5373381540694462e-06,6.808936352419537e-06,1
2.3885287798401993e-15,0.9999875932486458,3.4350387807135886e-06,8.971713471716951e-06,1
1.586656163057761e-14,0.9999813451734725,3.6229332944374145e-06,1.5031893857201895e-05,1
2.1097146693553326e-12,0.9998037530162486,7.839820457162976e-06,0.00018840716168062847,1
6.529966118769358e-18,0.9821819678705223,3.44527490446107e-07,0.017817687601185676,1
1.839070331314321e-13,0.999706622566841,1.3205607437311172e-06,0.0002920568723063474,1
1.242872794272157e-16,0.999986911512841,5.127882368234309e-08,1.3037208306976395e-05,1
1.9517276406494477e-17,0.9999933158365476,8.078984278657005e-08,6.603373042115881e-06,1
4.0064272350392744e-17,0.9999890610177181,7.866330065028825e-08,1.0860319340208476e-05,1
1.4777438358707927e-15,0.9999801153038579,8.269067060872088e-08,1.9802004831413553e-05,1
8.090770879927029e-19,0.9996801014724948,4.12002714804449e-09,0.00031989440777830476,1
6.42962292707024e-16,0.9999920388389398,1.2899664972175387e-08,7.948260572480786e-06,1
2.084654586656817e-18,0.9999805549467701,4.620433959782545e-09,1.9440432801168155e-05,1
1.3481391084020793e-17,0.9999832923180877,1.0319623851046293e-08,1.66973619333888e-05,1
1.2202598662765875e-18,0.999992722508174,6.8159483225227935e-09,7.27067600456129e-06,1
6.167427409481673e-18,0.999996736672851,3.5306619797160045e-08,3.2280200057906526e-06,1
2.1810572263704226e-20,0.9999951152686822,1.0553614600468471e-10,4.8846257544356755e-06,1
2.6132057568114515e-20,0.9999950869526129,1.0329125230591999e-10,4.9129441788872195e-06,1
1.8008356318457952e-18,0.9999961426057599,1.0955253356005646e-09,3.856298772134075e-06,1
4.9635751964613836e-18,0.9999612858664355,4.3888124003040065e-09,3.870974534797124e-05,1
2.623818942839037e-16,0.9999707841882453,8.026374932743082e-09,2.9207785915292308e-05,1
2.114344442881102e-17,0.999923056725373,7.844642783485497e-08,7.686482878584627e-05,1
1.2961426769041204e-17,0.9999925964022023,2.307703890674615e-09,7.401290024304809e-06,1
2.8509582921008623e-19,0.9999915557575156,4.286457685047371e-09,8.43995682905709e-06,1
2.8183876540711857e-18,0.9999965862974991,1.3138674567515611e-08,3.400564456090589e-06,1
3.4209894032460238e-18,0.9999964705283204,1.8098055210546694e-08,3.511374082819783e-06,1
3.835560006491176e-18,0.9999883475690203,6.681175583089897e-08,1.1585618653626025e-05,1
7.734179806593426e-16,0.999994425826191,1.4308571736158413e-06,4.1433159819873576e-06,1
4.639117627903695e-16,0.9999899664138373,2.3726477742571603e-06,7.660939006773834e-06,1
4.0438971426148874e-16,0.9999945329658944,9.229071860993335e-07,4.544126667305036e-06,1
4.0412029293100666e-14,0.9999892046908537,2.8105323316647757e-06,7.984776788724012e-06,1
1.4135893003737176e-15,0.9995722387455724,3.7422075400746755e-06,0.000424019046039024,1
2.8811196301079255e-13,0.999978934885759,4.97814724691499e-06,1.60869668422565e-05,1
3.918228136899738e-13,0.9999433873072414,4.3339116110962126e-05,1.3273575812443452e-05,1
1.7049818138207424e-11,0.9996114196398799,0.0002780927341026664,0.00011048760889637818,1
8.789983789585258e-12,0.9996496516605202,0.0002117090698282681,0.000138639260207973,1
1.655791585582389e-11,0.9998537435121321,0.00012516767959858742,2.10887919227837e-05,1
1.1221854592377823e-12,0.9998859473232866,6.0317821225021226e-05,5.3734853868655467e-05,1
2.29593566603329e-14,0.99996709609442,1.4279427776832784e-05,1.8624476927803175e-05,1
2.2958570151473514e-13,0.9999723325934954,2.0785227513623933e-05,6.882178340875235e-06,1
7.035716208123071e-15,0.9999347869562105,1.685747011919591e-05,4.8355573735578354e-05,1
1.7799079894558568e-13,0.9999794756473305,1.3280206212017727e-05,7.244146292784644e-06,1
4.672203185873534e-15,0.9999703323227448,2.5485414113324844e-06,2.711913619622357e-05,1
1.2431089926388454e-14,0.9999778030713703,5.526089533888094e-06,1.667083912631733e-05,1
6.878333561025495e-13,0.9999571773425123,3.073856485547578e-05,1.2084092300077896e-05,1
5.053009326613326e-11,0.9998027362757502,8.69549665256859e-05,0.00011030870663711227,1
7.073594273438528e-12,0.9966795764551479,0.00016157958845301686,0.0031588439489089702,1
1.1474952707129822e-09,0.999249558974421,0.0005241095826574634,0.00022633029607923834,1
2.1996748033318678e-10,0.9985914946417436,0.0013775467783762156,3.095835978529092e-05,1
1.4907059659376854e-10,0.9968874782398764,0.0030474164009395423,6.510520954765913e-05,1
7.166720344880044e-10,0.9947223008496465,0.005155325080926764,0.00012237335336669694,1
2.413962988902607e-09,0.9922374416911639,0.007718558077082919,4.3997818135433165e-05,1
2.533823546256947e-09,0.9915570612471338,0.008399536640944671,4.339957795639945e-05,1
1.7410731002904085e-09,0.9915903930598637,0.00834338588758636,6.6219310899186e-05,1
3.164099100999779e-09,0.9904288617534266,0.009541450083421287,2.96849983710448e-05,1
1.8843213139630085e-09,0.9910136271061176,0.008957205378605384,2.9165630970844474e-05,1
1.5880118826357673e-09,0.9923175059403877,0.007643257721774902,3.923474993402093e-05,1
1.6681720296390612e-09,0.9935622531887967,0.0064093241644502565,2.842097832380893e-05,1
1.3137307315484566e-09,0.9942827667298585,0.005697122905237341,2.0109051582742672e-05,1
1.2749050675696967e-09,0.9911103554947265,0.008572923358461406,0.00031671987165556395,1
6.892432852576594e-09,0.9440852978754802,0.05572344689985793,0.00019124833294835737,1
1.7349186939274857e-08,0.808964149173523,0.1903989155542933,0.0006369179223867765,1
6.336518264226163e-08,0.47486308626224294,0.5245303742293125,0.0006064761427459485,2
3.9927408113399027e-07,0.15848443385649322,0.8412079702299392,0.00030719663991627967,2
5.479700481590536e-07,0.05058304102101783,0.9492619630161275,0.00015444799273494516,2
5.520137131831381e-07,0.015666279461405152,0.984237809732882,9.535879249103951e-05,2
4.880948525764703e-07,0.008315027944645196,0.9916142009095749,7.028305115827186e-05,2
7.396364406868803e-07,0.0032791843045994243,0.9966000699357911,0.00012000612297073035,2
4.020534249996481e-07,0.0012112962288231748,0.99871415267085,7.414904640857471e-05,2
3.7435542586218187e-07,0.000611139449145421,0.9991955576960847,0.00019292849934728968,2
1.3510817990992863e-06,0.00016048423994991868,0.9997906736664801,4.749101117995247e-05,2
6.768364581005346e-06,8.296960218315098e-05,0.9994087698165849,0.0005014922158461974,2
0.0008804861787845507,1.2940519867586857e-05,0.998523745248102,0.0005828280532385335,2
0.07525013884277167,1.6665386419802519e-06,0.9225777656569872,0.002170428962133116,2
0.42531985841819814,3.6509152470918396e-07,0.5704014757432356,0.0042783007461988,0
0.7143185846864901,2.916683657165741e-07,0.28243084889982106,0.003250274744866065,0
0.879311277841626,9.224615760027621e-08,0.1129894664253394,0.007699163486958911,0
0.9747750297602733,1.1178820322474115e-07,0.022272401915763233,0.0029524565364780872,0
0.9781669169152827,2.079187993833052e-09,0.004150159519215518,0.017682921486428527,0
0.9978796887474357,7.209763235497438e-11,0.0001714214932047168,0.0019488896864860606,0
0.9997607208270243,2.7266336918153185e-11,3.429730297353e-05,0.00020498184313382087,0
0.9995559095631744,5.080382374132144e-12,2.962455097412743e-06,0.00044112797630112846,0
0.9868549292129594,3.655689266563128e-11,0.00014725046186633947,0.01299782028815745,0
0.9145553497119837,2.752539253384637e-07,0.07095734513811894,0.014487029895300188,0
0.3647146892583565,1.450333675209168e-06,0.615990854719857,0.019293005687225792,2
0.07456340166904066,6.088589401763674e-06,0.923537017121392,0.0018934926193803366,2
0.04766611167551875,2.965676432999392e-06,0.9520139979974074,0.000316924649934363,2
0.044745301848219024,2.894489548973458e-06,0.9551027416659051,0.00014906199691003226,2
0.05113334022326317,1.5187285838901033e-06,0.9484774624242913,0.00038767862306098727,2
0.06108535638759965,2.0646771187051745e-06,0.9382121861371839,0.0007003927988200917,2
0.0795662103089948,1.7938063191940246e-06,0.9167215069881066,0.0037104888964696867,2
0.14495152503520198,2.1771216557212216e-06,0.8522287965572457,0.0028175012854355537,2
0.2630882408001076,1.2219021627382878e-06,0.7348376427923259,0.00207289450463085,2
0.5282105771587228,4.6624954656775663e-07,0.4655771804593903,0.006211776131556563,2
0.8267469686819438,1.679562672186866e-07,0.16165625973457745,0.011596603626341137,0
0.989796375926597,1.0194053447234815e-09,0.003469880599040058,0.006733742455256001,0
0.9987220148961273,1.775655246343383e-11,0.00012381191534351175,0.001154173171534602,0
0.9998360090523571,3.036078168903019e-14,3.7235772611451646e-07,0.00016361859064546318,0
0.9999150552621789,1.3142321279238547e-14,1.7519681487385604e-07,8.476954090281584e-05,0
0.999615714870768,8.888944965823819e-15,1.6087941404671722e-07,0.0003841242489470741,0
0.9996427485814521,2.0622206264303042e-14,3.260906196066949e-07,0.00035692532740707326,0
0.9998923973195948,4.497217006156855e-13,1.6823788602808301e-06,0.0001059203015876687,0
0.9994619829437508,1.1129546347314589e-13,2.038813822124025e-06,0.0005359782421712556,0
0.9996527522284523,3.934887783985801e-12,1.3245382509986587e-06,0.0003459232297415611,0
0.9941132858643283,1.3135128066774848e-11,4.085350867578291e-06,0.005882628770864191,0
0.9803924471063227,9.680177148292815e-13,1.981622731924972e-06,0.01960557127083218,0
0.999339692976766,1.067845348394902e-12,5.288542815723984e-07,0.0006597781673647604,0
0.9997400761059697,2.4136792705142018e-14,3.522822280162807e-07,0.0002595716121998953,0
0.9998861315040758,1.134222280769397e-14,2.1025368828313832e-07,0.00011365824166437964,0
0.9998220626896557,1.0788416452587733e-15,5.7778530765320764e-08,0.00017787953186117363,0
0.999879420769262,1.3745850682565239e-14,1.255819609622287e-07,0.00012045364801336547,0
0.9994969673552013,5.087532990392023e-15,2.0128385044480387e-07,0.0005028313609246978,0
0.9998637117226865,2.2352605746200426e-14,3.284967097376634e-07,0.00013595978104783123,0
0.9998889762763963,5.481879853466989e-14,2.1141442653961936e-07,0.00011081230874512764,0
0.998445818954647,1.158084021638058e-14,4.157254812486467e-07,0.001553765319231199,0
0.9996191138940563,3.142120792320348e-14,1.2621016498428548e-07,0.00038075989664806763,0
0.9998915309430593,1.0289655830614396e-14,2.476921709970752e-07,0.00010822136392588463,0
0.9999127199245594,1.2852251521818328e-14,6.160776091516765e-07,8.666399752231987e-05,0
0.999837085116084,2.720959826712916e-13,1.0610298704667387e-05,0.00015230458518057096,0
0.9998537360062607,1.6674632764010328e-12,1.1349754142996187e-05,0.00013491423744272613,0
0.9995240137103211,1.518262901609733e-12,5.85954709888058e-06,0.0004701267413154155,0
0.9984595628488545,9.11688625867097e-13,4.974980494519211e-06,0.0015354621691703778,0
0.9997431374960722,3.5051264216298965e-12,1.8677934460729728e-06,0.00025499470690391055,0
0.9985170173933614,9.816005143703784e-14,1.8986248342227385e-06,0.0014810839825816456,0
0.9998321268309365,1.3587108567975405e-12,5.392841247804557e-06,0.00016248032629141674,0
0.9999059761597995,1.5252868349307787e-13,4.45256591155153e-06,8.957127489142138e-05,0
0.9998766958989294,4.0963708340389904e-13,7.324532135912287e-06,0.00011597956818202462,0
0.9996548390525526,9.756138365420129e-13,1.151176841422347e-05,0.0003336491779265505,0
0.999179187437751,5.2444348286375514e-12,7.392199686062599e-06,0.0008134203578710491,0
0.9988158569393096,9.618539600256284e-12,1.2621543290578946e-05,0.0011715215074386647,0
0.9994199123024001,3.860892649826339e-12,9.494557784680736e-06,0.0005705931367172038,0
0.9997319273117186,4.2316387902902565e-11,3.2195363174224376e-05,0.00023587728335304608,0
0.9983123716189127,4.8020673070223834e-11,0.0001342859657136485,0.0015533423673263571,0
0.9981535851240102,3.620292578759556e-12,8.186333061687766e-06,0.0018382285387695313,0
0.9997261006253125,1.4974872122380198e-11,7.745297409392415e-06,0.000266154062216836,0
0.9990875505132402,3.6146124400262196e-12,5.754602031548442e-06,0.0009066948819706638,0
0.9953202872537971,5.025982787648086e-11,1.1352717664123786e-05,0.004668359978478256,0
0.9622716626969665,9.324408909666895e-09,0.00046537109732390557,0.037262956880651406,0
0.0034672901965414693,9.297057471337249e-10,3.3793465587600584e-05,0.9964989154078243,3
1.3296607702098468e-10,1.9960276373513914e-13,2.5236733502028154e-12,0.9999999998635758,3
5.612529461037509e-14,4.959589824680224e-15,9.241372562696713e-14,1.0,3
1.5518899316650597e-06,9.37194220924288e-10,1.6594986982088584e-07,0.9999982812238378,3
1.2417471429076859e-05,1.4194523507164658e-09,5.26351012150733e-07,0.9999870547582109,3
9.058966300705766e-05,2.291919088312642e-09,7.891989930709481e-07,0.9999086188463698,3
0.06511697128627816,4.925657881245932e-07,0.001073763915574242,0.9338087722319488,3
0.005996935995103322,3.7117613534724006e-08,5.5264131175432724e-05,0.9939477627552661,3
0.021647820998342004,3.0602357082357956e-08,6.28357069521792e-05,0.9782893126915184,3
0.05894004573959548,1.7815180070362917e-10,1.4895023612838573e-06,0.9410584645793036,3
0.09905898467644457,3.972827125358611e-12,5.170896549940321e-08,0.9009409636107641,3
0.78364082169473,1.1551755513178081e-11,2.126592554040626e-06,0.21635705170166303,0
0.9855380558635678,9.3912547837145e-12,1.1294417760480489e-06,0.01446081468513179,0
0.9986949817152883,5.383209414197443e-13,8.51808277117469e-09,0.0013050097656427215,0
0.9909241618086775,2.507163948950707e-16,5.735362972720249e-10,0.00907583761728441,0
0.9991745638685833,7.975425731498508e-14,1.958237054338743e-09,0.0008254341733038454,0
0.9953797368833477,3.43108408788803e-16,8.817997131772375e-09,0.004620254297767653,0
0.9997188300148557,3.4787007261842492e-15,8.969010930251012e-09,0.00028116101581475005,0
0.999906155699015,1.3457423291484305e-16,4.172323798916444e-09,9.384012799743555e-05,0
0.999908485490263,1.3462258941924953e-16,8.196566288918175e-09,9.150631348962784e-05,0
0.9998797180163552,7.678880770348552e-16,1.1013747096812488e-08,0.0001202709690239773,0
0.9992265206567669,1.3089334197827615e-16,3.3686317887406255e-09,0.0007734759740348164,0
0.9996257933579298,4.117030083124004e-15,3.5717658249843252e-09,0.0003742030701582132,0
0.9989779010175214,1.698679080684081e-13,1.4401456372400553e-07,0.0010219549683656052,0
0.9971425703703326,1.6237762559207388e-14,8.547170330491878e-08,0.002857344157184906,0
0.9998292315774272,2.4942657228435198e-14,1.5250943830388681e-07,0.00017061591299568886,0
0.9999226847871004,4.418149371759209e-15,1.8135407654499932e-07,7.71338582525618e-05,0
0.9998768436590557,1.9139324624148647e-14,1.6497067850642096e-07,0.0001229913694182013,0
0.9988881904106021,3.746493030554478e-13,1.986242568629053e-07,0.0011116109653539245,0
0.9813518678785729,4.169662320128586e-11,7.075208654887241e-06,0.01864105687162581,0
0.0810925079404208,1.0730041919442174e-11,1.6140626795194533e-06,0.9189058779868173,3
0.0001749748584786506,1.1602026416000225e-14,6.947083145734282e-11,0.9998250250713788,3
0.9041862223080491,7.146655052624538e-11,5.631835693459336e-06,0.09580814578391772,0
0.993107603218314,1.0558342372288866e-10,2.961928287928963e-06,0.0068894347484751255,0
0.996868660216988,4.204370868522292e-12,3.603290535319251e-07,0.0031309794503709028,0
0.9986590477289427,1.967581661091261e-12,6.69889688801147e-07,0.001340282379744937,0
0.998967784688707,1.0784321562417323e-11,8.00086681845137e-07,0.0010314152143985494,0
0.9694201716505705,7.168007438749649e-12,1.2405191377255135e-06,0.03057858782352891,0
0.9354134751163432,1.352922802122188e-12,4.4659326650457114e-07,0.06458607828920587,0
0.9955206102814359,1.2360115336484045e-12,1.572300368234065e-07,0.004479232487052684,0
0.9987756392309686,8.827548291541859e-15,4.161543947616329e-09,0.0012243566067433843,0
0.9997366556439354,5.917040845077177e-15,5.036178314548046e-09,0.00026333932002752935,0
0.9993921979902812,5.107854094635442e-15,1.0365275577564363e-07,0.0006076983575145992,0
0.9999157725690836,2.166535768101036e-14,4.2285678594693596e-08,8.418514565312672e-05,0
0.9991038551410607,5.265691184859734e-15,7.390012069605052e-08,0.000896070959665314,0
0.9996182232382415,2.1993723737427583e-14,8.66414401917165e-08,0.00038169012071698097,0
0.9997941297417664,7.594898613451075e-15,3.46557599202492e-07,0.00020552370019368595,0
0.9999009597548997,5.804298896728108e-15,2.930318936206648e-07,9.87472131219815e-05,0
0.9999183767239356,2.899486799304634e-14,6.029999547587777e-07,8.102027686249245e-05,0
0.9995072137459262,5.767017419940031e-14,8.691752311276942e-07,0.0004919170791361309,0
0.9994462726454648,3.683658473470947e-12,4.443800162156361e-06,0.0005492835502989456,0
0.9984902296143894,4.404230242293476e-11,6.138793013771489e-06,0.0015036315484257344,0
0.9498426525990568,4.642636787433988e-10,8.446037633577407e-05,0.050072886559729524,0
0.17273269127613727,1.7316020803451038e-11,3.6323893020725647e-07,0.827266945468137,3
0.3291743437379768,2.875746685852355e-07,0.0006465599904517641,0.6701788086961442,3
6.643853528907923e-05,6.596549760956288e-13,1.6524771051150828e-10,0.9999335612981534,3
1.432531213152222e-06,1.622802403381234e-15,2.5300655995510403e-12,0.9999985674668352,3
0.7985487848752798,2.4386667076672686e-08,0.0001528043918523373,0.20129838634605543,0
0.8418952596978305,4.0785920056624616e-11,1.5594932428433502e-06,0.15810318076832927,0
0.9858913560603222,4.1754465053306824e-11,6.125774600841964e-06,0.014102518123908527,0
0.9984114683872504,1.8243527076050137e-10,2.537979823775846e-06,0.0015859934512506971,0
0.9773432423344548,6.162300013569452e-10,7.880701646200786e-05,0.02257795003345798,0
0.24838728325113435,2.1326576229549645e-12,8.723207623089299e-07,0.7516118444256897,3
0.8168095602406292,1.3466220168515526e-08,0.00014333359479738226,0.18304709269810535,0
0.9322297257275585,3.824916467271009e-08,0.0007316521377393748,0.06703858388495887,0
0.9682682176896044,4.0385754084376127e-07,0.013546751846645087,0.018184626606323608,0
0.9556542670732503,2.1684144691696743e-07,0.030718332571366642,0.013627183514150697,0
0.9214858134405658,3.0284151490230965e-07,0.0688985001242073,0.009615383593470922,0
0.8191163491530113,4.691304237057479e-07,0.16093695811471392,0.019946223602544277,0
0.7022753236842357,1.178340230191387e-06,0.2763069267058645,0.021416571269458815,0
0.46354452949303043,1.8790476992848193e-06,0.5085748301040766,0.027878761355977076,2
0.3248562418003159,3.006694592817575e-06,0.6012719384613134,0.07386881304461825,2
0.004257446804863807,9.813670043008828e-07,0.6190025383067783,0.37673903352150273,2
0.00547526418419602,5.7951843115542376e-05,0.8692752930333318,0.12519149094001905,2
0.0025833407042508347,2.5612277799450833e-05,0.9681974780425731,0.029193568975379648,2
0.00030027067861869075,2.6928887010101234e-05,0.977382349377097,0.022290451058104933,2
2.1067507962327633e-05,2.6726007812822683e-05,0.9992974648996016,0.0006547415850625566,2
1.8256868433336638e-06,5.281788579532582e-05,0.9998494075231664,9.59489034940459e-05,2
9.481158021375013e-07,5.018757328819051e-05,0.9998762240731758,7.264023780977939e-05,2
1.4379273791513855e-06,6.883106581229725e-05,0.9998619478669079,6.778313902702199e-05,2
9.087720960582197e-06,1.1771699908432395e-05,0.9996346041698823,0.00034453640934613023,2
6.532103055457861e-06,6.540033495578416e-05,0.9990227413546213,0.0009053262077476491,2
3.8995493641932095e-06,0.0001827558004887819,0.9951964549777125,0.004616889673202009,2
8.941345363410874e-07,0.00033672828253123946,0.9887664304106348,0.01089594717283512,2
7.767471213583497e-07,0.0004392824768445433,0.9888151697651969,0.01074477101108085,2
4.388667256158463e-06,0.0005317575447664814,0.9873562839213798,0.01210756986654512,2
8.467416484720831e-07,0.0011837517639174415,0.9980297840032563,0.0007856174907487611,2
8.879034563379048e-07,0.002422500699550503,0.9972515087039108,0.00032510269217901974,2
5.032726848934243e-07,0.006439535768042946,0.9934781712200329,8.178973988552069e-05,2
4.90952676706053e-07,0.019194285685419216,0.980718984062217,8.62392988016218e-05,2
3.988577551574659e-07,0.04038093187414825,0.9595025737390094,0.00011609552973682632,2
4.0923771012625114e-07,0.07600281330439067,0.9235427395508303,0.0004540379065056004,2
9.083391813617194e-07,0.11664675687447049,0.8819895209400924,0.001362813847047803,2
5.30071880063247e-07,0.18557319201364503,0.8136340621255388,0.0007922157893376538,2
1.3581368564377074e-07,0.43233061340793305,0.5653503718858093,0.0023188788929137377,2
2.4291504696479416e-08,0.7997885040482046,0.1960543351879325,0.004157136472248439,1
6.077401498211144e-10,0.9562389875122373,0.042317439512320344,0.00144357236710911,1
1.7045024208095918e-10,0.9945693898575318,0.0053240109143110285,0.00010659905823395676,1
7.478105534715367e-11,0.9992579201014479,0.0007241534024065909,1.792642153745351e-05,1
1.0381175002235739e-11,0.9997919857880199,0.0001711056481922217,3.690855404140355e-05,1
2.7993512420231865e-11,0.999839210361215,0.0001349633118048088,2.582629833236002e-05,1
2.8440593411215315e-12,0.9996362694585372,9.222838784538704e-05,0.0002715021505318767,1
1.1984639549634294e-13,0.9999843007130934,9.940927373149113e-07,1.4705194588954275e-05,1
1.7344793635319236e-18,0.9999066439701088,8.358335424867506e-10,9.335519391650593e-05,1
8.94511072059094e-18,0.9999870454596574,3.1565239222183167e-09,1.295138468630909e-05,1
9.09093287687011e-19,0.9999841856165335,2.57720904045562e-09,1.581180575505553e-05,1
1.5532589778503809e-18,0.9999782208822302,3.307421606038683e-09,2.1775810705794333e-05,1
8.662064943050868e-17,0.9999966884497815,1.0714125798235345e-07,3.2044088106156576e-06,1
1.0241971454351555e-17,0.9999936541099841,6.734426399298526e-08,6.278545890387079e-06,1
1.3165271025454305e-15,0.9999941138531061,2.7213103646924163e-07,5.614016143704025e-06,1
1.6136364220323236e-18,0.9998058994031033,1.0795036410659587e-08,0.00019408980174136686,1
1.732178934498732e-16,0.999992416232652,8.541732767792674e-09,7.575226036938073e-06,1
3.138914693742016e-18,0.9999495899929292,1.974670240916226e-08,5.039026055264303e-05,1
1.2882839491133754e-16,0.9999964057943561,5.1827740297289065e-08,3.5423785684885867e-06,1
4.353711918103171e-17,0.9999906609463768,5.473587441932247e-08,9.284318317601456e-06,1
1.7173351761012953e-17,0.9999630041861237,6.78669039295348e-08,3.692794715427708e-05,1
4.401491391471459e-16,0.9999957568415067,3.269572934676967e-07,3.916201042953853e-06,1
2.46039365910471e-18,0.999991947882922,2.2999201082301418e-08,8.029118745543331e-06,1
1.0332988062001581e-17,0.9999961213018385,2.9566884248516613e-08,3.849130970929618e-06,1
1.6616327741864482e-15,0.9999840902811731,4.789436233721732e-06,1.1120282999489532e-05,1
5.562016441038668e-14,0.9999847257825061,7.662870475673585e-06,7.611347191607856e-06,1
5.929651859939424e-14,0.999916063182773,1.8299358882200273e-05,6.563745763062103e-05,1
5.366920169984004e-14,0.9999750366738187,1.1842117149498049e-05,1.3121209500526755e-05,1
3.198209712708827e-14,0.9999776626139552,1.5963083834819393e-05,6.374302776942695e-06,1
5.1543828215817266e-14,0.9999570218437794,3.2595777533048385e-05,1.0382379457666314e-05,1
2.8187523672790837e-13,0.9999568927465634,3.335213476380675e-05,9.755119074657524e-06,1
8.513201092898587e-13,0.9998174283781825,0.0001520720574689389,3.049956315062033e-05,1
9.684345132162404e-12,0.9998068150796435,0.00017480415392558997,1.8380756320382875e-05,1
1.2289018496508143e-12,0.9997769823250626,0.00019179525415682184,3.122241942510376e-05,1
3.158713528995126e-13,0.9999650193228473,2.7180566827205128e-05,7.800110205581855e-06,1
1.1952580081675802e-14,0.9999681375521801,1.4907871461861715e-05,1.6954577231401702e-05,1
2.0290636551916205e-16,0.9999959486586006,1.6574767429927404e-07,3.885593691757942e-06,1
8.929374682108487e-18,0.999990732983144,5.448161653405725e-09,9.26156949926118e-06,1
1.5198176305969187e-18,0.999959457907277,2.8700096593041963e-10,4.054180484003299e-05,1
2.033155918957297e-15,0.999695289783879,1.7690663556584922e-09,0.00030470844753354847,1
1.0050456124557346e-14,0.9612890208258618,2.5459196363731726e-08,0.03871095371514263,1
3.6561285761124518e-22,0.1382906990848155,1.9292045632409218e-11,0.8617093008963421,3
2.7902544091902027e-15,0.958508740255192,1.3380381702305044e-08,0.04149124636353254,1
3.683794002471415e-14,0.99960336675333,3.759596707713294e-09,0.0003966294861587542,1
1.684932458935464e-17,0.9998927542306354,1.1389204877850357e-09,0.00010724463101999722,1
1.610949067455325e-17,0.9999944364617628,4.098211898943587e-09,5.559440805133719e-06,1
3.442336774789504e-19,0.9999951340569322,4.531854330926117e-09,4.861411672709909e-06,1
1.622111954925977e-17,0.9999953708227448,1.5697477691785808e-07,4.472201715342655e-06,1
3.0303531364320143e-18,0.9999950431497452,1.6015042053055677e-08,4.940835642931214e-06,1
5.241594752487381e-18,0.9999922067612619,1.1169379874012188e-08,7.782068481008522e-06,1
1.1293389252767362e-18,0.9999881703014893,1.6173485852756274e-08,1.181352472567328e-05,1
4.4586437250393425e-18,0.9999957459330735,2.114996951229135e-08,4.232916208660315e-06,1
1.4763378316658816e-16,0.9999944015646459,2.908154751599385e-08,5.5693546821891926e-06,1
3.21228953016886e-18,0.9997327493003211,2.1399052771417967e-07,0.0002670367094157966,1
2.6511614156217776e-16,0.9999937151057705,3.0088828744823365e-08,6.254804947862787e-06,1
1.903954851120313e-17,0.9999945633210241,5.203650701269012e-08,5.384642312671277e-06,1
8.585004692185247e-16,0.9999910194731801,4.273246475493511e-07,8.553202615149472e-06,1
4.590341379849404e-16,0.9999484939803377,4.4823308408003514e-07,5.105778712192924e-05,1
1.9577302312005625e-13,0.9999670573966946,1.7049287092207953e-05,1.5893315850982994e-05,1
1.1808998786803298e-12,0.9998942505265639,6.897952324697237e-05,3.6769948444616586e-05,1
3.313882458623203e-11,0.9993868565783405,0.0005928080431623365,2.033534580563052e-05,1
1.3405099956185975e-10,0.9988097206999527,0.0011686639806812013,2.1615185136228548e-05,1
2.1838192389189339e-10,0.9980650708182212,0.0019139206455708652,2.100831868726176e-05,1
4.7741134949126e-10,0.997190796216698,0.00278706996269032,2.213334390355815e-05,1
6.656721243174053e-10,0.9963747078487727,0.0035950956126850004,3.0195873584008386e-05,1
1.6837484307063673e-09,0.9946905522225837,0.005235797274442747,7.36488191405414e-05,1
4.443750513923638e-10,0.9973064512268467,0.0026630257328769985,3.052259576927953e-05,1
5.026888230797274e-10,0.9941856113262827,0.00574448652229491,6.990164860731256e-05,1
5.617084973835405e-10,0.9538244311465038,0.045679930599636216,0.0004956376918336473,1
2.172382067681937e-08,0.7775920671110703,0.22133323924252657,0.001074671922594885,1
1.9217449958621276e-07,0.24952307210766236,0.7496448561773256,0.0008318795404536429,2
5.238766072723159e-07,0.06568226039820875,0.9340965915464556,0.0002206241793120503,2
3.8507319812496277e-07,0.016278844379225447,0.9832796143298999,0.000441156217990925,2
7.980795757953946e-07,0.005645757205625669,0.9943036420091658,4.980270619472256e-05,2
9.021438242151381e-07,0.003250977740240395,0.9965428978298964,0.00020522228583884865,2
6.090412812224997e-07,0.0014734277070491812,0.9984572419075788,6.87213448094127e-05,2
1.7227588749655648e-06,0.000260373187516902,0.9996683998431597,6.950421052884158e-05,2
7.134938982654251e-06,0.00016443142551484448,0.9974449265929627,0.0023835070429288445,2
1.4394737647877466e-06,0.0002044041332570548,0.9785100811512314,0.021284075242445202,2
9.312821710160989e-07,0.00040220693898920665,0.9981720975235443,0.0014247642547589327,2
6.755903082227729e-07,0.00041342958083906054,0.9995078798954347,7.801493345014605e-05,2
9.82478367986921e-07,0.00036744931299418114,0.9993361943584376,0.00029537384985519244,2
8.646325568845492e-07,0.000284466878504962,0.9996611598736974,5.350861463646341e-05,2
1.2016514707314437e-06,0.00018193000540143653,0.9997082341472743,0.00010863419598339632,2
3.286416586893767e-07,7.930123149372459e-05,0.9996655424260354,0.00025482770037073467,2
3.9453337232711486e-06,7.804602586660285e-05,0.9997282778217081,0.00018973081800351767,2
0.00015189617920535734,1.6540585987071682e-05,0.9995697694612968,0.0002617937737330198,2
0.004624342859834236,0.00013067215348114045,0.985631142551146,0.009613842435296545,2
0.11686245835903972,8.776835914283178e-06,0.2799889254476254,0.603139839358151,3
0.5828125989258544,1.5641150835199275e-07,0.06849551193030734,0.3486917327325712,0
0.9504835194244775,4.589138402546199e-08,0.008966849816999968,0.04054958486730393,0
0.9854279344743231,1.272475695095383e-12,2.9913587783271305e-07,0.014571766388928367,0
0.9948552499151218,1.5156199989058438e-15,1.1822836078309496e-10,0.005144749967521714,0
0.9988113934115145,6.318508706983795e-17,1.852522205912221e-11,0.0011886065706268926,0
0.9996905988068522,2.3224706417604526e-17,1.8553760128077624e-11,0.00030940117453172935,0
0.9994824687388733,8.084857031063657e-18,1.8088037650584137e-11,0.0005175312431207658,0
0.9996508085168125,2.9759847943781697e-16,6.619180461859195e-11,0.00034919141629096806,0
0.9933483082769266,2.2214206599358222e-15,2.6031748559870097e-10,0.006651691463481157,0
0.9035171790849622,9.50759073675924e-15,1.180697468038006e-09,0.09648281973395685,0
0.7224603120785991,1.5516915258220806e-14,4.685896371113794e-10,0.27753968745245905,0
0.86129006610698,1.8792265481451285e-13,2.499555625524698e-10,0.13870993364368717,0
0.8607572525371946,2.3415214550821635e-14,7.012770219262024e-11,0.13924274739191972,0
0.9009549498379305,5.421234318763773e-16,9.59089032734619e-12,0.09904505015214927,0
0.9905595711748673,9.707241926983793e-16,1.860336892856191e-11,0.009440428806936178,0
0.9980805766773181,5.42753400919895e-17,1.3445821205886199e-11,0.0019194233098499,0
0.9995360888856243,2.112886941817602e-18,7.682010874027611e-13,0.0004639111132032435,0
0.9995985813581463,1.5804462094599866e-17,2.610093542913135e-12,0.00040141863882887333,0
0.9965795776897336,1.5060164604802676e-16,1.2161497480147862e-11,0.0034204222988325826,0
0.9399784200793623,2.471369802602443e-18,7.220671504587443e-12,0.06002157991367097,0
0.9983578525925292,1.6063846408613987e-15,5.643865902400654e-10,0.0016421468432462683,0
0.9998251954554164,1.6267507788641694e-16,5.588880272227659e-11,0.0001748044884582535,0
0.9991469316328877,1.2292064768070387e-17,1.5890004014501858e-10,0.0008530682078998696,0
0.9997487196873275,7.264889480430244e-18,6.064778773017442e-11,0.00025128025247567697,0
0.9999153738457114,1.4710588830809808e-16,4.171735999853789e-09,8.462198243384168e-05,0
0.9998913851650644,5.324049149085183e-17,5.189401062161796e-09,0.00010860964614287123,0
0.9999089681987123,4.723272764867854e-17,7.284301494261156e-09,9.102451770412659e-05,0
0.999932104796568,8.712756552575247e-17,9.18638755468794e-09,6.788601618670059e-05,0
0.999914417127799,6.163169887205701e-17,1.5622536245483785e-08,8.556724964975394e-05,0
0.9999365340395076,2.314288104157658e-16,1.132536660566289e-08,6.345463501665445e-05,0
0.9997545712177439,1.393013890341959e-16,1.192475366720873e-08,0.00024541685712435016,0
0.9998837581106031,1.0499457955463509e-15,2.80009704639521e-08,0.00011621388760301178,0
0.9998789391481505,4.185214760909423e-16,1.6832303617920255e-08,0.00012104402007264461,0
0.9998582604891334,5.39331808665071e-15,2.5245130605252998e-08,0.0001417142662290673,0
0.9980440036465322,1.3659494189448732e-13,1.113677390177684e-07,0.0019558849853662857,0
0.9863321153838622,3.0966836125329956e-14,1.643914283026043e-07,0.013667720224059755,0
0.9996210972048322,2.7843009179762587e-13,3.7165076937233724e-08,0.0003788656290977948,0
0.9991723471700538,3.5101310798550434e-14,2.3480654339672205e-08,0.0008276293484091213,0
0.9902967530703748,4.497228642326876e-13,8.123082663142014e-08,0.00970316569813275,0
0.9762100932015058,2.1104057816566658e-13,1.7892691259586344e-08,0.023789888906146552,0
0.9706686866933382,2.3406458862965415e-14,6.840402447904569e-09,0.029331306466327083,0
0.9992130298856716,1.2338738143360698e-12,1.0071700210677107e-07,0.0007868693967823006,0
0.9986676054356278,6.626814308208488e-15,5.9165453959571356e-08,0.0013323353994993247,0
0.9999060428995231,9.972278135668537e-15,6.188894897581902e-08,9.38952106877698e-05,0
0.999901133682187,8.156054739512432e-16,4.681119355888607e-08,9.881950653518687e-05,0
0.9998595046896382,8.002933306509936e-16,7.325557683552111e-08,0.0001404220543131669,0
0.9998797513762463,2.1887803485202914e-15,1.5028620632645007e-08,0.00012023359489545715,0
0.9990338244926183,6.066329355436021e-14,4.5803645690162075e-08,0.0009661297033910404,0
0.9887177405837001,1.161270100811502e-14,4.053253554852931e-08,0.011282218883660025,0
0.9989451934852815,1.1564112032899385e-13,6.046044555497374e-08,0.001054746054884124,0
0.999812072983258,9.549905909975398e-15,5.5655647905433615e-08,0.0001878713612777444,0
0.9998310931678449,1.4896451635167892e-14,3.0792419829657467e-07,0.00016859890741638726,0
0.9997460539279838,4.897116783308732e-13,7.69748201407521e-07,0.00025317632293915895,0
0.9945392160847352,1.4155307236560586e-14,2.7329646622133403e-06,0.0054580509511095296,0
0.9997347570536136,6.785947696739613e-13,1.3890795044674457e-06,0.0002638538654017671,0
0.9998616694817705,7.844573835849715e-14,1.4665736880446307e-06,0.00013686394536520092,0
0.9998839631614702,1.9752799354419924e-12,1.645040268794055e-05,9.95864338414899e-05,0
0.9993987411591028,4.103637834941287e-11,0.0003620663030194362,0.00023919249714393596,0
0.9934247422923681,2.4892511392317113e-09,0.005968375480621306,0.0006068797369761493,0
0.9702811433391868,1.9562941221537337e-08,0.027215106055690455,0.0025037310414816128,0
0.9009402306699487,3.663985566512253e-08,0.08532533773767714,0.013734394952553543,0
0.2633479840642278,1.9507517036712616e-06,0.7144039433146416,0.022246121869093194,2
0.027060897104919893,1.3109720547140558e-05,0.9657540311615946,0.007171962012684482,2
0.00025496065012496226,1.2452361705793455e-05,0.998374118382093,0.001358468605734784,2
6.893768327130104e-06,2.3384792359878084e-05,0.9999242676615009,4.5453778622235704e-05,2
1.7003385673200341e-06,4.848284722472745e-05,0.999875909534316,7.39072798763234e-05,2
1.7054257261359532e-06,7.412801207583352e-05,0.9998302442273768,9.39223340751371e-05,2
6.361246602442236e-07,8.560379286128115e-05,0.9993624700529875,0.000551290028615013,2
5.470245882354364e-06,0.00010562903090171535,0.9935333479060593,0.006355552816545004,2
1.3052214636491805e-06,8.267384830952793e-05,0.9996783509531235,0.00023766997695258546,2
5.676887003223791e-07,0.00015109260250334794,0.9997642851777038,8.405453031056042e-05,2
8.67298461952388e-07,0.0005312933830362795,0.9994298525816901,3.798673635686526e-05,2
6.157363180285315e-07,0.00312392958579855,0.9967726208722407,0.00010283380505618272,2
5.048095140042186e-07,0.00648076707889421,0.9934360512127364,8.267689849715788e-05,2
5.204513075477278e-07,0.010567848972623192,0.9893111024638311,0.00012052811304043084,2
6.841862368136693e-07,0.018913246857590833,0.9808391511627108,0.00024691779377290156,2
1.3114628068773648e-06,0.027816179802891933,0.9681906536859369,0.003991855049135085,2
2.0520096146935327e-06,0.040540772882563504,0.9588165516050862,0.0006406235031372424,2
5.602505686628749e-07,0.12123679874607289,0.8783309371950494,0.00043170380897448156,2
1.719996563917147e-07,0.38736590216471634,0.6118443452491124,0.0007895805860515357,2
9.400756219973536e-08,0.7342484771702852,0.2637404599319916,0.0020109688904234916,1
1.9642937211233767e-09,0.9563717497744504,0.04208151593738215,0.0015467323231286346,1
6.604564139133275e-10,0.9913179557010512,0.008618220251748318,6.38233871227647e-05,1
6.932971677168438e-11,0.9981254355108653,0.0018462806418979409,2.8283777150732805e-05,1
2.042084988462724e-11,0.9996285000595971,0.0003601424101077385,1.1357510503332285e-05,1
5.86382598506909e-12,0.9998209473316797,0.00016362778811229416,1.542487396687696e-05,1
1.1375989400687425e-12,0.9998923502655848,9.246866332296494e-05,1.5181069392587589e-05,1
6.216928594702238e-13,0.9999496263581517,4.114570582213563e-05,9.227935920620389e-06,1
2.4694152579542805e-12,0.9999393207165388,3.6168137732044204e-05,2.4511143900396942e-05,1
1.9138502214699713e-13,0.9997897994125862,1.3930932659906037e-05,0.0001962696545693611,1
3.2392228335715763e-12,0.9999370895819731,4.706062162507488e-05,1.5849793477299525e-05,1
2.5662797587762927e-12,0.9998827420980998,7.772125306021559e-05,3.953664599497412e-05,1
3.006297376579634e-11,0.9992327263932784,0.0007474167063048169,1.9856870367942958e-05,1
2.386455038703791e-10,0.9871509610000094,0.01269515361676343,0.00015388514431231327,1
1.0546137785689699e-08,0.836699544124401,0.16304233093602005,0.0002581143941276752,1
4.773758488565315e-08,0.7456644536084593,0.25322755638304045,0.0011079422701100407,1
1.1909671940055604e-07,0.5961129479921882,0.40338973908748904,0.0004971938242172211,1
2.3540835768140816e-07,0.3654404666323687,0.6341957334530532,0.0003635645055618768,2
2.059516375574575e-07,0.24202263723173223,0.7576329040668548,0.0003442527488799093,2
1.8127786571281478e-07,0.14045395010125852,0.8592235291696291,0.0003223394514281971,2
7.632318263369943e-07,0.0522845417245165,0.9475101485068749,0.0002045465360114007,2
7.741252804988832e-08,0.01927106747226872,0.9787834574202244,0.0019453976949572688,2
1.0902028830030088e-06,0.0036141690088240005,0.9962813038064913,0.00010343698189208876,2
1.2177122455766095e-06,0.0007651423689120977,0.999186930792835,4.670912537121774e-05,2
9.972773146714877e-07,0.00022954349247652331,0.9997410398420384,2.8419388865637492e-05,2
1.2502015110934432e-06,7.147750222366251e-05,0.9999002767740713,2.6995521532783727e-05,2
1.7377424772261478e-06,4.278102944483513e-05,0.9999302008259233,2.5280402602863345e-05,2
1.8492331165194358e-06,3.577907037710835e-05,0.9999355721539409,2.679954202862714e-05,2
2.405658709225197e-06,2.8556439530190627e-05,0.9999458258366791,2.321206427569745e-05,2
3.0596393906380363e-06,3.575752782677076e-05,0.9999099277014895,5.1255132029895646e-05,2
2.397330539988855e-06,4.57431223796379e-05,0.9997729216740592,0.00017893787352933922,2
2.5146193187256608e-06,8.617172810376672e-05,0.9998830746104416,2.823904145752881e-05,2
1.4524581377474597e-06,0.0009387330907073846,0.9990072916503787,5.252279999601167e-05,2
8.988880389407517e-07,0.007363473507673917,0.9925438362286302,9.179137591781302e-05,2
7.52779898353155e-07,0.04821498808221485,0.9512778354608251,0.0005064236778898859,2
2.744276571567275e-07,0.24019913423133316,0.7592005188425323,0.0006000724985983113,2
9.401491009222727e-08,0.5202841048144335,0.47884146757370766,0.0008743335972714834,2
5.010538643299516e-09,0.896154787984054,0.10305324289158267,0.0007919641142103423,1
5.709824436004524e-10,0.9810209764968154,0.018869992607709253,0.00010903032443110022,1
1.781159543614344e-11,0.9991450830042337,0.0008264320452917131,2.8484933493340516e-05,1
1.3872690583441467e-12,0.9999415690736302,4.81067551282527e-05,1.0324170339327663e-05,1
4.5794316766467226e-14,0.9999642437422926,1.7504526819603167e-05,1.8251730130336414e-05,1
8.263772820070886e-14,0.9999717230690155,1.9619940261376215e-05,8.656990899893197e-06,1
3.4063785781350573e-13,0.9999472113159102,3.214981225643334e-05,2.0638871173386672e-05,1
6.242805542797214e-13,0.9999049597063918,3.799218546776772e-05,5.704810758212035e-05,1
2.0147939420577248e-12,0.9998188242859362,0.00013451182978554683,4.6663881845985486e-05,1
1.4205034937424226e-10,0.9986304768743836,0.0013454778807031587,2.4045102026498067e-05,1
7.295951197194535e-10,0.9973397522758365,0.0026100247647391863,5.022222895196275e-05,1
1.4812915345866315e-10,0.9971871919721066,0.002672763757727094,0.0001400441221527239,1
8.81849126785414e-11,0.9989325945759938,0.0010494293669010264,1.7975968727588587e-05,1
3.54661288614784e-11,0.9995474320637421,0.00043639743163579144,1.6170469759146122e-05,1
3.5061676794616784e-11,0.9996696535085089,0.0002697106240165332,6.063583176146735e-05,1
1.4491377141383423e-10,0.9989455551423839,0.0010280799507930921,2.6364762574225683e-05,1
8.008284130794622e-11,0.9988220439863282,0.0011496521923258281,2.8303742118182993e-05,1
7.727981087683279e-11,0.9989247084851898,0.0010507285822341922,2.456285526175936e-05,1
7.588315264978242e-11,0.9992200109173555,0.0007571627750649477,2.2826231985176848e-05,1
1.8163757256815187e-11,0.9997065172164309,0.0002689361545800629,2.454661172795399e-05,1
1.1475224814539038e-12,0.9998194736313707,0.000159993534583721,2.0532832554583023e-05,1
3.558947608882234e-14,0.9999867106644991,7.741176319406501e-06,5.548158395495132e-06,1
4.706660080724028e-15,0.9999913023962912,1.8885819340302492e-07,8.508746397321046e-06,1
1.2861000231981007e-18,0.9994315633344538,1.9975480036947454e-08,0.0005684166907552312,1
1.249317731201169e-15,0.9999870357154576,6.10985891836246e-08,1.2903185802293408e-05,1
8.618310772450036e-17,0.9999863747453326,9.216589889550946e-08,1.3533087916248772e-05,1
2.0214624009104984e-15,0.99998734677867,2.423600147847151e-06,1.02296205573087e-05,1
7.167285988415068e-15,0.9999867555674757,7.827474083117349e-06,5.4169590439347455e-06,1
1.3789645786087373e-15,0.9999862295446734,4.165496702296943e-06,9.60495944889563e-06,1
1.768644217380758e-15,0.9999907081814536,2.8040018580208183e-06,6.487817553731819e-06,1
7.654549959514762e-16,0.999987834023496,2.8305927764215383e-06,9.335383203389294e-06,1
7.743628236983439e-16,0.9999934907203112,1.6822148216103557e-06,4.827064237106139e-06,1
1.281676866906677e-16,0.9999883255704191,2.0891633185109616e-06,9.585265545581106e-06,1
1.1987677702171317e-16,0.9999956073321372,3.164791019236997e-07,4.0761886593932915e-06,1
2.0371090740513885e-17,0.9999950836184217,3.466947793748847e-07,4.569687204834257e-06,1
4.135138679737218e-17,0.9999959934910518,3.003796066785306e-07,3.7061291699226474e-06,1
3.484072111683385e-17,0.999995270658743,2.973624191540796e-07,4.4319792814584725e-06,1
1.3459201202487134e-16,0.9999948750832475,7.467068349456484e-07,4.378209723202846e-06,1
2.42780799245491e-16,0.9999883200625834,1.0539495919645964e-06,1.062598794972519e-05,1
3.4417891686913026e-15,0.999978871220654,6.477213571415938e-06,1.4651566514990508e-05,1
8.6718913621132e-16,0.9999960127413398,5.25349213654207e-07,3.4619099713890178e-06,1
2.8454251469585594e-16,0.9999809362450819,1.1236622079008087e-06,1.7940092986496267e-05,1
1.679953129843467e-16,0.9999943128293866,4.624532878388994e-07,5.2247168453433644e-06,1
7.723477666392667e-17,0.9999958519451496,2.9652280568008606e-07,3.8515319417474295e-06,1
3.334318960127284e-16,0.9999894229945342,2.7004455297297637e-06,7.87655945332484e-06,1
3.4045546252505116e-16,0.9999912911022842,1.0315314339321328e-06,7.677366562946622e-06,1
1.8431942093943894e-15,0.9999918942395388,3.7558645971158903e-06,4.349896512649715e-06,1
9.047112174023709e-15,0.9999855316446731,6.477335885847279e-06,7.99101922252908e-06,1
4.926306020710147e-15,0.9999686126208079,9.886651814069228e-06,2.1500728179460168e-05,1
5.423295663658232e-14,0.9999816684855838,6.524704586166397e-06,1.1806808945409363e-05,1
5.924563542760036e-16,0.9999675539391012,2.735425213921565e-06,2.9710635844769972e-05,1
2.4226956255121082e-14,0.9999845368979114,7.170242352193759e-06,8.292859014103067e-06,1
2.9367806426731763e-13,0.9999392959725087,4.663916340212067e-05,1.4064863474438819e-05,1
1.7402685139336127e-11,0.9979220785223989,0.0019875522699785643,9.036918958008925e-05,1
3.916979521365699e-09,0.7795268772913484,0.21993928391700235,0.0005338348753855622,2
1.0236043855921408e-07,0.5706922357562908,0.42885225236884805,0.0004554095146856154,2
3.721440667897548e-07,0.41371172912908594,0.5854810149266476,0.0008068838010454606,2
4.2841228872806134e-07,0.3198021674883205,0.67786946044031,0.0023279436587595025,2
2.938085633308237e-07,0.1893143338830089,0.8099157792553655,0.0007695930523805105,2
1.3211465680368295e-06,0.024030966261908697,0.975576129122283,0.00039158346985616643,2
1.7234125658892957e-06,0.0031909895203150896,0.9966724151251387,0.00013487194174953592,2
7.540515399346204e-07,0.00040446964433362895,0.999515616047277,7.916025742712464e-05,2
3.055572261730177e-06,5.190006121314357e-05,0.9999152587625413,2.9785603716511828e-05,2
8.165319184988996e-05,2.057722006278724e-05,0.9995113664281183,0.0003864031599585934,2
0.001698187391738792,9.24516600865469e-06,0.9981144907705245,0.00017807667149025172,2
0.040528493639915016,3.981241947550275e-06,0.9581409546988207,0.001326570419280968,2
0.25216758454420335,6.670025495575511e-06,0.7276182598453462,0.02020748558555286,2
0.6836017679201696,9.1108901030476e-08,0.13774495971645953,0.1786531812550779,0
0.9016338656640122,1.661960348377257e-07,0.08169735559465921,0.016668612545646666,0
0.9266587895461055,1.328131477946195e-07,0.06841983948309709,0.00492123815827201,0
0.9311176652748542,1.9691187570067246e-07,0.06780476237431639,0.0010773754391548965,0
0.9475150223084003,5.235498413506468e-08,0.051918071041117196,0.0005668542947831465,0
0.9726719446756946,2.631626086082503e-08,0.02668111122121498,0.0006469177873063894,0
0.9894253243765854,1.283596848632115e-08,0.009443889662931295,0.0011307731249235948,0
0.9952384342284705,1.2240957376236592e-09,0.002409078497304556,0.0023524860497110443,0
0.9991962699957346,2.0149360936679264e-10,0.0005669396365171731,0.00023679016628882683,0
0.9996513800802604,2.0572769217072703e-11,0.0001418122955825658,0.00020680760298354814,0
0.999867244701579,1.6449723402651979e-12,2.6179704872222467e-05,0.00010657559127182207,0
0.9998911934116784,7.712190887196922e-14,3.7606942837381887e-06,0.00010504589387588304,0
0.9999176373180804,6.255828574348608e-14,3.975628245281968e-06,7.838705423414125e-05,0
0.9999116856470497,6.554771254324255e-14,3.161262405255097e-06,8.515309016270929e-05,0
0.9998278680621357,2.7640578505328777e-13,1.2234097904121466e-05,0.00015989784050977806,0
0.9998813687321064,1.1962946367985226e-12,1.1234516767684391e-05,0.0001073967494434083,0
0.9996036307585954,1.9856329029480753e-11,5.1315001260504084e-05,0.00034505422025461394,0
0.9984774527034828,2.6708444830585473e-11,3.825584207986246e-05,0.001484291427620465,0
0.9992855576696452,6.538326601214274e-10,0.00016771674757082823,0.0005467249285210742,0
0.9980341893034425,1.41410243232073e-09,0.0003118973026465255,0.001653911980244065,0
0.9834043238289852,1.7953415880069583e-08,0.0009535686373534849,0.015642089579959783,0
0.7269677753333752,7.652014801361097e-10,6.528697271977511e-05,0.2729669369283013,0
0.24124646725990673,1.0781304617061137e-11,2.5687395783314333e-06,0.7587509639897194,3
0.8907309506053888,2.4235922944510514e-09,3.549185747531234e-05,0.1092335551141349,0
0.9555303894632543,1.0363435310944227e-11,5.42353912007543e-06,0.04446418698737746,0
0.9991507560034394,3.1645165142617634e-12,9.760260112921527e-07,0.000848267967558292,0
0.9997392755716401,3.0856727403215825e-13,1.858312023115937e-07,0.0002605385974338571,0
0.9972572444313892,6.669394852961786e-13,2.5051682770613237e-06,0.002740250399625195,0
0.9988836642869308,2.682205321370286e-12,4.6373792995379637e-07,0.001115871972362319,0
0.9987291536039233,6.011415098475505e-11,3.5179622336327194e-06,0.0012673283738534847,0
0.9420738405280038,8.751395980569702e-13,5.271796003772019e-06,0.05792088767445306,0
0.989623754220722,9.866207960929505e-11,1.0589057677490339e-05,0.010365656623819995,0
0.9974951542439963,9.049875064369762e-10,1.750681932858911e-05,0.0024873380317339934,0
0.9807274969514029,2.081035798591647e-09,0.00014855191690630516,0.01912394905103847,0
0.004124979105917332,4.256073407315468e-12,3.000118306221031e-06,0.9958720207709717,3
0.5559588866886984,1.2748757389714812e-08,0.00048311541246443094,0.4435579851502959,0
0.9305350664759009,2.227566285573723e-09,0.00032083244476594663,0.06914409885100986,0
0.9922517186843771,1.3529220232451269e-08,0.0004281489913128121,0.007320118795021313,0
0.9903507688660503,6.245852448546733e-09,0.0013817625900137457,0.008267462298416768,0
0.9795060271921122,2.3421724331631723e-08,0.004518900688653166,0.01597504869801491,0
0.920280004367177,5.1705945759308715e-08,0.028055235256776317,0.051664708670956454,0
0.29635017104589734,1.1441953432142757e-07,0.23113391198814734,0.47251580254728515,3
0.042155001836564725,7.985574698883105e-05,0.8784022092380275,0.07936293317753851,2
0.007901088773091503,1.5179103154688516e-05,0.9893710677966953,0.0027126643278931463,2
0.001645958240950675,1.7911577146338812e-06,0.9978351632045274,0.0005170873971246225,2
0.00034992431509146046,1.8568466077504684e-06,0.9994203612595385,0.00022785757906953295,2
4.47914922543895e-05,1.059277541447089e-05,0.9997803792706698,0.00016423646119696482,2
0.00010111287998366885,4.2711268195975565e-05,0.9969556362489196,0.0029005396034893706,2
2.9644912032291357e-06,3.2727039110775755e-05,0.8752767017949061,0.124687606674499,2
4.765579711529317e-07,3.236620586936206e-05,0.8090558255408904,0.19091133169477317,2
2.459959878506221e-06,6.0274424962203264e-05,0.8238420600210203,0.1760952055936276,2
4.952385113936237e-06,0.0002473439091534509,0.8706814734000362,0.1290662303050562,2
9.781433163495802e-06,0.00045617453173122703,0.9973148206580842,0.0022192233775863595,2
9.136581496531856e-07,8.754972115782494e-05,0.9996642238406307,0.0002473127804025008,2
3.990239158754977e-07,7.330648947899777e-05,0.9997756975001153,0.00015059698632522548,2
1.0392288653226928e-06,0.0001322357238363837,0.9998117905818852,5.493446507842014e-05,2
7.344741230707762e-07,0.0004966199123820505,0.9994161776780046,8.64679354758628e-05,2
3.064339626326629e-07,0.0006689307680846046,0.9978931987472516,0.001437564051349687,2
8.293813787742691e-06,0.00021728620985214593,0.9991299214933346,0.000644498483277809,2
0.0001708898181502857,0.000642450238301515,0.9832415260191035,0.015945133925263845,2
8.605155348876034e-09,4.3891633029859645e-06,0.15995695490993347,0.8400386473224188,3
5.690170803537042e-06,0.0002031107750540513,0.3205949371844107,0.6791962618703021,3
6.0893350105278184e-05,0.0002303678455249558,0.7211077275128571,0.27860101129107506,2
0.0007750717833659017,0.00014880171355462625,0.8996159346997054,0.09946019180299616,2
1.443024978345888e-07,2.216823581865033e-06,0.8559681191191023,0.14402951975542377,2
0.00032153536717291454,3.1415849010394875e-05,0.9946425825043346,0.005004466280032193,2
3.557478760883363e-05,5.135544865506699e-06,0.9995594335471604,0.0003998561204808221,2
7.683717367180547e-06,6.37268912418606e-06,0.9998670355164897,0.00011890807636189888,2
8.34987851054516e-06,5.260114352055242e-06,0.9997299959119375,0.00025639409567467664,2
1.1620721633457651e-05,5.083635274158295e-06,0.9998678827276476,0.00011541291628069306,2
1.9195075149857276e-05,3.904247576416447e-06,0.9999353881368375,4.151254009616159e-05,2
9.703503971357439e-06,4.347195399445366e-06,0.999913812822294,7.213647853651745e-05,2
1.996909541793276e-05,6.532413869065127e-06,0.9999110810303571,6.241746091532652e-05,2
5.029963669834023e-07,6.716195254207576e-05,0.999170637575267,0.0007616974751623811,2
2.295044417747836e-06,0.00023789937485160702,0.9988826570781308,0.0008771485025396148,2
9.676891435592037e-07,0.00015861735456904844,0.999799015251747,4.1399705278931415e-05,2
1.2580048523472292e-06,0.00018078396323127464,0.9997741712732079,4.3786758186081725e-05,2
2.8366206182541557e-06,0.000624094001627753,0.9989210014676213,0.00045206790961242846,2
7.417974114150548e-05,0.003974865909494733,0.9820137437099702,0.013937210640044434,2
2.8685027479402546e-07,0.003942867935721853,0.11828493719291402,0.8777719080214886,3
1.380828554557433e-16,0.0004732178789909426,4.792085766300824e-06,0.9995219900353634,3
7.630651183666154e-08,0.9694408586487172,0.011753119709337559,0.018805945336320233,1
3.2322862214797697e-12,0.9993626858784828,6.581352629330047e-05,0.0005715005923381622,1
2.3968360014625383e-14,0.9999832974366384,2.5666955124069876e-06,1.4135867668003162e-05,1
6.667938820504212e-17,0.9999945686197114,2.2406034877667334e-07,5.207319914951285e-06,1
1.2748772921999987e-16,0.9999962915495058,4.0970220718883094e-07,3.2987484291686312e-06,1
2.5003365493343124e-15,0.9999901932704883,9.091352001806372e-07,8.897593498565212e-06,1
2.029103753589179e-17,0.9997496521165722,5.818890902888422e-07,0.00024976599359014526,1
5.470936147735173e-14,0.9999919450453213,7.648843813028154e-07,7.2900701558103295e-06,1
1.761587794534229e-15,0.9999480961115305,2.540911168838009e-07,5.164979798159905e-05,1
1.6038441130802826e-15,0.9998755558812364,9.109085252785253e-07,0.00012353321083227676,1
2.4916274284773323e-14,0.9999774931879861,2.1639706390639326e-06,2.0342841051882015e-05,1
3.0940170225300164e-15,0.999979589266359,2.8165991249016412e-06,1.7594133812390792e-05,1
3.796173431422116e-15,0.999976234587397,3.928679338253133e-06,1.9836733656506424e-05,1
8.426796565795791e-16,0.999986068513591,1.0531532689998515e-06,1.2878333354262992e-05,1
1.5140318542803787e-15,0.9999904580745849,2.794198711407147e-06,6.747726583456046e-06,1
5.088280380171269e-15,0.9999822733923368,7.234313381801129e-06,1.0492294814979037e-05,1
5.4178560073856045e-15,0.9999730867404726,4.472486248910226e-06,2.244077303761649e-05,1
1.1402410765977125e-14,0.999979214009299,7.469918901512646e-06,1.3316071732468348e-05,1
4.57800381805292e-15,0.9999875937634135,4.118625904149994e-06,8.287610517765315e-06,1
5.881097687235999e-16,0.9999877269499932,1.2263522100631187e-06,1.104669692064538e-05,1
2.149532062217864e-15,0.9999895234235199,3.936118620206846e-06,6.54045840906553e-06,1
1.3530461488891133e-15,0.9999913468538255,1.0321611564964068e-06,7.620985513198325e-06,1
1.9858901554156902e-15,0.9999720944198222,6.795639403570166e-07,2.7226016755927314e-05,1
2.1875597671853526e-15,0.9999478579145274,5.38777190043056e-07,5.160330803442319e-05,1
1.5711239583742584e-18,0.9999001745661605,1.8605919971206246e-08,9.98068273488658e-05,1
2.6610334763889424e-17,0.9999923910889525,2.6728122477611732e-08,7.582183595314439e-06,1
2.88108274247305e-17,0.9999940425400488,7.500651969844384e-08,5.882453307942778e-06,1
3.835179484873227e-18,0.9999914239892256,4.825376464260013e-08,8.527756226317225e-06,1
1.9813049955012223e-19,0.9999957373838597,9.491823163162912e-10,4.261666210038795e-06,1
5.863835659762039e-19,0.9999965918472169,4.374280657122065e-09,3.4037777097302994e-06,1
1.3686803099330212e-18,0.9999959803288974,9.944944408265168e-09,4.00972647235947e-06,1
9.854157843379976e-17,0.9999919161636407,2.171725779970665e-08,8.062118351370977e-06,1
2.2315079693213473e-20,0.9995781946653783,1.2270004811117809e-08,0.0004217930651794331,1
3.1834742930463085e-16,0.9999921858557798,1.2231645270287632e-08,7.801912000718907e-06,1
5.7456069420689665e-18,0.9999850135459137,1.1386958647295373e-08,1.4975067452161318e-05,1
1.0715472157886909e-17,0.999994035566085,1.3052984927958024e-08,5.951380777141496e-06,1
3.391386359620573e-17,0.9999933091045128,2.5455852378209428e-08,6.665440008995577e-06,1
1.6698889745813717e-18,0.9999555986249705,4.7630730587906456e-09,4.4396611300560945e-05,1
6.017236523295569e-19,0.9999922558062921,2.447157064964436e-09,7.74174654929829e-06,1
7.840429436999291e-18,0.999996844140219,2.043999926163487e-08,3.1354195414393875e-06,1
1.6550777308346159e-18,0.9999895675026294,3.0729879927696215e-08,1.0401768087005905e-05,1
5.069288704926051e-18,0.9999961278010624,3.1158708088051875e-08,3.841039818659848e-06,1
1.048588468435419e-17,0.9999962527215027,6.088171712084195e-08,3.6863962088411594e-06,1
1.0177356816132789e-17,0.9999936085609605,9.374493521874564e-08,6.297693939166828e-06,1
4.4943093017305055e-17,0.9999912779947608,9.95570692440454e-08,8.622447923555099e-06,1
4.74743980938845e-17,0.9999840296624986,3.2983079476732223e-07,1.5640505833133344e-05,1
3.92773294748506e-15,0.9999946047264556,7.029707224509777e-07,4.692302313384118e-06,1
6.10574186924037e-17,0.99990820540612,1.3450802034905362e-06,9.044951362002046e-05,1
4.22749484599366e-14,0.9999857588277314,2.429073419082137e-06,1.181209892899408e-05,1
6.314763029109895e-13,0.9999490852707692,3.963060752293543e-05,1.1284121169059831e-05,1
2.4127797240953785e-13,0.9991735724184968,0.000507803214820307,0.0003186243672002686,1
3.4668185763646542e-09,0.9818118124836244,0.017924752337495988,0.0002634317127775032,1
1.128451755863111e-08,0.8859255773368676,0.11383499170379961,0.0002394196742872714,1
3.330543444126155e-08,0.6602424963494363,0.33933822842118716,0.00041924192326380454,1
1.0715036915025846e-07,0.3389370049905488,0.6604621073653175,0.0006007804941259181,2
4.265776916465715e-07,0.11284985546231192,0.886786680122229,0.0003630378368737585,2
1.0981563863330573e-06,0.01845568731266108,0.9814244511201129,0.00011876341154485282,2
1.3622397235743335e-06,0.0016579128155194875,0.9982286406032665,0.00011208434159970396,2
3.550178030548689e-07,0.0003214899143142141,0.9986213258540417,0.0010568292132940643,2
3.3160495984307093e-06,1.666423375645843e-05,0.9998349401154124,0.00014507960139698462,2
4.883627253980833e-06,2.349093846896509e-05,0.9999292290409336,4.2396393712277155e-05,2
1.0847173249972124e-06,0.00020926256573857108,0.9996869239298205,0.00010272878711350927,2
1.3514925760340112e-07,0.00046742529282412285,0.99757336910476,0.001959070453910861,2
6.64630713857867e-07,0.0005724816005113661,0.9993360937805674,9.075998807958936e-05,2
5.291945034409536e-07,0.0004517899691158308,0.999471012373118,7.666846323367709e-05,2
2.049397391917028e-07,0.0003088905663952066,0.999543206436275,0.00014769805766833463,2
6.371944137038153e-07,0.00011534348775424942,0.9998248705098064,5.914880834085572e-05,2
2.236648814993261e-06,5.541913800270457e-05,0.9998968916270686,4.545258691241204e-05,2
1.4081561593301944e-06,2.6532085707280912e-05,0.999927255337144,4.480442069478977e-05,2
2.761333432540967e-06,3.1406625291208355e-05,0.9998927298551542,7.310218597275272e-05,2
9.599089988508096e-07,3.281691151300454e-05,0.9997181881505338,0.000248035029817048,2
1.5245306686747965e-06,4.421152122235062e-05,0.9999008308067886,5.343314079963674e-05,2
1.2815175561547757e-06,3.4989377032393634e-05,0.9999175451811277,4.618392361910128e-05,2
2.110821386171385e-06,2.807959954306715e-05,0.9999374498866186,3.235969287147792e-05,2
2.8352732660887788e-06,1.9165886439114596e-05,0.9999254551613449,5.2543678273501866e-05,2
1.6153642662270175e-06,3.995137927369793e-05,0.9999160594141434,4.2373841769068094e-05,2
1.798847036531652e-06,4.415168326952637e-05,0.9999273284970351,2.6720971967848964e-05,2
2.2212207905448648e-06,4.179900759771657e-05,0.9999284707873087,2.750898363185733e-05,2
8.607334199242261e-07,0.00015003801153794499,0.9995840794095804,0.0002650218455729314,2
3.8057127028240262e-06,0.0011231402444707571,0.9987907789419554,8.227510027723986e-05,2
1.2176237756385743e-06,0.023122176574106545,0.9758895425706232,0.0009870632318351696,2
6.084136251888779e-07,0.15490780776215518,0.844107196479617,0.000984387344942915,2
2.2447976074819455e-08,0.31332513412535007,0.6849015957158404,0.0017732477108208427,2
1.930099842145256e-07,0.32908142809282537,0.6707544475543333,0.0001639313431111639,2
2.9234102348879655e-07,0.33698837723377006,0.6628406584766237,0.00017067194896072503,2
2.6880619696726456e-07,0.34363430046669724,0.6562752609648091,9.016976173833372e-05,2
4.471316450967204e-07,0.348702758637262,0.6511300378086652,0.0001667564219850056,2
4.0155981704882295e-07,0.40298811427320397,0.5966822795527216,0.0003292046142260108,2
4.0951045561400174e-08,0.6271252652029334,0.3722104264546796,0.0006642673918184008,2
2.114691597154814e-08,0.8899725317693821,0.10966609590246242,0.00036135118195098443,1
2.0059754918535183e-09,0.9561026473425894,0.04317274904201215,0.0007246016095894997,1
1.6315060242161662e-09,0.9799876591071375,0.019851815773872652,0.0001605234866569566,1
3.3053032184643166e-10,0.9954076376390076,0.00455926844938667,3.30935803196936e-05,1
6.664644439205534e-11,0.9986981502339759,0.0012844087597781088,1.744093946990287e-05,1
7.918406672771064e-12,0.9997255089721071,0.00026149679006875646,1.299422932488627e-05,1
1.985166981157936e-12,0.9999029959248416,8.785483213877563e-05,9.14924060250368e-06,1
7.294372892213596e-13,0.9999114369840878,6.628796518624946e-05,2.227505050351005e-05,1
9.106071746724872e-13,0.999927569164613,5.32431544802978e-05,1.9187680768192758e-05,1
2.742959034824058e-13,0.9999387866756099,4.0685877419055036e-05,2.0527446131111707e-05,1
1.7024721512681413e-13,0.9999497156805875,4.013374787312172e-05,1.0150572036789098e-05,1
2.5928130155873127e-13,0.9999519663965222,4.010753027212886e-05,7.926073406341622e-06,1
4.729922824757251e-13,0.9999098698828454,7.038671442652612e-05,1.9743403103609226e-05,1
1.1061914658947851e-13,0.9999426137824348,1.4644463009208895e-05,4.2741754678798454e-05,1
1.5143766269544717e-13,0.9999781902620299,1.3536061782718475e-05,8.273676908852345e-06,1
4.3834725582025346e-12,0.9999522197495992,2.0917456221077538e-05,2.686279042776944e-05,1
8.647264185079981e-18,0.9974688197642303,3.057238893996895e-06,0.002528122996173855,1
2.059767813451067e-12,0.9999554959566778,1.1999885501980887e-05,3.2504155325166214e-05,1
2.014437877886939e-14,0.9999812340916869,5.192972504214801e-06,1.3572936139578712e-05,1
9.048025881858605e-16,0.9999854255882171,4.869425493349646e-06,9.704986065419649e-06,1
5.539805559521086e-18,0.9999968590286005,1.660073236582728e-08,3.1243704888635533e-06,1
1.8718647784043955e-18,0.9999958769597884,2.9141498304198697e-08,4.09389833923078e-06,1
1.937218488224259e-18,0.9999967118637358,2.0249436317468278e-08,3.2678862453785768e-06,1
2.5318799321562848e-18,0.9999966349625767,3.1906600780347195e-08,3.3331307797968927e-06,1
1.0100152986094075e-15,0.9999939047287851,1.670417391970651e-06,4.42485345474382e-06,1
5.67829786370735e-17,0.9999751776492641,4.571972803570937e-07,2.4365154145232773e-05,1
1.5008582424181827e-15,0.9999944159927892,1.58443293835901e-06,3.999573803702701e-06,1
4.745625474653593e-15,0.9999905175076793,4.873286315570143e-06,4.609205104687977e-06,1
4.856322248323946e-13,0.9998449063852695,0.00014453704055468166,1.0556573320498544e-05,1
1.0118456395566341e-10,0.9936675173588682,0.0062987606161401775,3.3721923832503563e-05,1
2.246795687205166e-09,0.9687301835491521,0.03119058458023343,7.922962428098012e-05,1
1.9069067514666667e-08,0.8995402336997561,0.10029933988757588,0.00016040734400283907,1
4.668513203596507e-08,0.8535009395073648,0.14637842026369743,0.0001205935436305888,1
8.58393279046978e-08,0.8169952320627402,0.18290412217507093,0.00010055992339382876,1
2.2643216137832383e-08,0.8032106693300763,0.19664561516281098,0.00014369286382063802,1
4.280747910152599e-08,0.7446745226312685,0.25509078778112393,0.00023464678018477174,1
7.525270891595687e-08,0.5173617445061448,0.4821437298724104,0.0004944503695301104,1
1.626710677624861e-06,0.025936825930321455,0.9736557241553697,0.0004058232045059811,2
5.902298881815375e-06,0.0008403424112687093,0.9991023855254362,5.1369763803331884e-05,2
6.580333588806354e-06,3.2175054804633734e-05,0.999936261421259,2.4983191111944075e-05,2
7.578304011709011e-06,1.0061197298472875e-05,0.9999545551703777,2.780532917374395e-05,2
1.638875932194199e-05,4.693674272365158e-06,0.9999350146806771,4.3902885650091256e-05,2
1.4293539514683292e-05,7.637954551098238e-06,0.9999204966926004,5.757181419555359e-05,2
1.1302056339374519e-05,6.261807500851375e-06,0.999938798994871,4.3637140822183276e-05,2
3.316907607742731e-05,1.4358692862599073e-05,0.9999047120454514,4.7760186118183985e-05,2
0.0009570730759075748,1.072811909130633e-05,0.9985908827965434,0.0004413160085070034,2
0.017403380343623504,6.411461325864331e-06,0.9735030255029048,0.00908718269130373,2
0.3127894480382441,2.8450463037485867e-07,0.6791994248837555,0.008010842574133231,2
0.9736818829314897,3.77949179871721e-09,0.021835103270854583,0.004483010017529149,0
0.998721562070738,6.756419929584369e-11,0.0005580900299945216,0.0007203478316722767,0
0.9998224971471708,1.566478492885284e-12,2.1207289420183327e-05,0.00015629556146776842,0
0.9999114392030584,2.6634993693008e-13,4.711379466194293e-06,8.384941785848652e-05,0
0.9998047987595422,5.310462251483046e-13,6.404727834457316e-06,0.00018879651224418733,0
0.9989920524063621,8.861009877018433e-15,1.0131814055602655e-07,0.0010078462761614608,0
0.9989787141836242,5.874037713504355e-15,7.909469548321579e-08,0.001021206722340367,0
0.9999100436698141,6.397841771071188e-15,1.3511355303534444e-08,8.994281935085001e-05,0
0.9996127517454964,1.8799196078469113e-14,2.2941296574511298e-08,0.00038722531396014406,0
0.9859840989873007,6.953748663026061e-15,6.197248949842972e-08,0.014015839040444946,0
0.9984181016341935,3.906395610717635e-14,4.209762722574506e-08,0.0015818562687003079,0
0.9998868421025643,2.8625530573077193e-15,2.475159339149254e-08,0.00011313314519809411,0
0.9998989635173432,2.834331949020736e-17,4.033673145093375e-09,0.00010103244841529252,0
0.9999310796697197,4.7486986046000326e-17,3.6498042382910935e-09,6.891668108610561e-05,0
0.9999095964843152,2.263337625769293e-17,4.48814007257298e-09,9.039902792060112e-05,0
0.9999136168667422,5.1818315138509675e-17,6.345972691536074e-09,8.637678747403681e-05,0
0.9999161970437084,4.7350317926796355e-17,4.799129782802334e-10,8.380247696659489e-05,0
0.9992771903639343,1.0403784886463371e-16,2.516910861526592e-09,0.0007228071190266918,0
0.9997670166122349,2.584479860836653e-16,6.411149482481273e-11,0.00023298332403013403,0
0.9973092090227739,1.500519887466464e-17,2.174165152840354e-10,0.0026907907592538063,0
0.9994985391144748,9.094964586425202e-17,9.401261678653932e-11,0.0005014607912033885,0
0.9996335066569391,1.1995140139826496e-17,9.279768272640349e-11,0.0003664932503144657,0
0.9998187556970011,1.9777862258220638e-17,3.66481757398705e-11,0.000181244265761713,0
0.9993754165457664,4.051737856046985e-19,1.2617163734080082e-12,0.000624583453311682,0
0.9992319165410867,1.3236215681216181e-18,1.936274591759127e-12,0.0007680834571322935,0
0.9996907134568379,1.0394942755257191e-18,8.154942891654904e-13,0.0003092865420463145,0
0.9997055473072586,2.284369857713517e-19,6.532095020582463e-13,0.00029445269227889453,0
0.9997569496892881,2.595297227467666e-19,6.680723949313423e-13,0.00024305031044054203,0
0.9997365143584183,6.365662298218456e-19,2.6013727757980094e-12,0.00026348563985843223,0
0.999797506224315,1.2967615450864295e-18,1.3684327379577144e-11,0.00020249376194024867,0
0.9998741728402136,5.269079479289428e-19,1.2147841554774667e-11,0.00012582714797950768,0
0.9999257660071466,1.9934677826552247e-17,2.1519560723380435e-09,7.42318412885968e-05,0
0.9999322607843389,3.332778887694932e-17,5.430346566158318e-09,6.773378440904352e-05,0
0.999930735378824,2.6883697602350396e-17,5.715159724146945e-09,6.925890599184141e-05,0
0.9999311379461252,1.146904638372734e-16,1.7088834557112828e-08,6.884496460435094e-05,0
0.9999287162951473,2.519328558425412e-17,1.8234223014086183e-09,7.128188103829093e-05,0
0.9998671023336392,1.9650561304486812e-18,3.057077517746498e-10,0.00013289736108453064,0
0.9999156249832691,3.4486827107110666e-17,4.576362751633436e-10,8.437455914847439e-05,0
0.9995832136583845,7.50610082221627e-16,1.4985076384077676e-07,0.0004166364904178676,0
0.999923887667087,1.890638415269284e-15,5.271437738233774e-08,7.605961798467644e-05,0
0.999927420205639,1.9250617835131053e-16,1.3231709585287465e-08,7.256656294757535e-05,0
0.9998630905644587,9.44102856903831e-17,1.2392040138707418e-08,0.00013689704343240142,0
0.9999273142044552,1.5282072408588524e-16,8.331835118331208e-09,7.267746364660433e-05,0
0.9999054947714371,2.4899673762973657e-17,7.073275708008375e-10,9.450452068654938e-05,0
0.9996442170171964,1.7525639922491918e-17,1.2215513269428434e-09,0.0003557817609959376,0
0.9997626566325164,4.45912253310589e-16,1.5353649356621693e-08,0.00023732801337914054,0
0.9998851871800315,1.8220024329349215e-15,6.830070280933191e-08,0.00011474451925763591,0
0.9999135514542604,1.851991565761895e-14,1.1105389787319308e-06,8.53380065493786e-05,0
0.9999027821870601,7.031158292925689e-14,1.573851565590673e-06,9.564396072031513e-05,0
0.9996358577092059,2.4676747840788132e-14,1.3118740427481086e-06,0.0003628304158490324,0
0.999892089125054,3.585904407694151e-14,1.0502164932142141e-06,0.00010686065782380808,0
0.9999352885335997,1.2838475880555513e-14,8.429902837522286e-07,6.38684765306407e-05,0
0.999888283496858,8.574324209009469e-14,1.4322150550140213e-06,0.00011028428756478382,0
0.999101215355616,4.946439459540965e-15,7.431126766402073e-07,0.0008980415320559822,0
0.9999107243273964,4.926281272407789e-14,5.777569015413456e-07,8.869791518222005e-05,0
0.9999102624382021,4.743546321504127e-14,9.499128216673129e-07,8.878764955679172e-05,0
0.9995885183912928,1.1221001100337183e-12,1.1486978878689342e-05,0.0003999946289921507,0
0.9993658418728999,5.6972271194602574e-12,1.6125183518491804e-05,0.0006180329383695692,0
0.9996241753044903,6.895854198025861e-14,3.874414233888955e-07,0.00037543725460302253,0
0.9998223249649321,1.2080656012687309e-12,2.5763563954307505e-06,0.00017509867824242256,0
0.998558888557614,2.2871117632119415e-13,7.372106917022535e-06,0.0014337393352095598,0
0.9998088476697423,9.93678183057506e-12,1.099825356180614e-05,0.0001801540665187774,0
0.9997131602785201,3.509783118027915e-11,0.00011829240134803632,0.00016854728481022503,0
0.9974339989196231,5.716850180449893e-10,0.002096053955751371,0.0004699465530983043,0
0.9662914938931624,1.0147290061668754e-08,0.03225665929009438,0.0014518366696754095,0
0.8985743442776357,7.331303482817484e-08,0.09811379761927566,0.003311784789717899,0
0.7026515946523039,2.4587378016865465e-07,0.2938168398838165,0.003531319589495774,0
0.5006232005148392,6.511426322901373e-07,0.4914890320801815,0.007887116262131533,2
0.3353172354929501,9.685884626124463e-07,0.6607583512094825,0.0039234447087399945,2
0.2140982095084355,1.2148009820325614e-06,0.7829857816970558,0.00291479399356992,2
0.1681781966476529,1.5591337858694135e-06,0.8311902435603381,0.0006300006583832905,2
0.14306741986515992,1.183849748071159e-06,0.8564976848296914,0.00043371145538737357,2
0.12246677625558768,1.4566883025094531e-06,0.8770840571460768,0.0004477099100688007,2
0.1107159951346009,7.517832638639038e-07,0.8876777706375886,0.0016054824439327496,2
0.09791852423954135,1.0677659344792613e-06,0.9016181574778921,0.00046225051577351655,2
0.08008230129654176,8.871143588533735e-07,0.9192303411370742,0.0006864704513020594,2
0.039602954059562774,1.6683697405106293e-06,0.9598117807142449,0.0005835968564434651,2
0.01841031221069542,1.994577665730989e-06,0.9791218152437333,0.002465877967937113,2
0.0012593492219544727,5.9277214211300345e-06,0.9983831902655935,0.0003515327905841509,2
2.9686631425233287e-05,1.2320064140369974e-05,0.9999056380760782,5.235522841907835e-05,2
7.077179948682006e-06,1.1023900684144622e-05,0.9999574789162672,2.442000284764198e-05,2
5.518527363152121e-06,9.96321240818068e-06,0.9999548541841392,2.9664075781664092e-05,2
5.822077347185393e-06,1.0814010481918564e-05,0.9999163198988776,6.704401272955934e-05,2
3.1872379982455124e-05,1.2333531837747778e-05,0.9999279092619502,2.7884825790315526e-05,2
0.000911886310276957,2.4724902210731392e-06,0.9990136225130404,7.201868608075037e-05,2
0.003705890493219074,2.2682640205586147e-06,0.9961755258760021,0.0001163153673625245,2
0.012801522556480108,2.1866844861767758e-06,0.9869724979616443,0.0002237927967140558,2
0.035504149050922924,1.8959165543040404e-06,0.9640206308363274,0.00047332419659879357,2
0.08766844296171523,1.996112604678366e-06,0.9111029321527238,0.0012266287737802354,2
0.24472773040465162,9.350693725656962e-07,0.7470950873260456,0.008176247200270116,2
0.4711308531735801,4.5068898881098556e-07,0.5260408391886074,0.002827856948959575,2
0.7713778115235337,7.553888499650713e-08,0.22576897970124665,0.00285313323617801,0
0.9518543577201413,5.439290179834145e-09,0.046904781772977126,0.0012408550669258096,0
0.9978570696383948,2.6380078681727987e-10,0.0018764734642669817,0.0002664566344110367,0
0.9995974669585966,4.221187414910947e-11,0.00024342905507657728,0.0001591039447344623,0
0.9998353573500735,1.065457965034438e-11,4.8027447119363316e-05,0.00011661519248427523,0
0.9997285872859857,3.4113449434735194e-11,0.00014185937474370022,0.00012955330538301946,0
0.9990173892404993,2.3062571065299388e-10,0.0005762724463512229,0.000406338083302047,0
0.9942508274454155,2.5973357948108706e-09,0.0028194414645088895,0.0029297284926533915,0
0.9948192505025464,1.9700000475507943e-08,0.004388500864604203,0.0007922289329883076,0
0.9940352822579556,5.643939432796305e-09,0.005099070225407728,0.0008656418734309585,0
0.9947448365459479,4.677103294565943e-09,0.0050237923042346,0.0002313664720155356,0
0.9911199982321972,7.932054715663095e-09,0.0076946832334187166,0.0011853106021871996,0
0.9854837738779849,3.1897661225500546e-08,0.013424437175716841,0.0010917570494422871,0
0.9812343000594093,3.76388594078769e-08,0.017426313038932547,0.0013393492623405667,0
0.981184144112239,3.9866754573987426e-08,0.01773745507636263,0.0010783609438285643,0
0.9848817559442211,1.768853580854819e-08,0.014799776405087705,0.00031844996147348053,0
0.9868315893448979,1.2177534242242248e-08,0.012933324380719216,0.00023507409614923158,0
0.9868214799358724,8.926379596362783e-09,0.012823849063019472,0.0003546620740295447,0
0.980232744209891,8.559777183946514e-09,0.01729459436985984,0.0024726528611423537,0
0.9571119955373661,8.800279214130549e-08,0.040560424501181296,0.0023274919591952563,0
0.9020441858627777,1.246654633691129e-07,0.09574003162385528,0.0022156578485443253,0
0.798504371366433,2.209946504830108e-07,0.19670974609603936,0.004785661543747751,0
0.6187561868366703,4.6682518230140254e-07,0.37676054986278285,0.004482796475747473,0
0.4201833871221067,6.624337054387735e-07,0.5752443901154928,0.004571560328215842,0
0.17338349844416703,1.1464746704642198e-06,0.8219272100575709,0.004688145022808644,2
0.014161450001989397,4.67478898408131e-06,0.9850853308289694,0.0007485443803232625,2
0.0010165001058456003,3.8593821571909875e-06,0.9987152903888155,0.000264350122819896,2
0.00013118246377486617,4.878366988271959e-06,0.9997611501913901,0.00010278897848720723,2
5.687898107788881e-05,3.302996614414688e-06,0.9998811754219527,5.864260101347362e-05,2
1.769630299506015e-05,5.970402053799442e-06,0.9999429374057852,3.3395889274724836e-05,2
9.195638725878736e-06,8.066154718578115e-06,0.999853717657161,0.0001290205502474311,2
0.00011618617334391504,3.2715798925168142e-06,0.9995434974234947,0.00033704482353878355,2
0.00011506163433438499,3.390747973620696e-06,0.9982639932384628,0.0016175543796594432,2
0.002567304364040065,3.824816211166923e-06,0.9965815620433011,0.0008473087770707569,2
0.025752518738458033,2.4564557771848845e-06,0.9706936653744245,0.003551359431603432,2
0.11689314044264021,2.6246464651007102e-06,0.877344751568307,0.005759483343403485,2
0.3240389137916515,3.277592250463032e-07,0.6643711561782475,0.011589602270373232,2
0.9949121815522073,2.7848345437153484e-13,5.60804669996452e-07,0.005087257642751488,0
0.9989972258009855,3.9467965794416e-16,3.915415232084322e-10,0.0010027738067909262,0
0.9999008098741159,1.2826343026823234e-16,3.838442404445748e-10,9.91897419537745e-05,0
0.9998015866345441,3.8441856555519577e-16,1.530842076539385e-09,0.00019841183415931715,0
0.9972425360263155,1.2620498534431253e-17,2.8199972174859814e-10,0.0027574636922810636,0
0.9998234329988492,2.363155784756543e-16,2.83417354059956e-10,0.00017656671683414748,0
0.9998304546814829,1.5083891250530616e-17,4.696147413474768e-10,0.00016954484863497627,0
0.9998838394681822,2.0510549924445093e-17,1.2955227529937256e-09,0.00011615923669115804,0
0.9999149555700247,1.376298095697457e-17,1.329345748382022e-09,8.504310036722678e-05,0
0.9999210323843674,3.178813127488999e-17,2.2844768139969533e-09,7.896533038069352e-05,0
0.9998867703060854,3.7501573180119695e-17,2.9868387135612833e-09,0.00011322670781149408,0
0.9998843177232754,8.514069326368727e-17,1.3794756711296396e-09,0.0001156808965015284,0
0.9996871557438374,1.8368790993862195e-16,1.510780569626424e-09,0.0003128427455572781,0
0.9986033319384313,2.188816898226753e-14,5.169667956317629e-09,0.0013966628921782934,0
0.9616199838382705,1.2928102800499058e-14,1.1001992177521424e-08,0.03838000515988014,0
0.9808412102059253,3.4922166084618333e-13,3.061369585607421e-08,0.019158759180746623,0
0.9936351059020191,2.898565393734259e-14,6.136639028820506e-09,0.0063648879615814105,0
0.9987884720902502,2.208329693367244e-13,5.334529961962609e-09,0.001211522574803805,0
0.9871200977238133,2.0429823074516406e-10,2.2649797583816235e-05,0.012857252273584847,0
0.603449750237399,9.507719183714055e-10,0.00012562128802101827,0.396424627523085,0
1.823555664940927e-25,1.1668479373177851e-23,1.1288124231720454e-22,1.0,3
0.00018839765566492392,1.0198292144650273e-08,3.09547843776601e-05,0.9997806373613467,3
0.0577451324432492,6.403319242595285e-07,0.011724769361685752,0.9305294578639309,3
0.40449165278730415,1.2925096091926483e-05,0.3008440500169009,0.29465137209977804,2
0.42236488713481224,7.394592643232061e-06,0.5289485301450896,0.0486791881277742,2
0.2726737394194712,2.6889027691065284e-06,0.717488036486853,0.009835535190402613,2
0.043129486805742794,3.949888714635902e-06,0.953160578163144,0.0037059851427665436,2
0.008511171082930187,3.302377739642016e-06,0.9911171310588235,0.0003683954801515409,2
0.001957954925093713,2.0519082133349713e-06,0.9977813000348537,0.0002586931325282985,2
0.000405457844441267,3.1038788400680425e-06,0.9994470887943558,0.00014434948264937554,2
7.931826761927646e-05,3.961828629389124e-06,0.999727839282608,0.00018888062091441542,2
6.306906461803252e-06,1.0561934052021458e-05,0.9999226293049391,6.050185524805488e-05,2
3.5160431726650507e-06,1.057470747178133e-05,0.9993084903585984,0.000677418891201508,2
1.217573070882592e-06,2.7452750094628765e-05,0.9998286573115813,0.000142672365514142,2
9.955699096893734e-06,6.816089975570948e-06,0.9999322397982611,5.0988412833302124e-05,2
5.9042037820137614e-06,7.979025638948077e-06,0.9997925637464089,0.0001935530243855676,2
8.959624900442974e-06,6.119357899647905e-06,0.9997029152461467,0.0002820057708669781,2
1.2940516783903954e-05,4.825939716675993e-06,0.9998503910849804,0.00013184245806473826,2
1.3029712995718847e-05,6.181643710574379e-06,0.9999431264589542,3.766218421805568e-05,2
9.096196443191279e-06,9.265990022356788e-06,0.9999511504246716,3.0487388835870255e-05,2
6.984875102927752e-06,9.93544347163145e-06,0.9999548182516265,2.8261429241489808e-05,2
7.12272114416148e-06,1.031481517222045e-05,0.9999527447159174,2.9817747107061826e-05,2
3.6491046579469475e-06,1.6711531972055138e-05,0.9999524935071941,2.7145855495418597e-05,2
1.0786889165079e-05,6.489080582125878e-06,0.9999351890849759,4.753494605754884e-05,2
4.088254599995972e-06,1.96115398534479e-05,0.9999364677197274,3.9832486618075256e-05,2
2.331063602690229e-06,2.0512105586155165e-05,0.99993224334505,4.4913485816381395e-05,2
1.1753540170578305e-05,5.7172208062551835e-06,0.9999397762839973,4.275295570251708e-05,2
9.80759365298333e-06,1.4339821418221823e-05,0.9999246031942148,5.124939037918371e-05,2
2.675782392100962e-06,0.00041906435566872074,0.9993780778247235,0.00020018203776240396,2
1.7712959866768326e-06,0.003875347007314402,0.9959317686061568,0.00019111309105819687,2
5.620629179872477e-07,0.017753891156142714,0.9809202801800512,0.0013252666013770353,2
1.557512404863815e-07,0.20922045915626553,0.7899703537777649,0.0008090313153574454,2
4.7030294392045006e-07,0.40952541119287705,0.589674868650556,0.0007992498542045246,2
9.749936877550562e-09,0.7858397834166316,0.20719969986406175,0.006960506970017924,1
1.9092247476650714e-08,0.9878323566247812,0.011319808226656276,0.0008478160569117247,1
1.234435936772524e-09,0.9961023278648794,0.00019535950747790964,0.003702311393867775,1
4.053611445152685e-09,0.9772481153613133,0.00037018745434390707,0.02238169313006852,1
6.90329818702395e-11,0.12112943915876975,0.00010264158781242061,0.8787679191845361,3
4.707407800485704e-24,1.3417160611450418e-08,1.3363788888697546e-13,0.9999999865831343,3
5.070122553193392e-22,6.159734316833359e-08,1.0198238897960598e-13,0.9999999384017447,3
2.368485841633257e-09,0.8305377208255733,1.951640846727848e-05,0.16944276039682934,1
3.2110347664355584e-14,0.8825237439336829,1.2813421992175765e-06,0.11747497472435448,1
8.260013328329815e-13,0.9967013736141639,2.8033050150806295e-06,0.0032958230808701307,1
1.8436985027716888e-14,0.9999727731897482,3.721310758620955e-07,2.685467858307311e-05,1
1.6494927823213247e-16,0.9999959486185831,1.4550787031875543e-07,3.905873211911984e-06,1
3.799906570300645e-18,0.9999925861322643,7.982719537187803e-08,7.334041013849715e-06,1
1.2984306750641516e-16,0.999995797106486,3.227663909462004e-08,4.170616216414605e-06,1
9.349921175865409e-14,0.9999215373942961,6.433692289497774e-07,7.781923575485383e-05,1
