regime_prob_0,regime_prob_1,regime_prob_2,regime_prob_3,regime_most_likely
0.0,1.0,0.0,8.179460451228433e-140,1
1.7697361946874636e-06,0.9950315174416974,4.487800492020076e-84,0.004966712822066494,1
9.017830894766294e-06,0.9971557426611705,1.7365771829445128e-09,0.002835237771334537,1
0.00019882808822148547,0.9615921602641673,7.79501008718781e-09,0.03820900385226235,1
0.002564272327911881,0.49262463700599,1.3989913666826036e-07,0.5048109507667246,3
0.03745845443868004,0.31313419524928315,6.336304496598965e-05,0.6493439872670941,3
0.030577327683535455,0.6397807740351501,1.6989080138349223e-05,0.32962490920133797,3
0.031150724699749555,0.4736512561016446,7.03715979806052e-06,0.49519098203834566,3
0.06067512057429133,0.4601722143197525,1.5158881566547112e-05,0.4791375062239974,3
0.13200537578546964,0.2977980948550664,2.8681605092965068e-05,0.5701678477543052,3
0.6395895830252313,0.11145523092895722,0.00011010345941658939,0.24884508258693583,0
0.8962686119847724,0.041236191563214314,0.00012432243842056052,0.062370874013010856,0
0.9917884265579221,0.006952783842789152,5.335558619333644e-05,0.0012054340130850487,0
0.9993301795905615,0.000533839564203795,5.3122889063640434e-05,8.285795538511422e-05,0
0.999480773621426,3.431205863727306e-05,6.388341960641241e-05,0.0004210309002685371,0
0.9998514873137763,1.721865605525968e-05,5.047110820518315e-05,8.082292191741949e-05,0
0.9999126235101705,3.500503272487419e-05,3.814079551949037e-05,1.423066142575095e-05,0
0.9998750805185285,2.256890698614826e-05,7.437361410527366e-05,2.7976961049188176e-05,0
0.9993717136781793,1.034257402081506e-05,0.0006089552199933385,8.98852734439875e-06,0
0.998443196850066,8.258614635367538e-06,0.0015312011125914794,1.7343423102623602e-05,0
0.996000654426412,1.4050464496924855e-05,0.00395711972056609,2.8175388929917363e-05,0
0.9966295787025026,6.4403059593670584e-06,0.0033174619149016495,4.651907674583865e-05,0
0.9991678215217737,7.239238216931595e-06,0.0008128019064686193,1.2137333080397615e-05,0
0.9997756194702463,9.33334894476856e-06,0.00018856066386148805,2.6486516872025303e-05,0
0.9997853087471922,9.593517534969213e-06,0.00019760475224700475,7.49298307317234e-06,0
0.999615407054253,7.620495663536631e-06,0.00036283644562346516,1.4136004511802705e-05,0
0.9997709276343582,8.406340543902035e-06,0.00021204014511357413,8.62588075325732e-06,0
0.9997711498694253,7.328104739537816e-06,0.00021143626988643125,1.0085755625320907e-05,0
0.9997778719147906,1.1078861477693971e-05,0.00020010066637856622,1.0948558192290896e-05,0
0.9998393062156413,4.339780097130877e-05,5.528789492002704e-05,6.20080878137836e-05,0
0.9998218044737089,8.397966496238514e-05,3.3221674810254956e-05,6.099418623047879e-05,0
0.9999079650414895,2.100260208108493e-05,5.7215671379499765e-05,1.3816684415391143e-05,0
0.9999152318747,3.3796862606527535e-05,3.803293688184215e-05,1.2938324939335134e-05,0
0.9998944864536694,2.6371660665311177e-05,4.431743044044452e-05,3.4824455746127676e-05,0
0.9998939741549345,1.8840174907794664e-05,5.2475457181661074e-05,3.471021361698498e-05,0
0.9999151855362364,2.026563915075675e-05,4.9539074797757724e-05,1.5009749117662299e-05,0
0.9998775733534501,1.2688631052531515e-05,8.74213023296791e-05,2.2316713988021593e-05,0
0.9998336517513845,1.0782938327539091e-05,0.00014637658771925633,9.188721868377191e-06,0
0.9998111976849354,1.067484360618932e-05,0.0001677681356316931,1.0359335869439793e-05,0
0.9998170742602063,1.115287060307291e-05,0.00016103130368337636,1.0741565046390736e-05,0
0.9995114883754044,1.1880445903758151e-05,0.0004541914961373114,2.2439683158470115e-05,0
0.9981908058534444,9.987739918859941e-06,0.0017856608384204473,1.3545568411243871e-05,0
0.9909026468106693,1.4279774444867573e-05,0.008994382305458707,8.869110936779944e-05,0
0.9943577193073252,9.063994976961271e-06,0.005409784656382967,0.00022343204111708665,0
0.9972180614274513,1.0719265553070375e-06,0.0016184163084499612,0.0011624503378334155,0
0.9994284914489983,6.669619167514279e-06,0.0005249465856073186,3.989234702975704e-05,0
0.9996450944531734,1.783812030195422e-05,0.00031200307370182637,2.5064351974623956e-05,0
0.99959298506465,0.00030012696112297494,4.269282547700997e-05,6.419514944035345e-05,0
0.9995800116182365,0.0002920942584668199,2.916660521897143e-05,9.872751892241366e-05,0
0.9995679448669647,0.00010138399338716245,4.244769838988022e-05,0.00028822344058500744,0
0.9999078450156146,3.261007499749738e-05,4.634997412997871e-05,1.3194934854655898e-05,0
0.9999025728053795,1.3604053659351641e-05,7.649632692454884e-05,7.326813451375149e-06,0
0.9999049877107102,2.0200165722888845e-05,5.081502846898055e-05,2.399709506546055e-05,0
0.999903692986968,1.4438398169395441e-05,6.69017195030466e-05,1.4966896172255471e-05,0
0.9999125793180477,1.3802102792833769e-05,6.01281478778604e-05,1.3490432144716726e-05,0
0.999912164130084,1.1055538305712527e-05,4.823433465129684e-05,2.8545996837963084e-05,0
0.999904865870014,1.8917346419891168e-05,3.689303064334578e-05,3.932375250122699e-05,0
0.9999028767143913,2.404632856330975e-05,4.8764608667537686e-05,2.4312347727113092e-05,0
0.9998833107331567,2.7727998598303366e-05,5.0433744093028224e-05,3.852752440823733e-05,0
0.9998705348128911,6.17942031025311e-05,4.621101659180134e-05,2.1459967178078853e-05,0
0.9995458967508477,0.00024109456551478555,4.176007519984854e-05,0.00017124860825713193,0
0.9996682542231645,0.0001975412994592388,8.778013714096566e-05,4.642434060189032e-05,0
0.9982308540206358,0.00013996479907721351,0.0015906309290501628,3.855025060331894e-05,0
0.9655119659673637,1.6812331753520984e-05,0.0344076048038607,6.361689763079106e-05,0
0.2966334104787935,1.0205034132998971e-07,0.7031414785558692,0.0002250089151683776,2
0.008198495841554831,1.0000894185285273e-07,0.9917895861296698,1.1818020736730903e-05,2
0.0022957919610512192,2.279530134836747e-08,0.9977019544615702,2.2307819735299293e-06,2
0.001439576492205207,1.0397556115478973e-09,0.9985569391189083,3.4833484621422596e-06,2
0.0002094416099717473,1.1767350229204368e-09,0.9997901027217347,4.5449093873206385e-07,2
0.0003867641097113637,8.422498256383668e-10,0.9996127295987852,5.054489203458851e-07,2
0.0008382867997219621,1.2652319593253987e-09,0.9991607029856128,1.0089492066028134e-06,2
0.0010615492957034788,4.842035213535457e-11,0.998937633485761,8.17170972433621e-07,2
6.579080395821623e-09,1.8645712942833206e-13,0.9999997392006093,2.5422064713290685e-07,2
2.1866200817576487e-07,2.4797279287297727e-14,0.9999996883853358,9.295241390186015e-08,2
6.997783650161001e-07,9.88941847831959e-15,0.9999991582557318,1.4196614380245117e-07,2
1.810159342459102e-08,2.2327174332805067e-15,0.9999998919229315,8.997568721258979e-08,2
9.139419624460597e-09,9.017053962852937e-16,0.9999999360497915,5.4811307238509776e-08,2
2.4752959922131094e-09,8.671407344236887e-16,0.9999999572664828,4.0258737650726255e-08,2
1.81628661121989e-09,4.2231378023530263e-16,0.9999999043211619,9.386308407487058e-08,2
6.824758437136997e-08,7.189179914517645e-15,0.9999998685325495,6.322070258463626e-08,2
3.5448522010950755e-08,3.9155715167323216e-15,0.9999997768936986,1.8765853217578482e-07,2
4.661553381982162e-10,2.8028515876091843e-16,0.9999996820134179,3.17520752142949e-07,2
1.4070012193332412e-09,1.6693552377742304e-15,0.999999946008758,5.258411323840863e-08,2
2.191586381993267e-11,1.4503403242966837e-16,0.9999999575666161,4.2411174831297534e-08,2
6.060429134577706e-13,3.2310699445484486e-17,0.9999999562969616,4.370224906269543e-08,2
7.786250759354756e-14,4.6100281479103035e-17,0.9999999748524718,2.5147894770105505e-08,2
5.378185505486047e-14,3.0295987197148054e-17,0.9999999263545787,7.364565183946508e-08,2
5.388346341297378e-17,5.826017787458668e-16,0.999999891326303,1.0867421003849323e-07,2
2.2501911098179663e-16,1.3122942852963394e-18,0.9999986084704365,1.3915296260548615e-06,2
2.8398731743367036e-17,3.3758699188683343e-16,0.999999977890184,2.2109031677585515e-08,2
3.1559530604882544e-18,3.39904883168691e-18,0.9999999630563259,3.6944547178861994e-08,2
7.299225730120281e-18,1.3887056695759834e-17,0.9999999673418648,3.26573408726505e-08,2
8.844670506047595e-19,2.7290399858019824e-18,0.9999999326355486,6.736448446092795e-08,2
1.0520184491176291e-17,1.238243295000829e-17,0.9999999744286473,2.557133605878037e-08,2
1.1682371452495192e-17,3.676242706423011e-18,0.9999999630763348,3.692358376456432e-08,2
3.3347717928610866e-20,4.557083485052065e-18,0.9999999767860575,2.321341811931057e-08,2
2.0302920122532832e-23,1.1520354067909585e-18,0.9999999511965155,4.880319880248471e-08,2
8.612927959048445e-21,1.9440343985510654e-18,0.9999999555984697,4.4402136951097436e-08,2
3.3710833961651305e-20,3.1849550136626014e-18,0.9999999770570869,2.2942548623779703e-08,2
4.531654497492742e-19,1.6491728938905811e-18,0.9999999612082328,3.879117971345479e-08,2
2.709289368703023e-18,4.0628345731538e-18,0.9999999565225163,4.347774952674536e-08,2
4.757711984525495e-18,1.6426957192888384e-17,0.9999999676238082,3.2376387658637e-08,2
2.2242407054129116e-19,7.504110277855891e-18,0.9999999090650858,9.09353691043051e-08,2
4.92940096824855e-25,3.50696884041944e-18,0.999999886960729,1.1303880447616611e-07,2
3.8783912783676015e-26,6.3221381808135936e-18,0.9999999596948336,4.0305829073224416e-08,2
6.111301850428339e-25,1.02867354450965e-17,0.9999999159026665,8.409746596475764e-08,2
6.645065418517103e-24,1.4052678320708877e-18,0.9999996890401718,3.109592155252204e-07,2
8.639370008550723e-23,7.529207534781122e-18,0.999999917157769,8.284234898256192e-08,2
1.4723747487758136e-23,1.2964757796035994e-17,0.9999999634146668,3.6585394705558295e-08,2
4.3228676958202506e-27,1.3806442284766508e-18,0.9999998465609796,1.534384380541054e-07,2
1.6196113717299882e-23,5.173263981453882e-18,0.9999999263291128,7.367000699791563e-08,2
1.2335804502999502e-23,1.3824778904718546e-17,0.9999999515184766,4.848199848060615e-08,2
8.21078061523946e-21,1.9546107119584726e-18,0.9999998522871574,1.4771203067860386e-07,2
5.72371431298185e-23,3.001868703409491e-17,0.9999999664687499,3.3531550195232625e-08,2
5.076544060881431e-16,3.65073570764598e-18,0.9999996096831489,3.9031624813872754e-07,2
4.224654674554874e-19,3.67901062632886e-17,0.9999999758965717,2.4102752143198885e-08,2
7.931803519910138e-20,2.5836714020131457e-18,0.9999999761348594,2.3865368330947645e-08,2
1.1917387526693335e-18,6.765053205475585e-18,0.9999999576593845,4.234021539821373e-08,2
2.6932988491635866e-19,2.9877009043767515e-18,0.9999998900348206,1.0996560077522979e-07,2
4.221125990638869e-17,1.7351856209168473e-17,0.9999999718493204,2.8150831710198217e-08,2
6.750320012104914e-17,7.559741594968715e-18,0.999999974992534,2.5007378421686398e-08,2
2.274545950032034e-16,7.359338282024734e-18,0.9999999614137786,3.8587055370975564e-08,2
2.1851376231897275e-13,2.905036071163041e-17,0.9999999641077018,3.589140786095784e-08,2
8.434606481079119e-13,3.4381890908748154e-17,0.999999966103133,3.3895171894468094e-08,2
5.774258841874186e-12,8.422212806695464e-17,0.9999999706178646,2.9376113969085902e-08,2
5.655293657715351e-09,7.649567096058797e-16,0.9999999443243739,5.002071280818205e-08,2
2.573808996014843e-07,2.3795734301903497e-15,0.999999602596369,1.4002316054315808e-07,2
7.185842844494754e-07,3.854126266872634e-15,0.9999991294738871,1.5194201890550735e-07,2
4.029233540677453e-08,5.213261685853619e-15,0.9999998994972025,6.02097976969816e-08,2
7.223942351336882e-08,1.4749771722387075e-15,0.9999998554376466,7.232355441373045e-08,2
1.7830658793137703e-09,1.0965838159263143e-15,0.9999999328156286,6.540172511631611e-08,2
2.4955778170419393e-08,2.566097409206313e-15,0.9999998886087331,8.64347615489622e-08,2
4.392958872868745e-07,2.2525828111636607e-14,0.9999994321043935,1.2859908543087623e-07,2
9.410258347856908e-06,2.729154356308613e-13,0.9999904160326848,1.7370887558871993e-07,2
3.0486734946133573e-05,1.269648553813677e-11,0.9999692701923383,2.430591257100278e-07,2
0.00022311016062080658,5.4719914047082586e-11,0.999772896972337,3.992812075255737e-06,2
0.000507982697922153,2.4213114872161675e-09,0.9994914105244437,6.043564971357299e-07,2
0.001294594813002742,6.677573947085427e-09,0.9986949375624474,1.0460946313832774e-05,2
0.03982533647580083,6.58451722501102e-08,0.9600675002780912,0.00010709740146472222,2
0.8799050807938291,7.089060382008543e-07,0.11991953499149278,0.0001746753084878016,0
0.9906132052233697,5.944936401683698e-05,0.009298755277563256,2.8590135517868634e-05,0
0.9985596244484972,0.0006595129322149055,0.0007139122013100974,6.695041715474114e-05,0
0.9917843201962397,0.00769407064583864,7.924882940774486e-05,0.0004423603277926383,0
0.9229615967060101,0.07527610486107816,2.80440960911756e-05,0.0017342543362607117,0
0.3554513170003166,0.6104955720626027,5.7471825340700955e-06,0.03404736375527538,1
0.04445710309957277,0.9449654939876164,6.090184326081494e-07,0.01057679389392201,1
0.0022126825958159652,0.9945962248633935,6.333424073376836e-08,0.0031910292063235712,1
0.00012065824763425943,0.9983627624084966,3.5610571532846606e-09,0.0015165757826758597,1
3.615815004535708e-05,0.9980691993938666,1.4861812449208897e-10,0.0018946423067222815,1
6.117747942815868e-06,0.998974523672302,4.3743972186713535e-11,0.0010193585357952137,1
3.455471223332571e-06,0.9988668208247624,8.854542913534522e-11,0.001129723616344908,1
0.0004536199447339036,0.9967519901214478,2.7406173134074715e-09,0.002794387193955716,1
0.00037372015931173966,0.9938946079062007,1.2975779131593688e-08,0.005731658958331517,1
0.0006139145889286203,0.9930511845224049,2.58519953674264e-08,0.0063348750369529114,1
0.000365237705105396,0.98806736173306,3.4688833818746244e-09,0.01156739709350135,1
0.0001252558726177397,0.9975701264874018,2.926944456885324e-09,0.002304614712227444,1
0.00010352257455963381,0.9986658753289668,4.469551542662281e-10,0.0012306016500171265,1
1.0156521014777334e-05,0.9987802009189707,7.521168687340753e-11,0.0012096424852501776,1
5.077647323576766e-07,0.99883767536388,9.419020089736871e-12,0.001161816861253189,1
3.915536602935948e-08,0.9983258247884867,1.090200173223786e-12,0.0016741360544013887,1
1.727153005617885e-06,0.9985147927289008,1.0959817472616585e-10,0.0014834800082568114,1
8.63318788634533e-06,0.9863106841373672,5.24599314890079e-10,0.013680682150245933,1
0.0009941998876474678,0.9963807327737448,5.2558983274285705e-08,0.0026250147795723825,1
0.001192419377941437,0.9879159955938548,4.706870808075109e-08,0.010891537960248948,1
0.0008532620357340953,0.9860792817352424,1.7375271758226855e-08,0.01306743885341012,1
0.000341916678602653,0.9978174630492143,7.759617391053622e-09,0.0018406125126977295,1
4.461416074118564e-06,0.9962926237375709,7.572777621725835e-10,0.0037029140886987717,1
3.6497432099068914e-06,0.9938630627714465,8.048745913808079e-11,0.006133287405542703,1
3.0020881620255796e-06,0.9982742007720495,1.6391894517554385e-10,0.001722796976450095,1
7.941467114222218e-07,0.9967553248785227,5.193051365058992e-12,0.0032438809701683035,1
1.3647939492800052e-06,0.9988213987461441,4.3379134304718107e-11,0.0011772364160726565,1
1.0446309203851036e-06,0.9969974155215703,3.199720635676731e-12,0.003001539843845136,1
6.193780802473477e-07,0.9992026375234367,9.306982280468376e-12,0.0007967430893475486,1
8.996228945055717e-07,0.9989041611770185,7.062762345819611e-12,0.0010949391937405905,1
2.255439949082657e-06,0.9975624920548132,7.1908631874372265e-12,0.0024352524977442956,1
2.0412382855181126e-06,0.9989085956475702,3.58585741887965e-11,0.001089363078181745,1
2.59635944538405e-06,0.996941958794661,1.097729630479115e-11,0.003055444834209841,1
1.0805705735282383e-06,0.9986250891405596,6.865307242713866e-11,0.0013738302203860832,1
0.00013525911854969956,0.9985052936850107,5.081167214189704e-09,0.0013594421149472238,1
0.01852545963940153,0.9762784599475011,9.416701908400255e-08,0.005195986246537416,1
0.025689396920034777,0.9527919064576232,1.2896350611833436e-06,0.021517406986719913,1
0.024413500284925428,0.9206097393530407,7.438582538652057e-07,0.054976016503004585,1
0.01792781052784603,0.9746764960791032,1.9869934220436459e-07,0.0073954946928080426,1
0.000566043314141144,0.9964861982091424,1.2533306727141882e-07,0.0029476331443596035,1
1.1816457400743198e-05,0.9863492107895676,1.0449763912295915e-09,0.013638971707734983,1
1.1453883631162166e-05,0.9981067546044746,9.324699898706258e-10,0.001881790579195139,1
1.330958638741281e-06,0.9950226922337516,1.0224864371214155e-10,0.004975976705077612,1
3.2582638208415732e-06,0.9940418357117371,6.190265766293128e-11,0.005954905962373171,1
6.114229102540037e-07,0.9983700174852967,2.1579924342854515e-11,0.0016293710699092662,1
1.9230427804562742e-07,0.9986680344576961,3.3733899942633215e-12,0.0013317732351322566,1
1.667545633370618e-06,0.9988031225663935,4.0039958370121105e-11,0.0011952098484949753,1
2.0325571765236077e-06,0.9941277533665068,7.710180578811586e-11,0.005870213999711474,1
3.6713180151011126e-05,0.994601586451937,3.703335011674449e-09,0.005361696663837714,1
0.0007330516187922218,0.9974489355578542,2.8614208831951202e-08,0.0018179842086346561,1
0.00625710951248308,0.988412615770202,1.1734079605862535e-07,0.005330157376309466,1
0.043921725986990366,0.9452538334660046,1.0372564284695001e-06,0.010823403291432904,1
0.32747440480704043,0.6358834074584278,3.833553864410183e-06,0.036638354181496795,1
0.9233298508427903,0.07075896221341124,2.4572955345609294e-05,0.005886613988338198,0
0.9939511459335895,0.005675626334593304,5.318080408428686e-05,0.00032004692814435493,0
0.9994686366761952,0.00028556286492126764,0.00011723006985971228,0.00012857038982884048,0
0.9998464878325318,1.9217736182945116e-05,9.766954050987341e-05,3.6624890508135636e-05,0
0.9997293750459068,1.08284401600383e-05,0.000250821586916244,8.974927687308434e-06,0
0.9996757483580443,6.315582702110728e-06,0.00030015965649528737,1.7776402816120988e-05,0
0.9998041614575341,9.072023585414123e-06,0.0001701632741178821,1.6603244603370965e-05,0
0.999824669288447,7.465153517113213e-06,0.00015389802495798625,1.3967532732266833e-05,0
0.9997611875536021,9.22501284974977e-06,0.0002212744769967039,8.312957369789124e-06,0
0.9992334907826186,4.551494214116889e-06,0.000723985795325549,3.797192750043399e-05,0
0.9995302619170137,7.182103807459284e-06,0.00041088347255124636,5.167250740389159e-05,0
0.9998612668460439,9.049358793928552e-06,0.00010840765571214922,2.1276140059547467e-05,0
0.9997556193991838,4.951253917643943e-06,0.00013759447570989368,0.00010183487147012149,0
0.9998677019494613,1.176398560159785e-05,0.00010789648829185564,1.2637577470484465e-05,0
0.9996018031114073,1.219142801308496e-05,0.000187255431463116,0.00019875002842462735,0
0.9998554755475476,1.7036478392388397e-05,5.7307391316693105e-05,7.018058251538564e-05,0
0.9998988975128894,2.2360806448432596e-05,5.413776826739132e-05,2.4603912162187276e-05,0
0.9997738956531068,0.00010070226766356583,8.509891382887514e-05,4.030316555799881e-05,0
0.998532121669131,0.0012605598743722277,4.888659959029931e-05,0.00015843185602291645,0
0.9865851163756054,0.012664950449856776,3.47335642711061e-05,0.0007151996099409963,0
0.8905799225884161,0.1053362831906635,2.4322365590011208e-05,0.004059471855069424,0
0.6512360632424672,0.3434563937180918,1.7493493577177837e-05,0.005290049546180957,0
0.2992871841658917,0.6824505236027171,9.089882644932822e-06,0.018253202349497823,1
0.15213234129549877,0.8376943929580306,3.1848224864884128e-06,0.010170080923954819,1
0.000864696261167693,0.9816195355928896,3.113409398938996e-08,0.017515737011014065,1
5.357437643169743e-06,0.9982587152218412,2.316206433840325e-10,0.0017359271087479845,1
1.0814991396456622e-06,0.9988083590037873,3.341378222203047e-11,0.0011905594630313477,1
1.3919570926019738e-07,0.9952873204863129,1.185492762850326e-12,0.004712540316530131,1
8.410510484938563e-08,0.9989576746949679,4.544589483518484e-12,0.0010422411949097899,1
2.354261203819121e-08,0.9990224413075605,7.499452343939892e-13,0.0009775351493895895,1
4.342069266720385e-08,0.9989822335868687,9.267644602902257e-13,0.0010177229920752524,1
9.558657731712007e-09,0.9989142250984242,3.0887864826857463e-13,0.001085765343412987,1
5.7308397675758505e-09,0.9991952318973086,4.423712033020173e-13,0.0008047623708509783,1
6.232887319655966e-09,0.9983926411735268,1.6649633995484442e-12,0.0016073525923764303,1
5.660607717671627e-09,0.9915281087767772,1.0800080270301632e-12,0.008471885560708926,1
7.35108256721307e-10,0.9978552993921781,1.0519390574382455e-12,0.0021446998723708972,1
2.0125770879691736e-12,0.9990938785406067,1.9984558817663164e-14,0.0009061214577454478,1
3.735233617221831e-08,0.9992362471857955,5.905806996216831e-13,0.0007637154611849667,1
4.8055288862821855e-08,0.9989698780309677,5.4839981612313285e-12,0.0010300739074867848,1
5.6514628598705644e-06,0.9896343752665584,5.188039153150864e-11,0.010359973218157893,1
7.930109163079196e-06,0.9958772621246975,1.0444295418943832e-10,0.004114807660925882,1
4.978895428421321e-06,0.9989449059847592,6.2355691998058e-11,0.0010501150572170745,1
2.650095558708015e-07,0.9985692131502455,5.388582959401336e-12,0.0014305218340398156,1
2.3270393882378184e-07,0.9968634808403495,3.698724155680141e-12,0.0031362864522517866,1
6.4527084398788e-08,0.9981548950080751,2.2551741144911545e-12,0.0018450404617049018,1
2.175555754397206e-08,0.9992613491861645,2.2714579887397722e-12,0.000738629056316374,1
7.78087518781379e-08,0.9976517337696587,1.3207468108992282e-12,0.00234818841990691,1
5.60078912491189e-11,0.9981752769041606,1.1698603905361695e-13,0.001824723040565008,1
1.0103381575249987e-11,0.9988945439357206,1.3873736707327664e-13,0.001105456054607599,1
2.285388487172471e-19,0.9958770706049159,8.897469328106739e-17,0.0041229293954706545,1
1.6205507859519874e-19,0.9985504238534484,1.4870750116889951e-16,0.00144957614739339,1
5.682996334776726e-19,0.9989156096062047,1.6129679614971839e-16,0.001084390393806684,1
4.070174645140031e-21,0.9980127845665332,3.097043870224768e-17,0.0019872154343486817,1
4.149698829923887e-22,0.9976167683174388,1.0076227180408394e-16,0.0023832316819147313,1
2.203675265492056e-28,0.9921036708840939,5.457678479515419e-19,0.007896329116115933,1
1.7680223802863873e-27,0.9967250949170837,1.0058019307786061e-17,0.003274905083687423,1
4.562407945525799e-30,0.9934797807112387,4.342470293122447e-19,0.006520219288971455,1
3.9885679156307176e-28,0.9971514941152234,2.6611790812777492e-18,0.0028485058841353997,1
5.860290209041359e-27,0.9960777099891615,1.21817459212068e-17,0.003922290010285095,1
3.506049681856714e-26,0.9828381319156039,9.340607443928896e-18,0.017161868083544366,1
1.1474583267995778e-26,0.9903112392029223,2.3436711498496155e-17,0.009688760796790562,1
1.4123384451236452e-30,0.9877717266864202,6.972823511190295e-19,0.012228273314274646,1
9.019722895587523e-29,0.9955183213732423,3.3019314975887374e-18,0.004481678627272849,1
6.037156645360774e-30,0.9949636674843464,1.3611557754424472e-18,0.005036332515730151,1
1.040281741119458e-30,0.9932937581814527,2.6769566306496152e-18,0.006706241818350942,1
8.603070400385934e-36,0.9808883034701048,9.423331570175282e-20,0.019111696529911678,1
4.2515750831147055e-35,0.9814984135535035,1.166304710835292e-19,0.018501586446024232,1
2.2735025746890148e-33,0.9908602066138921,9.626907210686415e-19,0.009139793386109757,1
2.9875674505694653e-31,0.9863251026535418,4.569657069764327e-19,0.013674897345897797,1
2.6278439127130084e-31,0.9911002268320788,6.101482116615751e-19,0.008899773168288386,1
8.768387063709569e-29,0.994354600795207,1.435267807032696e-18,0.005645399204828401,1
2.776253882657931e-29,0.9961605154742113,2.566933293638541e-18,0.003839484526378923,1
2.7911020387715595e-27,0.9911850047375276,4.993611056390826e-18,0.008814995262463432,1
2.1152874794404966e-31,0.9857930702540709,6.237015926663398e-19,0.014206929746307885,1
5.825799641819756e-31,0.9948768856408557,8.680799710683235e-19,0.005123114359593723,1
2.6042349741294786e-30,0.9955244196671327,3.110842949739466e-19,0.004475580333543583,1
7.33291836407288e-29,0.9967082588271711,9.189597530509732e-19,0.0032917411736288777,1
1.83406594471756e-29,0.9967785967829722,7.03991605892255e-19,0.0032214032174558847,1
7.301094751784182e-30,0.9954475915605995,4.633094989833506e-19,0.004552408438503802,1
5.842753221611956e-29,0.9956843766475835,7.931161290928087e-19,0.004315623352384633,1
2.647233088200577e-28,0.9959108374964996,1.481743745826698e-18,0.004089162504148896,1
1.559333936820577e-27,0.9959763636912123,2.0139547735901716e-18,0.00402363630897168,1
8.56521806318006e-20,0.9974170871210895,4.777489013286818e-16,0.002582912878686898,1
7.843045123472457e-20,0.9975687621552709,2.1192008253423825e-16,0.002431237844153365,1
9.885323936925939e-20,0.9968172619345624,6.468038914786038e-17,0.003182738065195823,1
1.1749190045575015e-18,0.998940610174754,2.6981879965886e-16,0.0010593898244779998,1
1.0612201212882522e-20,0.9988398596735274,2.6605508506621263e-17,0.0011601403261691631,1
1.1327068044436532e-20,0.9987429762083193,5.3445176582838964e-17,0.0012570237917431957,1
9.160094282795836e-21,0.9972106121509737,1.545720693090353e-16,0.002789387848690607,1
9.932682410784293e-21,0.987472580607452,2.333723610651503e-15,0.012527419392613887,1
1.1497196237510122e-27,0.8773026894754219,7.412604705004992e-17,0.12269731052508887,1
4.021526394418285e-30,0.27465651957058557,9.907358358014505e-17,0.7253434804296257,3
1.2217284031220899e-27,0.0230824245966604,5.280759472388037e-17,0.9769175754036723,3
5.311336119492781e-29,0.833178510457579,3.070835174611268e-16,0.1668214895423159,1
2.6943424129788558e-27,0.9501955751484323,3.5072443075678216e-17,0.049804424852164714,1
3.5104383158473464e-24,0.9941680645935685,2.146053659744345e-16,0.0058319354056881245,1
3.61071698358674e-25,0.9968833014240255,1.1177927087835887e-17,0.003116698576107067,1
1.6902559290744513e-22,0.9981144840874493,3.0064420998284415e-17,0.0018855159126619065,1
2.3152000501558262e-22,0.997911952764165,3.776954157877917e-17,0.0020880472365050365,1
1.0684738124570987e-20,0.9970651128385224,6.09218536331698e-16,0.002934887161176982,1
7.707865218578385e-22,0.9865559762019499,6.968495765265302e-17,0.013444023798780668,1
1.2975298170297333e-21,0.9977639703802882,5.054412260462022e-16,0.0022360296200705,1
8.676774270143818e-19,0.9948878391952088,1.6586006434054653e-16,0.005112160804376193,1
1.46029104720954e-14,0.9990244323915503,1.1237540476766362e-14,0.0009755676075339331,1
2.276170980402451e-18,0.998772056961832,1.0626856718506136e-16,0.001227943038001565,1
2.499753605918357e-18,0.9990476568272764,1.0677152708587977e-16,0.0009523431724634048,1
4.0617244844721044e-16,0.9991638600887537,7.471344980276106e-16,0.0008361399109032885,1
6.056350675076333e-15,0.9985195474384746,9.662438865022637e-16,0.0014804525620957332,1
2.6274129647161648e-14,0.9990458150861504,8.249447360629782e-15,0.0009541849141436318,1
1.0899333396053385e-14,0.9974615747671315,1.2751510613002098e-15,0.002538425233758845,1
5.442735304721233e-14,0.999028842423749,2.0224059278396886e-14,0.0009711575754762854,1
4.025164775867513e-12,0.9972342063995155,1.6530721553343336e-14,0.00276579359589151,1
6.872033303155002e-13,0.9992418925623732,1.863451284126414e-14,0.0007581074367580515,1
1.4954095997221303e-11,0.9990232666143729,6.770468722890258e-14,0.0009767333703444322,1
2.4453612499307316e-10,0.9953832282336578,9.866072158729167e-14,0.004616771520993186,1
2.888176067179686e-10,0.9975441032529024,1.9745361257081176e-13,0.002455896458374556,1
1.3731847035416003e-09,0.9991762823448967,5.036821679499249e-13,0.0008237162805335397,1
3.4456041901936757e-10,0.9983642881969207,9.261152172141814e-14,0.0016357114592022955,1
2.744040996490245e-10,0.998642143286319,1.0953819293012002e-13,0.0013578564396862745,1
3.2080757349240637e-09,0.9992745041316483,4.3999806915193257e-13,0.0007254926589694646,1
2.7341490511690715e-08,0.998558250683874,5.652489901471782e-13,0.0014417219734354208,1
2.0217854892866915e-08,0.998659773195787,2.6427986119561797e-12,0.0013402065829888198,1
5.893434706472396e-08,0.9974957637630701,1.5991740193279996e-12,0.0025041773013161693,1
8.682089790845033e-08,0.9981177429788038,2.7954880916974173e-12,0.0018821701967469523,1
6.9891348448642145e-06,0.9990473320889369,4.0081115123055876e-11,0.000945678735851605,1
1.6531066582549734e-05,0.9988767021702241,4.0196220879783525e-11,0.0011067667227370886,1
2.1506947833795104e-05,0.9988998386326342,4.677748765848797e-11,0.0010786543727554338,1
3.5906084778079404e-06,0.9988485543028245,1.5364636430443934e-11,0.0011478550728875386,1
7.658830988684553e-06,0.9990436335281042,1.460119742056744e-11,0.0009487076264632566,1
3.210003843737555e-06,0.9990348651055898,1.1295967888655227e-11,0.0009619248788505108,1
1.792772614555437e-06,0.9988259631940055,8.605441115621493e-12,0.001172244024082299,1
4.90997497834628e-06,0.9990808794036234,1.510163342904714e-11,0.0009142106057058422,1
5.614403209460944e-06,0.9990118568332568,2.812780577905813e-11,0.0009825287357763755,1
7.3449166472784025e-06,0.9973044595631537,8.130883820903922e-11,0.0026881954380771145,1
0.00015670605418651807,0.9980502922846372,8.716139244949127e-10,0.0017930007887349473,1
6.195076465435973e-05,0.998207241825929,6.121915578229073e-10,0.001730806797488713,1
5.2820652930352735e-05,0.9990232191487775,3.117389480122834e-10,0.0009239598862937889,1
2.7227341247620275e-05,0.9984558567619581,2.0709083866804286e-10,0.0015169156905287023,1
1.7022478459662834e-05,0.9970899674888116,1.8331906490344056e-10,0.0028930098489226516,1
6.727513678178766e-06,0.9970733288776924,1.6067829810687258e-10,0.002919943447322913,1
3.114047736872875e-05,0.998624002152643,3.0150496081498897e-10,0.0013448570675933602,1
2.424871895944082e-05,0.9969920951658764,9.888986195928293e-11,0.002983656016359021,1
4.319340123892798e-06,0.9985719893869228,4.646026221480158e-10,0.0014236908082600399,1
0.00011337189344519785,0.9849874859710643,4.5288516484305954e-09,0.014899137605935265,1
0.010265503147319702,0.9691237016635521,1.2810546383479917e-06,0.02060951413493482,1
0.48094625972684407,0.49601097242360465,5.716187271694497e-06,0.023037051662824812,0
0.8833291031245913,0.11199589188269927,2.1304276577825974e-05,0.004653700717017335,0
0.9802005326223432,0.018909130087150318,3.606513678505642e-05,0.0008542721536115296,0
0.9966343674834457,0.003111542677992535,4.006914313176859e-05,0.00021402069564064262,0
0.9995674284463943,0.0003447450776318911,5.383788208783233e-05,3.3988593448344306e-05,0
0.9998282585483811,2.609803664975531e-05,0.00013229550395081242,1.3347911412664933e-05,0
0.9998539265557431,9.924586967643727e-06,0.00012853085407708376,7.6180037612602425e-06,0
0.9998855211372986,1.263993987385062e-05,9.361259471210058e-05,8.22632859704202e-06,0
0.9997237106615835,1.177631917693569e-05,0.0002456872475101603,1.8825771815527864e-05,0
0.9984444156106064,1.5590255396401396e-05,0.0015303620125364985,9.632122012468055e-06,0
0.9791456047692441,6.2458025292521166e-06,0.02082929865797088,1.885076983117099e-05,0
0.8806536279608403,5.5909619856991494e-06,0.11931810467125228,2.2676405024579126e-05,0
0.6251632013089897,3.1702245572761177e-06,0.37478725739386115,4.6371072590366715e-05,0
0.26344810091688664,5.871841128905713e-07,0.7364934009020305,5.791099718139367e-05,2
0.09105264499240659,1.9183037580902062e-07,0.9089333055198335,1.3857657120581415e-05,2
0.017642937280548596,1.6181725226287403e-08,0.9823516662804711,5.3802577234948655e-06,2
0.0008461620981273755,1.0964052637281864e-08,0.9991527467924776,1.0801460698514356e-06,2
0.0005424891176158845,6.176567511392149e-10,0.9994569224636276,5.878012039101155e-07,2
0.00016723960057742448,7.324415614479063e-11,0.9998323584622005,4.0186460325339075e-07,2
4.964905337683593e-05,1.412754497204563e-11,0.9999501492113669,2.0172100978182286e-07,2
2.2494095674978064e-05,1.8575717356285696e-12,0.9999773265705018,1.793323386928581e-07,2
1.3190294704219254e-05,1.5854161215289045e-12,0.9999866583346897,1.513686595292524e-07,2
2.1996475077178068e-05,9.033382708325191e-13,0.9999777875175373,2.1600684080759108e-07,2
1.7002075286471916e-05,4.971218877916758e-13,0.9999828145649793,1.8335906234038684e-07,2
2.8617349110789826e-06,7.902287916982632e-13,0.9999969802056633,1.5805930431391509e-07,2
2.5843404619557856e-05,2.398733573262759e-13,0.9999737281081751,4.2848632940118934e-07,2
8.676587556461463e-06,1.6015536415182995e-12,0.9999910777421651,2.456691480830697e-07,2
2.9980132217411953e-05,2.2296470319925158e-12,0.9999698192193786,2.0064637642207328e-07,2
4.80584468486257e-05,6.9630948800454366e-12,0.9999516683603743,2.7318554860799e-07,2
5.4499228011509096e-05,2.2782080497425278e-11,0.9999451545133897,3.462361106924588e-07,2
0.00016671987243535217,1.4083291907694197e-10,0.999832964737219,3.152495320099505e-07,2
0.0004699249174422688,4.410351004213471e-10,0.9995285790999875,1.4955415884319891e-06,2
0.0029862864915755926,1.1473025827573954e-08,0.9970123190025785,1.383032914203534e-06,2
0.019188216627398492,4.81615997614443e-08,0.9808053075319403,6.427679420167838e-06,2
0.053119585327523096,2.1935148726985166e-07,0.9468583381104275,2.1857210151310996e-05,2
0.10496519167948645,7.080853857804477e-07,0.8950232737349645,1.0826500243688637e-05,2
0.1818140861313821,1.2961982037080278e-06,0.8181619552907086,2.2662380158896107e-05,2
0.30634964395339676,1.993262156509962e-06,0.6935912950528922,5.706773085779895e-05,2
0.5589056063824649,3.1015569486708935e-06,0.44103053973305345,6.075232825462468e-05,0
0.7960467597410174,5.639055805446081e-06,0.20387771744084138,6.98837625498936e-05,0
0.9708223455120292,8.089876265526932e-06,0.029137058193074553,3.2506418582602224e-05,0
0.9963686074508772,1.0717004483061916e-05,0.003608659287708101,1.2016256960491594e-05,0
0.9994563559890488,7.743524476155247e-06,0.000525716063067533,1.0184423418250222e-05,0
0.9997128046845092,1.0267899513537374e-05,0.0002686060733424468,8.321343095265278e-06,0
0.9997539300615284,1.0231066687290317e-05,0.0002271408578531179,8.698014301173903e-06,0
0.9994991440471379,1.0501895254145319e-05,0.0004386004579835522,5.1753600386416754e-05,0
0.9984223432779907,9.203553393418901e-07,0.0008307558333428834,0.0007459805337518042,0
0.9996271168657246,1.1219819833624991e-05,0.0003493044058814123,1.2358908507595734e-05,0
0.9995972463185645,7.404545954486737e-06,0.00038084905812261306,1.4500077208755065e-05,0
0.9997057458642484,3.857867790856305e-06,0.0002652121646466876,2.5184102466358025e-05,0
0.9998283425421636,8.259732773988872e-06,0.0001518136309868917,1.1584093631243663e-05,0
0.9997897646462758,3.0733763186280905e-06,0.0001520507147795141,5.5111262390923484e-05,0
0.9996987452603131,0.00014962148656998071,4.7645686405854555e-05,0.00010398756717506915,0
0.9996171630564736,0.00031663633102919973,3.2811712757456546e-05,3.338890024354167e-05,0
0.99867439201406,0.0009178560143135278,4.7795611312608904e-05,0.00035995635956565864,0
0.9899322698678434,0.00905383564769196,3.99446876829279e-05,0.000973949796203896,0
0.9742636869348552,0.017606179251835347,6.377723464634348e-05,0.008066356578530253,0
0.9469908664140055,0.05170525214001673,4.0687188973086276e-05,0.001263194257154041,0
0.920566598919312,0.0786162379635105,3.930850530110987e-05,0.0007778546112311155,0
0.9041617163688314,0.09498102062654785,3.170014894721576e-05,0.0008255628549246129,0
0.8892966967360656,0.11000125205924106,3.1237280736250354e-05,0.0006708139231876902,0
0.8825595000436012,0.1167430516794509,3.444199811852275e-05,0.0006630062787597469,0
0.8811298821202199,0.11766536602729456,5.8346028444332874e-05,0.0011464058243368718,0
0.886072817371112,0.11280743430856038,4.325882050766759e-05,0.0010764895002567218,0
0.8969121559172039,0.10030313144144777,5.9519728177556126e-05,0.0027251929139173385,0
0.9133278049810943,0.08521805273559786,4.799335576493318e-05,0.0014061489276333097,0
0.9507974313047394,0.04825847268007481,3.521689277392872e-05,0.0009088791217269873,0
0.9757699577003459,0.023198027188930367,4.6741831815283264e-05,0.000985273278352097,0
0.9937359855467849,0.005718755702161769,4.080501709897573e-05,0.000504453734725356,0
0.9986993996324423,0.001194703985040611,4.006979070559626e-05,6.582659099625607e-05,0
0.9993709732950006,0.0005537766240176573,3.181309811168777e-05,4.343698372796212e-05,0
0.9995086536130103,0.00033800760359621753,4.180192195513864e-05,0.00011153686201909289,0
0.9998283493494722,9.539585497366473e-05,4.1884965498712515e-05,3.436982984790257e-05,0
0.9999056342802055,3.0302813756946673e-05,4.880723112775658e-05,1.5255674403749051e-05,0
0.9999137262222197,1.680602301777433e-05,5.426730772319245e-05,1.5200446961177981e-05,0
0.999921512190538,1.4283661736020577e-05,5.551677088378411e-05,8.68737710044463e-06,0
0.9999020035791674,1.2568067500350004e-05,7.48361122858313e-05,1.0592241824944104e-05,0
0.9998950422856077,1.1905227902472368e-05,8.480862683209962e-05,8.243860386140116e-06,0
0.9999193587693832,2.28454437461433e-05,4.6640525748644504e-05,1.115526107614898e-05,0
0.9999182018951417,1.7130482477750152e-05,5.238465224674902e-05,1.2282970142187616e-05,0
0.9999202960995043,1.7179500721263476e-05,5.40472321628076e-05,8.477166731169883e-06,0
0.9998978122158678,1.7962332495701953e-05,7.511007843158777e-05,9.115373373522845e-06,0
0.9995755083803185,1.4844262748312713e-05,0.0003999892664625014,9.658090483592078e-06,0
0.9954098177194982,1.4519033383461037e-05,0.004564158620394489,1.1504625814880308e-05,0
0.9313208415322799,6.237552525003768e-06,0.06865295998226006,1.9960932707139515e-05,0
0.6740604843153197,2.011921276072458e-06,0.3259031478095009,3.4355954461936535e-05,0
0.19485897900066923,3.7766088799454527e-07,0.8050869938542445,5.3649483596786586e-05,2
0.02220313340433998,1.3326156745640056e-08,0.977789135477064,7.717792630353243e-06,2
0.0002826258143292061,2.356815785848235e-10,0.9997165303775485,8.435720271517843e-07,2
1.4778682576470813e-06,2.354149005261682e-12,0.9999983985721064,1.235573503574922e-07,2
1.4217410722997995e-06,2.2620858153169666e-14,0.9999984384224632,1.3983567762327212e-07,2
6.050062242673097e-07,1.2699974578770742e-14,0.9999993066924292,8.830084108496214e-08,2
7.339926110470008e-08,8.927199480586759e-16,0.9999998499715842,7.66284819527815e-08,2
1.376099406747979e-09,3.645666377144834e-16,0.9999999586216299,4.000146560470935e-08,2
3.5875418831857136e-09,3.5538538571080093e-16,0.9999999506198959,4.5793434981837954e-08,2
5.60980366696134e-09,8.417994576585045e-15,0.9999999519113782,4.247908729038409e-08,2
2.6611235840818283e-05,4.3091371768365176e-13,0.9999731518585427,2.3690556797678578e-07,2
0.00011814153652807156,1.1341475724178443e-11,0.9998815708124256,2.8763959886796914e-07,2
7.306252342504654e-05,1.5594186585504346e-11,0.9999267014043732,2.3605696808606056e-07,2
3.065119347580331e-05,3.472930293714888e-12,0.9999691358550132,2.1294741572891987e-07,2
1.271610996891491e-05,1.4096296869297494e-12,0.9999870340092676,2.498790853616974e-07,2
1.2705365489925417e-05,1.143922189184031e-12,0.999987102222307,1.9241015372681376e-07,2
1.1937203858513557e-05,6.943251239123768e-13,0.9999877306443152,3.321502615173556e-07,2
2.4185534456140693e-05,1.4563926930073242e-12,0.9999756098432444,2.0462064576789662e-07,2
2.51972327350673e-05,3.4552604784700803e-12,0.9999746285992734,1.7416425356512134e-07,2
3.616892609941099e-05,7.228982220306224e-12,0.9999635105814426,3.204844120373762e-07,2
0.00014022722213834408,1.0464120796987643e-11,0.9998594471503572,3.2561693428966724e-07,2
4.5600669568511296e-05,5.9193403041656584e-12,0.9999541359706671,2.6335423146482615e-07,2
6.0168578055182055e-06,6.157480439114669e-13,0.9999938285899936,1.5455210376148722e-07,2
3.1612248482148904e-06,4.9979917001489244e-14,0.9999967186994756,1.200753628375704e-07,2
6.518888412466624e-07,1.6781572051244878e-14,0.9999992457599662,1.0235112096340664e-07,2
4.6927859218858294e-07,5.208157215766708e-13,0.9999993837302179,1.46990674849744e-07,2
3.401107595010228e-05,2.284874619537504e-10,0.9999618829358645,4.105759974468903e-06,2
0.00013716328310891193,6.976623973852229e-12,0.9993860344378445,0.00047680227201755835,2
0.00020067275441849493,3.760383083985079e-08,0.9993035145980612,0.0004957750437663516,2
0.00024215905396062504,3.6032365764385284e-08,0.9986813634385617,0.001076441475257961,2
6.948622992666799e-05,5.974803161719825e-13,0.9955563957210608,0.004374118048190429,2
0.0021590828508693195,5.056201706715299e-06,0.9977699961739455,6.586477304798198e-05,2
0.006709265958886875,1.1475474330824523e-07,0.9932305623763746,6.005690997622676e-05,2
0.03804588071307111,3.6108242020219145e-08,0.9618051890592488,0.00014889412033549954,2
0.2575734163023354,7.776073049120517e-07,0.7423759767315514,4.982935823731553e-05,2
0.6939393294586544,2.3724606813265136e-06,0.30601129790124515,4.700017890296422e-05,0
0.8731331906663783,6.532453304786253e-06,0.1268133880211604,4.6888859438206273e-05,0
0.9569424074022167,1.8823420167887132e-06,0.04294291499762583,0.00011279525735057032,0
0.9956324481908072,1.0920367366191416e-05,0.004344598038729671,1.2033402453754274e-05,0
0.999590537802613,1.5584481078083418e-05,0.0003785847717173943,1.5292944742622592e-05,0
0.9999075023823898,2.0165398739678365e-05,6.191248500086968e-05,1.0419733682650527e-05,0
0.9998931731954522,1.9932179458931983e-05,4.99419545747917e-05,3.6952670755431234e-05,0
0.9999152278823568,1.0652663794209231e-05,6.0409761593952214e-05,1.3709692804683905e-05,0
0.9999125866533907,1.535194263929355e-05,5.3882225347007754e-05,1.8179179397150682e-05,0
0.9999106757847234,1.392076661632938e-05,4.689451898465816e-05,2.8508930421865453e-05,0
0.9999003487952335,1.0296010051505151e-05,7.76112866779646e-05,1.1743908346877361e-05,0
0.9998747347082418,8.806438757310052e-06,0.00010587653617285456,1.0582316652407174e-05,0
0.9999082789647583,1.3456758088310078e-05,7.028266894845993e-05,7.981608272639987e-06,0
0.9998740488662289,1.024322300047788e-05,6.735463425812395e-05,4.835327692730418e-05,0
0.999921292693969,1.3813814440907693e-05,5.1502958522297486e-05,1.3390533445858311e-05,0
0.9998858874689934,9.664354125549301e-06,9.249226395467273e-05,1.1955912960228441e-05,0
0.9999181855928734,1.370109065647214e-05,5.848334984417679e-05,9.629966445542032e-06,0
0.9999256519522519,1.5041779961679919e-05,5.010847866536909e-05,9.197788546753592e-06,0
0.9999188001756579,1.6592466651325827e-05,5.645943023480477e-05,8.147928362502382e-06,0
0.9999029527607735,3.434795064458757e-05,5.0642115606862605e-05,1.2057172390253956e-05,0
0.9997430781467843,0.00019633093755559963,4.240326233108905e-05,1.8187653579664707e-05,0
0.997955311471811,0.0018246226681302667,4.2861210621191164e-05,0.00017720464961474536,0
0.9838060663329982,0.01491497946064854,4.187142013333856e-05,0.0012370827853728599,0
0.930536538497728,0.057218183124424865,0.0001233759075078474,0.012121902469883705,0
0.5817535890631537,0.13569229638438401,0.00024339533792748605,0.2823107192142534,0
0.00047110152294419427,4.05999499395551e-06,2.2933801474081794e-07,0.9995246091441559,3
0.0030069468203749393,0.849488984287452,8.967683630497484e-07,0.14750317212369354,1
0.0018624782102329897,0.9380206490378135,2.298477209036599e-07,0.060116642903403995,1
0.0021473427168814266,0.9938953876630432,2.3937633347310756e-07,0.003957030244010489,1
0.004007232898474743,0.9939365890161727,1.1856856178691996e-07,0.0020560595168307733,1
0.007501996547184733,0.9888466701766502,2.888378634510136e-07,0.003651044438469653,1
0.015838966637831246,0.9548230510105454,9.7294514728834e-07,0.029337009406032635,1
0.09102410573055222,0.8178565308401913,4.32698499549189e-06,0.09111503644475015,1
0.10002427269291801,0.005975859937688299,1.8354290771979656e-05,0.8939815130781977,3
0.10568445448127743,0.01718939063990026,9.368994645886826e-05,0.8770324649321419,3
2.1193881815768823e-09,1.8945053703034925e-22,1.3320882327329952e-10,0.9999999977480911,3
0.9477744378037664,0.004372444811798113,0.000374214200560692,0.04747890318323162,0
0.9974483913494498,0.00048363728320187355,8.697936555491721e-05,0.0019809920020631834,0
0.999756268879968,3.0435210359435724e-05,8.373261952737209e-05,0.00012956329080642952,0
0.9994787351406199,5.373086011328556e-06,0.0002562873729578131,0.00025960440022788634,0
0.998393818097348,3.0811611790513796e-07,0.00024574218714764983,0.001360131599255049,0
0.9997788624787197,9.88874119581724e-06,0.0001475422643982324,6.370651637019227e-05,0
0.9998768655860913,7.968235447144153e-06,0.00010057028810242673,1.459589123433824e-05,0
0.9998648539493799,8.847542046439804e-06,8.286629454087116e-05,4.343221376920795e-05,0
0.9993509088263104,3.4825020296722254e-06,5.94525990128392e-05,0.000586156072980249,0
0.9998112289347296,2.7055256277068508e-06,0.00010342065253426193,8.264488781812791e-05,0
0.9998982967143246,1.1885526765053893e-05,7.905701856571159e-05,1.0760741162812644e-05,0
0.9998270479485826,6.2782924008699e-06,0.000150008442033972,1.666531608396326e-05,0
0.9998018491099543,3.0078364876389803e-05,0.0001552955261089639,1.2776998241715205e-05,0
0.9994861687316046,0.00032386592333716926,0.00015213510206288022,3.783024371095038e-05,0
0.992065853063444,0.00753961732320186,7.908185150378312e-05,0.000315447762139905,0
0.8833815055803366,0.10728048310251136,5.082050826648013e-05,0.009287190809608496,0
0.18089395798069363,0.715504519782621,5.61821616400616e-05,0.1035453400753298,1
0.0019003137992750939,0.7393628773192796,8.042921848292539e-07,0.2587360045895447,1
2.797509245254459e-05,0.9299441992290964,3.962985997143412e-09,0.07002782171598304,1
9.178485396890523e-07,0.9908483279874435,2.1965653612798233e-10,0.00915075394519854,1
2.5239443513069067e-07,0.9979827284015376,3.0228764024341036e-11,0.002017019173465692,1
3.5224160866562315e-07,0.9986575834415773,1.0684129465569836e-11,0.0013420643060416512,1
4.529771490828846e-08,0.9974516040497533,3.663176051421354e-11,0.002548350615566622,1
7.648329694543625e-07,0.9611223056222633,6.80235969656734e-10,0.03887692886500963,1
1.1373362152303497e-09,0.09538681633669917,1.7638300544625798e-10,0.9046131823491514,3
4.6334194679545295e-12,2.453556292968731e-05,1.1199345261927997e-10,0.9999754643203761,3
2.1048585681617984e-11,1.5692612962179696e-07,6.629483068381543e-11,0.999999842986666,3
7.177207517539884e-13,1.0024970156504329e-07,3.124402708079605e-13,0.999999899750042,3
1.121697768417682e-08,0.9641085382238617,2.936409478226515e-10,0.035891450265088255,1
2.6679065453563246e-11,0.9930548278350392,1.508979542343958e-12,0.006945172136320284,1
4.048148615552484e-11,0.9988082104604462,2.259734847009922e-13,0.0011917894984425019,1
8.118580329077269e-12,0.9989896920416769,1.4292157493175963e-13,0.0010103079493054689,1
5.842491622849716e-12,0.9947583097620865,1.0938322289670118e-14,0.005241690232409991,1
2.3942591609505755e-12,0.9987559518023311,6.164940821885859e-14,0.0012440481949897327,1
8.507797254892423e-13,0.9987629070567408,1.4221193734923075e-14,0.0012370929428178077,1
1.3125705226738912e-12,0.9986854862580632,7.859793212737223e-15,0.0013145137414746514,1
7.531304936277581e-13,0.9992262068693815,2.577610228676942e-14,0.0007737931302420554,1
8.073571003938268e-13,0.9974614617734907,3.192444050798684e-14,0.002538538226367674,1
3.860071567059414e-13,0.997116037048328,3.117210437853013e-13,0.0028839629501862495,1
2.783584602806292e-12,0.9753134737690033,1.3001325643825322e-13,0.02468652622750633,1
1.3831075002535847e-12,0.9933616570505196,9.79712932104984e-13,0.006638342946432655,1
1.0535698471312555e-10,0.9966390571484633,2.9576492841459292e-12,0.0033609427433928534,1
3.732062469893734e-10,0.9940555218769294,1.1641873578494834e-12,0.005944477748624902,1
1.003983520612008e-09,0.9928498759319789,5.556390027110498e-11,0.0071501230087337685,1
2.3556565634681914e-11,0.8321303227601905,2.152267225454199e-11,0.16786967719514972,1
4.183744159227154e-12,0.12330821273661997,1.3657122050560406e-12,0.8766917872572082,3
7.658277055055757e-12,0.9081953857339513,2.6112005089758837e-11,0.0918046142325835,1
4.8261685853013634e-12,0.9832259580460959,8.229089541637852e-12,0.016774041941037023,1
2.685846769637171e-11,0.9879229343235626,2.5974833955112098e-12,0.012077065647122139,1
4.326334165476975e-11,0.9858314396122551,4.910812216666989e-11,0.01416856029528232,1
1.6967805147201714e-08,0.7877614430033587,3.105769672454029e-12,0.2122385400260354,1
5.8110768924653446e-09,0.9908799634298164,3.775192301258319e-11,0.009120030722002919,1
7.812697375214903e-10,0.9984398128656545,4.919390550047257e-12,0.0015601863484753034,1
6.07986667034755e-10,0.9963687492336828,5.0082053287889956e-12,0.0036312501536998635,1
1.1532603765277645e-09,0.9592532235262954,7.034976182885026e-11,0.040746775250964845,1
1.541877892807004e-08,0.2810989266845689,1.4112622395322927e-10,0.7189010577546595,3
2.0066414477656577e-06,0.025270993566145112,3.442306616011203e-09,0.9747269963504258,3
6.193748742233998e-05,0.8694122975807982,3.926745211850691e-08,0.13052572566386975,1
1.786096044370135e-05,0.9698441150297638,7.128483860825952e-08,0.030137952724717143,1
4.9671441838378665e-06,0.8742491220441108,1.7325729389053193e-08,0.12574589348601617,1
2.8951866752954e-06,0.10071259995912982,6.263444042074861e-10,0.89928450422853,3
0.0005853772199233707,0.8413780386664589,2.6698237375869504e-07,0.15803631713103677,1
0.0005700889571365975,0.9586665858149632,4.7483038569391485e-07,0.04076285039711423,1
0.00045241270859717716,0.8578789346944304,2.9567824131369504e-07,0.14166835691866486,1
1.0375795610080323e-05,0.06334700716319694,2.1517781951933393e-08,0.9366425955241239,3
4.818674963695336e-06,0.04776970032044525,1.5591360642960895e-07,0.9522253250913725,3
0.00010760434849344113,0.147795999375017,4.6459418269894187e-07,0.8520959316822337,3
2.102799367273525e-05,0.4424212543233266,5.260200645763699e-07,0.5575571916633901,3
1.5645510699976713e-05,0.24602495779853975,2.953989313391613e-07,0.7539591012920333,3
3.7787185414043567e-06,0.015943467037262644,3.359033127502864e-08,0.9840527206542921,3
3.937136167919932e-05,0.028822645508690698,8.408611955487854e-07,0.9711371422680016,3
1.0243113863434674e-05,7.445993956373211e-08,6.544858852489141e-08,0.9999896169768072,3
0.15527732010832326,0.002485727286550826,0.0001071918118961633,0.8421297607928058,3
0.934652984022278,0.0030688996774092285,0.0015621478638990628,0.0607159684357556,0
0.9793158655932421,0.00019798356305004785,0.0074318949566808895,0.013054255886543678,0
0.9308783464520911,2.361622113483059e-06,0.06715874272689462,0.001960549199290332,0
0.010603885386664173,1.901930572042286e-08,0.989308935884305,8.715970903128031e-05,2
1.0751375510321337e-05,6.873814772645316e-10,0.9999869582493441,2.2896881859183913e-06,2
2.6890617945460893e-06,1.1861491781420243e-13,0.9999938196497159,3.491288940603387e-06,2
5.181083666815721e-07,1.2066714228189977e-12,0.9999993784406,1.0345023324854824e-07,2
3.067765674988884e-07,6.580742534271493e-12,0.9999992689939007,4.242234315916113e-07,2
5.762737352524414e-08,4.134296198815142e-15,0.9998855172123688,0.00011442516097000188,2
1.4715391707309128e-07,1.9635080849389193e-13,0.9998121280228095,0.00018772482315207022,2
4.1086742883610586e-07,7.324322899123627e-11,0.999958031922072,4.15571363621008e-05,2
5.145646736501973e-05,1.4843590341687016e-10,0.9999476234190308,9.19964773611013e-07,2
6.342369876801512e-06,8.356839860617376e-13,0.9999926366506836,1.0209778265689862e-06,2
1.525477018361318e-06,2.0875018239277238e-13,0.9999983315333615,1.4298967487599885e-07,2
8.894428940641222e-07,1.6580384867457579e-13,0.9999989204067249,1.9015048264591743e-07,2
2.8816608179011998e-06,2.174733918815155e-13,0.9999963491494123,7.691899483037803e-07,2
1.2427510614395489e-05,4.265106933481718e-12,0.999986166897724,1.4055880826787727e-06,2
6.134577695192689e-06,4.7006768742595887e-14,0.9999853055694147,8.559853524065285e-06,2
2.188594244386546e-05,6.714966778105536e-11,0.9999778856462027,2.2834415436390507e-07,2
9.366423027329969e-05,1.3789879963443682e-10,0.9999059177502678,4.178821442316799e-07,2
0.002435313566160586,1.4407757737716061e-09,0.9975627219354453,1.9630570469161234e-06,2
0.015372500986246119,4.598822380808998e-09,0.9845749606970952,5.253371855123947e-05,2
0.06059803501350477,4.2872531379565544e-08,0.9393361626617713,6.575945158855621e-05,2
0.12206207603122352,2.2886041412189994e-07,0.8778368069025255,0.00010088820594278022,2
0.4232005683117977,9.656494832764599e-07,0.5766486251434724,0.00014984089456461554,2
0.7767308973630943,2.3792283019341224e-06,0.22311768805478027,0.0001490353535310271,0
0.9598941063004482,1.6795305381935945e-06,0.03993738035919452,0.0001668338101697013,0
0.9943131270465445,9.133224613414415e-06,0.005661802446896901,1.5937282469362987e-05,0
0.9993731924774515,1.4636111934001314e-05,0.0006027433382267901,9.42807162209942e-06,0
0.999687677750628,2.8140395124355186e-05,0.00023374842174409452,5.0433431721008874e-05,0
0.9989187208800181,0.0003873862149807867,0.00013442500839367836,0.0005594678963799811,0
0.9618738084880413,0.0028642126282185884,0.0006146781372453061,0.034647300746204465,0
0.0003038655284446464,9.687578138014623e-12,1.5076708963430643e-06,0.9996946267917394,3
0.004304445188756762,8.279671633758398e-06,8.458687348765674e-06,0.9956788164526861,3
0.16309402944134496,0.003191387342805146,0.00033182850597248304,0.8333827547090235,3
0.17136679182495573,0.001269392675156477,0.00018110998012884318,0.8271827055191044,3
0.13780013532031693,0.0012170956665322969,0.00021548955279133131,0.8607672794605771,3
7.94845118360083e-05,5.956605274220786e-09,8.347433375011886e-07,0.9999196747878989,3
0.005332632294886132,0.020584326279401884,1.4007697425607905e-05,0.9740690337281923,3
0.001232561932165332,0.05130641405281671,1.0785311515385973e-06,0.9474599454839446,3
0.0020620755633706583,0.27756189727676,7.355561745687035e-06,0.7203686715976452,3
0.00019269827100506164,0.02398457307591513,6.073290750365811e-08,0.9758226679202312,3
0.006468609693718111,0.9062236391851825,1.8907739123885166e-06,0.08730586034743613,1
0.006947818352347273,0.9770254363243823,1.0872438891604342e-06,0.01602565807970092,1
0.006023722341570913,0.9524754762401824,7.975082557102594e-07,0.04150000390985106,1
0.002841160004586827,0.9625684809401073,1.142417041904904e-06,0.03458921663817861,1
0.0007181331666471341,0.921665778009821,5.594851499496834e-07,0.07761552933803816,1
4.236297168982137e-05,0.3335498103925704,2.158067890634471e-08,0.6664078050556639,3
1.3114075695410879e-05,0.3829020770092902,1.1884818485847337e-08,0.6170847970305197,3
1.3390544962379673e-05,0.8463282443492328,1.107395964548508e-07,0.15365825436562416,1
1.2677582441484833e-06,0.778211150524705,4.611775831204827e-08,0.22178753559949313,1
9.520321453934891e-08,0.1131643500275297,3.3413017430330673e-09,0.88683555142802,3
1.934015251504396e-07,0.1772875273305578,3.304164674988919e-08,0.8227122462263459,3
1.924037695257885e-06,0.32282787585807476,1.217894923479912e-07,0.6771700783149819,3
1.3330798885894368e-08,0.10387906718759006,4.971606206505732e-10,0.8961209189852639,3
1.9554106332996877e-08,0.7585583864253265,6.928071541947831e-09,0.24144158709311847,1
3.052379872751502e-07,0.7242326259568026,3.054006533654165e-08,0.2757670382650155,1
1.6247222524317426e-07,0.1295379615030443,3.909288877813542e-09,0.8704618721148919,3
2.236458537402067e-06,0.29447221126826295,3.4964511648246236e-09,0.7055255487764965,3
6.596204594778511e-06,0.905933526944394,6.092140503635254e-08,0.09405981593025062,1
1.1977199944306748e-06,0.8815427026159204,2.738862118942506e-08,0.11845607227633762,1
5.608176895086198e-08,4.904724556651528e-07,6.47425114320258e-11,0.9999994533811007,3
9.422612761114305e-07,0.0015880635667219834,7.362968427906318e-09,0.9984109868085288,3
4.408019134175511e-09,0.002817097080602244,5.0094680508389744e-09,0.9971828935015659,3
2.1503836408519688e-08,0.07742118586517154,2.389595129078992e-08,0.9225787687352281,3
3.541646881147846e-14,9.130003438775803e-08,3.278527757754405e-12,0.9999999086958311,3
3.7102994839455726e-09,0.0003871881191312432,1.2260681944377951e-09,0.999612806944994,3
3.589710046864011e-08,0.02428875524584521,4.503237304555897e-09,0.9757112043533258,3
3.1491821020863494e-08,0.029937408637567053,1.3637280554722328e-09,0.9700625585076729,3
2.0051295732721953e-08,0.20238489078928082,1.8852347379376317e-09,0.7976150872735897,3
3.776481302161747e-07,0.36244820028720576,3.971158610602582e-08,0.6375513823526969,3
1.6114528586699053e-06,0.531582008181028,2.874998792000584e-08,0.4684163516159874,3
7.646829912083904e-06,0.773952394401184,1.6233846062485338e-08,0.22603994253585608,1
6.432538477081226e-06,0.9360258169963827,7.010800894003858e-08,0.06396768035778273,1
9.132772602229075e-06,0.8135688616700747,1.0457043461722935e-08,0.1864219951002433,1
9.446609235306924e-05,0.80604036654406,6.249820585242632e-08,0.19386510486470224,1
0.002932105352243527,0.8422236342269503,2.9609700293521426e-06,0.15484129945037978,1
0.0395112873641284,0.8680686711123122,1.3107125326364292e-05,0.09240693439769238,1
0.6000178135115892,0.29183887691558796,2.4191263525866397e-05,0.10811911830890733,0
0.6723861855397321,0.27837523794562524,6.661647996859677e-05,0.049171960034991316,0
0.6751785010919671,0.3192235950163936,3.059389157755678e-05,0.005567310000461133,0
0.6270307310595363,0.371197636318736,2.541579859598623e-05,0.0017462168226531913,0
0.5834325307242477,0.41366026907276404,3.293905663421933e-05,0.0028742611462952614,0
0.5553122614652268,0.4381491194630333,3.936666203200801e-05,0.0064992524088072,0
0.45565115062854633,0.4408415744953313,0.00017274013438854074,0.1033345347421316,0
8.219775149213318e-05,3.140655678601037e-07,2.7071315747253616e-07,0.9999172174699702,3
5.365928998218351e-05,0.00021018903916558086,1.278344762395796e-07,0.9997360238372542,3
0.0021504741531052076,0.007973151951674787,2.5727140344088385e-06,0.98987380118051,3
0.0015309260486648965,0.00888788342838712,2.7974691934247585e-06,0.9895783930541181,3
0.0023983267210158053,0.0789280687437646,2.542156722270008e-07,0.9186733503187222,3
3.551946156821305e-05,0.7656401134892085,4.8509090123758366e-08,0.23432431853952207,1
2.4725885873319816e-08,0.9235846362355115,1.324934847808648e-10,0.07641533890654459,1
3.570281562901906e-09,0.992399846584426,6.83243145885802e-11,0.007600149776810841,1
1.0752235867681206e-09,0.9952087640691686,2.3900866153231885e-11,0.004791234832573565,1
7.841302981112597e-09,0.9877745970341364,8.496038807883255e-11,0.01222539504036123,1
1.793797972420942e-07,0.9365530981806067,3.559629721510189e-10,0.06344672208365033,1
1.297654933300238e-06,0.953051788058696,2.21907183547365e-09,0.046946912067913384,1
1.8373149428429e-06,0.9650723745871381,1.1829157397351556e-08,0.034925776269345545,1
2.076851119537416e-06,0.9254919954505877,1.882430137294623e-09,0.07450592581517484,1
7.830258163768634e-08,0.9650050826470951,1.6350359656453358e-09,0.03499483741439431,1
2.536484883871069e-07,0.926437410458964,2.566491575363907e-11,0.07356233586691363,1
9.839056396957518e-07,0.9918547939341954,6.396909741785202e-10,0.008144221520327658,1
2.07865120075548e-06,0.9941827327021069,8.315656076853617e-10,0.005815187814885055,1
2.6700946954785368e-06,0.9738016350230627,8.562948209172966e-11,0.02619569479662871,1
2.5275267450403374e-05,0.9969310690934677,1.863081709671781e-09,0.0030436537762978553,1
1.6047939047671132e-05,0.9959356027064926,8.649369625537385e-10,0.004048348489467985,1
3.363658014695357e-05,0.9896669037192669,1.761857580800498e-09,0.010299457939077205,1
2.5594328393221134e-05,0.9886143429308532,5.92513304402672e-09,0.011360056816033519,1
0.0007270359801865028,0.9356960052638307,8.755801890480775e-09,0.06357694999942719,1
0.0009106588322205721,0.9621116081721499,4.419778179569517e-08,0.036977688797441906,1
0.00029888567380005127,0.9951759097658782,3.828336819920858e-08,0.004525166276260744,1
0.0001343290161266589,0.9845399641998683,1.020667110099606e-08,0.015325696577877848,1
4.018229960601237e-05,0.9841828483983565,9.390387485675756e-10,0.0157769683626556,1
1.450606421879758e-05,0.9982911093713761,4.6530145063653464e-10,0.0016943840991800732,1
8.385766243215327e-06,0.9981234444320751,2.003852619295449e-10,0.001868169601660002,1
1.762267252240887e-06,0.9948287509396133,4.3196782050684294e-10,0.005169486361172697,1
4.012395323376591e-08,0.9508867195059028,4.357832095950365e-10,0.04911323993381304,1
1.0441581315271461e-13,0.00477179895806277,5.718528627435422e-14,0.9952282010426778,3
2.4759362963085126e-14,0.004348245979877433,1.7125720423076502e-11,0.9956517540022307,3
1.507549288916342e-17,6.432114379943978e-09,8.995666365000812e-15,0.9999999935680535,3
2.426389612793535e-11,0.021242322701987806,2.0975041817482206e-10,0.9787576770648467,3
1.037905867346564e-12,0.026175955338591343,3.8872002669610943e-10,0.9738240442716495,3
2.3269711359150907e-06,0.09658920805335804,1.051217554637042e-07,0.9034083598536515,3
3.904260238152587e-06,0.14869086054608524,2.1779145153950053e-07,0.8513050174023097,3
5.137039504645479e-07,0.046803699162169594,1.0160598687278813e-08,0.9531957769730997,3
1.0877041885949274e-08,0.6300636287934771,3.0461498307382265e-10,0.3699363600249388,1
1.1141569319588242e-08,0.9854814183458381,9.235883311105132e-11,0.014518570420567818,1
1.6575250831123934e-09,0.9972403292391671,3.0650325372471923e-12,0.0027596690995001635,1
7.532706373090245e-10,0.9985165762724677,8.90236172766918e-13,0.0014834229732546952,1
1.5545270674867343e-11,0.9978938616991344,3.6930588660306114e-14,0.0021061382853660732,1
2.3924938401896345e-11,0.9985812100467365,5.27563504093884e-13,0.0014187899284890725,1
7.509914378636161e-11,0.9938725810464158,1.378136805800095e-12,0.006127418877422849,1
5.390233708495113e-11,0.98462053749832,1.4879925775073291e-12,0.01537946244692141,1
8.889569311343578e-12,0.9965986532859133,8.34059428477087e-12,0.0034013466967352,1
1.460627982957971e-10,0.9629270922932471,3.6053165010667114e-12,0.037072907556879434,1
4.0087476225448214e-10,0.9587309432720948,3.9493149916625893e-10,0.04126905593166177,1
2.809601608438274e-10,0.7310411499346402,1.3394416414650444e-10,0.2689588496497993,1
6.20252314030889e-13,0.013793771378875393,2.5551021766024394e-12,0.9862062286185634,3
1.3244600876773394e-11,0.5628168233570499,4.7291981047343785e-11,0.4371831765826546,1
4.080390463226148e-12,0.8495456543247897,1.854509071477091e-10,0.15045434548650297,1
2.80219426319833e-14,0.818749679373493,2.4189465404486486e-11,0.1812503206031871,1
1.5229413742103405e-13,0.0665582974096383,3.0583637377859494e-13,0.93344170258978,3
1.2681045331367813e-11,0.890131431652461,8.006470192060269e-11,0.10986856825413517,1
1.969585405791843e-14,0.9690851252622218,8.31976629066965e-12,0.03091487473001234,1
5.015308449809815e-13,0.9580484135812811,6.220263350743353e-12,0.04195158641164833,1
1.382502478258305e-11,0.9660033298808245,4.109349613305053e-12,0.03399667010062511,1
2.424369781121181e-11,0.9926348489669324,9.6872960050911e-13,0.00736515100865837,1
1.341407125384019e-09,0.9976787410632728,2.4315969520472765e-11,0.002321257570997895,1
1.4382592922239143e-08,0.9704913648677802,2.9204341604053144e-12,0.029508620747359035,1
1.4645590351414337e-09,0.9953908792797528,1.8848997097119483e-11,0.004609119236037487,1
4.854446497520852e-15,0.9965121341190983,1.4423415306197036e-14,0.0034878658806087566,1
9.998919927753091e-15,0.9989151529263643,2.4253043630496714e-14,0.0010848470735210943,1
1.1719794098052937e-14,0.9951292291649391,1.3151028603535972e-13,0.004870770834195133,1
1.2258546594041424e-12,0.8895353374468473,2.6442115278687276e-12,0.11046466254842896,1
7.718514687248104e-15,0.0006895379613322474,1.4622187513618304e-13,0.9993104620394192,3
7.771287675641128e-13,0.2632814716760768,6.265234538960851e-10,0.736718527697102,3
7.861188440175908e-15,0.0002647599661329148,1.9197800216502034e-12,0.9997352400328041,3
1.4087200306579503e-10,0.3893447918906067,3.2971167651049087e-09,0.6106552046707215,3
5.6063067498426155e-12,0.06343077559113305,1.3337001599076126e-10,0.9365692242695538,3
2.290884597492656e-11,0.1363185608030525,1.504241794802168e-09,0.8636814376695551,3
4.4841860816444134e-13,0.039688036006199766,2.5382342507648537e-10,0.960311963740314,3
7.39495389799335e-15,0.00013581258806092693,3.4378879932518914e-14,0.9998641874110006,3
7.2032723977360136e-12,0.9196849439940101,1.0931001574623076e-11,0.08031505598793862,1
2.525743547722159e-10,0.9897491662073302,6.3713785417472374e-12,0.010250833534360638,1
1.3352249737965215e-10,0.9987598908183137,7.051080312160097e-13,0.0012401090479920458,1
2.578890963617232e-09,0.9988192241515493,3.748504553508896e-13,0.0011807732686130036,1
9.137372536150995e-09,0.998584915494541,3.728470093923405e-13,0.001415075368246733,1
1.232218748736742e-08,0.9991793226376791,2.2313147213015507e-12,0.0008206650387390797,1
9.571060661676907e-08,0.9962423274427606,7.883115003900815e-12,0.0037575768385363865,1
5.460294466258893e-07,0.9957040719792215,2.5674650829694537e-10,0.0042953817340631905,1
6.902443064534287e-07,0.9506438479762698,2.4624194003653026e-11,0.04935546175551912,1
1.9965364563507224e-06,0.9801152506591965,1.7446464614634313e-10,0.019882752630274374,1
2.7489692518038756e-06,0.9983575109916487,3.374542232241887e-10,0.0016397397018821868,1
5.978396137499245e-07,0.9962593209879408,9.088432411402788e-11,0.003740081081964627,1
0.00011544674458836401,0.9875932936504197,1.5378545437174035e-08,0.012291244225921292,1
0.02680004615733242,0.8924539036699106,4.781040396755478e-07,0.08074557206834601,1
0.27309630028634335,0.6869348743422834,2.423296714742504e-05,0.03994459240352946,1
0.8952514076503798,0.08743610174774473,3.839971597403038e-05,0.017274090885124254,0
0.9655761876862323,0.0002997871348586448,0.0004235472721336422,0.03370047790631027,0
0.9993088177757306,9.245799005724855e-05,0.00010781352237548416,0.000490910711310338,0
0.9998028518442746,2.991514564418532e-05,8.028512661477953e-05,8.694788420066644e-05,0
0.9988272498870922,0.00016851661814810184,0.00010621969463883249,0.0008980137999170875,0
0.9928287953178542,0.004644342897368477,0.0001037704795347551,0.002423091305680469,0
0.8779719669615792,0.045227270469035505,0.0003394098261371699,0.07646135274294838,0
0.00030573107342088987,1.0643346228557808e-05,3.132167795590179e-06,0.9996804934121266,3
1.3543393882633204e-26,5.133167235643493e-44,6.529010059535123e-24,1.0,3
2.6228482314115266e-05,5.6822532659807645e-05,3.0175427766325974e-07,0.9999166472314227,3
1.898585849713086e-05,1.9101672961186982e-05,3.0151958192087593e-07,0.9999616109491457,3
0.014834556623196351,0.04971109531649864,3.939747888114125e-05,0.9354149505811761,3
3.314940477963854e-10,2.6840652488988883e-13,2.4035861410936985e-13,0.9999999996671249,3
8.077529611353568e-06,3.555392087324736e-06,9.819658755420644e-08,0.9999882688822777,3
0.003721695424050432,0.0016142519060863847,8.046924277996025e-06,0.9946560057457817,3
0.0025108620982423296,0.0020280630804523666,4.651938310376179e-06,0.9954564228838267,3
1.503871907171332e-07,2.487380771847075e-08,1.9879279958641246e-09,0.9999998227504122,3
7.830778936268618e-07,4.651929172393718e-07,1.1814982737809615e-08,0.9999987399140745,3
3.132418122842805e-05,0.00011097424858327064,5.004677199160048e-07,0.9998572011021923,3
3.528839187099498e-08,0.00012456555316630883,1.3892377133794085e-09,0.9998753977689028,3
6.625838076765953e-06,0.2674747934111394,3.9673484439629885e-07,0.7325181840157158,3
6.57140256304092e-11,3.062115302134043e-08,1.6014274122649743e-11,0.9999999692972783,3
2.3196469958142978e-06,0.00039555383211992617,9.383503695250462e-08,0.9996020326855837,3
9.128375950798172e-11,2.119521525531284e-14,2.0202011324567493e-11,0.9999999998890416,3
1.9043288783341803e-08,1.0487497904350404e-09,4.5455039379650597e-10,0.9999999794526959,3
1.9354922479808923e-11,5.093739178430736e-15,1.1693759730084578e-12,0.9999999999799911,3
1.3827077590521573e-07,1.0849688685123515e-05,4.991658675246361e-09,0.9999890070488943,3
5.837382692152943e-25,3.878251329413961e-38,5.060722869675059e-22,1.0,3
8.869778078501216e-15,1.568329861106623e-14,5.778845015982359e-15,1.0,3
1.8245970988613208e-07,0.000132257167793765,1.8705301176267468e-08,0.9998675416667839,3
4.1977452947943274e-07,2.899042758594405e-05,1.691875873502315e-08,0.9999705728788043,3
3.116828589099971e-09,1.0784440600376633e-10,7.11920136679068e-11,0.9999999967039912,3
4.090424143638306e-07,5.183212459879091e-05,4.608557226020225e-09,0.9999477542248107,3
7.349608231187064e-11,1.3886035480618279e-08,2.6471844451745584e-11,0.9999999860137906,3
3.8608706962802e-21,3.62680249805622e-25,4.010536439808513e-19,1.0,3
5.239905269711076e-10,1.0267373985803994e-07,1.3116451864794908e-10,0.9999998966704933,3
2.8411280118171825e-08,0.0009691649078226422,8.348727234910898e-09,0.999030798331723,3
2.408540283365843e-13,1.303965159620126e-06,4.6139953379861074e-11,0.9999986959891747,3
3.487133596766546e-18,6.067705438911916e-12,1.448183795076172e-14,0.999999999994543,3
5.863643538533327e-11,0.001096318048023707,1.575338983865116e-09,0.9989036803182055,3
2.924890611366329e-11,0.0033829023616233117,1.998410183834169e-10,0.996617097408433,3
4.022248390452557e-11,0.022599723789153925,2.239956555825663e-09,0.9774002739308212,3
1.7356386964360712e-13,0.00017759437861754006,5.999210082979086e-12,0.9998224056155073,3
6.571930160951159e-18,2.7491980237223415e-08,2.455511628317065e-13,0.9999999725077945,3
4.240574389036493e-47,1.0601561103142428e-32,1.005072966854774e-30,1.0,3
1.1035846076980598e-32,1.0878428331613132e-05,4.349835250850698e-17,0.9999891215712148,3
7.116858367582567e-29,0.027542407551091063,2.7645431836225983e-15,0.9724575924495432,3
4.149605974461213e-27,0.005199201660500461,1.7659108414074907e-15,0.9948007983388636,3
2.9838813790409518e-27,0.007216612261731235,5.779728917935622e-15,0.9927833877387264,3
9.493565357148238e-31,2.026691770823804e-06,4.9704886993563434e-17,0.9999979733077071,3
6.118463425852504e-30,0.0009079315766561773,2.3682848155625634e-16,0.9990920684231821,3
1.9182389145716696e-26,0.22615501142520641,1.7250729810906087e-14,0.7738449885739106,3
7.2735388486376925e-25,0.09707390462863921,7.194685327752902e-15,0.9029260953713445,3
3.4542357933337965e-28,4.426185561382764e-06,2.3540920789678464e-18,0.9999955738137672,3
1.1112460505146885e-37,5.493054504106745e-20,1.4250968834669623e-24,1.0,3
1.4066311010369387e-25,0.034451630724279245,9.629141669163461e-15,0.9655483692749567,3
3.0312808648591516e-44,2.3673705717159964e-22,3.319155819241396e-26,1.0,3
1.145548125068294e-44,6.011582002158986e-25,3.6928993337842717e-31,1.0,3
5.112914863555635e-32,3.424202747877068e-05,1.0990770461067915e-17,0.9999657579725066,3
5.93483883529123e-30,0.0020018544215529167,9.905601260340202e-17,0.9979981455778029,3
1.5659627639582828e-33,2.0884588299979494e-05,4.958510650287081e-20,0.9999791154112138,3
4.5267145207008934e-29,0.23101531299947023,3.367355228775132e-15,0.7689846869996539,3
3.2988334745932836e-38,0.17043222451970225,2.411014492702968e-18,0.8295677754803702,3
4.2391565310043655e-44,0.08826584275387893,2.219799187358413e-19,0.9117341572461625,3
1.3343457152059157e-43,0.00026675497545882435,1.2989177059753196e-21,0.9997332450244374,3
2.5855002868408516e-34,0.028966311279174463,1.446581832353376e-16,0.9710336887213504,3
1.2025236508815085e-34,0.0036626731218801986,7.924909900688783e-17,0.9963373268783896,3
2.0266297276858603e-39,6.575001347877801e-07,1.809607411466744e-20,0.9999993424992114,3
9.029879621432249e-33,0.0019394878852606481,2.6270785247764573e-16,0.998060512115007,3
9.263718550275489e-35,9.270601536181824e-07,3.0960077306206395e-19,0.9999990729397473,3
2.538335234822965e-46,9.964658809950021e-24,1.3601152581671272e-29,1.0,3
2.708054954314743e-33,1.932551696751909e-08,3.5273762731511795e-19,0.9999999806750568,3
5.7912307351899215e-33,2.30073561963655e-09,1.225501490306496e-19,0.9999999976989784,3
5.152437075658424e-29,0.11055532044730616,6.244529891708639e-17,0.8894446795518177,3
2.200535781566875e-25,0.8877653293834249,8.277140073597343e-16,0.11223467061713902,1
1.6454072936633528e-24,0.9778227764075876,1.0063836049936681e-15,0.022177223591726948,1
9.742528502145413e-21,0.9790859206425633,2.548327066900329e-14,0.02091407935721912,1
2.14386116231639e-20,0.9245650568360114,4.809226072341149e-14,0.07543494316337697,1
2.4599484254780113e-21,0.00030640704963779276,6.815450047254682e-15,0.9996935929507563,3
1.060648556111172e-20,0.00012752487794165507,2.6359460329315154e-13,0.9998724751214614,3
1.2019430543574944e-13,0.0689798090067311,9.46838679595849e-11,0.9310201908985358,3
9.143224972527888e-17,3.197648296318812e-06,1.7988581664711704e-13,0.9999968023508893,3
2.2565470672540666e-11,0.03442760049255577,6.019322910246172e-10,0.9655723988830295,3
7.434018501406747e-13,1.108242989828669e-08,1.1262024830095576e-12,0.9999999889150787,3
2.721127239219535e-09,0.17495091015767417,5.744693790902329e-09,0.8250490813765403,3
1.599967988653737e-14,2.3259358053279248e-05,1.0717557147849542e-12,0.9999767406401782,3
1.2528680336466868e-15,0.000280357596749147,2.4769203963413793e-11,0.9997196423783887,3
2.0555388056488976e-13,4.841732820134209e-10,3.811241515664209e-12,0.9999999995125108,3
2.627298785155726e-10,0.0002815412246658865,1.0092467432891424e-09,0.9997184575033523,3
0.00041700016882459764,0.0321127550320101,3.6305149154343857e-07,0.9674698817485312,3
0.005109312102983936,0.10567050976059221,1.3944671831878546e-05,0.8892062334643472,3
2.1320650409577932e-06,1.2595536685475002e-08,7.2442600246747914e-09,0.9999978480960142,3
0.0016821727102573178,3.940253635832995e-05,1.8348076466542697e-05,0.9982600766770967,3
0.012213368935091276,1.5251267168337165e-05,3.5189501138417755e-05,0.9877361902962465,3
0.11042382488316976,0.14267055696781236,0.00019846253043184138,0.746707155618233,3
0.031968568161702404,0.0014669317729080937,2.679013452799836e-05,0.9665377099316212,3
0.006286304298376344,7.82306819915735e-06,7.478641632724874e-06,0.993698393990893,3
0.002579958298365916,0.0002358559550657392,2.2907025009720107e-06,0.9971818950436875,3
0.005481765858229351,3.2483423247640584e-08,7.354671639467993e-06,0.9945108469861184,3
0.7809453264210935,0.004529556177221894,0.00019829502255827336,0.2143268223784832,0
0.9036034304106443,0.000939146247890003,0.0001258497876909329,0.09533157355368302,0
0.996139723900211,0.0002208369338170995,8.129861824092606e-05,0.003558140547770143,0
0.9997030601056238,7.462250094616365e-05,5.558233512337153e-05,0.00016673505777072136,0
0.9981709759137901,1.5218067805494894e-05,6.250254969040991e-05,0.0017513034693960997,0
0.9977844247691519,2.1268700432878216e-06,0.0001939609473903324,0.0020194874139073888,0
0.9988128983688582,0.00019579331567981436,0.00013790207846661374,0.0008534062361260939,0
0.9609184029173237,6.139397825274547e-07,0.0003794733763328594,0.038701509765938266,0
0.9758153869051428,0.0012243307589067521,0.00011729096978163234,0.02284299136681212,0
0.9509516407657846,2.2477559784011864e-05,0.00010632409058680781,0.04891955758431822,0
0.9829690142660605,0.0003689673469708511,8.17248097694485e-05,0.016580293577618276,0
0.9954409442939971,0.001664001579516712,0.00030727686176191236,0.0025877772640910614,0
0.989576500336038,8.328651790450284e-06,0.005058334216916045,0.0053568367947394386,0
0.9874236247648616,5.6051917205446385e-06,0.008822927314321759,0.003747842728263199,0
0.9911863108639115,9.3388519074854e-06,0.007493174849832384,0.0013111754343479603,0
0.987388659920161,3.174858533930144e-05,0.009756027693883187,0.0028235638006075623,0
0.9848776188501358,2.027089099348072e-06,0.00943981762475842,0.0056805364358918625,0
0.9944649206465201,3.5188220138815066e-06,0.0027278754206028627,0.0028036851109712537,0
0.9997189818468659,3.683550186028064e-05,0.00018947645990583653,5.47061905353548e-05,0
0.9998208898309908,2.8073071680603843e-05,0.00011508153883848622,3.5955558780679256e-05,0
0.9991252188863133,0.0002343287304467797,0.0002456326862504364,0.00039481969735556097,0
0.9847954210321647,0.0037262304472219163,0.000995395267251843,0.010482953252592664,0
6.1431698464358495e-09,3.186633611875365e-13,8.553224090339885e-12,0.9999999938481778,3
7.992121376251829e-06,2.4087635578557263e-14,1.1299452274376986e-07,0.9999918948834559,3
0.9485886701116681,0.0013777117177696241,0.005326382713629314,0.0447072354564639,0
0.9897140030083939,7.522875794301646e-05,0.007748290731742123,0.0024624775019306986,0
0.985751678143,6.5859063992199075e-06,0.013569148811559158,0.0006725871398531235,0
0.9638046067889803,8.23337613208789e-06,0.03613482372132734,5.233611432011656e-05,0
0.907780795606909,2.7941108634015807e-05,0.09204898212308295,0.0001422811611164034,0
0.8210422031412228,1.5171230731326293e-06,0.17478293366186662,0.004173346073083058,0
0.7312936026153063,9.390472834682895e-06,0.2682954319108067,0.0004015750004810779,0
0.6348353687029599,6.4136400123548075e-06,0.36512572858236925,3.248907548547926e-05,0
0.5479112088854756,5.136918334276517e-06,0.4520242023077141,5.945188891236516e-05,0
0.5265754370475528,2.917869251656509e-06,0.47280135093397546,0.0006202941495439825,0
0.4754097241672061,9.90250134996642e-07,0.5240357417472383,0.0005535438347073591,0
0.4092284077926417,4.41780960017862e-07,0.5901526885544036,0.0006184618718651838,0
0.30590319003162764,9.890354692583408e-07,0.6940428885455413,5.2932387348189176e-05,0
0.1818673142123579,5.460355589042094e-07,0.8181143120788055,1.7827673077213272e-05,0
0.005177286813030699,4.9899687888973414e-09,0.9947100346027938,0.00011267359452254569,2
0.00017808881438141465,2.1566413657162265e-11,0.9998151360160152,6.7751486726188364e-06,2
2.0101521178430392e-05,1.6173753777503084e-11,0.999979680786947,2.1767481814911525e-07,2
1.185829535506135e-06,1.9149301524571184e-11,0.9999983698157493,4.443361428954082e-07,2
5.479739623203173e-07,4.1011276061549045e-11,0.9999684518654023,3.1000119812692714e-05,2
8.04194531948061e-08,6.189276442625733e-15,0.9991455639610803,0.0008543556192001357,2
3.1104429448207167e-07,2.847383286761264e-10,0.9999968838340814,2.804837167802299e-06,2
6.087091460472771e-06,6.288311409476779e-12,0.9999935489275948,3.6397398263627854e-07,2
5.90536519294272e-06,5.460421747294603e-13,0.9999928069032147,1.2877310941878104e-06,2
3.01610800925054e-07,1.4336105368215844e-12,0.9999984679427966,1.2304450888775162e-06,2
5.067855174308488e-07,5.860767978560412e-14,0.9999908403443664,8.652869408843113e-06,2
9.416675899138226e-08,1.1989236331810327e-12,0.999999733006952,1.7282491415743983e-07,2
1.3811888539485838e-06,3.702991204382797e-14,0.9999978872569536,7.31554024615686e-07,2
7.468365047740099e-07,3.9375189328426265e-14,0.9999986562679557,5.968956846108816e-07,2
8.446952378681127e-08,6.217770679764747e-15,0.9999996885635968,2.269665932414583e-07,2
1.2807208517855864e-09,4.894234121724955e-14,0.9999999494521048,4.9266356922602514e-08,2
4.631544090777202e-06,1.2478098972197782e-11,0.9999942095132003,1.158930938063794e-06,2
0.0004022611758885167,1.1491697849346999e-10,0.999360803546235,0.00023693516317189957,2
8.093487389044007e-05,1.823799785931647e-11,0.9992298363743346,0.0006892287328121448,2
3.096299268252991e-05,5.965243776804991e-10,0.9999484395862628,2.0596824280483967e-05,2
3.697202117741824e-05,1.6106208870783132e-10,0.9999623546510686,6.731664144101683e-07,2
8.141512770744348e-05,3.733898688369675e-11,0.9999181823280545,4.0250674547465727e-07,2
0.00013806255801237927,5.2234435255429235e-11,0.9998615329345847,4.0445451800239666e-07,2
4.710567135371812e-05,1.7458712674719416e-11,0.99994974535227,3.1489592046842117e-06,2
5.880508018545699e-05,1.0164218453756735e-09,0.999939983159776,1.2107440413968613e-06,2
1.7189616897276813e-05,2.1593209915186086e-08,0.9999402303565436,4.255843404848628e-05,2
0.00028285291947659886,1.2096564967119388e-07,0.9933617611016866,0.006355265012581032,2
0.0003110743893958943,8.285503562467427e-08,0.8537278191366768,0.1459610236192417,2
5.098417883012072e-09,1.3034753249756268e-16,0.0010554526113426485,0.9989445422909569,3
9.148815739518734e-11,5.718238698571522e-15,0.0013828649702956428,0.9986171349382258,3
4.016746097184732e-06,0.0027833114666717474,0.32463542663439693,0.6725772451524945,3
0.0005732914804655408,0.00021244688592045584,0.3107187523061548,0.688495509328258,3
7.909707382845942e-10,1.3404139685212728e-18,3.2112066267461116e-07,0.9999996780880401,3
0.006253920311602932,0.00409305078108424,0.0012357845886718304,0.9884172443186919,3
6.040665854928927e-12,3.0489566977032843e-15,1.0909885730286636e-05,0.9999890901084978,3
0.008893568676644844,0.00010736411086787934,0.32844442402807633,0.6625546431838987,3
0.11619476783033084,6.282130876102204e-05,0.4316649909472988,0.4520774199144074,3
0.4708315265632524,0.0007962654589335792,0.4221645145734013,0.10620769340526737,0
0.746727742240986,1.6461724785710124e-05,0.21335482896378324,0.03990096706979707,0
0.890419980680947,0.00011327683498293889,0.10629346766333356,0.0031732748215277024,0
0.9657050310921544,1.1885666605149176e-05,0.03329329153870498,0.0009897917029327663,0
0.9860254150875124,0.0002140131572192934,0.013299367745358056,0.0004612040091883293,0
0.9617721364527771,0.0017498514222275595,0.010149082660674954,0.026328929463674548,0
0.0965145591016785,6.06737754730166e-11,0.003222012917391425,0.9002634279194727,3
0.9191255449431952,0.0010649287352551436,0.00875700891789741,0.07105251740453357,0
0.9522123626486532,4.550798705784344e-06,0.009657261559858651,0.03812582499328313,0
0.9828735585535163,5.623719318829845e-05,0.010807709793607848,0.006262494458895912,0
0.9774089757961787,1.8976862994226762e-06,0.020032227578010743,0.002556898939352734,0
0.9690338443858495,7.90132223710927e-06,0.030911411722486067,4.6842568985497915e-05,0
0.934454254150129,6.389874968087606e-06,0.0655080443952876,3.131158005000429e-05,0
0.811009275816308,1.8610007352416994e-05,0.18887025640369556,0.0001018577728416409,0
0.6706633724331904,0.0001165805004174755,0.32800718455794237,0.001212862508262767,0
0.3886958951530324,0.00023398309871483914,0.5712868978217348,0.03978322392568225,2
0.03611236047544596,2.160861964280983e-09,0.7424665970037072,0.22142104036073007,2
0.04144222853623064,1.2990898906607644e-06,0.8965184308778845,0.06203804149618832,2
0.027970309949937707,8.344243071129292e-06,0.9700513401554659,0.001970005651904744,2
0.012877609247053591,3.614302650769107e-07,0.9870596011574272,6.242816462660767e-05,2
0.004518143577383608,9.426570200626995e-08,0.9954793552174097,2.4069389008744906e-06,2
0.0035286841201338957,4.2128798423979656e-08,0.996470089834944,1.1839165936267355e-06,2
0.004655334700932078,8.990403357848075e-09,0.9953255562846348,1.9100023965462996e-05,2
0.0064068945378831,4.55898079067236e-09,0.9934921088893609,0.00010099201318645716,2
0.007726502827727389,8.618115183554014e-08,0.9922698309150779,3.5800754630604666e-06,2
0.0069509312325333516,5.8884598331540265e-09,0.9930325853128404,1.6477566509333193e-05,2
0.006565654089091284,9.461011951809975e-09,0.9934209795788598,1.3356870200001052e-05,2
0.007082167544145279,1.1949516481942732e-08,0.9929134695933439,4.350913715874691e-06,2
0.006953531493602009,3.663827850569018e-08,0.9930452212185656,1.2106500835951459e-06,2
0.004997433960791502,7.87184046057448e-09,0.9949995953399888,2.962827038996728e-06,2
0.0024255020519169572,4.3275034607802715e-09,0.9975730917941296,1.4018270762842107e-06,2
0.001073098486961675,3.88418080334837e-09,0.9989264106926703,4.869370685005805e-07,2
0.0004798575167302147,1.5584124816812643e-09,0.9995185826681064,1.5582566057887137e-06,2
0.00012708784642200197,2.6251262870690447e-10,0.9998633803025722,9.531588255825118e-06,2
0.00021888303816471676,2.5631261003127525e-09,0.9997803740313123,7.403681917553638e-07,2
8.761269317285581e-05,1.1299392282782078e-11,0.9998934956387724,1.8891656010940834e-05,2
7.681799266320239e-06,4.3654906387026125e-12,0.9999914792496514,8.389461335198587e-07,2
2.320180369410982e-06,1.5829703200728416e-12,0.9999975576677382,1.221502609248256e-07,2
1.1207104431142788e-05,3.416306724356321e-12,0.9999882184750359,5.744163374298011e-07,2
0.0004420388105602985,1.1975517743157563e-10,0.9995566172778885,1.3437924196370455e-06,2
6.672291156822028e-05,7.633454603622008e-11,0.9999235099172787,9.767094217721825e-06,2
0.00018558453488361248,2.38304396486076e-10,0.9998135620457094,8.531810676840693e-07,2
0.0002635371866129147,2.5624658399959795e-10,0.999736087494172,3.7506274841074336e-07,2
0.0002482263395789696,1.7912420198923748e-10,0.9997511401786077,6.333035378853239e-07,2
0.0002912779814255861,2.171340686835604e-10,0.9997081096974251,6.121032817895657e-07,2
0.00021379564053414755,3.269404725236995e-10,0.9997846815853783,1.5224466983592468e-06,2
4.7605306623729685e-05,7.92176606882527e-11,0.9999474112686986,4.983346146324788e-06,2
2.6896351926475952e-05,2.850781261124687e-12,0.9999695234461203,3.5801998761817805e-06,2
6.60391402276078e-05,3.1437726114509704e-11,0.9999334922830073,4.6854574720851715e-07,2
5.4128753947157446e-05,7.837013360719991e-12,0.9999455590508975,3.1218661078329084e-07,2
5.3309400862258075e-05,1.1630042783111809e-11,0.9999463363576396,3.5423069502813324e-07,2
4.76523706605736e-05,4.281895532586143e-12,0.9999520931139779,2.5451038995342627e-07,2
1.6329498615237507e-05,2.0824912255856797e-12,0.9999834261625576,2.4433734514808114e-07,2
1.9561356549496575e-06,1.03291342579014e-13,0.9999976339177717,4.0994578591822156e-07,2
1.9970131735339072e-06,8.869424387482409e-14,0.9999977356972691,2.6729005276868143e-07,2
1.502667118890325e-07,1.162164502348267e-13,0.9999996095649147,2.401684677158026e-07,2
8.623298177902956e-12,2.4493342619404476e-16,0.9999992861287684,7.138624762733791e-07,2
7.799519154299154e-11,6.745170263941781e-15,0.9999999285901165,7.133176658790833e-08,2
2.0589013040732553e-09,1.698806189347476e-14,0.9999998539842743,1.4395707253808524e-07,2
6.360677114270735e-09,1.1241326764464947e-16,0.9999954697880481,4.523851405398135e-06,2
2.679082012234864e-13,1.4758705409432996e-16,0.9999998432576954,1.567413173052532e-07,2
2.9578157638404283e-13,2.0902903493767429e-16,0.9999999486171887,5.13824009871598e-08,2
1.388981706099812e-13,1.9170465418625915e-17,0.9999999383035193,6.169655617391773e-08,2
1.1752892330341727e-12,1.6350732994506953e-16,0.9999999598476287,4.015084112796488e-08,2
9.072555103932726e-13,5.275152401968048e-17,0.9999999113006236,8.869858673324558e-08,2
1.2656310151288796e-13,3.184524849117095e-17,0.9999999116553265,8.834521694305495e-08,2
1.1186655104695418e-13,6.190645210749687e-17,0.9999999737483453,2.6251335144891016e-08,2
3.6456484962648457e-13,9.759156477929635e-17,0.9999999614774432,3.852187912297022e-08,2
2.477417453470063e-12,5.563902871801068e-17,0.9999998504590734,1.4953810410547125e-07,2
7.000314368749253e-12,3.2272866261583886e-16,0.9999998984349128,1.0155861170328139e-07,2
4.1741554601716145e-12,7.12704029055258e-17,0.9999999215906459,7.84048765287326e-08,2
9.405770797826253e-12,1.852136617042939e-15,0.9999999015872212,9.840333284764872e-08,2
3.364416971362908e-10,4.393907330869304e-16,0.9999993412932222,6.583703986650808e-07,2
6.150177175832268e-09,2.165839710124178e-14,0.9999999043720936,8.947782685683614e-08,2
8.824870460016e-09,2.221673863783572e-15,0.9999997315026482,2.5967313580468176e-07,2
3.0008680648017323e-07,1.059417400416142e-14,0.9999995807248494,1.1918827894706885e-07,2
1.119414075336511e-06,2.5326967523666548e-14,0.9999987305044542,1.5008061211260498e-07,2
3.09014290734473e-07,1.36141862170592e-14,0.9999994232422822,2.6774292848944165e-07,2
3.66242378367e-07,7.467442092282284e-13,0.9999995273539051,1.0640227963902608e-07,2
0.00016553249476421828,1.8152757520975352e-12,0.9998334982487729,9.692549749389616e-07,2
0.0001446785682988883,6.776486655675574e-11,0.9998545399968847,7.813677824681417e-07,2
0.00012385540639740187,1.3386765419546774e-11,0.9998736748182369,2.46976202841669e-06,2
6.705783032447185e-05,3.151219511785889e-11,0.9999325268808597,4.152574065666278e-07,2
5.287082686268155e-05,3.709560685787869e-11,0.9999466750735451,4.540627182670311e-07,2
0.00013460484446294868,3.364068174906258e-11,0.9998649300929012,4.650288909650988e-07,2
0.00014035911123327297,5.00672541376634e-11,0.9998583427212665,1.2981176037792806e-06,2
0.000345776359882095,2.1152676012105712e-10,0.999652884486713,1.3389417197769425e-06,2
0.0006587045041263539,1.6860264273973403e-09,0.9993406026402605,6.911700163740537e-07,2
0.0016270255448765727,5.7136030028312e-09,0.998367514367457,5.45437386901103e-06,2
0.008077442909319731,1.1872330276786886e-08,0.9918820873716101,4.0457847259768673e-05,2
0.0461591678860706,1.0132665325345896e-07,0.9538268299696069,1.3900818555783435e-05,2
0.10737985612392391,5.232932639415877e-07,0.8926081285504466,1.1492032954877926e-05,2
0.15215933696614894,5.866359818290414e-07,0.8477921777770819,4.7898620291280106e-05,2
0.1971405731773087,1.2129129805471536e-06,0.8028379618509157,2.025205792114734e-05,2
0.23829367376454935,2.596090338013708e-06,0.7616921611077067,1.1569036999249925e-05,2
0.2827776431807901,1.080224240532072e-06,0.7171317424949285,8.953409944887729e-05,2
0.3514220414098725,9.263589932315282e-07,0.6482861422103412,0.0002908900206154517,2
0.503927399751095,2.1085736254625113e-06,0.49588210027323126,0.0001883914027680707,2
0.7416535663581523,6.816446703236083e-07,0.2574534441435706,0.0008923078531183523,0
0.917834789222496,3.2348280110540297e-06,0.081891211668568,0.000270764281800422,0
0.983821738928489,1.6074475660205077e-05,0.016132121548355995,3.0065048275354737e-05,0
0.9961344025750811,0.0003793720992363931,0.0030722910789015923,0.0004139342464705854,0
0.9549806279504938,0.005885987379204196,0.0004852469124333993,0.03864813775708534,0
0.8622382331555365,0.09620832552748598,8.442259207423232e-05,0.04146901872429704,0
0.6458445611026714,0.31807607696126317,2.5820764670635097e-05,0.036053541171197724,1
0.4493010247423018,0.5356825914307761,1.3196173632841812e-05,0.0150031876533104,1
0.2918992107410006,0.6932141667347012,5.199294611982554e-06,0.014881423230482454,1
0.14199694145481973,0.8504163816360988,3.3456355500503457e-06,0.007583331273947811,1
0.04891639123584833,0.9468158286974874,1.4254986567713463e-06,0.004266354567106539,1
0.008230095508785753,0.9836770073505865,4.328673558148195e-07,0.00809246427411856,1
0.003209620622712146,0.9880641991094806,3.498981196329185e-07,0.008725830369766917,1
0.0005746163941377798,0.9688056963303002,1.0001081077350795e-08,0.03061967727452892,1
5.925845931083914e-05,0.9951232554766831,8.685119449587026e-09,0.00481747737866699,1
1.2177512589406898e-05,0.9913839642080559,2.0238322211919813e-09,0.00860385625577246,1
2.1080149370163656e-05,0.9873189996517924,8.545337347453073e-09,0.012659911652804272,1
5.6603350471977936e-05,0.9447517190136481,2.0348957348497024e-08,0.05519165728690901,1
0.00042756797115688257,0.8121759871674187,2.4505436833938936e-08,0.18739642035522472,1
0.0004749580579324629,0.929041079215058,1.6771963612986238e-07,0.0704837950076544,1
5.4511716226497605e-05,0.9624283705484404,1.2423775115362189e-08,0.03751710531180925,1
8.037494704295896e-05,0.9893343985646426,3.0527943238715014e-09,0.010585223434752955,1
1.0345031521066371e-05,0.9982118409349227,1.6711957127115962e-09,0.0017778123622946074,1
7.684786894384519e-05,0.9898985583852853,5.709042347022975e-10,0.010024593174914281,1
3.1057878914448285e-05,0.9958159088148738,8.085399490667033e-09,0.004153025220237532,1
2.806532452630498e-05,0.9577678011249531,1.3710087351303575e-09,0.04220413218003212,1
2.153152284452235e-05,0.9793270590737541,3.8748968987214195e-08,0.020651370654117162,1
3.404826261305121e-05,0.9212073878712169,7.504428478842677e-09,0.07875855636182123,1
0.0001453745164526167,0.9020273757132291,2.341714321034512e-07,0.09782701559940324,1
5.9218891582324125e-05,0.07193324900290941,3.452654497180969e-08,0.9280074975791578,3
4.653669007559964e-05,0.1531735016257385,1.3368818623765427e-07,0.8467798279964611,3
1.894616498926048e-05,0.6683271377878425,4.3236341611276676e-08,0.331653872810509,1
2.135082757343552e-05,0.9333809488058227,6.541948744091203e-08,0.06659763494668945,1
5.329037916308686e-05,0.9445959285376839,4.81212469626096e-09,0.055350776270953306,1
9.927980038564954e-05,0.9873062445481021,1.4179010569013302e-08,0.01259446147221306,1
0.00015899188205881017,0.9955362022771104,1.7128842357572186e-08,0.00430478871276363,1
0.0006012641686289842,0.9864312450393967,5.051055425649142e-08,0.012967440282041087,1
0.0006576320121136768,0.933553299606807,1.7741781236609784e-07,0.06578889096343517,1
0.00025192378791694315,0.8689860818461609,2.4028557539050334e-07,0.1307617540806531,1
5.791745993058399e-07,0.34326694975295896,6.097391482578601e-10,0.6567324704619908,3
6.279327569801529e-06,0.9323263207087709,4.923388785424667e-09,0.06766739503972706,1
9.097846581310934e-07,0.9902054086762966,1.8828715734575238e-10,0.00979368135134832,1
3.1131426851484004e-07,0.9974553062294242,4.5379862509707744e-11,0.0025443824100442156,1
1.0414173988005386e-09,0.9973643595037247,1.4150945762020138e-12,0.0026356394528100546,1
8.660757522446837e-09,0.9970859652136929,1.402648121264121e-11,0.002914026110766324,1
2.259265082069394e-07,0.9850585535812553,3.1306802107161784e-12,0.014941220489631172,1
3.9709997068146837e-08,0.9987624470911965,1.0300668477420855e-11,0.0012375131887890044,1
5.1334772017789336e-08,0.9988309782192033,1.5210522108803413e-12,0.0011689704447962698,1
1.0372569386119753e-07,0.9989828069595198,3.5429582002444673e-12,0.0010170893115627158,1
1.7687673533210161e-06,0.9981307862034784,5.6362881815093994e-11,0.001867444973678897,1
1.689102848242099e-05,0.986147179635136,5.081497032684563e-10,0.013835928827378089,1
0.0009476633272051719,0.9795567043626333,3.5644655134549005e-07,0.019495275864489157,1
0.12025681263537706,0.8270568661738845,3.5942476208956537e-06,0.05268272694276138,1
0.4799124723175832,0.4973963051342704,1.9970777076779128e-05,0.022671251771342,0
0.7841617271476304,0.13651326008429351,5.559169452112956e-05,0.07926942107435454,0
0.9601630192217985,0.0124709865366052,7.548972621698666e-05,0.027290504514738106,0
0.99543636066752,0.0030450727552537448,4.783886524289851e-05,0.001470727711658122,0
0.999570818238086,0.00029539948937637965,0.00010331234890167593,3.0469922932331216e-05,0
0.9995319828032295,0.0002671603026412223,0.0001226823886280895,7.817450475670685e-05,0
0.9964188722258247,0.0032833848784014005,6.77518607712044e-05,0.00022999103463959255,0
0.9479541761082771,0.04923199569811569,6.003310819180085e-05,0.0027537950848922636,0
0.8855895662678014,0.10778172818092964,5.3075651800181166e-05,0.006575629899107911,0
0.8027526914701629,0.16296113680993163,5.0080061650639544e-05,0.03423609165827352,0
0.6166642753028952,0.3267601390596719,0.00019772918021155377,0.05637785645767526,0
0.0020800874835511032,0.3941862982420722,8.33782560017468e-06,0.603725276448176,3
3.1731059217081145e-07,0.12623080058731376,2.378242896830312e-11,0.8737688820787158,3
6.750933249780511e-07,0.9657232395568675,6.289566508367746e-10,0.03427608472073157,1
1.3404681164313636e-08,0.9965789135426302,1.0894436540662497e-11,0.0034210730419620746,1
2.1667322684503855e-09,0.9986375259515305,8.004511477802422e-13,0.0013624718813989181,1
3.769254304024638e-10,0.9990142932818069,3.6672284647111307e-13,0.0009857063404258752,1
9.159666207535583e-11,0.9964017508352156,4.253263349809023e-13,0.003598249072172678,1
7.690064567020969e-11,0.9956304362777358,1.9190452978650877e-13,0.004369563645571776,1
1.678704769946197e-08,0.9983598670205976,3.1794964122066464e-12,0.0016401161884668958,1
4.994062505172311e-09,0.9988285107733614,6.016011044948731e-13,0.0011714842315982117,1
6.78411378512896e-09,0.9991213373602338,2.319437378428885e-13,0.0008786558555215002,1
2.1441605423168963e-08,0.9992047819036998,7.539899599888595e-13,0.000795196653871105,1
2.579704805112264e-05,0.9990910340513306,2.3235694074393047e-10,0.0008831686678839651,1
0.000628568382840094,0.9971686692147291,3.616237973920966e-09,0.0022027587852957824,1
0.002297359963326071,0.9955845296598664,4.492159178997873e-08,0.0021180654547391688,1
0.005298594006432501,0.9914973378497628,1.3792539953879422e-07,0.003203930218515065,1
0.01191975487611774,0.9853050434376953,4.2444191318145125e-07,0.002774777244006273,1
0.02572893816333314,0.9681387980953379,7.336089985259328e-07,0.006131530132828004,1
0.047376634772015536,0.939741293870966,1.7528111692737131e-06,0.0128803185457971,1
0.07591658023711194,0.9184671168277727,2.790909675677599e-06,0.005613512026271517,1
0.09865407454709994,0.8509024773963089,7.160621506312233e-06,0.05043628743531113,1
0.09955945373473651,2.9241079797971687e-05,4.721097370494306e-05,0.900364094210933,3
0.9126852970712591,0.004198017153867753,0.00030896715028235036,0.08280771862542705,0
0.9936505448841482,0.0025884869741849,7.672173918363174e-05,0.0036842464020049584,0
0.9989493013200691,0.0007566102987177448,4.9959437210246835e-05,0.00024412894425700498,0
0.9997712414691394,0.00016387541978887522,3.659336651932998e-05,2.8289744248903445e-05,0
0.9998284183664546,2.0611041532242045e-05,0.00014125940697888324,9.711185862052805e-06,0
0.999173425485658,6.607423489230024e-06,0.0007763059135537996,4.366117816728333e-05,0
0.9980097834045174,8.185237791849686e-06,0.0019682561567387177,1.3775201096925512e-05,0
0.9968303229224689,8.9932843422586e-06,0.0031291243549985727,3.155943798756572e-05,0
0.9973220088141794,8.475494799112323e-06,0.0026573872820587056,1.2128408989214067e-05,0
0.9977358701213074,7.803514792552043e-06,0.0022338171292893816,2.2509234779562867e-05,0
0.998020784700659,9.116988142858025e-06,0.00195745587088554,1.2642440756894046e-05,0
0.9987113049717634,9.119319831880025e-06,0.0012647322818833012,1.4843426753302704e-05,0
0.9993505233400511,7.113844195580908e-06,0.000627406684839836,1.4956130441669055e-05,0
0.999658236615986,8.541584330408853e-06,0.0003240879641014439,9.133836287196869e-06,0
0.9995653887124787,9.668075223150572e-06,0.0004141284406933916,1.0814771983992e-05,0
0.9987785599240893,1.0637291670585147e-05,0.001202395781650924,8.40700193596836e-06,0
0.9908106390275936,5.323288380409124e-06,0.009169999308236846,1.4038376205342456e-05,0
0.9560667911883045,8.340247216037368e-06,0.04389895928015891,2.590928514373775e-05,0
0.7714371468170099,1.0872373990125462e-06,0.22849411939473654,6.764654996791718e-05,0
0.05346440269975043,6.507127556350984e-07,0.9464221653642152,0.00011278122251532213,2
0.020334831274076152,8.236476445239015e-07,0.9796535156776981,1.0829401212931008e-05,2
0.007987742471888227,1.7437144556885988e-07,0.9917938755857977,0.000218207571629077,2
0.02070838172871801,4.7593130449818573e-07,0.9792701784185471,2.096392118099163e-05,2
0.02819336339938147,3.949324373780057e-06,0.9717257520812563,7.693519541011893e-05,2
0.03346477567084875,0.00010478473196913738,0.9635629171432071,0.0028675224535683846,2
0.014772883183324459,2.696849744809404e-05,0.8686348087239831,0.1165653395947534,2
0.04328200210512361,5.5159136858900804e-05,0.6224288175605109,0.3342340211980445,2
4.8010762624815845e-09,1.5202082005251951e-18,0.04774095075848489,0.9522590444403061,3
0.014050104077503619,7.255920230270758e-05,0.9695814086875016,0.016295928033449557,2
7.188467572488275e-05,6.073790958018514e-10,0.9931620225447079,0.006766092172576831,2
1.0079909242000164e-05,1.4897424975722108e-10,0.9997864035152212,0.00020351642595860256,2
1.0419306156393279e-06,1.8896262799888685e-10,0.9999981462386942,8.116424693367568e-07,2
8.459241582364868e-06,5.0673698097328036e-11,0.999990286578277,1.2541292939687106e-06,2
3.3727957116341827e-07,6.207981049718368e-15,0.9999508738044959,4.878891618739542e-05,2
1.3485394975799716e-06,1.9149161374787694e-11,0.9999982566020398,3.948396996158327e-07,2
2.8202414947032097e-07,6.609844560740799e-14,0.9999990576329657,6.603431366006315e-07,2
1.9702444291002225e-06,4.2469856576246483e-13,0.9999978714936248,1.5826187375139563e-07,2
6.137977120674384e-06,1.5161014701831975e-13,0.9999935335845184,3.284385014603442e-07,2
1.3465944774508326e-06,5.983228978999969e-13,0.9999981577601519,4.956448832218763e-07,2
8.73793828048039e-08,1.941630542996478e-14,0.9999985898021744,1.3228175449873507e-06,2
1.359605278614453e-07,2.2277791352434577e-12,0.9999997077612052,1.562762682240985e-07,2
4.6121344593191775e-08,1.2536008245089853e-15,0.9999947656406789,5.188238444506802e-06,2
5.509721849818695e-08,8.14429194599192e-13,0.9999997373652495,2.0753686616156497e-07,2
1.9053163635012573e-06,2.2116102444830093e-12,0.9999976876924297,4.069884647734282e-07,2
0.00035105576500715356,1.8267936123416888e-09,0.9996318668984592,1.7075510160700602e-05,2
0.006124696490224064,1.4239238891065325e-08,0.9923065108009935,0.0015687784691946715,2
0.16166156714921145,5.427560216095941e-06,0.8380398624885128,0.0002931428026774877,2
0.5448810160854416,3.7114715307015404e-06,0.4549669317466798,0.0001483406960994461,0
0.8116547513336234,6.98266682928248e-05,0.18784369438868573,0.00043172760855055204,0
0.9105525461335781,0.001501850140246782,0.06624157227968776,0.02170403144596287,0
0.8806450313796675,0.08064772444895565,0.005802485366185841,0.03290475880590732,0
0.7740224257913909,0.2136644754101747,0.00028457744871267796,0.01202852134903375,0
0.4776562187089032,0.48797576132775244,1.3349366804602326e-05,0.034354670596146705,1
0.23840269042960255,0.7491195931564046,2.0074152502989066e-05,0.012457642261936684,1
0.10051596612007319,0.8320004049611306,7.454687752724483e-06,0.06747617423107691,1
0.049188430090867194,0.9397500688472696,1.0464685024038377e-06,0.011060454593523436,1
0.008173856052209487,0.9836887841836435,7.983836658258697e-08,0.008137279926336227,1
0.0009407703893546469,0.9974884049185679,2.8753441208796683e-08,0.0015707959391353802,1
3.465572617636828e-05,0.9955464359406796,9.356070498994867e-09,0.004418898977336194,1
2.4210660311361636e-06,0.9711700525620839,2.229513331617326e-09,0.02882752414277684,1
4.0858915443389585e-08,0.5650210508178649,1.4792908727017414e-10,0.4349789081755457,1
4.770922195338569e-07,0.5579986301600679,2.1908406736278956e-08,0.4420008708392326,1
2.8029375451895936e-11,0.009144644702775106,2.1683999896660406e-12,0.9908553552668927,3
7.509007048341937e-06,0.2603843323076436,2.0735512044718427e-08,0.7396081379493116,3
1.5478631736928995e-08,0.9003199098413215,1.1734763443703618e-10,0.09968007456201429,1
1.8173808988565266e-12,0.9956507538645968,6.13300105567795e-13,0.004349246132295172,1
1.3366793990078715e-12,0.9991146620576771,8.218576999041951e-14,0.0008853379402393761,1
1.0736885357706255e-12,0.9976453901130166,8.217817119287161e-14,0.0023546098867264034,1
5.799340961392772e-16,0.9907182586403727,2.1196361665033023e-14,0.009281741359408945,1
5.706710880938129e-15,0.9922347364916312,5.957060613228988e-13,0.0077652635068863555,1
1.4108627021918979e-15,0.8910032042657619,7.313217191739e-15,0.10899679573503677,1
4.643283680249772e-16,0.9507948970165773,4.265555532865493e-14,0.049205102984123276,1
4.226878157118764e-18,0.9956607647219569,8.592659656950496e-15,0.004339235277599504,1
5.119841430170361e-19,0.9984963515585696,8.468523990506538e-16,0.0015036484422161155,1
3.2992429721022836e-19,0.9977105588742609,3.5814142447522303e-16,0.0022894411255931844,1
2.189858959469972e-18,0.9953170192919517,3.396973461754219e-16,0.004682980708947558,1
2.7279485772826117e-12,0.9989612213714429,1.2281071822620562e-13,0.0010387786257154052,1
8.727081136208481e-12,0.9983804975724281,1.4132293521063677e-14,0.0016195024192922917,1
1.966719516868659e-11,0.9991967140541343,2.8952841698019885e-14,0.0008032859268914913,1
2.025708826121023e-09,0.9991940329436784,2.696574274716069e-13,0.0008059650305317005,1
1.7301887204822862e-08,0.9985010727538282,7.588738957687004e-13,0.0014989099433095699,1
3.539678239185113e-07,0.9981850073772128,1.9183261206088813e-11,0.001814638636493376,1
3.9433918458141107e-07,0.9930982776964521,8.254409233269884e-11,0.006901327882640999,1
3.2531145862314712e-06,0.9842890841419937,2.2973044225707478e-10,0.01570766251382866,1
5.46481004995026e-09,0.9881518184335629,5.84183387281208e-12,0.011848176094889515,1
5.379278015617009e-09,0.9981794154407555,1.0563218952411116e-11,0.0018205791696404604,1
2.6214957105984666e-09,0.9955219924976675,1.1361470146360102e-12,0.004478004879321742,1
6.853247901120558e-09,0.9956966093968351,5.6382358608946024e-11,0.004303383693568919,1
9.1373013553899e-08,0.9339256326082659,3.996815381336128e-10,0.06607427561881803,1
8.067263084424607e-12,0.023539590313854386,6.120955188879287e-13,0.9764604096769078,3
9.271240667334857e-11,0.14623578443234841,2.318696470941929e-09,0.8537642131563212,3
3.466586438893793e-07,0.1489298439222847,2.550457544165002e-08,0.8510697839144613,3
5.403639352833731e-09,0.001328672185300063,5.340399606048802e-12,0.998671322405007,3
7.769169194908651e-07,0.933243421914814,1.789795738079372e-09,0.06675579937768526,1
2.1563414573596883e-07,0.9933134188095367,4.377995296221396e-10,0.00668636511803097,1
4.3357558589523895e-08,0.9939562782549035,5.7605533793081825e-11,0.006043678329841857,1
7.313957635839947e-08,0.9850690043908898,2.4094753055848013e-10,0.014930922229041053,1
5.563072888094404e-07,0.9410921636018155,3.5766345509819007e-09,0.058907276513607,1
1.520667185726254e-07,0.2747395075015676,4.274324338106187e-11,0.7252603403896525,3
3.438034414164366e-06,0.5614352501410398,7.084486228712418e-08,0.4385612409790599,3
3.5172820693136214e-06,0.5207296188314168,6.989241239746672e-08,0.4792667939935109,3
1.4528890103330648e-06,0.14899860933584422,1.3616310264781674e-08,0.8509999241580499,3
0.00018076862921832123,0.49222026029821225,8.397574950506389e-07,0.5075981313157365,3
2.0883720131336354e-05,0.35091597436486854,1.941759548023234e-07,0.6490629477396943,3
2.3814694102365725e-09,0.0014283587813188165,1.6785017020158318e-09,0.9985716371595396,3
3.140192741790426e-08,1.6828127861359676e-05,8.16849785443524e-09,0.9999831323024572,3
5.694730207133308e-06,0.009565053465120975,4.199153857085231e-08,0.9904292098132627,3
0.0026489569645112864,0.8820847392177396,1.713380849652802e-06,0.11526459043725011,1
0.0076058883570040625,0.9579539879783079,1.5822327276604628e-06,0.034438541432161504,1
0.01423524532157734,0.9606936413253604,1.8917975369574028e-06,0.02506922155478277,1
0.02486322879650092,0.9330759720596706,2.0037516514899643e-06,0.04205879539244477,1
0.044783829273093975,0.8859517548450266,2.1406728655692136e-06,0.06926227520835461,1
0.10691201639467417,0.8672300149629316,8.888298613654078e-06,0.02584908034391594,1
0.17249333849385912,0.7384864163147472,9.86528017763899e-06,0.089010379910481,1
0.2542132700387575,0.042912055800602464,8.995501378527327e-06,0.7028656786594881,3
0.4034027764128766,0.007295463955869831,3.653270932519513e-05,0.5892652269211723,3
0.8923607243909085,0.050446475609437214,0.00013675872838240884,0.057056041271759866,0
0.9623966055336824,0.018033849476050873,2.9569525288081127e-05,0.01953997546584842,0
0.985591376127417,0.01045049086234043,3.0669389684692786e-05,0.003927463620220982,0
0.9959604144972852,0.003770049904548766,3.914262995513338e-05,0.00023039296852528702,0
0.9961453397979658,0.0017382555841822657,9.979094231953655e-05,0.002016613676204789,0
0.9805662336214566,5.310697061906481e-06,0.0006777376748154769,0.01875071800628515,0
0.9901774393794067,8.019642071337755e-06,0.0007291898702697058,0.009085351108055683,0
0.9975944802451797,3.924038766573981e-05,0.0002662905886990674,0.0020999887777843934,0
0.9994491594344445,0.00042434185082269784,5.0129478183626336e-05,7.63692372922993e-05,0
0.9978347342788885,0.002009865981371867,3.903551369895337e-05,0.0001163642253950559,0
0.9867392817445994,0.009313011706521495,7.116088264633988e-05,0.003876545665773744,0
0.9096534703813626,0.042292983629408594,0.00014061154932637582,0.04791293443931815,0
0.7051030011486589,0.08738683357075942,0.00012746100383831692,0.20738270427603,0
0.3701561392534883,0.34147227782209444,0.00012500546800075493,0.28824657745551807,0
0.01873580627419717,0.2557539809194154,2.6816334058216192e-06,0.725507531173565,3
0.0009375886927235699,0.6471478920552252,1.0661369439578054e-07,0.35191441263840934,1
0.0005036876229807324,0.9458581256910972,1.827122236750876e-07,0.05363800397394885,1
0.0005204659858960373,0.9790998299973207,2.1149864664698562e-07,0.020379492518930845,1
0.0004428695948659513,0.9236748126396774,2.2078269000640088e-07,0.07588209698340789,1
0.0013874949468681728,0.1414310974549347,1.8226862472122266e-07,0.8571812253289218,3
0.009217909596119055,0.0017340320068526991,5.86342681145071e-06,0.9890421949698749,3
0.5158839075476372,0.06756341015245369,0.00010775871233142432,0.41644492358789525,0
0.9023120004746238,0.07661320869415643,9.823880381280163e-05,0.020976552027809757,0
0.9415511178860821,0.051696036059716864,5.66674039782464e-05,0.0066961786499224185,0
0.9238676459340646,0.01906761601062852,9.80048397372837e-05,0.056966733216084135,0
0.7641661559262711,4.438537282850537e-08,0.0008281370273487711,0.23500566266045655,0
0.9886198652543267,0.0003883653529958649,0.0002247099502980078,0.010767059442224697,0
0.9995152608689722,4.341205320294103e-05,0.0001910882087928065,0.0002502388688345381,0
0.9997531150550725,1.6793227767876777e-05,0.00020379122821018904,2.6300489598841624e-05,0
0.9990057882154975,7.355130958174442e-07,0.0002787644281032963,0.0007147118433566041,0
0.999852607778235,1.2726871457416319e-05,0.00011969066290969041,1.4974687267539829e-05,0
0.9998251544207336,2.9415911352507656e-05,7.024150716891039e-05,7.518816144175329e-05,0
0.9971807757183423,8.269987971183611e-05,0.0001059330610296803,0.002630591341818253,0
0.9585658022272151,3.2448356431540173e-07,0.00011390665451487085,0.04131996663478587,0
0.9985253631913199,8.324618094887703e-05,0.0001146285276673425,0.0012767620995439806,0
0.99961952947128,9.871299137555164e-06,0.00013629602194538192,0.00023430320741964266,0
0.9998198395696791,5.453156381004073e-06,0.00011342658022790783,6.128069281557476e-05,0
0.9998663628492999,6.610465595471955e-06,0.00011062370489077256,1.6402979826061727e-05,0
0.999407133639003,1.690507456478506e-05,0.00048673523758936774,8.922604915005008e-05,0
0.993190974185265,4.4749554289824896e-05,0.0030597863058150656,0.0037044899540686045,0
0.9675857103024749,3.6996533865066825e-08,0.01809296166871467,0.01432129103156962,0
0.951766861950229,9.610131056043131e-05,0.0477498651109438,0.000387171627669989,0
0.8679448649100193,0.00024992111407869545,0.13020604805058505,0.0015991659246759613,0
0.7109426314118651,2.4787333710099464e-06,0.22917833868053766,0.05987655117406548,0
0.7098891353634771,9.163891016005863e-05,0.2264766636276782,0.0635425620989644,0
0.7845598207591241,5.132868647043347e-06,0.1247041217535633,0.09073092461946752,0
0.9402121870428853,0.000869587503349776,0.026525671206803984,0.032392554246558035,0
0.9276161077200925,3.1099107999184646e-08,0.009061675431190538,0.06332218574939949,0
0.9962661790740149,0.00016028430463261195,0.0014066168973244724,0.0021669197237740765,0
0.9969798242002227,4.1198788020767096e-05,7.434202457670604e-05,0.0029046349869520263,0
0.9998192091180712,2.4681637959127525e-05,0.0001046819784019009,5.14272661049206e-05,0
0.9996027920244576,9.360899497064967e-06,0.00026047309104542527,0.00012737398576438257,0
0.9984844818788517,5.6543961659006e-07,0.0007698357562781646,0.0007451169258064812,0
0.9976264462607098,1.0883847414071711e-06,0.0011723160399876179,0.0012001493145089204,0
0.9985326602751669,9.369648123847556e-06,0.0014339710565200337,2.3999019638537743e-05,0
0.9968040136009277,4.235553846568727e-06,0.003026697239110541,0.00016505360643166283,0
0.9970480677111156,2.3417207329010192e-06,0.0028957851825015435,5.380538487419852e-05,0
0.9971416328145526,8.745659011814084e-07,0.0026999444666153676,0.0001575481520503588,0
0.9984941914043236,7.609493777359154e-06,0.001484845658720413,1.3353443413945705e-05,0
0.9982535431839703,6.317406142717367e-06,0.0017245557747658606,1.5583635106117772e-05,0
0.9968433929863681,6.381510568252158e-06,0.0031304188677684155,1.9806635340501732e-05,0
0.9876794782878368,5.864663873144939e-06,0.012280389412020714,3.426763626760691e-05,0
0.9432227545186284,8.59481719277178e-06,0.0567461791731684,2.24714915842665e-05,0
0.8474907739797972,5.52411045036367e-06,0.15246352247609726,4.017943327671585e-05,0
0.6218168289384507,4.587060173170964e-06,0.37809234126962704,8.624273248299538e-05,0
0.32488137259950817,7.631354145863302e-05,0.6743882483655733,0.0006540654929905084,2
0.013329303503762761,2.8791745166107957e-10,0.9600343586715915,0.02663633753606404,2
0.002479581082267546,6.267679578509891e-08,0.997024449881251,0.0004959063599787058,2
4.400588639707922e-05,3.0762147095411003e-10,0.9999516128056677,4.380999629550011e-06,2
1.2600506964784343e-05,4.009718365744912e-12,0.9999871082649119,2.912235365594254e-07,2
1.0303025165706713e-05,8.817515629531884e-13,0.999989294318774,4.026547163226643e-07,2
2.5723518979077843e-05,3.951633100340459e-12,0.9999735348911207,7.415859570980633e-07,2
3.483153817248211e-08,1.227033476422079e-14,0.999996574526859,3.3906413929803144e-06,2
2.0195619528081755e-07,6.347124430462672e-13,0.9999996772622192,1.2078093441184147e-07,2
1.5961409510603623e-07,4.574148120756933e-15,0.9999995599738272,2.8041247643746715e-07,2
8.697497783517756e-08,1.6043119235807407e-14,0.9999996436909622,2.693331454810638e-07,2
2.454935537379218e-07,1.4043901962064148e-14,0.9999996042771145,1.5022968342378695e-07,2
1.6243408191479335e-06,5.36950108335909e-15,0.9999982770419883,9.861668648740904e-08,2
1.5642448957673818e-10,4.627031363488856e-16,0.9999999681094783,3.173353323278678e-08,2
2.9373234448217825e-10,1.5558043443007945e-16,0.9999999657411541,3.3964372810412317e-08,2
7.363109911731329e-09,6.494293719764331e-15,0.9999999471165225,4.552050286660799e-08,2
3.939765441317309e-07,4.970655529995301e-15,0.9999988168117576,7.892109639744053e-07,2
5.4694659384085854e-08,3.4307035545698176e-13,0.9999995618510235,3.834534190684724e-07,2
1.100614443784641e-06,8.761351446146609e-15,0.9999971605342876,1.738851174236111e-06,2
9.546470994341407e-09,4.819569871823369e-14,0.999999900939661,8.951314907758357e-08,2
2.8760206868586306e-08,8.449312095666002e-16,0.9999998572329889,1.1400745458241068e-07,2
1.1687714764476783e-07,5.743159699369298e-15,0.9999998159492122,6.717372495988706e-08,2
3.038498264547081e-07,1.0589433612708532e-14,0.9999996176594144,7.849004936453213e-08,2
2.6756585345725326e-07,1.198532562687615e-13,0.99999945962205,2.728111636358253e-07,2
7.969467553820071e-05,9.83057199342644e-12,0.9999200387239573,2.665910317609801e-07,2
0.00023964271143254447,4.522109487634014e-11,0.9997597463516169,6.108918201458343e-07,2
0.00012774735588661846,4.323027755425648e-10,0.9998719381607537,3.1405099711637036e-07,2
0.0005567364838770676,2.2592961703117838e-09,0.9994422036078565,1.0576481422434027e-06,2
0.0018074392894997428,3.4635047556330637e-09,0.9981281806328541,6.437661379169451e-05,2
0.011577407465260987,2.0293024404239314e-07,0.9884131511687857,9.238435752480559e-06,2
0.043408639828420886,7.901955097136384e-08,0.9565846965404506,6.584612204910668e-06,2
0.062064831519300916,1.829933418986528e-07,0.9379178453293454,1.7140158324201373e-05,2
0.06302957699702467,1.326885836230501e-07,0.9369436618817327,2.6628431782413328e-05,2
0.054441035328235514,2.3841410826881935e-07,0.9455538357238652,4.890533787936951e-06,2
0.0281710820764125,8.653387541216247e-08,0.9718117761461913,1.705524365400425e-05,2
0.007518796125808318,1.0949111583710714e-08,0.9924774593982104,3.7335273403888466e-06,2
0.002363808398372064,8.959375949792178e-09,0.9976354282957137,7.543463157367283e-07,2
0.0004976394619623456,4.784832434487368e-10,0.9994999264865522,2.4335732324452875e-06,2
0.00020911555681683638,1.8673157025985458e-10,0.9997904970468617,3.872090617176502e-07,2
1.705434516692809e-05,3.6271531750098883e-10,0.9999819159927843,1.0293001437822921e-06,2
0.0012918432860160233,1.1786752595074477e-09,0.9987051844745859,2.9710611589122923e-06,2
0.016569523672491,3.031552163900605e-08,0.9834224093867825,8.036625451069622e-06,2
0.06733373093854954,7.698091524574435e-07,0.9324607244265436,0.00020477482660845707,2
0.21454636426516407,2.2168449509468024e-07,0.777245501502594,0.008207912547749413,2
0.6766691025431595,1.60878929849972e-05,0.3229348304143585,0.00037997914908385725,0
0.8795804211752795,4.965223077003631e-06,0.12037657246612837,3.8041135849569845e-05,0
0.9651495251460536,3.184701848799529e-06,0.03481156588359898,3.5724268586055495e-05,0
0.9895658862869672,4.155907933026319e-06,0.0103842590110472,4.569879428998715e-05,0
0.9977679810975582,1.0076413849983783e-05,0.0022099431299624057,1.199935902783795e-05,0
0.9992262013221216,7.681873703066541e-06,0.0007547058288183121,1.1410976068146166e-05,0
0.9992660448670184,8.90649801664878e-06,0.0006895598624396557,3.548877329242386e-05,0
0.9997362005563601,1.0028470425516022e-05,0.0002463699480406903,7.401024862909805e-06,0
0.9998449675411226,9.08979566790582e-06,0.00013833534857752672,7.60731381903733e-06,0
0.9998618544183202,8.79347248636585e-06,0.00011809729360910908,1.1254815756283698e-05,0
0.9998578547611185,1.1429729204881001e-05,0.00012143069856525852,9.284810884595105e-06,0
0.9997935110200615,1.0039534665138636e-05,0.00018905126973600182,7.398174959932356e-06,0
0.9996019133637353,2.228660246802064e-06,0.0003308582832272285,6.499969365830828e-05,0
0.9998244915352476,8.441726814281582e-06,0.00015710926205911085,9.957475710584068e-06,0
0.9998727843211861,1.0111267012254263e-05,0.00010363643499510845,1.3467977252898972e-05,0
0.9999077983228231,1.2014177787639339e-05,7.01117385701477e-05,1.0075761370176597e-05,0
0.999915765148232,3.033193910609062e-05,4.139816925363226e-05,1.25047439771549e-05,0
0.9999218335753335,2.9623936113608807e-05,3.46291156825995e-05,1.3913373462879413e-05,0
0.9999086115128747,3.5555723188985836e-05,3.154458482655194e-05,2.428817932127933e-05,0
0.9999134097526949,2.7289112137468306e-05,4.817104863658649e-05,1.1130086910453806e-05,0
0.9998065410582188,0.00010630208347589945,4.921606848364962e-05,3.7940790031223444e-05,0
0.9992158281744897,0.0006779556247668791,3.769643300406132e-05,6.851976694116879e-05,0
0.9934237639763414,0.00569163108504894,4.979143352360486e-05,0.000834813504655727,0
0.9556104229876157,0.0417098135472957,4.986450851376969e-05,0.002629898956962027,0
0.8148264542965454,0.1257890946820185,3.081336105571118e-05,0.05935363765953133,0
0.37676845456983654,0.5925087821771403,5.6590149615488e-06,0.030717104237360793,1
0.1168092500231446,0.8757449348475141,8.670328221828881e-07,0.0074449480960788374,1
0.0037767345588848584,0.9933089058421792,5.736746325741944e-08,0.002914302231694312,1
0.00012970459376764873,0.9985944406805409,8.17642205603204e-09,0.0012758465486801707,1
1.3546588601322349e-05,0.9942393619901096,2.5645428704684213e-10,0.005747091165262346,1
1.0873507522349985e-06,0.9967941778009755,5.845436342702408e-10,0.003204734263773908,1
6.174110187615574e-07,0.9562664732421277,3.199600033583648e-11,0.043732909315559336,1
4.2514080192756683e-07,0.9877020742668744,5.050110067001071e-11,0.012297500541064082,1
1.9329855053556562e-07,0.9985909759138223,4.703369409189924e-11,0.001408830739971486,1
1.04269160692746e-09,0.9972191912882409,7.758478157438798e-12,0.0027808076604862856,1
2.678013990757489e-09,0.9635204088389915,8.342660748217555e-13,0.036479588481673354,1
3.339412397213164e-06,0.9931633457431728,3.129133354101007e-09,0.00683331171520645,1
0.00023543475374795234,0.9952849640592708,4.219835379480678e-09,0.0044795969663502105,1
0.00031768977345323957,0.9981875164559422,4.106884727379654e-09,0.0014947896636354242,1
0.00017237522475637348,0.998584405425252,2.3171045193373494e-09,0.0012432170333283228,1
0.0001238941872344659,0.9987577203162855,1.7152427807843229e-09,0.001118383781576213,1
0.00012273353284262973,0.9979334877323217,1.7465535088503797e-09,0.001943776988985515,1
0.00021508409869797608,0.9973064195655368,3.6113563784207706e-09,0.0024784927238986525,1
0.0002120029912739155,0.9914589597443225,3.8247415494616906e-09,0.008329033440466035,1
0.00017319891396403583,0.9962283237985649,4.939805117137336e-09,0.003598472347042847,1
0.00012183903607348973,0.9987241243567937,1.1034521727538595e-09,0.0011540355035906062,1
2.1160531507469873e-05,0.998224788890666,4.508073842818992e-10,0.0017540501275239112,1
3.816547309650423e-06,0.9953667609293297,3.012478493227761e-10,0.004629422221928927,1
1.184914900705691e-07,0.9869081415592925,1.2929021832572086e-11,0.01309173993693578,1
2.4563538619692592e-08,0.9940477984005212,1.1796274727669982e-11,0.00595217702434505,1
3.2295241647933165e-11,0.9982761966494418,2.9156136883821667e-13,0.00172380331804783,1
6.131731474454787e-11,0.9988362217703424,4.4066604264158693e-13,0.0011637781677178154,1
4.032365631302226e-11,0.9930734665876088,5.218677849598464e-13,0.006926533372252769,1
7.66446373857766e-11,0.9948375109394557,4.424259765504029e-13,0.005162488984109006,1
2.270876038191308e-08,0.9986695418621246,1.6462227424515873e-11,0.0013304354122673939,1
2.730903678951319e-08,0.9952106791293086,5.827383063695401e-12,0.004789293555943164,1
3.458380108472368e-08,0.9924824598574398,2.2187501540409945e-10,0.007517505336887661,1
2.006612108474297e-07,0.9114216825204494,5.074658930006093e-10,0.0885781163111951,1
1.0336810133267904e-07,0.8511690915637172,5.795909133344021e-11,0.1488308050110899,1
9.35600090391264e-09,0.9881358276603662,4.727184602002983e-11,0.011864162936314537,1
1.0432771693931635e-09,0.9969875707496354,2.479331687908006e-12,0.0030124282049663028,1
1.0267717682259275e-09,0.9986697936531959,1.1701992800008654e-12,0.0013302053187933492,1
5.7049235195521344e-11,0.99776982673907,1.4547182952624273e-13,0.0022301732033714167,1
4.560307816753905e-10,0.9985103472853412,1.4663559928532047e-12,0.001489652256314366,1
1.0717821228548833e-09,0.9940544640165111,5.520698196475372e-13,0.005945534910833992,1
7.0665810744469244e-09,0.9979516950663375,2.9207155356509896e-12,0.002048297864101594,1
2.2580292018918204e-09,0.9979372081720329,1.058318972616183e-11,0.0020627895593334092,1
2.5249670845694686e-09,0.9792625630682683,1.6421835623256368e-12,0.020737434404431127,1
4.426324684040374e-10,0.9927342840764792,5.535067192959149e-12,0.007265715475136086,1
7.686109632848194e-10,0.9983723766963858,1.0987172083911822e-12,0.001627622533964689,1
3.073708588120437e-09,0.9989972505634982,3.646143007123365e-13,0.0010027463623028337,1
3.937333281736333e-07,0.9988660313189137,2.809826560123211e-12,0.0011335749448065724,1
2.9176539156525344e-07,0.9987400178101455,1.1721913893805371e-11,0.0012596904129883878,1
4.51307884877517e-08,0.9957422579581331,1.202863028480953e-11,0.0042576968992383574,1
6.337503365416326e-08,0.9879771091271724,8.595967346688305e-12,0.012022827489553462,1
5.692859783384996e-09,0.9964493455230087,2.4476812747890136e-11,0.0035506487601392155,1
1.0164327621997587e-09,0.9886132357796378,1.0827166992581904e-12,0.011386763202632088,1
2.929688489760686e-08,0.9982042556489777,7.73480805051016e-12,0.0017957150469090613,1
1.4436512067837355e-08,0.9991625400186539,7.795485833793177e-13,0.0008374455432075786,1
2.996123212314684e-08,0.9990617776326144,1.8261985151548107e-12,0.0009381924044068021,1
4.4812964798965397e-08,0.9966765403983052,3.4140399634182818e-12,0.003323414786079093,1
1.3332124649236991e-08,0.9914986934237779,3.307633468192723e-11,0.008501293210817384,1
3.08024290584945e-08,0.9877723134266773,3.148905062506742e-11,0.012227655739088688,1
1.1963338193184124e-08,0.9944761193913101,8.217696414121736e-12,0.005523868637166773,1
2.3430096642231028e-08,0.99809101718159,2.637996505268622e-11,0.0019089593628241616,1
6.202310853517955e-08,0.9920578321924773,2.0274330895531606e-11,0.007942105763306607,1
2.9466419135050402e-09,0.9771703304187055,2.2432696696621997e-12,0.02282966663159647,1
1.226330338090034e-09,0.9966200786125303,1.9832651792911295e-11,0.003379920141786443,1
3.160905966789498e-10,0.9913233194526401,2.5053480481105936e-12,0.008676680229586804,1
4.3350882102138473e-10,0.9786478558196979,1.7882050635138802e-11,0.021352143729060514,1
2.9030911228942254e-08,0.9397196331068772,1.6373591735970626e-09,0.06028033622472028,1
1.87917383590632e-08,0.008206696100647663,9.01208910715998e-11,0.9917932850170773,3
8.44393470770993e-15,3.357158484456344e-13,1.6500899795713187e-13,1.0,3
3.498224735316054e-16,1.8731402103227318e-14,4.997829247269538e-15,1.0,3
6.140247664355574e-12,6.488923384678817e-06,2.312525222426364e-10,0.9999935108400222,3
1.1605067341083453e-10,2.6221463477916113e-05,9.710373813819394e-11,0.9999737783236976,3
1.0398946047466945e-11,8.897847347933301e-06,1.4014775444075165e-10,0.9999911020018106,3
1.3848142403073451e-08,0.12183818766664002,7.98120925228427e-09,0.8781617905047795,3
2.4639663059240783e-11,0.004771341865381716,5.028383422949238e-10,0.9952286576064722,3
7.941743941009265e-12,0.004824838261234648,2.2778305126039803e-10,0.9951751615031617,3
8.364658466075425e-17,0.0034715629103549235,9.1560954292197e-13,0.9965284370892526,3
3.2216051535991016e-18,0.0029746421349171647,1.2960621387414208e-13,0.9970253578652665,3
1.000916567436196e-16,0.3452762489674739,1.045906955397265e-12,0.6547237510312449,3
5.974152871589901e-16,0.7674834439623105,8.678241082527815e-12,0.23251655602891166,1
7.997989168507145e-20,0.8433059699840113,6.238735164735741e-13,0.15669403001499546,1
5.651606628453381e-23,0.6036748073860997,4.9800472488125465e-15,0.3963251926140702,1
5.86647999181254e-21,0.8762814636434333,1.6621922001047682e-13,0.12371853635598917,1
1.9839227675385892e-21,0.8587810563839172,1.3085549255168731e-15,0.14121894361656334,1
3.9371790236922406e-20,0.983517871269958,5.987683987483251e-15,0.016482128730921343,1
5.901321220616861e-20,0.9968070220976982,7.303275977867106e-16,0.003192977901960579,1
1.467113264354084e-19,0.9977520348252724,1.4799136415955818e-15,0.0022479651753679426,1
1.4125367629292908e-18,0.9924467866692626,4.030069606332316e-15,0.007553213330803921,1
7.224666416245315e-19,0.9492585378934403,9.466293958495094e-16,0.05074146210680694,1
7.107753251262619e-21,0.9762042964494849,2.440844722355748e-14,0.023795703549886842,1
3.5143877007935084e-15,0.9698307536938305,8.043795837105618e-13,0.03016924630510536,1
3.5024780348536446e-14,0.9281701634117858,4.176163267801984e-14,0.07182983658724926,1
9.659709911365187e-15,0.9927613855403009,5.52673568678229e-14,0.0072386144601721035,1
3.571512021834539e-15,0.9986880796480874,2.263163632133034e-14,0.0013119203519145394,1
3.7770712721016945e-15,0.9976915311643454,3.3022164660205406e-14,0.002308468836260814,1
2.9114968478463346e-15,0.9868756134192367,1.9612118262743652e-13,0.013124386581202227,1
7.946049416213922e-14,0.9454231417930055,6.121527574575341e-12,0.05457685820098193,1
1.491261880164979e-13,0.032451755115708185,7.467863510246152e-13,0.9675482448825915,3
2.3057994512827324e-17,6.270747380685588e-07,5.453992965458195e-15,0.9999993729254276,3
7.47482712751451e-14,0.5172834459129545,5.870984361216282e-11,0.4827165540290512,1
1.5365097081391183e-12,0.7785840771975575,2.22980877748332e-10,0.2214159225776758,1
5.145506818452163e-13,0.7842049533410764,4.187455104514912e-11,0.21579504661583193,1
7.475924116965648e-13,0.8871179059879901,3.641247708748976e-11,0.11288209397504124,1
1.2448915526821019e-12,0.8941042736933179,8.314193570423458e-11,0.10589572622258207,1
4.441771730902528e-12,0.3121776757757173,9.095229954889386e-12,0.6878223242115944,3
2.5585415649755082e-12,0.09722425900061797,3.5263954900468328e-12,0.9027757409932688,3
4.454737337649958e-16,0.711803713903103,3.968290613925777e-12,0.28819628609329806,1
1.5144136812448886e-18,0.8111375738939011,3.663784298372714e-13,0.1888624261055187,1
1.0360418115138944e-18,0.947509287780742,3.248778808998291e-13,0.05249071221836146,1
1.807701961760642e-16,0.9579551076362887,1.7666266952059043e-13,0.04204489236280489,1
6.243630854416357e-18,0.9921578990856518,1.3595156407227547e-13,0.007842100914139054,1
5.205019093050471e-17,0.9566997777156012,4.2459440450078856e-14,0.043300222283814506,1
4.705123009624434e-16,0.9833303009456097,4.249593642082981e-14,0.01666969905438219,1
8.210865980454245e-16,0.9946280122726374,6.886290606502135e-15,0.005371987727290176,1
6.1386328023413725e-16,0.9985394339887251,4.550797174521058e-15,0.0014605660118251938,1
5.525740997214574e-15,0.9987180615089798,8.943080261991478e-15,0.0012819384904333392,1
4.518032459085565e-15,0.9936635766612563,1.1455449613938577e-14,0.0063364233388164045,1
1.6893390503019804e-13,0.9950529703346495,4.33756112478289e-13,0.004947029664779933,1
5.146101837243222e-13,0.9888371222307242,1.949808440027468e-12,0.011162877766732172,1
2.5551753074461213e-12,0.8360592031100555,1.663363322158722e-11,0.16394079687051707,1
8.47182515411132e-15,0.012513372333617248,5.169032943835145e-13,0.9874866276656671,3
4.567828574984995e-11,0.37141325043003326,2.2446582737222693e-09,0.6285867472789821,3
2.3447347452676503e-15,6.219364950129768e-06,3.6187950358635256e-14,0.9999937806344541,3
9.497079355456365e-18,5.778340472809637e-09,1.0001975422272074e-15,0.9999999942210707,3
1.0961528014913256e-10,0.31296961622058905,2.5493163983823885e-09,0.687030381119721,3
1.3358712792253876e-12,0.21681004493583633,4.4689571281584644e-11,0.7831899550173078,3
5.482790997685739e-11,0.7936769534857613,1.605450986987273e-11,0.2063230464438585,1
8.462873289732378e-12,0.9770016647297913,7.244005113265318e-11,0.02299833518899285,1
2.987323145899618e-10,0.9358731857623271,2.390129755264024e-10,0.0641268136994434,1
2.160137287077506e-11,0.014804418150640807,8.401691987143472e-13,0.9851955818268535,3
1.1526435231889463e-09,0.3729417205718196,2.307412467808262e-09,0.6270582759681251,1
1.7448770382848219e-09,0.6950921784928448,3.051420701858269e-10,0.30490781945726575,1
2.528022203370479e-07,0.9601721402580028,1.4006870561084554e-09,0.03982760553983296,1
7.015098747656618e-08,0.9841074670402352,1.892131309220867e-10,0.015892462619395867,1
2.1840915108662905e-07,0.9925208368319143,1.8097683728130046e-10,0.007478944577547917,1
3.140776423250986e-07,0.9867251634618304,1.5594235462355845e-10,0.013274522303800279,1
1.670195137941335e-07,0.9899270296273461,5.00836146790778e-10,0.010072802851663915,1
3.3481248863539175e-06,0.9835809952325855,3.1159053295231146e-09,0.01641565352738431,1
8.193800005544274e-06,0.907473375945096,1.3328321045713124e-08,0.09251841692726896,1
6.585642641006853e-07,0.07421345267150141,5.343456879213907e-10,0.9257858882301382,3
9.277800507551438e-05,0.32904348855634624,6.914920532607386e-07,0.6708630419464063,3
0.003306142187991386,0.4186578324301538,6.613749809470055e-06,0.5780294116311858,3
0.01765399576732134,0.2338385303918893,3.178398332872455e-05,0.7484756898570463,3
0.737363638918463,0.16905566342159214,0.00011820666989407656,0.09346249098993979,0
0.9516722270359329,0.04180013078797715,4.29152823502142e-05,0.006484726892911141,0
0.9818583604079202,0.016535775523660527,5.121722674590738e-05,0.001554646842201741,0
0.9900553814192284,0.00921163081474214,5.085459081245583e-05,0.0006821331759439775,0
0.9895341132065947,0.006520191603362981,3.8975796552473604e-05,0.003906719393811259,0
0.9970029248236794,0.001507260194038967,4.39211827125042e-05,0.0014458938003181969,0
0.9981067305702821,9.850633975900344e-05,7.866009785063554e-05,0.0017161029916323454,0
0.9985156230615728,1.5300179063676612e-05,5.9251008327882016e-05,0.0014098257514850682,0
0.9990915610879975,1.0282798737063922e-05,5.418978584317112e-05,0.0008439663268247064,0
0.9983853787135137,1.4818927105222184e-05,6.807053936389958e-05,0.0015317318192316714,0
0.9998066716273069,2.9411402914904335e-05,5.994902586490856e-05,0.00010396794397982122,0
0.9998579655964009,2.4098102430821006e-05,4.199498904007204e-05,7.594131154151325e-05,0
0.9999162840768798,2.328492182269686e-05,4.29039896411161e-05,1.7527011779447433e-05,0
0.9999221267335336,1.8116818888304043e-05,5.048055323544807e-05,9.27589408604451e-06,0
0.9999153983581572,1.543977785350909e-05,6.0212822313757864e-05,8.949042474096538e-06,0
0.9997432693243903,7.467879170927041e-06,0.00022373407011052053,2.552872544971124e-05,0
0.9981817710820982,1.0873517384945387e-05,0.0017459246236558972,6.143077682593782e-05,0
0.9917436550230869,9.263481549329698e-06,0.008227858050399295,1.922344512840569e-05,0
0.9220165409039393,4.214370822589818e-06,0.0779113289402217,6.791578539216095e-05,0
0.646432565878128,3.8698056561308174e-06,0.3533221837274042,0.00024138058898643574,0
0.36122145613041245,4.091718979928249e-07,0.6386480516558571,0.00013008304093396165,2
0.13426729230621243,4.3938853612693625e-07,0.8657076588431472,2.460946225906198e-05,2
0.048057687257892175,2.793295709151777e-07,0.9519344641561365,7.569256517665412e-06,2
0.017676302012268455,1.450928646846306e-07,0.9823158580284781,7.69486671679164e-06,2
0.010348367928997028,5.857824964468501e-08,0.9896490282425776,2.54525037346728e-06,2
0.002746652969172688,2.099692826131792e-09,0.997236381969333,1.6962961027036343e-05,2
8.943102079760674e-05,1.7591799168269336e-10,0.9999098224278714,7.463753996551582e-07,2
1.109968098741448e-09,6.0098888344478894e-15,0.9999992112555829,7.876338613229481e-07,2
3.1902951796252025e-09,8.150778935451258e-15,0.9999998774856143,1.1932479379848248e-07,2
7.449521450308612e-09,1.2395204096933293e-15,0.9999998277817361,1.6476851933389762e-07,2
4.042563268705685e-09,4.902317739122198e-15,0.9999997963878039,1.9956979261012677e-07,2
4.704539907280693e-06,1.6513025801305646e-13,0.9999951735797424,1.2188010665912704e-07,2
6.736293803749542e-06,2.193840256781243e-13,0.9999930207621024,2.4294379938097784e-07,2
1.7544717550983316e-05,3.682623225373777e-12,0.9999822254846442,2.2979414106550827e-07,2
8.391968016692751e-07,2.9343117205353883e-15,0.9999956040179531,3.5567847785413697e-06,2
1.6270090451964592e-07,1.1121344306594681e-12,0.9999997223313061,1.1496641198738242e-07,2
1.6007487157072676e-06,4.117320218186021e-15,0.9999971276797948,1.2715723911845358e-06,2
2.9124673524185493e-06,6.803999104653565e-13,0.999996967696511,1.1983474347252464e-07,2
2.2745602781452525e-06,1.3045543202847765e-13,0.9999974404032417,2.8503706797691573e-07,2
1.6490771996459577e-06,5.809398573246806e-14,0.9999974269372977,9.239847799779257e-07,2
5.603886299092599e-06,2.0930793290506884e-13,0.9999942594114299,1.3670144946998215e-07,2
3.65870800836212e-08,4.1358220337641087e-14,0.9999998317234855,1.3168989672910434e-07,2
9.90932095056453e-07,8.338134028893486e-12,0.9999988213519497,1.877078211155882e-07,2
0.006596297435787298,3.9859663772039386e-10,0.9933984705547834,5.231611447776688e-06,2
0.03150126154012649,9.642126786996449e-08,0.9684884787491097,1.0163288976001117e-05,2
0.10017622989112869,4.0311415946169803e-07,0.8996972414228811,0.0001261255717655338,2
0.2179356166076882,1.3811184175840468e-06,0.7820173907873805,4.56114867924734e-05,2
0.3728068064005483,2.3955836872930325e-06,0.6271619082978338,2.8889717441374414e-05,2
0.5764880208729081,3.5433008905142854e-06,0.4234652560009031,4.317982527050329e-05,2
0.7586896451171592,5.601718505073123e-06,0.2412690875328783,3.5665631164204646e-05,2
0.871149538225159,5.0292944927147325e-06,0.12880358085444607,4.185162670127402e-05,2
0.8870334427192138,6.930736133553892e-06,0.11294578439527747,1.3842149419238713e-05,2
0.8628574465225798,6.082342931809722e-06,0.1371001819604629,3.628917411247269e-05,2
0.6766255251975483,3.182534366781434e-06,0.32334047353899953,3.081872933701692e-05,2
0.3526454056954036,8.636066910116118e-08,0.6472609224068826,9.358553660944486e-05,2
0.003432469266199954,2.5908209197919805e-09,0.9965592165484106,8.311593854018786e-06,2
3.3644851111648055e-07,5.928069035515342e-12,0.9999994026004025,2.609458168898525e-07,2
2.3565367355387646e-11,8.452430331076139e-16,0.9999998295952682,1.70381484625149e-07,2
1.390783132683154e-10,4.018544293159653e-13,0.9999999202609647,7.960032098885723e-08,2
2.8155297023242465e-11,6.03093971080199e-12,0.9999523747601194,4.762520539449968e-05,2
7.620394195282634e-12,1.1160473160334159e-20,0.9901469627901389,0.009853037201966607,2
1.8575294274340773e-10,4.258458620998939e-12,0.9999596950993638,4.030471039611259e-05,2
4.109755533319957e-10,2.042056276195816e-12,0.9999998787625446,1.2082412616900304e-07,2
9.207647188963953e-10,1.2042601235907088e-16,0.9999993791118067,6.199669222996785e-07,2
1.1355134287991384e-09,5.228306411914102e-15,0.9999999437786771,5.508657225119495e-08,2
1.9891449850989496e-09,5.217951092438814e-16,0.9999999471729112,5.0838326175243765e-08,2
5.216038595971053e-07,2.7356775151182005e-15,0.9999993754247175,1.0297133533522803e-07,2
3.138852869523869e-08,5.2053536838009545e-15,0.9999998884031873,8.020787204081459e-08,2
1.2113035238125226e-07,3.8439485430837645e-15,0.9999997372288253,1.4164157865893753e-07,2
5.153557377878402e-08,1.3275138320045179e-15,0.9999997792656602,1.6919960914539296e-07,2
8.909234736696557e-08,5.650866122751557e-15,0.9999998360072048,7.490027620895588e-08,2
3.5183436000076326e-07,1.6158238264642132e-13,0.9999995479284847,1.0023786574814217e-07,2
3.217261365823116e-08,8.203643829085118e-17,0.9999964440184628,3.523808762696821e-06,2
7.487468512197453e-10,3.230196568693704e-14,0.9999999416450026,5.7606359590092966e-08,2
2.236401727213877e-09,2.7490685305341434e-15,0.9999999368465089,6.091664992886782e-08,2
3.192299896086504e-07,1.1132302123427525e-12,0.9999994579340287,2.2283555216896432e-07,2
0.00032115425469716124,8.433900256262741e-11,0.9996558694658468,2.2976195198579636e-05,2
0.07752706968361754,5.344953362699305e-08,0.92243358815814,3.9288709146056954e-05,2
0.25696516697404775,1.3294773412278714e-06,0.7428197542869345,0.0002137492613151062,2
0.774514981359641,2.9331979732555014e-06,0.2254245270748988,5.7558367935888707e-05,0
0.9323445960915571,5.982031066453783e-06,0.06762601385511,2.3408022371041827e-05,0
0.9756294182466363,8.587117682819562e-06,0.02434908396698478,1.291066815504689e-05,0
0.9876201193643561,1.0055962335925575e-05,0.01235990565615003,9.919016753062055e-06,0
0.9891023207642995,8.379768486911092e-06,0.010876772176390367,1.2527291381963604e-05,0
0.9851667409430589,1.1269276949357124e-05,0.014806399025734024,1.5590753842150868e-05,0
0.9322265793131908,8.513596162817749e-06,0.06770863686399906,5.6270226439455824e-05,0
0.9168470612714887,8.742849775990913e-06,0.08309828455463754,4.5911323954179307e-05,0
0.9191343070502863,3.3663928174177848e-06,0.08081896182062895,4.336473592849676e-05,0
0.9235745810841106,1.0985316686909275e-05,0.07633002871828062,8.440488172631485e-05,0
0.9719216058293599,8.357985634489297e-06,0.028047684315534303,2.2351870061190073e-05,0
0.9919630851685934,8.003637539086754e-06,0.008017875111162408,1.103608227744818e-05,0
0.9977704354078046,2.9574720759730004e-06,0.0021897477554697156,3.6859364076265325e-05,0
0.9988633797577101,9.553407936302659e-06,0.001118418707017273,8.648126734511958e-06,0
0.9984571912378866,1.3122431835067922e-05,0.0014778292148717913,5.18571151715038e-05,0
0.9990079665598933,1.2536841319727543e-05,0.0009618286109171314,1.7667987758515865e-05,0
0.9997994515396952,1.4623401902142822e-05,0.00017358717420684695,1.2337883537627103e-05,0
0.9994222739271929,3.488511102638571e-05,0.00017157227146660876,0.0003712686909066262,0
0.9942485222031315,4.0824629346108335e-06,0.0003868899808596546,0.005360505353980525,0
0.9995744124431942,1.5103104712409082e-05,0.00023925064573720534,0.0001712338057325462,0
0.9997553639900439,1.099433675931784e-05,0.00022295104613722857,1.0690626235736247e-05,0
0.9997322776770629,9.735384461328065e-06,0.0001946040864613236,6.338285258089813e-05,0
0.9998588532175688,9.814974074794e-06,0.00012170629647911532,9.625511545118786e-06,0
0.9998531632067804,1.1531293033819645e-05,0.00011236890184445643,2.2936598280854622e-05,0
0.9997038563794193,5.3955542424116434e-05,9.514096512887944e-05,0.00014704711220870324,0
0.9982826166448846,0.0013192410263211268,9.322124245712067e-05,0.0003049210870469124,0
0.9812412740937365,0.01713798850233019,5.680966695914939e-05,0.0015639277366121228,0
0.9170291109352648,0.0562625222352326,0.0002514802012521698,0.02645688662859574,0
0.07030961945677226,0.06467593953830383,2.858583604838012e-05,0.8649858551688069,3
0.00017688261836913417,0.2961552481013611,2.710058421434492e-07,0.7036675982737863,3
1.0558114811705771e-06,0.7936284391305182,4.2766052465008876e-08,0.20637046229138556,1
8.65029840844035e-16,0.8074381422490867,3.182167132146837e-12,0.1925618577484486,1
8.092975299535398e-21,0.897424232464752,2.9527853224278346e-14,0.10257576753539346,1
1.0185965446732917e-21,0.9679096314094147,3.55912016266273e-15,0.0320903685900457,1
1.5073572388442027e-21,0.9893865039473624,1.692712465709758e-15,0.010613496052729102,1
9.300363496698835e-22,0.9856127488600509,2.4365962332310256e-15,0.014387251139269195,1
8.53466522024322e-22,0.986830573857539,5.674765298540321e-15,0.013169426142350883,1
2.2196401795815895e-21,0.8880472765065561,1.8921774500997955e-14,0.11195272349280856,1
3.6414663685732794e-21,0.43697792232585864,1.6849547404799488e-14,0.5630220776734317,3
2.1114416153876386e-21,0.046276063460580566,4.899619689776087e-14,0.9537239365394496,3
4.6968873153958034e-23,0.16541099513375557,2.200903290597037e-13,0.8345890048663189,3
2.632997845388308e-23,0.14592031765296265,6.13734262550274e-14,0.8540796823463261,3
1.4106828105967426e-23,0.2690955308348958,2.3289221430200487e-15,0.7309044691648884,3
1.5484157798494783e-24,0.7832088182907982,1.5637233904954204e-14,0.21679118170892508,1
2.0891637425768485e-23,0.8939661569507734,6.825051126287877e-16,0.10603384304988146,1
5.5984034011002065e-28,0.9771021739636533,1.364856207843283e-16,0.02289782603556151,1
6.770055346270636e-27,0.9786892609730692,4.229567052496746e-16,0.021310739027327708,1
7.813373842727489e-26,0.8928088942290283,4.8499928928591465e-16,0.10719110577018026,1
3.80876078667203e-28,0.3321062209942581,1.486036095802048e-17,0.6678937790056159,3
5.7160194375668664e-27,0.9032592545153505,3.38329381010493e-16,0.09674074548546846,1
5.424023821811378e-29,0.9738804462282561,1.3217820819656858e-16,0.02611955377100937,1
2.043892825806293e-26,0.9634606000102268,1.6123367535611216e-17,0.036539399990028,1
3.060198415158358e-24,0.9923174297868066,7.163289432293566e-17,0.007682570213594939,1
3.3988390854927626e-19,0.9981120055193297,5.619831743532888e-16,0.0018879944806403474,1
9.112313470862868e-20,0.9980898804434812,1.3743760549113194e-16,0.001910119556388471,1
1.0514540786046132e-19,0.998533256784002,6.775606215069956e-17,0.001466743216009611,1
3.602108761177927e-19,0.9987711221196939,1.178037034216033e-16,0.0012288778795578193,1
6.934260438955672e-19,0.9986147627168406,8.241513253623674e-17,0.0013852372835770391,1
3.480602580941952e-19,0.9987940306831299,2.791759255970891e-16,0.0012059693167001426,1
3.025152901836148e-18,0.9953165039541566,2.1183449057745914e-16,0.0046834960462047845,1
5.5493150316513465e-18,0.9973751669952237,1.320769011630618e-15,0.0026248330038656457,1
1.6871793349020596e-19,0.9967600771350923,1.8379355506338632e-15,0.003239922864564794,1
9.983743324451328e-20,0.9879014706605859,8.139473169520925e-15,0.012098529339366938,1
3.104239700776731e-18,0.8648797149826555,9.36144009313161e-14,0.13512028501644105,1
4.1975740136151e-17,0.5157116229732277,2.3722531940598226e-13,0.4842883770258075,1
1.6109816980749965e-14,0.8810103550562446,3.713340325478504e-11,0.11898964490650622,1
7.821937268775653e-15,0.8084187344410487,4.22604261813431e-12,0.19158126555429802,1
1.5093269369258488e-14,0.4104738901753057,1.7260766310603224e-11,0.5895261098073068,3
2.083881909206521e-15,0.0818989051155613,1.5221366745798323e-12,0.9181010948821527,3
2.4702254875723144e-16,0.06861822200928437,8.081429079699621e-13,0.9313817779901731,3
9.910419640724876e-14,0.9024543299378951,3.134859690750392e-11,0.09754567003148863,1
3.6456775880718453e-14,0.9137465557641036,7.471589002793601e-13,0.08625344423512178,1
2.8837192650607914e-14,0.9947237022679005,2.4358541483074263e-13,0.0052762977326289845,1
4.747479984691438e-13,0.9985145770338468,8.874947814596503e-14,0.0014854229661257446,1
7.525771788894396e-13,0.9981077962016901,5.759054854390844e-14,0.0018922037977349227,1
1.052999423299942e-11,0.9950539485881028,2.2788661289376254e-12,0.004946051399008997,1
1.049242516071047e-10,0.925247752313372,3.056901157080205e-11,0.07475224755124253,1
3.059613628886372e-11,0.6278945551223732,1.1562655401851915e-11,0.3721054448352614,1
1.259336582608571e-10,0.9230061745262254,4.5061022017666406e-11,0.07699382530306532,1
1.3867423002900017e-10,0.9911811272938179,5.119584009758554e-12,0.008818872561931226,1
4.957236148563554e-10,0.9974554792305399,5.259350165835156e-12,0.0025445202686908367,1
2.282039231843843e-09,0.9948039919419739,2.274949682181459e-11,0.005196005752946023,1
1.4446471599755153e-08,0.918765708081656,5.993668480083886e-13,0.08123427747077824,1
1.7600757786699325e-08,0.9935293378770506,2.8370972660836614e-11,0.0064706444931762015,1
2.0202380476943523e-08,0.9980060619426763,2.12008273530931e-12,0.0019939178523210956,1
1.0623558538156174e-07,0.9991028324062675,2.273729410100677e-12,0.0008970613557253624,1
3.760980069426875e-07,0.9987684253390172,2.3659139580381447e-11,0.0012311985397603223,1
0.0003279314916617804,0.9966324869616565,9.425155576315065e-09,0.0030395721216231403,1
0.02005455405806604,0.9602251090466498,3.631998777866425e-07,0.019719973694943105,1
0.3259845040531649,0.63494739207119,8.437313388804359e-06,0.03905966656313748,1
0.954915594022913,0.03354344107433884,0.0003895272655432501,0.011151437637730516,0
0.9903194740145047,0.0009225124756216603,0.007875344412693708,0.000882669096772714,0
0.9410891775163204,2.455810871922354e-05,0.05866818288805172,0.00021808148602315896,0
0.7085381793455849,6.439428228623825e-06,0.29141975728308095,3.562394251733051e-05,2
0.4814975313039844,3.6263069959502803e-06,0.5184460524042955,5.278998548009514e-05,2
0.33170910270483844,1.7457496108725598e-06,0.6682497244856318,3.942705954347368e-05,2
0.24062792379553122,1.7582946598854636e-06,0.7593007637346847,6.955417441056873e-05,2
0.18507492036336634,9.973008411773755e-08,0.8143875630285893,0.0005374168778339622,2
0.12347907954980933,5.135043863774414e-07,0.8764966549833255,2.3751962707724364e-05,2
0.0662969438059592,1.7219582860800644e-07,0.9336915292672193,1.1354731399689914e-05,2
0.030040588475495122,2.2918928719982285e-08,0.9699554106064009,3.977999164046628e-06,2
0.0016701196663262163,7.998551830556448e-09,0.9983276648409369,2.207493603058505e-06,2
0.000227644789413991,4.864414109971481e-10,0.9997719492944875,4.054301563515106e-07,2
9.435305213954638e-05,3.904509592991504e-11,0.9999051834062991,4.6350212150314006e-07,2
3.633987075191423e-05,1.3621439884628087e-10,0.9999633308482174,3.2914474472667105e-07,2
8.697765680826697e-05,1.169520685568921e-10,0.9999051647070424,7.857518934691606e-06,2
0.0019244306054341475,2.1473951999998453e-09,0.9980737781270724,1.7891194437214962e-06,2
0.001619831552503048,2.3285517811719138e-09,0.9983794447689546,7.213495905505384e-07,2
0.00048750603241967905,1.3975769565491135e-09,0.9995120466179584,4.459515821342055e-07,2
0.000251017224000794,9.361533897203052e-11,0.9997481486810694,8.340016477944619e-07,2
1.9573507434943786e-05,5.396620294838411e-12,0.9999794861299514,9.40356442580109e-07,2
2.7259170132681056e-05,8.625809318975615e-12,0.9999725492564471,1.915650867264966e-07,2
4.793527669594086e-05,5.3382205070631165e-12,0.9999517194442239,3.452731131389878e-07,2
4.662196165165437e-05,1.489295661022227e-11,0.9999531532835498,2.2473940807872645e-07,2
6.849168842549031e-05,1.1576807054227402e-11,0.9999311621697582,3.461310975745724e-07,2
4.788492281469167e-05,9.873629056648986e-12,0.9999517846754934,3.3039091088826847e-07,2
3.039953881399325e-05,9.768232758203728e-12,0.9999693667049548,2.3374626990981254e-07,2
5.564485841871876e-05,1.2350159419277392e-11,0.9999438021298412,5.52998842888842e-07,2
3.8941045466640976e-05,1.1436958481791635e-12,0.9999570548479242,4.004105688885188e-06,2
4.313088678047838e-05,9.009704040453227e-11,0.9999564846866981,3.8433644099728486e-07,2
0.00011347985637254188,3.915986325079745e-10,0.9998851739629533,1.3457890186203645e-06,2
0.0033020606931532513,6.764074368537323e-09,0.99669367140753,4.2611345101858515e-06,2
0.05370641533180532,1.360462951358672e-07,0.9462318919189604,6.155670306497948e-05,2
0.7101114248062127,5.118414077325044e-07,0.28982973310515087,5.833024689162712e-05,0
0.8610739896077307,2.3306892319560744e-06,0.13880328367821973,0.00012039602509028357,0
0.9399931813337401,9.16282956591705e-06,0.0599705987315704,2.705710493582138e-05,0
0.976050773352601,7.2520391049020415e-06,0.023926840468583687,1.5134140251273985e-05,0
0.9879513081257199,9.938733525848485e-06,0.012014714700079658,2.4038441244054802e-05,0
0.9959016611947049,5.813061990584649e-06,0.004076476533178143,1.6049209432249366e-05,0
0.9993109346306726,9.793890882424498e-06,0.0006699239903104774,9.347488471407578e-06,0
0.9996281634461578,7.943742071881172e-07,0.00025075459067091003,0.00012028758819745034,0
0.9998455942515211,8.951856321275544e-06,0.00013382596910631233,1.1627923890642415e-05,0
0.999868037166738,1.194781709964849e-05,0.0001092406786937066,1.0774337873589333e-05,0
0.9998924345212014,1.2280254416801121e-05,8.829303508795532e-05,6.992189725264023e-06,0
0.9999185351759136,1.4672677404408333e-05,5.826267020724999e-05,8.529475608341431e-06,0
0.9999221993055617,1.9512861938208083e-05,4.880916557112124e-05,9.478667235213315e-06,0
0.9999195467722596,2.1792777378312696e-05,4.757070648262786e-05,1.1089744329494778e-05,0
0.9999199688094169,2.943850246230437e-05,3.9591763386885803e-05,1.1000924109928313e-05,0
0.9998909963929289,3.427484712096718e-05,4.892336714110216e-05,2.5805392585827556e-05,0
0.9998134460849373,2.1856830533173687e-05,6.97262563554737e-05,9.497082811629508e-05,0
0.9999025853624589,4.0808714167319825e-05,3.889222251333843e-05,1.7713700587283277e-05,0
0.9999147874842481,3.210979058178742e-05,3.510594885307006e-05,1.79967754399479e-05,0
0.9999089093070177,3.591635137219787e-05,3.9737047955976866e-05,1.5437293213592568e-05,0
0.9998593285889306,7.929049611233957e-05,3.502539653192725e-05,2.6355518053641788e-05,0
0.99947499323517,0.0004040447836529905,4.278079453097005e-05,7.818118669461977e-05,0
0.9995283927087594,0.000364373712682799,3.595988330931924e-05,7.127369479877821e-05,0
0.9998597657816468,6.17728782811697e-05,4.971790097148101e-05,2.8743438924495358e-05,0
0.9999127569032059,3.1614652551996155e-05,4.360037760939306e-05,1.2028066350279828e-05,0
0.9998899818044577,1.1550532806626018e-05,8.677269455726868e-05,1.1694967541239348e-05,0
0.9998847516331081,9.037586807062397e-06,9.497975533978559e-05,1.1231023953385907e-05,0
0.9998505577540633,5.8379105546533805e-06,0.0001224641864776411,2.1140148212204422e-05,0
0.9998144235570836,7.5287743721580754e-06,0.00016841718850732064,9.630480066083607e-06,0
0.9998136670582191,5.282621845113224e-06,0.000160309541238547,2.074077927975271e-05,0
0.999773246704626,2.567220155618144e-06,0.00016931284700146427,5.4873227567244035e-05,0
0.9997590351105766,3.963454566277388e-06,0.0001940956689256493,4.2905765239539694e-05,0
0.9999024847639608,1.5124748166252334e-05,7.185688392090886e-05,1.05336032926147e-05,0
0.999910692436084,1.5745877566329933e-05,5.420685691252887e-05,1.9354829634846334e-05,0
0.9998699955670529,9.38431024538531e-06,6.421657443641218e-05,5.640354855592016e-05,0
0.9998843909727827,1.0584812637136221e-05,9.722889316106794e-05,7.795322147677699e-06,0
0.9998545362266681,8.422097245525458e-06,0.00012797377060832284,9.067905008177771e-06,0
0.9998121157760362,6.509335056447307e-06,0.00014075886069518984,4.0616027916043363e-05,0
0.9999154918972345,1.8084942291064182e-05,5.540215458642524e-05,1.102100638007497e-05,0
0.9999210261184437,1.0352503761309162e-05,5.6958435993990544e-05,1.1662941833402676e-05,0
0.9998919126221105,1.1930116039799191e-05,8.516813757109243e-05,1.0989124299293346e-05,0
0.9996186564852927,1.8612271577706413e-05,0.0003509350989691849,1.179614342737239e-05,0
0.9948513429092183,9.776066964728607e-06,0.005117635348601519,2.1245675953655073e-05,0
0.9552598287309799,6.532255183470645e-06,0.044692713543272394,4.092547109588861e-05,0
0.5707415353986888,4.265887620156496e-07,0.4292096838456678,4.835416677378961e-05,0
0.020607841852776212,6.578148807796552e-07,0.9793613017360754,3.0198595815299873e-05,2
9.533239243920539e-05,1.608716067739769e-11,0.9998462861466882,5.8381445296363194e-05,2
2.050138383920055e-05,3.91631699771033e-10,0.9999787207242999,7.775007805635044e-07,2
0.000126014268787878,9.228922100697247e-11,0.9998730624984421,9.231413802767092e-07,2
0.0013760908331267368,5.02668776551719e-10,0.9986223106346013,1.5980296024931115e-06,2
0.0013498090083520209,2.8360949710582125e-09,0.9986495605298238,6.276253908371273e-07,2
0.0006513212571175393,9.264124018883423e-10,0.9993478457487921,8.320676849953301e-07,2
0.00032298121563582876,7.720152152786876e-10,0.9996764889961097,5.290160822790305e-07,2
0.00032865924012720086,1.349634163891781e-10,0.9996705828800332,7.577450463136203e-07,2
0.00015721817874913147,2.4590002898339237e-10,0.9998424314132481,3.5016290547313874e-07,2
0.00021109458124966002,2.056372769724831e-11,0.9997881264518992,7.789456948112065e-07,2
3.376023217752614e-05,1.745311705634883e-11,0.999966004877342,2.3487336044449308e-07,2
2.072140469281686e-05,2.7707316424654045e-12,0.9999790491268075,2.2946508957042693e-07,2
2.969891314176868e-05,2.483099157484141e-12,0.9999700959339232,2.0514973849899186e-07,2
2.967086503917672e-05,2.616785812128181e-12,0.9999700801182834,2.490136641846454e-07,2
2.7565152329396257e-05,2.6466267686956633e-12,0.9999722193863716,2.154588643607878e-07,2
1.846968167857947e-05,1.1079950249256254e-11,0.9999810345577708,4.957498506035062e-07,2
0.00015931866872538437,3.599447084030911e-12,0.9998397532751323,9.280521020058501e-07,2
1.1545854238206717e-05,8.12891792709392e-12,0.9999883116480368,1.4248966870761324e-07,2
7.043451845020713e-06,2.030286951247802e-13,0.9999924071068514,5.494405031847319e-07,2
1.980033137026732e-06,1.201675945780268e-13,0.9999978766886475,1.4327813878740637e-07,2
1.4003069334815338e-06,8.445096298947382e-14,0.9999984920989391,1.0759396225987472e-07,2
6.196106432161793e-06,8.209387469137393e-14,0.999993557713257,2.4617978582246075e-07,2
3.5692935632240698e-06,8.37608636713194e-13,0.9999962082310087,2.2247415676638707e-07,2
4.3374906974446096e-05,4.4453645389060735e-12,0.9999564262924051,1.9879645213329366e-07,2
0.00012140591548911623,2.501488411996197e-11,0.999878152985475,4.410736262260892e-07,2
0.00012187240646056871,4.520760003519553e-11,0.9998769873706316,1.1401780589722246e-06,2
0.00016465278505424985,3.157224982142153e-11,0.9998347019926502,6.451912982858805e-07,2
2.614322033281078e-05,1.2936357581069255e-11,0.9999726725932834,1.1841740602163317e-06,2
6.292694187144161e-05,9.236886343679832e-11,0.9999367542451455,3.1872131662531894e-07,2
0.0006539474117489758,2.080315098618976e-09,0.9993441151038167,1.935403776450737e-06,2
0.01458485757930661,7.515176472363317e-08,0.9853764556399643,3.8611629282735363e-05,2
0.8564854212186753,2.3436833310309872e-07,0.1434166867012675,9.765771115811114e-05,0
0.9817860462232085,8.632202848262694e-06,0.018182870260491448,2.245131303571066e-05,0
0.997086916118491,1.2261671662697916e-05,0.00287420993820684,2.6612272029936038e-05,0
0.9988372137178143,1.0245310754577247e-05,0.0010559471799621689,9.659379236590473e-05,0
0.9996290958502433,1.531631682753821e-05,0.0003349153662334216,2.0672467310058906e-05,0
0.9996506148221023,0.00025009353241632967,4.9885673470034244e-05,4.940597284238931e-05,0
0.9978586090640064,0.001906643407270269,4.102867924681252e-05,0.0001937188495939641,0
0.986779466302221,0.01214421590461416,3.7830561653078296e-05,0.0010384872310006937,0
0.8916598715269265,0.1053172532538137,3.536760621095069e-05,0.0029875076122689147,0
0.5863373039105685,0.3573979595309541,9.859382137650448e-06,0.056254877175615524,0
0.1918241923140074,0.7984671403207522,6.877706557424045e-06,0.009701789659368583,1
0.0888988768274541,0.9058220312019437,7.369768197308449e-06,0.005271722202159841,1
0.020735695216863987,0.9437261175613046,7.374272363315932e-06,0.035530812949268756,1
0.0001436526930052394,0.8121462886034725,4.676923977292352e-09,0.1877100540269935,1
1.0691036824380205e-06,0.981243860038137,3.202548796506258e-09,0.018755067655638225,1
1.0857205176900405e-06,0.9871882498075755,3.4866495359928245e-10,0.012810664123260464,1
3.97079225588127e-05,0.9982471663881937,5.950212292927233e-10,0.0017131250939281246,1
1.1187862654119174e-05,0.9989643426996317,4.7939008118426124e-11,0.001024469390589276,1
2.6747759522400155e-06,0.9988593898887573,2.203235792451369e-11,0.001137935312590758,1
3.759754264765363e-07,0.9975879622318122,2.0307420919390105e-11,0.0024116617731509975,1
8.496450909986946e-07,0.9926120073337297,5.871008324146672e-12,0.007387143014677433,1
3.1117993273983085e-07,0.9989300845692728,1.2756326507937401e-11,0.001069604238596428,1
1.9670293484451285e-07,0.9988575250183902,1.5233760805036867e-12,0.0011422782774392964,1
2.5399062127486348e-08,0.9992978483368274,6.361453307065621e-13,0.0007021262627537209,1
1.1592406969613128e-09,0.9991344596137056,7.624754886640523e-14,0.0008655392262691504,1
1.3997033543485361e-09,0.9993270230543702,1.1049727318296676e-13,0.0006729755453148607,1
4.831736548370585e-10,0.9992797178636849,6.911569073931728e-14,0.0007202816529471946,1
6.004651808996837e-10,0.9989489853229528,8.264294819450781e-14,0.0010510140765831128,1
6.784987750241662e-10,0.9991382583435833,2.2055929615205626e-13,0.0008617409778783461,1
2.7006083968677295e-08,0.997582691846927,7.712690091465818e-12,0.002417281138868887,1
6.977885103198215e-09,0.9815443939804164,4.4055638345540514e-12,0.018455599036535354,1
5.469131289439052e-08,0.9965548616157335,9.630320094901997e-11,0.003445083596371309,1
3.466655144997918e-08,0.9946607753695483,7.844352696412682e-11,0.005339189885362326,1
1.293423279202163e-07,0.9785657665416766,7.136364476771062e-10,0.021434103401964156,1
4.823156149035268e-11,0.6053046044458957,2.182751889510317e-11,0.39469539548335975,1
9.209899131491254e-13,0.005444962589648988,6.794938302173435e-12,0.9945550374028629,3
4.4494617064934624e-11,0.5175971917993228,9.547717959216883e-10,0.4824028072018182,1
9.29584145308659e-12,0.6442959183007376,1.4022108976870102e-11,0.3557040816757001,1
1.7782422215804242e-12,0.9807639152124817,1.0628789459573589e-11,0.01923608477489072,1
1.7555917973370293e-14,0.9884943493268377,7.683013780041621e-13,0.01150565067158595,1
5.247801227876965e-14,0.9482384074534354,7.656956196551168e-13,0.05176159254488973,1
3.1015963775831266e-15,0.953370324504579,2.4016242358917877e-12,0.046629675493740294,1
7.455340262859007e-14,0.9561072413769584,1.6876230178221364e-11,0.043892758605691376,1
1.3181245633988378e-14,0.4505401350869798,3.0835568429661393e-13,0.549459864911927,1
9.360392294508014e-14,0.8465345397326292,2.4583570807704067e-12,0.15346546026463578,1
1.1292908006826433e-12,0.9747715898548878,2.1824302883909645e-11,0.025228410121816536,1
1.988387632390549e-12,0.9523815450957074,3.842741147695235e-11,0.04761845486466843,1
2.779423014622551e-14,0.0001425649975934916,1.3734810373321674e-13,0.9998574350017656,3
7.532440925928134e-12,0.37615494394695687,4.787743805520929e-11,0.6238450559975265,3
1.278854123989256e-12,0.8661965211608555,4.777542635103097e-12,0.13380347883325827,1
3.065161321004951e-12,0.9832474051453671,7.39013456300954e-12,0.0167525948441597,1
1.0028007048830294e-12,0.988153330162496,1.340434545660764e-12,0.011846669835585567,1
1.1693071612978384e-12,0.9817952157239126,3.3345399641915896e-12,0.018204784271945242,1
3.714539922983339e-12,0.980371881955482,5.377784411855749e-12,0.019628118035205387,1
1.1375487377186685e-12,0.9193671714828232,2.1771714651444116e-13,0.08063282851565709,1
2.06703094730721e-09,0.9798196602438496,2.0184473930314692e-11,0.02018033766976543,1
3.249837019962068e-09,0.997943313183775,1.75457036887816e-11,0.002056683548869994,1
3.4139644916244317e-10,0.9967480337139236,4.89415605874274e-13,0.0032519659447899614,1
5.583656064485165e-10,0.9955268551181128,2.621530771191962e-12,0.004473144320595294,1
1.4599855978457784e-07,0.9899623136067789,4.700949974537225e-10,0.010037539925455178,1
3.0536456335126236e-06,0.9160823247892579,4.65590870025083e-09,0.08391461690906654,1
6.054166362082341e-07,0.014434869073053011,1.3327031295494798e-09,0.985564524178342,3
1.929500185973789e-07,3.9454306690074316e-05,1.4100839812693171e-08,0.9999603386429967,3
6.536989575077884e-07,0.0001993484356810633,3.921376232033748e-08,0.999799958652384,3
1.0237975328880502e-05,0.008769536363591419,1.2947102106252949e-08,0.9912202127148323,3
0.00039944078726669144,0.9167821304018245,2.1839688216799807e-07,0.08281821041483624,1
2.1387149879747282e-05,0.9605561025956009,1.728308528037949e-08,0.03942249297121242,1
1.915873168723412e-05,0.9725407996232199,2.4386499173455225e-09,0.027440039206614298,1
7.306500502571081e-06,0.9942570248254808,2.0868567960003036e-09,0.005735666586803935,1
3.616679980070253e-05,0.9937612822981318,7.457615898246655e-09,0.006202543443728091,1
7.288295482857158e-05,0.9197036618143424,1.6987854000224071e-09,0.08022345353218718,1
1.962730457913343e-06,0.974946058068356,1.0383713395846951e-08,0.0250519688181404,1
6.661349383932238e-06,0.915954589760023,1.729053362104489e-08,0.08403873160023122,1
8.545216662392113e-10,9.885114508321624e-07,9.739682600617577e-12,0.999999010624868,3
3.859281500279891e-08,0.0013518365663038347,1.367799711647284e-08,0.9986481111628167,3
1.9563409362986266e-07,0.05393632631561237,1.65172417452561e-08,0.9460634615324679,3
1.7048302532791633e-06,0.30234663466420014,1.279548915322838e-07,0.6976515325509665,3
8.108967814208652e-11,0.01023947771133206,5.324860744487522e-13,0.9897605222075494,3
2.633996671817413e-08,0.9281512083981556,4.393734478472933e-10,0.07184876482192155,1
1.4000407757526259e-09,0.9848981558340633,4.202548003747939e-11,0.015101842723851516,1
5.3607074516864445e-09,0.994190864405852,3.528949031003974e-11,0.005809130198494923,1
2.547619833360819e-09,0.9882442360257055,5.479471899480127e-12,0.011755761422042292,1
3.5967364135791775e-09,0.9956166791730886,3.2273078445649075e-12,0.004383317227831712,1
2.434638457856647e-09,0.9989736272163483,2.385323896032198e-12,0.001026370346496032,1
6.9618797234245335e-09,0.9968226474614637,3.6068387529216594e-12,0.0031773455733771694,1
2.954602795726352e-08,0.9878459933187143,1.83740136589322e-10,0.012153976951380811,1
3.653426743252379e-05,0.7687322510200627,2.7807731685079845e-09,0.23123121193183852,1
0.00011305840747678013,0.8594727653206246,3.8944929646101475e-08,0.14041413732658767,1
0.00031973281702034215,0.9922827099960123,5.5611945528905895e-08,0.007397501574140286,1
0.0004387511285672461,0.9967213820893102,3.529391769944306e-08,0.002839831487339238,1
0.0014510735510296915,0.9874107134003768,7.357280409205357e-08,0.011138139475105923,1
0.0041139100907878895,0.9410504406031054,7.120410061044926e-07,0.05483493726525736,1
0.001657453183378342,0.003086066894800232,1.2552028201882494e-06,0.9952552247185013,3
3.4812992986231494e-05,2.2998488809851858e-11,4.592467460915485e-06,0.999960594517396,3
0.9235467901946507,0.004903433578983526,0.05131452955301086,0.020235246672888542,0
0.7730621941683066,7.486787974103999e-05,0.22526509503924375,0.001597842912925607,0
0.5077612494933031,1.2273441226262617e-06,0.4921360491709898,0.00010147399093197501,0
0.0837642807959376,3.507365445776139e-07,0.9162041028948728,3.126557340051248e-05,2
0.014902265541426917,4.144284697575074e-08,0.985094014114006,3.678901251429559e-06,2
0.0012981152011666643,1.8356616327620013e-08,0.9987002349072513,1.6315344827805742e-06,2
6.163750674382124e-05,8.181199067077183e-12,0.9999266593906176,1.1703093689209607e-05,2
5.146579982061736e-05,1.434210803008059e-10,0.9999481560404844,3.78016957256845e-07,2
3.379187905663934e-05,7.822927026286221e-12,0.9999639179293381,2.2901837150596692e-06,2
5.295161176673852e-05,3.354975555194426e-12,0.9999415501408759,5.498243376002748e-06,2
0.00013196054290577964,8.43980824039149e-11,0.9998667870774249,1.2522955677336806e-06,2
0.00020228117442125065,6.179934038204308e-11,0.9997965403133032,1.1784503141003929e-06,2
0.00013997382292254139,6.004201269984225e-11,0.9998586393964679,1.386721076461049e-06,2
5.828568686060242e-05,4.5880275491932263e-11,0.9999410030137185,7.112539833985312e-07,2
0.0002028506239323832,7.849294705195751e-11,0.9997966768134223,4.724843249851639e-07,2
0.0003640126434326982,1.3262601142165003e-10,0.999635242429349,7.447946934378422e-07,2
0.00021033271447939698,2.6016382422174587e-10,0.9997882725421884,1.3944833267622054e-06,2
0.0002063246589984751,8.732386977575383e-11,0.9997927699552166,9.052993624402865e-07,2
8.538919744494466e-05,4.1763566454101377e-11,0.9999141300740446,4.806867292937062e-07,2
2.7406217634222748e-05,1.2320744126456933e-11,0.9999720871495243,5.066198211470197e-07,2
9.16074512265632e-05,4.308096497504869e-12,0.9999080219524313,3.705927918476922e-07,2
1.8223471809524716e-05,6.699834660146485e-12,0.9999814510348675,3.254864180447997e-07,2
1.3602544696705712e-05,1.440054126013952e-12,0.9999853899474588,1.0075068499939682e-06,2
3.4952585693938108e-06,7.164864767782326e-13,0.9999950470660101,1.4576750892275823e-06,2
1.943481237746339e-07,2.973646800221769e-15,0.9999986124867595,1.1931649818589848e-06,2
8.651741070694422e-08,2.212982560711535e-14,0.9999998009789322,1.1250365044226e-07,2
1.566189304556953e-07,6.366646657812114e-15,0.9999997215073041,1.21873259260761e-07,2
1.5776621785376917e-07,7.467435548999941e-16,0.999999695372072,1.4686091909593072e-07,2
3.018847647882753e-11,3.014228172304152e-16,0.9999999695864976,3.038367882550239e-08,2
4.87783876747718e-10,1.8406116014717493e-16,0.9999999641768234,3.533614717436667e-08,2
2.346440922318548e-09,3.640818933183141e-16,0.9999999499268609,4.772632134945826e-08,2
8.042983812179092e-09,1.7681482228276187e-14,0.9999999200081252,7.194974267632384e-08,2
8.602161665120547e-09,1.8915817182251014e-17,0.9999964150911775,3.5763064878980437e-06,2
1.888112754942842e-09,5.5528721247276896e-14,0.9999999374886122,6.062257798594472e-08,2
7.073465334799902e-10,3.956978915615246e-16,0.9999998754665362,1.238264655821217e-07,2
1.2468826555522453e-09,1.6672626885987733e-15,0.9999999351548489,6.359776277622023e-08,2
2.646599434716703e-09,3.261638301238024e-15,0.9999999104093189,8.694327560590107e-08,2
4.005429608421232e-10,1.3445629848627637e-16,0.9999996394508993,3.601488636684612e-07,2
1.8565867761383338e-10,3.3524874584303766e-16,0.9999999424999276,5.731447339237196e-08,2
3.459693223999769e-09,1.3685620028141137e-15,0.9999999564079199,4.013266722921967e-08,2
5.1250548391320616e-09,2.185301074230498e-16,0.9999998474304564,1.474438740894821e-07,2
5.7499781199768666e-09,1.2456095633947943e-15,0.999999944478988,4.977133785803488e-08,2
4.431129830317267e-09,1.153305255566509e-15,0.9999999447718453,5.079647274263953e-08,2
8.613721870149966e-09,1.3146743806418645e-15,0.999999895364459,9.602205390705107e-08,2
2.9493604626760473e-08,4.798188221624561e-15,0.9999998351631938,1.3534400672721192e-07,2
1.948384124515115e-07,3.6608967088656e-15,0.9999995249692111,2.8019319199847455e-07,2
6.601344513900166e-07,3.9509200095673493e-13,0.9999992463038436,9.356130379066852e-08,2
2.5019408256617274e-06,5.2493702789089613e-14,0.9999954935075628,2.0045506516855987e-06,2
1.4091264493226987e-05,2.809266191288581e-10,0.9999854441161733,4.643375539728257e-07,2
0.00296351155073129,1.5532335859203294e-09,0.997032936731877,3.55016364803482e-06,2
0.02814300282940989,4.293556184968414e-09,0.9716495843947132,0.0002074084816533819,2
0.28802365778914263,9.301876286254409e-07,0.7118331279814474,0.00014228404249198704,2
0.7177958156230831,3.2156677731908055e-06,0.2821523082297956,4.86604787655178e-05,0
0.9276059728072615,5.869280454909177e-06,0.07236434912950239,2.3808782090545724e-05,0
0.9892152406930905,7.126833903060628e-06,0.010761206206404786,1.642626710992383e-05,0
0.9991046219488621,1.632303850203122e-05,0.0008651619943014618,1.3893018218233914e-05,0
0.9998632992394751,2.381915287708228e-05,9.995287410578643e-05,1.2928733501167627e-05,0
0.9998188521587174,4.9525292189224284e-05,4.766401535099577e-05,8.395853446626477e-05,0
0.9988993556827326,2.2033803945756894e-05,8.576528978525023e-05,0.0009928452238613824,0
0.9982054236661133,0.0007727637391239187,6.791138375008886e-05,0.0009539012104251528,0
0.9989080044981637,0.0008008231627591001,5.560503769675735e-05,0.00023556730097971143,0
0.9997998527956533,0.00011967059108076455,4.667947173880746e-05,3.3797142044564806e-05,0
0.9994509093543213,2.6944748422369335e-06,9.539110798429385e-05,0.0004510050619715411,0
0.9999108102014985,1.996562655836264e-05,5.4099719911680547e-05,1.5124451703293624e-05,0
0.9999074256445095,1.7077008903470147e-05,5.424977115624069e-05,2.124757530777208e-05,0
0.9999164513553442,1.0228435953583352e-05,3.7110484640705594e-05,3.620972319555401e-05,0
0.9999051324248617,3.20923276799602e-05,3.394173738325328e-05,2.883351057770694e-05,0
0.9997865426909371,0.00011698531419975949,4.5000507020929855e-05,5.1471488024051884e-05,0
0.9997163723685561,0.00016132707819566192,3.5714486365789606e-05,8.658606718394569e-05,0
0.9996123397622018,0.00015756888932440423,4.961817447700634e-05,0.00018047317429896706,0
0.9993790266689518,5.770990126595504e-05,5.999270401630185e-05,0.0005032707257476986,0
0.9997926449729021,8.768669556041704e-05,4.364465001451876e-05,7.602368151106765e-05,0
0.9997959029310842,0.0001262537291917047,2.6697901033064714e-05,5.1145439414786125e-05,0
0.9996793240308496,0.00023753072527660547,3.106519905794015e-05,5.208004562059427e-05,0
0.9995417959662681,0.0003076561368657148,2.7690907441796317e-05,0.0001228569895433703,0
0.9996913350716903,0.0002069270699309828,3.950055745053648e-05,6.22373012123763e-05,0
0.9996972044124334,0.00022913589923394538,3.413878694744879e-05,3.9520901417761534e-05,0
0.9997556157875537,0.0001686351055409947,3.607614219140344e-05,3.967296540072254e-05,0
0.9995499497379956,5.889426266665039e-05,5.866527725151925e-05,0.0003324907219167592,0
0.9995850444898593,0.0002550891663113288,4.411618467084355e-05,0.00011575015961764944,0
0.9997915264451707,3.6436998986541664e-05,6.019047149079924e-05,0.00011184608525568508,0
0.9998542424208124,1.2956972247738113e-05,0.00011176560240181602,2.1035004327466843e-05,0
0.9994914394043952,2.0812898868305114e-06,0.0004551520014024774,5.132730367420161e-05,0
0.9998149283131178,8.969285491875742e-06,0.00016739580367946565,8.706598571520214e-06,0
0.9998655574178169,1.0396686956851702e-05,0.00010873271718698785,1.5313177458543266e-05,0
0.9998745056225199,1.212247473437241e-05,0.00010492899120480951,8.442912048969395e-06,0
0.9999099785485782,2.209590121918849e-05,4.95996767427442e-05,1.832587408508943e-05,0
0.9999187011360945,2.4165679271749295e-05,4.5545949695970673e-05,1.1587234254713081e-05,0
0.9999232025589132,1.521477232124518e-05,5.067695800122914e-05,1.0905710553135007e-05,0
0.9998624989684046,9.943619333092194e-06,0.00011984958379087771,7.707827648246063e-06,0
0.9997894597495863,4.753368734056544e-06,0.0001519245074477087,5.386237337467899e-05,0
0.9998819578112284,7.8354308529996e-06,8.992947104209304e-05,2.027728744860361e-05,0
0.9998634890978396,1.0338974666974313e-05,0.00011797934680356409,8.192580857291777e-06,0
0.9998550946917381,9.818303632670757e-06,0.00012730170507699876,7.785300442953525e-06,0
0.9997260806346392,8.37831658510135e-06,0.0002555652433716349,9.975805349169897e-06,0
0.9994441472865724,9.733126155040988e-06,0.0005381990765671576,7.920510702290408e-06,0
0.9980121019749949,2.6656182802158136e-05,0.0019339911783695432,2.7250664176291403e-05,0
0.9915504158818705,0.0006165362690351659,0.00748611655452735,0.0003469312938604467,0
