date,regime_prob_0,regime_prob_1,regime_prob_2,regime_prob_3,regime_most_likely
2005-01-06,1.0,4.467466043714476e-264,1.412143449233234e-225,2.6703080001688947e-84,0
2005-01-07,0.9998081209953426,6.585954181480746e-06,1.1751356944522142e-05,0.00017354169258911302,0
2005-01-10,0.9983001941162014,0.00012861651346318784,2.2597757559929884e-05,0.001548591612524719,0
2005-01-11,0.9161097628745452,1.3269178792227041e-06,1.9179868416892257e-06,0.08388699222201956,0
2005-01-12,0.9981093846127572,1.5774113979887427e-05,0.00010120506256166018,0.0017736362109619273,0
2005-01-13,0.9996084630004073,4.084689423416694e-06,4.999034246063703e-06,0.000382453275973871,0
2005-01-14,0.9999067869620776,2.8394158835222894e-05,3.209438670576924e-06,6.160943900074433e-05,0
2005-01-17,0.9999010443277146,2.9939943951627275e-06,3.2012107593032605e-05,6.394956847940729e-05,0
2005-01-20,0.9998913574066637,2.3734239482717947e-06,6.526384919801929e-05,4.100532138344316e-05,0
2005-01-21,0.9998706503346898,2.093963699859911e-06,5.456160963447681e-05,7.269409143711217e-05,0
2005-01-24,0.9997183053168187,1.0229220798554727e-06,0.0001391611530211435,0.00014151060813735917,0
2005-01-25,0.9991512360433894,1.993422217040213e-06,0.0007432481806564165,0.00010352235376601834,0
2005-01-26,0.9953660308713317,1.3869365321119532e-06,0.004211771227203702,0.00042081096397100955,0
2005-01-27,0.9602202015861393,6.523271636422012e-07,0.038205034562396066,0.0015741115260537136,0
2005-01-28,0.8045647777198577,7.453347077359098e-07,0.19393978814163115,0.0014946888040625085,0
2005-01-31,0.36170502095299456,1.7246876053712285e-07,0.6360106280544087,0.0022841785233834603,2
2005-02-01,0.11980217558822392,8.43906783430224e-08,0.8793652801558101,0.0008324598663748893,2
2005-02-02,0.027460846618230745,2.3626453834466705e-07,0.9716037122905249,0.00093520482534295,2
2005-02-03,0.006729504184853252,1.4246857048140427e-09,0.984620443668875,0.008650050722974086,2
2005-02-04,0.0009789457530806143,6.085722690328117e-09,0.9987047422568831,0.00031630590322807405,2
2005-02-07,1.0106410234905395e-07,2.8585509622559764e-13,0.9990349362448452,0.000964962692507255,2
2005-02-08,7.532968841502912e-09,2.3532759357335616e-14,0.9994019680946441,0.0005980243727902929,2
2005-02-09,5.046611705514397e-09,2.956776056713581e-14,0.9999191286512479,8.086630322581591e-05,2
2005-02-10,8.101321179686865e-09,9.48656170825358e-16,0.9998889533960503,0.0001110385023125787,2
2005-02-11,1.077365320425414e-07,2.9291470566934883e-15,0.9999410602630339,5.8831999753656434e-05,2
2005-02-14,1.411469381384683e-07,1.3626742774111509e-14,0.9999795351852714,2.0323669006403313e-05,2
2005-02-15,1.480266556482616e-07,8.327466985692642e-16,0.9999160562893818,8.379568316220796e-05,2
2005-02-16,2.1069862908195802e-08,7.804457820582426e-15,0.9999683921535037,3.158677805547416e-05,2
2005-02-17,1.2041341475186086e-07,7.381609828472283e-13,0.9998409134341185,0.00015896615258727996,2
2005-02-18,1.0419123878599913e-07,2.962289458755015e-15,0.9856810904760633,0.014318805334486163,2
2005-02-21,2.2835122112861304e-07,9.154924147172291e-13,0.9994077471077968,0.0005920245418240374,2
2005-02-24,2.534551238258846e-06,3.4832662348149553e-13,0.9999416086234255,5.585682607234459e-05,2
2005-02-25,3.579307407454081e-06,4.690507058306994e-13,0.9999743461719944,2.2074518693181836e-05,2
2005-02-28,9.477680876286292e-06,1.3014897095046574e-11,0.9997793901964801,0.00021113211054417293,2
2005-03-01,3.249397796613124e-06,1.2825624268814414e-12,0.9894016618353259,0.01059508876446913,2
2005-03-02,4.8662287709299116e-05,2.0033955899039657e-08,0.987031616014523,0.012919701663191367,2
2005-03-03,2.615556822729535e-06,3.1378769673624304e-12,0.7542269515903851,0.24577043284985775,2
2005-03-04,8.177552247500161e-05,3.5938538986023204e-07,0.7929955912899884,0.20692227380206948,2
2005-03-07,3.234638866846635e-08,5.926438498228139e-15,0.03244435034567142,0.9675556173092212,3
2005-03-08,2.81547514707892e-05,3.20480967228151e-08,0.8247802206266034,0.1751915925723459,2
2005-03-09,6.096173166596598e-06,2.002736855876177e-09,0.8650518245228205,0.1349420773001455,2
2005-03-10,4.05689577232617e-07,2.0026384177882367e-13,0.8696026650760899,0.13039692923458607,2
2005-03-11,8.743344667417753e-06,7.660520914481408e-11,0.9986197224433789,0.0013715341368592186,2
2005-03-14,4.136603361573258e-06,1.7167372669774453e-12,0.9999433214017128,5.254199245166224e-05,2
2005-03-15,3.4008567113044077e-06,5.680353577098949e-14,0.9999555714650271,4.1027678394098864e-05,2
2005-03-16,2.5518750439950586e-06,9.804617534540153e-13,0.9999692703014743,2.817782310902345e-05,2
2005-03-17,8.538349375116987e-06,8.383034010437165e-14,0.9992728739086175,0.0007185877410045022,2
2005-03-18,0.00012133461990275071,2.1811059606198782e-10,0.999830076270417,4.858889305682314e-05,2
2005-03-21,0.0053111080585956545,4.6084136252914556e-10,0.9942696695729469,0.00041922190589090884,2
2005-03-24,0.2254698405178145,2.113772328084663e-08,0.7719222845854272,0.0026078537583317327,2
2005-03-25,0.5419286249698784,3.969559688409017e-07,0.4558682125659201,0.0022027655085756423,2
2005-03-30,0.9355849710992394,1.4050587798957185e-06,0.06332531569981162,0.0010883081418390059,0
2005-03-31,0.9948125842369382,1.3090188102538311e-05,0.00441951443292031,0.0007548111436172434,0
2005-04-01,0.9848125012681465,0.00010679037344632825,0.001828840134668242,0.013251868225233257,0
2005-04-04,0.5372902761459769,0.0005950042477915384,3.9369918992818813e-07,0.4621143259086793,3
2005-04-05,0.6700461412830006,0.2625333957795857,1.8467037478009257e-05,0.06740199589964538,1
2005-04-06,0.5717870576473971,0.41021230899066335,4.694692780461678e-06,0.01799593867076903,1
2005-04-07,0.2427267012586758,0.6867240785883564,1.8141038018898578e-08,0.0705492020131623,1
2005-04-08,0.002790168712075033,0.9949653066906856,2.0052773885421091e-10,0.002244524395785072,1
2005-04-11,5.820928455818013e-05,0.9997256454225216,4.088956442818127e-12,0.00021614528998740147,1
2005-04-12,8.090616006102099e-06,0.9998921032789021,5.145645275168396e-13,9.98061039810385e-05,1
2005-04-13,2.416944847734019e-06,0.9998612275667806,5.057137609311764e-14,0.00013635549002122708,1
2005-04-14,5.715088191286623e-07,0.999909934201972,3.4978070735806417e-13,8.949428710452206e-05,1
2005-04-15,2.047753819614707e-06,0.996417525814906,1.027073246402764e-12,0.003580426429398604,1
2005-04-18,6.675059391204607e-07,0.9805585367563397,2.4958583402408236e-14,0.019440795737421558,1
2005-04-19,1.1458863295326162e-06,0.999154832287452,6.973981842111406e-13,0.0008440218260523582,1
2005-04-20,2.1690908677562345e-09,0.9999086225858702,3.10634678267779e-17,9.137524666649409e-05,1
2005-04-21,2.882440517745613e-09,0.9999744026319787,9.427365484955842e-18,2.5594484882868218e-05,1
2005-04-22,3.5192957209807128e-09,0.9999683079442356,4.9467372918130114e-18,3.168853705155566e-05,1
2005-04-25,7.228378564410714e-09,0.9999583292543781,3.898311767606184e-17,4.166351710420659e-05,1
2005-04-26,5.466921280504324e-09,0.9997993370190915,6.0139250945346004e-18,0.00020065751451988612,1
2005-04-27,1.0847050649201329e-08,0.9999667254966872,8.56070429935731e-17,3.326365514665069e-05,1
2005-04-28,1.4821325556272796e-09,0.9999719096720601,1.985109701258244e-18,2.8088845392541605e-05,1
2005-04-29,2.5744721327782917e-10,0.9999683689803115,1.1498402731633378e-18,3.1630761376317056e-05,1
2005-05-02,6.035109904987053e-10,0.999876159821693,5.190189853564682e-19,0.00012383957304346792,1
2005-05-03,2.4387482093208073e-10,0.999970965301564,1.119568248961218e-18,2.9034453468075678e-05,1
2005-05-04,3.2447556062157e-10,0.999968966754259,5.668325214857166e-18,3.103292184527039e-05,1
2005-05-05,3.7327694016690746e-10,0.9994452070085088,5.791374167675184e-19,0.0005547926164625294,1
2005-05-06,3.3298700111535956e-09,0.9998994054872063,5.739673128344041e-16,0.00010059118464053187,1
2005-05-09,1.978263115795549e-07,0.9995102737448102,9.119106936920723e-16,0.0004895284305602745,1
2005-05-10,1.1236923050684595e-07,0.9999571829538543,2.6482116706466867e-15,4.270467822451818e-05,1
2005-05-11,1.835639491837131e-07,0.9999640715956679,2.9010855432083533e-15,3.574484199500165e-05,1
2005-05-12,3.6814973363481364e-06,0.9997446626954195,8.978112770760221e-14,0.0002516558073885792,1
2005-05-13,1.2937502058402097e-05,0.9997035754270038,5.479409521060478e-12,0.00028348706578011667,1
2005-05-16,1.6019844899244843e-05,0.9994001988816607,7.55890929712971e-13,0.0005837812744987752,1
2005-05-17,2.7593199930345064e-06,0.9999347415953931,7.959612155123124e-13,6.249908424326654e-05,1
2005-05-18,5.182661968069436e-05,0.9997396196293098,4.5013763582173e-12,0.00020855374700188067,1
2005-05-19,5.409777165060915e-05,0.99962765435864,6.707569965339367e-12,0.00031824786233360753,1
2005-05-20,3.5034724770789124e-05,0.9997132784189146,6.900598307607633e-12,0.00025168685041720783,1
2005-05-23,3.616941395243837e-05,0.9997975254635074,8.255150736889993e-12,0.00016630511292568527,1
2005-05-24,6.210923802776172e-05,0.9997694410413721,2.9879397232776344e-12,0.00016844971911858972,1
2005-05-25,1.0801915889060156e-05,0.9999315361428561,5.142241658315876e-13,5.7661942243895384e-05,1
2005-05-26,4.543655794048269e-06,0.9999198319687109,7.752200003819436e-14,7.562437414417783e-05,1
2005-05-27,4.50494940676979e-06,0.999890766826958,9.407629555594935e-14,0.00010472822179100664,1
2005-05-30,1.3161432812190395e-06,0.9999027104203565,4.975410810423562e-14,9.59734350075229e-05,1
2005-06-02,1.441876652028315e-05,0.9997357330103889,1.2948891266035466e-12,0.0002498482231108815,1
2005-06-03,3.862331312175558e-06,0.9997117328060778,1.2883178268621047e-13,0.00028440486279354536,1
2005-06-06,1.4329602286614756e-06,0.9999124553265691,3.4322176743788825e-14,8.611171182118547e-05,1
2005-06-07,5.855256385786752e-07,0.9999436210632766,6.1966079853346804e-15,5.57934099592324e-05,1
2005-06-08,2.039194956937601e-06,0.9999133752694617,6.664344465317412e-14,8.458553403111613e-05,1
2005-06-09,2.8799529280765666e-06,0.9996877003554233,3.011434252039698e-14,0.00030941969164895964,1
2005-06-10,9.492370536738244e-07,0.9999422257634069,9.131714217019677e-14,5.6824998637451816e-05,1
2005-06-13,2.1928712233713385e-06,0.999831325948277,1.3455586482893776e-13,0.00016648118180347173,1
2005-06-14,1.1432534353341976e-06,0.9995471885076839,1.2778389965485125e-14,0.0004516682406033349,1
2005-06-15,6.3709399531919e-07,0.9999301596923501,2.129646473626245e-13,6.920321240139924e-05,1
2005-06-16,1.1288292805773053e-06,0.9995420211776329,3.3092770353676247e-15,0.0004568499931326078,1
2005-06-17,4.779024764520402e-07,0.9999212164151985,1.0793963772080224e-13,7.830568124521932e-05,1
2005-06-20,2.7515041415727513e-06,0.9995882851310103,1.3874569205973417e-13,0.0004089633648840818,1
2005-06-21,2.4577673207226912e-05,0.9991155094836826,6.874111572202125e-12,0.0008599128350869958,1
2005-06-22,0.00016741140293681278,0.9994266759514081,1.2537111220688224e-10,0.00040591251904797726,1
2005-06-23,0.002188517467380191,0.9963392802045757,7.106844174521864e-10,0.0014722016189719635,1
2005-06-24,0.03185511421540315,0.965603002148007,1.869881271939668e-08,0.0025418649369183524,1
2005-06-27,0.21725070279780073,0.7768593111720923,6.345357535341743e-08,0.005889922578267925,1
2005-06-28,0.7531171243867805,0.24180591725092535,5.516720267262958e-07,0.005076406691588818,0
2005-06-29,0.9826495671745821,0.014543629495477536,3.8025580943145843e-06,0.002803000773001643,0
2005-06-30,0.9990739930551249,0.0007939074960008777,7.791560089255906e-06,0.00012430788977845804,0
2005-07-01,0.9998279673236743,5.0168924779575744e-05,1.2908923213237765e-05,0.00010895482926233451,0
2005-07-04,0.9983126558121905,1.1336632216973486e-06,0.00022018523012817657,0.0014660252952109435,0
2005-07-07,0.9936301783459526,4.5325249564096837e-07,0.0015659606713555544,0.004803407729614855,0
2005-07-08,0.9985751940050104,1.3242137576518558e-06,0.0011372774883917135,0.00028620429192489363,0
2005-07-11,0.9982660852439283,8.370299151978873e-07,0.0008972958628610713,0.0008357818639979095,0
2005-07-12,0.9968173772577178,7.466115867230349e-07,0.0024692170885724537,0.0007126590432832921,0
2005-07-13,0.9869471010787118,3.465234088189697e-07,0.010302144471278819,0.00275040792715985,0
2005-07-14,0.9410204838763322,6.677762175315861e-07,0.05554682385950896,0.003432024487751575,0
2005-07-15,0.8057913446633336,5.936340859766184e-07,0.18867471895943788,0.005533342744688404,0
2005-07-18,0.4382729950686462,1.9170694383606749e-07,0.559723748457134,0.0020030647682615786,0
2005-07-21,0.03897859111781249,1.16141776241796e-07,0.9593149614116611,0.0017063313295013465,2
2005-07-22,0.006925352388498943,8.573414701991305e-10,0.9887990644286583,0.004275582324672275,2
2005-07-25,0.0009043004245448444,1.9775526269685949e-10,0.998531271136183,0.0005644282423236687,2
2005-07-26,0.000149129868222434,3.3028957829087096e-11,0.9998102755663805,4.0594531704537195e-05,2
2005-07-27,1.655763720174043e-05,3.0910815566706847e-13,0.999935073084633,4.8369277321229244e-05,2
2005-07-28,2.6115817188843237e-06,5.94091009897457e-14,0.9999785752882886,1.8813128781700806e-05,2
2005-07-29,1.7677966369962671e-06,7.026236074048594e-15,0.9999632934384349,3.493876474574559e-05,2
2005-08-01,5.825630377986072e-07,2.0580781930570844e-14,0.999975401446733,2.4015991774356525e-05,2
2005-08-02,8.435030917297839e-07,4.2557011914723764e-15,0.9999339594958493,6.519700260662e-05,2
2005-08-03,1.9511747714414813e-06,8.733793137300333e-14,0.9999683752083343,2.9673615750099884e-05,2
2005-08-04,4.789439929813327e-06,1.2714275287118385e-14,0.9999219005562034,7.331000484530244e-05,2
2005-08-05,1.126196195583688e-06,2.5750927819618867e-14,0.9999813229258283,1.7550877771474714e-05,2
2005-08-08,5.241869279398806e-07,2.5702250286138583e-15,0.9999749447171092,2.4531097660633167e-05,2
2005-08-09,1.4428432693509271e-06,1.0429515089391397e-14,0.999980510664335,1.8046491786860512e-05,2
2005-08-10,6.201814647262023e-07,3.67185670762729e-15,0.9999756908044913,2.368901470500274e-05,2
2005-08-11,8.035222192658494e-07,1.5305315970227453e-14,0.9999760186839662,2.3177793750266942e-05,2
2005-08-12,3.862378724405735e-06,2.5772988397744907e-14,0.9999257263452089,7.041127591762836e-05,2
2005-08-15,1.654818461517745e-05,4.4311693417632255e-13,0.99993172541759,5.172639755838009e-05,2
2005-08-16,9.691753215421531e-06,1.588159787301356e-13,0.9999600428543535,3.02653936920175e-05,2
2005-08-17,1.645996962945358e-05,3.9584693680711706e-13,0.9999596556361611,2.388439203665312e-05,2
2005-08-18,1.7722043515499615e-05,3.4236547130242375e-13,0.9999240303959694,5.824755978060438e-05,2
2005-08-19,1.4592748751677376e-05,3.1560626034368385e-13,0.9999171065553661,6.830069647852926e-05,2
2005-08-22,1.3461640666747554e-05,6.767780784940713e-13,0.9999504326831358,3.610567496222375e-05,2
2005-08-23,8.513496455509792e-06,4.8215927695192574e-14,0.999934760293384,5.67262110686466e-05,2
2005-08-24,1.1056765978326082e-06,2.2290423874958126e-14,0.9999783547842278,2.0539540799953174e-05,2
2005-08-25,1.1532162026549362e-06,1.0290465069377128e-14,0.9999774451059036,2.1401676083584408e-05,2
2005-08-26,3.080754673135427e-06,3.6846554124480065e-14,0.99996882770412,2.809153986024294e-05,2
2005-08-29,2.408235776929215e-06,2.9311671883141514e-14,0.9999470533413948,5.0538423420192594e-05,2
2005-08-30,2.232119487726588e-06,7.656371844717034e-14,0.9999712375673055,2.6530311543167537e-05,2
2005-08-31,9.701264816976884e-07,2.7503217746026525e-13,0.999948809593353,5.0220278343015625e-05,2
2005-09-01,1.3249342373387975e-05,1.0127633152860449e-11,0.998844702200468,0.0011420484482842688,2
2005-09-02,4.395073843526426e-05,6.808786904747652e-13,0.988600940176674,0.011355109083848928,2
2005-09-05,3.296632330131969e-05,8.553786368857211e-11,0.9995316054032877,0.0004354281889194866,2
2005-09-08,3.458535170002437e-06,4.036423138050473e-13,0.9999400225621792,5.6518900919173576e-05,2
2005-09-09,1.4749364183318605e-05,4.68082769252883e-13,0.9999580702811304,2.7180353993620872e-05,2
2005-09-12,1.7008929192624926e-05,6.814573496737062e-13,0.9999385867681991,4.440430136823759e-05,2
2005-09-13,3.6581687972809576e-06,2.0567180198337792e-14,0.9998632859572115,0.0001330558736646004,2
2005-09-14,1.6368675504353368e-06,4.78828660208736e-14,0.9999800496614758,1.8313472107744017e-05,2
2005-09-15,8.680817597131539e-07,8.454666354214629e-15,0.9999825974105039,1.653450843985081e-05,2
2005-09-16,4.18752329118004e-06,2.090565940338245e-14,0.9999598125940744,3.599988415638487e-05,2
2005-09-19,3.29319196795642e-06,4.164505921391742e-14,0.9999625199418837,3.418686570134319e-05,2
2005-09-20,5.783907346760574e-06,1.6166744280087471e-13,0.9999663012607193,2.791483095757242e-05,2
2005-09-21,1.8950961653690066e-05,5.139661660569349e-13,0.9999003404159844,8.070862084289043e-05,2
2005-09-22,2.355988004098912e-05,7.339078692589842e-13,0.999874498563908,0.00010194155518623216,2
2005-09-23,3.483759812470329e-05,3.71523904309105e-12,0.9999106574909623,5.4504908121971466e-05,2
2005-09-26,7.039907773319434e-05,4.688159776461029e-12,0.9998386231368858,9.097778039065969e-05,2
2005-09-27,0.00025185274197058697,4.317435150951921e-11,0.999686976860389,6.117035528130545e-05,2
2005-09-28,0.0005885479693803285,9.864323799024863e-11,0.9992759010372628,0.00013555089305140324,2
2005-09-29,0.0007396351663284482,2.401739607921031e-10,0.999179470672788,8.089392156823778e-05,2
2005-09-30,0.000892649982479891,2.8925401723856664e-10,0.9990490348488349,5.83148799606311e-05,2
2005-10-03,0.0009154762280234325,4.817655967539077e-10,0.9990102068570095,7.431643494409423e-05,2
2005-10-04,0.0005912851028623458,5.441877200825424e-11,0.9991713412968115,0.00023737354731079502,2
2005-10-05,0.00020743371557141048,1.0902603473808053e-10,0.9997394084669174,5.31577083097395e-05,2
2005-10-06,0.0006682816556317729,1.876290983236098e-10,0.9991532592839388,0.0001784588710379292,2
2005-10-07,0.0011328424045027596,1.37497730422697e-10,0.9984097418607241,0.00045741559751232474,2
2005-10-10,0.0007050928674394774,3.8478694729468046e-10,0.9992064824582727,8.842428999720964e-05,2
2005-10-11,0.0007449905574877671,2.117710296747862e-10,0.9991811840249208,7.382520516584999e-05,2
2005-10-12,0.0004040504889231404,9.694835784461785e-11,0.9995229126352824,7.303678027114744e-05,2
2005-10-13,0.0003328262356001903,4.226010598464559e-11,0.9995754868071709,9.168691378357461e-05,2
2005-10-14,6.0126428484661835e-06,3.025671890345211e-13,0.9999041351298903,8.985222609484926e-05,2
2005-10-17,2.6043963406011984e-05,1.367033521099531e-12,0.9999368244846192,3.713155135118923e-05,2
2005-10-18,6.680271063636392e-05,1.4214772322439594e-12,0.9998773272179626,5.587007096247909e-05,2
2005-10-19,1.260175905416671e-05,2.7871140925656675e-13,0.9999535357955364,3.386244400885901e-05,2
2005-10-20,7.529011938620531e-06,6.03103016135224e-14,0.9999675325812208,2.4938405387912872e-05,2
2005-10-21,3.984129934856068e-06,6.36191950200185e-14,0.9999756098905369,2.0405980617673657e-05,2
2005-10-24,2.82871240408011e-06,2.2877633854395515e-14,0.9999473402645459,4.983102299194792e-05,2
2005-10-25,8.288957302209169e-06,3.4633143856631787e-13,0.9999667714137288,2.493962812397227e-05,2
2005-10-26,3.8961224131396145e-06,8.589021411643274e-14,0.9999020289297575,9.407494638637044e-05,2
2005-10-27,1.7171269764581725e-06,1.9944903026978884e-14,0.9998390188488094,0.00015926402454338628,2
2005-10-28,1.6537011476472555e-06,9.337221848874244e-14,0.9999707068161565,2.7639483338012362e-05,2
2005-10-31,1.1094125190543119e-05,9.214555293739218e-14,0.9999578929152886,3.101295832805861e-05,2
2005-11-01,3.286232107924623e-06,2.7494217457412517e-14,0.99996988750582,2.6826263064277112e-05,2
2005-11-02,1.0789777802875821e-06,2.7865668548695282e-14,0.999978964500102,1.995652268348959e-05,2
2005-11-03,1.6743425044554666e-06,2.352173799602659e-14,0.9999289875453748,6.933811146990533e-05,2
2005-11-04,1.8161452777016127e-07,2.883966129371018e-13,0.9999082920948384,9.152629213049924e-05,2
2005-11-07,2.9172217002341914e-07,2.009876445361145e-15,0.9981186727394574,0.00188103553869989,2
2005-11-08,1.22550417374297e-07,2.0210142388979425e-13,0.9999681073997538,3.1770049311355274e-05,2
2005-11-09,7.488139215929275e-08,1.8417221448308192e-15,0.9999611909479718,3.873416882232543e-05,2
2005-11-10,6.022790276960576e-08,1.953504283763678e-15,0.9999745426287432,2.539714272677173e-05,2
2005-11-11,2.2234725718683697e-07,1.680868074715029e-15,0.9999695708875572,3.020676503891428e-05,2
2005-11-14,1.0116549864206873e-07,1.9339860397372206e-15,0.9999810643540715,1.883448139084219e-05,2
2005-11-15,9.613375878839314e-08,1.1095937058582537e-15,0.9999682546277094,3.1649237887871594e-05,2
2005-11-16,7.252045881977241e-09,7.771427513574618e-16,0.9999784929444059,2.1499802484737327e-05,2
2005-11-17,8.112526136293861e-10,1.3670489597648273e-16,0.9999407388193111,5.926036964546233e-05,2
2005-11-18,3.9204902516932086e-09,3.0866020519699837e-16,0.999952673394897,4.73226835649004e-05,2
2005-11-21,4.983777121055717e-09,6.104417247075734e-16,0.9999739475143936,2.604750270668324e-05,2
2005-11-22,9.13786084304527e-09,4.572916232974161e-16,0.9999628853050196,3.710555874450787e-05,2
2005-11-23,2.088185385998847e-08,4.3319067406984195e-16,0.9999617623505658,3.8216767420413676e-05,2
2005-11-24,2.405348821355415e-08,2.8684717675178124e-15,0.9999758950065745,2.408093940391273e-05,2
2005-11-29,4.502139192152862e-09,1.727792549792882e-16,0.999897347393453,0.0001026481047449815,2
2005-11-30,3.812192690354328e-09,7.591199056781037e-16,0.9999396858947669,6.031029163049284e-05,2
2005-12-01,9.39691955968943e-10,3.0154291753969413e-16,0.9999693952767655,3.060378432796177e-05,2
2005-12-02,2.3585880577267553e-09,1.4262403227937673e-15,0.9999588590240193,4.113861738249205e-05,2
2005-12-05,4.162488024343423e-09,4.359094393536008e-16,0.9997414046568913,0.00025859118157045276,2
2005-12-06,1.4992531049128692e-08,4.469710011845897e-15,0.9999470811740973,5.290383313665803e-05,2
2005-12-07,1.765882021067599e-08,4.763428231836752e-15,0.9999611889435233,3.879339849786258e-05,2
2005-12-08,4.380896946738166e-09,7.309496517722915e-16,0.9998974971536768,0.00010249846599333571,2
2005-12-09,2.9648653042023728e-08,1.2530533596864875e-15,0.9999339644650002,6.600588667914143e-05,2
2005-12-12,5.904079000471074e-07,6.553282047537052e-14,0.9999797100302459,1.969956049220384e-05,2
2005-12-13,1.7910564905803205e-06,7.369966506495705e-15,0.9998769959515679,0.0001212129908208704,2
2005-12-14,3.0927767189776233e-07,7.031015636559836e-13,0.9999454793125656,5.421140919936854e-05,2
2005-12-15,0.00016130554484818321,8.028719415432457e-13,0.998467808912949,0.0013708855417869864,2
2005-12-16,1.2910895260892707e-05,3.5383219288089713e-12,0.9999516823659158,3.5406736169609674e-05,2
2005-12-19,3.19656554254717e-06,5.235092309858864e-14,0.9999739243083317,2.2879127579088338e-05,2
2005-12-20,4.44147874678002e-06,1.1971616244527966e-13,0.9999620595330106,3.349898725223152e-05,2
2005-12-21,4.78558230407037e-06,3.569002220470301e-14,0.9998877537282314,0.00010746068988629316,2
2005-12-22,8.522517541600107e-06,3.3370262889221116e-13,0.9999695410424877,2.1936439583500752e-05,2
2005-12-23,1.7530252948677073e-05,1.027152649190394e-12,0.9999525824970268,2.9887248582187563e-05,2
2005-12-26,0.0008016107959271389,6.555916761498996e-11,0.9990510365441259,0.00014735259326262843,2
2005-12-29,0.02946292472407875,3.969497818140683e-09,0.9702095285596314,0.0003275427484331699,2
2005-12-30,0.11993402352829247,3.384882298721193e-08,0.8791957796943516,0.0008701629270908149,2
2006-01-02,0.32902584758045683,1.4057614031579586e-07,0.6697470556295139,0.0012269562126373274,2
2006-01-06,0.728390434442551,4.5519864302702845e-07,0.2702209954701881,0.0013881148889249273,0
2006-01-09,0.9652441581481142,8.931429723587241e-07,0.033468544631824665,0.0012864040780526929,0
2006-01-10,0.9957662603738431,2.2402669864248296e-06,0.0039749185235833685,0.0002565808345587865,0
2006-01-11,0.9983855899876269,1.497408258907678e-06,0.0015525970275565586,6.031557831518039e-05,0
2006-01-12,0.9990194113686482,1.1238714298633262e-06,0.0009061940659443642,7.327069244749626e-05,0
2006-01-13,0.9987927203582015,9.120405110633057e-07,0.0010877556996685413,0.00011861189998250002,0
2006-01-16,0.9995809749509081,1.0262347207447723e-06,0.00033131837614932776,8.668043817373696e-05,0
2006-01-19,0.9998771507976507,2.3373130541772173e-06,6.386011113198335e-05,5.66517765872994e-05,0
2006-01-20,0.9999389961212589,4.461291907603605e-06,1.7736446735607045e-05,3.880613933351561e-05,0
2006-01-23,0.9999378817314384,5.193243428772496e-06,1.093383231927143e-05,4.59911926674438e-05,0
2006-01-24,0.9996925605201259,2.9910767275168667e-06,4.582836275361045e-06,0.00029986556609761623,0
2006-01-25,0.9999367408418605,9.864300442795165e-06,7.638657147926899e-06,4.5756201988754804e-05,0
2006-01-26,0.9997696160642032,6.8070916686364015e-06,2.9181136176603713e-05,0.00019439570792042206,0
2006-01-27,0.9988834477236348,0.0006190463620426189,2.9516967729901364e-05,0.0004679889482361617,0
2006-01-30,0.941233772286638,0.05631437368672707,1.5064148254300278e-06,0.0024503476118228574,0
2006-01-31,0.7184615797262257,0.27858199391392946,6.098783259043453e-07,0.0029558164800185536,0
2006-02-01,0.5358400524386963,0.45919439096917397,2.619327257731942e-07,0.004965294659727066,0
2006-02-02,0.30382716530574083,0.6916327625646358,1.400646528601682e-07,0.004539932065562542,1
2006-02-03,0.12298034548007801,0.8754135248711807,4.814622895264845e-08,0.0016060815033371023,1
2006-02-06,0.005369524075326676,0.9929864170440438,3.0925558152590497e-10,0.0016440585723922153,1
2006-02-07,8.468984234558028e-05,0.9997624552727378,4.955657752390322e-12,0.0001528548786648285,1
2006-02-08,2.5714769411788683e-06,0.9999211074408594,4.78592137757516e-14,7.63210835801572e-05,1
2006-02-09,1.1962495643799926e-06,0.9999450281478589,2.203578162229945e-14,5.3775601323360455e-05,1
2006-02-10,5.810983365170776e-06,0.9998985485823906,1.8786696501490396e-13,9.564043330916237e-05,1
2006-02-13,0.00024481825958503706,0.9996246613632004,2.6098655726025854e-11,0.00013052034978888,1
2006-02-14,0.007688769379305092,0.9908173582578638,5.29992673591972e-10,0.0014938718323234202,1
2006-02-15,0.24498832963615447,0.750159171474576,6.21586717162888e-08,0.004852436731666353,1
2006-02-16,0.37929770263117135,0.6097972888048246,2.1028566973354416e-07,0.010904798278672662,1
2006-02-17,0.665158150045963,0.32614954630487986,6.23105071719038e-07,0.0086916805444777,0
2006-02-20,0.8459062753015535,0.14508557177800158,1.0456490314863708e-06,0.009007107272874536,0
2006-02-23,0.9392832336454442,0.05926810137151479,1.6297690456382898e-06,0.0014470352134189975,0
2006-02-24,0.9750048550054127,0.02469094083044183,2.302269253875694e-06,0.00030190189401858224,0
2006-02-27,0.9799510896536473,0.019832150570902644,1.114632770793163e-06,0.0002156451443861531,0
2006-02-28,0.9819623491087122,0.017755671225638904,8.341825347460722e-07,0.00028114548432168606,0
2006-03-01,0.9835343521844994,0.01564182671074873,3.91674249289556e-07,0.0008234294292451628,0
2006-03-02,0.991344236424637,0.008334143690146838,1.087739952962307e-06,0.0003205321452149415,0
2006-03-03,0.9961238966411486,0.002523304016944323,6.690407709263779e-07,0.0013521303021826769,0
2006-03-06,0.9997399482424383,0.00018595794881094398,6.17081333247834e-06,6.792299547407611e-05,0
2006-03-07,0.9998517165888274,1.6268872199232052e-05,5.142006092912733e-06,0.0001268725340873494,0
2006-03-08,0.9998288613636064,8.315718478271648e-06,5.271168390357474e-06,0.00015755175012934926,0
2006-03-09,0.999935775383829,1.4928199173594049e-05,6.3507999288379875e-06,4.2945616037356363e-05,0
2006-03-10,0.999740094407521,7.153691738049175e-05,1.4068575075192203e-06,0.00018696181665647313,0
2006-03-13,0.9996720704516087,7.304514507792228e-05,1.3352054070465482e-06,0.00025354919687497107,0
2006-03-14,0.9998543396479981,4.75473193134603e-05,2.0392712672270978e-06,9.607376072027303e-05,0
2006-03-15,0.9997225915126748,6.119049201539841e-05,1.2278053568127256e-06,0.00021499019023157423,0
2006-03-16,0.9998548676456697,5.7204545312791175e-05,1.7749927095969944e-06,8.615281767258e-05,0
2006-03-17,0.9997213813190465,5.85557050315519e-05,1.3778910710831815e-06,0.00021868508402897137,0
2006-03-20,0.9998301689612822,9.094084935611855e-05,1.6877078043804776e-06,7.720248006709981e-05,0
2006-03-21,0.999834556261133,7.674403874522801e-05,2.037281017777759e-06,8.666241891448767e-05,0
2006-03-22,0.999813138305741,4.90619129446746e-05,2.5443043183375186e-06,0.00013525547625940364,0
2006-03-23,0.9998882344878465,4.237763295935561e-05,2.721291851841774e-06,6.666658866268179e-05,0
2006-03-24,0.9998459523771215,2.669659153234185e-05,2.8376193619862635e-06,0.00012451341163719344,0
2006-03-27,0.9999041653076697,2.2709439894206214e-05,3.214255346792995e-06,6.991099759785942e-05,0
2006-03-28,0.9999367075237209,1.0588728782221106e-05,1.2273525828720902e-05,4.0430221110771244e-05,0
2006-03-29,0.9995311973478858,1.1056103373676159e-06,0.00036517424874000056,0.00010252279483268866,0
2006-03-30,0.9993923891916837,8.325427892355424e-07,0.0004129766465388787,0.0001938016207446098,0
2006-03-31,0.9988131141410721,3.9660754232203884e-07,0.0003720619092421796,0.0008144273422305961,0
2006-04-03,0.9992395389177909,9.929749012090636e-07,0.0006180870987677545,0.00014138100694546557,0
2006-04-04,0.9999223133400551,5.827699409362302e-06,2.5709028303985065e-05,4.6149932698951284e-05,0
2006-04-05,0.9997016116190863,3.886229684728707e-06,5.971558754202136e-06,0.00028853059124012305,0
2006-04-06,0.9999387364145538,5.344496560682454e-06,1.3161508585852655e-05,4.275757896635719e-05,0
2006-04-07,0.9998479544905909,7.262077374493617e-06,5.734680907048649e-06,0.0001390487520581001,0
2006-04-10,0.9998778415724692,5.522272014913876e-06,7.83637745326341e-06,0.00010879977938758965,0
2006-04-11,0.9999274582852378,1.0829956449115133e-05,5.797626120416594e-06,5.591413211842924e-05,0
2006-04-12,0.9999158703388092,1.4523604226809816e-05,4.057598195838841e-06,6.554845771605704e-05,0
2006-04-13,0.9999431582803645,7.4419975627856175e-06,1.0530198004056326e-05,3.886952368622642e-05,0
2006-04-14,0.9998805347265382,5.515087209860428e-06,8.17034609299329e-06,0.00010577984195925745,0
2006-04-19,0.9998105580346153,1.3688476512261115e-06,3.904970258227576e-05,0.00014902341362505071,0
2006-04-20,0.999745447291042,1.921840277814691e-06,0.00020295934377837906,4.9671526641110596e-05,0
2006-04-21,0.9985591426203091,1.9183526742748078e-06,0.0013331520263148435,0.00010578700153796697,0
2006-04-24,0.9889570428863298,2.2328464920341186e-06,0.010744731930385063,0.00029599233853648126,0
2006-04-25,0.8846231409368907,5.445872438778503e-07,0.11291045601848074,0.0024658584579160437,0
2006-04-26,0.31236026875210626,5.6101103948575446e-08,0.6848354487090669,0.002804226436813871,2
2006-04-27,0.03917780577519185,2.3483534054790406e-08,0.9601369953257477,0.0006851754147241978,2
2006-04-28,0.0036435707559794635,7.099097667355896e-10,0.9958188058818456,0.0005376226519499142,2
2006-05-01,0.0002586029090216414,1.065946154462079e-11,0.999596121912829,0.00014527516710072206,2
2006-05-02,1.449708721596093e-05,1.9039075762667887e-12,0.9999619614204497,2.3541488726675487e-05,2
2006-05-03,1.6604031070583185e-05,4.4902985336758023e-13,0.9999285176538573,5.487831475326473e-05,2
2006-05-10,0.0003165316143724608,2.4894834689501824e-11,0.9996059254959693,7.75428649978845e-05,2
2006-05-11,0.0019707517323722186,4.1966548446198835e-10,0.9979270377928671,0.00010221005647047521,2
2006-05-12,0.010520196080375384,2.8161439589206745e-09,0.989274554210955,0.00020524689106736485,2
2006-05-15,0.04058801591880089,5.972222327278922e-09,0.9562145472389721,0.0031974308712081016,2
2006-05-16,0.4937760204963407,1.200592830780706e-07,0.5000606628079864,0.006163196636231811,0
2006-05-17,0.8932594575924238,8.457970955269504e-07,0.1042804024957047,0.0024592941157737694,0
2006-05-18,0.975753622997727,5.35733799217461e-07,0.021977405633526192,0.0022684356332081396,0
2006-05-19,0.9942794889338897,1.5257475894307565e-06,0.005488336495816088,0.00023064882355271023,0
2006-05-22,0.9972318135245334,1.5710632282806033e-06,0.0016049923058173376,0.0011616231046493355,0
2006-05-23,0.9993992941176865,1.6951037673702016e-06,0.0003302813608397109,0.000268729417929585,0
2006-05-24,0.9997500583171439,1.6114112002260126e-06,0.00015421179029177169,9.411848292995882e-05,0
2006-05-25,0.999679754194907,1.4302888656938261e-06,0.00017472769240411628,0.00014408782302785623,0
2006-05-26,0.9998031765281201,1.099926640362931e-06,7.984110652121714e-05,0.0001158824401496015,0
2006-05-29,0.9998445773793561,2.0872572123689228e-06,7.581594486141631e-05,7.75194195606288e-05,0
2006-06-01,0.9999022057036708,3.622395299067092e-06,2.908757380892381e-05,6.508432722382615e-05,0
2006-06-02,0.9999425370836943,4.574504984457388e-06,1.8204087245261987e-05,3.468432496752251e-05,0
2006-06-05,0.9999025651045288,4.73901874057932e-06,6.628821012731511e-06,8.606705467505813e-05,0
2006-06-06,0.9998978910700977,9.10515666381986e-06,1.1508465233204231e-05,8.149530886052206e-05,0
2006-06-09,0.9996926323699415,5.5975998093028065e-05,1.931087110685805e-06,0.0002494605433488462,0
2006-06-12,0.9997661542324278,0.00017087959584445678,6.131022901829003e-06,5.6835149232053114e-05,0
2006-06-13,0.9970381231425037,0.002796661438363205,3.7328246019978644e-06,0.00016148259273886072,0
2006-06-14,0.9732256004980853,0.025008577888940297,1.2860402022828158e-06,0.0017645355722076207,0
2006-06-15,0.924397833806867,0.07449682342104286,1.0007590374432362e-06,0.001104342011924271,0
2006-06-16,0.8061042284218392,0.19168517010718084,6.199824476650378e-07,0.002209981489441325,0
2006-06-19,0.5980381782781976,0.3991095935190593,4.6732266088763943e-07,0.0028517608802373297,0
2006-06-20,0.2940150227234418,0.7027804645511138,1.3486021958558549e-07,0.0032043778643782972,1
2006-06-21,0.13186743253221023,0.8666066450283623,5.911801665338109e-08,0.0015258633214235797,1
2006-06-22,0.06277130019868118,0.9358597229341994,4.3523132431682e-08,0.0013689333445085316,1
2006-06-23,0.028634161497066327,0.9688179597546789,1.0851283934299426e-08,0.002547867897599328,1
2006-06-26,0.0148021685293778,0.98465454955702,7.747325400031474e-09,0.0005432741666993082,1
2006-06-27,0.014691229728020299,0.9838597175206406,2.0642007277170193e-09,0.0014490506860611455,1
2006-06-28,0.24100251670969466,0.7552330986966993,5.538581201581093e-08,0.003764329207379297,1
2006-06-29,0.5176405937809688,0.47728131803835977,3.2142805641456114e-07,0.005077766752696269,1
2006-06-30,0.8984217148243954,0.08277384015647134,5.259603500635461e-07,0.0188039190577403,0
2006-07-03,0.9697461464074507,0.02817165792479417,2.557420286352936e-06,0.0020796382470160972,0
2006-07-04,0.9787134138970114,0.02112790200610645,3.546150007947347e-06,0.00015513794807828896,0
2006-07-07,0.9748452196681874,0.024837119275116285,1.1020328241861718e-06,0.0003165590222846465,0
2006-07-10,0.9641294371649812,0.035005063993367065,9.302375326701189e-07,0.0008645686036749303,0
2006-07-11,0.9263038946074259,0.07249334133879387,1.3165832469245977e-06,0.0012014474703298888,0
2006-07-12,0.823273895623409,0.1752819345393404,1.0379986885067372e-06,0.0014431318380229616,0
2006-07-13,0.6345087427689874,0.3588432582683056,5.092953744402406e-07,0.006647489666034174,0
2006-07-14,0.11609937285127511,0.878124450025903,1.295587412460591e-08,0.0057761641674913145,1
2006-07-17,0.009470356811742579,0.9897453494257975,1.2278711513132069e-09,0.0007842925346253732,1
2006-07-20,1.421911946947317e-06,0.9997755209031469,7.173208983755961e-15,0.00022305718349527795,1
2006-07-21,1.0301694761327969e-08,0.9999651208389189,6.903880957868177e-17,3.486885905097767e-05,1
2006-07-24,2.0798643112194025e-08,0.9999699947429358,3.165610406357416e-17,2.9984459844224683e-05,1
2006-07-25,1.963139214742867e-09,0.9999596734906409,2.799002449143774e-18,4.032454759043787e-05,1
2006-07-26,7.101591243030339e-10,0.9999639230114111,4.164686596622576e-18,3.607627995395556e-05,1
2006-07-27,1.0723982371365529e-11,0.9998827706874419,7.923375767756308e-21,0.00011722930318631011,1
2006-07-28,1.3509634302070345e-11,0.9999684952578454,1.4288153735337863e-19,3.1504727315757685e-05,1
2006-07-31,1.0195262305722915e-12,0.9999177916575442,7.212621249416639e-22,8.220833965770536e-05,1
2006-08-01,5.2951456337825825e-11,0.9999738869581779,1.5820537827651678e-19,2.6112989746217147e-05,1
2006-08-02,1.9503837105058448e-10,0.9999684111249637,4.0771009942746115e-19,3.1588681700579784e-05,1
2006-08-03,1.7681247496230556e-10,0.999909653477197,3.378559709291045e-19,9.034634490969925e-05,1
2006-08-04,1.7209068949283623e-10,0.9999480611068969,1.8421546032149075e-18,5.193872151637229e-05,1
2006-08-07,1.6681717602511463e-11,0.9999003969154415,1.6855880085658106e-20,9.960306798264565e-05,1
2006-08-08,4.14386410081454e-11,0.9999696285223032,2.181912848180145e-19,3.0371438065892224e-05,1
2006-08-09,2.3820288649015666e-11,0.9999594179693467,2.0417116856523758e-20,4.058200665117016e-05,1
2006-08-10,1.2900953869870631e-09,0.9999695353492243,2.4009265643541296e-18,3.0463361028957255e-05,1
2006-08-11,7.000688243935783e-11,0.9999544822049365,1.9102939908564444e-19,4.551772673446725e-05,1
2006-08-14,1.95902719884298e-11,0.99994048225518,3.507182470827684e-20,5.9517724613064754e-05,1
2006-08-15,8.801474582404042e-11,0.9999732689110129,3.260150382811461e-19,2.6731000009380153e-05,1
2006-08-16,7.380141054541536e-11,0.9999445180659183,9.61032431806015e-20,5.548185947781822e-05,1
2006-08-17,6.113689040602345e-11,0.9999534723885141,1.216648893469329e-19,4.652755181279217e-05,1
2006-08-18,2.45270021597956e-10,0.999962384901543,4.094010828654309e-19,3.761485489390215e-05,1
2006-08-21,2.0644682508814193e-10,0.9999739312312249,6.614773569371027e-19,2.606856250466504e-05,1
2006-08-22,1.5070309678093719e-09,0.9999284271910713,2.415205198930278e-18,7.157130346140995e-05,1
2006-08-23,9.93892472057438e-12,0.9999151335866688,3.4979723571093746e-20,8.48664043692582e-05,1
2006-08-24,1.340496602061651e-11,0.9999714593285017,4.7585831806003205e-20,2.854065849756821e-05,1
2006-08-25,2.1277242270821108e-11,0.9999659028064078,2.52123503877067e-20,3.4097171618560375e-05,1
2006-08-28,8.121209590140562e-11,0.9999709175835827,1.1382427682042648e-19,2.908233379802812e-05,1
2006-08-29,4.5024057144177315e-11,0.9999693955459676,5.3543066319746675e-20,3.060440818354214e-05,1
2006-08-30,2.9953032975967137e-11,0.9999576971930136,2.6630710430866392e-20,4.230277653834711e-05,1
2006-08-31,3.239319746645322e-11,0.9999686446431117,1.0762452020375291e-19,3.135532315394815e-05,1
2006-09-01,3.138505257108649e-14,0.9999447035670963,1.728540942747611e-22,5.529643178687319e-05,1
2006-09-04,1.4002637409296888e-13,0.9999320157812747,4.359587046685292e-22,6.798422002032401e-05,1
2006-09-07,2.1393279565073707e-11,0.9999556018771791,1.2322010690851533e-19,4.4398100666819916e-05,1
2006-09-08,4.2349718483938405e-11,0.999943466254191,1.9835703894948964e-19,5.653370457152932e-05,1
2006-09-11,4.6211505864812417e-11,0.9999276703967785,1.7590277991492254e-19,7.232955847758467e-05,1
2006-09-12,9.566082649772936e-14,0.9999592185143592,7.463872506488995e-22,4.078148493513063e-05,1
2006-09-13,9.503889418359243e-15,0.9999502330444128,4.987661942734602e-23,4.976695588531075e-05,1
2006-09-14,2.2955568347136992e-14,0.999952276302917,2.0138046904608008e-22,4.772369855094208e-05,1
2006-09-15,2.0911307095955703e-14,0.9999226901872624,6.932896107657671e-22,7.730981223990412e-05,1
2006-09-18,1.5540512803762048e-14,0.9996693434005811,1.6435722586170172e-20,0.0003306565993403489,1
2006-09-21,4.332828230050223e-18,0.9929698450347366,5.435128752664417e-23,0.007030154964912271,1
2006-09-22,4.1870106425886934e-19,0.9350074777502206,1.7770439718483462e-23,0.06499252224840195,1
2006-09-25,2.8142823046299276e-18,0.8889699655639648,2.0473690384565402e-23,0.1110300344374395,1
2006-09-26,2.5303208160940063e-18,0.9888807753920971,1.8931921992040201e-22,0.01111922460838652,1
2006-09-27,1.5902788319500917e-17,0.9977602626719513,5.963725718546949e-23,0.0022397373288318818,1
2006-09-28,8.278716951809738e-16,0.9998544329813036,6.877734553023474e-22,0.00014556701882871946,1
2006-09-29,3.192639153176482e-16,0.9998739941670144,1.4047038064097454e-23,0.00012600583218618888,1
2006-10-02,1.5316597341357715e-15,0.9999154515518222,5.241777732404132e-23,8.454844928650701e-05,1
2006-10-03,1.3774631735614234e-13,0.999935172536883,8.208383892992886e-22,6.482746347086572e-05,1
2006-10-04,5.256283705592702e-13,0.9999409755213161,1.0789043148969316e-20,5.9024479331746254e-05,1
2006-10-05,7.001172816924438e-14,0.9998012943337039,3.997992230977689e-22,0.00019870566588599072,1
2006-10-06,1.5042218439857404e-13,0.999956853392606,9.044388196195104e-21,4.3146606282509226e-05,1
2006-10-09,1.0765998785088443e-11,0.9998486839729376,1.8971254610729096e-20,0.00015131601544205136,1
2006-10-12,8.767765208761328e-11,0.9999702769543515,7.317896220580314e-19,2.972295807957804e-05,1
2006-10-13,1.7898396187908685e-12,0.9999537075983932,1.7915917503075507e-21,4.6292400215227e-05,1
2006-10-16,8.314226722585199e-13,0.9999655871825406,1.8795368149593364e-21,3.441281666314751e-05,1
2006-10-17,1.2962987548604746e-11,0.9999705991496955,2.5605977419553022e-20,2.940083623106341e-05,1
2006-10-18,2.1742067012040384e-11,0.9999528340804668,2.308456368176837e-20,4.7165897861870796e-05,1
2006-10-19,5.981748536408926e-11,0.9999673183476276,3.166485205512885e-19,3.26815926203287e-05,1
2006-10-20,7.321154529387339e-11,0.9998933537290688,4.5737824044032476e-20,0.00010664619750495179,1
2006-10-23,9.115203409930019e-11,0.9999681007606543,8.083922194949032e-19,3.1899147201662725e-05,1
2006-10-24,7.622562929893556e-10,0.9999249636234997,9.020770312802018e-19,7.503561462534642e-05,1
2006-10-25,2.831488375474835e-10,0.9999728831028343,7.244222454587969e-19,2.7116612332836145e-05,1
2006-10-26,3.3287569348548526e-09,0.9999663838546101,1.2190711341658056e-17,3.361281658751724e-05,1
2006-10-27,1.4851992508264319e-08,0.9998577522720034,2.849921143180945e-17,0.0001422328772900814,1
2006-10-30,1.4680886972207945e-08,0.9999255814771121,6.550649131711898e-17,7.440384176866161e-05,1
2006-10-31,5.302180319913577e-08,0.9999666830610774,3.200861785597585e-16,3.326391699434822e-05,1
2006-11-01,1.5542161220313047e-08,0.9999412601909468,2.2019040010628235e-17,5.8724266913118536e-05,1
2006-11-02,1.1421881839852702e-08,0.9999582236264327,2.5682346763389647e-17,4.176495116094711e-05,1
2006-11-03,5.06862052918955e-08,0.9999705693846285,1.9113765190317458e-16,2.9379927385065152e-05,1
2006-11-06,1.7573529754947006e-07,0.9999366736744713,3.425932813802505e-16,6.315059184470403e-05,1
2006-11-07,6.77025742367703e-08,0.9999577753334957,4.60956147123701e-16,4.215696373960846e-05,1
2006-11-08,1.1981422542763172e-07,0.9999102755919531,3.478411577084715e-16,8.960459409907433e-05,1
2006-11-09,1.699327414476092e-07,0.9999408192720857,1.3891772674942809e-15,5.9010795355233747e-05,1
2006-11-10,3.970578641484314e-06,0.9999445835968347,2.215660767220892e-14,5.1445822951939396e-05,1
2006-11-13,2.156217908535464e-07,0.9999599059954308,6.764567968195178e-16,3.9878382936421274e-05,1
2006-11-14,2.478728742044175e-07,0.9999626841650191,8.220289448108667e-16,3.706796170187474e-05,1
2006-11-15,5.25813094514048e-07,0.9999511297292215,1.6587292991839356e-15,4.83444561146248e-05,1
2006-11-16,6.683743280245628e-07,0.9999593093473518,2.8036358759436972e-15,4.002227809885332e-05,1
2006-11-17,4.5967891413059663e-07,0.9999589725133813,1.5153315016399527e-15,4.056780758472213e-05,1
2006-11-20,3.8925699147690895e-07,0.9999533588197445,1.1552514681655447e-15,4.625192423629604e-05,1
2006-11-21,1.8177120330585741e-06,0.9999522542723691,3.087123721042867e-14,4.592801647935855e-05,1
2006-11-22,4.260294955243981e-05,0.9998141869723308,1.948257684045106e-12,0.00014321007706786888,1
2006-11-23,0.0037621381162730705,0.9923706915955568,9.483972773673658e-11,0.003867170191726218,1
2006-11-28,0.2240700145297392,0.7708257105363601,1.1408671490194963e-07,0.005104160846594524,1
2006-11-29,0.49308756643352725,0.4979937175123488,2.2387543395484414e-07,0.008918492180033774,1
2006-11-30,0.9676498661419362,0.030799520563098152,5.576234554485336e-06,0.0015450370607535035,0
2006-12-01,0.9975753715251869,0.0021936552768373856,4.727728887577147e-06,0.00022624546872718746,0
2006-12-04,0.9996381375756974,0.00023346984668390383,3.1072122925471348e-06,0.00012528536440546006,0
2006-12-05,0.9998514566756321,3.546682957241657e-05,2.5666516988484782e-06,0.00011050984224672658,0
2006-12-06,0.999932215125342,1.411285590893331e-05,6.106705916096863e-06,4.7565312632571926e-05,0
2006-12-07,0.999866273810759,2.2764957042143506e-05,4.1344208639635285e-06,0.0001068268097830254,0
2006-12-08,0.999884953854157,4.983126630603901e-05,3.0118812656837987e-06,6.220299662827085e-05,0
2006-12-11,0.9993149257216092,0.0001291103098402688,9.442454843511059e-07,0.0005550197241452157,0
2006-12-12,0.9997901057024325,8.03672583671453e-05,3.875496737397121e-06,0.0001256515439214903,0
2006-12-13,0.9992012240825099,8.458822393640076e-06,0.0006423501355093337,0.00014796695814064923,0
2006-12-14,0.9673095160949333,1.6071860215885808e-06,0.03223103347987107,0.0004578432403194123,0
2006-12-15,0.8083058806780486,5.360023367346559e-07,0.19019830009091232,0.0014952832295261444,0
2006-12-18,0.214479468792567,4.553035314923238e-08,0.7835659505093635,0.0019545351689247183,2
2006-12-19,0.030043566528939355,3.194409950818982e-09,0.9694506667526847,0.000505763523314365,2
2006-12-20,0.0003201709458218064,1.8558115009368388e-11,0.9995910810578811,8.874797747696932e-05,2
2006-12-21,1.0059911460933046e-05,6.503293543825473e-13,0.9999676775354285,2.226255220237234e-05,2
2006-12-22,1.8316799055191794e-05,3.332580839599076e-13,0.9999567561354438,2.492706474426434e-05,2
2006-12-25,2.975245688111068e-05,4.586316739751753e-13,0.9999112382571077,5.9009284593752336e-05,2
2006-12-28,4.6260627768535195e-05,1.5613169119436504e-12,0.9999221751148851,3.156425426699213e-05,2
2006-12-29,2.1725354654341274e-05,2.246684048428495e-13,0.9999349160323838,4.335861335831859e-05,2
2007-01-01,6.96682717461939e-06,1.0732380699097926e-13,0.9999708603562041,2.2172817472929976e-05,2
2007-01-05,6.93563364186935e-06,9.902972548500116e-14,0.999966186217161,2.6878150244261916e-05,2
2007-01-08,1.8275853425897565e-06,1.4352983900628336e-14,0.9999461294532633,5.204296077156593e-05,2
2007-01-09,8.765445408721212e-07,1.4615524086525826e-14,0.9999762047148445,2.2918741260237707e-05,2
2007-01-10,5.31785656704664e-07,4.358909117429602e-15,0.9999764760070572,2.2992208486200268e-05,2
2007-01-11,1.0399763274039038e-07,1.0612469605386612e-15,0.9999769770142001,2.2918989072937917e-05,2
2007-01-12,6.123144504216227e-07,5.342011323793064e-15,0.9999782811785985,2.1106506750510495e-05,2
2007-01-15,2.1449843971325764e-07,1.1229496977593574e-15,0.9999704641482804,2.9321352984818017e-05,2
2007-01-18,1.3833659697405903e-07,1.5491694347472578e-15,0.9999840365672721,1.5825095212862326e-05,2
2007-01-19,1.0930595473571036e-07,6.5429743416239e-16,0.999981699049503,1.8191642808914122e-05,2
2007-01-22,8.677219000740186e-08,7.391187195568167e-16,0.9999834906537601,1.6422572269375723e-05,2
2007-01-23,1.7352338221148226e-07,1.0878918425342368e-15,0.9999818125414571,1.801393431299067e-05,2
2007-01-24,1.0931589322514214e-07,8.46812550664355e-16,0.9999805081323512,1.938255184997394e-05,2
2007-01-25,4.444475990275871e-08,9.871779532290792e-16,0.9999773084919762,2.2647064612843252e-05,2
2007-01-26,5.543393827400659e-07,3.1398712398439432e-15,0.9999568249412017,4.262071829360976e-05,2
2007-01-29,1.3189003421042246e-07,1.7691324943537631e-15,0.9999741707604477,2.5697351326456478e-05,2
2007-01-30,3.4971760078592557e-07,3.0486802349943076e-15,0.9999829595759708,1.6690705330979615e-05,2
2007-01-31,2.7371066547786085e-07,2.1418456619310004e-15,0.9999783919635672,2.133432703267102e-05,2
2007-02-01,2.2972720770902776e-07,1.0062104280311037e-15,0.9999706952040684,2.9075070427562584e-05,2
2007-02-02,5.121063257012384e-07,2.1766592690918844e-14,0.9999830816098979,1.6406282313174172e-05,2
2007-02-05,6.027087627199751e-07,2.044528989743434e-15,0.9999102148613482,8.918243035722247e-05,2
2007-02-06,3.684626152753714e-07,1.633317065676155e-14,0.9999829778601409,1.6653677083222603e-05,2
2007-02-07,1.0610034218804347e-06,1.3437291867734952e-14,0.9999708383761768,2.8100620718707877e-05,2
2007-02-08,2.424985941424683e-06,1.4537395802687266e-14,0.9999334378988429,6.4137114642948e-05,2
2007-02-09,1.3487424127245242e-06,2.944364499321816e-14,0.9999803488029118,1.8302455069096208e-05,2
2007-02-12,1.8721259120981677e-06,1.1483326940533878e-14,0.999974426591094,2.370128307656299e-05,2
2007-02-13,2.5937854779884707e-06,2.2141301354297558e-14,0.9999670258382686,3.0380375634700523e-05,2
2007-02-14,5.642157599381494e-06,5.5942530165343187e-14,0.9999594440562344,3.4913786687729454e-05,2
2007-02-15,7.3976596335687436e-06,7.19834651820039e-14,0.9999507844219329,4.181791859567151e-05,2
2007-02-16,6.337672505144271e-06,8.697733707301283e-14,0.9999580930866635,3.556923948992168e-05,2
2007-02-19,1.4874218324890483e-05,4.10465450984842e-13,0.999955755062039,2.9370717671786614e-05,2
2007-02-22,4.817131283337585e-05,6.337479863647432e-13,0.9999056139767432,4.621470994193448e-05,2
2007-02-23,2.7900635043605545e-05,1.3534747148279558e-12,0.9999460625908172,2.6036774175599312e-05,2
2007-02-26,6.893488353914551e-05,1.1424742259744128e-11,0.9998875845703067,4.348053522646355e-05,2
2007-02-27,0.0003731803652758792,6.948088026626519e-10,0.9989573358634315,0.0006694830770885519,2
2007-02-28,0.00042202987941701575,2.290870830932094e-11,0.9923781138638481,0.007199856235455994,2
2007-03-01,0.0006461488455457462,5.04968619831404e-09,0.9991992397563577,0.0001546063475198309,2
2007-03-02,0.0019304912325499696,6.886076870718318e-10,0.9979661640452766,0.00010334403454304455,2
2007-03-05,0.011947214955404229,1.5456315549142563e-09,0.987517305649439,0.000535477850056872,2
2007-03-06,0.0596191115933401,2.987460894240171e-08,0.9392442273843206,0.0011366311476406423,2
2007-03-07,0.2511276108811978,4.593682116727494e-08,0.7322088019591662,0.016663541224380688,2
2007-03-08,0.8439663085885438,1.872858717890416e-06,0.15267872404905317,0.003353094503872763,0
2007-03-09,0.9391314572117508,1.4818172306077309e-06,0.060458413099607915,0.0004086478705201594,0
2007-03-12,0.9745711426986567,7.516962809837105e-07,0.024354148795618553,0.0010739568085908295,0
2007-03-13,0.9983355266586081,2.4289054647813825e-06,0.0015090400835044188,0.00015300435365079828,0
2007-03-14,0.9995098739559173,2.2176373265149205e-06,6.084083817998926e-05,0.00042706756903448365,0
2007-03-15,0.999933364638467,6.142964216116011e-06,1.2238006123073423e-05,4.825438943294611e-05,0
2007-03-16,0.9999431153437423,7.625739199840259e-06,9.989596325743285e-06,3.92693212988786e-05,0
2007-03-19,0.9999302129413662,3.6041194550114463e-06,1.4233254367232526e-05,5.194968487081052e-05,0
2007-03-20,0.9999372686575055,7.821209791156427e-06,1.0743904737826222e-05,4.416622767190427e-05,0
2007-03-21,0.9999390031275787,5.557785095325155e-06,1.0137338523336795e-05,4.53017501264003e-05,0
2007-03-22,0.999912498334628,5.1561316922854355e-06,8.557776716879175e-06,7.378775686523358e-05,0
2007-03-23,0.999937603374269,6.511399678323416e-06,1.0577103031719795e-05,4.5308124571536545e-05,0
2007-03-26,0.999913651630084,5.365772704542014e-06,9.523658363893667e-06,7.145893799292941e-05,0
2007-03-27,0.999945019577252,5.6586737830488535e-06,1.1918272071128474e-05,3.7403475648322386e-05,0
2007-03-28,0.9999246255715544,2.8662062730965664e-06,3.423317294246949e-05,3.827505016332173e-05,0
2007-03-29,0.9999123228284383,2.5635466500863573e-06,3.520475447769466e-05,4.990887155516641e-05,0
2007-03-30,0.9998400704306375,2.0317325547495624e-06,7.798377141583562e-05,7.991406414298576e-05,0
2007-04-02,0.9996141767382872,9.581287466943958e-07,0.00029446457593485827,9.040055571995884e-05,0
2007-04-03,0.9999103784975069,3.098289148892751e-06,4.5431456868107025e-05,4.109175529963625e-05,0
2007-04-04,0.9999126332081747,3.6543499471346197e-06,2.3340899308943483e-05,6.0371542967872434e-05,0
2007-04-05,0.9998434435036748,1.6130116310868355e-06,9.300573902061969e-05,6.193774438710183e-05,0
2007-04-06,0.9996451595335197,1.1715409781032174e-06,0.00027876286687756805,7.490605998567911e-05,0
2007-04-11,0.9995158435781041,9.043317610730351e-07,0.0003775079801888315,0.00010574411079832811,0
2007-04-12,0.9997139816716004,2.4546933083725232e-06,0.00023930731489104089,4.425632104770268e-05,0
2007-04-13,0.9987753224349087,1.845682334532991e-06,0.001149216569432594,7.361531448198843e-05,0
2007-04-16,0.9896121849736578,1.5900477070271522e-06,0.010212090571037518,0.00017413440719007904,0
2007-04-17,0.9301620244108868,1.1775628180161143e-06,0.06935925968526263,0.0004775383412059193,0
2007-04-18,0.7473326061010965,4.862757122700446e-07,0.25139979333788354,0.0012671142850112361,0
2007-04-19,0.4972985224959843,2.738984899351036e-07,0.5015447556826133,0.0011564479221703537,0
2007-04-20,0.19111731141500185,6.608632481921937e-08,0.8079810136892743,0.0009016088100810405,2
2007-04-23,0.05868201870591263,1.8387971145482775e-08,0.9409304377989796,0.00038752510760382716,2
2007-04-24,0.016048385163908177,2.4199511347972037e-09,0.9837972812156481,0.00015433119895833037,2
2007-04-25,0.0009806966757450342,7.048001565168582e-11,0.9989673633696162,5.193988425590437e-05,2
2007-04-26,2.560104468612575e-05,1.6640757436683406e-12,0.9999514511835601,2.2947771234391406e-05,2
2007-04-27,1.9406472031139894e-06,3.280020597504627e-14,0.9999702470983474,2.781225509834038e-05,2
2007-04-30,2.7148107435709206e-05,2.13187761348651e-13,0.9999443354313424,2.851645939347281e-05,2
2007-05-01,6.338527921472448e-06,6.718568695418651e-14,0.9999653584779857,2.8302994911699024e-05,2
2007-05-02,1.6625592231388257e-06,1.9501840264715434e-14,0.9999760703165625,2.2267123856239398e-05,2
2007-05-03,2.2120039688027845e-06,9.613534692371824e-15,0.999973391136565,2.4396860891060785e-05,2
2007-05-04,1.16772222851492e-06,1.1909145218474587e-14,0.9999819707943075,1.6861483169136062e-05,2
2007-05-07,4.169610738032172e-07,2.2237784896598332e-15,0.9999705124082829,2.9070631499949417e-05,2
2007-05-08,3.217451518848037e-08,5.100837786180569e-16,0.9999782246601889,2.174316634492691e-05,2
2007-05-09,7.692468542390505e-08,7.12649136066132e-16,0.9999828622580629,1.706081854949905e-05,2
2007-05-10,1.0352669922866851e-07,1.3962739584207342e-15,0.9999840182321518,1.587824003673073e-05,2
2007-05-11,1.1372332461165869e-05,7.373245508123071e-14,0.9999620627415863,2.6564925097978583e-05,2
2007-05-14,3.965154149573516e-05,6.73339806754337e-13,0.9999316152343792,2.873322185968357e-05,2
2007-05-15,8.530158116396652e-05,7.628493498217095e-12,0.9998888897130299,2.5808696597766118e-05,2
2007-05-16,0.0015959980924913433,1.1310344680792819e-10,0.9983326753630345,7.132642959922089e-05,2
2007-05-17,0.006337589243723817,1.589873808574974e-09,0.9935154735129296,0.0001469356546042485,2
2007-05-18,0.05051502971291922,1.0043055313330185e-08,0.9489856627406467,0.0004992975042849832,2
2007-05-21,0.23677767346101802,5.275136772516975e-08,0.7612919973273675,0.0019302764606553453,2
2007-05-22,0.44000915287989834,3.3247430489429935e-07,0.5590544017985163,0.0009361128467690993,0
2007-05-23,0.6320205354329897,5.103575644144744e-07,0.3672398659109851,0.0007390882995452965,0
2007-05-24,0.8088016197868138,5.299799853647013e-07,0.19012478162132862,0.0010730686126608653,0
2007-05-25,0.9418112385491367,1.3479695747653343e-06,0.05786333048696935,0.0003240829944654394,0
2007-05-31,0.9718866233774298,1.9389957571001076e-06,0.027991831154463784,0.00011960647057067769,0
2007-06-01,0.9748251996001053,1.14075367399723e-06,0.025071489100136637,0.00010217054464728892,0
2007-06-04,0.9732409808700053,1.0228236272290602e-06,0.026647904823914527,0.00011009148300355646,0
2007-06-05,0.9695952281193707,8.829778411087491e-07,0.030110082548938193,0.000293806355536106,0
2007-06-06,0.9666107046714609,2.1485234821200298e-06,0.03146877960760098,0.0019183671963381554,0
2007-06-07,0.9479133755871221,8.582181497256105e-05,0.025761616125563096,0.02623918647393457,0
2007-06-08,0.26491018188036614,1.5283191609286694e-06,6.179397601887544e-05,0.7350264958247015,3
2007-06-11,0.2259223196315443,3.551507762557551e-05,0.00012502491991927094,0.7739171403722019,3
2007-06-12,0.128270619021775,3.7105566940515243e-05,6.76860910742713e-05,0.8716245893189766,3
2007-06-13,0.030250677348672563,2.3929839800472358e-08,1.6588579991954492e-07,0.9697491328352179,3
2007-06-14,0.9827544994794626,0.00016689527696302133,0.001733236083153381,0.015345369161548468,0
2007-06-15,0.9957084041602355,4.494025511377103e-06,0.0001390695202206213,0.004148032295079409,0
2007-06-18,0.9983357812710049,1.823576868946087e-06,3.2726200495115794e-05,0.0016296689522168014,0
2007-06-19,0.9998990069977113,3.342301481585726e-06,3.076679740543803e-05,6.688390235376955e-05,0
2007-06-20,0.9999431651848558,7.885056662565251e-06,8.060828552415992e-06,4.088892860572942e-05,0
2007-06-21,0.9999162831310845,1.1496957650643262e-05,7.335290608546415e-06,6.488461897128304e-05,0
2007-06-22,0.9996618270713622,3.5877637026007745e-05,5.346752305357492e-06,0.0002969485406905252,0
2007-06-25,0.9987275293772538,0.0011562646902419564,1.7501789930231235e-06,0.00011445575292649174,0
2007-06-26,0.9936549609013998,0.00607956336219414,1.1969948639493169e-06,0.00026427874220944864,0
2007-06-27,0.9847077580615912,0.015015632680709021,9.646977193346294e-07,0.00027564456043271913,0
2007-06-28,0.9719433054774695,0.027133999529366612,9.37090634719598e-07,0.0009217579011185988,0
2007-06-29,0.9572268622729736,0.04149978308051489,3.693255723842406e-07,0.0012729853195768163,0
2007-07-02,0.9563913394553398,0.04246612105679621,4.5457188471637513e-07,0.0011420849143879415,0
2007-07-03,0.9620165923157727,0.036355408996126166,3.5378447686693454e-07,0.0016276449035647466,0
2007-07-04,0.9731616281866372,0.026068187150498887,6.286996826731245e-07,0.0007695559640843774,0
2007-07-09,0.9902652481579755,0.009365900702363816,1.0923265892644033e-06,0.0003677588130573123,0
2007-07-10,0.9981953926579258,0.001693654226839385,2.3737125322251197e-06,0.00010857940287281674,0
2007-07-11,0.999361861409236,0.00025859286296386213,1.4920112720482274e-06,0.0003780537148979851,0
2007-07-12,0.9998181110587211,8.671211637737947e-05,2.4368489327593495e-06,9.273997483886844e-05,0
2007-07-13,0.9998659002585556,6.27885918755414e-05,3.2349415057987417e-06,6.80762066603505e-05,0
2007-07-16,0.9995943709750363,0.0003250439914875581,2.055362064940814e-06,7.852967215177096e-05,0
2007-07-17,0.9982491183380643,0.00164111508449334,1.7060923152256106e-06,0.00010806048479403649,0
2007-07-18,0.9935137533981415,0.006330398967432565,1.3237441774280997e-06,0.0001545238915977394,0
2007-07-19,0.9829808454650045,0.016718068572299193,1.1659150067595674e-06,0.00029992004660312085,0
2007-07-20,0.96157153035648,0.03793644392826281,1.048279067726258e-06,0.0004909774347765069,0
2007-07-23,0.9249639431297514,0.07342785685370007,9.109019496776665e-07,0.0016072891130399782,0
2007-07-24,0.8767300854228346,0.11935358763577217,1.2218386718156678e-06,0.003915105102950636,0
2007-07-25,0.8277649903252786,0.15004854268431186,7.2452831093722705e-06,0.022179221707064996,0
2007-07-26,0.5782606688433156,0.16851229911196963,1.3859503799233702e-05,0.25321317254155307,0
2007-07-27,0.006147319827064076,0.0012475098753079727,8.1485762991951e-10,0.9926051694839162,3
2007-07-30,0.32060197488612363,0.5101396684805458,8.839201590616487e-06,0.16924951743053637,1
2007-07-31,0.38981087380503193,0.5454506200774218,1.3716497037840003e-06,0.06473713446736011,1
2007-08-01,0.47098189763381865,0.5237773017053103,1.7407155750051025e-06,0.00523905994665471,1
2007-08-02,0.5238649624231563,0.47466463933697245,5.978291173107892e-07,0.001469800411755977,1
2007-08-03,0.5727819211952642,0.42509734511097225,5.230946200990661e-07,0.0021202105982116937,1
2007-08-06,0.6114158075625625,0.37121372610153586,3.673899314353588e-07,0.01737009894730536,1
2007-08-07,0.6767024828338031,0.2578348364070889,4.532220153843068e-05,0.06541735855636838,1
2007-08-08,0.44003515250582503,0.006789209008341665,1.0355057292314806e-05,0.5531652834302389,3
2007-08-09,0.3499765867835408,0.009649664166652932,2.1783836243636476e-05,0.6403519652118782,3
2007-08-10,9.267055555902155e-11,1.0036167703721406e-17,3.0493054184388317e-18,0.9999999999090505,3
2007-08-13,0.8768909207874316,0.004819307283958812,4.0963366387509186e-05,0.1182488085605446,0
2007-08-14,0.9816914859828466,0.00224406043241339,5.705273263824533e-06,0.01605874831205842,0
2007-08-15,0.9963632461617522,0.00036193488076322294,3.7836800430344247e-06,0.003271035277537014,0
2007-08-16,0.9953178523117843,3.1013905916122685e-05,6.651762318983025e-06,0.004644482021188014,0
2007-08-17,0.9859958078291109,2.712446543918733e-06,2.67449342281164e-06,0.013998805231072652,0
2007-08-20,0.9989361584672328,2.222089099018029e-05,4.698407197188094e-06,0.0010369222352016982,0
2007-08-21,0.9998584091322579,1.4053970329340812e-05,5.236617759041431e-06,0.00012230027980956302,0
2007-08-22,0.9992623750296308,2.8721545131494586e-05,4.075800689244698e-06,0.0007048276244073799,0
2007-08-23,0.990842001693162,1.138906285474463e-05,2.331994940748625e-06,0.009144277250198951,0
2007-08-27,0.9984322039138855,8.68776333869963e-06,4.3963707938745626e-06,0.0015547119527673935,0
2007-08-28,0.9999037323933978,1.406420775025468e-05,5.318237076432699e-06,7.68851604871901e-05,0
2007-08-29,0.9998942274824056,4.135355333778148e-06,1.152276479394507e-05,9.011439834634686e-05,0
2007-08-30,0.9999302338037188,7.348006079653667e-06,1.4285515360081873e-05,4.8132676502201256e-05,0
2007-08-31,0.9998867967020898,4.1073097472763216e-05,1.3308297858501202e-05,5.882190259026339e-05,0
2007-09-03,0.9984021547313474,0.001406956054980449,1.120108028591317e-05,0.00017968813279873664,0
2007-09-06,0.9626549435186306,0.0340052722687995,4.86628437732187e-06,0.0033349179293226372,0
2007-09-07,0.5029182009594838,0.47525866677818873,2.614280857236249e-06,0.021820517980661383,1
2007-09-10,0.11161863264857791,0.7716414595925364,2.0696601884480345e-08,0.11673988706223262,1
2007-09-11,0.04368411896871311,0.9409217704268156,2.1231187708585627e-08,0.015394089374825845,1
2007-09-12,0.04733766290796855,0.9501598421349098,1.5008679265517797e-07,0.002502344868762287,1
2007-09-13,0.047644052783126487,0.9516069225785849,4.170280293502072e-08,0.0007489829356059605,1
2007-09-14,0.04678185677360068,0.9527113528360417,5.648145478201206e-08,0.0005067339095813195,1
2007-09-17,0.04513361092601502,0.9526046333641579,1.0509497603783251e-07,0.0022616506166304195,1
2007-09-18,0.046261216189462974,0.9110466490150521,1.279824417044849e-06,0.04269085497266111,1
2007-09-19,0.003255937280024345,0.2101911294449785,1.2263174294978469e-08,0.7865529210111659,3
2007-09-20,1.1001054491694333e-05,0.0010573655419509193,3.852993270328348e-10,0.9989316330165631,3
2007-09-21,5.85016693358252e-07,2.9352528428636564e-07,1.233151603945701e-10,0.9999991213339167,3
2007-09-24,3.9845656351650567e-07,1.1638389094611486e-05,2.324768265229823e-13,0.99998796315381,3
2007-09-25,0.003194231385017128,0.9631320822246724,3.031067499925749e-08,0.03367365607803479,1
2007-09-26,0.00022870574716178868,0.9971509821879982,1.0736424405095797e-10,0.002620311957693254,1
2007-09-27,3.498598094455743e-05,0.9998035897248931,1.423978758425374e-11,0.00016142428023394382,1
2007-09-28,1.145516725523316e-05,0.9999098384153466,1.957436483218591e-12,7.870641609848388e-05,1
2007-10-01,1.3389986830944521e-05,0.9995992035430101,1.417367264957591e-13,0.00038740647053218903,1
2007-10-02,4.454534868107189e-06,0.9999244086006873,3.842069763946995e-13,7.113686303826887e-05,1
2007-10-03,3.5146817930374845e-06,0.9999225498667268,5.644431554361674e-14,7.393545141671639e-05,1
2007-10-04,3.0288396557230024e-06,0.9999193882873821,3.118842310817205e-14,7.758287147566713e-05,1
2007-10-05,2.4045897414013375e-06,0.9999500046380312,5.549036525938361e-14,4.7590771037553374e-05,1
2007-10-08,2.83043396103119e-06,0.999864754387724,1.6083384951194923e-14,0.000132415177528928,1
2007-10-09,7.20726865313376e-07,0.999915412737871,1.7166471239858456e-13,8.38665362405774e-05,1
2007-10-10,3.662699953668189e-06,0.9990872263725559,4.309648896489639e-14,0.0009091109285466277,1
2007-10-11,2.280254857009844e-06,0.9998073685077085,4.0853355735320177e-13,0.00019035123616061413,1
2007-10-12,5.111839122512863e-06,0.9998380140340032,5.272157691211244e-13,0.0001568741277541113,1
2007-10-15,5.6949546302694095e-06,0.9996402667855897,3.088356536848234e-13,0.00035403825827729234,1
2007-10-16,1.1763893673721135e-05,0.9998366384469862,3.2136692421928553e-11,0.0001515976276449401,1
2007-10-17,5.063619187131191e-06,0.9966709362232355,7.428931399208337e-12,0.0033240001506841164,1
2007-10-18,2.670240891318851e-06,0.9642420804584746,1.0730618152031374e-13,0.035755249298733784,1
2007-10-19,8.292252413468636e-06,0.9977210248430686,9.72663466936117e-12,0.002270682894896692,1
2007-10-22,1.7710825033051263e-06,0.9997729206010991,1.226469107327989e-12,0.0002253083165977138,1
2007-10-23,2.5926027339919506e-06,0.9997666310673072,2.5426323515251334e-13,0.0002307763282853711,1
2007-10-24,6.066953117629421e-06,0.9997776149905404,1.0962136523013143e-11,0.00021631804616297666,1
2007-10-25,3.919455708709887e-05,0.9944902022237896,9.732444006392566e-13,0.0054706032178421975,1
2007-10-26,4.182517545049881e-05,0.9996690246263152,5.0774538938245596e-11,0.0002891501485454607,1
2007-10-29,1.4368751950960007e-05,0.9998810792415896,3.1894641377193567e-12,0.00010455200183320866,1
2007-10-30,1.3257313563284884e-05,0.9996476139517467,1.2941497739611921e-11,0.00033912872010777415,1
2007-10-31,4.063359657304089e-05,0.9938755193571926,8.759695859085294e-11,0.006083846958150867,1
2007-11-01,0.0008335712469929273,0.7706193884494893,3.5008449735340563e-10,0.22854703995491019,1
2007-11-02,0.01171983224024652,0.5390328821777678,2.903702833340742e-08,0.4492472565463261,1
2007-11-05,0.18345557807142254,0.7321552318780681,5.3431906221586705e-06,0.0843838468581431,1
2007-11-06,0.21224580286783978,0.7503392620605264,7.14491402258273e-06,0.03740779015938331,1
2007-11-07,0.19245608453240562,0.7206449792219073,2.7791003300451286e-06,0.0868961571449969,1
2007-11-08,0.0772421570616257,0.48735489029625073,2.776223603534893e-08,0.4354029248815489,1
2007-11-09,0.07163839044842024,0.8784000067490345,4.716732504371826e-07,0.049961131130964224,1
2007-11-12,0.06560217870457284,0.9216584281596162,7.286322458284667e-07,0.01273866450348084,1
2007-11-13,0.05493087509688238,0.9143556514638818,1.5488635118373613e-06,0.030711924577389308,1
2007-11-14,0.010941203599998735,0.8084776971347797,4.3176546333091436e-08,0.18058105608961844,1
2007-11-15,0.003929905536782895,0.8132860103204683,5.3247041481556584e-08,0.18278403089453543,1
2007-11-16,0.002186543515833897,0.8276682739688871,1.0231107937921356e-07,0.1701450802025108,1
2007-11-19,0.0017209805307462302,0.8456899757084504,1.8853659262561651e-07,0.15258885522456617,1
2007-11-20,0.0011384012668559916,0.6071802465704987,4.181440499071763e-08,0.3916813103499017,1
2007-11-21,0.0002581494542250532,0.1811943377323449,9.382311962609187e-09,0.8185475034327567,3
2007-11-22,0.0009892837827607795,0.11194875614390867,3.042585947831816e-07,0.8870616558156635,3
2007-11-27,3.59917930019916e-05,2.5503509599994682e-05,1.2439594799922477e-10,0.9999385045731196,3
2007-11-28,0.20909197584706232,0.0020192720035469226,6.397589181731019e-06,0.7888823545608589,3
2007-11-29,0.9143984182226653,0.0010775517335186258,6.999941521860173e-05,0.08445403062906416,0
2007-11-30,0.9832776380063709,0.00011062881225461574,2.426295670491954e-05,0.016587470224451444,0
2007-12-03,0.9959081352435701,3.14262536258188e-05,0.0008821238843241936,0.0031783146198163686,0
2007-12-04,0.9346239222522825,8.360924410755147e-07,0.06283949815708786,0.00253574349669656,0
2007-12-05,0.8359375040955059,7.950086709950059e-07,0.1589123016225118,0.005149399273237803,0
2007-12-06,0.7606596412541852,4.1159244497072757e-07,0.23245014322781407,0.006889803924926356,0
2007-12-07,0.6966725314133705,3.030842242091406e-06,0.29755197027385727,0.00577246747119626,0
2007-12-10,0.6553780855076743,4.0866848801252664e-05,0.28990361751087634,0.05467743013204402,0
2007-12-11,0.0009512894138244239,1.6923719672486356e-08,0.0006107057076913124,0.998437987954768,3
2007-12-12,0.000271697512867864,2.7983760803505773e-09,2.8070951396907373e-05,0.9997002287386539,3
2007-12-13,0.0654403140789657,3.6702524608915998e-06,0.00914548907804068,0.9254105265912052,3
2007-12-14,0.8662124502841175,3.7296359265888696e-05,0.0392628850506081,0.09448736830552623,0
2007-12-17,0.9889766932585979,9.575331842214303e-06,0.004144121890917098,0.0068696095199958914,0
2007-12-18,0.9986090566387987,1.8722910707371838e-06,0.0011202340112080895,0.000268837059832708,0
2007-12-19,0.999551093208063,1.8175636452205967e-06,0.0003217125825972904,0.00012537664530781588,0
2007-12-20,0.9995457887537661,1.8312490112201425e-06,6.446535687525625e-05,0.0003879146390288637,0
2007-12-21,0.9986295545096738,2.575665762571082e-06,3.3303323749506136e-05,0.0013345665008978097,0
2007-12-24,0.9916503401095716,1.3596998405575115e-06,1.924158034067946e-05,0.008329058611069327,0
2007-12-25,0.9997613646554155,3.408405076444482e-06,6.211156448129844e-05,0.00017311537612704506,0
2007-12-28,0.9998870576320782,1.696090779760808e-06,4.792508211705718e-05,6.332119356251247e-05,0
2008-01-04,0.9998575290774021,2.2316438340741416e-06,4.570111541830978e-05,9.453816172211548e-05,0
2008-01-07,0.9990907696108036,2.2179742509979994e-06,1.8110251340342007e-05,0.0008889021640687719,0
2008-01-08,0.9992884996177066,2.18777321604741e-06,2.1139915757871242e-05,0.0006881726915787497,0
2008-01-09,0.9995133679570565,1.1421174250138615e-06,7.55792404189696e-05,0.0004099106838868122,0
2008-01-10,0.9998538154226377,2.1002505280118798e-06,3.44482342384285e-05,0.00010963609228266291,0
2008-01-11,0.9998011899299154,2.5441153609293516e-06,1.4555130627247431e-05,0.00018171082524048578,0
2008-01-14,0.9996743776311866,4.0144337735764394e-06,6.41787338242519e-06,0.0003151900628019146,0
2008-01-15,0.9999284268163864,5.809212319991204e-06,8.032098493857568e-06,5.773187289222768e-05,0
2008-01-16,0.9999351506522215,1.3369608933588649e-05,5.611773788189121e-06,4.5867965994280145e-05,0
2008-01-17,0.9998229094371389,4.083130245731017e-06,1.7658268305402638e-05,0.0001553491645683919,0
2008-01-18,0.9984378291035692,6.486353439425895e-05,2.4968712892493747e-05,0.0014723386504975756,0
2008-01-21,0.9402561524920955,0.00030607012165241706,0.0003663441548381574,0.05907143323244071,0
2008-01-24,2.983525028897606e-05,7.234036091763917e-11,1.813511946037224e-09,0.999970162863458,3
2008-01-25,0.0022298212869632955,2.6510984281566645e-07,3.02002327105218e-06,0.9977668935815738,3
2008-01-28,0.13725754147855507,0.00010141660367184368,0.0011023258639343218,0.8615387160522809,3
2008-01-29,0.14833707768992085,5.1975960361564175e-05,0.00026245335488149697,0.8513484929958979,3
2008-01-30,0.11547693367707024,5.866081436433264e-05,0.0003672351704546892,0.884097170337024,3
2008-01-31,0.005488620988489831,3.065888459829047e-08,3.880582052779875e-09,0.9945113444733872,3
2008-02-01,0.7987886093760064,0.0006417876257618631,9.96871477337968e-05,0.20046991584944698,0
2008-02-06,0.9414125160499351,4.727729739175869e-05,2.717306580688754e-05,0.0585130335864319,0
2008-02-07,0.9915844544925092,0.00011812812054585431,2.446495864844682e-05,0.00827295242867792,0
2008-02-08,0.9766599768525558,1.5959008527870714e-06,3.293949018880269e-06,0.02333513329587073,0
2008-02-12,0.9994769270748013,1.788975938561801e-05,1.4660867411560223e-05,0.000490522298989012,0
2008-02-13,0.9999219125314944,4.539184263051037e-06,1.7792781800882003e-05,5.575550306872669e-05,0
2008-02-14,0.9996785417837655,3.22707317397776e-06,4.112051821412121e-05,0.00027711062627860396,0
2008-02-15,0.9985323719198258,6.930601457910954e-07,0.000931637118421442,0.0005352979020886241,0
2008-02-18,0.9989834934531172,2.188367214319604e-06,0.0005685679131248179,0.0004457502676726366,0
2008-02-21,0.9924555081330059,1.6585717571214857e-06,0.00017940405636315484,0.007363429237157082,0
2008-02-22,0.9951416665557278,1.1414632317096492e-06,7.25861246653123e-05,0.004784605855664472,0
2008-02-25,0.9997902607314687,3.0849156311176977e-06,6.616157242631924e-05,0.00014049277880423747,0
2008-02-26,0.9996934903675543,4.1221239335654455e-06,3.0378129592740865e-05,0.000272009380102059,0
2008-02-27,0.9945586924651634,8.055161417619874e-07,1.3145182384697104e-05,0.005427356836611821,0
2008-02-28,0.9979388618926187,1.9635909936128156e-06,2.037707646775407e-05,0.0020387974385184648,0
2008-02-29,0.9991328717831043,4.3822801711189584e-05,2.3671795308500925e-06,0.0008209382356268906,0
2008-03-03,0.9929845597590631,1.134053092468553e-05,1.941822277536685e-06,0.007002157889423928,0
2008-03-04,0.9996540405575782,3.509285192912912e-05,3.511217021129851e-06,0.00030735537423300313,0
2008-03-05,0.9996953319533908,1.9568775651906863e-05,5.8282332561818435e-06,0.0002792710383092149,0
2008-03-06,0.9940273577143333,3.187178516166689e-06,4.122162059434558e-06,0.005965332944111054,0
2008-03-07,0.9957402401666594,1.1214466075293849e-05,2.360368683169737e-05,0.00422494168221289,0
2008-03-10,0.9946123808385828,0.00011303926441691324,0.0018698849584544471,0.003404694937509461,0
2008-03-11,0.7949093353627382,5.184955130783623e-05,0.0990348846246429,0.10600393046025618,0
2008-03-12,1.678346506274881e-05,3.4665697631822407e-11,0.0009673167535194098,0.9990158997483299,3
2008-03-13,9.06624899827506e-06,9.141899203133196e-09,0.05273269351989331,0.9472582310905796,3
2008-03-14,0.00017736282547442165,3.897041454148531e-08,0.06851878349962139,0.9313038147039651,3
2008-03-17,0.003190037923955856,5.370357183318032e-06,0.09649303547633489,0.9003115562410255,3
2008-03-18,1.5803748159091385e-07,9.240649420435709e-12,3.716825805325617e-05,0.9999626736953069,3
2008-03-19,0.00016597660715950548,4.7816817615409394e-08,0.028639502794163992,0.9711944727829585,3
2008-03-20,0.0018330445473349894,3.2551014783520566e-06,0.190452229383108,0.8077114709662802,3
2008-03-21,0.001377501610059832,1.6883505685415317e-07,0.28396721858024887,0.7146551109730347,3
2008-03-26,0.00765865104316371,6.086663356652339e-07,0.7138210924585974,0.27851964783053235,2
2008-03-27,0.0012552678845693733,2.900508233076555e-08,0.9037315295320413,0.09501317357825403,2
2008-03-28,0.0003235260739878918,5.2817033950821105e-09,0.9762036409463286,0.023472827696293098,2
2008-03-31,0.00016439566627350985,3.206522788692595e-10,0.997446136287916,0.002389467723524746,2
2008-04-01,2.5474183793984135e-05,1.8242963966459947e-10,0.9999120983339242,6.242729819268452e-05,2
2008-04-02,7.662558949753406e-05,1.887656723204696e-11,0.999410210152673,0.0005131642375067852,2
2008-04-03,0.00011115889634237654,8.275185787902355e-11,0.9988033535432178,0.001085487479391328,2
2008-04-04,6.940115513447236e-05,3.638353485104974e-11,0.9995363248518548,0.0003942739570651497,2
2008-04-07,8.949798973688292e-05,8.608380407841608e-11,0.999833240648226,7.726127589205104e-05,2
2008-04-08,3.84459941916784e-06,7.813482335635744e-13,0.9997072152217495,0.0002889401769407756,2
2008-04-09,3.6514831769474212e-06,2.8123924152563125e-13,0.9997267112730199,0.0002696372437121842,2
2008-04-10,3.3280202602140892e-06,2.8883091915965046e-13,0.9999606487029566,3.6023277906482146e-05,2
2008-04-11,3.342330701774912e-05,1.2006348238326378e-12,0.9999380121376101,2.8564552626405072e-05,2
2008-04-14,0.00014056822200578996,1.43220753485643e-11,0.9997959095399427,6.35222231400355e-05,2
2008-04-15,0.0008301708269201908,1.1902401038972942e-09,0.9986709628036354,0.0004988651781902027,2
2008-04-16,0.008950450518839512,1.0587135779256507e-07,0.9575520749337044,0.033497368677852496,2
2008-04-17,2.656436036549837e-05,1.3467654917558627e-11,0.00010064116771837187,0.9998727944589433,3
2008-04-18,0.007142839502904964,8.77468440978574e-07,0.0003017483887838687,0.9925545346384108,3
2008-04-21,0.28492535654377443,1.0882386382527442e-05,0.013637182587022305,0.7014265784821251,3
2008-04-22,0.6113154397572793,1.3323824659305186e-05,0.004279407328802406,0.3843918290899905,0
2008-04-23,0.8349552709005165,8.490310481162419e-06,0.0020430951237846405,0.16299314366649179,0
2008-04-24,0.9892240446242142,0.00032703534951949027,0.0001797307743179817,0.01026918925318548,0
2008-04-25,0.9948671734725476,0.0026523482524653196,3.127976082885004e-06,0.00247735029978233,0
2008-04-28,0.9884568500536005,0.01092394782534914,1.8683602828275117e-06,0.000617333760666934,0
2008-04-29,0.959106335716265,0.03831160599769863,1.676936716615355e-06,0.002580381347504169,0
2008-04-30,0.8286557920259934,0.1598405629493951,6.7184533378608054e-06,0.011496926571104755,0
2008-05-01,0.0771217042326559,0.8395643327170565,2.3294433408773328e-08,0.08331393975725564,1
2008-05-02,0.010220932847769213,0.9602297765043788,8.687731844994796e-09,0.02954928196081092,1
2008-05-07,0.0012158211604448522,0.9920964486795707,2.3948145565329258e-09,0.006687727766913527,1
2008-05-08,0.00011099350042639833,0.9963177050375562,5.0868137314715984e-11,0.003571301411456019,1
2008-05-09,2.3828473028026126e-06,0.9995587387850328,1.0484061578343705e-11,0.00043887835570567923,1
2008-05-12,4.977043070110965e-06,0.9985920407453256,2.532953023516878e-13,0.0014029822105650052,1
2008-05-13,3.036687410642974e-06,0.9998303941939732,8.674674240933025e-13,0.0001665691172878457,1
2008-05-14,2.1863840254265593e-06,0.9998800105965701,5.492150669137221e-13,0.00011780301780819246,1
2008-05-15,2.7861485787414386e-06,0.9993758127669665,6.513623179818461e-14,0.0006214010854172762,1
2008-05-16,1.5192742018634047e-05,0.999868021696456,7.174431519478903e-12,0.00011678555325059678,1
2008-05-19,4.041969777050093e-05,0.9996833698453123,4.692623367313824e-12,0.00027621045404009354,1
2008-05-20,3.793612205160104e-05,0.9995134725671428,1.255008400638301e-11,0.0004485912981285295,1
2008-05-21,2.5410885825004903e-05,0.9994339149825455,2.5434682957955616e-11,0.0005406741052810403,1
2008-05-22,0.0003220117154320233,0.9949469498564755,1.706463340215255e-10,0.00473103825671202,1
2008-05-23,0.0002252487895596169,0.9980086262706933,3.336755189492972e-10,0.0017661246069239952,1
2008-05-26,7.803719864104908e-05,0.9997467114113542,1.0177573741170608e-10,0.0001752512885666567,1
2008-05-29,2.0202883126191222e-05,0.999591977798823,4.114609958349118e-12,0.00038781931251002856,1
2008-05-30,6.257525747580952e-06,0.9996027099006188,3.4808276605328786e-13,0.00039103257250827964,1
2008-06-02,3.5694594789197237e-06,0.9999359939759596,1.9105406754354827e-13,6.0436563855384816e-05,1
2008-06-03,1.4008456140182583e-06,0.9999348006905039,6.185265975199534e-14,6.37984638578147e-05,1
2008-06-04,4.518397334989448e-07,0.9996339666672457,3.4242120095923174e-13,0.00036558149165809,1
2008-06-05,4.0812470040645663e-07,0.9864517520073217,4.314018431023765e-13,0.01354783986710066,1
2008-06-06,2.1720255303548578e-11,0.04828350513683717,8.303216733258983e-18,0.9517164948400044,3
2008-06-09,6.344050296685535e-12,0.027290260022702118,1.0458057631082067e-15,0.972709739972325,3
2008-06-10,1.7329534476151634e-17,8.339234206899972e-05,2.8707934672643367e-22,0.9999166076589698,3
2008-06-11,1.1010199061869252e-10,0.5103040416419732,8.181396293851736e-15,0.48969595824845347,1
2008-06-12,3.003677657841563e-11,0.7035587237903297,5.2492583607386164e-17,0.29644127618142907,1
2008-06-13,4.0087641007187554e-08,0.9415682724804314,4.397406072561889e-13,0.05843168743088184,1
2008-06-16,1.2034152248349015e-08,0.9849990163351057,1.0186074136652066e-12,0.015000971630072149,1
2008-06-17,3.085208646298253e-08,0.9740897755282147,3.784242896829879e-15,0.025910193618859274,1
2008-06-18,2.0385596598466545e-09,0.9970865239769101,2.3736407511596944e-16,0.002913473984240595,1
2008-06-19,9.002062427907224e-10,0.9999366936857255,1.1628539612962074e-16,6.330541367738668e-05,1
2008-06-20,7.870261870925683e-10,0.9999423106798435,2.5577868159409246e-18,5.768853161639069e-05,1
2008-06-23,8.304035787968931e-10,0.9999444996587671,2.876048694605512e-18,5.549951114396308e-05,1
2008-06-24,2.196495039823736e-11,0.9999205689280237,8.968803620324123e-20,7.943105114305029e-05,1
2008-06-25,1.207918061496173e-10,0.9999541998561038,9.500872406502063e-19,4.580002377820029e-05,1
2008-06-26,3.656818140878413e-10,0.9998662603083877,3.266507624602663e-18,0.0001337393257051194,1
2008-06-27,2.034894780228842e-10,0.9996228705509348,6.650219995593086e-19,0.00037712924578034576,1
2008-06-30,1.1543300744529815e-10,0.9999571941874519,2.0004196466453545e-17,4.2805696279850854e-05,1
2008-07-01,8.53163455809258e-10,0.9994610628016624,9.726850622666401e-18,0.0005389363446613467,1
2008-07-02,1.5262949525699494e-08,0.9995549696946342,6.374737967525359e-14,0.0004450150424114366,1
2008-07-03,9.155652692446062e-08,0.9833591069115487,6.993765671199893e-14,0.016640801531295775,1
2008-07-04,1.2822928309804764e-08,0.7424157801043098,2.0252614206965297e-16,0.2575842070743042,1
2008-07-09,2.688603884053772e-08,0.9642932935900794,4.8125077279003595e-14,0.03570667952344714,1
2008-07-10,9.560655752674206e-07,0.9977560952684091,6.789272868987624e-12,0.002242948660858863,1
2008-07-11,1.1950771124556753e-07,0.9981783229080886,2.5443087242009538e-12,0.0018215575798915934,1
2008-07-14,3.195522597668487e-07,0.9406989214335761,1.5725463467599788e-15,0.05930075901236385,1
2008-07-15,6.4738281235448525e-06,0.9975909100061978,1.285307123176567e-11,0.0024026161520903956,1
2008-07-16,1.5600393633487443e-07,0.9996856955442762,7.468981024231721e-14,0.0003141484509587702,1
2008-07-17,3.979816590819697e-07,0.9996620454690461,3.883281975082275e-14,0.0003375565506221067,1
2008-07-18,8.31108717572372e-07,0.9996367116741333,7.150051361891573e-14,0.0003624572175378736,1
2008-07-21,2.9144559112438185e-06,0.9998257866420215,4.92123367846106e-13,0.00017129890216481083,1
2008-07-22,7.649644619642557e-05,0.9997455229053714,5.6288203143208284e-11,0.00017798059385846417,1
2008-07-23,0.00025264809869330734,0.9975933356455262,3.843705081029541e-11,0.0021540162164868557,1
2008-07-24,0.0001477879261334797,0.9994921722718525,8.902518304158403e-11,0.0003600397113939056,1
2008-07-25,3.961552168191916e-07,0.9998813103749379,6.5566989973474185e-15,0.0001182934712320467,1
2008-07-28,2.519657118066828e-07,0.9999520877336651,3.989841707459005e-14,4.766029962838152e-05,1
2008-07-29,1.210002934791618e-05,0.9991057140614887,8.360654337934513e-12,0.0008821858995246921,1
2008-07-30,0.00015346704090673924,0.9571839733631252,3.349552133792381e-10,0.04266255925962698,1
2008-07-31,4.999602918037894e-07,0.23111954169724971,3.4287174801154776e-13,0.7688799583431304,3
2008-08-01,0.00029540574512197307,0.33932064057776357,7.05324396086768e-08,0.6603838831461344,3
2008-08-04,2.590285922540509e-06,0.09793313238969537,7.265278263566426e-12,0.9020642773162788,3
2008-08-05,0.001056111937813222,0.5903424230429644,3.7229729488132677e-07,0.40860109272192335,3
2008-08-06,9.254304129863333e-05,0.5365783993194657,5.514048162346746e-09,0.46332905212367115,3
2008-08-07,0.00021851338332292043,0.5429988215491259,5.598390917541252e-08,0.45678260908262885,3
2008-08-08,0.0005372479833185245,0.29575562300193675,6.59198176037984e-08,0.7037070630944255,3
2008-08-11,0.0003445605345529831,0.007441478319960391,8.078599156590932e-10,0.9922139603384643,3
2008-08-12,0.42032032492919286,0.280394132794223,6.796825697818851e-06,0.2992787454510901,0
2008-08-13,0.7169995516184274,0.2359307289538053,6.78820961047943e-06,0.047062931217747454,0
2008-08-14,0.8412506073175827,0.15469778585346583,2.4545001412748604e-06,0.004049152327949574,0
2008-08-15,0.9274746454148973,0.07113135365834136,1.2460584818920217e-06,0.0013927548672808608,0
2008-08-18,0.9753395183320056,0.023940230456955626,1.5215670823600006e-06,0.000718729644566407,0
2008-08-19,0.9929727234560061,0.006799076928657288,1.5211991365972865e-06,0.0002266784156104115,0
2008-08-20,0.9989675736021182,0.0007290799950470228,1.9719338685945915e-06,0.00030137447018673935,0
2008-08-21,0.9997781185495482,0.00011441461283155093,3.778151705765488e-06,0.00010368868486094695,0
2008-08-22,0.999290498975356,7.74754654087219e-06,2.1489332896179277e-06,0.0006996045445658449,0
2008-08-25,0.9997185895593627,1.1216001202236431e-05,4.446982361196368e-06,0.00026574745729985937,0
2008-08-26,0.9999363509262074,1.490037293785291e-05,6.198094575735729e-06,4.255060471737186e-05,0
2008-08-27,0.9998409179845059,3.0454274776217926e-05,2.363670147718608e-06,0.00012626407094022156,0
2008-08-28,0.9998487243156559,2.338633412578807e-05,3.2076836352956978e-06,0.0001246816648529639,0
2008-08-29,0.999200671126282,1.0652003046110624e-05,0.00013595692653253032,0.0006527199429095617,0
2008-09-01,0.9903915728112597,5.952507121547144e-06,0.00880656804869327,0.0007959066334821354,0
2008-09-04,0.7756313960782354,3.5002172904567864e-06,0.21408241965817193,0.010282684046684466,0
2008-09-05,0.6595753949743477,1.2941018657928277e-07,0.28767518959664584,0.05274928601884929,0
2008-09-08,0.6732143171174008,1.6041901425541515e-06,0.32107844302512295,0.005705635666225588,0
2008-09-09,0.6976316401450617,6.770341486602918e-07,0.3003724369019761,0.0019952459178458337,0
2008-09-10,0.7262088478307864,4.986686122143874e-07,0.2680844051989003,0.0057062483018638765,0
2008-09-11,0.7399227153191867,2.2361129012538687e-06,0.2549216042168384,0.005153444349656247,0
2008-09-12,0.7431828597722627,8.733313315291344e-05,0.2071655940262697,0.04956421306920977,0
2008-09-15,0.0007243999576149157,9.14851766513709e-09,1.0532841548084443e-05,0.9992650580520548,3
2008-09-16,3.4717987397040997e-28,1.5853700231758418e-38,1.6993534108018137e-32,1.0,3
2008-09-17,0.00032469898702812633,1.276288430046548e-06,2.7362044050312995e-05,0.9996466626795882,3
2008-09-18,0.0001358332877510989,2.0887636038754058e-08,5.071893087369431e-06,0.999859073929895,3
2008-09-19,0.029575372055979026,9.357547047502919e-05,0.024686151482786987,0.9456449009904213,3
2008-09-22,1.5218318787667633e-10,1.6466012729700873e-15,1.207904833427726e-11,0.999999999836291,3
2008-09-23,3.041539019463752e-05,2.066962537728922e-09,3.451550512257734e-06,0.9999661309908738,3
2008-09-24,0.006138697477269567,2.8796363495001407e-06,0.002078424723824674,0.9917799981608353,3
2008-09-25,0.008191525097488685,7.877498137147428e-06,0.0007926315831524183,0.9910079658219014,3
2008-09-26,3.0039507209643766e-06,6.5532727492578685e-09,9.091647876893906e-09,0.9999969804057516,3
2008-10-01,2.855575066836593e-05,4.435798886119359e-08,9.35938309617892e-08,0.9999713062976646,3
2008-10-02,0.0005393740705306358,4.195334204460217e-05,9.06061272961804e-07,0.9994177665260323,3
2008-10-03,0.00013419759335936548,8.155300084697475e-05,1.2143374109775713e-08,0.9997842372620396,3
2008-10-06,0.010940483824479033,0.05166989294419725,7.149249334386948e-06,0.9373824739804342,3
2008-10-07,4.0104646019601547e-07,4.437853097446184e-07,6.890025287073935e-12,0.9999991551598144,3
2008-10-08,0.0024374942456110386,0.0022388920994702785,2.229372144791335e-06,0.9953213842821953,3
2008-10-09,4.301754635437942e-10,4.167551463999253e-13,6.895694040106855e-14,0.9999999995707185,3
2008-10-10,6.35893267200118e-08,5.981751340608021e-09,1.6651820399736494e-11,0.9999999304127438,3
2008-10-13,1.2304134182908415e-10,6.590911441159041e-13,1.801262280355454e-14,0.9999999998763087,3
2008-10-14,3.693855600390164e-06,5.954128744976996e-07,3.0711039596219566e-10,0.9999957104247331,3
2008-10-15,1.5046787858667351e-25,8.453667494708837e-31,3.7781963203521047e-32,1.0,3
2008-10-16,1.8126536140983696e-12,1.5630287274357962e-12,3.021352456628416e-17,0.999999999996362,3
2008-10-17,4.122124476772816e-06,0.00022487064861545711,5.461844969221811e-10,0.9997710066822618,3
2008-10-20,9.44021471890057e-07,4.2166828932736474e-05,1.0405260339589025e-10,0.9999568890468985,3
2008-10-21,1.020601136371405e-09,9.53848628759309e-10,1.0262221552816029e-13,0.9999999980245775,3
2008-10-22,1.9691430951670434e-06,1.7635598642876796e-05,6.351005657897141e-10,0.9999803946223554,3
2008-10-23,1.5164238282436916e-09,4.468289591485783e-08,1.4694572467580985e-13,0.9999999538013082,3
2008-10-24,2.722649340338647e-20,8.797320008309413e-20,5.392635967376959e-26,1.0,3
2008-10-27,8.446830152793621e-09,2.1734308445436293e-07,1.2517216294935332e-12,0.9999997742088709,3
2008-10-28,3.614387957953666e-06,0.0016207495096159784,5.466094077358328e-10,0.9983756355544432,3
2008-10-29,1.0197344620695579e-09,8.019607104437578e-06,1.0094189098567382e-14,0.9999919793730134,3
2008-10-30,2.257384981167015e-12,4.210690972778302e-11,1.801762928873108e-18,0.9999999999563443,3
2008-10-31,5.563029695219737e-07,0.003833549527128222,2.174058998227158e-11,0.996165894147778,3
2008-11-03,9.737886601187198e-07,0.010165890636721575,1.6405580652396657e-10,0.9898331354123743,3
2008-11-04,3.8264767588564844e-06,0.038989146325076385,4.562457769617633e-10,0.9610070267423586,3
2008-11-05,3.146096520460397e-08,0.0001392761272839535,5.651756527205804e-13,0.9998606924108431,3
2008-11-06,3.581083841778203e-12,1.021074564814648e-06,3.858953947072297e-16,0.9999989789217335,3
2008-11-07,1.2528250466732975e-32,2.7239283923115583e-27,2.9855759449926145e-39,1.0,3
2008-11-10,1.4783389954435933e-16,0.0003023933087522809,5.9330583008567875e-21,0.999697606691143,3
2008-11-11,2.9714227866182366e-14,0.029863664061608054,1.5566096160269368e-17,0.9701363359370239,3
2008-11-12,7.09413821557313e-14,0.01857329175949857,5.166125359499262e-17,0.9814267082411844,3
2008-11-13,1.6150504856560778e-13,0.018308215051405896,1.0764046489013205e-16,0.9816917849496538,3
2008-11-14,1.0195917465995639e-16,8.408342483220612e-05,8.691515924545263e-21,0.9999159165736309,3
2008-11-17,9.749070069691643e-16,0.018807142652997065,4.772856845208677e-19,0.9811928573487845,3
2008-11-18,7.081853512292104e-14,0.26547197935023575,5.132875573985201e-17,0.7345280206504776,3
2008-11-19,4.4880094259932864e-14,0.2176475456257378,3.1696467981708794e-17,0.7823524543757465,3
2008-11-20,8.252787710577369e-18,6.770531117595313e-05,2.4946953305366963e-21,0.999932294689824,3
2008-11-21,7.369125403650306e-28,1.569632977982044e-15,2.5329505005671227e-32,1.0,3
2008-11-24,1.1172194175063115e-13,0.01915118817106919,4.565352403593944e-17,0.9808488118287,3
2008-11-25,4.508501813608859e-28,6.059374215234447e-19,7.062262863775992e-35,1.0,3
2008-11-26,7.110382104636941e-34,1.8916726734059807e-21,7.400611212436184e-39,1.0,3
2008-11-27,8.456330387579208e-21,5.4329851296438664e-05,6.564465050730634e-23,0.999945670146909,3
2008-12-02,5.602920059785389e-19,0.0002559174800226989,3.484794549063367e-21,0.9997440825206626,3
2008-12-03,3.183402621274924e-21,9.600688289866279e-05,3.7407099343009875e-24,0.9999039931168231,3
2008-12-04,5.8082800221352e-17,0.08066421450021619,1.3009627061784033e-19,0.9193357855014412,3
2008-12-05,4.127959784073979e-21,0.06484442454701515,6.727482473324389e-23,0.9351555754521572,3
2008-12-08,3.12678080869776e-24,0.02277079600715726,1.9846688166779851e-25,0.9772292039925514,3
2008-12-09,1.1934210330587847e-24,3.159282629310142e-05,2.6669128161975694e-27,0.9999684071742435,3
2008-12-10,5.133100215758765e-22,0.0027556881713589,1.4576546169870804e-23,0.9972443118300558,3
2008-12-11,1.6857841265911214e-22,0.0006073225236968492,1.4119396294077488e-24,0.999392677475432,3
2008-12-12,1.1135702128662723e-25,4.193769162906311e-08,1.1662900031715097e-28,0.9999999580613812,3
2008-12-15,4.897559908169423e-21,0.0007931201296353427,3.3452997468685485e-23,0.9992068798720556,3
2008-12-16,3.934238209818444e-23,1.292915680866711e-07,7.115790274240486e-27,0.9999998707098795,3
2008-12-17,4.633638607896428e-32,6.737792262862983e-23,3.1302311075893364e-38,1.0,3
2008-12-18,4.746975126934365e-22,1.7139459008976153e-08,6.470605246415507e-26,0.999999982861482,3
2008-12-19,1.3087924653593157e-24,8.970490813172939e-08,5.279518634745257e-27,0.9999999102947226,3
2008-12-22,3.0824564417392465e-19,0.09355831843054024,6.237206778723868e-23,0.9064416815702868,3
2008-12-23,1.4781521965234585e-16,0.9046492125672675,1.10210343264762e-20,0.09535078743398644,1
2008-12-24,1.804448618783398e-16,0.9827941813728477,6.005979597748343e-20,0.017205818626695717,1
2008-12-30,7.628992733668378e-16,0.9848144332519981,1.6946856499270508e-19,0.015185566746464657,1
2008-12-31,3.3178389303665916e-15,0.9452188281559611,2.1390691214147834e-19,0.054781171843495,1
2009-01-07,6.319230985202384e-14,0.014709421372478894,2.5360652354641852e-20,0.9852905786284134,3
2009-01-08,4.416567118247712e-14,0.002627425664126516,9.449266346114735e-19,0.9973725743349785,3
2009-01-09,4.478700318898457e-10,0.020331456300985606,4.849171980550655e-14,0.9796685432498816,3
2009-01-12,2.025477458607093e-13,3.219681859396989e-05,1.3821522633435969e-17,0.9999678031798871,3
2009-01-13,7.155755993897018e-09,0.01250800283104715,1.8119697903463956e-12,0.9874919900127017,3
2009-01-14,1.2685726906751559e-11,6.828838287465614e-07,3.0559174784762564e-16,0.9999993171043173,3
2009-01-15,1.9081002329423863e-07,0.06543390104838322,4.768090913302095e-11,0.9345659080926007,3
2009-01-16,1.0080951530857286e-13,0.0007378854362538816,1.2013698181464557e-17,0.9992621145643887,3
2009-01-19,4.2219429758046273e-13,0.0002154916841926718,1.7181823700572183e-17,0.9997845083166749,3
2009-01-22,1.3509995801499853e-13,7.68663340533591e-09,5.5395355393256545e-18,0.9999999923129508,3
2009-01-23,5.584657207124252e-10,0.001494814686255881,3.6229543626959114e-14,0.9985051847541906,3
2009-01-28,8.008079054385891e-06,0.03504117651002294,1.00748977520668e-09,0.9649508144023551,3
2009-01-29,0.0005286785418393031,0.07191186036041804,1.474092502701488e-07,0.9275593136884841,3
2009-01-30,1.115473170421138e-08,4.545769454640044e-07,1.0253174385308806e-12,0.9999995342660616,3
2009-02-04,0.00011510344266250626,5.163163570346218e-06,5.301735342095752e-08,0.9998796803768981,3
2009-02-05,0.0005605388305987356,9.863959181544762e-05,5.3928955070953463e-08,0.9993407676501583,3
2009-02-06,0.024816519972934225,0.046933308218281206,3.056383569236257e-05,0.9282196079747911,3
2009-02-09,0.0006667857495637798,0.0019831947352876088,2.340132501902719e-08,0.9973499961139534,3
2009-02-10,8.777735020802126e-05,1.7361948941117042e-05,2.4419171759284285e-08,0.9998948362812371,3
2009-02-11,0.00011902953703903671,4.2954751777878294e-05,1.2145683177271245e-07,0.9998378942547739,3
2009-02-12,0.00012897121940297316,3.933155803085952e-07,1.049041353985276e-09,0.9998706344169539,3
2009-02-13,0.2931882765839897,0.009092476352313283,1.0622650229040801e-05,0.6977086244145052,3
2009-02-16,0.46831202625496476,0.007847109636915565,3.073357326489761e-06,0.5238377907516313,3
2009-02-19,0.9358088074394961,0.001993892851116006,5.411101490289642e-05,0.06214318869522731,0
2009-02-20,0.990128854003187,0.0006919263087598688,9.66146816102281e-06,0.009169558221589916,0
2009-02-23,0.98341536249176,3.5177282373462285e-05,1.4822222815015833e-06,0.016547978001828473,0
2009-02-24,0.9805985190943334,5.903774173904382e-06,5.835457484086975e-06,0.01938974167404464,0
2009-02-25,0.9899205610736019,0.00014587688430768624,2.9198871290632047e-05,0.009904363170162946,0
2009-02-26,0.9075394032409492,1.732430243923413e-06,2.8770858145437197e-06,0.09245598724344718,0
2009-02-27,0.9364181142681612,0.0005750306898994474,6.894169885529572e-06,0.06299996087097297,0
2009-03-02,0.9067979035985518,5.268969307666092e-05,6.829251279677226e-07,0.09314872378312052,0
2009-03-03,0.9672610364138742,0.000124255268219819,9.145190815551293e-06,0.032605563126893014,0
2009-03-04,0.9880348910086696,0.0007896231933691851,5.358185928534095e-06,0.011170127613227027,0
2009-03-05,0.9607128836386079,4.4231866317882215e-06,1.940002887562619e-05,0.03926329314744743,0
2009-03-06,0.956764574689823,1.9512052348900057e-06,5.563266661649815e-05,0.04317784143965503,0
2009-03-09,0.9825745308790271,5.581242283947666e-06,6.227323690453789e-05,0.017357614641058974,0
2009-03-10,0.9831092536086998,7.05640978986299e-06,4.73266003282919e-05,0.01683636338178711,0
2009-03-11,0.9736909046396083,1.5504984817465131e-06,1.4648370726005925e-05,0.02629289649054533,0
2009-03-12,0.9867142122939664,7.468725547382554e-07,1.640037277734023e-05,0.013268640460497947,0
2009-03-13,0.9996678519562663,1.0221044527347312e-05,1.3772499883304309e-05,0.00030815450063084596,0
2009-03-16,0.9997831808796481,4.957999195494261e-06,1.548161084514186e-05,0.00019637950925167284,0
2009-03-17,0.9982654330214763,8.550011266832402e-06,0.00010167151150271072,0.0016243454552299372,0
2009-03-18,0.9749929162148945,0.000141607480478336,0.002141966914706584,0.022723509388717398,0
2009-03-19,6.000345663245601e-08,1.4604703745191613e-16,3.1919201899715546e-11,0.9999999399660755,3
2009-03-20,1.583894728284224e-08,8.849819976978964e-16,6.039982992501275e-08,0.999999923762519,3
2009-03-23,0.025924306523807384,1.6425032582530895e-06,0.8424595632599782,0.1316144877140663,2
2009-03-24,0.013349254620950837,1.8125336582512342e-07,0.9563639786627475,0.03028658546269394,2
2009-03-25,0.0051337203633068365,2.7335960277708306e-09,0.9840893652984689,0.010776911606141679,2
2009-03-26,0.0009517991488842897,1.384392918780955e-09,0.9983547319934878,0.0006934674740829876,2
2009-03-27,0.00029976059295369015,3.372254125709627e-09,0.999413544984409,0.000286691049759539,2
2009-03-30,0.0005276977593775338,3.6748711126854947e-11,0.9937406627628638,0.005731639442822342,2
2009-03-31,0.004192283651921519,1.8190253078997926e-08,0.9947106070939189,0.0010970910645621982,2
2009-04-01,0.03787368924898767,2.569836363950002e-08,0.9614130467728093,0.0007132382815266866,2
2009-04-02,0.15663043465131918,4.47988224594134e-08,0.8375757215126732,0.005793799035988774,2
2009-04-03,0.9312163879376336,2.2894632710615227e-07,0.015119654723912003,0.053663728391754,0
2009-04-06,0.9788956409730086,5.509442452711208e-06,0.0007142349705615851,0.02038461461405056,0
2009-04-07,0.9931831517875734,1.5952450231170758e-06,0.0010090749966371177,0.005806177969797276,0
2009-04-08,0.9895996017408183,2.579828958377322e-06,0.008942809993320538,0.001455008435526091,0
2009-04-09,0.9232550426372882,1.7362789554633937e-05,0.07401729081606992,0.002710303758382138,0
2009-04-10,0.4071653300631169,7.310985582156907e-07,0.49317414124066283,0.09965979759802393,2
2009-04-15,0.040945189013868934,5.661899803350665e-09,0.9009623186117635,0.05809248671184707,2
2009-04-16,0.0026300807709148076,4.6710470823563984e-08,0.995492999194892,0.0018768733240572333,2
2009-04-17,0.0002295191383509364,1.1124418239923282e-08,0.9962909127761037,0.003479556959611485,2
2009-04-20,0.00019596382389224187,1.2579186617898559e-09,0.8994247390303629,0.10037929588711413,2
2009-04-21,1.302720897238779e-05,2.0130685554732045e-12,0.5404640411913122,0.4595229315959058,2
2009-04-22,2.526974028535644e-05,4.4526085218484573e-10,0.9937527301998347,0.006221999613560265,2
2009-04-23,9.03913442280905e-06,1.0666326535818426e-10,0.9997094984532957,0.00028146230539128215,2
2009-04-24,5.087424747940794e-06,2.4779842373005266e-12,0.9995301627341205,0.0004647498391848896,2
2009-04-27,5.890179589664808e-07,6.879993254600902e-13,0.9991451492297251,0.0008542617532175437,2
2009-04-28,1.1187698094656875e-06,1.6645106169019883e-13,0.9987973192723624,0.001201561957448926,2
2009-04-29,8.101843428798504e-08,5.315620370585668e-13,0.9998828759582118,0.00011704302379660473,2
2009-04-30,3.3192101876807583e-07,4.144318619736289e-14,0.9996524308046756,0.00034723727499910294,2
2009-05-01,4.62615243036683e-08,1.6988626882040922e-14,0.9998033921887274,0.00019656155122083755,2
2009-05-04,9.252737269852006e-08,2.9566181718653497e-14,0.9998966076066496,0.00010329986425180935,2
2009-05-06,8.724360296835956e-09,3.063646301523357e-13,0.9998699792801206,0.0001300119967145132,2
2009-05-07,6.300119133504947e-06,4.175279956588256e-11,0.9924236978944395,0.007570001946187554,2
2009-05-08,5.8048291830592465e-05,6.395756893701396e-11,0.558127081427217,0.4418148702156939,2
2009-05-11,3.259993612483782e-06,3.545697937382278e-12,0.44515740900470735,0.5548393309971573,2
2009-05-12,2.2388446364785506e-05,1.9796250543439294e-10,0.9229481521985338,0.07702945915787592,2
2009-05-13,3.8227291743141594e-06,1.1214032580263307e-11,0.9984600185830378,0.0015361586776999293,2
2009-05-14,6.55038066930674e-07,3.941789457192616e-13,0.9999604246050301,3.8920355092442e-05,2
2009-05-15,7.418563866243916e-07,1.0211611144254508e-13,0.9999713962550273,2.7861887214180042e-05,2
2009-05-18,2.355434843961493e-07,6.957644917861913e-15,0.999699635980599,0.00030012847593221235,2
2009-05-19,2.559864226886246e-07,1.6553149900367287e-12,0.9998463060142743,0.00015343799633925923,2
2009-05-20,1.8435713338245498e-07,4.103518164879637e-12,0.9971557294692888,0.0028440861700179763,2
2009-05-21,2.5921134841860955e-08,1.0909066338580727e-12,0.8800440864474111,0.11995588762932574,2
2009-05-22,5.518227051639935e-05,5.577563044349627e-10,0.23375171857338736,0.7661930985985885,3
2009-05-25,1.2478323774779701e-11,8.496927216765362e-18,6.161284006053015e-09,0.99999999382635,3
2009-05-28,4.386795033968991e-11,1.1706199618253524e-16,2.918570821229887e-07,0.9999997080995371,3
2009-05-29,4.042698874359866e-05,3.042174567230254e-07,0.29753794273221207,0.7024213260603067,3
2009-06-03,4.5067833021405775e-05,2.8882619038058407e-08,0.22861832198461232,0.7713365813003471,3
2009-06-04,1.7851514582518748e-12,2.30341546189029e-18,7.183372691462066e-11,0.9999999999272404,3
2009-06-05,0.0012556132706058232,2.4507247909239317e-06,0.025142358633977905,0.9735995773701935,3
2009-06-08,2.3984992697829724e-13,1.6317800561511107e-16,7.2531448259750774e-12,0.999999999992724,3
2009-06-09,7.997387147130231e-05,1.0028036106663408e-07,0.0763857713481402,0.9235341545004548,3
2009-06-10,0.0008672829108810471,1.6455456075924206e-08,0.24384913319614326,0.7552835674386386,3
2009-06-11,0.020292056092494095,1.8828899021057936e-06,0.7711038024011768,0.2086022586171814,2
2009-06-12,0.028520468915777676,6.314999348951135e-08,0.8019093257969645,0.16957014213851718,2
2009-06-15,0.07830216998933587,2.4494976547909727e-06,0.8672693997907039,0.054425980723459964,2
2009-06-16,0.11771447776978755,5.413518287370134e-07,0.8343488923864048,0.047936088490940415,2
2009-06-17,0.149476556304599,7.756110832116925e-06,0.8150928800833517,0.035422807500353426,2
2009-06-18,0.1464048550368881,5.941899481857256e-06,0.6611085571504217,0.19248064591360273,2
2009-06-19,3.048016938231548e-05,1.9416270875460257e-12,0.0002823214855586026,0.9996871983439717,3
2009-06-22,0.015534293802919102,1.935512337550258e-05,0.30833924697897175,0.6761071040933914,3
2009-06-23,0.0046734623267053405,6.600086462346027e-08,0.37158621906811923,0.623740252603332,3
2009-06-24,0.007280053096135391,8.793953760376551e-07,0.7242943010133769,0.26842476649629554,2
2009-06-25,0.0026514853904588387,8.079123916305441e-09,0.8236228628321103,0.17372564369653826,2
2009-06-26,0.0015528691794831017,2.638511117896551e-08,0.9932680016444345,0.00517910279018096,2
2009-06-29,0.0005544806719029053,3.794130398865301e-09,0.999025443524935,0.0004200720085947294,2
2009-06-30,0.0007287486293004077,3.567002478279318e-09,0.9977491822723842,0.0015220655320529303,2
2009-07-01,0.009844493264508486,4.9085990743551406e-08,0.9587159848190442,0.031439472831894334,2
2009-07-02,0.039751643023512355,8.315566564764036e-07,0.27869954883380543,0.6815479765845491,3
2009-07-03,0.005808531630882799,5.911531484131856e-09,0.00012032731864605843,0.99407113514039,3
2009-07-08,0.3509214237921762,1.158743678524282e-05,0.0011522047631988663,0.6479147840094975,3
2009-07-09,0.961802508859118,7.130751423759498e-05,0.001696226568798976,0.03642995705711301,0
2009-07-10,0.9977095937907536,3.395872296920644e-06,0.0003141490333349497,0.0019728613052367545,0
2009-07-13,0.9996841767011464,2.036354944208539e-06,0.00017364540554890362,0.00014014153846649642,0
2009-07-14,0.9998095249212288,1.7761444054603663e-06,9.728053609260678e-05,9.141839828631959e-05,0
2009-07-15,0.9983719135110902,1.5860604238914637e-06,2.944229334938534e-05,0.0015970581364954902,0
2009-07-16,0.9941073376991498,5.182318148625942e-07,1.1212114792711712e-05,0.0058809319540627444,0
2009-07-17,0.999743955824111,7.501125344691381e-06,1.3472885459169613e-05,0.0002350701651096027,0
2009-07-20,0.998941023096815,2.076260881418875e-06,8.469562150871346e-06,0.0010484310796141027,0
2009-07-21,0.9991641397244923,1.839432471690745e-06,6.3756183290377195e-06,0.000827645223028943,0
2009-07-22,0.9996709075136511,3.702311620185904e-06,1.2065531094631847e-05,0.00031332464238342626,0
2009-07-23,0.9999390439177477,5.315771483047724e-06,1.2279457396508625e-05,4.33608525277859e-05,0
2009-07-24,0.9998558321671438,3.10080352585431e-06,1.2842495228446577e-05,0.0001282245354966704,0
2009-07-27,0.9998927545016357,3.2682439420886156e-06,1.960619635582283e-05,8.437105702809676e-05,0
2009-07-28,0.9999311024891882,3.3809685292571935e-06,2.982042341539977e-05,3.569611908972307e-05,0
2009-07-29,0.9997373654178824,3.3384831118730573e-06,2.8533549794876248e-05,0.00023076255094857008,0
2009-07-30,0.9984194792632065,2.7033546001638487e-06,2.8388814778332036e-05,0.001549428566830414,0
2009-07-31,0.9998164320163611,3.2377703150102827e-06,4.3517609498771823e-05,0.00013681260354600573,0
2009-08-03,0.9977223434914215,3.954549927137328e-07,2.7118794944093056e-05,0.0022501422598149544,0
2009-08-04,0.9994778646155899,7.590886908995503e-07,0.00011934477743936648,0.0004020315174730916,0
2009-08-05,0.9997215900735967,1.5865704036839517e-06,0.00020944011434665197,6.738324279833614e-05,0
2009-08-06,0.9997309534935775,1.5089957969984702e-06,0.00011026968965001559,0.0001572678212652399,0
2009-08-07,0.9997288084951019,4.582102529936083e-06,0.00013261371907221585,0.00013399568187081755,0
2009-08-10,0.9947692128728289,7.54060222908399e-07,0.002500494838479003,0.0027295382290419734,0
2009-08-11,0.9555500323360473,9.093899959635105e-07,0.0434292063772511,0.0010198518949975424,0
2009-08-12,0.8881812262403201,1.078498491318243e-06,0.11135237382809346,0.0004653214328123195,0
2009-08-13,0.7747052717974221,5.819855388657968e-07,0.22309217765595168,0.002201968561294221,0
2009-08-14,0.5723401526468008,5.837139385064129e-07,0.42537763999589984,0.0022816236446638917,0
2009-08-17,0.27645071011482264,2.0368836285993464e-06,0.7168758294399636,0.006671423563290864,2
2009-08-18,0.062321683342089346,3.634666343114555e-07,0.9089868450316934,0.02869110816038908,2
2009-08-19,0.0030963656555343115,4.4460361851182013e-10,0.9773601339966036,0.01954349990368218,2
2009-08-20,0.00014570451239302062,1.2162401260890016e-10,0.9993945706223417,0.00045972474420658465,2
2009-08-21,1.9137777725191143e-05,2.769907120174585e-12,0.9999240918913309,5.677032745422589e-05,2
2009-08-24,1.651675736009736e-05,3.4425198596014514e-13,0.9999476505241915,3.583271633028626e-05,2
2009-08-25,1.6418770972292394e-05,2.7497544796084056e-13,0.9999553361019212,2.8245125086107984e-05,2
2009-08-26,1.1042193376775007e-05,4.889425562840304e-13,0.9999536799073808,3.527789700802272e-05,2
2009-08-27,3.374807549707387e-06,8.512946347607705e-14,0.9998939450523715,0.0001026801390802427,2
2009-08-28,2.530952740764967e-06,1.2702631664930227e-13,0.9999253099113281,7.215913761816168e-05,2
2009-08-31,5.234051946587781e-06,1.84056077888199e-12,0.9999121257982502,8.2640148537882e-05,2
2009-09-02,1.6853322987567878e-08,1.1726715317127339e-15,0.999552540311061,0.00044744283428818453,2
2009-09-03,2.0868930292572695e-08,2.4952482352839585e-13,0.999914663159649,8.531596960275051e-05,2
2009-09-04,1.1178175390725799e-07,1.733237961498549e-12,0.9989361280751833,0.001063760141979477,2
2009-09-07,2.2289390088105346e-07,2.489259726871869e-13,0.9757935072862323,0.024206269819768138,2
2009-09-10,1.3775658241030583e-08,1.648588555569548e-13,0.9918336988091949,0.008166287416175621,2
2009-09-11,1.0311349723976012e-07,9.34943876164266e-13,0.9997842808392602,0.00021561604786486755,2
2009-09-14,4.7544249815148366e-08,6.479105078529996e-15,0.9999150852493103,8.486720584551395e-05,2
2009-09-15,4.992778050003804e-08,6.888360350634072e-15,0.9999741418101606,2.5808263233396314e-05,2
2009-09-16,3.14930948288807e-08,1.0906693353838822e-15,0.9999315714542993,6.839705338431509e-05,2
2009-09-17,6.850916519407752e-07,7.905266592103665e-15,0.9999197675343604,7.954737562645209e-05,2
2009-09-18,2.3831052226464952e-07,8.820562185080126e-15,0.9999787818810622,2.0979807275104945e-05,2
2009-09-21,2.6038715878427673e-07,8.804815284046964e-15,0.9999772140958486,2.2525517913357385e-05,2
2009-09-22,1.7565443978533197e-07,4.535031501878791e-15,0.9999027218570491,9.71024885149896e-05,2
2009-09-23,1.55513402507482e-07,1.3963576450588987e-14,0.9999200638712942,7.97806149912153e-05,2
2009-09-24,8.545234054650263e-08,1.324254280360942e-14,0.9998851814235911,0.00011473312266338372,2
2009-09-25,1.1532652390883243e-07,2.750602791387594e-13,0.9998981404062862,0.00010174426730411383,2
2009-09-30,2.980484435161219e-08,5.650582545576053e-15,0.9989105801941939,0.0010893900014176062,2
2009-10-01,3.8305140135198756e-08,1.3529859892363255e-13,0.9999291773943861,7.078429867730555e-05,2
2009-10-02,1.3478207389161662e-08,3.1478511963520672e-15,0.9998197299753129,0.00018025654509101725,2
2009-10-05,2.6466692486249546e-09,1.581211722077433e-15,0.9999271001449944,7.289720858604166e-05,2
2009-10-06,2.265055796625331e-09,8.106200483973075e-16,0.9999497493229244,5.0248410752898116e-05,2
2009-10-07,1.6537700471416296e-09,2.6473690472876473e-16,0.9999132347283357,8.676361896006263e-05,2
2009-10-08,1.506158405136893e-09,1.1280507563985868e-15,0.9999482615818781,5.173691306224254e-05,2
2009-10-09,5.50707646035926e-08,3.085273721314222e-15,0.9999299779225373,6.99670073143108e-05,2
2009-10-14,4.3393838621224895e-08,2.3640222665693318e-14,0.99991931874575,8.063785980708251e-05,2
2009-10-15,6.117740578516632e-08,1.1195093069707468e-15,0.9996721257962167,0.00032781302710593136,2
2009-10-16,3.099352746659122e-08,1.2124166338026296e-14,0.9999618610524373,3.810795309452326e-05,2
2009-10-19,3.642952461709878e-08,2.0533368952466284e-15,0.9999501112145733,4.985235467122177e-05,2
2009-10-20,5.3943084845959196e-08,6.954256001469557e-15,0.9999654255345284,3.452052326183947e-05,2
2009-10-21,7.325393221818185e-08,4.74333749464957e-15,0.9998678168762017,0.00013210987063987003,2
2009-10-22,1.4077763960411412e-07,4.826563380075318e-15,0.9999031845957835,9.667462644383755e-05,2
2009-10-23,1.1726829002954002e-07,1.9299522346837898e-14,0.9999704523870424,2.9430343395033103e-05,2
2009-10-26,1.2847346667406722e-07,1.0863600538717365e-14,0.9999068885722725,9.298295356453082e-05,2
2009-10-27,2.688070057426444e-07,5.38444410520058e-15,0.9997295712563118,0.00027015993531213234,2
2009-10-28,3.3423432423376623e-07,3.0387058734696595e-14,0.9999583831233249,4.1282643108937274e-05,2
2009-10-29,6.74262064620425e-07,5.928081085092895e-14,0.9999782156127327,2.1110126604650564e-05,2
2009-10-30,6.613135071785181e-07,2.8896756335387713e-15,0.9998651537656655,0.00013418492001807987,2
2009-11-02,6.48859418063991e-08,4.20687871047932e-15,0.9999580857819081,4.184933324020754e-05,2
2009-11-03,8.282637697450649e-08,1.4253205267537774e-14,0.9999816190663678,1.8298105830680784e-05,2
2009-11-04,1.2407972138496176e-07,1.3201217060608606e-14,0.9998341582157805,0.00016571770372063665,2
2009-11-05,1.6527139115596443e-07,2.1825634707706594e-14,0.9994665236068218,0.000533311122563207,2
2009-11-06,2.9010627535789777e-07,2.6228477490426747e-12,0.9998149891579664,0.00018472073171329944,2
2009-11-09,3.2756817411765805e-06,8.699326004340724e-13,0.998638648695879,0.0013580756222124379,2
2009-11-10,7.5158987630013165e-06,1.4369908488367401e-12,0.9995690140584681,0.0004234700402426977,2
2009-11-11,8.953847302509402e-06,1.965492351435102e-12,0.9999407640399238,5.028211104959533e-05,2
2009-11-12,3.4492588773087316e-06,2.3440497649897144e-12,0.9999365802279939,5.9970509849762225e-05,2
2009-11-13,7.854887605358763e-05,6.465234217487208e-12,0.9981759838011256,0.0017454673172204937,2
2009-11-16,0.00016447735094841088,7.863906197201101e-11,0.9992676129223007,0.00056790964841944,2
2009-11-17,2.936274505462441e-06,6.870842701242843e-13,0.9999029071867803,9.415653737274568e-05,2
2009-11-18,2.447617396024749e-05,2.3301260480350805e-12,0.999913916324789,6.160749995017506e-05,2
2009-11-19,2.9294624267707576e-05,1.0542424476982413e-12,0.9998785909448488,9.211443001854251e-05,2
2009-11-20,3.62074883381552e-05,2.1997184969383608e-12,0.9999183932899389,4.539922064951268e-05,2
2009-11-23,6.330588156283917e-05,6.744002078518726e-12,0.9998914181652239,4.52759468711551e-05,2
2009-11-24,0.00015001169177430735,5.7272472278146515e-12,0.9997007999412112,0.0001491883598497645,2
2009-11-25,8.131065132353088e-05,6.785702450139805e-11,0.9998291726958849,8.951658520396405e-05,2
2009-11-26,0.00010402875214109774,1.4657505711302096e-12,0.9992809898636874,0.0006149813843717118,2
2009-12-01,4.9922931886821453e-05,4.314863612762996e-11,0.9998896672885519,6.0409737594475654e-05,2
2009-12-02,8.810860684621849e-05,2.982460508000685e-12,0.9997136253753686,0.00019826601628905268,2
2009-12-03,9.215267850316898e-05,3.079130279100458e-11,0.9998403159113154,6.753138021144314e-05,2
2009-12-04,0.00014425978994286236,7.195689920122093e-11,0.9996418447416304,0.00021389539794646105,2
2009-12-07,3.223497911951569e-05,2.5923818833528587e-12,0.9990724442326911,0.0008953207861171932,2
2009-12-08,0.0001968324370807973,3.1396671996623647e-10,0.9996293649954079,0.00017380225396154236,2
2009-12-09,0.004763162745252011,9.182735990627738e-10,0.99459476925232,0.0006420670832993707,2
2009-12-10,0.043080465475821915,1.6744139179750128e-08,0.9562242199580088,0.0006952978231503866,2
2009-12-11,0.07600852617311961,7.951637663439985e-08,0.9237464763880712,0.00024491792366730615,2
2009-12-14,0.08854300858767165,4.040365925793985e-08,0.9109323745658988,0.0005245764431301088,2
2009-12-15,0.09989851771210893,7.007547807783767e-08,0.8997570381324114,0.0003443740791100174,2
2009-12-16,0.1680017053904234,3.1636985069577416e-08,0.8279006877337577,0.004097575239535769,2
2009-12-17,0.3047677005864112,3.2514777698074504e-07,0.6932499633946888,0.001982010872405924,2
2009-12-18,0.4760645968116328,1.7355933868679084e-07,0.5154801355995422,0.008455094030646712,2
2009-12-21,0.6545641288656654,1.6021450129563575e-06,0.34094787584702224,0.004486393143581814,0
2009-12-22,0.8173728540664005,1.2125386112080906e-07,0.10626226056852935,0.07636476411174334,0
2009-12-23,0.9468566645008712,1.5502563581024271e-06,0.027275512318851513,0.025866272925106314,0
2009-12-24,0.9915573180194028,2.480643110851766e-06,0.005122512842657421,0.0033176884953243554,0
2009-12-25,0.9982823760645251,1.4665222750681523e-06,0.0014399078273934149,0.00027624958556113626,0
2009-12-30,0.9980950208802354,1.5088330156506268e-06,0.0007891900621765063,0.0011142802256672304,0
2009-12-31,0.9991651415756916,1.1666947335052624e-06,0.0006340837115680196,0.00019960801829743867,0
2010-01-01,0.9993276043286092,1.2065935288124395e-06,0.0005680430274534181,0.00010314605031529867,0
2010-01-06,0.9991517739310727,9.78154081245356e-07,0.0006563592718953432,0.00019088864196927977,0
2010-01-07,0.99925916681757,6.173803063929483e-07,0.00036242610049519984,0.0003777897008078913,0
2010-01-08,0.9994463329243017,3.3056099291085346e-06,0.0001194450652330666,0.0004309163992019917,0
2010-01-11,0.9905003746775164,2.1142761221311654e-06,5.815929773345005e-06,0.009491695115494112,0
2010-01-12,0.9996714565150749,6.328976884703553e-06,1.405243225630362e-05,0.00030816207529838776,0
2010-01-13,0.9998673957777053,1.0052682119624312e-05,8.7462339754825e-06,0.00011380530498926068,0
2010-01-14,0.9998876132270823,2.9518945363428528e-05,7.0424376708700055e-06,7.582539109406093e-05,0
2010-01-15,0.9990639432708687,0.0004863634368666448,5.341031309425508e-07,0.0004491591900269304,0
2010-01-18,0.9992096744085817,0.0004764564039719963,1.080423573054318e-06,0.0003127887648150344,0
2010-01-21,0.9987817154545804,0.00034048828429276496,1.2922826343274085e-06,0.0008765039773082346,0
2010-01-22,0.9991069971203836,0.0006968250817332731,9.96413727629097e-07,0.0001951813825147301,0
2010-01-25,0.9990696171796168,0.0007132391782687877,8.996212257279804e-07,0.0002162440215357092,0
2010-01-26,0.9991585946238387,0.000659277298422569,7.976554211121826e-07,0.00018133042141711076,0
2010-01-27,0.9994955980988636,0.00035676889714659105,1.7472910365135612e-06,0.0001458857114411155,0
2010-01-28,0.9990776423556276,0.00022056523802551544,1.338637137406689e-06,0.000700453768162585,0
2010-01-29,0.9996281985541465,0.00013158425286185458,1.268740573466773e-06,0.0002389484531303773,0
2010-02-01,0.9998732270870065,1.2061569413688694e-05,6.682501942778145e-06,0.00010802884314324655,0
2010-02-02,0.9999335146696402,4.833292275735986e-06,1.1807694001240655e-05,4.984434377215422e-05,0
2010-02-03,0.9998213349999296,3.7849891490172067e-06,1.1874284859010532e-05,0.00016300572764308636,0
2010-02-04,0.9996605615382221,1.8257635837356078e-06,1.6837414453527448e-05,0.00032077528429817976,0
2010-02-05,0.999899349158773,3.866964312973116e-06,2.1412989081368353e-05,7.537088794852374e-05,0
2010-02-09,0.9998638216674348,1.8900023792256853e-06,8.653569270070329e-05,4.775263836729991e-05,0
2010-02-10,0.9997302848458951,9.018094920578046e-07,0.00010592686103052786,0.00016288648315040006,0
2010-02-11,0.9997135266798145,1.0462061444523563e-06,0.00019433148337792103,9.109563222305549e-05,0
2010-02-12,0.9998901679211822,3.014557408796105e-06,2.3540030503908696e-05,8.327749010905575e-05,0
2010-02-15,0.9999119641807062,5.583661480579222e-06,1.2086727885841235e-05,7.03654292078223e-05,0
2010-02-18,0.9995914737408206,2.940123865779632e-06,2.933934410490585e-05,0.0003762467915708437,0
2010-02-19,0.9997956361216506,1.9151798872659963e-05,2.50504268112571e-05,0.00016016165314927607,0
2010-02-24,0.9929852426436785,0.0006966113130719702,1.5567442624704276e-06,0.006316589298779367,0
2010-02-25,0.9798221357647993,0.0007348691523564959,5.32805781279938e-07,0.019442462277241043,0
2010-02-26,0.9973876340111445,0.001148539758905718,1.3111754739104655e-06,0.0014625150553894913,0
2010-03-01,0.9994792384618246,0.00035423443276237285,1.8786093879015695e-06,0.00016464849701856938,0
2010-03-02,0.9995553704215641,0.0003154818362896181,1.5364898099107326e-06,0.000127611251002376,0
2010-03-03,0.9993335577128268,0.0004987408605267123,9.272109717392446e-07,0.0001667742153335541,0
2010-03-04,0.9988635630306393,0.0006001632585121829,5.927093141830903e-07,0.0005356810001330441,0
2010-03-05,0.9985426676218748,0.0005811951195112263,7.917303466056982e-07,0.0008753455298855256,0
2010-03-08,0.9997789108313162,0.0001015546083421268,2.569178843289102e-06,0.00011696538290296815,0
2010-03-09,0.9999263348940283,1.2333540536281803e-05,7.410536545444834e-06,5.3921028387005956e-05,0
2010-03-10,0.9999386473186395,1.163784591618594e-05,6.899529755679072e-06,4.2815306208791514e-05,0
2010-03-11,0.9999420165771817,1.0343432687119616e-05,7.449821705824966e-06,4.0190167558003916e-05,0
2010-03-12,0.999938322667193,3.932835219636124e-06,2.229988526856413e-05,3.5444611624070924e-05,0
2010-03-15,0.9998789932092476,1.6998491537277209e-06,4.7244837320667036e-05,7.20621042547864e-05,0
2010-03-16,0.9998946970158753,2.2464694337276957e-06,5.23409270859484e-05,5.0715586440113354e-05,0
2010-03-17,0.999870051324563,1.4389531254830775e-06,5.0775032202944725e-05,7.773468979711049e-05,0
2010-03-18,0.9997868841569989,1.504539057952554e-06,0.00014692288895592085,6.468841634406049e-05,0
2010-03-19,0.9996601745778319,1.3771273004881034e-06,0.00024565732706694404,9.279096858082198e-05,0
2010-03-22,0.999054019324516,1.7875570357485314e-06,0.0007056214090917647,0.00023857171083429995,0
2010-03-23,0.9959619084558379,3.830635558266735e-06,0.0036510198337485473,0.00038324107495297036,0
2010-03-24,0.9712251336484709,9.163067067320423e-05,0.013498911989450973,0.0151843236929541,0
2010-03-25,0.18402252806915279,8.674272693266156e-09,0.020388900017516174,0.7955885632401007,3
2010-03-26,0.27527222091938314,3.6181385819444305e-06,0.586068062395593,0.13865609854503233,2
2010-03-29,0.2760394920029333,1.191992519997928e-06,0.713327697549743,0.010631618455285898,2
2010-03-30,0.23604687198324695,1.8246068368258174e-07,0.7625338605235549,0.0014190850321281882,2
2010-03-31,0.17378431518347687,1.325750680845378e-07,0.8256498441336783,0.0005657081059679841,2
2010-04-01,0.06933860519365732,2.3013393477088044e-08,0.9301656979668586,0.0004956738271726431,2
2010-04-02,0.0004957268360832121,2.533508437988801e-11,0.9990274483712662,0.0004768247662620949,2
2010-04-07,2.1963700973347823e-06,4.1161968591525946e-13,0.9999717612212401,2.6042407602137503e-05,2
2010-04-08,1.02242590934317e-06,1.0554006291728821e-14,0.9999613074279013,3.7670145427840814e-05,2
2010-04-09,1.2576994562636912e-05,2.8709576953092533e-13,0.9999597729526132,2.765005285880377e-05,2
2010-04-12,1.6564102509106424e-05,9.348606050809958e-14,0.9999239756121723,5.9460286003776655e-05,2
2010-04-13,9.430630977383433e-06,2.2072497534807452e-13,0.9999658238686004,2.4745498560548285e-05,2
2010-04-14,1.2002867631747426e-05,2.7359490266492966e-13,0.9999550454440773,3.295168682233763e-05,2
2010-04-15,2.9853442860622726e-05,4.4381787858433556e-13,0.9999089761906242,6.117036700786512e-05,2
2010-04-16,5.177233073091171e-05,2.0227037579273953e-12,0.9999113540909911,3.687357446398714e-05,2
2010-04-19,5.020628594471247e-05,2.3194748860646377e-12,0.9999117710719838,3.8022638485204936e-05,2
2010-04-20,0.00010373700712303458,3.2138924586227875e-12,0.9998555761922405,4.068679625735751e-05,2
2010-04-21,1.954673330961342e-05,9.040127598318726e-13,0.9999361192708514,4.433399563135649e-05,2
2010-04-22,2.9194819871273444e-05,7.710815249552346e-13,0.9999253997481463,4.540542981739901e-05,2
2010-04-23,1.7717747061412996e-05,1.4155163855707999e-12,0.9999444567511895,3.782549867770114e-05,2
2010-04-26,1.6152913942257258e-07,8.695930915120274e-15,0.9998767895944374,0.00012304887668722572,2
2010-04-27,5.873424909462602e-07,3.166678296636482e-12,0.9999342247925194,6.518786043619115e-05,2
2010-04-28,1.4787585916797797e-06,4.0882645033294167e-14,0.996275389190575,0.003723132052486815,2
2010-04-29,3.1956667102651805e-06,1.0787777473714401e-11,0.9996846261334065,0.0003121781895143407,2
2010-04-30,1.8073464330407703e-06,1.636723961382554e-11,0.9998441097972499,0.00015408283955581145,2
2010-05-03,2.21031221469258e-05,3.087233189064046e-10,0.9956083441906896,0.004369552379440324,2
2010-05-05,3.7072324837685925e-05,1.644173777889462e-10,0.7656214498044015,0.23434147770814553,2
2010-05-06,0.0002520342375862039,2.7601449608977806e-08,0.5305521754002734,0.4691957627617612,2
2010-05-07,2.1663639588318497e-12,4.285809986453844e-18,1.80822435010803e-08,0.9999999819156075,3
2010-05-10,3.254386706402366e-05,1.8300605884857642e-07,0.4730256272781969,0.5269416458469963,2
2010-05-11,3.770559474223109e-07,2.484146823281415e-11,0.42435082185633466,0.5756488010631714,2
2010-05-12,3.6374189879699294e-06,1.2842515571474567e-10,0.8760723133612546,0.12392404909151099,2
2010-05-13,2.7314986675904425e-07,6.019869558195026e-10,0.9940702998622039,0.005929426386402743,2
2010-05-14,5.521426621315899e-07,3.5718876504728543e-10,0.9917460470845664,0.008253400414104379,2
2010-05-17,7.009412752017077e-07,5.166483645670497e-14,0.8817029292951195,0.11829636976500232,2
2010-05-18,2.7934944518431905e-07,3.012610059589828e-11,0.9977667484636188,0.0022329721558445466,2
2010-05-19,2.551872324519387e-07,2.322853654430373e-13,0.9995925342444463,0.0004072105668850757,2
2010-05-20,2.651993164141834e-07,1.0701944941793735e-13,0.9999682380681557,3.1496731381627866e-05,2
2010-05-24,5.599067644708327e-06,1.663372960162889e-13,0.9999252940254614,6.910690545344724e-05,2
2010-05-25,5.65374223338291e-06,3.901388832020073e-12,0.9998484908800737,0.00014585537300198883,2
2010-05-26,6.7883849595246025e-06,1.487539119326915e-12,0.9985702957809491,0.001422915833393461,2
2010-05-27,2.9329945895804737e-06,2.169992158114907e-10,0.9997329692374056,0.00026409755051067305,2
2010-05-28,1.7662016111808468e-06,6.043528531604223e-14,0.9920388071156694,0.007959426684092646,2
2010-05-31,0.0005526794790785339,6.054185055413208e-09,0.9978367586996759,0.0016105557669766901,2
2010-06-03,0.11864030362585608,3.7012044837133576e-08,0.8741921068452889,0.007167552518459663,2
2010-06-04,0.4991357128449831,7.47907010969236e-07,0.4846959493588144,0.01616758988828304,0
2010-06-07,0.772682677733911,7.431608853551626e-07,0.04043115686007414,0.18688542224427437,0
2010-06-08,0.9802639594414279,2.263896399237007e-05,0.007359223140213968,0.012354178452963679,0
2010-06-09,0.9987110915995314,2.7990982216295596e-06,0.0007297191217209989,0.0005563901815757452,0
2010-06-10,0.9997535343941919,2.4425696353314145e-06,0.00013113104271326024,0.0001128919942842218,0
2010-06-11,0.9973656302230933,3.823364259710913e-06,5.4317827069567355e-05,0.002576228587041018,0
2010-06-16,0.9969697830101338,0.001666152876821868,1.18860482920543e-06,0.0013628755097787927,0
2010-06-17,0.9849866347828261,0.014164387990277656,2.0281321440617045e-06,0.0008469490958569047,0
2010-06-18,0.9292957186822767,0.06603872254332749,7.563142109800809e-07,0.004664802459731286,0
2010-06-21,0.801385282774843,0.1959149809505991,1.3055840034405716e-06,0.002698430689740744,0
2010-06-22,0.6080059044953026,0.3718969508227809,2.6885711874811905e-07,0.020096875826311356,0
2010-06-23,0.4489666189757051,0.5448296628586892,6.101598978279621e-07,0.00620310800661107,0
2010-06-24,0.20163687592615256,0.7897950421526102,6.046357821677692e-08,0.00856802145734813,1
2010-06-25,0.07127253686851283,0.9273861900464039,3.957614280893516e-08,0.0013412335092439648,1
2010-06-28,0.01614272242389509,0.9824571387481484,9.112325285782077e-09,0.0014001297153045148,1
2010-06-29,0.0006717267032822181,0.9976232159684292,4.204138627808828e-09,0.0017050531258555428,1
2010-06-30,1.940520287991868e-06,0.981282540547846,6.7817086571676054e-12,0.01871551892686301,1
2010-07-01,8.052426980498272e-06,0.9565604282806207,2.7621732397833307e-10,0.043431519017908336,1
2010-07-02,0.0001276918343737308,0.2567707695095887,1.825229049923799e-11,0.7431015386362448,3
2010-07-05,0.014111475001981828,0.5166671015227591,3.329778817033351e-07,0.46922109049706234,3
2010-07-08,0.004739837669764594,0.9432902900139595,3.4747023202729324e-09,0.05196986883983289,1
2010-07-09,1.479934478972014e-05,0.9990725497816079,1.389592871647583e-12,0.0009126508714208008,1
2010-07-12,4.7562705166194653e-07,0.9999510180450987,5.684649227863965e-14,4.850632945262024e-05,1
2010-07-13,3.6233187139402475e-07,0.9999189572799411,7.384814791950132e-15,8.068038728983323e-05,1
2010-07-14,2.4500407346846362e-08,0.9997226771996822,4.9607787178044033e-17,0.00027729829925339733,1
2010-07-15,1.5577215348860856e-08,0.999934304655456,6.601686908816435e-15,6.567976651882624e-05,1
2010-07-16,1.7262655157853708e-08,0.998342351324036,8.016641505028377e-17,0.0016576314144523588,1
2010-07-19,9.585295690351252e-10,0.9996562682148438,6.430573752495236e-17,0.00034373082675269483,1
2010-07-20,1.8314362700000846e-10,0.9999604501899229,2.0445589199882333e-18,3.954962720699561e-05,1
2010-07-21,7.413564623890699e-11,0.9999654559433422,1.539390594131287e-19,3.4543984030727336e-05,1
2010-07-22,3.565695957656199e-11,0.9999446039392851,3.6549855862560806e-19,5.539602573507371e-05,1
2010-07-23,3.179019132628371e-10,0.9998045570376075,3.6264808234034315e-19,0.0001954426445705379,1
2010-07-26,3.4223603739991114e-07,0.9999535630718344,9.115308738153834e-15,4.609469291123312e-05,1
2010-07-27,7.325675166803893e-07,0.9998998314553991,1.604278285821798e-15,9.943597733301066e-05,1
2010-07-28,5.747606945094745e-07,0.9999579339790651,6.786685656459798e-15,4.149126132701505e-05,1
2010-07-29,4.491446573422487e-06,0.9999438947002897,9.229241451584176e-14,5.161385297293035e-05,1
2010-07-30,2.3663524300880428e-05,0.999806385726583,3.0247497967108283e-13,0.0001699507474133087,1
2010-08-02,2.8013067995744645e-06,0.9999044106840423,4.566692831678678e-13,9.278800998797763e-05,1
2010-08-03,6.339202580998955e-06,0.9995476231984809,2.651139210106343e-13,0.0004460375970664871,1
2010-08-04,6.027914500780892e-06,0.9995042652524486,7.683389200258349e-13,0.000489706832032396,1
2010-08-05,1.7123562219234783e-07,0.9998136153594436,8.06550592998539e-15,0.00018621340380600379,1
2010-08-06,4.529492644689741e-07,0.999930643313419,2.7598639363056286e-14,6.890373593152565e-05,1
2010-08-09,3.56753812642985e-07,0.9997728229544655,4.968592222381998e-15,0.00022682029011009038,1
2010-08-10,3.333785515180903e-07,0.9997958905863044,6.721964255886534e-13,0.00020377603368138854,1
2010-08-11,7.914834211385297e-06,0.991232321715175,8.121673390252741e-12,0.008759763444181518,1
2010-08-12,7.295696459218051e-09,0.6455439689616181,9.068556013316729e-16,0.3544560237411046,1
2010-08-13,9.934262349089494e-08,0.8413121081739213,1.2104061268044312e-11,0.1586877924722306,1
2010-08-16,1.9500136297701522e-05,0.836990528874837,3.755695780923028e-09,0.1629899672317068,1
2010-08-17,4.956179786377672e-09,0.6397448903949391,1.7369818438549757e-16,0.3602551046485095,1
2010-08-18,2.1961134585899983e-07,0.9921963048651825,8.104817716725681e-14,0.007803475522245916,1
2010-08-19,1.8184642044853904e-08,0.9998015713180551,7.596069339318176e-15,0.00019841049683384245,1
2010-08-20,2.7115561153535203e-09,0.9998987501569164,9.088643971023446e-17,0.00010124713015315776,1
2010-08-23,6.407783486365367e-09,0.999866845526502,3.1299684244411205e-16,0.00013314806643383798,1
2010-08-24,2.0447241711458973e-08,0.999635898510647,2.687461790195792e-14,0.00036408104128012416,1
2010-08-25,1.448607959842404e-08,0.982691710963856,1.0168150680537471e-16,0.017308274548573657,1
2010-08-26,8.193094944015057e-08,0.9985281028363548,1.9161393457824605e-12,0.0014718152298698556,1
2010-08-27,2.5082556962858865e-07,0.9963649160049828,1.829876565285447e-12,0.0036348331684415143,1
2010-08-30,6.641483448414671e-07,0.9586753105665039,4.450909533514157e-13,0.04132402528535683,1
2010-08-31,1.7767392560637833e-05,0.9686351410166668,3.13974804966071e-09,0.03134708845096266,1
2010-09-01,0.00017414136405855,0.8479986612295897,2.598439619180669e-09,0.15182719480832535,1
2010-09-02,1.021559875244244e-06,0.021435240265011212,3.4130739230242217e-12,0.9785637381723927,3
2010-09-03,2.7556483682805416e-06,0.009825409325616976,1.1408772860251489e-10,0.9901718349133442,3
2010-09-06,0.00034797447112003526,0.08785978680522445,6.616865851940962e-10,0.9117922380605346,3
2010-09-09,0.04843943989866542,0.8641493720712916,6.432604833762705e-07,0.08741054476832527,1
2010-09-10,0.07757455258478764,0.9021247103789259,5.60270456342259e-07,0.020300176766336105,1
2010-09-13,0.1070602530266289,0.8827271255533916,2.63789863881208e-07,0.010212357629678571,1
2010-09-14,0.15714203915915959,0.8254072488230048,1.2450435585520968e-07,0.017450587514911402,1
2010-09-15,0.18996123937815185,0.7852314247798324,9.553630266604371e-08,0.024807240306419016,1
2010-09-16,0.26836384605356506,0.7211665897099143,7.030551501737732e-07,0.010468861180413519,1
2010-09-17,0.4074172698941851,0.5462604354906012,8.307305649965302e-07,0.04632146388428602,1
2010-09-22,0.514193299430015,0.08776029237094063,2.576469062744717e-07,0.3980461505530684,3
2010-09-23,0.6093749621604768,0.04260756114734758,1.3947537605540052e-06,0.3480160819377354,3
2010-09-24,0.8918210152735084,0.0540705698206204,1.041223771124059e-05,0.054098002667748585,0
2010-09-29,0.9273470408087502,0.03582721049936373,7.57289791993094e-07,0.03682499140255408,0
2010-09-30,0.9949046219968868,0.003133703168565671,1.0450421324647047e-05,0.0019512244135301204,0
2010-10-01,0.9994835392752064,0.00036096881471746296,5.363370189214972e-06,0.0001501285390723726,0
2010-10-04,0.9973303121927646,6.457828214889575e-05,8.414176784427101e-06,0.002596695348188056,0
2010-10-05,0.9606923261239251,4.971416214165461e-06,5.613803927690658e-06,0.03929708865767144,0
2010-10-06,0.9742014587146591,2.840233887983248e-06,2.3049098181346417e-05,0.025772651952908097,0
2010-10-07,0.9938021671142517,3.1675257171070787e-06,7.197777824774731e-05,0.006122687580229527,0
2010-10-08,0.9998284246154299,8.320727457808149e-06,1.5871271294648883e-05,0.00014738338656602228,0
2010-10-13,0.9999396332345635,5.468357424432668e-06,1.5014762542069805e-05,3.988364585754872e-05,0
2010-10-14,0.999765266719013,9.888763727442178e-07,8.8581491212585e-05,0.00014516291517389617,0
2010-10-15,0.9997413911271099,1.2867913875391239e-06,4.1597259174691536e-05,0.00021572482393624414,0
2010-10-18,0.9993607040529484,8.725266033026036e-07,3.375224446493877e-05,0.0006046711743780413,0
2010-10-19,0.9997569412475916,6.008348509819221e-06,1.8402986727138508e-05,0.00021864741810026622,0
2010-10-20,0.997668101342184,1.0283625957508516e-06,9.58506015137413e-06,0.0023212852354469048,0
2010-10-21,0.999441650932769,2.5368406878123337e-06,4.571163932122785e-06,0.0005512410632562962,0
2010-10-22,0.9999060671061788,5.1336329607311745e-06,1.0865764304755754e-05,7.793349621488166e-05,0
2010-10-25,0.9999212518572341,3.826974544171347e-06,2.2236977149408603e-05,5.268419067817176e-05,0
2010-10-26,0.9998820835613181,3.861666236923626e-06,1.7449126831968764e-05,9.660564588654949e-05,0
2010-10-27,0.9976797961349176,2.5713740400259505e-06,1.8636563259173338e-05,0.0022989959286307663,0
2010-10-28,0.990221864997333,3.402258679998657e-07,4.461073711538208e-05,0.009733184040968703,0
2010-10-29,0.9986952805158983,8.366167147938476e-07,0.00012198655074778437,0.0011818963179648229,0
2010-11-01,0.9997324427116265,3.9850857541254955e-06,0.00015514536430100219,0.00010842683709749764,0
2010-11-02,0.9961038044246145,1.7796232273854146e-05,0.0016211724138885052,0.002257226928867093,0
2010-11-03,0.8714764670599576,6.052239453797091e-05,0.004163171920256832,0.12429983862398515,0
2010-11-04,0.024874119317010324,4.225511636302827e-09,0.0010308155849901262,0.9740950608738602,3
2010-11-05,0.06762611574212493,1.2775991307965598e-06,0.7517725913723184,0.18060001528643185,2
2010-11-08,0.045007333600724654,2.2572342705855208e-07,0.9427990520682807,0.012193388606876191,2
2010-11-09,0.023281295825579775,3.1980309008189774e-07,0.9750690888714472,0.0016492954987197507,2
2010-11-10,0.011161232537081718,9.904207833752608e-10,0.9805187167787921,0.00832004969416014,2
2010-11-11,0.007433869270375737,3.2466197294321e-08,0.9921303215031928,0.00043577676100099407,2
2010-11-12,0.008820396096936594,8.488840517095387e-08,0.9886239835246784,0.0025555354894564964,2
2010-11-15,0.010186667888627118,2.0755263619029994e-07,0.9401789921395679,0.0496341324202498,2
2010-11-16,0.0015812092923116255,5.351160381629898e-11,0.7413939437717396,0.2570248468820161,2
2010-11-17,0.00102097406618775,5.720429407113471e-08,0.9837581181294514,0.015220850599345316,2
2010-11-18,0.0005084803739849423,4.704065406502525e-09,0.9956083714969635,0.0038831434233736668,2
2010-11-19,0.0002273798186319078,3.3337000015778797e-10,0.9989466667582237,0.0008259530910456505,2
2010-11-22,0.00023490281300377375,1.7717589632893575e-09,0.9994790494799978,0.00028604593621001583,2
2010-11-23,0.0008366983374323001,1.0318847308803757e-08,0.9950938204828522,0.004069470862146688,2
2010-11-24,0.00197622046021513,1.6714011937377852e-08,0.9011657316002676,0.09685803122418955,2
2010-11-25,8.046990237430332e-05,2.077851481011694e-12,0.675665827797386,0.3242537022982659,2
2010-11-30,0.0007302521314082194,4.0226040439886097e-07,0.9870500663570461,0.012219279249952872,2
2010-12-01,6.627252497896132e-05,2.493048954301833e-08,0.9884343883117003,0.011499314231744896,2
2010-12-02,1.6887637173485433e-06,2.2723092090208282e-12,0.6960767258658219,0.3039215853683956,2
2010-12-03,1.1160181992349523e-05,1.5503274969673678e-08,0.680881831254799,0.31910699306065193,2
2010-12-06,5.189898707620171e-06,2.874364517193811e-10,0.5033280168009702,0.4966667930114142,2
2010-12-07,0.00035209403726916297,1.1616659955228769e-06,0.6122445236649949,0.38740222063134594,2
2010-12-08,1.6950242343058353e-05,1.4732394314472175e-12,0.44306535418491616,0.5569176955717043,2
2010-12-09,0.0003255170288226683,1.0421288365406379e-07,0.9803771910425161,0.01929718771611679,2
2010-12-10,0.00027311771957605344,3.0952493138417366e-10,0.9854004327058364,0.014326449266621367,2
2010-12-13,1.1303560905727828e-05,5.819965458720859e-10,0.9997348764749707,0.00025381938043658216,2
2010-12-14,1.0594046017722912e-05,3.614465229103569e-11,0.999155286283443,0.000834119635394161,2
2010-12-15,4.83923287005777e-06,3.139500641152211e-12,0.9942222135070281,0.005772947257961087,2
2010-12-16,3.4446182251723283e-07,7.085426023309524e-14,0.995623309057402,0.0043763464811432265,2
2010-12-17,9.313043518430115e-08,1.9705856873208955e-12,0.9999289077883567,7.099907931134828e-05,2
2010-12-20,3.010907050641742e-08,9.270061923046085e-15,0.9997413341820076,0.00025863571006620907,2
2010-12-21,9.465479186908534e-08,2.236913607365997e-13,0.9998574133225032,0.0001424920213692393,2
2010-12-22,1.5461404254097774e-07,6.877169061836918e-15,0.9994691255990203,0.0005307197853793305,2
2010-12-23,4.91831915941614e-07,1.0259717739098382e-13,0.9999658329159445,3.367525095335822e-05,2
2010-12-24,4.145485445502498e-07,9.48793561684156e-15,0.9999638296715228,3.575578081446676e-05,2
2010-12-29,6.108743187756482e-06,1.3014064470742739e-13,0.9999363095832107,5.75816718051875e-05,2
2010-12-30,5.256057173675683e-06,4.009201253067317e-14,0.9999097696346476,8.497430678186652e-05,2
2010-12-31,1.2650716571322368e-06,4.907832780612332e-14,0.9999736520018419,2.508292605953216e-05,2
2011-01-03,1.6094037421250807e-06,7.299287510490855e-14,0.9999619469309313,3.644366554644749e-05,2
2011-01-04,2.9447528542576416e-06,4.461079776211333e-12,0.9997827003596781,0.00021435488157147453,2
2011-01-05,3.928536983075502e-05,5.600468246753305e-10,0.9941720007455264,0.005788713324357544,2
2011-01-06,7.583688953416213e-06,1.1429280524414571e-14,0.578362362038752,0.4216300542724773,2
2011-01-07,7.841058693579805e-06,1.5713362700803248e-10,0.9911970785139101,0.008795080269456424,2
2011-01-10,1.0354218660843437e-07,7.100377548330176e-13,0.9996651565602004,0.0003347398960791572,2
2011-01-11,2.674277613859616e-07,9.103074184581942e-14,0.999944245170841,5.548740212802426e-05,2
2011-01-12,2.709064155003106e-07,5.1081003654637924e-14,0.9999289094580703,7.08196339931792e-05,2
2011-01-13,6.886541923783869e-07,7.615900799923366e-13,0.9997515399621653,0.0002477713844217635,2
2011-01-14,1.0337746010922634e-07,3.671976980971742e-15,0.9970950297650304,0.0029048668574375705,2
2011-01-17,2.1083272356953073e-07,1.5464703830565837e-12,0.9999288888794875,7.090028576412208e-05,2
2011-01-20,1.0341819496012737e-07,1.1452923263884793e-14,0.9998689221669329,0.00013097441346555935,2
2011-01-21,2.445814011946886e-07,2.6451872592526077e-14,0.9999030064976013,9.674891924750642e-05,2
2011-01-24,1.0480718755164553e-07,2.3791990050413614e-15,0.999953341601994,4.655359109169123e-05,2
2011-01-25,2.913160361919884e-07,5.211521137490737e-15,0.9999817492599687,1.795942571046205e-05,2
2011-01-26,3.074557400134866e-09,1.1911059135826642e-16,0.9999761994144355,2.379750935605994e-05,2
2011-01-27,2.763475683968487e-09,1.0405273695890911e-16,0.999975865601501,2.413163349208505e-05,2
2011-01-28,1.7606157899963046e-08,5.812402209381406e-15,0.9999796167179872,2.0365675534583898e-05,2
2011-02-02,6.714779203556454e-07,1.1063845908990464e-14,0.9996673459397893,0.0003319825832848515,2
2011-02-03,7.793315880572012e-07,1.4171133110811263e-12,0.999728576164066,0.0002706445015510645,2
2011-02-04,1.4195691806213393e-06,5.311059928119623e-14,0.9995700608689826,0.0004285195629782892,2
2011-02-07,1.5132638432066923e-07,6.735960571785177e-14,0.9999629316802533,3.691699412320068e-05,2
2011-02-08,4.097662973565584e-07,4.409502039228933e-15,0.9999460936356542,5.3496596861057056e-05,2
2011-02-09,1.3257662857914118e-06,2.3743507166848276e-14,0.9999787618216728,1.9912413782362983e-05,2
2011-02-10,2.3445459017494286e-06,4.540080997347097e-14,0.9999753545652545,2.230088820583363e-05,2
2011-02-11,5.845620577386378e-05,2.0772391297000746e-12,0.9998694765805837,7.206721152106378e-05,2
2011-02-16,0.0027397577488942498,4.5021787677003113e-10,0.9971915293380833,6.871246220417535e-05,2
2011-02-17,0.016401037564236134,2.4168725236086567e-09,0.9833498250522253,0.0002491349681801831,2
2011-02-18,0.04130719867887686,1.544668959800265e-08,0.9582435961196919,0.0004491897534172394,2
2011-02-21,0.15968904434175818,7.96924521546202e-08,0.8368988963351736,0.0034119796311941545,2
2011-02-24,0.37814004186864364,1.0170836351040709e-07,0.527134362180892,0.09472549424181749,2
2011-02-25,0.6794179707657914,4.273917694598728e-06,0.3130236162401953,0.007554139076182206,2
2011-02-28,0.9321029064545948,1.5870878355684462e-06,0.06653618740124123,0.0013593190572201703,0
2011-03-01,0.9983008370276457,1.0930415051725042e-05,0.0004589178601369226,0.0012293146968768267,0
2011-03-02,0.9994596228522418,5.592123467351109e-06,1.3156256687087688e-05,0.0005216287668139457,0
2011-03-03,0.9999150132161737,4.4698070219070765e-06,1.189529422332683e-05,6.862168178517147e-05,0
2011-03-04,0.9997331287420129,4.427225985802512e-06,1.597330794839359e-05,0.0002464707222511799,0
2011-03-07,0.9998012913147815,1.7261681414603925e-06,4.335330109767064e-05,0.00015362921551193706,0
2011-03-08,0.9999152774237913,2.8061673604221346e-06,4.3201482222405035e-05,3.871492645397443e-05,0
2011-03-09,0.9997343068277693,1.9006731458819351e-06,3.5284649947533005e-05,0.000228507848404546,0
2011-03-10,0.999892766818511,2.488677748911383e-06,5.4421847472501375e-05,5.032265460509077e-05,0
2011-03-11,0.9996681341696938,1.579370799756973e-06,8.549604963045171e-05,0.00024479041095175954,0
2011-03-14,0.9998229628623103,1.2228964302657e-06,3.914531980294866e-05,0.00013666892044898255,0
2011-03-15,0.9999216988496914,4.551074880686813e-06,1.3919458902172735e-05,5.9830617731315835e-05,0
2011-03-16,0.9995133676443425,1.564470609267033e-05,1.3181520271357227e-05,0.0004578061298351654,0
2011-03-17,0.9880328452080067,2.147501893079015e-05,1.524370041980468e-06,0.011944155403696661,0
2011-03-18,0.9993368112520166,1.2156798625576884e-05,5.270161503225028e-06,0.0006457617885928216,0
2011-03-21,0.9999006636000521,1.2601628964295343e-05,4.866924294685237e-06,8.186784766551705e-05,0
2011-03-22,0.9998328760017354,1.3049567206908832e-05,3.1624356101053516e-06,0.00015091199713861389,0
2011-03-23,0.9997589965718426,2.3276331574338897e-05,2.253430699554243e-06,0.00021547366705495954,0
2011-03-24,0.9998894259644199,3.4991023350778055e-05,2.9779005610051416e-06,7.26051112492338e-05,0
2011-03-25,0.9998935062569015,2.5013112579133284e-05,2.630453619639542e-06,7.885017756671027e-05,0
2011-03-28,0.999870985567505,1.4131557925237467e-05,5.182703373314317e-06,0.00010970017076164759,0
2011-03-29,0.9999243619216731,2.461933974206305e-05,3.3535097533728616e-06,4.7665229787997067e-05,0
2011-03-30,0.9999426823216624,9.220516572609375e-06,8.690372158960375e-06,3.9406791053594226e-05,0
2011-03-31,0.9999335805817979,5.2837780978140145e-06,1.1973171221470545e-05,4.91624704161943e-05,0
2011-04-01,0.9999353414336655,4.817893600259638e-06,1.8852648313455104e-05,4.0988022700991865e-05,0
2011-04-06,0.9998914205041903,2.370070644913415e-06,6.456652476137818e-05,4.164290217519831e-05,0
2011-04-07,0.9994532436151812,6.54821162120743e-07,7.957280021669234e-05,0.00046652876269158547,0
2011-04-08,0.9998668616806147,1.8952063120050937e-06,6.841475097347527e-05,6.282836108539146e-05,0
2011-04-11,0.9998943245297809,1.699811477315337e-06,3.965067719334799e-05,6.432498325002677e-05,0
2011-04-12,0.999928038333598,3.6091695444387916e-06,2.4067025707995027e-05,4.4285471489866864e-05,0
2011-04-13,0.9999485291268602,6.923644598088062e-06,1.0435062748472467e-05,3.411216555449589e-05,0
2011-04-14,0.9999397972902411,7.129455103551574e-06,1.1130891281955e-05,4.19423615594864e-05,0
2011-04-15,0.9999313732562449,6.906352815401663e-06,7.596202049889355e-06,5.412418891763968e-05,0
2011-04-18,0.9999239502173733,3.841786876261151e-06,2.7769625439185574e-05,4.4438369504390414e-05,0
2011-04-19,0.9999024919191674,5.01276712372038e-06,1.5647369634654297e-05,7.684794546845448e-05,0
2011-04-20,0.9999202600445519,4.014559266075011e-06,1.1446634860211546e-05,6.427876150549824e-05,0
2011-04-21,0.9998521064278288,4.39512152837553e-06,1.0594562075528853e-05,0.0001329038873975898,0
2011-04-22,0.9996924389762604,0.00017581580865919842,8.713418811057167e-06,0.0001230317954256889,0
2011-04-27,0.9914379234182684,0.004509647389924254,4.59019271484857e-06,0.0040478389975736676,0
2011-04-28,0.8870372738324125,0.10524860852689388,2.626945098311039e-07,0.007713854947271611,0
2011-04-29,0.005035279862166264,0.9918627943188377,8.086244882074063e-11,0.003101925738436716,1
2011-05-02,1.5428395875078517e-06,0.9998958986054026,2.0981707060183364e-14,0.00010255855602529412,1
2011-05-03,4.0661529178231147e-08,0.9999644197414296,7.3230166871438e-16,3.553959632009978e-05,1
2011-05-04,3.234093572672423e-08,0.9998746583311724,6.60349307037708e-17,0.00012530932722251792,1
2011-05-05,8.101617206760482e-09,0.9999557301539006,1.2441546525715756e-15,4.426174289703865e-05,1
2011-05-06,4.842282809522334e-09,0.9990073319845885,2.2779802081915062e-17,0.0009926631716150234,1
2011-05-09,1.4552094096618267e-09,0.9998643806214766,5.855975631936958e-17,0.00013561792314608736,1
2011-05-10,2.848365064533898e-09,0.9999670746001297,1.804088518494258e-17,3.292255101711977e-05,1
2011-05-11,9.729198258732455e-11,0.9999480884012346,2.6860100366194016e-18,5.191150327618605e-05,1
2011-05-12,6.33373688472661e-11,0.9989991056167152,2.4259954971327475e-19,0.001000894319291978,1
2011-05-13,2.3585819191210803e-09,0.9999096727421922,2.2454218154519126e-16,9.032490058205917e-05,1
2011-05-16,3.959179052813097e-07,0.9998657033684646,8.110114501854132e-15,0.0001339007136342161,1
2011-05-17,2.4614917299562675e-05,0.9998896567395774,1.0139719018495472e-12,8.572834058666e-05,1
2011-05-18,1.227643481943961e-05,0.9999162097810237,2.683431912019031e-13,7.15137824256032e-05,1
2011-05-19,8.905055016639748e-06,0.9999312338402851,1.3938218461823309e-13,5.986110581986184e-05,1
2011-05-20,2.179610459346966e-07,0.9999366371041869,1.1931233967059105e-15,6.314493308417402e-05,1
2011-05-23,4.802814637665098e-07,0.9999349253413657,1.3567932963001544e-14,6.459437743310761e-05,1
2011-05-24,7.634344078623631e-07,0.9997806703342096,7.867043407066759e-15,0.00021856623315412034,1
2011-05-25,8.892828513547366e-07,0.9999001713432331,9.076372368038639e-15,9.893937339042482e-05,1
2011-05-26,8.808959013491621e-07,0.999959620349191,1.1411600500726531e-14,3.949875463833619e-05,1
2011-05-27,3.2104063061016254e-07,0.9999301480734574,2.4796425780464965e-15,6.953088443072968e-05,1
2011-05-30,2.453522953739606e-07,0.9998232111286245,4.042913221009093e-15,0.00017654352002420537,1
2011-06-02,7.741679260125014e-09,0.999652000246882,1.7972243264569077e-16,0.0003479920121535266,1
2011-06-03,5.8274178519282174e-09,0.9998673986076775,9.731320492168566e-17,0.00013259556639078752,1
2011-06-06,1.8376755894804698e-10,0.9999393994685472,5.593862295582676e-19,6.060034862263432e-05,1
2011-06-07,1.303012210412938e-10,0.9999647345100334,1.6789329689590414e-18,3.5265357905061764e-05,1
2011-06-08,2.7764871628664965e-10,0.9998477740415572,4.429448478931206e-19,0.00015222567979416706,1
2011-06-09,3.822000635037769e-10,0.9998981412611241,2.943500107876275e-18,0.00010185835808753137,1
2011-06-10,2.503068731913016e-10,0.9999637722808467,3.627769590168364e-18,3.622746767772141e-05,1
2011-06-13,2.380557157263074e-10,0.9998682610948223,9.065967434616688e-19,0.00013173866766398094,1
2011-06-14,3.929394047671553e-11,0.9999287598932163,2.785737542398617e-18,7.124006761114844e-05,1
2011-06-15,5.1447448767278824e-11,0.9991828880925507,7.793957020706848e-18,0.0008171118562122843,1
2011-06-16,8.969298329967377e-11,0.9964962169481423,3.0900118415967927e-18,0.0035037829608630102,1
2011-06-17,3.4135992768906044e-12,0.99987466193232,1.4436005373281736e-18,0.00012533806342138727,1
2011-06-20,4.9846987601027535e-12,0.9998972968307398,2.0702170577490985e-20,0.00010270316392817985,1
2011-06-21,2.5761729313268294e-12,0.9999479092691977,3.4657434405306414e-20,5.209072690366502e-05,1
2011-06-22,3.8376257355307884e-13,0.9998866491114582,8.855624001376177e-22,0.00011335088873738416,1
2011-06-23,1.0652844721914523e-12,0.9999408602260281,3.2011221988833086e-20,5.913977283808865e-05,1
2011-06-24,8.175861349976101e-13,0.9998292341926873,7.049971582051547e-21,0.00017076580663817623,1
2011-06-27,6.387534942749991e-12,0.9999302154404832,9.985229896096396e-20,6.978455395060683e-05,1
2011-06-28,1.691457330824339e-12,0.9999483003607265,5.697371105402754e-20,5.169963786121932e-05,1
2011-06-29,1.1608897299427141e-12,0.9995529441460983,1.0063635474922686e-20,0.0004470558531778771,1
2011-06-30,2.4756506988408916e-12,0.9998221781876674,3.273819763102485e-20,0.00017782180939660526,1
2011-07-01,3.853144003208809e-12,0.9999420004582324,2.825715192333322e-20,5.799953944619873e-05,1
2011-07-04,1.221386396708947e-11,0.9999607173816581,3.5479612193480744e-20,3.928260579701614e-05,1
2011-07-07,1.4719280498986372e-09,0.9999606886282036,2.7381643356168347e-18,3.93098993828123e-05,1
2011-07-08,2.0050781943965178e-09,0.9999623466168949,8.030826487888802e-18,3.765137983239601e-05,1
2011-07-11,1.2647573251918607e-09,0.9998946797045575,1.3324687942006138e-17,0.00010531902890559,1
2011-07-12,2.9739736505380828e-09,0.9996735654880934,2.501885604856869e-17,0.0003264315392695343,1
2011-07-13,6.191766002578002e-10,0.9999375977830445,1.1519940432577255e-16,6.24015967137818e-05,1
2011-07-14,1.542803169731029e-09,0.9994738374586334,1.1965382940541589e-18,0.0005261609996869131,1
2011-07-15,5.987790126127053e-09,0.9999440335432462,9.851888060684284e-17,5.596047067615177e-05,1
2011-07-18,4.621204052280594e-09,0.9999699447949868,9.289383710679035e-18,3.0050582809718507e-05,1
2011-07-19,1.3559876537671116e-08,0.9999681727321338,5.3622040090846195e-17,3.181370748002224e-05,1
2011-07-20,1.8945351706614162e-08,0.9999002798896894,1.1967125072119668e-16,9.9701164422488e-05,1
2011-07-21,2.0657945599560954e-08,0.9998007627925396,3.3012542198404246e-16,0.00019921655091084724,1
2011-07-22,3.9352296990927204e-08,0.9996455816003337,6.505395188933924e-16,0.0003543790488934087,1
2011-07-25,1.6797489246356004e-08,0.9998597509935182,2.976584910601881e-16,0.00014023220743474628,1
2011-07-26,1.6102726455831905e-07,0.9999454541682273,9.584730129565632e-15,5.438480329983602e-05,1
2011-07-27,2.030387379554301e-06,0.9996935359192736,3.9584022376364164e-14,0.00030443369418234844,1
2011-07-28,1.0840087087907283e-07,0.9996318366197988,2.683795519973285e-15,0.0003680549780211703,1
2011-07-29,1.7410173828504632e-07,0.999933482846718,2.913639788218453e-14,6.634305028916148e-05,1
2011-08-01,6.151726248258187e-08,0.9996811414366572,6.299887551336285e-15,0.000318797045956647,1
2011-08-02,1.518567692539256e-07,0.9980702484461887,3.0616304727239467e-13,0.0019295996960069504,1
2011-08-04,1.6503605004056244e-05,0.980495570883892,6.757379454094801e-11,0.019487925444312458,1
2011-08-05,1.2191803384915313e-05,0.03592469596381272,1.5532782303617513e-11,0.9640631122165337,3
2011-08-08,2.3401949991352804e-12,8.006305226653528e-11,6.702075989750535e-17,0.9999999999163265,3
2011-08-09,1.3370331126955246e-14,4.981603958026949e-12,1.5716703594144002e-19,0.999999999996362,3
2011-08-10,1.0075779201886229e-07,1.6619471098620273e-05,1.7672486130420117e-12,0.9999832797709085,3
2011-08-11,1.4224045683333525e-07,2.0167351298548165e-05,2.622897353775586e-11,0.9999796903819212,3
2011-08-12,5.577996008084275e-08,7.818962697181934e-05,1.9436253523467974e-12,0.9999217545900773,3
2011-08-15,7.166413009203497e-05,0.24825952276215335,1.791737329305357e-08,0.7516687951913517,3
2011-08-16,4.2578911998211e-05,0.2228643443660013,1.9186675767556193e-09,0.7770930748025695,3
2011-08-17,2.3294577713268365e-05,0.288660492189146,2.3871584923824654e-09,0.7113162108463378,3
2011-08-18,5.502847103870003e-08,0.3688018868843231,2.758594039013266e-12,0.6311980580829298,3
2011-08-19,3.810536241854532e-09,0.4754840742304166,1.0502356236881983e-14,0.5245159219589958,3
2011-08-22,2.818464023774609e-08,0.9471544248154306,2.8362143766513376e-14,0.05284554699971466,1
2011-08-23,1.4983226574513638e-08,0.99795690090001,2.0457059513771518e-14,0.0020430841173507967,1
2011-08-24,5.550816003601267e-11,0.9997855158710776,2.961798591486216e-16,0.00021448407390761175,1
2011-08-25,4.7715479654493495e-12,0.9956180723670857,1.8341355834380553e-20,0.004381927626560864,1
2011-08-26,8.393530297553628e-12,0.9998290392667144,4.132750574171125e-17,0.00017096072450004064,1
2011-08-29,4.1587401895882946e-11,0.9990005603013663,1.3205487295439747e-19,0.000999439658831733,1
2011-08-30,1.4828415431781611e-10,0.9999309604322759,4.52428816113174e-18,6.903942019549644e-05,1
2011-08-31,3.792438852488646e-11,0.9999584484114155,1.5845567157455995e-19,4.1551551063023916e-05,1
2011-09-01,9.795023056273092e-11,0.9999596356353607,2.749247854375112e-19,4.0364267963194245e-05,1
2011-09-02,1.3512551923540672e-10,0.9999286068325365,6.233953046428979e-18,7.139303389667709e-05,1
2011-09-05,8.876028724898325e-11,0.9991012912792389,8.106065074133602e-19,0.0008987086317953966,1
2011-09-08,2.876509234810294e-10,0.9998242008008601,3.017165872312084e-17,0.00017579890975038948,1
2011-09-09,1.9357058449348075e-09,0.9997119733926696,5.952309685850456e-16,0.00028802467108120526,1
2011-09-12,4.477612784168031e-09,0.998447391734332,7.403717103186725e-17,0.001552603788090434,1
2011-09-13,2.0802032414529658e-09,0.9999012265178693,1.1003261557011957e-16,9.877140323613767e-05,1
2011-09-14,2.6725240913659403e-09,0.9999666907151298,1.3221131549555036e-17,3.3306611869886005e-05,1
2011-09-15,2.9183890395003694e-09,0.9999437217241178,7.235266840783414e-17,5.627535874883223e-05,1
2011-09-16,5.115368541217759e-09,0.9991160229810471,8.631432396953542e-16,0.0008839719053685118,1
2011-09-19,1.501722292483405e-07,0.9879421940031435,4.54799720204147e-13,0.012057655824172677,1
2011-09-22,1.878035822149071e-07,0.12074144172949075,1.0895154651914023e-13,0.8792583704681844,3
2011-09-23,1.3374744821655489e-11,0.001549558724475924,2.101132439016343e-17,0.9984504412620193,3
2011-09-26,2.701656401748147e-07,0.7832274349273575,2.4460304484457425e-13,0.21677229490688316,1
2011-09-27,1.766935738946645e-07,0.9860757717363586,1.9374371934996887e-12,0.013924051568112526,1
2011-09-28,5.176458400517068e-08,0.9944879685570891,2.38517064574634e-14,0.005511979677477097,1
2011-09-29,1.6659094794344488e-08,0.9993919207085009,2.557821914753321e-14,0.0006080626324628273,1
2011-09-30,8.784481018365164e-09,0.9995093914837659,4.2492475875758484e-14,0.0004905997325592713,1
2011-10-03,2.714410254555843e-07,0.9760478443781113,1.7967708801843818e-13,0.02395188418086338,1
2011-10-04,3.7348426364448725e-08,0.9591820485454899,8.225894992701283e-15,0.04081791410674238,1
2011-10-05,2.9210265135658405e-09,0.998264970946243,1.739086225109403e-14,0.0017350261344221025,1
2011-10-06,4.40441070991146e-10,0.9988852818394467,3.1684109449435433e-17,0.001114717721092788,1
2011-10-07,2.623675607430965e-10,0.9997989978129633,1.0443019252923904e-16,0.0002010019251157332,1
2011-10-13,1.3180832292553058e-07,0.9992247940385373,5.728664148680099e-16,0.000775074154089898,1
2011-10-14,2.5159385716965523e-08,0.9999422816577234,2.545049940517006e-14,5.76931839514687e-05,1
2011-10-17,1.6962802210373815e-07,0.998712781404074,1.050262080000025e-15,0.0012870489692794747,1
2011-10-18,1.1220550458590342e-07,0.9996535418542597,2.3055144261348888e-14,0.00034634594038350475,1
2011-10-19,1.578233139175201e-07,0.99987797814007,2.8992008392824617e-15,0.0001218640349689089,1
2011-10-20,1.7714749393987226e-07,0.9999544643105335,1.293542023734828e-15,4.5358543640333375e-05,1
2011-10-21,3.062461628082164e-07,0.9999570867770934,8.627957883720787e-15,4.260697759520867e-05,1
2011-10-24,8.222253052617992e-07,0.9996267461448829,7.290113786776246e-15,0.0003724316283980217,1
2011-10-25,2.526710441792674e-06,0.9997008154161797,1.4596380815243595e-12,0.0002966578724625088,1
2011-10-26,6.562599080118575e-06,0.9981949522147515,2.938977795605418e-11,0.0017984851561292149,1
2011-10-27,0.00010332665455839142,0.9316333348311737,1.7895277505880672e-10,0.06826333833421579,1
2011-10-28,1.6185664786127707e-06,0.027734474004704315,5.56437168815286e-13,0.9722639074270124,3
2011-10-31,0.000276977493292596,0.17589505660811067,7.19047256451977e-08,0.8238278939931005,3
2011-11-01,2.0722295583282138e-10,4.091493460195465e-06,1.3192424020195053e-14,0.9999959083008471,3
2011-11-02,2.3505743486549553e-12,1.0897266744923808e-06,4.228139679714453e-18,0.9999989102695079,3
2011-11-03,1.8335333032822297e-05,0.7700731937857126,1.3621197359452125e-09,0.229908469518521,1
2011-11-04,5.285799360813943e-07,0.7845105834409954,3.534428423710466e-13,0.21548888797875956,1
2011-11-07,8.602003781705203e-07,0.9773187889799418,1.483707014380487e-12,0.022680350819867724,1
2011-11-08,6.493561419751156e-08,0.9988379528298236,3.1216614960516827e-12,0.0011619822306194873,1
2011-11-09,1.6340718299938222e-06,0.9907745167739026,5.698949272225434e-12,0.009223849149037176,1
2011-11-10,2.821227341623973e-07,0.5941528932868079,1.4146609028945924e-14,0.4058468245915403,1
2011-11-11,5.5221107141080904e-06,0.8837932525770761,4.658040554481673e-11,0.11620122526569235,1
2011-11-14,3.2913033036826865e-06,0.9647431218493321,2.3260567793895495e-12,0.0352535868457753,1
2011-11-15,9.500259414678055e-06,0.9980590292181116,5.133093319839528e-11,0.001931470471530455,1
2011-11-16,2.7857405723192358e-06,0.9995604865331237,1.9794499916316436e-12,0.0004367277232962395,1
2011-11-17,3.977855817553654e-06,0.99970899942772,1.4431343898487127e-12,0.0002870227136471209,1
2011-11-18,5.384007290445807e-06,0.9996060166568878,2.1822244364147133e-12,0.00038859933389334456,1
2011-11-21,4.9383683360280016e-05,0.9991180912614265,2.2317765101265754e-11,0.0008325250333339731,1
2011-11-22,0.0010534554618210372,0.9943363263188009,2.7408066153545893e-09,0.00461021548038675,1
2011-11-23,0.005584697324286534,0.9441095789289762,1.864593610565375e-08,0.05030570509973278,1
2011-11-24,0.029015215066818808,0.13723177963585478,5.255610981838623e-09,0.8337530000423391,3
2011-11-29,0.39503920671652015,0.12954948095205704,5.657578465278868e-06,0.47540565475241703,0
2011-11-30,0.6499160024036179,0.1071081480240077,3.874736770861138e-06,0.2429719748347183,0
2011-12-01,0.8156743342605631,0.014451275958472516,2.4741291551562498e-06,0.16987191565235413,0
2011-12-02,0.991381046863932,0.0018810179561666639,2.632289023531839e-05,0.006711612291424124,0
2011-12-05,0.9995034433389862,8.718923846713918e-05,1.2294319293752121e-05,0.0003970731044846517,0
2011-12-06,0.9998730227276507,1.0400003781791133e-05,6.475416987918491e-06,0.00011010185030338367,0
2011-12-07,0.9999109500383975,4.768617612409968e-06,1.4742749497489144e-05,6.953859589971351e-05,0
2011-12-08,0.9994861776982507,1.9520154601656187e-05,3.832109185309843e-06,0.0004904700381461638,0
2011-12-09,0.9990412615365647,1.9458843317358456e-05,5.8882274763657115e-06,0.0009333913913603544,0
2011-12-12,0.9957682667398877,3.1302985279339705e-06,5.712524543587922e-06,0.004222890435849472,0
2011-12-13,0.994865858058479,2.4606791320527406e-06,1.6428182360581208e-05,0.0051152530805094135,0
2011-12-14,0.9953689633857924,3.1181695057648422e-06,2.4539415381767296e-05,0.004603379028586044,0
2011-12-15,0.9920882750799086,5.536175003749168e-06,1.319206185941678e-05,0.007892996681866311,0
2011-12-16,0.9994928540394391,3.154401641828474e-06,3.8672935635150464e-05,0.00046531862285077773,0
2011-12-19,0.9996798037464957,2.544554921977815e-06,4.2670232797647245e-05,0.00027498146435487805,0
2011-12-20,0.9998778475416632,2.2946922870459946e-06,6.402351799456327e-05,5.583424790566332e-05,0
2011-12-22,0.9998160670486428,1.8199623215281057e-06,0.00013384416351737788,4.826882593890451e-05,0
2011-12-23,0.9998120783028022,1.6653706322625175e-06,0.00013607653902635738,5.017978776188284e-05,0
2011-12-26,0.9997392981448688,1.0045378425790875e-06,0.00010315348901037127,0.00015654382906879746,0
2011-12-29,0.9997428146066013,6.185439141563906e-06,1.3860469006697778e-05,0.00023713948608570278,0
2011-12-30,0.9999091119039926,7.825891161567048e-06,8.475131385399853e-06,7.458707204905621e-05,0
2012-01-05,0.9998759011861907,3.5578874487730925e-06,1.5870723402320192e-05,0.00010467020243390906,0
2012-01-06,0.9997652229280307,1.7971147145639036e-06,3.547240050549282e-05,0.00019750755567571232,0
2012-01-09,0.9997052086475731,1.816210025253902e-06,3.666553275818063e-05,0.0002563096089265649,0
2012-01-10,0.9998801581607589,2.1311282432517372e-06,4.01533631598951e-05,7.755734790252972e-05,0
2012-01-11,0.9998657802031738,2.0818822729287864e-06,8.074937836844756e-05,5.138853741097899e-05,0
2012-01-12,0.9994009522117582,2.597381243776782e-06,0.0003763019787401729,0.0002201484269570418,0
2012-01-13,0.9958185974241905,7.051288415065285e-06,0.0032719718152137396,0.0009023794717388855,0
2012-01-16,0.9188130416759847,1.3684045302490792e-06,0.04847566136703986,0.032709928551595976,0
2012-01-19,0.02609254118781537,4.219121934793437e-08,0.9684562634883758,0.005451153132932503,2
2012-01-20,7.320088237816389e-06,9.040974833573688e-13,0.99624193464391,0.003750745266392514,2
2012-01-25,6.839809886917706e-08,7.0210346775089e-13,0.9998326267800305,0.00016730482227319084,2
2012-01-26,3.604868280730815e-08,1.4001717461000339e-14,0.9998603485752231,0.00013961537608370066,2
2012-01-27,4.184015315951011e-08,3.2223517180691565e-15,0.9998369989991525,0.00016295915977340713,2
2012-02-01,2.085321254275986e-07,3.076066503735506e-14,0.9999826524448909,1.7139024292758573e-05,2
2012-02-02,2.1324996703474123e-07,2.6547285297652854e-15,0.9999567924554542,4.299429492970057e-05,2
2012-02-03,4.56080285797946e-07,1.0460658870709492e-12,0.9999359342150709,6.360970316977732e-05,2
2012-02-06,8.558786927689945e-08,3.689479133245201e-16,0.9961094009969435,0.003890513416999351,2
2012-02-07,2.1636732828742764e-08,1.5110986602955202e-12,0.9998620841849893,0.00013789417633003904,2
2012-02-08,2.5096556905045817e-07,2.552626185513743e-15,0.9994242593543673,0.0005754896808797893,2
2012-02-09,8.13969914765386e-08,7.818476146040036e-14,0.9999788387087248,2.107989317497959e-05,2
2012-02-10,2.2736062677141057e-07,2.187472011826699e-14,0.9999322345144549,6.753812592571804e-05,2
2012-02-13,3.688769724371065e-07,9.400420274378844e-15,0.999566067519068,0.0004335636052417934,2
2012-02-14,3.5956976554860243e-06,6.47982432506437e-13,0.9999695111137481,2.689318697027306e-05,2
2012-02-15,1.9835840723859272e-07,2.7784794138406007e-15,0.9999555550184558,4.42466243533697e-05,2
2012-02-16,1.5732238361278604e-07,9.839396733243956e-15,0.9999786581705874,2.1184505346014372e-05,2
2012-02-17,1.567398362242125e-05,1.1199257299480894e-13,0.9999253658228876,5.896019454537398e-05,2
2012-02-20,1.8597732127264343e-05,5.080834956619468e-12,0.9999390995790698,4.2302683039337834e-05,2
2012-02-23,6.803614007637316e-05,2.4360894777936822e-12,0.9993355663767763,0.0005963974806253507,2
2012-02-24,3.295436429343298e-05,4.263606626027493e-12,0.9998955138965289,7.153173502703857e-05,2
2012-02-27,2.9672979133305752e-05,1.5519798495503982e-12,0.9999405081196702,2.981889843806627e-05,2
2012-02-28,5.206032463534518e-05,1.1654049940362717e-12,0.9999011213542959,4.6818318829753503e-05,2
2012-02-29,3.120845864522632e-05,2.136143395619032e-12,0.9999321416540674,3.664988618882782e-05,2
2012-03-01,9.874486751403676e-05,3.277780700266262e-12,0.9998080305870962,9.32245411997691e-05,2
2012-03-02,0.0001418885744157165,1.489521267779359e-11,0.9997810592253031,7.705218713789223e-05,2
2012-03-05,0.00014876529147118435,6.8685851724733594e-12,0.9997603551031203,9.087959738589685e-05,2
2012-03-06,3.3809385213114954e-05,3.9597192459398595e-12,0.9999342445636339,3.194604846265656e-05,2
2012-03-07,2.5044169161775648e-05,2.8604034363270353e-13,0.9998928567797211,8.209905155538526e-05,2
2012-03-08,8.931004106466531e-07,6.089136006766907e-14,0.999977780894744,2.13260050408252e-05,2
2012-03-09,1.848101936801837e-07,7.288869876204e-15,0.9999396246239874,6.01905652799377e-05,2
2012-03-12,1.082209738747885e-08,2.2546191474258194e-14,0.9998119358008629,0.00018805337557744792,2
2012-03-13,6.173822838219398e-08,5.73198980142706e-12,0.9989566066352801,0.0010433316224217814,2
2012-03-14,1.9014951039278372e-06,1.5471592982739126e-11,0.9309814328817908,0.0690166656061285,2
2012-03-15,1.704241944398771e-09,4.1117907872848915e-18,0.002349089933880077,0.9976509083600664,3
2012-03-16,2.806811469796053e-06,4.6588175495359964e-11,0.884038145384447,0.11595904775757555,2
2012-03-19,8.681816332235515e-07,1.394338867412699e-10,0.9977759506803272,0.0022231809983322016,2
2012-03-20,3.977143140746357e-07,7.017024569889319e-14,0.9988040699999359,0.0011955322843375644,2
2012-03-21,2.2489975785159996e-07,1.6764967584212776e-13,0.9999653245695606,3.445053172735705e-05,2
2012-03-22,2.732860187704282e-07,6.229815378949264e-15,0.9999683673505485,3.135936291419972e-05,2
2012-03-23,9.050077908203766e-06,8.731197892767736e-14,0.9999568747466204,3.4075175104869706e-05,2
2012-03-26,8.847035599900936e-07,2.4006693271089866e-14,0.9999701316796346,2.8983617129177252e-05,2
2012-03-27,3.6705574039303505e-07,1.0899762609429567e-14,0.999937930291802,6.170265214829703e-05,2
2012-03-28,3.314569972785552e-07,7.924881434395043e-15,0.9998981254993677,0.00010154304465595702,2
2012-03-29,3.0663825133242386e-07,4.0652788679073876e-14,0.9999727205732758,2.697278857619419e-05,2
2012-03-30,2.8862277570302e-07,5.079073142097375e-13,0.9999257238170014,7.398756109056638e-05,2
2012-04-04,8.727234056454732e-05,1.104179508285917e-13,0.995375508341222,0.0045372193185983485,2
2012-04-05,1.251133219894116e-05,3.433011402550469e-11,0.9998986192757006,8.886935779034585e-05,2
2012-04-06,7.382189259408877e-05,2.2683911738341727e-11,0.9998729154209088,5.3262664456126675e-05,2
2012-04-11,0.0019271809533510386,5.278603221938457e-10,0.997508057995158,0.0005647605248837957,2
2012-04-12,0.018046345502547457,1.839942574675135e-09,0.9707579947698882,0.011195657886176252,2
2012-04-13,0.3017344704384396,3.291482871074063e-07,0.6935305531930613,0.0047346472204951315,2
2012-04-16,0.6622853638295514,5.617985417906236e-07,0.33093624379181713,0.006777830581518389,0
2012-04-17,0.9523144030752977,1.844441476397033e-06,0.04690150899602918,0.0007822434857939218,0
2012-04-18,0.9928532232700689,1.6136500610588018e-06,0.006988108312995836,0.00015705476598441552,0
2012-04-19,0.9987023401473014,1.9944484796864932e-06,0.001233033993260009,6.26314098074374e-05,0
2012-04-20,0.9997109195015527,2.199440028364143e-06,0.00024179140199006942,4.508965772226588e-05,0
2012-04-23,0.9998756500295097,1.7507462709179753e-06,6.7876268500594e-05,5.4722956944488666e-05,0
2012-04-24,0.9999200837330708,7.769089924250458e-06,1.4532076306094426e-05,5.7615099683429225e-05,0
2012-04-25,0.9997794757210458,1.189416358740153e-06,0.00011211323315117613,0.00010722162962619377,0
2012-04-26,0.9997724332700395,1.2774847143713931e-06,0.00011401185825427664,0.00011227738661298668,0
2012-04-27,0.9997814419733447,1.5253065290085973e-06,5.257359801943301e-05,0.00016445912135327914,0
2012-05-02,0.9998959077175908,7.751773631137866e-06,9.032093140634109e-06,8.730841470190404e-05,0
2012-05-03,0.9998242588018735,5.451783161656265e-05,2.3124619495765984e-06,0.00011891090478764396,0
2012-05-04,0.9998247820041937,7.94575613868382e-05,1.976011962048223e-06,9.378442322273744e-05,0
2012-05-07,0.9992995039831766,8.8688901271854e-05,1.2634285255645302e-06,0.0006105436875491092,0
2012-05-08,0.9998053631037591,9.630164146049864e-05,1.7840836891323917e-06,9.65511694273313e-05,0
2012-05-09,0.9997294320794341,5.225021366185808e-05,3.017553148246558e-06,0.00021530015345753303,0
2012-05-10,0.9998534002808989,6.178542740318795e-05,3.426218801879914e-06,8.138807178177624e-05,0
2012-05-11,0.9994359979302231,0.00020726125563035025,2.0013607808317754e-06,0.0003547394535668826,0
2012-05-14,0.9921897369904379,0.00039816333336816076,3.5597287877556897e-06,0.007408539948175235,0
2012-05-15,0.9582376809083165,0.00011977511915700976,6.462678129697297e-07,0.04164189770569194,0
2012-05-16,0.9977791772528477,4.5703284087332014e-05,1.1888687169661382e-05,0.002163230775102787,0
2012-05-17,0.9998915592161829,1.7912233655665156e-05,7.008831320373865e-06,8.351971945431822e-05,0
2012-05-18,0.9996782682884663,1.425437826485552e-05,5.326401082002092e-06,0.00030215093301723053,0
2012-05-21,0.999912256852204,2.54733308906376e-05,5.713132560207871e-06,5.655668533939992e-05,0
2012-05-22,0.9995086590745696,0.0002774106438043099,3.3739292948495196e-06,0.0002105563534747606,0
2012-05-23,0.9940530489744812,0.003434635455102705,3.960922121758858e-06,0.00250835464785668,0
2012-05-24,0.9189366764773611,0.07185190188617532,2.159951101906356e-06,0.009209261685684231,0
2012-05-25,0.5134575746334451,0.4794613641142564,6.555662415397981e-07,0.007080405685929726,1
2012-05-28,0.25988549780687337,0.721637124228168,3.912789700012443e-06,0.01847346517461957,1
2012-05-31,0.005033319292697169,0.823131221731575,3.9333655831607835e-09,0.17183545504095427,1
2012-06-05,2.6112993545112573e-05,0.9335425307959107,1.2481135539470816e-11,0.06643135619680195,1
2012-06-06,1.854987640216061e-06,0.9963972076170052,3.278998603460829e-11,0.003600937361419266,1
2012-06-07,1.0111100682980682e-10,0.9969652300350795,2.299547000450959e-17,0.0030347698641416984,1
2012-06-08,7.794908618056649e-13,0.9994335534267856,2.072045973522024e-19,0.0005664465723368089,1
2012-06-11,1.6562700559058448e-14,0.9998451684701178,3.3317570258318785e-21,0.00015483152919372486,1
2012-06-12,9.182681493155968e-14,0.9998739522591428,1.2390069874059395e-20,0.00012604773987232094,1
2012-06-13,5.573393912106856e-14,0.9996341426955315,3.4690201238445707e-22,0.0003658573031468245,1
2012-06-14,7.343215952758105e-13,0.9999503019734071,9.698441893017292e-20,4.969802491618855e-05,1
2012-06-15,1.2734496665087606e-12,0.999755312383392,1.311547451053127e-19,0.0002446876145873164,1
2012-06-18,1.5319523615890913e-12,0.9974903615102704,1.5297386929432238e-18,0.0025096384894066058,1
2012-06-19,1.9844996977864387e-11,0.986124956374101,2.0420658425495384e-18,0.013875043606254935,1
2012-06-20,1.0056497137656224e-12,0.9971119958963285,6.867917477861916e-18,0.0028880041037447086,1
2012-06-21,7.471719597571191e-13,0.9964892760920249,1.6847617152645335e-18,0.0035107239070284544,1
2012-06-22,1.6315455100349698e-13,0.9956248537606571,1.0950199065794324e-19,0.004375146237593746,1
2012-06-25,7.473392567171518e-14,0.9996542218553708,1.0541843581591837e-19,0.0003457781457450112,1
2012-06-26,3.72724950130051e-13,0.9996008599650236,1.7008119229117543e-20,0.0003991400350445316,1
2012-06-27,5.908630940190118e-15,0.9999124985128733,2.9522230615899674e-22,8.75014861556613e-05,1
2012-06-28,8.770934353809464e-14,0.9999285453441729,1.3602890069839897e-20,7.145465545893388e-05,1
2012-06-29,6.731648053990168e-13,0.9989884796006622,8.637638186919576e-19,0.0010115203970333586,1
2012-07-02,7.660932223066624e-12,0.9634837673113178,4.861503540285797e-21,0.036516232679693304,1
2012-07-03,2.466703448366067e-08,0.9994217326797739,8.019862272408023e-15,0.0005782426547069022,1
2012-07-04,2.270435613532152e-09,0.9999610186090672,3.2732495904475833e-16,3.8979120706348875e-05,1
2012-07-09,8.716819338483539e-09,0.9997477445762208,2.1648687497728306e-17,0.0002522467071051454,1
2012-07-10,1.4988665020772563e-11,0.9999376363141121,1.2208427144814171e-19,6.236367048626034e-05,1
2012-07-13,1.7969894729912079e-09,0.9999650861920178,8.15311415742745e-18,3.491201265653746e-05,1
2012-07-16,2.598052872991984e-09,0.9999462517809939,2.461178894359736e-18,5.374562027493404e-05,1
2012-07-17,3.8759282439950755e-09,0.9999619111454963,5.421087837568767e-18,3.808497760532818e-05,1
2012-07-18,6.051590217330839e-09,0.9999708725940082,9.985991166967887e-18,2.912135428973581e-05,1
2012-07-19,1.500847041299426e-08,0.9999625990613223,1.2626360699313175e-17,3.738592948268334e-05,1
2012-07-20,1.3060663123247766e-08,0.999971953959571,6.631801769562884e-17,2.8032981474630533e-05,1
2012-07-23,2.993331316025532e-08,0.9998764872174793,7.955351302090023e-17,0.00012348284946519836,1
2012-07-24,1.1936549029841952e-07,0.9999390678541893,1.3319302939099913e-15,6.081277998997328e-05,1
2012-07-25,5.616458098968397e-08,0.9999484427184011,4.876905196684398e-16,5.1501116222610393e-05,1
2012-07-26,1.1159078013905253e-07,0.9999020090064998,1.079509446224357e-14,9.787940264291174e-05,1
2012-07-27,1.0494876220799877e-06,0.9978076980349351,2.4160941146155283e-13,0.0021912524786274513,1
2012-07-30,3.824414409133088e-07,0.9875459087064056,6.5288798996999194e-15,0.012453708851592846,1
2012-07-31,1.7549563563596652e-09,0.9997108330481613,1.4052066780057668e-14,0.00028916519813877446,1
2012-08-01,5.782313800361891e-10,0.9984077569270745,1.0694003311905782e-15,0.0015922424946414571,1
2012-08-02,4.293102473308545e-09,0.9738883806955463,1.0867509644783483e-14,0.026111615011662204,1
2012-08-03,1.7493122140927806e-09,0.8700406135342664,1.118200138804044e-14,0.12995938471555057,1
2012-08-06,1.7808081759302504e-09,0.8372094824493399,7.177357453651523e-17,0.16279051576955256,1
2012-08-07,1.14364607273512e-08,0.9974031658994639,5.632869008567736e-14,0.0025968226627496333,1
2012-08-08,1.0775249980858569e-09,0.9989867853791667,5.1667574470290665e-17,0.0010132135435396829,1
2012-08-09,1.4568680780495148e-09,0.999960279098923,6.94568092454242e-17,3.971944244611321e-05,1
2012-08-10,5.5161424844815465e-11,0.9999550436942881,1.432611553874159e-19,4.495625124166216e-05,1
2012-08-13,7.138544974614932e-11,0.9999381295642934,2.473137619865983e-19,6.187036440142793e-05,1
2012-08-14,1.2516427354106692e-13,0.9999150008080827,1.0930778118020193e-20,8.499919133770985e-05,1
2012-08-15,8.933492568416274e-13,0.9990156633743371,4.0275220134152473e-19,0.0009843366247145769,1
2012-08-16,7.359075902198913e-13,0.9907300402974677,2.512140125718854e-20,0.009269959701212806,1
2012-08-17,9.914043386920429e-13,0.9994155016237422,6.996306391820167e-19,0.0005844983758048447,1
2012-08-20,2.426011895097307e-12,0.99988715041189,1.2802925747689892e-19,0.0001128495841329799,1
2012-08-21,2.6330992151912335e-11,0.9999359384494069,3.20712422759377e-19,6.406152460904167e-05,1
2012-08-22,1.052791929431064e-10,0.9998698838028731,1.961860862224096e-17,0.0001301160931693125,1
2012-08-23,4.4230514926390557e-10,0.9952512405179981,7.961724409933609e-19,0.004748759041501667,1
2012-08-24,3.7599666529976356e-10,0.9998291988812207,6.752220946094128e-17,0.00017080074106509314,1
2012-08-27,5.079216829908625e-10,0.9999493309328188,3.852768445313115e-18,5.06685576771684e-05,1
2012-08-28,3.415860728016126e-09,0.9999678437565971,9.726652277803857e-18,3.215282591019299e-05,1
2012-08-29,8.322267431381637e-09,0.99995563902657,1.0544744307757007e-17,4.4352652001256795e-05,1
2012-08-30,1.0563467607975615e-07,0.999953685273151,4.228055692019487e-16,4.620909350137021e-05,1
2012-08-31,7.137504492031246e-08,0.99994004622945,5.013892585508606e-16,5.988239642001373e-05,1
2012-09-03,5.260786632975843e-12,0.9999022241973465,4.095930878443463e-20,9.777579736027768e-05,1
2012-09-06,6.349092798375295e-09,0.9998459542103804,1.1152471662754705e-16,0.00015403944233370454,1
2012-09-07,7.20289646363214e-08,0.9997691006305824,5.140823122179915e-15,0.00023082734102944326,1
2012-09-10,1.1716559549244605e-06,0.999412447025178,7.936420351319415e-15,0.0005863813170734445,1
2012-09-11,8.683621825521797e-07,0.9999425250936053,2.727289547532049e-13,5.6606544961662446e-05,1
2012-09-12,4.9123153823212445e-06,0.9997083840173765,6.138559396552181e-13,0.00028670366613721545,1
2012-09-13,3.810146425309392e-05,0.9976752321538196,9.436752109379764e-11,0.002286666286842005,1
2012-09-14,0.00021300455397770248,0.9772421218715059,1.126934263879183e-09,0.022544872448980634,1
2012-09-17,0.00016189961982284682,0.903842558892832,3.775875443958794e-11,0.09599554145131046,1
2012-09-18,0.012040616514714522,0.9717852629487762,1.497370249132273e-07,0.016173970799582594,1
2012-09-19,0.03352261429975982,0.9594991300007705,1.1962449587784261e-07,0.006978136074790212,1
2012-09-20,0.10582884079388159,0.8897141236390574,1.0563944161251984e-07,0.0044569299272275925,1
2012-09-21,0.39547661777823406,0.598911671823097,3.338981143502205e-07,0.005611376502261888,0
2012-09-24,0.6018852641544836,0.3952382085246055,6.844626038480219e-07,0.0028758428564904163,0
2012-09-25,0.701252310110321,0.29530144575637113,7.798757899791399e-07,0.0034454642592733646,0
2012-09-26,0.7701160063342417,0.22574660598462368,1.6393577477021662e-06,0.004135748322532846,0
2012-09-27,0.7942490604308089,0.17200542134777141,6.783271472831209e-07,0.03374483989482531,0
2012-09-28,0.8378274767483486,0.15017429845589556,6.166713258079645e-07,0.011997608123266643,0
2012-10-03,0.9398097752147202,0.05881167748822827,1.6484051377013232e-06,0.0013768988936101911,0
2012-10-04,0.9885422539221386,0.011072631216725387,2.306891389202792e-06,0.0003828079685319615,0
2012-10-05,0.9986858917792044,0.0010194830397094287,1.9135143166922383e-06,0.00029271166637293694,0
2012-10-08,0.9996776934474295,2.902477180984233e-05,7.184770077571568e-06,0.00028609701006035096,0
2012-10-09,0.9999428918135996,7.83568866809645e-06,1.243007256881792e-05,3.6842425359557504e-05,0
2012-10-10,0.999927620087172,4.449518291392076e-06,1.94519957731116e-05,4.8478398280209586e-05,0
2012-10-11,0.9999363573868465,3.782462502890035e-06,2.4456657116415725e-05,3.540349521128855e-05,0
2012-10-12,0.9999335960603697,4.504760701497592e-06,1.7804124375078105e-05,4.409505297557586e-05,0
2012-10-15,0.9999154303660251,3.7377326173689344e-06,2.54135403225472e-05,5.5418362815337205e-05,0
2012-10-16,0.9999025269967768,2.224467503770149e-06,4.92293496279916e-05,4.601918615263388e-05,0
2012-10-17,0.9997736676288964,1.9083793047014705e-06,4.111813804793814e-05,0.0001833058528344914,0
2012-10-18,0.9980374635397926,6.12843845325996e-07,3.888571432553839e-05,0.0019230379003849886,0
2012-10-19,0.9998168102094801,2.0073512769080277e-06,8.641118008460868e-05,9.47712583567439e-05,0
2012-10-22,0.9996473084219822,2.1173872047376975e-06,0.00010747867959145283,0.00024309551197736933,0
2012-10-23,0.9997141709378864,1.1550222158865046e-06,0.00020228492487564352,8.238911506403438e-05,0
2012-10-24,0.9997303221396691,1.679041907145967e-06,0.00017216396922441717,9.583485040484095e-05,0
2012-10-25,0.999933497361288,7.626572614242803e-06,1.1449743413640668e-05,4.7426321580087005e-05,0
2012-10-26,0.9997873127651508,3.0848220346002903e-06,1.263990963188303e-05,0.00019696250244137346,0
2012-10-29,0.9999082224339358,3.924725447151032e-06,2.6496093492587666e-05,6.135674794211699e-05,0
2012-11-02,0.9999259945316737,1.383766553009441e-05,4.725104722777891e-06,5.544269918444787e-05,0
2012-11-05,0.9999273186079085,8.659563418812691e-06,8.085377880516464e-06,5.5936449689024815e-05,0
2012-11-06,0.9999164028542266,6.478191305032319e-06,1.0648708825976913e-05,6.647024476529274e-05,0
2012-11-07,0.9999095764535961,1.3568904843850245e-05,5.069310080196777e-06,7.178533084382342e-05,0
2012-11-08,0.9985802622687714,6.740292198324148e-06,3.7831900933958905e-06,0.0014092142507377166,0
2012-11-09,0.999787624269989,5.826714942794088e-05,2.2625952758346007e-06,0.00015184598650922,0
2012-11-12,0.9998533964688561,5.984155130452581e-05,2.454243127695875e-06,8.430773850275327e-05,0
2012-11-13,0.999898291410691,4.7975344648471424e-05,2.919402923552907e-06,5.0813842875593346e-05,0
2012-11-14,0.9998316827702268,9.006189174381277e-05,1.7787993963831233e-06,7.647653896468852e-05,0
2012-11-15,0.9997950105391921,0.00012259693266687064,1.7202651450790794e-06,8.067226203232489e-05,0
2012-11-16,0.9997820255814625,0.00013095846457870458,1.5524620586652376e-06,8.54634925658827e-05,0
2012-11-19,0.9997740089177959,0.00013996499329322463,1.5383839662013283e-06,8.448770346205951e-05,0
2012-11-20,0.9997531694858044,9.673856907436102e-05,1.2266001630207698e-06,0.00014886534492767733,0
2012-11-21,0.9995730758467739,5.734344417046994e-05,1.4186259887982708e-06,0.00036816208373856925,0
2012-11-22,0.9998616524529288,5.96726278966053e-05,2.1554430549220795e-06,7.651947771554767e-05,0
2012-11-27,0.999900473912872,1.3607048095650611e-05,2.3729160240696223e-05,6.218987793676917e-05,0
2012-11-28,0.9988329298135484,7.831054620278745e-06,0.0010127003782116352,0.0001465387527564101,0
2012-11-29,0.9563903068773137,8.815696203177563e-07,0.04115418344502042,0.0024546281081390437,0
2012-12-04,0.10850489755696655,1.8620992505367576e-08,0.8899016378598017,0.0015934459631935405,2
2012-12-05,0.011400145719718098,1.401409069790035e-09,0.9883469031860189,0.00025294969384745603,2
2012-12-10,0.00015299763931670132,9.573814909736993e-12,0.9997788407720636,6.8161579906769e-05,2
2012-12-11,9.23262069173725e-06,3.3874691032829484e-13,0.9999693707902798,2.1396589715122813e-05,2
2012-12-12,9.952457935074329e-07,8.14866370781103e-15,0.9999707938340643,2.821092069123393e-05,2
2012-12-13,8.916265642015569e-07,1.1787233833494689e-14,0.9999713452811276,2.7763091632161292e-05,2
2012-12-14,8.510353006966063e-07,6.278137237871765e-15,0.9999534621226156,4.568684312363417e-05,2
2012-12-17,4.662174197099076e-06,1.5862756583288922e-13,0.9999673747380957,2.796308925428806e-05,2
2012-12-18,1.3471954905484146e-05,6.344862015873914e-13,0.9999061234240777,8.040461884498663e-05,2
2012-12-19,2.492113337604577e-05,1.2702761979442772e-12,0.9997004396381887,0.0002746392261908105,2
2012-12-20,7.96076211260609e-05,3.559646755419997e-11,0.9997420331445367,0.0001783591989256729,2
2012-12-31,0.00269591060558659,1.2390604812320036e-09,0.9972019109939164,0.00010217716052375453,2
2013-01-01,0.005011151279214248,3.133249327015408e-09,0.9947316331897906,0.00025721239704978844,2
2013-01-04,0.0043389421783062996,7.663897382531385e-10,0.9951407519550541,0.0005203051009814305,2
2013-01-09,0.0012657674615289426,4.89608652143112e-10,0.9986720948119553,6.21372368353253e-05,2
2013-01-10,0.00047880269781322784,3.590210375764139e-10,0.9994615978418785,5.95991005796637e-05,2
2013-01-11,0.00040759633179774724,3.634745825142479e-11,0.9992269609553076,0.00036544267723765094,2
2013-01-14,0.0005098080016705218,2.614729281879047e-10,0.9994108722817414,7.931945609225456e-05,2
2013-01-15,0.00033784706311881373,6.194601105555708e-11,0.9995798592909565,8.229358390060507e-05,2
2013-01-16,0.000227141720618541,2.5003452123552352e-11,0.9997094702780616,6.338797629069203e-05,2
2013-01-17,9.71159741322354e-05,1.2337500415888497e-11,0.9998622280144805,4.06559997070291e-05,2
2013-01-18,5.0963791509502356e-05,2.2817879415975104e-12,0.9998814240191882,6.7612186014516e-05,2
2013-01-21,3.271657816075764e-05,6.344259565003616e-13,0.9999165382812264,5.0745140071868014e-05,2
2013-01-24,5.168993632558799e-07,2.28519032680462e-13,0.9999787779957832,2.0705105058054374e-05,2
2013-01-25,1.037130340343092e-08,1.1430482631873717e-13,0.9996410133360544,0.0003589762913408481,2
2013-01-28,5.8178356291038354e-09,2.5436095828004403e-16,0.9781239331014393,0.02187606108077655,2
2013-01-29,1.1555868870173577e-09,2.308146673356712e-13,0.9992079447659798,0.0007920540795725038,2
2013-01-30,2.117812781957915e-09,4.741456312107279e-15,0.9998330586014044,0.00016693928157301475,2
2013-01-31,7.717451187442074e-08,4.170015108647413e-15,0.9999470931278631,5.282969901013008e-05,2
2013-02-01,1.1749729498596323e-06,2.786090550611981e-14,0.9999814179953573,1.740703196156602e-05,2
2013-02-04,5.18970819549808e-07,3.1696167468126878e-15,0.999966418177787,3.306285235238767e-05,2
2013-02-05,3.130352566132933e-07,7.297876721710326e-15,0.9999722282518797,2.7458713590143542e-05,2
2013-02-06,2.9106607195608776e-07,1.9207318617248763e-15,0.9999644698164274,3.5239115845012645e-05,2
2013-02-07,1.4978067949854446e-07,4.7688750443001025e-15,0.9999796369338235,2.0213284801405086e-05,2
2013-02-08,8.981617808932657e-08,9.09688838658481e-16,0.9999597568988587,4.015328370075945e-05,2
2013-02-11,3.0471484370576085e-08,9.611386589245328e-16,0.9999773578473159,2.2611679541020562e-05,2
2013-02-12,3.0518869123831967e-08,4.730231066556756e-16,0.9999765661758828,2.3403303444266316e-05,2
2013-02-13,4.2571132449498124e-08,6.509537173457741e-16,0.9999796128436187,2.0344585054607175e-05,2
2013-02-14,3.234374667020512e-08,3.696463160054454e-16,0.9999741439965293,2.582365796120227e-05,2
2013-02-15,2.484346230141949e-07,4.9911693209215855e-15,0.9999788708605017,2.088070611004065e-05,2
2013-02-21,5.606277784768654e-07,1.1094063689002129e-14,0.9999579209010815,4.151847264375158e-05,2
2013-02-22,9.897396435186382e-06,8.711608455306197e-14,0.9999161275586821,7.397504404143177e-05,2
2013-02-25,3.3809638099107846e-07,4.708781784552506e-14,0.9999824672713612,1.7194631781997623e-05,2
2013-02-26,2.614478659330809e-06,1.8999981376596786e-14,0.9998928114335374,0.00010457408938241212,2
2013-02-27,1.2164720826773683e-06,3.8330657259713427e-14,0.9999711763309715,2.760719529499598e-05,2
2013-02-28,1.0972176847804708e-06,1.5910081708914087e-14,0.999978779669218,2.0123114043638906e-05,2
2013-03-01,1.4337022108524753e-05,1.1460221636011537e-13,0.9999455629960708,4.009998302834757e-05,2
2013-03-04,4.690359372616488e-06,8.501227435982158e-14,0.9999516853161741,4.362432494347538e-05,2
2013-03-05,1.5083779098886935e-05,3.7450212795482444e-13,0.999961793719658,2.3122500146178765e-05,2
2013-03-06,2.76092173093878e-05,6.28334981162719e-13,0.9999265736806701,4.581710214323272e-05,2
2013-03-07,2.6380411303536123e-05,6.672660064545523e-13,0.9998811987095259,9.242087682045205e-05,2
2013-03-08,3.722117653904821e-05,4.3984442773110675e-12,0.9998904981697808,7.228065011800917e-05,2
2013-03-11,8.193697054469586e-05,9.286935150455088e-12,0.9997268573306948,0.0001912056884595465,2
2013-03-12,0.004159668293538159,1.3360866769920483e-09,0.9956891572881026,0.00015117308096649883,2
2013-03-13,0.01895940304453418,5.680789744017852e-09,0.9806011044507256,0.00043948682244903384,2
2013-03-14,0.0859751641151934,2.7507218023348916e-08,0.9127173458702448,0.0013074625080775764,2
2013-03-15,0.7867792437831098,2.0254825460435898e-07,0.21091569134841584,0.0023048623197685905,0
2013-03-18,0.954309886079563,1.1925131796937086e-06,0.04509371711150339,0.0005952042954713495,0
2013-03-19,0.9902155308564085,1.954595751941532e-06,0.009442798377160487,0.00033971617097462573,0
2013-03-20,0.9966954762930825,1.7047765761103658e-06,0.0025822355171177137,0.000720583413568934,0
2013-03-21,0.9989874918641222,1.1218199813258955e-06,0.0008200980156195571,0.00019128830009595396,0
2013-03-22,0.99985534667987,5.1795109013192295e-06,4.057421901535272e-05,9.889959023000581e-05,0
2013-03-25,0.999895790357705,4.730782590861606e-06,9.624576491532447e-06,8.985428302795923e-05,0
2013-03-26,0.9998804795922823,1.4503089365499745e-05,1.3534482163854156e-05,9.148283555968064e-05,0
2013-03-27,0.9994762965758066,0.0004114429473371867,1.0249443118874343e-05,0.00010201103401219804,0
2013-03-28,0.9868617481102708,0.009740497574137919,4.050368984928835e-06,0.0033937039470835818,0
2013-03-29,0.8926174761705047,0.10425522936058139,7.300945592313519e-07,0.003126564375596777,0
2013-04-03,0.08380040827757589,0.9123186562368962,1.989980025487804e-08,0.0038809155848993095,1
2013-04-04,0.002738147497006328,0.9955028346428909,3.298731491603371e-09,0.0017590145617962525,1
2013-04-05,1.2616014848232714e-05,0.9967893997058157,5.227558249175196e-13,0.0031979842791647973,1
2013-04-10,9.035063297778066e-07,0.9998111784472985,5.639761603131787e-13,0.00018791804470558293,1
2013-04-11,1.2296530859801497e-06,0.9997434371340156,2.987344677582856e-14,0.0002553332111795599,1
2013-04-12,1.4781534697447442e-05,0.9999026047873735,8.28885733874588e-13,8.261367867552656e-05,1
2013-04-15,4.951177856730571e-06,0.9999246716503596,7.225095817403064e-14,7.037717337803652e-05,1
2013-04-16,1.6836102835459805e-06,0.9999421782068587,4.06323364306053e-14,5.6138181756495776e-05,1
2013-04-17,1.016198068177731e-06,0.9998651627538989,2.2423643054096153e-14,0.0001338210494030274,1
2013-04-18,1.0727792746754138e-06,0.9996213947769746,1.1668253753611373e-14,0.0003775324431697865,1
2013-04-19,5.121014173490879e-07,0.9999547919247638,1.667372826837999e-14,4.469597235265372e-05,1
2013-04-22,4.6014076655243496e-07,0.9999492463613764,1.1428900304422846e-15,5.029349735235474e-05,1
2013-04-23,1.4985225864551533e-07,0.9999688060479075,3.666311841146406e-16,3.104409935241589e-05,1
2013-04-24,1.4495722101742577e-08,0.9999652177440229,1.5470810481127194e-17,3.476776029089849e-05,1
2013-04-25,1.0320446998176427e-08,0.9999739156101513,1.2059506062640278e-17,2.6074070418824436e-05,1
2013-04-26,5.771689394348738e-09,0.9999698163563757,8.255515675098819e-18,3.0177872077352747e-05,1
2013-05-01,2.265235925717293e-07,0.9999433771032886,2.7808510196350333e-16,5.639637188046662e-05,1
2013-05-02,1.412627573695462e-07,0.9999616395552943,1.0893008174268791e-15,3.8219183275751686e-05,1
2013-05-03,9.9450863061396e-07,0.9999125381670111,6.275900712116227e-14,8.646732361332224e-05,1
2013-05-06,8.699003729888524e-07,0.9992389645289715,4.416180093621284e-15,0.0007601655723729574,1
2013-05-07,1.6037634681791594e-06,0.9998999865887522,3.3873528020109806e-13,9.840964844588814e-05,1
2013-05-08,1.4382838127387228e-06,0.9998521164817152,2.174321613271083e-13,0.00014644523370778865,1
2013-05-09,6.419877881249403e-06,0.9989409317675919,1.2012156459489416e-11,0.0010526483428238756,1
2013-05-10,1.0196335298684268e-06,0.9611728592493025,1.3988456654631855e-12,0.03882612111754957,1
2013-05-13,9.202320853266737e-08,0.7722468028814673,4.5506266264038026e-15,0.22775310509554897,1
2013-05-14,4.981003286825688e-07,0.9884084913361461,3.0956906735016198e-12,0.011591010561828293,1
2013-05-15,6.905216248328058e-08,0.9973909787632194,1.0681474843709952e-14,0.002608952184073137,1
2013-05-16,7.85929210524997e-09,0.9999393111583296,2.0974978257849066e-15,6.068098182694481e-05,1
2013-05-17,2.3165640741738237e-08,0.9999067752125014,1.2262526011159318e-15,9.320162060120822e-05,1
2013-05-20,1.3846676763514944e-06,0.9992500863055569,9.569321440432048e-14,0.0007485290259670432,1
2013-05-21,1.1816059175025982e-06,0.9994056474106174,2.1775733867800556e-13,0.0005931709846655215,1
2013-05-22,2.948672268285212e-06,0.9995384403142169,2.8168168120685952e-11,0.00045861098364906793,1
2013-05-23,3.831051906335651e-06,0.9787196946432672,1.0859409727408197e-13,0.02127647430538767,1
2013-05-24,6.343325677639997e-06,0.9966792830093578,3.811366029656781e-11,0.0033143736255812095,1
2013-05-27,2.8894582510430528e-05,0.9985296245728009,7.624830785372876e-10,0.0014414800836436612,1
2013-05-28,0.00031663243895845494,0.9802201022666758,2.272443766312785e-09,0.01946326302137472,1
2013-05-29,1.7915403930434165e-05,0.03406010195057444,1.9393303522636643e-12,0.9659219826445625,3
2013-05-30,0.012269498652019678,0.459166272558135,1.1695834541510227e-07,0.5285641118321797,3
2013-05-31,0.09497953038545849,0.6816159133978282,6.194684912411358e-07,0.22340393674849304,3
2013-06-03,0.29213775603830244,0.6598712061840188,4.1482650459600355e-06,0.047986889510995424,0
2013-06-04,0.4716110973280034,0.4998370072876852,7.41480049791843e-07,0.02855115390265501,0
2013-06-05,0.5889667368746193,0.3903723154332179,8.386634767246349e-07,0.02066010902872977,0
2013-06-06,0.7113872484749799,0.2659834793259337,8.92617002460674e-07,0.022628379581006313,0
2013-06-07,0.8846022029918633,0.03882289935386145,3.636926055149754e-07,0.07657453396094907,0
2013-06-12,0.9953026490455736,0.00039175190120501905,5.751177416404793e-05,0.004248087279291315,0
2013-06-13,0.9998433920561596,1.1880131500445336e-05,2.5805709421412627e-05,0.00011892210121639,0
2013-06-14,0.9998933679629619,4.092573331536492e-06,1.1145575224589175e-05,9.139388983711526e-05,0
2013-06-17,0.9998705016260891,4.803899389920893e-06,2.641492884090265e-05,9.827954413163635e-05,0
2013-06-18,0.9989109397619244,3.4947405749180556e-06,0.0005643023946690876,0.0005212631023233363,0
2013-06-19,0.982636361515115,5.4523396466616616e-05,0.0031222516873009205,0.014186863401408512,0
2013-06-20,0.4844547293659752,3.71492401279448e-06,0.0014615309217674917,0.5140800247876917,3
2013-06-21,0.18050904501024978,7.537924917601827e-07,0.002081418045060618,0.817408783150683,3
2013-06-24,0.11657437172349878,7.687936562242252e-07,0.021332281552906566,0.862092577930457,3
2013-06-25,0.06910226509399144,2.606160385111389e-08,0.19966988790513146,0.7312278209383488,3
2013-06-26,0.023098168938695412,2.531764152131767e-07,0.9598452575761847,0.017056320309961258,2
2013-06-27,0.009194748035345241,1.6555078588082025e-08,0.9888968877257232,0.0019083476834512118,2
2013-06-28,0.0026543289649676436,5.091720333063437e-10,0.9967727126813304,0.0005729578452329456,2
2013-07-01,0.0002567715225736583,2.310282372967525e-11,0.9996708883623594,7.234009096665283e-05,2
2013-07-02,6.427214680418741e-06,7.270476538386371e-12,0.9999610692222946,3.250355593202743e-05,2
2013-07-03,2.387233993756115e-05,1.659965768966396e-12,0.9992216494204362,0.0007544782395943937,2
2013-07-04,0.0007581638949301186,7.049376939733759e-09,0.9983234105409441,0.0009184185130154901,2
2013-07-05,0.004597787459965284,8.014267080764095e-08,0.9706978390748215,0.02470429332316275,2
2013-07-08,0.00029109696696199715,1.4478802181085608e-12,0.000435833332351277,0.9992730697004304,3
2013-07-09,0.12419488529521601,3.117966089631051e-06,0.0036291017299739576,0.8721728950090656,3
2013-07-10,0.5337852028812032,1.6945410497387226e-05,0.013785415379661131,0.45241243633043204,0
2013-07-11,0.7856685596348961,7.314230079928756e-05,0.019070076366462033,0.19518822169729144,0
2013-07-12,0.7566219330494732,3.532672778973099e-08,0.0017949717856428507,0.2415830598397955,0
2013-07-15,0.9858847137397473,2.0192057343326772e-05,0.004390530045807253,0.009704564156907264,0
2013-07-16,0.9973401300364544,1.8319257818651461e-06,0.0019740569773860172,0.0006839810597886272,0
2013-07-17,0.9982957921180435,6.29567854377635e-07,0.0014648270887713992,0.00023875122550977065,0
2013-07-18,0.9982647017889255,1.075740744212433e-06,0.001413415757771234,0.00032080671154738604,0
2013-07-19,0.9967024422558608,1.2485825011324136e-06,0.0031072597505017816,0.00018904940986484454,0
2013-07-22,0.9902455377502744,1.560099730754809e-06,0.009612084899242897,0.00014081725115949333,0
2013-07-23,0.958983695613793,1.0576964905357638e-06,0.040250973679817614,0.0007642730106916446,0
2013-07-24,0.8295255823501996,5.337647172727688e-06,0.1678225625166554,0.002646517484346301,0
2013-07-25,0.24295710427961353,7.266629577061454e-08,0.708633812730992,0.04840901032355365,2
2013-07-26,0.033123694179711186,2.342730669561618e-09,0.9539002296261235,0.012976073852001554,2
2013-07-29,0.004151983514964126,2.839117935709753e-09,0.9956168759581272,0.0002311376893441266,2
2013-07-30,0.002427258073920557,1.9232017649727246e-09,0.9974976964712474,7.504353040504758e-05,2
2013-07-31,0.0038188977544263863,9.111557138184437e-09,0.9955412193280821,0.0006398738047152488,2
2013-08-01,0.0071247770997281586,2.657386406018626e-07,0.9794263908162653,0.013448566344982153,2
2013-08-02,0.0007789863815490455,1.9290365164395297e-09,0.1972645872443285,0.8019564244452785,3
2013-08-05,8.647832878174693e-08,5.099155976768784e-15,0.00025243474495806345,0.9997474787761934,3
2013-08-06,0.0008913735433755424,1.955600802830439e-08,0.9878605650363992,0.011248041862504062,2
2013-08-07,1.9641487683666207e-06,1.7117982835699612e-12,0.9992877502913216,0.0007102855586111519,2
2013-08-08,2.0792592995021563e-07,5.963031216052617e-14,0.9999556902434028,4.410182895587442e-05,2
2013-08-09,4.844620645738686e-08,7.580130740636318e-16,0.9999728688423442,2.7082711739843205e-05,2
2013-08-12,8.711368746263122e-08,3.79804105969716e-15,0.9999836148232105,1.629806299746734e-05,2
2013-08-13,8.112394349956308e-07,3.439666804862641e-13,0.9999362567885883,6.293197168725136e-05,2
2013-08-14,2.2368324594702892e-06,3.5109117242977984e-15,0.9975479382401435,0.002449824926889064,2
2013-08-15,1.7940346137247877e-06,2.7325027367636345e-11,0.9999344097206626,6.379621864939832e-05,2
2013-08-16,2.607950653281132e-06,4.4733554654252983e-13,0.9993069319658373,0.0006904600842547155,2
2013-08-19,6.804198300389813e-06,7.754086851298135e-13,0.9986058607291047,0.0013873350700789621,2
2013-08-20,9.577066762362533e-06,6.183080285214539e-12,0.9998164011865135,0.00017402174038431915,2
2013-08-21,7.190551682432843e-06,7.844937856449737e-13,0.9998819907747013,0.00011081867187986535,2
2013-08-22,1.192836103362789e-05,5.34199716830068e-13,0.999895072324884,9.299931184012202e-05,2
2013-08-23,3.418130535083537e-06,8.767683639116988e-14,0.9999281390437985,6.844282600471739e-05,2
2013-08-26,6.0480498320543845e-06,2.349360897135556e-13,0.9999550789338052,3.8873014745482605e-05,2
2013-08-27,1.686602723886755e-05,7.094929966271814e-13,0.9999242582871396,5.88756861239552e-05,2
2013-08-28,1.3969853220716369e-05,6.293552929214288e-13,0.9998763071925245,0.00010972295259070921,2
2013-08-29,3.224329691172781e-05,1.1876248958675526e-12,0.9998948710966712,7.288560687396303e-05,2
2013-08-30,1.743828459277167e-05,1.0365215513408626e-12,0.9999428832066334,3.967850599123773e-05,2
2013-09-02,8.09422222733859e-06,1.0353907658999022e-13,0.9999209775607198,7.092821584640676e-05,2
2013-09-03,1.4318426974204978e-05,4.541462417509343e-13,0.9999537253472702,3.195622415703392e-05,2
2013-09-04,6.589307639595272e-06,4.433596001377457e-13,0.9999445153412234,4.889535158878446e-05,2
2013-09-05,1.1812898424957335e-05,1.1722204260292191e-12,0.9997381467490025,0.0002500403502161264,2
2013-09-06,4.171945228906614e-06,5.1628335759284325e-12,0.9995703633096388,0.00042546474142401725,2
2013-09-09,1.4906784960574353e-06,8.032297307559823e-14,0.9981264850217241,0.001872024300137192,2
2013-09-10,8.346606413500469e-07,5.600890965054395e-13,0.9999031747305402,9.599060951631338e-05,2
2013-09-11,2.396701156334995e-06,1.2834451671104328e-13,0.9999576058836125,3.99974144123078e-05,2
2013-09-12,2.6043772180399352e-06,1.7185452917481488e-14,0.9999281772070923,6.921841734203222e-05,2
2013-09-13,1.399235812789848e-07,4.053866711095508e-15,0.9999803776333276,1.9482444730854862e-05,2
2013-09-16,5.059589539488936e-07,3.830713960879469e-15,0.999982593357866,1.6900683750187763e-05,2
2013-09-17,1.168384920541737e-06,3.5249347263894167e-14,0.9999755096302915,2.3321983279277078e-05,2
2013-09-18,2.733329189699889e-06,3.3929600520769303e-12,0.999840906064746,0.00015636060401198648,2
2013-09-19,4.821532583086228e-06,4.507004888413965e-15,0.9928895809314819,0.007105597537170175,2
2013-09-20,1.1691969175356682e-06,1.006564017392078e-11,0.9998906874040084,0.00010814339028252875,2
2013-09-25,2.245374271264784e-06,1.380386966340584e-13,0.999881443731058,0.00011631089488716258,2
2013-09-26,2.6844116118518826e-06,1.4746758937635463e-13,0.9999577118934642,3.960369482803702e-05,2
2013-09-27,4.264885984223316e-06,5.292058184071025e-13,0.9999567132564429,3.9021857021991966e-05,2
2013-10-02,3.725104327190766e-06,4.619884994925001e-14,0.9996117594878615,0.00038451540658228736,2
2013-10-03,1.0055500317378278e-06,8.369445821471514e-14,0.9999315330798877,6.746136944577144e-05,2
2013-10-04,3.944118809404608e-06,1.6860870938942953e-13,0.9999756418785049,2.0414001499144353e-05,2
2013-10-07,5.794288901410571e-06,2.7487777340130507e-14,0.9999382378893297,5.59678204521588e-05,2
2013-10-08,8.02946261857152e-06,1.7515699213481652e-13,0.9999616835804259,3.0286956755682022e-05,2
2013-10-09,2.407022158217514e-05,5.318276331003579e-13,0.9999463484914669,2.95812876260068e-05,2
2013-10-10,3.433713009274979e-05,1.5411458317346985e-12,0.9999177605262816,4.7902341308701425e-05,2
2013-10-11,0.00017071265727691324,1.757120007739317e-11,0.9997243486178834,0.00010493870839511991,2
2013-10-16,0.002605582443489172,4.097103074865918e-10,0.9970660738653794,0.0003283432805733187,2
2013-10-17,0.02296954213901157,1.049373744794627e-08,0.9763779967821608,0.0006524505834389802,2
2013-10-18,0.1300607316247398,7.089700654048984e-09,0.8548456539419639,0.015093607344714986,2
2013-10-21,0.3465312128277947,8.808032600162068e-07,0.6494820259651042,0.003985880402878708,2
2013-10-22,0.695386162953043,7.292338357428377e-07,0.30204954918793314,0.0025635586238188573,0
2013-10-23,0.8926308772865925,2.323846696124278e-07,0.08298664403877784,0.024382246290239752,0
2013-10-24,0.9835147168521414,4.2477323806906615e-06,0.014953922438572579,0.0015271129763758005,0
2013-10-25,0.9985183629541443,2.6987797755005633e-06,0.0013994351571731726,7.950311048659246e-05,0
2013-10-28,0.9998324513606074,3.1241150689331164e-06,0.0001231704932026175,4.125403174125206e-05,0
2013-10-29,0.9999186075530648,3.521079853395873e-06,2.909174053443198e-05,4.87796253103559e-05,0
2013-10-30,0.9999159031178789,3.2532302811045646e-06,3.351001588385954e-05,4.733363505647944e-05,0
2013-10-31,0.9999399793892373,8.075943467822256e-06,1.0037269282203641e-05,4.190739649859344e-05,0
2013-11-01,0.9998666972331415,1.0134263178568648e-05,5.83891014260079e-06,0.00011732959396417963,0
2013-11-04,0.9986435517384039,4.005650451553263e-06,4.099257710374559e-06,0.0013483433536798904,0
2013-11-05,0.9996666576415608,3.1228972964902995e-05,1.5985146520761671e-06,0.0003005148702230473,0
2013-11-07,0.9999147203947246,1.8750996521903795e-05,3.569356443631975e-06,6.295925202810285e-05,0
2013-11-08,0.9998684803633189,5.277843271218173e-06,2.609490054376325e-05,0.00010014689105822827,0
2013-11-11,0.9974679661217539,5.070699728588173e-07,3.160700573171651e-05,0.002499919803855432,0
2013-11-12,0.9998486626648826,2.2591734111985328e-06,7.019610031427916e-05,7.888206055777881e-05,0
2013-11-13,0.9998742042302021,1.945172088364184e-06,5.50946911004441e-05,6.875590793362054e-05,0
2013-11-14,0.9997687465224487,1.3429651796370961e-06,4.7142281932059536e-05,0.00018276822954303343,0
2013-11-15,0.9999037531788078,4.145292884591944e-06,1.7350362860056643e-05,7.475116633548891e-05,0
2013-11-18,0.9999345162555275,6.78981517342291e-06,8.35587033324614e-06,5.033805777609071e-05,0
2013-11-19,0.9999102262035477,9.196455935076456e-06,5.703130643219668e-06,7.487421157077045e-05,0
2013-11-20,0.9998653305112346,9.731886920770326e-06,4.873219857856866e-06,0.00012006438223702245,0
2013-11-21,0.9995721360166387,4.1966756818500486e-06,5.176379985354954e-06,0.00041849092910097344,0
2013-11-22,0.9999185126968552,5.857275713118928e-06,9.891271061418522e-06,6.573875513991976e-05,0
2013-11-25,0.9999104143684014,6.0035779999926455e-06,9.802377265990033e-06,7.377967573881222e-05,0
2013-11-26,0.9999338913610085,9.432973505584614e-06,8.50297344228509e-06,4.817269292602732e-05,0
2013-11-27,0.9998984142454723,1.1037745399584309e-05,5.787167506410643e-06,8.476084261795366e-05,0
2013-11-28,0.9999244763856623,6.48775317356057e-06,9.122498369868755e-06,5.991336396094466e-05,0
2013-11-29,0.9999463306663273,5.493997593419511e-06,1.3013264124565729e-05,3.516207140972509e-05,0
2013-12-02,0.999940995016094,1.0392656092620528e-05,7.321982386024426e-06,4.1290346232111584e-05,0
2013-12-03,0.9996402186724453,4.012973826064766e-06,5.961418716977773e-06,0.000349806935257131,0
2013-12-04,0.9999241999274678,1.2779848036596423e-05,4.307203522846577e-06,5.871301962663551e-05,0
2013-12-05,0.9997839197168794,3.230849167723739e-06,1.0795527174297264e-05,0.00020205390707214922,0
2013-12-06,0.9998423067811912,1.814004975097721e-06,6.007498783622685e-05,9.580422550125618e-05,0
2013-12-09,0.9991890945686186,7.420321621263373e-07,0.0002836717276959108,0.0005264916700914172,0
2013-12-10,0.999855673232227,2.1277438470146235e-06,8.68109547495703e-05,5.5388068572667136e-05,0
2013-12-11,0.9998851413376685,2.373220982387437e-06,4.173697417856257e-05,7.074846813748832e-05,0
2013-12-12,0.9999089182247104,2.621652039339693e-06,4.932862976176697e-05,3.9131493601584826e-05,0
2013-12-13,0.9999054880272619,4.845205290580309e-06,4.053732711044566e-05,4.912944066354797e-05,0
2013-12-16,0.9991288590470062,5.243197969229693e-06,0.0007927481634671177,7.31495907022034e-05,0
2013-12-17,0.9734671907608661,1.2595139646064034e-06,0.026221275230080623,0.0003102744947113065,0
2013-12-18,0.8872896632959034,1.0519019800594691e-06,0.11221431308674626,0.0004949717141068862,0
2013-12-19,0.8103786498182082,5.493880573517915e-07,0.18664502194883933,0.002975778845412927,0
2013-12-20,0.7104783998308752,4.5353443361171994e-07,0.2878326077885406,0.0016885388477721778,0
2013-12-23,0.5014589747666512,3.664904383274163e-07,0.49755597199582774,0.000984686746135796,2
2013-12-24,0.343414764965258,2.1162511002966094e-07,0.6557636721802792,0.0008213512284633382,2
2013-12-25,0.17942776058340007,7.807178095714936e-08,0.8198629664654751,0.0007091948800508037,2
2013-12-27,0.08587924566248471,6.465645051235846e-08,0.9138133818151546,0.0003073078668696628,2
2013-12-30,0.05264429169291438,3.023177448746384e-08,0.9468229486695474,0.0005327294074250542,2
2013-12-31,0.031427546889771465,1.7103582650093616e-08,0.9682103645710377,0.00036207143494215515,2
2014-01-01,0.014975553158351515,4.109289970823936e-09,0.984686282006404,0.0003381607262769,2
2014-01-03,0.005135572543068689,1.9399670895958974e-09,0.9947761506255184,8.827489101400074e-05,2
2014-01-06,0.002065547606126375,1.2052765851832116e-09,0.9978786783362453,5.5772851754173046e-05,2
2014-01-07,0.0013056742666807352,8.348334117310389e-10,0.9985347434805117,0.00015958141958368415,2
2014-01-08,0.0005846070642686892,2.267845608461931e-10,0.9990825001032524,0.0003328926074844864,2
2014-01-09,0.00033035504470374977,8.479192394777184e-10,0.9995780372055348,9.160690015978168e-05,2
2014-01-10,0.0007048681508155428,1.3605161119696272e-08,0.9974974906632247,0.0017976275815771367,2
2014-01-13,0.0001417815237159028,9.57630820906481e-13,0.8921208909977106,0.10773732747936793,2
2014-01-14,0.0004434077151218423,5.579706758189524e-09,0.9971674956052006,0.0023890910983564422,2
2014-01-15,9.845470803143405e-05,7.338552772803719e-11,0.999745652009851,0.00015589320904435295,2
2014-01-16,3.367185342704346e-05,8.035539390764456e-13,0.9999166977532812,4.963039373196337e-05,2
2014-01-17,1.6922267813760328e-07,5.663124638063623e-15,0.9999831086032442,1.6722174102265238e-05,2
2014-01-20,2.551601979630268e-07,1.565344705431092e-15,0.9999784362404515,2.1308598911940204e-05,2
2014-01-21,2.2199219772600286e-07,1.4108787976920117e-15,0.9999829015984922,1.6876408205960352e-05,2
2014-01-22,2.807895242026454e-07,2.1326090347418046e-15,0.9999832444467255,1.6474764438635004e-05,2
2014-01-23,6.621787200956331e-06,1.558145338900049e-13,0.9999712738951178,2.2104315974279822e-05,2
2014-01-24,2.495316598430766e-06,1.139371387975013e-14,0.9998602544374843,0.0001372502451282538,2
2014-01-29,6.9544656129617765e-06,8.330102813462807e-13,0.9999724676570068,2.0577875400725727e-05,2
2014-01-30,0.00018004578258084614,9.174981684000636e-12,0.9997891425537584,3.081165284111459e-05,2
2014-01-31,0.006718354954310441,4.242732256086811e-10,0.9930761238253409,0.00020552079433424096,2
2014-02-05,0.09890197833730528,1.1718786751354104e-08,0.9003526437175955,0.0007453662252321475,2
2014-02-06,0.3407446364545808,1.0801899212321973e-07,0.6578578464416768,0.0013974090859952013,2
2014-02-07,0.7494730477652145,4.2999052344093374e-07,0.24887943084642924,0.001647091398999868,0
2014-02-12,0.9302521911065048,9.863332803904178e-07,0.06904737878737822,0.0006994437740242073,0
2014-02-13,0.992782227192864,2.3793574010768267e-06,0.007033817864395035,0.00018157558484272406,0
2014-02-14,0.9973822310522253,9.960872153869956e-07,0.002496509617719773,0.00012026324455580762,0
2014-02-17,0.9988183396353333,1.2389690796310417e-06,0.001107819853328504,7.260154068989308e-05,0
2014-02-18,0.9995425559121022,2.475817848089843e-05,0.00037092897746545495,6.175693287975592e-05,0
2014-02-20,0.9968842897184567,0.0029626383264861863,3.2447512862903688e-06,0.00014982720468313107,0
2014-02-21,0.9874387751454653,0.012310987193896861,1.0790464169629113e-06,0.0002491586142904859,0
2014-02-24,0.9726894769296068,0.027039718528121322,1.0360085312154988e-06,0.00026976853487289775,0
2014-02-25,0.9531097175648212,0.04652832031448097,9.14244124289046e-07,0.00036104787691125273,0
2014-02-26,0.9232266925989845,0.07609729067346635,6.221651693148439e-07,0.0006753945623782847,0
2014-02-27,0.9071628003395595,0.0922254890487473,8.666942590082863e-07,0.0006108439172887383,0
2014-02-28,0.8935167630641491,0.1058880388635186,7.561605139945753e-07,0.0005944419112117018,0
2014-03-03,0.8779088498541303,0.12130586728054937,1.6546360556608704e-06,0.0007836282276528942,0
2014-03-04,0.7923321455129235,0.2023281644044986,3.251471221733438e-06,0.005336438612690195,0
2014-03-05,0.5636050689372164,0.3986827804856477,2.2015969656410625e-07,0.037711930417023976,0
2014-03-06,0.13746626631412112,0.8568120230198828,1.244441533661631e-08,0.00572169822078017,1
2014-03-07,0.0009956587190525787,0.9981353008090791,2.957387156446752e-11,0.0008690404434023493,1
2014-03-10,6.060608532931948e-06,0.9998820211955282,1.714655325058491e-13,0.00011191819599851033,1
2014-03-11,8.092544681795121e-07,0.9999461497484539,6.1553800021273325e-15,5.3040996975135335e-05,1
2014-03-12,5.248923158644602e-07,0.9999635288397922,4.4648801722899915e-15,3.5946268833519815e-05,1
2014-03-13,6.710655511868829e-07,0.9999137418368966,1.5191504447728915e-14,8.558709806453753e-05,1
2014-03-14,3.67159424195326e-08,0.9995952508091751,5.854870115196426e-16,0.0004047124740878114,1
2014-03-17,1.3728257245228583e-08,0.9997751298646457,1.7085351644900009e-16,0.0002248564053969596,1
2014-03-18,3.738034840297136e-09,0.9999658265860778,4.468050652463738e-17,3.41696752615226e-05,1
2014-03-19,3.1354400279467256e-09,0.9999429427096557,1.5027932522284122e-16,5.7054155908425824e-05,1
2014-03-20,3.6767100278517108e-09,0.9984343413793657,1.936814298926229e-17,0.0015656549438807016,1
2014-03-21,4.391414951453116e-09,0.9998286445080902,1.8150121170656387e-16,0.00017135110121119582,1
2014-03-24,2.615606928098535e-09,0.999959863199965,1.964773002788688e-17,4.013418489735273e-05,1
2014-03-25,2.6196215868459966e-10,0.9999560947287868,3.0510655216510217e-19,4.390500950024082e-05,1
2014-03-26,2.420307236896495e-10,0.9999691017409205,4.512352077833783e-19,3.089801627569098e-05,1
2014-03-27,2.2108482227062845e-10,0.9999563215613835,2.491741440095873e-19,4.367821903408979e-05,1
2014-03-28,2.920306980519646e-10,0.9999660737455799,6.673895394981709e-19,3.392596210416299e-05,1
2014-04-02,9.393772280830704e-14,0.9999572218239943,1.582524472533048e-21,4.277817504417379e-05,1
2014-04-03,2.823620539670639e-13,0.999745728980817,2.035660940676336e-21,0.00025427101998180986,1
2014-04-04,7.283608549036561e-15,0.99990396444139,4.980914742958834e-21,9.603555945768222e-05,1
2014-04-07,2.2319305649573163e-14,0.9990379226661621,2.9147528283331807e-22,0.0009620773325553144,1
2014-04-08,8.43231717451761e-15,0.9997864345878362,2.662692931935936e-21,0.00021356541289039254,1
2014-04-09,5.196696738068156e-15,0.999812707267715,1.7858593137942882e-22,0.0001872927334464478,1
2014-04-10,2.8636538921320465e-15,0.9998867763935536,4.257056087550103e-22,0.0001132236059946293,1
2014-04-11,4.79173016019487e-18,0.999551908560736,1.7344696237566075e-24,0.00044809143890534844,1
2014-04-14,5.4947195171117106e-18,0.9995883137355702,4.6144422622967315e-24,0.00041168626332072756,1
2014-04-15,3.004420538559825e-18,0.9997967678371541,2.981466168331507e-24,0.00020323216125213515,1
2014-04-16,1.8732197847000443e-18,0.9997566112977013,9.09194232071533e-25,0.00024338870104595507,1
2014-04-17,1.4657204265739203e-18,0.9998081005465503,6.8206756323847695e-25,0.00019189945441529835,1
2014-04-18,5.93945325884287e-18,0.9998000126782941,1.6349832204628558e-24,0.00019998732005380274,1
2014-04-22,2.224081549246628e-17,0.9998217373104029,2.777730476386742e-24,0.00017826268890685314,1
2014-04-23,1.291606868335857e-17,0.9998818942632429,1.072501871197811e-24,0.00011810573720457182,1
2014-04-24,2.366419583189433e-14,0.9999333697349357,3.101135692300357e-22,6.663026471828209e-05,1
2014-04-25,9.549576956376183e-14,0.9999558184000875,6.984598223018399e-22,4.418159918076735e-05,1
2014-04-28,6.945655125894757e-14,0.9999473032173214,3.0044929940176827e-22,5.2696784011907416e-05,1
2014-04-29,4.782186191766318e-13,0.999955987165758,2.1618470175178055e-21,4.401283519823189e-05,1
2014-04-30,1.1287833513057379e-14,0.9999461229452699,1.5346224871722661e-22,5.387705405750196e-05,1
2014-05-01,7.869037430521271e-16,0.9998786007952993,8.706787261507636e-24,0.000121399206465664,1
2014-05-02,1.982475878221531e-15,0.999929172217909,1.3406986781338632e-22,7.08277836841092e-05,1
2014-05-07,1.3485492744652937e-11,0.9998404163835247,3.0644787945302253e-20,0.0001595836034778108,1
2014-05-08,5.527967294653917e-12,0.9999621204522943,4.654275225843926e-20,3.787954156986273e-05,1
2014-05-09,1.1460717316361863e-12,0.9999578714630311,4.0040869036322145e-21,4.2128534417860165e-05,1
2014-05-12,1.4198281216036157e-12,0.9999321828586579,4.482720243802371e-21,6.781713960117104e-05,1
2014-05-13,1.0865851184033486e-12,0.9999589745396524,7.848399288706802e-21,4.102546007607227e-05,1
2014-05-14,3.58407497361677e-14,0.999927126231039,1.2278940872162294e-21,7.287376868280123e-05,1
2014-05-15,6.013661360747845e-14,0.9996869376007016,1.0669252072669275e-21,0.000313062399105437,1
2014-05-16,5.7057432206246343e-11,0.999852810287416,9.658689556437622e-19,0.00014718965488758962,1
2014-05-19,2.632661324476841e-10,0.9999525948328281,1.9611761518447836e-18,4.7404902596192335e-05,1
2014-05-20,2.528255622295981e-07,0.9999544004123475,6.897676937658471e-16,4.5346762113466155e-05,1
2014-05-21,2.469297717956139e-07,0.999957435917187,3.762609215194959e-15,4.2317153912033585e-05,1
2014-05-22,3.327979534590752e-07,0.9998038230008643,6.25176744786382e-16,0.00019584420265474984,1
2014-05-23,1.8783733730823e-07,0.9999547458263814,1.5166036122971643e-15,4.506633740433004e-05,1
2014-05-26,1.0379187803032655e-07,0.9999703907069362,4.2294776873847544e-16,2.9505502460594527e-05,1
2014-05-28,1.3166547775517184e-07,0.999940718989864,4.721699179929291e-15,5.9149343369924994e-05,1
2014-05-29,8.200951602028772e-08,0.9991573380226434,1.552411287062744e-16,0.000842579968023982,1
2014-05-30,1.5759222980603403e-08,0.9999572098628317,4.944207277501055e-16,4.277437762166894e-05,1
2014-06-02,2.5327125157586287e-08,0.9999640908216954,1.4850584720529316e-16,3.5883849704574824e-05,1
2014-06-03,2.029416154412923e-07,0.9998905692044542,2.8341688970651545e-15,0.00010922785343756449,1
2014-06-04,4.4539469037637376e-07,0.9997397853833994,5.961214907028693e-15,0.00025976922348384355,1
2014-06-05,3.355494308277732e-09,0.9998785682720801,5.591280038591082e-17,0.00012142837378796589,1
2014-06-06,3.763640504292977e-08,0.9999404567690178,1.9293974595988195e-15,5.950559414281839e-05,1
2014-06-09,1.396346880072193e-07,0.9995560002468044,3.4781640568452775e-16,0.0004438601184134725,1
2014-06-10,2.0873137185026863e-07,0.9999485256454936,5.738000706834587e-15,5.126562233855875e-05,1
2014-06-11,1.3435786517078e-07,0.9999546191868025,4.287987977422368e-16,4.5246455840527183e-05,1
2014-06-12,2.087426131177352e-07,0.9999530919064488,9.015804516436221e-16,4.6699350718011505e-05,1
2014-06-13,1.8092269188308406e-06,0.9999233011278404,1.0935623073928585e-14,7.488964431882275e-05,1
2014-06-16,1.665753782434239e-06,0.9999320462545518,2.4161800076206023e-14,6.628799166896631e-05,1
2014-06-17,8.098070904192693e-06,0.9999230740808346,2.990373032424719e-13,6.882784851923621e-05,1
2014-06-18,1.0329138282876786e-05,0.9998120697369721,2.8436699023705265e-13,0.00017760112466600633,1
2014-06-19,1.3149990867910719e-05,0.9998617584380581,1.0796586331756093e-12,0.00012509157073933914,1
2014-06-20,2.089345138687456e-05,0.9998231417428121,7.84246791452055e-13,0.00015596480390372674,1
2014-06-23,2.3019520103171114e-05,0.9999087124830293,1.2334469745907114e-12,6.826799687243088e-05,1
2014-06-24,1.7142937565832194e-05,0.9999198926707984,6.432848654917328e-13,6.296438950876952e-05,1
2014-06-25,2.838935328714726e-05,0.9998810466419014,3.787189837667359e-12,9.056400035818623e-05,1
2014-06-26,4.8008381729838276e-05,0.9995371411888258,3.701880737677388e-12,0.00041485042621260755,1
2014-06-27,0.00024953759251378476,0.9996526690458615,1.3292005149606642e-10,9.779323025377547e-05,1
2014-06-30,0.0017581978572498603,0.9980063046766345,2.00146558274362e-10,0.00023549726755063864,1
2014-07-01,0.02065121444683787,0.9782864503199595,6.436284860024674e-09,0.0010623287977581646,1
2014-07-02,0.04575929599655817,0.9405523567517042,8.749971601649371e-09,0.013688338502769768,1
2014-07-03,0.36371978995787774,0.6247885624388115,4.6362124886345357e-07,0.011491183981779939,1
2014-07-04,0.5919803504067088,0.40550937707128576,1.458224217301083e-06,0.0025088142973498954,1
2014-07-07,0.6500009336183451,0.34946352711100953,1.2524070769480322e-06,0.000534286864045096,1
2014-07-08,0.6654971905113192,0.3341024108187156,1.2875251832725813e-06,0.0003991111444654818,1
2014-07-09,0.6608927722847238,0.33781345374324934,1.9970951811342616e-06,0.0012917768777968126,1
2014-07-10,0.5892814488802564,0.40876518301144465,2.550554728744296e-07,0.001953113052609128,1
2014-07-11,0.007340710849876365,0.9908973004954661,2.2773798464890642e-10,0.0017619884270912826,1
2014-07-14,9.711979920486746e-05,0.9998027563843488,3.33590955625668e-12,0.00010012381314977663,1
2014-07-15,3.2327559450490842e-06,0.9999495757782436,5.048159941531691e-14,4.7191466286950074e-05,1
2014-07-16,1.8983087628216314e-06,0.9999522280401568,1.3871417529237502e-14,4.587365211650993e-05,1
2014-07-17,2.9685222655831706e-06,0.9999425441627943,6.796483672761556e-14,5.448731407174014e-05,1
2014-07-18,1.4265763593578985e-06,0.999809928241753,6.566006802045078e-15,0.00018864518351750868,1
2014-07-21,1.1593568903305575e-06,0.9999585194072622,1.6716470598546276e-14,4.03212342726645e-05,1
2014-07-22,3.6894318622745184e-07,0.9999607422353534,8.176755440478044e-16,3.8888821113107715e-05,1
2014-07-23,1.3707408508569834e-07,0.9999695987754544,2.2093837231476581e-16,3.026414932688583e-05,1
2014-07-24,1.8756544039808806e-08,0.9999738850592026,2.8576790385825976e-17,2.6096185284362535e-05,1
2014-07-25,1.341670879836379e-07,0.9999599552153119,1.9179139262994896e-16,3.9910615831594374e-05,1
2014-07-28,5.7841168992208984e-08,0.9999640890064091,1.1040548324847127e-16,3.5853152045180886e-05,1
2014-07-29,1.5794541010255084e-07,0.9999695984080298,6.945461709123995e-16,3.024364594850135e-05,1
2014-07-30,1.392689110059172e-07,0.9999188819835233,2.900343372766786e-15,8.097874720685757e-05,1
2014-07-31,7.400206279586655e-08,0.9995811549808725,3.066839728463356e-16,0.0004187710188410487,1
2014-08-01,1.376027248660955e-07,0.999942059993942,6.167628190853323e-15,5.7802404889023926e-05,1
2014-08-04,8.159921874777428e-08,0.9999203859049517,1.30479503848489e-16,7.953249585692474e-05,1
2014-08-05,1.5332984821378136e-08,0.999971889249021,1.5658453010568258e-16,2.809541783405128e-05,1
2014-08-06,1.985931149707779e-08,0.9998946502400331,6.324197589143343e-17,0.00010532990147565943,1
2014-08-08,5.870030818033184e-08,0.9999159151840399,7.190846739869801e-16,8.402611555942117e-05,1
2014-08-11,1.1211932686381029e-07,0.9999203955011757,7.893693506254187e-16,7.949237930341333e-05,1
2014-08-12,5.9062193195541263e-08,0.9999390072564328,1.339024076581796e-16,6.0933682247505765e-05,1
2014-08-13,4.165659034138178e-09,0.9999704558066415,7.668954164147014e-18,2.9540027353337076e-05,1
2014-08-14,4.136661855490216e-09,0.9999706731949418,6.122221311990791e-18,2.932266844991328e-05,1
2014-08-15,2.992915389713319e-10,0.999960252542733,2.1157187754430614e-18,3.974715794801071e-05,1
2014-08-18,2.706200006264667e-10,0.9997775819468535,9.252065087659029e-19,0.0002224177812578031,1
2014-08-19,1.633162412070631e-09,0.9999038651777629,1.18004586445299e-17,9.613318942195452e-05,1
2014-08-20,2.4929167099574756e-09,0.9999642165020818,1.766343730336728e-17,3.5781005700623094e-05,1
2014-08-21,4.326973274055292e-09,0.9999451722875795,8.389137314959576e-18,5.4823386939421246e-05,1
2014-08-22,6.028122564003197e-09,0.9999639205776911,1.1734718113508526e-17,3.607339263635797e-05,1
2014-08-25,8.469397009520092e-09,0.9999618440018812,1.9545160133417593e-17,3.8147529619029526e-05,1
2014-08-26,2.5200922079328444e-08,0.999952197915494,4.999297218591936e-17,4.777688473360924e-05,1
2014-08-27,7.020732709833175e-07,0.9999592413999508,9.451804957203283e-15,4.005652541411482e-05,1
2014-08-28,8.881191352587073e-07,0.9998476943928649,4.425210708382447e-15,0.00015141748774655806,1
2014-08-29,4.354935323626186e-07,0.9999167002305384,4.0216397110735755e-15,8.286427751743629e-05,1
2014-09-01,1.768099390617605e-08,0.9999635145648841,6.368873478294159e-17,3.6467755189871624e-05,1
2014-09-02,1.1193503457590004e-07,0.9999673351981949,1.213895890370915e-15,3.255286807474359e-05,1
2014-09-03,4.0446626669659595e-07,0.9997970542443414,2.5798735580825986e-15,0.0002025412886536252,1
2014-09-04,7.599601652197961e-09,0.9998525521271836,2.5000756374623384e-15,0.0001474402723402071,1
2014-09-05,1.8079930175835538e-07,0.9980409469184808,1.618914210452401e-15,0.001958872283726431,1
2014-09-08,1.0800645185956934e-07,0.9998326748442375,2.381912815140174e-14,0.00016721714927199512,1
2014-09-09,3.1053390547099393e-08,0.9998475404170508,6.870715811170683e-16,0.00015242852971218877,1
2014-09-10,2.3262063120912412e-08,0.9999051545216677,3.5382422580636645e-16,9.482221589189164e-05,1
2014-09-11,3.573646806210006e-08,0.999899049750559,4.750884245483876e-16,0.00010091451291297928,1
2014-09-12,3.898004316532791e-16,0.9998748018969332,6.940085637709186e-23,0.00012519810365448493,1
2014-09-15,8.32211897969706e-16,0.999601749234396,1.938315173313416e-23,0.00039825076390986213,1
2014-09-16,2.450327145296325e-15,0.9999316088901781,3.61214959101868e-22,6.839111075945973e-05,1
2014-09-17,1.4313738460461746e-14,0.9998797838322095,2.3627899331366235e-21,0.00012021616746646488,1
2014-09-18,7.834636187123857e-15,0.9986812256011097,1.4627953114267264e-22,0.0013187743994325517,1
2014-09-19,6.164044174862052e-15,0.9998882004619966,2.305345724003338e-21,0.00011179953803436948,1
2014-09-22,1.5890355828159455e-14,0.9998477379328398,4.232602863808445e-22,0.00015226206825059562,1
2014-09-23,7.747228419448138e-14,0.9999173321786848,1.4869681268628854e-21,8.266782296650262e-05,1
2014-09-24,7.900432840880438e-14,0.9999407335918454,6.867038468107833e-22,5.926640805123423e-05,1
2014-09-25,1.2109128773403113e-13,0.9999529953444737,1.252523787274566e-21,4.7004656098656645e-05,1
2014-09-26,2.926332987032507e-13,0.999927527903828,1.730472644081137e-21,7.247209476217407e-05,1
2014-10-01,3.207158890037045e-13,0.9999468926858562,9.77765085077671e-21,5.3107312811850436e-05,1
2014-10-02,3.0248615105294074e-13,0.9998015898207813,7.091049912433588e-21,0.00019841017761510648,1
2014-10-03,5.667105877253144e-13,0.9997350218719018,6.978538162755249e-19,0.00026497812934051364,1
2014-10-06,7.826868946105455e-12,0.9926615941481652,7.593082529030107e-19,0.00733840584412522,1
2014-10-07,9.452899894505268e-12,0.9972185182655964,5.2052906356737015e-18,0.002781481724677601,1
2014-10-08,8.697791002675761e-13,0.9992716857296398,4.1255744652543624e-19,0.000728314269491712,1
2014-10-09,1.970740594552734e-12,0.9998006381183925,3.1048695509449125e-18,0.00019936187843481244,1
2014-10-10,4.715317040904586e-08,0.9966655795365384,8.551799444981951e-14,0.003334373312013877,1
2014-10-15,5.778494220982819e-07,0.8165758438841977,4.840250807751187e-13,0.18342357826559308,1
2014-10-16,2.545198529894941e-23,8.273356569118746e-18,8.24553933372446e-31,1.0,3
2014-10-17,9.211199542725646e-07,0.03439886270605635,5.558140497682833e-12,0.9656002161687309,3
2014-10-20,1.2906666625328182e-05,0.5714759329724659,9.875049436183345e-12,0.4285111603513578,1
2014-10-21,1.9076954169809406e-05,0.9810908076414713,1.1260488821371986e-11,0.018890115394703186,1
2014-10-22,5.806083659902361e-06,0.9995522309121876,2.4846564065276826e-11,0.0004419629803710399,1
2014-10-23,0.0003584753554581681,0.9993582394794975,1.223935475156595e-10,0.00028328504258912204,1
2014-10-24,0.023474870719219457,0.9746321865097631,3.903096253629777e-09,0.0018929388661376007,1
2014-10-27,0.07597930672471388,0.922188848237741,5.13675694581044e-08,0.0018317936716382654,1
2014-10-28,0.18625830654330194,0.8069095374922716,5.361346218778694e-08,0.00683210235143225,1
2014-10-29,0.4912862864088485,0.4992430566300868,2.4514775699548284e-07,0.009470411813878215,1
2014-10-30,0.8171116459103015,0.173101918615153,1.0477116862067844e-06,0.009785387761298297,0
2014-10-31,0.9824316223845988,0.01593698531524555,4.756477401866662e-06,0.001626635820964268,0
2014-11-03,0.9972916944913859,0.0010175200493023743,2.3717107820195707e-06,0.0016884137475505763,0
2014-11-04,0.9997538898390215,4.090414214685944e-05,8.453479783888927e-06,0.0001967525399696014,0
2014-11-05,0.9998559059601824,3.695646984337837e-05,2.580600287867105e-06,0.0001045569694738127,0
2014-11-06,0.9996659243097633,2.8414263115995608e-05,2.1907838549014547e-06,0.00030347064418339393,0
2014-11-07,0.9995807447451888,3.74374450961622e-05,1.8834601178056818e-06,0.00037993435047009724,0
2014-11-10,0.9997435380802168,4.2280363736912276e-05,1.1070579304050086e-06,0.00021307449836918438,0
2014-11-11,0.9998935917548532,3.739173577795849e-05,2.7463450973958933e-06,6.627016568133356e-05,0
2014-11-12,0.9999401952103127,1.3383965735911471e-05,5.50741635993941e-06,4.0913407630288295e-05,0
2014-11-13,0.9999443076387319,1.0431538802068343e-05,7.643146374518173e-06,3.7617677089567745e-05,0
2014-11-14,0.9999421616331858,7.41477738458562e-06,1.2060646481361763e-05,3.836294413364391e-05,0
2014-11-17,0.9999346411719091,5.581907148471066e-06,1.9971741871890707e-05,3.9805179845261055e-05,0
2014-11-18,0.9997790108899913,8.541196420616531e-05,1.431556613717189e-06,0.00013414559078739666,0
2014-11-19,0.999895695820131,2.694365920358997e-05,3.4551554606421227e-06,7.39053635997046e-05,0
2014-11-20,0.9998860256000269,2.5291714840082356e-05,4.689528516430174e-06,8.399315784186006e-05,0
2014-11-21,0.9996008952611527,0.00020704421260670468,1.0408953923383313e-06,0.00019101962949522278,0
2014-11-24,0.9996605759979161,0.00016977401405730112,1.3170795419058703e-06,0.00016833290877101549,0
2014-12-01,0.9998240758800886,8.122315013386866e-06,1.666760831248146e-05,0.00015113419662415522,0
2014-12-02,0.9998512293102952,2.129481796189886e-06,5.004718090456247e-05,9.659402579300597e-05,0
2014-12-03,0.9993770926024543,2.0001619194830192e-06,0.0003978840999116015,0.00022302313502061197,0
2014-12-04,0.9899521663399533,1.393665227959903e-06,0.009847133117463365,0.00019930687912100178,0
2014-12-05,0.9554418841851153,2.734178973505603e-06,0.04396179697449441,0.0005935846626940842,0
2014-12-08,0.7468541332686188,5.65077809209164e-07,0.243204472346817,0.009940829307032235,0
2014-12-09,0.3321587773254578,3.7305910614642507e-06,0.6585805873408512,0.009256904742555444,2
2014-12-10,0.1459948007456521,1.3571624832031505e-06,0.7832636037957003,0.07074023829708465,2
2014-12-11,0.1035391927903107,6.0881170536659205e-06,0.765757947179894,0.13069677191186663,2
2014-12-12,0.0048014914542897575,1.731899898518883e-07,0.007056109485534771,0.9881422258715379,3
2014-12-15,2.2009602793813658e-12,8.672943861053736e-18,2.6120662522524746e-13,0.999999999996362,3
2014-12-16,7.90115677481532e-12,2.4198957647898653e-17,3.2099480053361836e-11,0.9999999999599822,3
2014-12-17,0.000152332027815651,1.6636026814647464e-07,0.5430299929983065,0.45681750861526665,2
2014-12-18,1.0173176078469804e-05,6.03875274261291e-11,0.5955730661094062,0.40441676065393045,2
2014-12-19,3.414764153990942e-05,1.4352036382359026e-10,0.978547511180803,0.021418341035704558,2
2014-12-22,2.671935204609727e-06,7.006967371672552e-12,0.9997312325715391,0.00026609548719357297,2
2014-12-23,5.561790649190958e-07,8.530042075955366e-14,0.999979180773416,2.0263046591547076e-05,2
2014-12-24,2.7807287884616396e-07,1.9206900692082034e-15,0.9999657185418054,3.400338571311243e-05,2
2014-12-25,1.7769079845098295e-07,1.0342111077679384e-14,0.999978493853881,2.13284541371372e-05,2
2014-12-31,1.0009866997242093e-07,2.2474712245941093e-13,0.9998920215641672,0.00010787833595588147,2
2015-01-01,5.566111700106149e-06,5.98222972670399e-11,0.9919604665669622,0.008033967261905252,2
2015-01-07,1.4969709578294034e-07,1.3734767541710622e-15,0.001161984404091845,0.9988378658995949,3
2015-01-08,0.00011010806144862486,1.0544900385310343e-09,0.9655867960275344,0.03430309485801899,2
2015-01-09,7.769605972220118e-05,9.579258982523698e-10,0.9990137273579398,0.0009085756230672178,2
2015-01-12,3.152317980406485e-05,7.392184751933687e-12,0.9997718452447483,0.0001966315673434555,2
2015-01-13,7.841793762234299e-05,3.985669714293419e-11,0.9998743570970408,4.722492441106146e-05,2
2015-01-14,0.0015602249895094655,2.3433250796939575e-10,0.9982219861232963,0.00021778865293980735,2
2015-01-15,0.09943094685139986,5.336413392312667e-09,0.8921767786212915,0.008392269190436043,2
2015-01-16,0.8456790014226658,7.035664126527331e-07,0.15084363544282905,0.0034766595666397117,0
2015-01-19,0.988555432901961,1.5735922200767268e-06,0.007749538664191596,0.0036934548418483806,0
2015-01-20,0.9994986351344114,5.308692508460189e-06,0.0004006454422972047,9.541073220460516e-05,0
2015-01-21,0.9996476281675948,3.738884366717457e-06,7.667392423305058e-05,0.00027195902496642997,0
2015-01-22,0.9938277213070552,2.1094294343822146e-06,2.7910182714814824e-05,0.006142259082283033,0
2015-01-23,0.9910546742681834,3.3222184827947033e-06,6.166072379076746e-05,0.008880342788909167,0
2015-01-26,0.9722929820987712,4.54422036494851e-06,1.4441728703572342e-05,0.027688031952791438,0
2015-01-27,0.9989792446317638,6.8577654659457294e-06,5.908924432913181e-05,0.0009548083575256535,0
2015-01-29,0.9997994934062532,5.148424132069343e-06,2.3925864913562878e-05,0.00017143230638051005,0
2015-01-30,0.999194029524917,1.262312797358199e-05,6.050780640252338e-05,0.0007328395404886063,0
2015-02-04,0.9700002565380853,2.038576960744915e-07,0.0006516424457691667,0.02934789715794885,0
2015-02-05,0.9789317295874139,1.4202608957550635e-06,0.0182044612555484,0.0028623888948165633,0
2015-02-06,0.9690319715572085,1.1471613508669609e-06,0.03001550691430666,0.0009513743665401423,0
2015-02-09,0.9268499855560892,2.920478980301346e-07,0.06719804781386604,0.005951674580836432,0
2015-02-10,0.7995375711380402,8.638918000083663e-07,0.19941303832956903,0.0010485266390703196,0
2015-02-11,0.6508986076178989,3.8253464804385576e-07,0.3454793413375653,0.0036216685113953633,0
2015-02-12,0.44792769160178214,1.5239128061887069e-06,0.5487916854013419,0.0032790990837843,0
2015-02-13,0.20324809836827482,1.3538117332011451e-08,0.7743942788340573,0.02235760925942484,2
2015-02-18,0.06107341755861024,3.4430505061744636e-08,0.9377370687977946,0.0011894792130314681,2
2015-02-19,0.033446977534210345,6.865722077837237e-08,0.9661575447320963,0.00039540907718517556,2
2015-02-20,0.02231493161131743,6.505175365093788e-09,0.9750721679691489,0.002612893915185005,2
2015-02-23,0.012284272672655645,1.1149632057463702e-08,0.987616611961279,9.910421776848902e-05,2
2015-02-24,0.01736022970775803,1.1046827464765406e-08,0.9825269098310339,0.0001128494146911715,2
2015-02-25,0.04168315884907224,1.4992742081531088e-08,0.9577516299304084,0.0005651962279998766,2
2015-02-26,0.09005038397377325,3.872458789022754e-08,0.9055439181377184,0.004405659162741625,2
2015-02-27,0.17971949407318438,7.548424175377883e-08,0.8109619120810612,0.009318518362597832,2
2015-03-04,0.40760424867073136,5.197321262481126e-07,0.5903687604007277,0.00202647119748454,2
2015-03-05,0.6798605924341533,3.693012943890381e-07,0.3143198472157186,0.005819191048893273,0
2015-03-06,0.8788294322193044,4.6416502164732235e-06,0.10790056489374916,0.013265361235849248,0
2015-03-09,0.8914203529905205,8.432767855821624e-08,0.013506256503416768,0.09507330617666586,0
2015-03-10,0.9921594629963437,1.030592144365058e-05,0.004132034930044752,0.0036981961537890487,0
2015-03-11,0.9968669631388852,1.4637080459166204e-06,0.0007835922268887337,0.002347980924812441,0
2015-03-12,0.9988539816934326,1.3626227342179528e-06,0.0002822915816190379,0.0008623641024533831,0
2015-03-13,0.9998044159261763,1.4182738528504084e-06,8.220276532756495e-05,0.00011196303296943449,0
2015-03-16,0.9996421331409767,1.4214560255826258e-06,3.0570266080022165e-05,0.0003258751378322205,0
2015-03-17,0.9992899094630813,2.6694725750900416e-05,2.8184458487649983e-05,0.0006552113535159761,0
2015-03-18,0.9760416599221418,0.0008474825734909517,0.0002877309802913235,0.02282312652376148,0
2015-03-19,0.020947803215655085,2.0000126263399946e-09,4.239700025201617e-08,0.9790521523859095,3
2015-03-20,0.07599657789675404,6.6397881585818735e-06,1.360872111423564e-05,0.9239831735940935,3
2015-03-23,0.30427739522494546,6.518850287968638e-06,1.9079463217314622e-05,0.6956970064597766,3
2015-03-24,0.9097609238705698,7.833201708652066e-05,0.00012865594589978453,0.09003208816813714,0
2015-03-25,0.9975062217196058,1.068347420070233e-05,0.0007342645348956864,0.0017488302704022156,0
2015-03-26,0.99964951721521,1.8703433818698633e-06,0.00027474620320173005,7.386623985008435e-05,0
2015-03-27,0.9997432323501932,1.1181827970947003e-06,0.0001608314612542839,9.481800595108628e-05,0
2015-03-30,0.9998375550137398,1.8234148490639262e-06,0.00011191455127651662,4.870702122440112e-05,0
2015-03-31,0.9996783445668875,8.965169574145035e-07,0.00012444464551263459,0.00019631427133548485,0
2015-04-01,0.9998507500889209,2.0744195750384595e-06,0.00010514384359966595,4.203164619395392e-05,0
2015-04-02,0.9998002223622138,1.7411870497731832e-06,0.00013326927851310596,6.476717059394496e-05,0
2015-04-03,0.9993125472328315,5.664555638721218e-07,0.0003170094028700569,0.00036987690995646103,0
2015-04-06,0.9992412863367732,5.38775359897962e-07,0.00013919274993381923,0.0006189821372759019,0
2015-04-07,0.9996467332605358,1.259407074925085e-06,0.00026778193093447575,8.422540127901899e-05,0
2015-04-08,0.9996575055324117,1.088195531775047e-06,0.00018275419846127037,0.00015865207438330386,0
2015-04-09,0.9998352844533467,1.974036903671899e-06,0.00010068738891115494,6.205412175286168e-05,0
2015-04-10,0.9994582224828403,6.61345362549394e-07,0.00010554707943783149,0.0004355690930795658,0
2015-04-13,0.9996856780692823,1.873655128206132e-06,0.0002520460760661447,6.040220084399107e-05,0
2015-04-14,0.9991354314695771,9.8598309958428e-07,0.0007329253025609911,0.00013065724572805762,0
2015-04-15,0.9989557123722784,4.421431909802764e-07,0.0007137685379413369,0.0003300769452043264,0
2015-04-16,0.999312209896897,6.376787371621988e-07,0.0004916447368828597,0.00019550768913400028,0
2015-04-17,0.9998087272720317,1.2922803669409465e-06,4.694078388427729e-05,0.00014303966449676528,0
2015-04-20,0.9998625192637166,3.1449438500333564e-06,3.505605016769844e-05,9.927974358702402e-05,0
2015-04-21,0.999893583988595,2.4136032161788005e-06,3.362779436382039e-05,7.037461503760326e-05,0
2015-04-22,0.9999134632609119,2.8637558500954027e-06,2.8244804273764076e-05,5.542817951094087e-05,0
2015-04-23,0.9998525844531347,2.603669656546181e-06,2.2802029008704015e-05,0.00012200984687305941,0
2015-04-24,0.9997850707944683,1.6576596671595584e-05,1.6665611706562466e-06,0.00019668604588248808,0
2015-04-27,0.9999273156759106,4.99262892179701e-06,1.0640978783285724e-05,5.705071759207275e-05,0
2015-04-28,0.9999408758938763,5.140505807631793e-06,1.267004866509658e-05,4.1313552693891083e-05,0
2015-04-29,0.9997496749373559,6.66756894393812e-06,4.219681991796537e-06,0.00023943781222142825,0
2015-04-30,0.9983874032453611,8.935933221587338e-06,1.7584917392497106e-06,0.001601902328464708,0
2015-05-01,0.9997143281627703,3.1233420763811724e-06,1.6101976860563936e-05,0.00026644651931385455,0
2015-05-04,0.9994371843120851,1.033581860640898e-06,1.977107014575556e-05,0.0005420110356371812,0
2015-05-05,0.9995937462967226,2.2349368161800493e-06,2.102984211863193e-05,0.0003829889226916047,0
2015-05-06,0.9981023570050319,2.0704160865871385e-06,9.2550111988583e-06,0.0018863175675054463,0
2015-05-07,0.9966692971583215,6.15579204896343e-07,2.4275190767166228e-05,0.0033058120731078587,0
2015-05-08,0.9996634206994799,2.1347412880368344e-06,9.329373990061712e-05,0.0002411508190704905,0
2015-05-11,0.9984424311673983,8.888160339912953e-07,5.221035456381126e-05,0.0015044696609565666,0
2015-05-12,0.9983936804085468,8.227289155197236e-07,3.9778546154811844e-05,0.0015657183162017035,0
2015-05-13,0.9979225640112389,1.0547227942904247e-06,4.080776373095712e-05,0.0020355735037202814,0
2015-05-14,0.9975062497928269,4.638815027150411e-07,0.00038476721975588493,0.002108519105270564,0
2015-05-15,0.9981297612511795,1.7123852604111329e-06,0.000812302639595862,0.0010562237237011225,0
2015-05-18,0.9867327457138537,1.3952370326395517e-06,0.0002525593016631953,0.013013299749076132,0
2015-05-19,0.9949918041943014,5.137022241273973e-07,0.00038012303484098015,0.004627559068970356,0
2015-05-20,0.997975593790994,6.028732164800376e-07,0.0005440783864273257,0.0014797249478510795,0
2015-05-21,0.999066927151092,9.203168560008395e-07,0.0007543941367171373,0.0001777583957861005,0
2015-05-22,0.9998068525672293,2.3910957260882534e-06,0.00013927403653260224,5.1482299757742336e-05,0
2015-05-25,0.999231360617923,1.8267388839076654e-06,8.593836892811588e-05,0.0006808742747289468,0
2015-05-27,0.996950065057848,7.284623390428887e-07,0.00013810670702830283,0.0029110997739567176,0
2015-05-28,0.9995083056695616,1.8420077318828344e-06,0.0002879418990506695,0.00020191042546286706,0
2015-05-29,0.9994129934377374,2.0950454220470214e-06,0.0005054714991668784,7.944001945032034e-05,0
2015-06-01,0.9963457076702545,1.3525302433460967e-05,0.0019245766933409726,0.0017161903357560382,0
2015-06-02,0.9129684322009776,5.152020478833853e-05,0.006185294030089741,0.08079475356535014,0
2015-06-03,0.00021823106333656588,4.818837742002601e-10,6.021719968327398e-07,0.9997811662821329,3
2015-06-04,4.844553628146194e-06,5.5034162164141704e-12,2.627722049098558e-05,0.9999688782195202,3
2015-06-05,0.004287050882373599,6.941046132240755e-07,0.9711506400201934,0.024561614993433463,2
2015-06-08,0.0006596434503298732,4.405674705689306e-09,0.9911458803382507,0.008194471805228781,2
2015-06-09,8.448960657889445e-05,2.696777065889704e-11,0.996541405309228,0.0033741050588914183,2
2015-06-10,3.602264247971691e-05,1.878401135972927e-09,0.9997990131257757,0.00016496235215666797,2
2015-06-11,1.8108965071842146e-05,1.3689440215542298e-12,0.9970288318789857,0.002953059153743856,2
2015-06-12,6.900695793329594e-05,1.3798429622026318e-10,0.9989159805811649,0.001015012324204259,2
2015-06-15,5.568032671904654e-05,2.905603975388176e-11,0.999828570866195,0.00011574877823293333,2
2015-06-16,5.980851561440721e-05,7.695970976059835e-12,0.9999073423134095,3.28491648369828e-05,2
2015-06-17,0.00020001748131336547,4.165887643213111e-11,0.9997516825209638,4.8299954264298324e-05,2
2015-06-18,0.0005761305610322063,6.376350868866461e-11,0.9989841429501832,0.00043972642476498483,2
2015-06-19,0.0013671301843850713,9.996871133010747e-09,0.9982244385906163,0.0004084212282322952,2
2015-06-22,0.0028373301713717474,6.540850833325837e-08,0.985338541366382,0.011824063052246354,2
2015-06-23,0.0019526557776912707,4.705020713954695e-10,0.9240214102181041,0.07402593353306819,2
2015-06-24,0.0004418534634766517,1.4496626231795692e-09,0.9935886831101679,0.005969461978055026,2
2015-06-25,0.00016900869405005322,3.3945146430608004e-09,0.999612564944004,0.00021842296652404072,2
2015-06-26,0.0003188105199981919,2.6781633251159596e-09,0.9986923072719663,0.0009888795299144546,2
2015-06-29,0.0013405790164193387,1.3723739341074096e-08,0.9649317960324932,0.03372761122799371,2
2015-06-30,0.0002524409892107195,6.037379286202969e-11,0.21750695944764023,0.7822405995014914,3
2015-07-01,0.013966910747834311,7.11983962059654e-06,0.8874110123515305,0.09861495706188643,2
2015-07-02,0.0015905383516176903,1.855792963801575e-09,0.9297106538629495,0.06869880592916427,2
2015-07-03,0.00022787436891782406,1.0578559403851576e-09,0.9913478971875636,0.008424227384429335,2
2015-07-06,7.250769929834649e-05,2.401640778222917e-09,0.9995894571658863,0.000338032732146324,2
2015-07-07,3.524680182651556e-05,4.791858996660477e-10,0.999174617190046,0.000790135528974301,2
2015-07-08,5.204450373589387e-05,1.1478241101559666e-11,0.992434781710776,0.007513173773234751,2
2015-07-09,1.3362655264550465e-05,1.3217251351804256e-09,0.9996771666634547,0.00030946935811081025,2
2015-07-10,1.861595707962077e-05,7.703321143663074e-11,0.9971282596196899,0.002853124345927906,2
2015-07-13,9.61823063198727e-06,6.091352590691556e-12,0.9885262065139605,0.011464175250269933,2
2015-07-14,4.244045714937019e-06,6.2750277787527566e-12,0.9978044099216907,0.0021913460261663103,2
2015-07-15,3.632582320803727e-06,3.980482529053712e-12,0.9999269599438845,6.940746942265967e-05,2
2015-07-16,3.8112433526816148e-06,1.366924644338456e-13,0.9999360738499506,6.011490684040124e-05,2
2015-07-17,3.592512117909817e-06,1.2138708608293256e-13,0.9999435948058264,5.281268190486875e-05,2
2015-07-20,3.1296810271724874e-06,6.414575878774696e-14,0.9999455300232265,5.134029555975907e-05,2
2015-07-21,1.932767295293813e-06,5.927025792789346e-14,0.9999692726224335,2.879460995041441e-05,2
2015-07-22,1.4517353016097577e-06,9.965474768163306e-15,0.9999572979127068,4.125035359268253e-05,2
2015-07-23,1.803145494046495e-06,2.9951212265317826e-14,0.999966455927826,3.174092657460931e-05,2
2015-07-24,1.3520196405308167e-06,6.533968583299152e-14,0.999971585690097,2.7062289623569952e-05,2
2015-07-30,5.2239145348402496e-05,2.0558145159297797e-12,0.9998552217370198,9.253911629348433e-05,2
2015-07-31,1.3285681878521933e-05,3.117923602850707e-12,0.9997842855639753,0.00020242875139295862,2
2015-08-03,1.1163993841388177e-05,7.568366583079903e-13,0.9998192252095798,0.00016961079591031224,2
2015-08-04,1.4039136257711778e-05,1.4380610064686155e-11,0.9999442737746739,4.168707346992933e-05,2
2015-08-05,6.765395734057477e-05,5.841658996891305e-11,0.9993003083333865,0.0006320376506204663,2
2015-08-06,5.748354794228928e-05,9.712440567632411e-12,0.9955120173597934,0.004430499080759196,2
2015-08-07,0.003831226303393322,2.7567647653845503e-08,0.9958071413481939,0.0003616047794090804,2
2015-08-10,0.03605042093432188,7.419355647292832e-09,0.9622821117809551,0.0016674598657772039,2
2015-08-11,0.16099222823291195,7.41372928702319e-08,0.8351754014364178,0.0038322961944611982,2
2015-08-12,0.36461414721066654,3.923939943734373e-07,0.6128509758849882,0.022534484511692127,0
2015-08-13,0.5459344926252137,2.209653498092169e-07,0.418173999499625,0.03589128690889203,0
2015-08-14,0.7053830269624183,2.170381319332302e-06,0.29106087814152465,0.003553924514413004,0
2015-08-19,0.8152442672062646,6.1304542661355e-07,0.17973635449199296,0.0050187652565099015,0
2015-08-20,0.8769984188412437,3.3994554504546473e-06,0.1197136043620635,0.0032845773414975107,0
2015-08-21,0.876578323997807,8.584667494505323e-06,0.07922866058060486,0.044184430753013176,0
2015-08-24,0.8029689707414776,4.011290997130539e-05,0.06566950620180904,0.13132141014587023,0
2015-08-25,0.18229035099221214,1.9277578626841496e-06,0.004390269947733609,0.8133174513023287,3
2015-08-26,0.013499500895686608,3.7487309673047835e-09,0.0023387434595016393,0.9841617518968767,3
2015-08-27,0.05509585738737262,1.3670090975722297e-06,0.8444884425694619,0.10041433303401259,2
2015-08-28,0.03590205469201525,1.0921670795602878e-07,0.9584374551011696,0.00566038098954823,2
2015-08-31,0.024515523582807938,4.40998942800754e-08,0.9751003611316661,0.0003840711869511044,2
2015-09-01,0.016698789898314834,6.1478098331970745e-09,0.9827797183593076,0.0005214855957491825,2
2015-09-02,0.0038644363023346063,1.5303428126915585e-09,0.9960217272204172,0.00011383494567105124,2
2015-09-03,0.00033011518321684146,1.9930857095078818e-11,0.9995351479266534,0.0001347368691068918,2
2015-09-04,1.8134896702308085e-05,1.5704553767126525e-12,0.9999505068942275,3.135820790536997e-05,2
2015-09-09,6.658880502565295e-06,2.131459562355236e-13,0.9999566370040729,3.67041143087544e-05,2
2015-09-10,0.00016307027912726253,1.2369851905720736e-11,0.999777819534078,5.911017331090756e-05,2
2015-09-14,0.01449812441748393,1.2597030322639083e-09,0.9852875359051735,0.00021433841924908416,2
2015-09-15,0.07029200033938308,1.884476067485402e-08,0.9289623271177552,0.0007456536970783033,2
2015-09-16,0.3107201629750952,4.169926022427708e-08,0.6769425354810108,0.012337259844438035,2
2015-09-17,0.5769067779481759,1.3912479300422114e-06,0.4055349743399006,0.017556856462284824,0
2015-09-18,0.7413306585751555,8.447806198599059e-07,0.09582331125143703,0.16284518539308626,0
2015-09-21,0.7854030334736279,1.6450501973990366e-06,0.014055129360721279,0.20054019211709367,0
2015-09-22,0.9862944563440291,1.36458179827091e-05,0.0038044056061104174,0.009887492233622435,0
2015-09-23,0.9980189682202159,3.2275542019351464e-06,0.0008960446228942541,0.0010817596012166306,0
2015-09-24,0.9993309264802276,1.7370182945267574e-06,0.0005673712263943112,9.996527373384135e-05,0
2015-09-25,0.9988644973578996,8.099646671131252e-07,0.0009838444916919957,0.0001508481856520517,0
2015-09-28,0.997103562385347,1.0475657342242292e-06,0.0027331720355821603,0.0001622180143461648,0
2015-09-29,0.9915219371285829,1.9895051744404873e-06,0.008128894184997201,0.00034717918232055793,0
2015-09-30,0.9732593065116905,6.126867580652098e-07,0.02261567680240394,0.004124403999140692,0
2015-10-01,0.9699231215470887,1.0914575751240423e-06,0.02974083735667118,0.0003349496374512702,0
2015-10-02,0.963792790084471,7.805274549251723e-07,0.03576231694227947,0.0004441124452038759,0
2015-10-05,0.9704029822648575,6.309250404387846e-07,0.029234339687426045,0.00036204712205631205,0
2015-10-06,0.9930600229471487,1.1628519843524623e-06,0.006601375927633795,0.0003374382746249679,0
2015-10-07,0.9981919253465855,5.763381360836475e-07,0.0014262949685786724,0.00038120334780545137,0
2015-10-08,0.9996271551702677,1.9624949267572647e-06,0.00032147727728179315,4.9405057676704936e-05,0
2015-10-09,0.9996515499710259,1.5910478871078786e-06,0.00028112161718710346,6.573736458761002e-05,0
2015-10-14,0.9982767392394227,3.2412089313432257e-06,0.001545962653008364,0.0001740568973756168,0
2015-10-15,0.9824588602501259,4.0511028492411144e-07,0.011448358701684508,0.006092375936826267,0
2015-10-16,0.7712074346298802,7.012704604609963e-07,0.22762496153871156,0.0011669025613037193,0
2015-10-19,0.5137363460471914,4.145091587087282e-07,0.48445389933157207,0.0018093401134009366,2
2015-10-20,0.26631326362191027,9.577976400508947e-08,0.7301526505926087,0.0035339900039750437,2
2015-10-21,0.09638682718531537,4.3556279575178036e-08,0.9029875212300721,0.000625608029644052,2
2015-10-22,0.026653511320137605,1.9768013924187143e-08,0.9728722475550884,0.00047422135630828766,2
2015-10-23,0.0073895683519539955,1.357953246522977e-09,0.9922053993857911,0.0004050309031346106,2
2015-10-26,0.00013801165939382812,1.1789320283543055e-11,0.9997383801188153,0.00012360820953589448,2
2015-10-27,3.7228707405802315e-05,3.864916312802737e-12,0.9999280739359351,3.4697353360267665e-05,2
2015-10-28,6.79591505195817e-05,3.753962201469374e-12,0.9998761112897918,5.592955554031534e-05,2
2015-10-29,7.091897530098287e-06,1.4168670457831899e-12,0.9999037496139316,8.915848872967406e-05,2
2015-10-30,3.789968178997952e-07,6.173995387436907e-15,0.999701508520441,0.0002981124820194741,2
2015-11-02,1.092037337517485e-07,1.0619740952468395e-14,0.9999629028285133,3.6987969503783885e-05,2
2015-11-03,6.920620561495924e-08,1.6968829506485124e-15,0.9999785851215347,2.1345671883198264e-05,2
2015-11-04,5.433759093775529e-08,5.4136980738488775e-15,0.999969738869769,3.020679410338065e-05,2
2015-11-05,1.0259249536004612e-07,6.467448400572701e-16,0.9997903621588731,0.00020953524728913723,2
2015-11-06,3.191680269589794e-07,4.784166199584583e-14,0.9999807220559099,1.8958774818046444e-05,2
2015-11-10,8.979608879032088e-07,3.907479949317544e-14,0.9999587926809316,4.030935735717999e-05,2
2015-11-11,0.0006639924930249439,6.400746139280983e-11,0.9992794810110225,5.6526433606473e-05,2
2015-11-12,0.02070483144480371,1.298193679955604e-09,0.9784722806398851,0.00082288661598226,2
2015-11-13,0.5005789185328193,6.156227294538132e-08,0.497277758072304,0.002143261834320818,0
2015-11-17,0.8062304606745105,8.044364963011127e-07,0.1920564103324765,0.0017123245578209772,0
2015-11-18,0.9504910998639983,1.0112304353021016e-06,0.0483752049952572,0.0011326839120597665,0
2015-11-19,0.9930452942831638,2.146334576319217e-06,0.00680565421695256,0.00014690516399856778,0
2015-11-20,0.9993638414483186,1.0185647996157273e-06,0.00038378638779128384,0.00025135359816356724,0
2015-11-23,0.9998835101911913,2.807080390477356e-06,6.414391412778956e-05,4.953881468784243e-05,0
2015-11-24,0.9998505327812527,1.5990577999022434e-06,8.820236374685926e-05,5.9665798805386765e-05,0
2015-11-25,0.9998513681040108,1.6559578312183659e-06,7.582480841919232e-05,7.115112907847462e-05,0
2015-11-26,0.9998914888980431,2.4385857664900798e-06,6.651882751750603e-05,3.9553687149759225e-05,0
2015-11-27,0.9998945231060768,2.34602094739943e-06,6.521575257318356e-05,3.79151221733899e-05,0
2015-11-30,0.9999233106222369,4.072574970242404e-06,2.4393815963820015e-05,4.8222986141740797e-05,0
2015-12-01,0.999920494118935,2.5272081499177874e-05,5.510652864202916e-06,4.872314745172105e-05,0
2015-12-02,0.9991887623452211,0.00013023403889045288,1.289005879677543e-05,0.0006681135553817529,0
2015-12-03,0.9745866721191364,0.0027356587971913305,7.134248498390191e-05,0.022606326597968695,0
2015-12-04,0.21075931648830767,1.0577817086385786e-06,3.698808592195468e-08,0.7892395887412302,3
2015-12-07,0.8758188381299234,0.008667572222833375,4.026960634948689e-05,0.11547332004097269,0
2015-12-08,0.9488789721712843,0.009048473540095425,5.530282619226237e-06,0.04206702400742368,0
2015-12-09,0.9802864851699844,0.010528588552476757,1.202343143777441e-05,0.00917290284595696,0
2015-12-10,0.9610885490527933,0.01738270437264227,3.4319390255234254e-06,0.021525314636069548,0
2015-12-11,0.0679729424923726,0.9249054880623734,1.764442203544688e-08,0.007121551800117355,1
2015-12-14,0.03425290729205585,0.9643850768881321,1.6635948823459316e-08,0.0013619991847876312,1
2015-12-15,0.03501000096618141,0.9611867538896688,1.321979100133231e-07,0.0038031129473209404,1
2015-12-16,0.033335159011279675,0.9343289114129039,4.5979742318744103e-07,0.032335469777930725,1
2015-12-17,0.018169599691934907,0.8394077662593483,4.015041089761446e-08,0.14242259389736628,1
2015-12-18,0.013513970197333802,0.8680188450938455,5.711673428007668e-08,0.11846712759259136,1
2015-12-21,0.008674455889738477,0.9742332599660407,1.719961083400075e-08,0.017092266946044075,1
2015-12-22,0.0018797085119957307,0.9974069590248201,9.94289178324162e-10,0.0007133314673440954,1
2015-12-23,0.0004569772750100703,0.9993546916061479,5.418435595659508e-11,0.0001883310649199373,1
2015-12-24,6.299287036643872e-05,0.999863582019145,7.069193293474852e-12,7.342510214890771e-05,1
2015-12-25,2.7260664913346695e-05,0.9998591317765204,2.091681907274929e-12,0.00011360755799007584,1
2015-12-29,3.7434833459218644e-06,0.9997818621299822,8.444947546102393e-14,0.00021439438558073194,1
2015-12-30,4.6281204898420176e-06,0.999924607684961,3.3831670925503194e-13,7.076419536778574e-05,1
2015-12-31,6.577046328422936e-06,0.9998625900163164,6.754211916855131e-14,0.0001308329390987567,1
2016-01-01,2.926237354184895e-06,0.9999457872325401,5.440343040106096e-14,5.128652980972542e-05,1
2016-01-04,4.069123200732895e-06,0.9999472957380312,1.2597621402928176e-13,4.863513751547633e-05,1
2016-01-05,6.371580344331489e-06,0.9997801401133943,9.949580734348426e-14,0.00021348830729584623,1
2016-01-06,4.215586128438352e-06,0.9999014456990168,5.859915643256212e-13,9.43387126067584e-05,1
2016-01-07,0.00014008923149596807,0.9996844365126677,1.6256992247399788e-11,0.00017547424067073592,1
2016-01-08,0.0036868036797395756,0.9953458532870009,1.1340957329747219e-09,0.0009673418975659318,1
2016-01-11,0.005112338328603418,0.994243442995484,1.2795465593560555e-08,0.0006442058822124896,1
2016-01-12,0.004052743571879399,0.9953279922629905,2.5133461145743217e-09,0.0006192616500349799,1
2016-01-13,0.0015702243161899434,0.9982141557677471,6.110627857386292e-10,0.00021561930472532555,1
2016-01-14,0.0005056792614123087,0.9993329941075442,4.6121721951261714e-11,0.00016132658573659282,1
2016-01-15,9.126710953835758e-06,0.9999303829977453,6.931405999783756e-13,6.0490292202343456e-05,1
2016-01-18,2.191147268989289e-07,0.9998444112296014,7.519088960899774e-16,0.00015536965419168177,1
2016-01-19,8.303223978134027e-08,0.9999691413791135,7.15839118663259e-16,3.077558701753218e-05,1
2016-01-20,6.423079720895804e-08,0.9999617548820809,1.1098066319335596e-15,3.818088660377461e-05,1
2016-01-21,1.2974983408397918e-09,0.9995445509599362,1.7182724938016303e-18,0.0004554477431145053,1
2016-01-22,5.029258114121108e-10,0.9999558678307608,2.5729987788975086e-17,4.4131667711270973e-05,1
2016-01-25,8.215748101700211e-13,0.9998660196228284,3.1881119493315474e-21,0.0001339803779596312,1
2016-01-26,2.764440184934642e-14,0.9999209353380376,1.0404161347767086e-21,7.906466271611704e-05,1
2016-01-27,2.5555890842790932e-14,0.9998708135496976,1.4464266370453765e-21,0.0001291864520047098,1
2016-01-28,8.407384995973433e-14,0.9994867887611888,1.2437728029930162e-19,0.0005132112392169959,1
2016-01-29,1.1630015401286582e-17,0.9880166528622469,9.031936072684434e-23,0.01198334713903967,1
2016-02-01,1.078043157334318e-18,0.9085449440403682,8.090205589258159e-23,0.09145505596067889,1
2016-02-02,1.1497007563112465e-16,0.9084308252314889,4.520921209808805e-20,0.09156917476809733,1
2016-02-03,2.5021041200794732e-15,0.7984130184417352,5.441720508733272e-19,0.20158698155667834,1
2016-02-04,8.039699373829068e-17,0.0032486806770872646,1.2703943109685129e-23,0.9967513193214773,3
2016-02-05,2.3440545345114228e-14,0.5808747847155121,1.3173629419554362e-18,0.41912521528290897,1
2016-02-10,2.7300082738424845e-12,0.8025993419525421,3.4187416070152613e-16,0.1974006580438344,1
2016-02-11,1.0646876663462562e-12,0.8134255395180326,1.311231895626336e-16,0.1865744604804279,1
2016-02-12,7.220034506915035e-14,0.7200841554376838,3.274120643020817e-19,0.2799158445634685,1
2016-02-17,4.239072799469176e-12,0.9258149628319532,5.658064975042879e-18,0.07418503716280075,1
2016-02-18,8.46413755354216e-13,0.9962057722907433,3.961427631290329e-19,0.003794227709823147,1
2016-02-19,6.0493572980398534e-12,0.9998666531758169,5.924041090348356e-18,0.00013334681739473892,1
2016-02-22,6.606169503147682e-12,0.9997703358255048,2.5197957248369713e-19,0.00022966416688872623,1
2016-02-23,3.081504108439753e-14,0.9997079210341963,9.322459529783394e-22,0.0002920789653645986,1
2016-02-24,2.7993005773023156e-15,0.9999211992707553,3.8214130988987397e-22,7.880073104650849e-05,1
2016-02-25,2.97869743910312e-15,0.9998587136753153,3.5942324306989305e-23,0.00014128632389181188,1
2016-02-26,1.8629377218873424e-13,0.9999529319374857,2.1254690400490667e-20,4.706806191969978e-05,1
2016-02-29,1.745372281239397e-12,0.9994910662340333,6.061440060240948e-21,0.0005089337643907422,1
2016-03-01,1.3168840947326628e-13,0.9999497234327306,4.314600376421766e-21,5.027656536172364e-05,1
2016-03-02,1.186711740375402e-10,0.9999630172314331,5.527641018629369e-19,3.698265016345234e-05,1
2016-03-03,7.283408765424118e-11,0.9999019773264476,1.3527958683564785e-19,9.802260199863791e-05,1
2016-03-04,2.2611786391098505e-10,0.999916558346643,1.1496274053956396e-18,8.344142605843622e-05,1
2016-03-07,4.4939401014233303e-10,0.9999102068148616,6.821456167033116e-19,8.979273417050942e-05,1
2016-03-08,1.0214598198931323e-09,0.9999649846814066,1.4590730240034382e-17,3.501429813383039e-05,1
2016-03-09,2.2011385675867343e-08,0.9998211644710567,5.400019796629944e-17,0.00017881351891665538,1
2016-03-10,2.5932491521158148e-08,0.9999436960668976,4.733954932776511e-16,5.627799907117915e-05,1
2016-03-11,8.916580002538151e-08,0.9998823138655369,2.375534015435357e-16,0.00011759696957091961,1
2016-03-14,9.88825516681241e-08,0.9999354668157813,1.6165005352345858e-14,6.443430175665895e-05,1
2016-03-15,4.826376229674623e-05,0.9983383807225948,1.4798735221781614e-11,0.0016133555015457135,1
2016-03-16,0.0016800706766353737,0.9668589005836603,2.5841531797982714e-09,0.03146102615537324,1
2016-03-17,0.02688392628413724,0.20708551862773025,1.2594369051584904e-09,0.7660305538278381,3
2016-03-18,0.18323360562190377,0.11291693997757767,9.343624902167162e-07,0.70384852003795,3
2016-03-21,0.7580330354851275,0.1679141280008474,1.756414951936905e-05,0.07403527236327649,0
2016-03-22,0.8494854186406835,0.13886095941279925,2.0108007247164323e-06,0.011651611144036397,0
2016-03-23,0.9310374075160965,0.06776351694612179,2.022735816197998e-06,0.0011970528006488759,0
2016-03-24,0.964449057360667,0.03428202847972559,1.592154467822999e-06,0.0012673220048204784,0
2016-03-25,0.972833585782135,0.02672192859707694,8.429779922089807e-07,0.0004436426425968108,0
2016-03-28,0.9837779222949481,0.01590257308120635,8.824575524589485e-07,0.000318622167403288,0
2016-03-29,0.9953935662164528,0.004187067132666292,1.239950751644672e-06,0.00041812669933738824,0
2016-03-30,0.9984237674419074,0.0006487765274892791,7.19446625379679e-07,0.0009267365828759883,0
2016-03-31,0.9993276774646221,0.0003453949611138865,7.609891674111793e-07,0.0003261665845424978,0
2016-04-01,0.9998487408477684,9.094389037328305e-05,3.347357420974667e-06,5.6967905089262996e-05,0
2016-04-04,0.9997316040476201,0.00017168880650839213,1.3890288209500765e-06,9.531811659945975e-05,0
2016-04-05,0.9996586396809155,0.00023974970237614158,1.9437997382709777e-06,9.966681810049671e-05,0
2016-04-06,0.9990509763600034,0.0005513366724673351,8.35814478773489e-07,0.000396851153550868,0
2016-04-07,0.9994450116083756,0.00033266200560643346,9.443038102437567e-07,0.00022138208312234218,0
2016-04-08,0.9997017915253021,0.0001850199159509801,1.583824692034522e-06,0.00011160473522336011,0
2016-04-11,0.9998485488934085,3.776007875530541e-05,1.936496767523376e-06,0.00011175453202201726,0
2016-04-12,0.9999210599908087,6.918299115226532e-06,6.544637435892119e-06,6.547707120981702e-05,0
2016-04-13,0.9999186813216351,5.456391251626946e-06,9.513953743783865e-06,6.634833484683931e-05,0
2016-04-14,0.9998654181347082,5.540416049564388e-06,1.0318970914758075e-05,0.0001187224784459758,0
2016-04-15,0.9999328177813429,1.5673623859186205e-05,4.9242666449837256e-06,4.658432971449774e-05,0
2016-04-18,0.9998898310632134,2.1611153112423175e-05,3.249311494382726e-06,8.530847272026997e-05,0
2016-04-19,0.9999334373822842,8.878236725193412e-06,6.888402985151357e-06,5.079597825994653e-05,0
2016-04-20,0.9998449986464758,1.892617790367943e-05,1.8568013957952945e-06,0.00013421837588861743,0
2016-04-21,0.9999009267962579,1.843601230000136e-05,4.300610562036211e-06,7.633658262172426e-05,0
2016-04-22,0.9997867835665041,1.3464377362906108e-05,3.4567876294411813e-06,0.00019629526826420664,0
2016-04-25,0.9997519813140294,2.7755558899859398e-05,2.122356818015046e-06,0.00021814077130270952,0
2016-04-26,0.9998767148359119,2.8492748243532042e-05,2.4744897963570176e-06,9.231792454813718e-05,0
2016-04-27,0.9998899643549934,2.9652421384434633e-05,2.0614917150980756e-06,7.832173033686264e-05,0
2016-04-28,0.9999203362250318,8.00574446327516e-06,1.0771466832508938e-05,6.088656303117423e-05,0
2016-04-29,0.998921938083554,3.5873147699955e-07,2.4148239139938158e-05,0.0010535549466869137,0
2016-05-02,0.9998451765415429,2.1035536438660486e-06,1.6279792602882437e-05,0.00013644011345934458,0
2016-05-03,0.999931265674049,3.8657620737078615e-06,1.796519699448255e-05,4.6903368295845374e-05,0
2016-05-04,0.9995988313779126,4.099295208943616e-06,1.1044283649181298e-05,0.0003860250428324906,0
2016-05-05,0.9999138650882698,4.6223213841945654e-06,1.6323755125362517e-05,6.51888367750339e-05,0
2016-05-06,0.9999054502431481,1.3011738172802417e-05,6.579483769835948e-06,7.495853333161988e-05,0
2016-05-09,0.9998628287331734,2.7910806981223044e-05,2.471450017633715e-06,0.0001067890085053335,0
2016-05-10,0.9998577796657249,1.3343038925446829e-05,4.369471841174233e-06,0.00012450782392927934,0
2016-05-11,0.9999295056223823,2.0072386647897324e-05,4.095568175512369e-06,4.6326422057841946e-05,0
2016-05-12,0.9999002616288571,1.640791010552762e-05,3.3042884604493217e-06,8.002617139390896e-05,0
2016-05-13,0.9998603920138999,4.440792078947986e-05,2.113819896223857e-06,9.308624568313147e-05,0
2016-05-16,0.9998353823134116,1.6498411628884322e-05,5.674975620270978e-06,0.00014244429808071498,0
2016-05-17,0.9999077988812013,1.7868176092490862e-05,3.913768294409536e-06,7.041917487560868e-05,0
2016-05-18,0.9999296575591432,8.439558513966741e-06,1.7294656328885426e-05,4.4608227419511314e-05,0
2016-05-19,0.9992027185493291,9.745354775338745e-07,0.0003211923810662032,0.0004751145325916132,0
2016-05-20,0.9933735045344134,1.4938256447641493e-06,0.006503586770138917,0.00012141487080609784,0
2016-05-23,0.9672765407407578,1.3611134193307262e-06,0.032426521490570515,0.00029557665604473127,0
2016-05-24,0.8826457420602002,1.0733799234566146e-06,0.11652195688567143,0.0008312276758763144,0
2016-05-25,0.46114277548550414,2.033469262692455e-07,0.536950421415919,0.001906599750436478,2
2016-05-26,0.17034072719265791,5.0143633367374224e-08,0.8286188538162174,0.0010403688489190785,2
2016-05-27,0.043039160711262923,2.1517122046938416e-08,0.9565904982685697,0.000370319501844344,2
2016-05-30,0.01776621610232124,1.6034001192962519e-09,0.9819094292950502,0.00032435299766758594,2
2016-06-01,0.0003120871687433908,3.284842274654696e-10,0.9996416324725206,4.628002933171404e-05,2
2016-06-02,0.0008220692127708077,2.9490244921068367e-10,0.9988009033925938,0.00037702709959908993,2
2016-06-03,0.013551157714512452,1.8520150740032223e-08,0.9764909328095107,0.009957890956169477,2
2016-06-06,0.21004102751237932,6.011519818636704e-10,0.11865359029581996,0.6713053815909045,3
2016-06-07,0.9224320826848118,4.13110887568021e-05,0.05706178671357879,0.02046481951278355,0
2016-06-09,0.9935729030886332,3.002033551711334e-06,0.004929269266334269,0.001494825612197505,0
2016-06-15,0.9996195133648024,3.48799235494335e-06,0.00027105801787861153,0.0001059406237855977,0
2016-06-16,0.9999264647493997,3.7172442390930968e-06,2.737136491410175e-05,4.244664052827076e-05,0
2016-06-17,0.9998155285996518,3.4143929710179227e-06,1.612563458803633e-05,0.00016493137362187822,0
2016-06-20,0.9997300265609077,2.0979235796589945e-06,1.784405280314944e-05,0.00025003146423180405,0
2016-06-21,0.9995394051631624,2.051309433836303e-06,1.3787581871335843e-05,0.0004447559467374323,0
2016-06-22,0.9996995807653959,2.462831961746306e-06,0.0001663156715257806,0.00013164072988639777,0
2016-06-23,0.9961037946620852,1.0662996042050168e-05,0.0005105849463555042,0.003374957394820078,0
2016-06-24,0.9065156452258107,9.773972405443354e-05,0.0013488398325303824,0.09203777521596272,0
2016-06-27,0.0495965801544429,1.1887014524679131e-08,5.898469913021433e-07,0.9504028181113531,3
2016-06-28,0.19189358510233334,1.9019667496433332e-05,0.00020738753612015848,0.8078800076951769,3
2016-06-29,0.9439837053586941,6.330947936055509e-05,0.011109947640896355,0.04484303752170336,0
2016-06-30,0.9680006696859683,2.3125161876674813e-06,0.017346503721499297,0.014650514077523826,0
2016-07-01,0.9420180637157437,2.7298923258491225e-06,0.055703375939401986,0.0022758304537750652,0
2016-07-04,0.5053874869115748,2.5330452990627384e-07,0.49179052432334835,0.0028217354592939502,2
2016-07-05,0.1957182233125797,7.457481171557096e-07,0.8027859900866398,0.0014950408514001257,2
2016-07-06,0.03869971638821656,3.82500492986869e-09,0.94898386707159,0.012316412713857146,2
2016-07-07,0.0013507869968243337,1.6882644466366866e-10,0.9983699920573222,0.00027922077759467935,2
2016-07-08,4.9238483184548326e-05,8.35765865213748e-12,0.9999212896746843,2.947183223062163e-05,2
2016-07-11,3.92334761775458e-06,1.920961311773818e-13,0.9999376536552758,5.8422996997512086e-05,2
2016-07-12,5.823930587085575e-06,1.7142592032857497e-13,0.9998812810417592,0.00011289502697413389,2
2016-07-13,3.95424395970769e-06,6.543720143102008e-14,0.9999199108956123,7.61348607330982e-05,2
2016-07-14,3.824941711503776e-06,1.7747217963893603e-13,0.9999737807938204,2.2394262618924355e-05,2
2016-07-15,2.38870340606028e-06,2.133579823001275e-14,0.9999347789295338,6.28323682904124e-05,2
2016-07-18,4.883562763113685e-07,5.0412728294880556e-15,0.9999431549663542,5.6356676793795236e-05,2
2016-07-19,2.5386210461145734e-07,1.8827090421079702e-14,0.999982037731913,1.7708406326282253e-05,2
2016-07-20,1.0409812178173116e-06,4.12896313420029e-15,0.999929192283579,6.97667355631386e-05,2
2016-07-21,1.1571362442169168e-06,2.1920680713119375e-14,0.9999810298775998,1.7812984735852948e-05,2
2016-07-22,5.608803949061095e-07,3.759445383752602e-15,0.9999784381467112,2.1000974421354364e-05,2
2016-07-25,3.681214767584206e-08,8.71862467109833e-16,0.9999707353880055,2.922780023906197e-05,2
2016-07-26,2.720447572752336e-09,2.660208066606893e-16,0.9999683888503234,3.160842905527041e-05,2
2016-07-27,2.63027940188922e-09,2.24731744708445e-16,0.9999668692066302,3.312816325171834e-05,2
2016-07-28,1.3154008815190119e-08,2.4148517794527375e-15,0.9999632725099113,3.671433563765512e-05,2
2016-07-29,3.75340519945578e-09,7.31506766232296e-14,0.9998774063379358,0.00012258990932380797,2
2016-08-01,6.861820036558908e-08,1.5370330995449082e-16,0.9905165822013007,0.009483349181394289,2
2016-08-02,8.80740626771279e-08,6.4210251174771536e-12,0.9996052708962333,0.0003946410247329751,2
2016-08-03,7.321154846139484e-09,9.913251311445748e-16,0.9992912259351838,0.0007087667420275798,2
2016-08-04,3.21264222993151e-09,6.009480049628461e-15,0.9999570850309385,4.291175612262825e-05,2
2016-08-05,1.398625211834346e-09,3.3951518885043247e-16,0.9999651180559621,3.48805461869668e-05,2
2016-08-08,2.3183561108717513e-09,2.820854900911912e-16,0.9999579100567231,4.2087624791450305e-05,2
2016-08-09,2.0612498448042296e-09,2.6071221568374637e-16,0.9999581130510546,4.188488703008535e-05,2
2016-08-10,3.2334274290640836e-09,5.398355722098543e-16,0.999962149867877,3.784689811102418e-05,2
2016-08-11,1.469693420578524e-09,1.297255561716201e-16,0.9999360373888208,6.396114074423683e-05,2
2016-08-12,2.936593274228391e-09,3.0328367270745e-16,0.9999667433876718,3.325367609523849e-05,2
2016-08-15,1.1730099846605262e-08,5.542843765062301e-16,0.9999805123814276,1.9475887464605888e-05,2
2016-08-16,5.584381009513049e-07,1.8734336374106936e-14,0.9999711911516701,2.8250411979344982e-05,2
2016-08-17,1.71999237210166e-06,3.818632747714559e-15,0.9998492818863092,0.00014899811951515617,2
2016-08-18,1.6012721357877451e-06,1.9927870557434462e-13,0.9999794852041047,1.8913522748369894e-05,2
2016-08-19,7.3494630960757515e-06,4.554342762661433e-14,0.999931436836477,6.121369944719722e-05,2
2016-08-22,7.364716883744364e-06,2.659947724520007e-13,0.9999366101448347,5.6025137782218875e-05,2
2016-08-23,1.4801577891151847e-05,1.8369991552755187e-13,0.999901527479999,8.367094281462154e-05,2
2016-08-24,1.73911488728226e-06,3.9115541609128865e-14,0.9999801477394324,1.811314610046967e-05,2
2016-08-25,1.8297900942983086e-06,2.4455169181718776e-14,0.9999804269597156,1.774324893726429e-05,2
2016-08-26,2.160002347833477e-05,1.235610097114311e-12,0.9999310829109355,4.731706475065959e-05,2
2016-08-29,0.0007907844310344167,3.689768295970153e-11,0.9987108208213802,0.0004983947103898971,2
2016-08-30,0.024155180118202463,1.1429533173528368e-08,0.9751604821473491,0.0006843263057944486,2
2016-08-31,0.33875753632394334,3.8553850656430133e-08,0.6573265341140027,0.003915891007010407,2
2016-09-01,0.8445396384953793,7.457742702324396e-07,0.1540671153016177,0.001392500429060803,0
2016-09-02,0.9840072289454794,1.4817126306782818e-06,0.015516984019135942,0.0004743053209771303,0
2016-09-05,0.9986553620788615,2.3963570351538717e-06,0.000977609836964397,0.00036463172718283605,0
2016-09-07,0.9988954087379571,6.446233143566696e-07,2.052148115064538e-05,0.0010834251587300025,0
2016-09-08,0.9999096237976101,1.3040772872536581e-05,7.3552843380948595e-06,6.998014643771966e-05,0
2016-09-09,0.9997825810126263,6.41777936888807e-06,9.825538333983214e-06,0.00020117566849949935,0
2016-09-12,0.9966874479344371,2.102617824099977e-06,4.219340555502649e-06,0.0033062301084292225,0
2016-09-13,0.9997668314004375,3.8089438258872997e-06,1.654503023069669e-05,0.0002128146251853673,0
2016-09-14,0.9997076118272631,1.7784529896208189e-06,1.3629506939507688e-05,0.00027698021446026505,0
2016-09-15,0.9999411677589772,4.681810434042714e-06,1.6430314685516598e-05,3.772011536162028e-05,0
2016-09-16,0.9999368788107638,3.5931234241164304e-06,2.3479650357556664e-05,3.6048415806546425e-05,0
2016-09-21,0.999890473859831,3.087328951240578e-06,4.280298834360949e-05,6.363582291874906e-05,0
2016-09-22,0.9995838346336495,6.854534158098075e-06,2.4086030664206645e-06,0.0004069022286363627,0
2016-09-23,0.9991536689298007,2.081077628607107e-05,2.252175068316922e-06,0.0008232681191358286,0
2016-09-26,0.9999187589425174,1.1479017981441558e-05,7.227175446728332e-06,6.253486582771132e-05,0
2016-09-27,0.9999306430660536,4.373039418410455e-06,1.8820760543671138e-05,4.616313537607003e-05,0
2016-09-28,0.9999364466171534,3.906666808877954e-06,1.7342731242144833e-05,4.2303983681754146e-05,0
2016-09-29,0.9999399130874174,4.8217263900538655e-06,1.9657829671713983e-05,3.560735712006259e-05,0
2016-09-30,0.9997927173209363,1.2611207932046163e-06,0.00013328766771066917,7.273389070416454e-05,0
2016-10-03,0.999788816692377,1.8375542849419368e-06,0.0001539924740395665,5.535328078556127e-05,0
2016-10-04,0.9995808502459851,2.2605696318986834e-06,0.0003471972670013005,6.969191613106567e-05,0
2016-10-05,0.9963049528912252,8.684148995591259e-07,0.0025087276788712492,0.001185451015399254,0
2016-10-06,0.9626935700316274,1.26533385964529e-06,0.036409845495419466,0.000895319138999942,0
2016-10-07,0.8013697762202269,5.106402480080773e-07,0.1959485781370833,0.0026811350010757956,0
2016-10-12,0.15848792246636187,3.585228163819924e-08,0.8383142706673771,0.003197771013979856,2
2016-10-13,0.03751991928962961,1.5671212331248562e-08,0.9620552682640778,0.0004247967763116702,2
2016-10-14,0.020141436324281392,1.2380481158937757e-08,0.9797212723581621,0.00013727893779743875,2
2016-10-17,0.020904257291271072,7.981616753878583e-09,0.9787950575517415,0.0003006771756519311,2
2016-10-18,0.037286280209797094,1.9318151985534874e-08,0.9625108578809107,0.00020284259011982806,2
2016-10-19,0.08089954488077768,4.3430916857996816e-08,0.918828543879855,0.0002718678080207569,2
2016-10-20,0.10617351536957297,1.6378146150057409e-07,0.8935048353225282,0.00032148552782073557,2
2016-10-21,0.09900119259391686,1.0380158440851727e-07,0.9005523235400719,0.0004463800657016593,2
2016-10-24,0.07473253154276056,7.850818534361095e-09,0.9247547104181582,0.000512750187681237,2
2016-10-25,0.00037091835947194443,2.7805250344667088e-11,0.9995428741442282,8.620746995935748e-05,2
2016-10-26,3.0711150667075244e-06,3.3066374399286204e-13,0.9999774184473965,1.9510437161317272e-05,2
2016-10-27,2.068279622183388e-06,3.1902187611790593e-13,0.9999521855251305,4.5746194213163725e-05,2
2016-10-28,4.305770688667721e-06,1.2477935995554867e-14,0.9990956620026852,0.0009000322251426615,2
2016-10-31,2.396999137290155e-07,4.6635555130137174e-14,0.9999549096262537,4.485067556450053e-05,2
2016-11-01,1.4770454004351566e-06,3.2082703521599097e-14,0.9999801776284735,1.8345327866984936e-05,2
2016-11-02,1.8292838367024927e-06,9.396273761917429e-15,0.9999601895427223,3.798117361909997e-05,2
2016-11-03,7.178606300012981e-07,2.9841244102262727e-14,0.9999645701374094,3.471200131520181e-05,2
2016-11-04,4.601205625668794e-06,6.132724782237429e-14,0.9999195822888087,7.58165054625153e-05,2
2016-11-07,3.032655494342677e-05,1.3900833495211876e-11,0.9999086189300357,6.105450189307676e-05,2
2016-11-08,0.00011656437543090241,2.7450951586408654e-10,0.9989946916398925,0.0008887437097998952,2
2016-11-09,0.0013483566833995585,1.7995501660608547e-08,0.9705149824054594,0.028136642914261156,2
2016-11-10,1.5120528632809437e-05,1.3213771742628568e-12,0.0032229855937875645,0.9967618938770891,3
2016-11-11,4.481013028121139e-05,1.2267407789423932e-11,0.006831936665296735,0.9931232531916722,3
2016-11-14,0.0018125515015088944,3.477204651751069e-07,0.9716443052006237,0.026542795576197063,2
2016-11-15,3.593615582999621e-05,1.3501940663847274e-11,0.9889904266382877,0.010973637191868219,2
2016-11-16,5.263013591056494e-07,2.252355190683343e-12,0.9997151848442457,0.0002842888514694742,2
2016-11-17,5.830179011226363e-07,3.4849424383799047e-13,0.9999484835853487,5.093339557139472e-05,2
2016-11-18,2.71048869158294e-08,2.6933819058190904e-14,0.9998508999003646,0.00014907299295334385,2
2016-11-21,4.973441388003544e-08,1.078706619012092e-15,0.9991271039807252,0.0008728462861154175,2
2016-11-22,1.4657314229974038e-07,6.684958865869634e-14,0.999957473128489,4.238029666284874e-05,2
2016-11-23,8.042843952991767e-08,1.6192762289702986e-14,0.9999615153412807,3.840422853015191e-05,2
2016-11-24,2.1670590925733825e-09,1.7884717856079065e-16,0.9998052343516585,0.0001947634812721228,2
2016-11-25,1.2822860161147645e-09,9.553113902851408e-16,0.9999576370815966,4.2361635894944594e-05,2
2016-11-28,1.3291304600868545e-09,6.048433401652149e-16,0.9999612703146783,3.8728354871579414e-05,2
2016-11-29,3.663776562589887e-10,8.025723787511172e-16,0.9998777912362695,0.00012220839604638208,2
2016-11-30,1.3333669485053186e-10,4.1650999344162116e-14,0.9996215757306426,0.00037842413737014665,2
2016-12-01,1.420860916945501e-10,1.5596658328259213e-14,0.9867796182637659,0.013220381593740439,2
2016-12-02,2.7859738261338805e-11,1.7049030106970462e-15,0.963556041241458,0.03644395873058696,2
2016-12-05,1.1823951689058723e-11,2.0611491829857333e-13,0.9919584558164793,0.008041544171338212,2
2016-12-06,7.774196565703926e-12,3.369433133440818e-13,0.9960708466778363,0.003929153313882432,2
2016-12-07,1.1899890749425603e-11,2.2974896159399263e-13,0.9851917587280432,0.014808241260863388,2
2016-12-08,1.0695161774302808e-12,1.245745920772733e-13,0.934722817496881,0.06527718250180281,2
2016-12-09,2.8819953453919243e-13,9.751379227573663e-15,0.8240282961813397,0.1759717038201664,2
2016-12-12,2.8606851358187974e-12,9.9423799713107e-13,0.8511642343355618,0.14883576566096274,2
2016-12-13,2.2384575981560007e-12,6.334674406615294e-13,0.8657562967386482,0.13424370325669155,2
2016-12-14,4.944456505821863e-12,6.921910408852758e-12,0.8609804859032609,0.1390195140838194,2
2016-12-15,3.879823217272346e-11,4.277154421887131e-13,0.7779201696362491,0.22207983032273113,2
2016-12-16,1.4262285427141533e-11,6.012192171732458e-15,0.8064619156632374,0.19353808432129332,2
2016-12-19,1.1074040134929625e-09,3.1814678000334884e-12,0.9942152466022244,0.005784752286755852,2
2016-12-20,8.093775569792792e-12,6.759381723210542e-15,0.9988420416369048,0.0011579583566931565,2
2016-12-21,1.587445783561155e-11,1.393280062224741e-15,0.9998474724699699,0.00015252751276751433,2
2016-12-22,2.464166500334114e-11,2.432190798219753e-16,0.9999138959356734,8.610403788834421e-05,2
2016-12-23,6.625492022881314e-11,2.0612292721721062e-16,0.9999153965284088,8.460340515875385e-05,2
2016-12-26,3.4318990674997535e-11,8.258180911449605e-17,0.9999148214200609,8.517854593370862e-05,2
2016-12-28,1.1032950164162634e-09,2.8013658768826165e-15,0.9999583250381363,4.1673856837044776e-05,2
2016-12-29,4.843079245723057e-10,9.797282967934346e-16,0.9997507806866943,0.00024921882847907077,2
2016-12-30,4.919491189274414e-10,1.4641995305333156e-15,0.999801003029557,0.0001989964780664028,2
2017-01-02,7.272786587509591e-10,3.933976482318823e-14,0.9998625394517233,0.0001374598193008214,2
2017-01-04,3.6636224676296456e-09,5.2135461381590404e-15,0.9968984449438216,0.0031015513907335797,2
2017-01-05,5.206140420712268e-10,1.6183429582695651e-12,0.9977514571480939,0.002248542328208805,2
2017-01-06,3.471547011345831e-10,5.079370141145093e-16,0.9722456539791219,0.027754345672769243,2
2017-01-09,8.7414750787549e-09,7.067480968274488e-14,0.9960868052410118,0.003913186016598626,2
2017-01-10,1.968743672115486e-08,1.2189848480545774e-13,0.9999465176047663,5.346270926537857e-05,2
2017-01-11,9.62129426943726e-10,2.236362450687156e-16,0.9999546088917897,4.539014484057211e-05,2
2017-01-12,1.5899179949457366e-09,5.5963135163173545e-16,0.9999637896879447,3.6208723606038e-05,2
2017-01-13,1.725932408744819e-09,1.3389708159014896e-16,0.9999055557891284,9.444248430303619e-05,2
2017-01-16,6.96467113696481e-09,6.3786141170226044e-15,0.9999636301174335,3.6362919046017e-05,2
2017-01-17,1.2404619783106794e-07,8.487850170626309e-13,0.9997633416452388,0.00023653430803659484,2
2017-01-18,6.342777020465805e-07,2.0281840921937524e-14,0.9839977794711321,0.01600158625037562,2
2017-01-19,1.8430710506707144e-06,2.8981052205991077e-12,0.9911769451232353,0.008821211801890112,2
2017-01-20,1.513327823540154e-06,1.8189193638501053e-12,0.9994722003291426,0.0005262863400146256,2
2017-01-25,1.255608424971333e-05,6.5908648773675024e-12,0.9999514184251519,3.602548357089909e-05,2
2017-01-26,3.689586673130712e-07,1.1129502750190212e-14,0.9998776670072087,0.00012196403431856958,2
2017-01-27,1.6376143867635188e-06,3.17555606935661e-14,0.9998851239246644,0.00011323846030522805,2
2017-01-30,2.3792708677889427e-06,9.063552643205859e-14,0.9999757170664222,2.190366311698642e-05,2
2017-01-31,3.176327099580479e-06,6.795728288805522e-14,0.9999691054515442,2.7718222771338765e-05,2
2017-02-01,1.8688881684083204e-06,1.3962163955163806e-14,0.9998879882933522,0.00011014281751562169,2
2017-02-02,2.8426592256962714e-07,1.255393784360958e-14,0.9999384903167575,6.122541829624448e-05,2
2017-02-03,1.1597364569355188e-05,3.472175902937995e-13,0.999964064480037,2.4338155134505617e-05,2
2017-02-08,4.649710421052967e-06,1.0826595858841497e-13,0.9999421089983164,5.324129071763011e-05,2
2017-02-09,1.1700500873246199e-05,1.7803364726965682e-13,0.9999310431505682,5.7256349591285914e-05,2
2017-02-10,6.796048322467024e-06,1.2669738622734947e-13,0.9999684265531446,2.477739864871313e-05,2
2017-02-13,1.0333370995081621e-05,2.967412883718064e-13,0.9999653815637998,2.428506605334895e-05,2
2017-02-14,0.00018910765372162345,8.12580363983014e-12,0.9997489118043751,6.198053239114567e-05,2
2017-02-15,0.0006639412540469293,9.938966760933451e-11,0.99921787700631,0.00011818163945122031,2
2017-02-16,0.0009075685688566192,3.4548504316555304e-10,0.9990242510353412,6.818005052692695e-05,2
2017-02-17,0.003045303359752221,6.564104856933182e-10,0.9967588808151693,0.00019581516802483445,2
2017-02-20,0.01995338866596877,6.073210006975548e-09,0.9796723677359722,0.00037423752356597825,2
2017-02-21,0.12887276917959772,6.329274512478279e-08,0.8705943232511775,0.0005328442772141972,2
2017-02-22,0.1413153410256201,1.1129702647417396e-07,0.8584692218674809,0.00021532581136316816,2
2017-02-23,0.1836388705774588,1.0132198953401421e-07,0.8158347230156106,0.000526305083428196,2
2017-02-24,0.3429571758959529,1.3629920869668736e-07,0.6555677699804553,0.0014749178250387906,2
2017-02-27,0.6327950841184556,4.6242665245313883e-07,0.3654775833918264,0.001726870064248618,2
2017-02-28,0.9667159299924366,2.0643425139779256e-06,0.03263150197562976,0.0006505036888833929,0
2017-03-01,0.9988621705605768,8.373527949420793e-06,0.0010049506424469601,0.0001245052678961473,0
2017-03-02,0.9996403825662625,6.573095149921085e-05,4.04110998783635e-06,0.00028984537142788964,0
2017-03-03,0.9997714336723508,2.870323142656683e-06,1.7360935480622606e-05,0.00020833506807526114,0
2017-03-06,0.9996538287768357,1.701340089782902e-06,9.099933240663212e-06,0.0003353699489789834,0
2017-03-07,0.999930396933872,1.0655680801666006e-05,7.3306093909939094e-06,5.161677583554339e-05,0
2017-03-08,0.9999014570338417,3.720002337689712e-05,2.825917659970076e-06,5.8517025470923204e-05,0
2017-03-09,0.9997104524620263,7.480547212876481e-05,1.6214795747254182e-06,0.00021312058598697126,0
2017-03-10,0.9993378468581104,0.00011573200735645165,1.2313444945240332e-06,0.0005451897914894717,0
2017-03-13,0.9992793323721684,0.0003056472658015244,8.694836920976511e-07,0.0004141508789873207,0
2017-03-14,0.9982959472930741,0.0013095945521938326,9.153125254535135e-07,0.0003935428420827223,0
2017-03-15,0.9951908134905794,0.0017756921731878056,1.7433470862327524e-06,0.0030317509881040354,0
2017-03-16,0.9711445957002052,8.08471742227519e-06,3.116429854327909e-07,0.028847007939459608,0
2017-03-17,0.9994907312449519,2.6257709290284675e-05,1.4160262394270911e-05,0.00046885078381737004,0
2017-03-20,0.9999169675451777,1.8344025488066484e-05,4.846886521384568e-06,5.984154327174706e-05,0
2017-03-21,0.9999220785849972,2.490899069703025e-05,3.229717065289687e-06,4.978270554017871e-05,0
2017-03-22,0.9998302355831878,2.422009946427104e-05,2.435818227154178e-06,0.0001431084974243207,0
2017-03-23,0.9999018331674902,1.413350539598529e-05,5.303431004628547e-06,7.872989730043455e-05,0
2017-03-24,0.9999388975053126,1.2475777805701294e-05,7.494447499205207e-06,4.113227041562418e-05,0
2017-03-27,0.9998108621120738,1.7062351198325958e-06,0.000136682470502434,5.074918114788507e-05,0
2017-03-28,0.9997196268340266,1.0346055253203913e-06,0.00013315770583935196,0.00014618085424194282,0
2017-03-29,0.9997559392394525,1.5045213087782803e-06,0.000150999645755241,9.155659518505421e-05,0
2017-03-30,0.9997929839077202,1.5170913887708086e-06,0.0001565347269210082,4.896427489933604e-05,0
2017-03-31,0.9998461935343521,2.434749441955497e-06,8.252967884161969e-05,6.884203604145934e-05,0
2017-04-05,0.9997895395300351,5.58822279939601e-05,2.919828767433959e-06,0.00015165841411688,0
2017-04-06,0.9997715788163609,0.00014544070954339508,1.7891971374151008e-06,8.119127588449312e-05,0
2017-04-07,0.9993337057380668,0.0004306062099005525,1.763803406750103e-06,0.00023392425035061369,0
2017-04-10,0.9983021685979552,0.0015564471254238212,1.8550058716500877e-06,0.00013952927014194787,0
2017-04-11,0.9945943881135966,0.004988854033912171,7.838433432455898e-06,0.00040891941953313885,0
2017-04-13,0.9292648269199341,0.05493744468426912,4.929438810355032e-07,0.01579723545225255,0
2017-04-14,0.02681171240405098,0.9695166408857043,3.743319622909158e-09,0.0036716429656529046,1
2017-04-19,6.5803712533158945e-06,0.9992415616464584,2.0128123231474367e-13,0.0007518579821375996,1
2017-04-20,8.119519908900638e-08,0.9998274914598123,1.2003766479804676e-13,0.00017242734467658172,1
2017-04-21,0.00018850218071190405,0.9970557647907081,1.7184975874439473e-10,0.0027557328568965293,1
2017-04-24,0.002098631254106969,0.9420987451790322,1.9712140179798413e-08,0.055802603854113474,1
2017-04-25,3.902157113891299e-05,0.19214419874272584,5.274143808960047e-13,0.807816779684331,3
2017-04-26,0.003366405800804722,0.9583828476945251,3.390256120776568e-08,0.038250712600435915,1
2017-04-27,0.0017106584308541695,0.9960214799995084,6.486023206975709e-09,0.002267855085161821,1
2017-04-28,0.00143960370236993,0.9983139362328314,2.0351281656347273e-09,0.0002464580298901199,1
2017-05-01,0.0008363805307027777,0.9990269946623319,2.307708336041196e-10,0.00013662457663564067,1
2017-05-02,0.0003092533446815641,0.9996104946545035,7.562106661289029e-11,8.02519260209472e-05,1
2017-05-03,0.0008468557701430706,0.9990157196420857,1.382127431315597e-10,0.0001374244481835652,1
2017-05-04,0.008157495532266872,0.990931247015541,1.2367737787462394e-09,0.0009112562138611906,1
2017-05-05,0.05824110488787875,0.9370482295710336,1.1945738818739708e-08,0.00471065359598939,1
2017-05-08,0.22160028504477589,0.7717710149632208,9.83278958397394e-08,0.006628601664693475,1
2017-05-09,0.747434430792376,0.22896927909877096,4.879278730197168e-07,0.023595802180203476,0
2017-05-10,0.972020835955277,0.025579922093183403,5.661207183729962e-06,0.0023935807455290115,0
2017-05-11,0.9950481909821366,0.004771437818340258,3.4246863546088272e-06,0.0001769465136035766,0
2017-05-12,0.9975543477219777,0.0023680110028066275,3.4499292479561796e-06,7.419134733519389e-05,0
2017-05-15,0.9961630857383619,0.0034477676867819378,1.56558818146523e-06,0.0003875809881242429,0
2017-05-16,0.9886153414815266,0.009347698964308319,5.357120051534265e-06,0.0020316024342144257,0
2017-05-17,0.9105428590635276,0.03645877504085464,1.831344259878859e-05,0.05298005245122068,0
2017-05-18,0.30071979452578484,0.1349813296100858,8.538161477532308e-08,0.5642987904836971,3
2017-05-19,0.008499231641323815,0.9397122521302961,3.805975949983614e-09,0.051788512422986065,1
2017-05-22,0.0003812658019672087,0.9934190379480147,5.130723855266896e-11,0.0061996961972319055,1
2017-05-23,7.060115564639818e-06,0.9997021215152906,1.5057768598716583e-12,0.0002908183676442962,1
2017-05-24,3.1973296434346214e-06,0.9999183057345765,2.4543371825787587e-13,7.849693377390023e-05,1
2017-05-25,5.506825237184214e-06,0.9999059075557915,5.5497252972534015e-14,8.858561807847578e-05,1
2017-05-26,5.357772705559683e-06,0.9999351646284298,8.685976685576064e-14,5.9477598602512054e-05,1
2017-05-31,2.8438092651728344e-06,0.9999455529303315,2.05526663542062e-14,5.160326006429237e-05,1
2017-06-01,5.912584758138981e-07,0.9999536876377277,1.5966752561858102e-15,4.572110447882893e-05,1
2017-06-02,3.197197302184494e-08,0.9999668140275974,2.1792481286168424e-16,3.3153998807491805e-05,1
2017-06-05,2.802595786758374e-08,0.9999004595224603,2.6049187433555917e-17,9.951245075786691e-05,1
2017-06-06,3.543009156283931e-08,0.9999666164409933,2.990941194025661e-16,3.334812869141336e-05,1
2017-06-07,2.9520327846399584e-07,0.9999230629603889,4.0816114947143997e-16,7.664183623483352e-05,1
2017-06-08,9.954555281421927e-08,0.9999651334695407,5.520913688911425e-16,3.476698459276112e-05,1
2017-06-09,3.9735617841407874e-07,0.9999548184189659,1.144350069272482e-15,4.4784223078349206e-05,1
2017-06-12,6.572221018986691e-07,0.9999518919906996,1.8213170754500924e-15,4.745078681935654e-05,1
2017-06-13,1.7395058464617804e-08,0.9999692541129662,3.048926762983828e-17,3.072849312431154e-05,1
2017-06-14,5.700803002393512e-09,0.9999677872678803,3.0863158513908003e-17,3.22070330297469e-05,1
2017-06-15,4.694829067065508e-10,0.9998163733101634,2.491682745201789e-18,0.00018362622198384748,1
2017-06-16,1.3369592087183527e-13,0.9998126351910316,7.00989664106042e-21,0.0001873648086320335,1
2017-06-19,1.5748486571219855e-15,0.9998832367052921,1.4283164042910752e-22,0.0001167632965121891,1
2017-06-20,2.615285865929199e-17,0.9997583851460796,7.042868181284786e-24,0.00024161485549697076,1
2017-06-21,2.0158683469922033e-17,0.9997400372260854,4.082759856873076e-24,0.0002599627746488827,1
2017-06-22,2.0397195579969639e-16,0.9999088441221968,2.2073839168993343e-23,9.115587903749861e-05,1
2017-06-23,5.650201988937263e-16,0.9999041199827989,3.108801157077563e-23,9.588001879064802e-05,1
2017-06-26,6.4031200024641385e-18,0.9998205731544223,1.0365944197647343e-24,0.00017942684677525804,1
2017-06-27,9.643652956868594e-18,0.9997255551490275,2.8176334465535437e-23,0.00027444484961621374,1
2017-06-28,5.184327748158397e-17,0.9975143283740227,8.725061283039984e-24,0.0024856716252773642,1
2017-06-29,1.3052644666970555e-16,0.9990239452890439,1.8969890462435787e-22,0.000976054709329016,1
2017-06-30,3.464637328106639e-14,0.9995261348500931,9.036711369331513e-21,0.000473865149939858,1
2017-07-03,1.2924659203289112e-15,0.9997453521639318,2.1320327996777327e-22,0.0002546478353431623,1
2017-07-04,2.155472391501376e-11,0.9998661284747642,2.9804228557014165e-19,0.00013387150523902383,1
2017-07-05,9.944872129676324e-13,0.999963193397695,8.268302365793095e-21,3.6806602130028556e-05,1
2017-07-06,2.2149383580357125e-11,0.9999571875884409,4.2719059244229043e-19,4.281238793725053e-05,1
2017-07-07,2.208714105317716e-13,0.9996419405425869,4.262674489277241e-22,0.0003580594577728735,1
2017-07-10,2.2064728959728054e-12,0.9999356966230117,6.764752197925311e-20,6.430337497260715e-05,1
2017-07-11,4.733152399454527e-15,0.9999202819725397,3.964777650748438e-23,7.97180273924578e-05,1
2017-07-12,1.313492758899402e-14,0.9999446463957845,1.8805421066076987e-22,5.5353605560185394e-05,1
2017-07-13,3.3833330488844014e-14,0.9999151795158921,1.2944963408927675e-22,8.482048228168951e-05,1
2017-07-14,3.7059500454471644e-14,0.9999448561282266,2.6509789368304578e-21,5.5143873244936767e-05,1
2017-07-17,3.939819718776858e-15,0.9995408884632355,2.5141069450929712e-23,0.0004591115382355719,1
2017-07-18,4.182946238758145e-16,0.9998727440575224,7.270185564355468e-22,0.00012725594193179065,1
2017-07-19,4.2448616737066556e-17,0.9990305138994818,1.4739441667399564e-24,0.0009694860996528393,1
2017-07-20,1.4590927123732894e-16,0.9998677362001385,7.689004186715812e-23,0.00013226380027377732,1
2017-07-21,3.6518519459250325e-16,0.9998802960345542,1.5322812513873283e-23,0.00011970396693708784,1
2017-07-24,4.342836274270793e-16,0.9998864251828933,2.4870407868081583e-23,0.00011357481697342878,1
2017-07-25,1.686887364714788e-17,0.9998520445476884,9.152272350540371e-24,0.00014795545361230163,1
2017-07-26,9.641958672833386e-17,0.9992510538897816,2.712392304680982e-23,0.0007489461112237879,1
2017-07-27,3.3467903878014457e-16,0.9994706018608468,5.0719432674737055e-23,0.0005293981393828141,1
2017-07-28,1.0531029476072584e-15,0.9998238798239092,2.6410520352303604e-22,0.00017612017521079012,1
2017-08-02,3.10275543815178e-13,0.999906348211899,6.169767828173789e-21,9.365178621945944e-05,1
2017-08-03,2.8488155844126775e-14,0.9999493208379392,5.425700197392468e-22,5.0679162302071855e-05,1
2017-08-04,1.0930168163617637e-12,0.999901364801983,1.190828416964724e-20,9.863519614653365e-05,1
2017-08-07,2.2718843883739114e-12,0.9998526325874126,1.5798321179147927e-20,0.00014736741146155298,1
2017-08-08,3.3889297961564473e-13,0.9999598586272093,3.0354701201129433e-21,4.0141372532648536e-05,1
2017-08-09,1.02803353322495e-12,0.9999677573537447,2.9646630435939896e-21,3.224264525013926e-05,1
2017-08-10,6.054126476648718e-12,0.9999557867983624,1.9332868131168508e-20,4.421319384190725e-05,1
2017-08-11,3.7433340210406356e-13,0.9999339050207159,1.7395507975914538e-21,6.609497910182423e-05,1
2017-08-14,2.6518309455191576e-13,0.9999395775404717,2.0416150230203916e-21,6.04224588040903e-05,1
2017-08-15,1.6897390880486225e-09,0.9999052488928049,7.743435471880016e-18,9.474941592798526e-05,1
2017-08-16,8.546390164176587e-09,0.9999224106848098,6.13566762288839e-17,7.758076776459792e-05,1
2017-08-17,4.08376078550188e-09,0.9999361222247014,7.582215076187824e-18,6.387369044230781e-05,1
2017-08-18,1.3447390303944562e-09,0.9999676936147752,5.602958036300137e-18,3.230504221726569e-05,1
2017-08-21,2.1770629036965507e-09,0.9999516206906052,2.7032158505631666e-18,4.837713222211904e-05,1
2017-08-22,2.8343004087923415e-09,0.9999555727419009,6.130012127265469e-18,4.4424422827560284e-05,1
2017-08-23,2.0934336738105116e-09,0.9999542584285195,5.965260591721367e-18,4.573947899248325e-05,1
2017-08-24,1.668897370243909e-08,0.9999498194087044,2.3738280800036938e-17,5.016390095358889e-05,1
2017-08-25,2.1311456009337345e-08,0.9999689913171299,3.076320551887069e-16,3.098737021744401e-05,1
2017-08-28,9.4255020706896e-08,0.9997919449783893,7.664823072861534e-17,0.00020796076686441497,1
2017-08-29,6.419795530981136e-07,0.9999537841706672,3.7028032970682346e-14,4.55738481442605e-05,1
2017-08-30,6.072865719438429e-07,0.9998207233105278,5.00357783990742e-15,0.0001786694030361453,1
2017-08-31,4.078412613872612e-06,0.9998989787662096,8.716355963568775e-14,9.694282169015558e-05,1
2017-09-01,4.544683571523625e-07,0.9999555874750606,2.8780119152142353e-15,4.3958058092456045e-05,1
2017-09-04,4.1303330556596376e-07,0.9999539692952317,1.085963233764257e-15,4.561767228615425e-05,1
2017-09-05,6.730941086854207e-07,0.9999589355930499,1.4292684266495898e-14,4.039131259274249e-05,1
2017-09-06,4.6013935165282874e-07,0.9997363990394238,1.1972420880637071e-15,0.0002631408212321586,1
2017-09-07,1.1639775117981774e-06,0.9999426775707344,3.645543012148488e-13,5.6158450915390374e-05,1
2017-09-08,1.5105019851258788e-05,0.9992336246121571,2.337002554129494e-13,0.000751270369153637,1
2017-09-11,0.0003986703449498427,0.9993989364756559,3.368829903182129e-10,0.00020239284359732255,1
2017-09-12,0.005157326896910727,0.9929250639664576,1.8572012439806742e-09,0.001917607279873363,1
2017-09-13,0.007344625240270974,0.9916452543981921,1.9707856604539326e-08,0.001010100654529,1
2017-09-14,0.006412198681770611,0.993089800095909,4.922703354583705e-09,0.0004979962989534387,1
2017-09-15,0.001122872457381022,0.9987322166381198,1.7245054539659493e-10,0.0001449107311888238,1
2017-09-18,0.00041002305460988,0.9994837763380419,9.099016480337475e-11,0.00010620051484469955,1
2017-09-19,0.002217254743559825,0.9969165071712673,2.2082922013559105e-10,0.0008662378643728228,1
2017-09-20,0.06990901531693999,0.9254329668692102,9.012128401315023e-09,0.004658008800649845,1
2017-09-21,0.7849161639516907,0.20623852340512447,5.270275653229696e-07,0.0088447856159681,0
2017-09-22,0.9655234273482258,0.03321136267342457,1.4478003777642176e-05,0.0012507319751951793,0
2017-09-25,0.997260340806017,0.00019701369569934487,0.0020333555097308475,0.0005092899877842963,0
2017-09-26,0.9943367847523921,4.266623029638511e-06,0.005476746044090198,0.0001822025817984559,0
2017-09-27,0.9714287059593921,4.3538507404670705e-06,0.027702233268918318,0.000864706921964411,0
2017-09-28,0.6922172401395611,1.4065397216163285e-07,0.2941716186714083,0.013611000533586907,0
2017-09-29,0.15824253182397108,1.3734296439898206e-08,0.8391257234015166,0.002631731041332447,2
2017-10-04,0.0065543878617652625,6.942968008183097e-10,0.9932095555110013,0.00023605593406198367,2
2017-10-05,0.0003199530988940103,4.6833438708916463e-11,0.9996442643850129,3.578246830509942e-05,2
2017-10-06,1.7549908553954014e-06,4.877839619377759e-14,0.9999494717991441,4.8773210337627404e-05,2
2017-10-09,5.93348877203921e-07,6.66295222761908e-15,0.9999826752327952,1.673141938363302e-05,2
2017-10-10,1.1688474631442377e-07,1.2121203063225703e-15,0.9999840797275645,1.580338910515856e-05,2
2017-10-11,5.802982264684884e-09,1.3625684776628204e-16,0.9999729966119774,2.6997586579334156e-05,2
2017-10-12,3.0235129387408627e-09,1.401317421473599e-16,0.9999702701369819,2.9726837702369707e-05,2
2017-10-13,2.5253144219181372e-09,1.9970044650044772e-16,0.9999729767200466,2.70207554284445e-05,2
2017-10-16,5.511483559623873e-09,3.2144733176060567e-16,0.999973623448099,2.6371040763943574e-05,2
2017-10-17,1.3247949461226558e-08,3.4488550797983987e-16,0.9999692556918005,3.073105851556824e-05,2
2017-10-18,1.867092678091488e-08,5.764740874461978e-16,0.9999814563716835,1.8524957422786513e-05,2
2017-10-19,6.172381544543167e-08,5.577828646840122e-16,0.9999772518499331,2.2686426988192555e-05,2
2017-10-20,3.6026635649010454e-07,1.3231156478989738e-14,0.9999779004688196,2.173926524841811e-05,2
2017-10-23,6.543350988460218e-07,1.4592281966671757e-15,0.9998785773768354,0.00012076828764237634,2
2017-10-24,9.475160691936939e-07,5.812202021336378e-14,0.9999818216180493,1.723086630691077e-05,2
2017-10-25,1.3967984231767673e-06,6.771202965061557e-15,0.9999644628026534,3.414039964422926e-05,2
2017-10-26,5.844536881326802e-09,1.0504997248017138e-15,0.9999692210556698,3.077310004438507e-05,2
2017-10-31,8.827860523955697e-11,2.5052233581474585e-17,0.9998929042611717,0.00010709564892805497,2
2017-11-01,1.2146483341652692e-09,5.051188527811112e-16,0.9999676042761819,3.2394508504389734e-05,2
2017-11-02,1.419422412773632e-09,1.3124498293662147e-16,0.9999720667846876,2.793179500921599e-05,2
2017-11-03,7.261073537417021e-09,5.954642042378798e-16,0.9999755486466594,2.444409278757571e-05,2
2017-11-06,1.5059934930029364e-09,2.208402414254831e-16,0.9999463898894454,5.360860508809521e-05,2
2017-11-07,8.687452999304123e-10,1.9436408085732636e-16,0.9999482676024215,5.173152880629604e-05,2
2017-11-08,1.2305401615046604e-09,2.2343659112350966e-16,0.9999633887463477,3.661002252518873e-05,2
2017-11-09,1.5825095306740229e-09,2.8448949731084585e-16,0.9999731067451798,2.689167246237126e-05,2
2017-11-10,2.1034705352162413e-08,5.291821331500011e-16,0.9999495011961659,5.0477770186951296e-05,2
2017-11-13,8.561745069997034e-08,1.1322175404757024e-15,0.999958033553637,4.188083015935616e-05,2
2017-11-14,1.667047456374432e-07,8.560578673125914e-15,0.9999828018359103,1.7031460284789917e-05,2
2017-11-15,8.33292579302079e-08,1.6308220048048894e-15,0.9999437571560378,5.615951520834254e-05,2
2017-11-16,3.0126048841998965e-07,6.646792230109402e-15,0.9999314323693453,6.82663689353305e-05,2
2017-11-17,1.9065912597120183e-08,3.1963263252139346e-15,0.999980342945881,1.9637988960353878e-05,2
2017-11-20,7.456509513470465e-09,1.8322707561485126e-16,0.9999352608321842,6.473171063451978e-05,2
2017-11-21,8.655469050565815e-08,3.1171536586075945e-15,0.9999711583962532,2.8755047316235936e-05,2
2017-11-22,1.0239820382719862e-07,7.122257115836283e-15,0.9999767890478184,2.3108553329898464e-05,2
2017-11-23,3.616370873215108e-07,8.13508153035714e-15,0.9998833904719876,0.00011624788963516778,2
2017-11-24,1.6369869229942695e-12,1.0357639194459551e-16,0.9998213169842401,0.0001786830153197585,2
2017-11-27,1.779827487968102e-12,8.269992628907414e-17,0.9998158327149953,0.0001841672848453539,2
2017-11-28,9.28117217713108e-12,2.5851139628721287e-16,0.9998918183286214,0.00010818166068292505,2
2017-11-29,1.1784762824142552e-11,1.6502685352459374e-16,0.9998873190168307,0.00011268097074012286,2
2017-11-30,8.146639432720965e-11,5.739018741204616e-17,0.9999006924172578,9.930750021039752e-05,2
2017-12-01,5.7902192974521656e-08,2.9415685425666066e-14,0.9999786273903062,2.1314707216211916e-05,2
2017-12-04,8.561028445510107e-08,8.711166835179857e-16,0.9998185424846326,0.00018137190501903445,2
2017-12-05,1.3479681711205577e-07,1.0746200699120577e-14,0.9999761500809803,2.3715123937532165e-05,2
2017-12-06,1.2609212260732268e-06,8.754661717563703e-15,0.9999780248922288,2.071418826237412e-05,2
2017-12-07,4.6454162886910465e-07,4.679496684991504e-15,0.9999798998998013,1.9635557916295178e-05,2
2017-12-08,4.4339318461969604e-07,3.498630133843791e-15,0.9999716555154805,2.79010910400338e-05,2
2017-12-11,2.3397277194180246e-09,1.2135663011564696e-16,0.9999693192417004,3.067842035903355e-05,2
2017-12-12,1.0493446800450233e-08,4.3413409262352213e-16,0.9999797188121485,2.0270694601191e-05,2
2017-12-13,6.059339111157654e-09,6.769543340863127e-16,0.9999755400139468,2.4453924895485775e-05,2
2017-12-14,1.1257938281005886e-08,1.6362095939242713e-16,0.9999096355763208,9.035316598656424e-05,2
2017-12-15,4.728096911253101e-09,1.9707903799393545e-15,0.9999682250918975,3.1770181598694364e-05,2
2017-12-18,1.646319302258765e-08,6.818839639206523e-16,0.9999429111774552,5.7072358793969455e-05,2
2017-12-19,7.762840776158206e-08,7.993347250358694e-15,0.9999761104279579,2.3811942252758494e-05,2
2017-12-20,2.4852748657563544e-07,1.7545147963578514e-15,0.9999079115572115,9.183991627899881e-05,2
2017-12-21,1.1203135295572525e-06,2.5629476527731133e-14,0.9999651938469717,3.36858404127485e-05,2
2017-12-22,2.276741991861524e-06,1.7903908072484334e-14,0.9999719322305333,2.5791027541947236e-05,2
2017-12-25,3.156701217021243e-07,9.586987402502435e-15,0.9999817164641889,1.796786523650105e-05,2
2017-12-28,2.1342363999004306e-06,1.035736160028296e-14,0.999940222147935,5.764361498124872e-05,2
2017-12-29,2.0337955682397835e-06,3.2438690467804956e-14,0.9999713852249912,2.6580978457570303e-05,2
2018-01-01,4.564089421226619e-06,4.8973092217398697e-14,0.9999672365685403,2.8199340463658428e-05,2
2018-01-04,3.4297002588423996e-05,5.167643667250905e-13,0.9999306243026606,3.507869453919569e-05,2
2018-01-05,3.567145710207685e-05,5.043004702527726e-13,0.9999299760309208,3.435250993582781e-05,2
2018-01-08,1.3562153889622755e-05,2.063556425797504e-13,0.9999614048783116,2.503296810241691e-05,2
2018-01-09,7.996298696247572e-06,5.558989890253209e-13,0.9999659779790414,2.6025723049943024e-05,2
2018-01-10,0.00022051914745661777,9.964415592355759e-12,0.9995774237013039,0.00020205713967346868,2
2018-01-11,0.007186103774820841,8.89686002212487e-10,0.9912236299376783,0.0015902653993754266,2
2018-01-12,0.19929569401752079,5.7219068055769906e-08,0.7982103770893174,0.0024938716757734237,2
2018-01-15,0.7525547596574783,1.0927184252727584e-07,0.23520256895951783,0.01224256211129059,0
2018-01-16,0.9199216947106351,1.0614282612367506e-06,0.07844649892980017,0.0016307449322516048,0
2018-01-17,0.962387704387062,1.3636554442002277e-06,0.037349463017526584,0.0002614689402854224,0
2018-01-18,0.9779811586059287,8.693980997469063e-07,0.021835730815374755,0.00018224118127012313,0
2018-01-19,0.9974395978346695,1.3699959068269877e-06,0.002383719381845159,0.00017531278676399684,0
2018-01-22,0.9996883891918461,1.9482244106232554e-06,0.00022984196552173634,7.982061675819912e-05,0
2018-01-23,0.9999397350736373,6.220662534794585e-06,1.6085795112767947e-05,3.795846845710566e-05,0
2018-01-24,0.9999264842911849,4.987375696616587e-06,1.5996953276701507e-05,5.253137926292333e-05,0
2018-01-25,0.9991944990821853,5.502363576707413e-07,1.5889912318184028e-05,0.0007890607688436582,0
2018-01-26,0.9999259224213595,4.023168416523044e-06,2.599083842975915e-05,4.406357214848719e-05,0
2018-01-29,0.9999240342701224,4.645223791543091e-06,1.2155971539887412e-05,5.916453534501071e-05,0
2018-01-30,0.9998699366740161,5.203560640215157e-06,1.0014756960994094e-05,0.0001148450087357907,0
2018-01-31,0.9998746838374827,4.822094664841975e-05,1.976326548761987e-06,7.511889009553197e-05,0
2018-02-01,0.9999103336416116,2.7887412773686575e-05,3.14559423772795e-06,5.863335300272543e-05,0
2018-02-02,0.9995679091756305,5.2581669339193375e-06,5.9351777279604826e-06,0.0004208974810656793,0
2018-02-05,0.9984692775279523,1.2121030690929731e-06,9.967283662249922e-06,0.0015195430865665028,0
2018-02-06,0.9996670183033582,3.963302133762726e-06,0.0001877850999752158,0.00014123329389242908,0
2018-02-07,0.9948520923598724,1.0088681951245235e-06,0.0023133573430112577,0.0028335414278190456,0
2018-02-08,0.992626390657221,4.252413912511596e-07,0.0028396611541105597,0.004533522949059579,0
2018-02-09,0.9976061844130886,7.498411286862673e-07,0.0014454814236358722,0.0009475843220698015,0
2018-02-14,0.9992317683328065,1.0158002032811214e-06,0.0005811258269041744,0.00018609003881166355,0
2018-02-15,0.9996494441101937,6.711934945565315e-07,0.00011306501206995051,0.00023681968456884216,0
2018-02-16,0.9998961687954608,4.7045525500319914e-06,9.83453414953039e-06,8.929211748129085e-05,0
2018-02-19,0.9997055996987323,6.453254000157385e-06,2.184111778627993e-05,0.00026610592949256873,0
2018-02-20,0.9996077265620462,0.00021192633410492724,3.662773171412049e-05,0.00014371937297768403,0
2018-02-21,0.9822537177007822,0.011558842467945304,1.0379312853133973e-05,0.006177060518583114,0
2018-02-22,0.5061866505728483,0.48680821602546437,2.5478513232759274e-07,0.007004878616688331,1
2018-02-23,0.14027426392114434,0.8554588156662535,7.379700061777797e-09,0.004266913034436987,1
2018-03-01,0.0005978299274882354,0.9988865912955618,1.848822372142853e-11,0.0005155787600986605,1
2018-03-02,3.2961072927281344e-06,0.9999245420025702,1.4110520957949643e-13,7.216189149836951e-05,1
2018-03-05,1.2851897805008222e-06,0.9999107152459931,3.940705942336288e-15,8.799956483919263e-05,1
2018-03-06,7.040566113163662e-09,0.9999725026788651,5.766746585782538e-17,2.749027962861011e-05,1
2018-03-07,4.698405865466819e-08,0.9999248205489021,3.3586951654652883e-17,7.513246783955973e-05,1
2018-03-08,7.518286681553745e-08,0.999964299346812,5.778821217357519e-16,3.5625470885197024e-05,1
2018-03-09,1.67546448435089e-07,0.9999266172895587,5.413937248272084e-16,7.321516276906856e-05,1
2018-03-12,1.1901173760492783e-07,0.999946174550858,3.9703756271169303e-16,5.370643886263583e-05,1
2018-03-13,8.565434835662273e-08,0.999956981913222,2.933149393424547e-16,4.2932433804052496e-05,1
2018-03-14,1.2493604256973087e-07,0.9999433975257455,6.508532997117954e-16,5.647753685289925e-05,1
2018-03-15,5.322095370960252e-08,0.9999046239110847,2.7008215778511903e-16,9.53228670475382e-05,1
2018-03-16,1.0361573665637056e-07,0.9999277916491247,6.161028008869877e-16,7.210473345384361e-05,1
2018-03-19,1.9001549103419224e-07,0.9999640052304072,9.172982805526825e-16,3.5804754755847784e-05,1
2018-03-20,1.7790991360882347e-07,0.9999598595512187,9.768015203395004e-16,3.996253957954486e-05,1
2018-03-21,9.94519170611938e-08,0.9998861353344313,6.526157857238991e-15,0.00011376521331058634,1
2018-03-22,2.3580179027712746e-07,0.9987536034408416,6.707037310472898e-16,0.0012461607574714728,1
2018-03-23,1.231630331437257e-09,0.9998608240255015,7.447839976080358e-17,0.00013917474287472887,1
2018-03-26,5.78584420734906e-09,0.9999575198999945,3.858132664964305e-17,4.247431369886194e-05,1
2018-03-27,1.3570242903569443e-08,0.9999446376687565,3.385206152029454e-17,5.5348760588411615e-05,1
2018-03-28,1.0649956231021828e-08,0.9999196375234383,1.0526499965103452e-16,8.035182637509001e-05,1
2018-03-29,3.803492377846027e-08,0.9998763358598896,2.283597386127232e-16,0.00012362610342910526,1
2018-03-30,6.686699011445026e-08,0.999952783584066,2.467154705246768e-16,4.714954995465666e-05,1
2018-04-03,5.289025568202912e-10,0.9999749122453245,1.0747646953463245e-18,2.5087226269871474e-05,1
2018-04-04,7.530309107274009e-10,0.9999633528844663,5.683782135545547e-19,3.664636090754837e-05,1
2018-04-05,1.4259609055939832e-10,0.9999708593739783,6.52589774263899e-19,2.914048322802689e-05,1
2018-04-06,6.027395336964471e-11,0.9998689776861267,7.149259564058181e-20,0.00013102225261529195,1
2018-04-11,7.55529826940666e-12,0.9999612212875381,3.313671242106101e-20,3.877870515692791e-05,1
2018-04-12,1.2523222986196255e-10,0.9999651377076384,1.8516525893856727e-19,3.486216800079988e-05,1
2018-04-13,1.0981539695588178e-10,0.999965486948765,1.2048831197196664e-19,3.4512940892704214e-05,1
2018-04-16,1.4220925591607454e-10,0.9999745424795898,1.9343985510864475e-19,2.5457377457069954e-05,1
2018-04-17,1.8981155549849035e-10,0.9999634603282385,1.257676946535462e-19,3.6539481396977406e-05,1
2018-04-18,5.340969954893172e-10,0.9999690453285278,9.946900456292671e-19,3.09541391790853e-05,1
2018-04-19,1.2328340562010596e-11,0.9999561160354933,2.773664994181511e-19,4.388395063325075e-05,1
2018-04-20,5.024318888755695e-10,0.9995116199604589,2.234184573768285e-18,0.0004883795375738134,1
2018-04-23,6.048629942273654e-10,0.9998669255841193,2.6566683314555945e-16,0.0001330738108281298,1
2018-04-24,8.746092701690894e-09,0.9992850228963488,3.7373571156261096e-17,0.000714968359354202,1
2018-04-25,7.402229013850795e-09,0.9999609247783421,3.3156507920623487e-16,3.9067819340392696e-05,1
2018-04-26,9.899708656887671e-09,0.9999325175264284,3.365924776411896e-17,6.747257234768897e-05,1
2018-04-27,9.677003007081204e-09,0.9999393701773175,1.2415382939693068e-16,6.0620144595478764e-05,1
2018-05-02,1.1987820058110293e-08,0.999851885500613,1.0119142668795635e-16,0.00014810251270182948,1
2018-05-03,1.1826608163509892e-08,0.9999053697422924,8.945814256969181e-17,9.46184321553929e-05,1
2018-05-04,6.186811317166986e-10,0.9999479163155957,1.6889561627259815e-18,5.208306593918214e-05,1
2018-05-07,1.0731488347019312e-10,0.9999675940683441,2.5567209418713575e-19,3.240582577811773e-05,1
2018-05-08,3.5838393269400924e-11,0.9999654113941937,9.191944044584385e-20,3.4588571774244855e-05,1
2018-05-09,1.2960673017443372e-10,0.9999457117594885,1.8210493010314755e-19,5.428811235147653e-05,1
2018-05-10,1.140667864993177e-10,0.999969919548173,1.29697472853607e-18,3.0080337738701847e-05,1
2018-05-11,6.093214088077834e-10,0.999822997958954,2.3848115407247304e-19,0.00017700142994608634,1
2018-05-14,6.436343925217996e-10,0.9999731747735563,8.4931932022936e-18,2.682458460547534e-05,1
2018-05-15,2.7261083192498673e-09,0.9999314777354692,5.83743214273139e-17,6.8519538275278e-05,1
2018-05-16,5.794209154604914e-09,0.9992922992986057,1.5814808786915977e-17,0.0007076949065384316,1
2018-05-17,1.9843068382180207e-10,0.9999526183439708,1.251466048026291e-17,4.738145678628821e-05,1
2018-05-18,2.2862127998118446e-10,0.9999191157156415,7.211445459268802e-19,8.088405546955182e-05,1
2018-05-21,2.6304128725004515e-10,0.999925799306733,9.73001447444225e-19,7.42004285132394e-05,1
2018-05-22,4.815502026845271e-10,0.9999663999412118,1.0296810417350537e-18,3.359957857824762e-05,1
2018-05-23,8.220870894160748e-10,0.9999724849551198,6.3117931486289335e-18,2.7514221688307622e-05,1
2018-05-24,7.002074232790234e-11,0.9997720583816898,7.28335566747111e-20,0.00022794154801996348,1
2018-05-25,1.0688596133633761e-10,0.9999659730752128,1.5056942745110012e-18,3.402681815916372e-05,1
2018-05-28,3.037505907598903e-10,0.9999397954968254,4.874955090637834e-19,6.020419768273655e-05,1
2018-06-01,3.976219707731583e-09,0.9999671966430317,2.0228141537615543e-17,3.279938070685456e-05,1
2018-06-04,8.492813559960235e-09,0.9999296933143222,9.954525425236032e-18,7.029819193731166e-05,1
2018-06-05,9.94553698302457e-10,0.9999608124055742,1.5193474619477758e-18,3.918659875606496e-05,1
2018-06-06,7.635903010336598e-10,0.9999739120668523,2.752336738841467e-18,2.6087169705930948e-05,1
2018-06-07,2.4715694064759155e-10,0.999926872398685,1.7313546204500582e-19,7.312735559377469e-05,1
2018-06-08,9.523713337449985e-11,0.999967347486886,3.669977723375083e-19,3.265241674632083e-05,1
2018-06-11,3.07819094233663e-12,0.9999498548044626,6.464388584247621e-21,5.0145193179167834e-05,1
2018-06-12,4.5635686101769505e-11,0.9999571452878353,1.4230869008587247e-19,4.2854667679959206e-05,1
2018-06-13,9.094464419442785e-11,0.999953583574531,3.9638240408941854e-19,4.641633407640099e-05,1
2018-06-14,9.395880108019587e-11,0.9999222796477136,8.465007084933423e-18,7.772025786081394e-05,1
2018-06-15,3.1693233939360566e-09,0.9976500616572923,5.962486859375797e-18,0.002349935174508053,1
2018-06-18,1.2106232777552442e-09,0.9999403241034772,7.523705542983902e-17,5.9674687365963964e-05,1
2018-06-19,3.793951901437955e-09,0.9999740018389173,1.1517558463097463e-17,2.5994367811577567e-05,1
2018-06-20,5.55005768980205e-09,0.9999541117883124,6.634889289235599e-18,4.588266238228726e-05,1
2018-06-21,6.2249764358841656e-09,0.9999672350006227,1.2623500891113491e-17,3.27587748569731e-05,1
2018-06-22,6.449731270609717e-09,0.9999571101464666,9.283014052235887e-18,4.288340388416889e-05,1
2018-06-25,3.1863283428848936e-08,0.9999543305808932,4.0220759724218186e-17,4.5637556777205046e-05,1
2018-06-26,5.427978311813821e-08,0.9999685679751154,2.028223110008321e-16,3.1377745444178554e-05,1
2018-06-27,9.445168506736186e-08,0.9999348080460174,8.190499325434669e-16,6.509750255288474e-05,1
2018-06-28,1.1880177080525563e-07,0.9998063459493505,7.173099590406238e-16,0.00019353524811024084,1
2018-06-29,2.156340071299292e-07,0.9999431794776622,1.8500544725721236e-14,5.660488746003082e-05,1
2018-07-02,0.00021600948217541065,0.9992282233949056,4.7735987268742926e-12,0.0005557671189896851,1
2018-07-03,0.021717936380987426,0.9744089368275096,4.666902331063438e-09,0.0038731221228641964,1
2018-07-04,0.19196153525989115,0.786172906564757,3.900818939421737e-08,0.021865519168479057,1
2018-07-09,0.60052022947682,0.39051361488779246,6.804615474372278e-07,0.00896547517411521,0
2018-07-10,0.9403069751249582,0.05803334343898811,3.033231510911074e-06,0.0016566482029409882,0
2018-07-11,0.9853858724575792,0.0142808212109041,2.448640499194344e-06,0.0003308576911478504,0
2018-07-12,0.9931640560224934,0.0061251666699497975,1.9224585413782045e-06,0.0007088548489735662,0
2018-07-13,0.9934390629564788,0.0064430453917473825,2.068114926192606e-06,0.00011582353660262347,0
2018-07-16,0.9882745551042404,0.011537793030758038,2.001731640444238e-06,0.00018565013473811028,0
2018-07-17,0.9662954380390305,0.03298697772722665,2.0634023246959964e-06,0.0007155208310500259,0
2018-07-18,0.8353489634383974,0.16060170205798735,1.0165457010169286e-06,0.004048317957530488,0
2018-07-19,0.34878986354602387,0.6469113957649112,7.176962779715267e-08,0.004298668918198612,1
2018-07-20,0.0028552978436023214,0.994757677252878,2.047312144833853e-09,0.0023870228573581826,1
2018-07-23,5.536484621954498e-05,0.9976428163073711,2.1970343998519606e-12,0.0023018188425153485,1
2018-07-24,2.37151878039529e-06,0.9997447922144117,3.509664770613291e-13,0.00025283626496892244,1
2018-07-25,1.6010606730913893e-06,0.9999467462177052,1.0463020531757993e-13,5.165272076734992e-05,1
2018-07-26,1.4936729352227008e-06,0.9998527941808171,1.1437441655592894e-14,0.00014571214481644032,1
2018-07-27,1.8754634014342194e-06,0.9998687462500792,2.883762919644827e-14,0.0001293782846900136,1
2018-07-30,1.084606980974747e-06,0.9999541904559971,2.1488440521404824e-14,4.472493774733164e-05,1
2018-07-31,2.7079371806387028e-06,0.9999144553542283,2.060386846634611e-14,8.283670922475743e-05,1
2018-08-01,2.425606456216896e-07,0.9999060516753224,5.0338178895526676e-15,9.370576546187723e-05,1
2018-08-02,2.0001377609748427e-07,0.9998377538370161,1.29985270781261e-15,0.00016204614780289687,1
2018-08-03,3.3473360495022956e-08,0.9999404529639184,3.4118426416280684e-16,5.951356294414057e-05,1
2018-08-06,7.647395192840555e-10,0.9999566435776155,1.499878785635603e-18,4.3355656844658214e-05,1
2018-08-07,5.659888485602195e-10,0.999968552474175,9.019553002234002e-19,3.1446958353550594e-05,1
2018-08-08,6.571319356454077e-10,0.9999713212275013,5.1465596431962775e-19,2.8678114519197716e-05,1
2018-08-09,5.385770924167599e-10,0.9999740117194109,1.2711077380619199e-18,2.598774037008089e-05,1
2018-08-10,2.1126516491364977e-10,0.9999197290912857,3.4407681842938153e-18,8.027069771287856e-05,1
2018-08-13,1.507135377049022e-09,0.9995784661823462,4.794769277844975e-18,0.0004215323102382461,1
2018-08-14,4.69863337758812e-09,0.999965980900239,7.468172704311374e-17,3.4014401031370394e-05,1
2018-08-15,2.067535395564804e-08,0.9999709446711854,3.3361181786459174e-17,2.9034654878344278e-05,1
2018-08-16,4.741965484763942e-08,0.9999602440010984,7.218448504121678e-17,3.970858057309079e-05,1
2018-08-17,4.9066107902557805e-08,0.9999668877378804,1.9566737460222082e-16,3.306319730768191e-05,1
2018-08-20,4.8610662885441705e-08,0.999908695837158,5.512760339457628e-17,9.125555299172395e-05,1
2018-08-21,8.879610025279657e-08,0.9999537939236376,7.759394756717325e-16,4.611727921981193e-05,1
2018-08-22,1.2939049809576309e-07,0.999921775517732,2.1355076787738127e-16,7.809509066519134e-05,1
2018-08-23,8.509122862374672e-08,0.999961630195134,2.222043673845519e-15,3.8284712520210484e-05,1
2018-08-24,1.4874315518278757e-07,0.9997031302850391,9.286797628364568e-16,0.0002967209710751631,1
2018-08-27,1.6400246325940638e-07,0.9998856576386533,2.7401180615747036e-15,0.00011417835991432523,1
2018-08-28,3.219856308070962e-07,0.9999319310003084,1.5438951713707188e-15,6.774701509846675e-05,1
2018-08-29,2.7741290111141886e-07,0.9999614510934117,1.4011843401312162e-15,3.827149286371932e-05,1
2018-08-30,4.778256765807179e-07,0.9999569805526766,1.2325292999910072e-15,4.254162192469102e-05,1
2018-08-31,6.605340965200348e-07,0.9999531108994454,3.613653717830452e-15,4.6228565538652176e-05,1
2018-09-03,9.111931473676248e-07,0.9999408656863114,9.121949823469583e-15,5.822311974157338e-05,1
2018-09-06,1.3773990174043002e-05,0.9999088589565222,1.8044121435946436e-13,7.736705158683657e-05,1
2018-09-07,8.334701061069411e-06,0.9999240310143788,1.999107481881467e-13,6.763428448289634e-05,1
2018-09-10,6.305600980056107e-06,0.999901259849377,9.287333564569666e-14,9.243454877074548e-05,1
2018-09-11,3.4674039198502326e-06,0.9999394728312224,3.8713250790017226e-14,5.705976408487022e-05,1
2018-09-12,2.227039992387342e-06,0.9999449728645357,3.8179717426314394e-14,5.2800095543886506e-05,1
2018-09-13,2.1869371458202364e-06,0.9998679702149387,5.6079695788456515e-15,0.00012984284724104657,1
2018-09-14,2.447016937817018e-08,0.9999633512292465,1.8654595504996695e-16,3.662429982498375e-05,1
2018-09-17,3.563701742130536e-08,0.9999395023989248,7.849311207831333e-17,6.046196457458887e-05,1
2018-09-18,2.784562497738187e-08,0.9999583220442045,7.266264273775943e-17,4.165011175601451e-05,1
2018-09-19,3.284942333784474e-08,0.9999532668595718,6.091276838701668e-17,4.6700290934525396e-05,1
2018-09-20,8.781954880396311e-08,0.9999631175413559,4.183194015980468e-16,3.67946405753055e-05,1
2018-09-21,2.0298484710766185e-07,0.9999182288194397,3.258626987251909e-16,8.156819696770006e-05,1
2018-09-24,1.3566804733586165e-07,0.9999577940464687,8.35380477237699e-16,4.20702866425832e-05,1
2018-09-25,1.5140304396530952e-07,0.9999518795967021,3.3467711718030497e-16,4.796900144469558e-05,1
2018-09-26,1.569995411870704e-07,0.999964851179544,4.471401129342454e-16,3.499182141053276e-05,1
2018-09-27,1.3443173871504e-07,0.9999592035410493,7.831098619469582e-16,4.0662025586016295e-05,1
2018-09-28,1.6265569579056746e-07,0.999878270481517,4.70047919159912e-16,0.00012156686148156158,1
2018-10-03,1.4215522796187896e-10,0.9999552471100246,1.657697208850083e-17,4.475274723206281e-05,1
2018-10-04,3.999480891919276e-08,0.9992848615837455,4.881666210832295e-16,0.0007150984223531571,1
2018-10-05,3.665871454825907e-08,0.9996718708975546,2.2075455098206787e-15,0.00032809244347364484,1
2018-10-08,2.4669808915093084e-08,0.9999111316992594,3.1937875158634914e-16,8.884363179004963e-05,1
2018-10-11,6.717236737853352e-07,0.9999490887357676,1.5946048392615207e-14,5.023953885642948e-05,1
2018-10-12,4.7275158837552505e-07,0.9998632116289184,1.2636400201727755e-15,0.00013631562044461262,1
2018-10-15,1.04700824846664e-06,0.9999503714116977,2.3777594564506937e-14,4.858157995870552e-05,1
2018-10-16,3.5900873988849978e-06,0.9999136458680232,2.2119063083428954e-14,8.276404420383796e-05,1
2018-10-17,7.504094437128653e-06,0.9999345043128254,2.8453634456643083e-13,5.79915932521361e-05,1
2018-10-18,8.815547885632416e-06,0.9998383074768071,2.7282905931286277e-13,0.0001528769759415163,1
2018-10-19,1.1251228944091627e-06,0.9998435668773297,1.6554006643411553e-14,0.00015530800080707766,1
2018-10-22,1.403245512316252e-06,0.9999563936302361,3.398239648344268e-14,4.220312312695087e-05,1
2018-10-23,4.329862075870359e-06,0.9999241919608982,7.288166425021864e-14,7.14781761457485e-05,1
2018-10-24,5.2585934519443155e-06,0.9998648197133514,1.0344965605889104e-13,0.0001299216938565079,1
2018-10-25,9.437900305647677e-07,0.9998895808342531,1.832258235888069e-14,0.00010947537737706968,1
2018-10-26,1.4030359179341892e-06,0.9999342707553592,3.4379532388588045e-13,6.432620746776982e-05,1
2018-10-29,3.738049598673208e-06,0.9988896457949884,1.7691556811605823e-13,0.0011066161553770861,1
2018-10-30,4.1728372159408865e-05,0.9990351993730887,1.6261452321696106e-11,0.0009230722396681984,1
2018-10-31,2.0213885930935127e-05,0.9998408430795291,9.281883446167495e-12,0.00013894302547244657,1
2018-11-01,1.3326607993192776e-05,0.999840785190313,5.716348535580912e-12,0.00014588819597036965,1
2018-11-02,2.506272101121156e-06,0.9989573922659939,2.7459820859254307e-14,0.0010401014636940928,1
2018-11-05,4.4861278347604265e-06,0.9997980027534558,7.798298283251149e-13,0.00019751111679228034,1
2018-11-06,1.0879377525574394e-05,0.9999203071271581,5.679073222370223e-13,6.881349464140247e-05,1
2018-11-07,1.547543267916743e-05,0.9999122573287375,1.4886941711804965e-12,7.22672364184929e-05,1
2018-11-08,1.859005529836636e-05,0.9995860895680182,7.443070187823533e-13,0.00039532037698306163,1
2018-11-09,2.2649815706861396e-06,0.9997384762381705,1.2310581964920452e-13,0.00025925878133518384,1
2018-11-12,7.247049756372108e-07,0.9999251532389339,2.656612734630942e-14,7.41220561741963e-05,1
2018-11-15,8.261586599471402e-07,0.9999309217777828,5.4359854533451294e-15,6.825206373469214e-05,1
2018-11-16,1.6424321037423228e-07,0.9999417599035896,1.0421783136269968e-14,5.8075854150352636e-05,1
2018-11-19,4.779866308477957e-07,0.9994049979012857,6.443557996341241e-16,0.0005945241119797395,1
2018-11-20,7.331552196212792e-08,0.9999626119465614,4.2246434623336266e-15,3.731473735356657e-05,1
2018-11-21,1.0400764687546929e-07,0.9999196287165993,2.456298133557441e-16,8.026727410476373e-05,1
2018-11-22,4.645519085718184e-08,0.9999632209580084,8.719819595188501e-16,3.6732585166826114e-05,1
2018-11-27,1.6939392482386947e-08,0.9997823490910077,1.4923752464212253e-17,0.00021763396884044294,1
2018-11-28,1.0316118004928374e-08,0.9999675502248454,3.405288390100572e-16,3.24394586414037e-05,1
2018-11-29,1.1246135228797163e-08,0.999883291872438,8.463998289937067e-18,0.00011669688201886014,1
2018-11-30,4.117096163417231e-08,0.9999583030038173,3.378607839530596e-16,4.165582531150509e-05,1
2018-12-03,6.811774798160954e-08,0.9999447045965874,3.692587266147708e-16,5.5227284445817755e-05,1
2018-12-04,9.532386940886447e-07,0.9999238467211151,4.660892609584233e-14,7.520003929435565e-05,1
2018-12-05,5.3148631835261215e-05,0.9992585512297285,1.982157979904639e-12,0.000688300136711775,1
2018-12-10,0.011342502564016891,0.9883087533334985,1.2587990779013525e-08,0.0003487315145339231,1
2018-12-11,0.021943064166937545,0.976948783968624,1.2130223846680635e-08,0.001108139734845146,1
2018-12-12,0.0412739555607066,0.9581935485591626,3.8365726947385486e-08,0.0005324575130220449,1
2018-12-13,0.06749137272916339,0.9316369116587561,4.429457958928457e-08,0.0008716713174759077,1
2018-12-14,0.07999101786951383,0.919334521690264,1.0950755592949171e-07,0.000674350934372628,1
2018-12-17,0.08181097340621013,0.9177903479524521,1.425257093817106e-07,0.000398536114613316,1
2018-12-18,0.07469645417638827,0.9248191951648759,6.064089888109109e-08,0.00048429001788504464,1
2018-12-19,0.062437877227182983,0.9365295363551838,6.404468823119846e-08,0.0010325223737434521,1
2018-12-20,0.03588978424462872,0.9632327548960241,7.253053108203367e-08,0.0008773883300590447,1
2018-12-21,0.008887928861928986,0.9884087287818356,3.302102662530361e-09,0.0027033390529002227,1
2018-12-24,0.001212811492573834,0.9970619989698748,6.746871023630503e-10,0.0017251888639320315,1
2018-12-25,0.0008579548307232019,0.9977076179366409,4.765955918137008e-10,0.0014344267557974725,1
2018-12-28,0.0026062952826509363,0.995242934319813,2.0805664108161666e-09,0.002150768316312536,1
2019-01-04,0.010042907821262125,0.986462122139473,5.8907051281699235e-09,0.003494964149095253,1
2019-01-07,0.0648814026160771,0.9324759095621078,6.601028537688867e-08,0.002642621811100719,1
2019-01-08,0.1495610970659095,0.8425467008090196,5.7398112929702885e-08,0.00789214472775937,1
2019-01-09,0.2405480541497583,0.7510728128478535,2.237877261439969e-07,0.008378909214043832,1
2019-01-10,0.5551860938864493,0.36263487210723927,1.3292783711261893e-07,0.08217890107857015,0
2019-01-11,0.7684458654910921,0.22481137067921309,4.008851312619416e-06,0.006738754977375459,0
2019-01-14,0.8934169210476007,0.10504866904686636,1.2234830194029606e-06,0.001533186421501773,0
2019-01-15,0.9706659591249356,0.028742457318001315,1.5300711863841958e-06,0.0005900534869319093,0
2019-01-16,0.9930212248312802,0.0066686458905403515,1.8643845892437996e-06,0.0003082648932753464,0
2019-01-17,0.9985280595899662,0.0013720126319619456,2.1811855991400865e-06,9.774659144433752e-05,0
2019-01-18,0.9997046050922337,0.00022715018030533776,2.8753560249298878e-06,6.536937064136885e-05,0
2019-01-21,0.9998425837987289,6.955395884521708e-05,2.5872048439369682e-06,8.527503723431504e-05,0
2019-01-24,0.9998959089834757,3.630468729412526e-05,2.6213759725293377e-06,6.516495331172778e-05,0
2019-01-25,0.9998362679976303,5.938041285709059e-05,2.279172170823589e-06,0.00010207241741168221,0
2019-01-28,0.9996395653958192,3.497304754813908e-05,9.044590522409087e-07,0.0003245570982507001,0
2019-01-29,0.9999123347381367,2.650592418433452e-05,3.3610187409570065e-06,5.7798320293780496e-05,0
2019-01-30,0.999925701019482,2.2067682103779923e-05,4.254510054245477e-06,4.7976787973199625e-05,0
2019-01-31,0.999902329939418,1.131655326091977e-05,1.9493283718031837e-05,6.6860223432607e-05,0
2019-02-01,0.9981480089325305,7.885276547824545e-06,0.0016390191476078795,0.00020508664324866657,0
2019-02-06,0.9232076162844763,8.278781232866693e-07,0.07645778768403334,0.0003337681523056684,0
2019-02-07,0.9027765858547347,7.288618367107922e-07,0.09692200446803584,0.000300680815845842,0
2019-02-08,0.9024917321484635,9.308169733406493e-07,0.09732620297420436,0.0001811340604676328,0
2019-02-11,0.9046207310300177,1.0895224763888954e-06,0.09520385619851962,0.00017432324878435322,0
2019-02-12,0.9033365938865712,6.465076984912461e-07,0.09633023039392379,0.0003325292122803879,0
2019-02-13,0.9071406359145037,5.658026542209968e-07,0.09244241688170589,0.00041638140242423154,0
2019-02-14,0.9307989361716245,1.1915343379023202e-05,0.06850803102163841,0.0006811174648682232,0
2019-02-15,0.9957038415760342,0.0028059007656283026,0.0006947816330864295,0.0007954760243064752,0
2019-02-18,0.9552562057705966,0.04367296711129295,4.3734453926104e-06,0.0010664536718018238,0
2019-02-21,0.7404497465334648,0.25670970443776786,5.529863136298509e-07,0.002839996042156195,0
2019-02-22,0.13400836333907457,0.8611419946709374,2.1632961217804652e-08,0.004849620358057297,1
2019-02-25,0.01878542306011228,0.9802230484668687,1.942912569700589e-09,0.000991526529748035,1
2019-02-26,0.002036548974669554,0.9977915241710399,1.6160023926859928e-10,0.00017192669370007628,1
2019-02-27,5.232409782411932e-05,0.9998587049090252,2.204834644250036e-12,8.897098929583873e-05,1
2019-02-28,4.72838575555442e-06,0.9999136527541224,9.404470942669903e-14,8.161886134943289e-05,1
2019-03-01,2.296292966050163e-07,0.9999323479789688,1.0675460868327472e-15,6.742239014231967e-05,1
2019-03-04,9.068564678629879e-10,0.9999632703708583,2.4630286881633466e-18,3.672872315674341e-05,1
2019-03-05,2.5415328024449885e-10,0.9999714617731537,3.159643907895134e-19,2.853797151814874e-05,1
2019-03-06,1.1145828144697216e-08,0.9999709488147229,1.4415685803564027e-17,2.904003834218272e-05,1
2019-03-07,1.053624095754938e-07,0.9999651368090889,1.019854249292216e-15,3.475782837408921e-05,1
2019-03-08,1.6889190727173392e-08,0.9997905299000216,5.857066564453906e-17,0.0002094532106696477,1
2019-03-11,3.2712680421188417e-07,0.999930617900262,5.388262811662533e-15,6.905497383401861e-05,1
2019-03-12,4.100605579164784e-06,0.9999386640304888,3.255365759436259e-14,5.7235364857336926e-05,1
2019-03-13,1.3777091417551665e-06,0.9999473625605442,2.1894800170930068e-14,5.1259730064012274e-05,1
2019-03-14,2.455581357540027e-05,0.9998522545335158,6.134632554868255e-13,0.00012318965125631998,1
2019-03-15,2.9410770938612907e-05,0.9998240549071933,2.233159348985813e-12,0.00014653431834252243,1
2019-03-18,5.1166076130193476e-05,0.9998543628185478,7.092165593902941e-12,9.447109642162186e-05,1
2019-03-19,0.0003436152390056459,0.9995484476318908,5.2098325960966035e-11,0.00010793707869051752,1
2019-03-20,0.0015831865357005836,0.9982444720463581,5.381600736290008e-10,0.00017234087886812795,1
2019-03-21,0.003246767708531309,0.9960144007249024,1.974990584682894e-09,0.000738829591836261,1
2019-03-22,0.003902473763088313,0.9940796973889232,8.86634233726546e-08,0.0020177401832674803,1
2019-03-25,6.62188510308108e-05,0.9945166641905768,9.92014548461906e-12,0.005417116946730422,1
2019-03-26,3.724991999171431e-05,0.9990786806117521,2.735676609742969e-11,0.000884069441081922,1
2019-03-27,7.16567250633671e-06,0.9999026454851171,2.690711882783906e-12,9.01888408830603e-05,1
2019-03-28,4.444579467467324e-06,0.9998214365541557,8.630915174061036e-14,0.00017411886672296948,1
2019-03-29,2.9417451330301017e-06,0.999921523007219,1.1170895434319833e-13,7.55352485200919e-05,1
2019-04-01,6.855971460873379e-06,0.9999211407039137,7.617710965211801e-13,7.200332331938934e-05,1
2019-04-02,1.7723052670589115e-08,0.9994513401981917,1.5440688181394138e-17,0.0005486420797710038,1
2019-04-03,8.549631263428183e-11,0.9999632040311157,4.963631066891624e-18,3.679588478443383e-05,1
2019-04-04,2.2161640890131585e-14,0.9999166179717797,9.490324017965304e-23,8.338202747198977e-05,1
2019-04-05,7.31845598279198e-15,0.9999238925707091,1.0837898002786798e-22,7.610743096553855e-05,1
2019-04-08,3.4293553085765496e-14,0.9999343569516048,3.658489631969019e-22,6.564304875130159e-05,1
2019-04-09,3.418445714147301e-14,0.9999307387455403,1.638880397704369e-22,6.926125585098432e-05,1
2019-04-10,2.9869122572784466e-14,0.999949310364729,2.8071913813531583e-22,5.068963507681953e-05,1
2019-04-11,1.127056306074455e-14,0.9999421338806511,7.888645171566248e-23,5.786611842358571e-05,1
2019-04-12,2.1987489426140618e-13,0.9999383100296342,3.3304717056191774e-21,6.1689968910388e-05,1
2019-04-15,3.007340251500044e-13,0.999866606161212,8.317030073921819e-22,0.00013339383778684344,1
2019-04-16,2.440563926816485e-12,0.9999616296712851,1.97477694402939e-20,3.837032533924403e-05,1
2019-04-17,3.5581389917334557e-13,0.999954072903742,1.0872633928501799e-21,4.592709570905718e-05,1
2019-04-18,1.4933788258930331e-12,0.9999564678854242,1.0615831727138453e-20,4.353211204469807e-05,1
2019-04-19,3.0715650294793077e-13,0.9998769023506163,1.475760971005155e-21,0.00012309764933816426,1
2019-04-24,5.799220159523475e-12,0.9999521415477085,1.0880351594592105e-19,4.7858445809806106e-05,1
2019-04-25,1.8178485276046602e-10,0.9999103444490776,3.836191199744487e-19,8.965536781495625e-05,1
2019-04-26,8.536997595626594e-11,0.9999721048114186,3.676112897228713e-19,2.7895102767218204e-05,1
2019-05-01,1.930995595488767e-09,0.9999553954092425,2.075165901156704e-18,4.460265872199214e-05,1
2019-05-02,5.265052181658063e-09,0.9999556388956086,9.69216612608479e-18,4.4355839440577025e-05,1
2019-05-03,4.244182155839296e-09,0.9999638278234965,5.0184033167384576e-17,3.616793288780072e-05,1
2019-05-08,9.601143573297133e-07,0.999785753416541,3.841782695785639e-15,0.00021328646906036968,1
2019-05-09,4.74597291135793e-06,0.9999367987802852,2.953019771820027e-13,5.8455246590775355e-05,1
2019-05-10,6.078159387920847e-06,0.9998885602179403,6.888565153081119e-14,0.00010536162352280107,1
2019-05-13,4.800012556207854e-06,0.9999333320297986,2.904901194125567e-13,6.186795751698658e-05,1
2019-05-14,4.233275099208903e-05,0.9997099095164856,1.113031811472304e-12,0.0002477577327637495,1
2019-05-15,6.516977728554317e-06,0.9999119895679254,2.166524641651334e-13,8.149345504340651e-05,1
2019-05-16,1.3209076878260902e-06,0.9999471562507335,6.956966652614259e-14,5.1522842380735e-05,1
2019-05-17,0.0003170044517683918,0.9993608574956976,1.2879538866014917e-11,0.0003221380409119848,1
2019-05-20,0.03893416055737848,0.956316178335582,2.5270986306114676e-09,0.004749658580564104,1
2019-05-21,0.874695389134284,0.121417430621969,6.715576997315804e-07,0.0038865086862687344,0
2019-05-22,0.985429555493291,0.014046126712315659,4.159152685181125e-06,0.0005201586408535138,0
2019-05-23,0.9968070678497059,0.003036647968782142,4.380241209535878e-06,0.0001519039397118282,0
2019-05-24,0.9964139536655534,0.0020208848613251585,7.07195156184438e-07,0.0015644542781574847,0
2019-05-27,0.9983975705635215,0.0012750023635083449,7.43424024377354e-07,0.0003266836499622755,0
2019-05-30,0.999694078030353,0.0002194839325525396,3.3462419048164663e-06,8.309179482267261e-05,0
2019-05-31,0.9996001736944781,6.916266762739727e-05,7.3949951756945224e-06,0.00032326864359417143,0
2019-06-03,0.9833253260695919,5.409097142382072e-06,2.1196672998441017e-06,0.016667145167681356,0
2019-06-04,0.9992931425927692,3.632375010495459e-05,4.072118609687288e-06,0.0006664615380487172,0
2019-06-05,0.9999042972627126,1.7085418981879376e-05,4.220581663596869e-06,7.439673646692421e-05,0
2019-06-06,0.9998750607322149,1.8332693692373685e-05,3.3610766073943246e-06,0.000103245497490523,0
2019-06-07,0.9998122160326299,1.8075772598887345e-05,3.904080596668937e-06,0.0001658041154453522,0
2019-06-10,0.9994593576633102,0.000131752698366362,6.419027269602075e-07,0.00040824773717164787,0
2019-06-11,0.9996539860613274,0.00010895841388359941,1.1732573589928911e-06,0.0002358822690260382,0
2019-06-12,0.9998319453662965,7.976553440989738e-05,2.0386402807188996e-06,8.625045773998334e-05,0
2019-06-13,0.9997049813736834,6.62940632995008e-05,3.225320800717247e-06,0.00022549924080037258,0
2019-06-14,0.9969955211249936,0.00025431073664873284,6.432552103090164e-07,0.0027495248846114676,0
2019-06-17,0.9986266408061849,0.00022764343469139497,1.363700551586791e-06,0.0011443520582432689,0
2019-06-18,0.9995499664433487,0.00022444185354446997,1.3704775795512028e-06,0.00022422122459816985,0
2019-06-19,0.9994718219354952,0.0003067371193856095,9.638435724373348e-07,0.00022047710261058814,0
2019-06-20,0.9985064737620903,5.094771118130622e-05,1.0347841901042334e-06,0.0014415437421870035,0
2019-06-21,0.9996070290316668,1.2906109592682231e-05,2.4453712772886013e-06,0.00037761948715789,0
2019-06-24,0.9999001881162789,3.2390198244688744e-06,1.8657898921871643e-05,7.791496332066456e-05,0
2019-06-25,0.9998878309829556,2.169408907969371e-06,7.03193160037604e-05,3.96802907136636e-05,0
2019-06-26,0.9997884010866025,3.5686552306621467e-06,0.00014908020468254717,5.8950054119454764e-05,0
2019-06-27,0.9982565491028604,2.1700792702339236e-06,0.001661353662121515,7.992715425423754e-05,0
2019-06-28,0.9855396496033171,3.399185206215097e-06,0.013340375069317732,0.0011165761405120419,0
2019-07-01,0.5692611916515483,2.2665672675359926e-07,0.4288046982822282,0.0019338834094631493,0
2019-07-02,0.0037873171421596154,3.5888887783641617e-10,0.9937873456090166,0.0024253368888714345,2
2019-07-03,2.2370520129236526e-05,4.6012722707058695e-12,0.9999080774701585,6.95520043847199e-05,2
2019-07-04,8.881544915260045e-06,1.643300456910817e-13,0.9999624249396325,2.8693514116465652e-05,2
2019-07-09,2.3691449241475737e-06,2.5121714983134095e-14,0.9999773288350923,2.030201956269913e-05,2
2019-07-10,3.307040879439382e-06,2.3984991846551473e-13,0.999972935670204,2.3757289679373814e-05,2
2019-07-11,1.8437910229695373e-06,4.890968199039968e-14,0.9996854710206328,0.00031268518667864665,2
2019-07-12,6.419812946887982e-07,4.277246876126392e-14,0.9997947434608413,0.00020461455945889326,2
2019-07-15,3.824780455293951e-07,1.8449713812975194e-14,0.9999671502676003,3.2467253949128395e-05,2
2019-07-16,1.8967862164431593e-07,4.013295269521972e-15,0.999979376609033,2.0433712405183316e-05,2
2019-07-17,1.6033331073866307e-07,1.7187483423161539e-15,0.999971854671005,2.7984994245447838e-05,2
2019-07-18,4.193127701303386e-07,8.968831612257036e-15,0.9999731286161204,2.6452071629260398e-05,2
2019-07-19,3.7510732606555126e-07,2.4345364771856347e-15,0.9999535237434727,4.6101150176055596e-05,2
2019-07-22,4.502668206366462e-07,8.120026444094445e-15,0.9999721186971965,2.7431036877277164e-05,2
2019-07-23,5.481280735848024e-07,7.225474428029867e-15,0.9999761703258497,2.3281547178928784e-05,2
2019-07-24,1.7669188593936466e-06,6.592033961574192e-14,0.9999689662995257,2.92667819977001e-05,2
2019-07-25,0.00033709318519749287,1.7096194469150656e-11,0.9996163347607027,4.6572037747411344e-05,2
2019-07-26,0.0009524178579564031,2.3656297671279675e-10,0.9989969061943573,5.067571229753577e-05,2
2019-07-29,0.00334510262827808,8.673252627997062e-10,0.9965683769892216,8.651951395993771e-05,2
2019-07-30,0.027292095575590765,4.934811079356466e-09,0.9724483113346689,0.0002595881556442284,2
2019-07-31,0.14007107088035195,3.480031055623795e-08,0.8587067143944104,0.0012221799240693814,2
2019-08-01,0.5515801230256389,2.4246160848579057e-07,0.42636926057445557,0.022050373939153392,0
2019-08-02,0.8996406303402994,1.3909472451023975e-06,0.012250570560849156,0.08810740815150422,0
2019-08-05,0.9738017822475703,3.378083321733542e-05,0.001500581043911063,0.024663855874477426,0
2019-08-06,0.9602384830555881,1.7954088381857076e-06,2.2704582250558275e-05,0.039737016954050026,0
2019-08-07,0.9990544166086036,3.0035613543790564e-05,1.923751405061025e-05,0.0008963102626124375,0
2019-08-08,0.9997726142983318,1.2086269765969363e-05,5.514121736603912e-06,0.00020978531102735452,0
2019-08-09,0.9999430458914043,5.821347941133733e-06,1.2679818269837918e-05,3.845294131858248e-05,0
2019-08-12,0.9999024430367762,2.522603404137327e-06,5.8804814089868415e-05,3.622954424617562e-05,0
2019-08-13,0.9997386683387016,1.7068925250388746e-06,0.00015934485921619172,0.00010027990862861855,0
2019-08-14,0.9991009828233144,4.287467843481224e-06,0.00015599515264294188,0.0007387345567835249,0
2019-08-15,0.9816447014066025,1.0394866955565263e-06,6.59324301304568e-05,0.0182883266752812,0
2019-08-16,0.9993906065142525,8.964400259005572e-06,3.1503154653936575e-05,0.0005689259299717845,0
2019-08-19,0.9998927909902882,6.257721718689503e-06,9.749064097293165e-06,9.120222391038016e-05,0
2019-08-20,0.9998886482726832,3.0593670609837142e-06,2.3160239438385065e-05,8.513212062166684e-05,0
2019-08-21,0.9999009571230827,2.642437666347907e-06,4.355973839820805e-05,5.284070091730789e-05,0
2019-08-22,0.9997022693878207,2.7892329517760453e-06,0.0002434962500239762,5.1445127892783304e-05,0
2019-08-23,0.9971532519524732,1.7730331487774631e-06,0.0025795595465089396,0.00026541546833073554,0
2019-08-26,0.9876757101746236,4.188059421735643e-07,0.0050267365787859085,0.007297134442268961,0
2019-08-27,0.9773585405630592,1.600007943856702e-06,0.02150892774476123,0.0011309316826487563,0
2019-08-28,0.9250012661524535,1.3595447034134424e-06,0.0735017837724581,0.0014955905301567126,0
2019-08-29,0.7574042936151683,7.647923411048025e-07,0.2413275014607012,0.0012674401303105686,0
2019-08-30,0.40000701480606526,1.8481223755530597e-07,0.5972243180926875,0.0027684822886865023,2
2019-09-02,0.16424219116788438,1.6492355119819974e-07,0.834740283737569,0.001017360171411381,2
2019-09-05,0.058983138365324,1.118121367420104e-08,0.9386615817704528,0.0023552686846971685,2
2019-09-06,0.007701072360731458,1.7464184557773203e-09,0.9918948218343457,0.00040410405910381393,2
2019-09-09,0.0018611023218099842,6.599330052502147e-10,0.9980763698069729,6.252720976584222e-05,2
2019-09-10,0.00042655320403362824,8.8495728108712e-11,0.9994823115104567,9.113519839507077e-05,2
2019-09-11,0.0002124755222957453,2.677074171539596e-11,0.999730842692378,5.66817569999149e-05,2
2019-09-12,0.00013992345136160846,3.334185914845126e-11,0.9998158001938178,4.427632280082612e-05,2
2019-09-13,2.6205706536202134e-05,5.6169050321112424e-11,0.9997887806439841,0.00018501359310736632,2
2019-09-16,2.7558804877742603e-05,1.4646907219433673e-13,0.9973744195843367,0.0025980216099677294,2
2019-09-17,1.3229196091650696e-05,5.898713159271521e-12,0.9999290541447633,5.771665192224037e-05,2
2019-09-18,5.997677059790256e-07,4.6988115215379306e-14,0.9999793269552856,2.0073277681041883e-05,2
2019-09-19,1.317609478733407e-08,2.0233821545944171e-16,0.9999080824137173,9.190441003331694e-05,2
2019-09-20,2.934283712058961e-07,6.173515869015932e-14,0.9999813813106614,1.8325260857185213e-05,2
2019-09-23,6.0905951166942756e-05,4.635140965935766e-12,0.9998194627048553,0.00011963133904591548,2
2019-09-24,0.08210000749114758,7.910415843142829e-09,0.9174600981925527,0.0004398864045327087,2
2019-09-25,0.12157604983440373,1.3404469102049219e-07,0.877409651585111,0.0010141645374238451,2
2019-09-26,0.13039426583678895,8.422441959294675e-08,0.8675417140890047,0.002063935849947664,2
2019-09-27,0.12464220700750561,7.749190189879962e-07,0.874644640440075,0.0007123776332110734,2
2019-10-02,0.10029818239719762,1.5335948666886207e-08,0.8892603325252438,0.010441469742526186,2
2019-10-03,0.09895684987731,9.649720039711698e-08,0.8998820804169702,0.001160973207476656,2
2019-10-04,0.11974795736107383,1.3177152878540085e-07,0.8799934111641209,0.00025849970149110813,2
2019-10-07,0.13004591911525293,9.211622136193053e-08,0.869549975489861,0.00040401327684775105,2
2019-10-08,0.13552741342389202,1.543202435548119e-07,0.8642918840431534,0.00018054821143685654,2
2019-10-09,0.13256644147521068,1.1975539943866044e-07,0.8672938632474725,0.00013957552152312405,2
2019-10-10,0.13097424250007822,1.235151317170605e-07,0.8688671498440208,0.00015848413989235326,2
2019-10-11,0.12778372869455346,9.349540593513617e-08,0.8717386097965564,0.0004775680141050782,2
2019-10-17,0.10022491207928412,7.172696608759256e-08,0.8994912813051381,0.00028373488934512614,2
2019-10-18,0.07856677243149557,5.0298802670095126e-08,0.9211106240557559,0.0003225532131635733,2
2019-10-21,0.05233617168563907,2.5114879033932188e-08,0.947312998652414,0.0003508045464260309,2
2019-10-22,0.026778990154991123,9.845349641662603e-09,0.9729624037274283,0.00025859627119997886,2
2019-10-23,0.012214688232115804,1.0861430639359714e-08,0.9876697458370506,0.00011555506889433785,2
2019-10-24,0.0064870220253224805,3.111765390484098e-09,0.9931957497480912,0.00031722511550306775,2
2019-10-25,0.0032233459316067413,1.198272152003761e-09,0.9966008211733293,0.00017583169633929652,2
2019-10-28,0.0013089827507968606,3.366484605696219e-10,0.998624007398656,6.700951388034107e-05,2
2019-10-29,0.0003200413436594127,4.573390106914889e-11,0.9996279143591226,5.204425322118784e-05,2
2019-10-30,0.00013906676764505703,1.1073256862885436e-11,0.9998230295128345,3.7903707755207413e-05,2
2019-10-31,1.1329587729217668e-05,6.491865872811349e-13,0.9999424299368296,4.6240473754329716e-05,2
2019-11-01,3.0835582543527193e-06,1.4330289577228286e-12,0.9999336317029197,6.328473723343245e-05,2
2019-11-04,7.75105109956495e-06,1.5150442288172466e-13,0.9991405350469539,0.0008517139028836793,2
2019-11-05,7.457318863596376e-07,2.418850673832099e-13,0.9999068059432816,9.244832375804845e-05,2
2019-11-06,6.357485110141188e-07,9.377260371870799e-15,0.9999436847897983,5.567945992713154e-05,2
2019-11-07,1.0913802417906156e-07,3.468718810974263e-14,0.9999814893166091,1.8401543643626903e-05,2
2019-11-08,4.752628957310557e-06,9.34074697327785e-15,0.999765051139372,0.00023019623177784545,2
2019-11-11,3.1689012280464713e-06,3.2034288761401544e-13,0.9999635980352657,3.32330629139667e-05,2
2019-11-14,2.3456605589817782e-06,4.041368164426242e-14,0.9999562799992918,4.1374341714964485e-05,2
2019-11-15,4.272017447815984e-09,3.039111445354834e-16,0.9999552387139453,4.4757012960630736e-05,2
2019-11-18,2.669357443542181e-08,1.0076719367540741e-15,0.9999765359522637,2.3437355888230536e-05,2
2019-11-19,8.5436469380813e-08,8.735651564874396e-16,0.9999730701917525,2.6844372543976658e-05,2
2019-11-20,6.656510106958295e-08,2.5327350513451233e-15,0.999981591854787,1.8341581911728628e-05,2
2019-11-21,4.3649889522549074e-07,4.2410354113283384e-15,0.9999516778113865,4.788568915274596e-05,2
2019-11-22,3.1739602765975953e-07,4.750748153203161e-15,0.9999719444574369,2.7738147792110416e-05,2
2019-11-25,2.2344162953585258e-07,2.0285575966647123e-15,0.9999811353660757,1.8641193390049824e-05,2
2019-11-26,3.936495135582927e-07,1.9801798296439017e-15,0.999984353386563,1.5252965258850498e-05,2
2019-11-27,3.545675891314026e-07,2.7216242601673192e-15,0.99998401170936,1.5633724442192613e-05,2
2019-11-28,1.3346087884053503e-07,2.3838902846801535e-14,0.9999719893306475,2.787720683303969e-05,2
2019-12-03,2.6071533351821574e-07,8.27904552260166e-15,0.9994883929568049,0.0005113463270475702,2
2019-12-04,9.838769028864057e-07,1.2607085063527698e-13,0.9997101650103917,0.00028885111178031587,2
2019-12-05,2.2489498685167625e-07,4.751681160989095e-14,0.9999768014384867,2.2973666834392424e-05,2
2019-12-06,1.54058226206952e-09,8.362324563801009e-17,0.9999543811428527,4.561731676437981e-05,2
2019-12-09,2.0640018537379755e-09,7.275982455197661e-16,0.9999679455621654,3.205237310682146e-05,2
2019-12-10,5.103185452585337e-10,1.5104422008481844e-16,0.9999101011301597,8.989835807073508e-05,2
2019-12-11,1.1345185621222718e-10,8.715476220671671e-16,0.9999453584000259,5.4641486394645054e-05,2
2019-12-12,1.294984759940376e-10,1.1556025078632918e-16,0.999761415869572,0.00023858400073824092,2
2019-12-13,1.8944200927274882e-09,2.492113345959936e-15,0.9999081649736983,9.183313309838138e-05,2
2019-12-16,8.609692322983684e-10,1.8726832858729178e-16,0.9999100951062083,8.990403391384565e-05,2
2019-12-17,1.1464218356624355e-07,4.22332895958168e-15,0.9999797870374217,2.0098321787316638e-05,2
2019-12-18,2.314621819101585e-08,1.3770687581308804e-15,0.9999783644028356,2.1612449903506684e-05,2
2019-12-19,3.962469095174152e-09,8.451406332730783e-17,0.9999206914636135,7.930457554214282e-05,2
2019-12-20,1.4284802459188374e-07,4.307643457954383e-15,0.9999821976254981,1.765952565066872e-05,2
2019-12-23,5.7439449890918985e-08,6.214152905461106e-16,0.999980115882285,1.9826677326928973e-05,2
2019-12-24,2.934753595823605e-08,6.392638078378695e-16,0.9999804410093148,1.9529643417355967e-05,2
2019-12-25,4.433258624323883e-08,8.506903509704995e-16,0.9999685204900718,3.143517638475825e-05,2
2019-12-30,3.2749320159669205e-08,2.0259331927014017e-15,0.999964305247403,3.5662004392686734e-05,2
2019-12-31,1.1210495994298801e-07,7.40993940648919e-15,0.9999066923470734,9.319554621522503e-05,2
2020-01-06,3.4727161541532725e-07,2.544395792253103e-14,0.9998186012818907,0.0001810514467909892,2
2020-01-07,3.409909595310353e-08,4.272671669202413e-15,0.9999644477965243,3.551810292897725e-05,2
2020-01-08,1.853906414109386e-08,2.012352161015109e-15,0.9999739231296573,2.6058332147017667e-05,2
2020-01-09,5.807332517750479e-08,9.764354931800687e-16,0.9999225700632209,7.737186180992045e-05,2
2020-01-10,7.309876668704696e-07,3.606955575038103e-14,0.9999682396542641,3.102935729998423e-05,2
2020-01-13,6.858352751132629e-06,8.501596585671491e-14,0.9999480723549432,4.5069291231509616e-05,2
2020-01-16,2.814990820502804e-05,2.2735742832956388e-13,0.9999362124881075,3.563760456201628e-05,2
2020-01-17,2.5956420573310516e-06,3.3031531164514923e-14,0.9999805405824901,1.6863776824070643e-05,2
2020-01-23,4.5085171437758184e-07,3.3454533974684825e-14,0.9999797755598306,1.977358992289874e-05,2
2020-01-24,1.961025008765259e-05,9.822565828713462e-13,0.9997228264245689,0.00025756332540968757,2
2020-01-27,9.478033523357255e-06,2.917089761603703e-11,0.9997325593503977,0.00025796258861531397,2
2020-01-28,7.719782401403096e-05,6.206117675091824e-12,0.9984402646879119,0.0014825374813834877,2
2020-01-29,3.813660658230787e-05,1.773091536093346e-11,0.9998928558303103,6.900754510818901e-05,2
2020-01-30,3.6348398183641283e-05,5.094086785192905e-12,0.9999308660732631,3.278552227807111e-05,2
2020-01-31,9.639475097772644e-05,7.377232213625033e-12,0.9997667312156817,0.0001368740270368149,2
2020-02-03,0.0013715617355896553,3.3980441282243946e-10,0.9984883333293911,0.00014010459610182624,2
2020-02-04,0.001312766245450936,8.895659618006805e-10,0.998584746511616,0.00010248635242848897,2
2020-02-05,0.0008896108072869451,4.2845019426810144e-10,0.9988547699215566,0.000255618841517798,2
2020-02-06,0.0007405186411976679,3.578050997588663e-10,0.9990111163277987,0.00024836467208852036,2
2020-02-07,0.0037241609476518934,1.8927833586935214e-09,0.9960360458316966,0.00023979132700698342,2
2020-02-10,0.09355193437110997,1.1019110017162126e-08,0.9042265000788725,0.0022215545315377987,2
2020-02-11,0.28044548565231525,2.099552439870914e-07,0.7176552946395443,0.0018990097546141382,2
2020-02-12,0.5130275610134116,3.6514048723596164e-07,0.48548330220808167,0.0014887716384542843,2
2020-02-13,0.6458133420295977,6.27598509006639e-07,0.35351656429294104,0.0006694660772757361,2
2020-02-14,0.7121393038382914,8.907187668510193e-07,0.2876106107919585,0.0002491946510908098,2
2020-02-17,0.7397847521488702,1.1688776902649874e-06,0.26004436943103554,0.0001697095440950824,2
2020-02-20,0.7364753671817765,1.7924146095809822e-06,0.2630920788709528,0.0004307615318140987,2
2020-02-21,0.7098963352099231,1.3449432870114684e-05,0.28014387696425336,0.00994633839193441,2
2020-02-24,0.5326920896716348,1.7942227786426157e-05,0.30773816632048606,0.1595518017798369,2
2020-02-25,0.07504506505788563,1.6285475774299296e-08,0.23357328159131974,0.6913816370659773,2
2020-02-26,0.0591917668142787,4.737348998333603e-06,0.8934044735784841,0.047399022258836604,2
2020-02-27,0.041688801329497434,2.1187475660654508e-06,0.9192894060920488,0.03901967383187448,2
2020-02-28,0.021737725370593337,8.301058432157981e-07,0.8177415091995789,0.16051993532504116,2
2020-03-02,5.185765272416017e-06,2.745894591626943e-12,2.2155899334991447e-05,0.9999726583327962,3
2020-03-03,0.01903767983760938,6.98931756312114e-06,0.02999516035147727,0.9509601704949068,3
2020-03-04,0.033648246350740714,4.932699072296675e-05,0.078918435403017,0.8873839912566512,3
2020-03-05,2.5714126775291533e-05,1.642817018773078e-09,2.5916087186762174e-05,0.9999483681436834,3
2020-03-06,0.001138666760594454,2.9896603084532206e-06,0.00043903022403426513,0.9984193133539006,3
2020-03-09,2.428827238535799e-21,1.2192253235057769e-26,7.598636238514724e-24,1.0,3
2020-03-10,1.837019151468585e-36,1.146627941145476e-43,2.867910210637187e-42,1.0,3
2020-03-11,1.4490240822446737e-43,7.535329879739001e-53,6.475805207042107e-49,1.0,3
2020-03-12,0.012214168819630208,2.4352337017938967e-05,0.01165347285005678,0.9761080059928222,3
2020-03-13,1.3515455542152738e-14,1.521345189229894e-20,6.07076924643392e-17,1.0,3
2020-03-16,3.8538157148981206e-19,6.70643083813668e-24,7.78652233828362e-21,1.0,3
2020-03-17,3.0734713745105178e-06,2.241610137664449e-09,4.29313254917818e-06,0.9999926311555571,3
2020-03-18,1.976582413565749e-14,2.670872591807102e-19,4.647312379670379e-16,1.0,3
2020-03-19,8.066017430626541e-13,2.0925155628170544e-20,3.532725938667422e-13,1.0,3
2020-03-20,8.877424669485331e-11,3.7765516135748346e-17,1.0587786337689043e-11,0.9999999999017746,3
2020-03-23,1.084453074590463e-10,1.315831390939827e-14,1.43008172978214e-10,0.9999999997489795,3
2020-03-24,0.00030680514416638754,1.64030266115067e-06,0.0007758620840212998,0.9989156924676303,3
2020-03-25,3.243699138267891e-13,1.1629187191240412e-17,7.119380454786203e-17,1.0,3
2020-03-26,7.443105201948291e-17,1.1490934478536765e-20,8.452431036182157e-22,1.0,3
2020-03-27,1.33394533040242e-08,2.408435021355853e-11,2.3438251375377447e-13,0.999999986637704,3
2020-03-30,0.0021138778088795112,0.00013486829958382981,2.5360385771476083e-08,0.9977512285325113,3
2020-03-31,0.15112948307440308,0.004973770473298238,2.7102825369773767e-05,0.8438696436277309,3
2020-04-01,0.17937169262104297,0.003682326736718353,1.3328402970597912e-05,0.8169326522374544,3
2020-04-02,0.16462898021131356,0.00033908889037987197,0.0009459301417625819,0.8340860007552149,3
2020-04-03,0.004070101827833425,0.00016738192955815517,1.0601002028802561e-07,0.9957624102308528,3
2020-04-06,0.0001390936594163285,0.02536775009906738,6.119133565117321e-09,0.9744931501213049,3
2020-04-07,0.0020057796575488223,0.09628444976487976,7.157890317441807e-07,0.9017090547868912,3
2020-04-08,0.00045593788655114034,0.0025618680004929977,9.840828483631802e-10,0.9969821931271794,3
2020-04-09,0.2285282137476989,0.09436541347749754,0.0001488799784077212,0.6769574927965983,3
2020-04-10,0.1977128462124584,0.140274677031789,4.955135300676453e-06,0.6620075216187582,3
2020-04-15,0.08560013114299517,0.21267607900239377,1.0806403083178802e-06,0.7017227092157656,3
2020-04-16,0.0001353986555534458,0.25725654608960186,8.40872596337647e-12,0.7426080552471831,3
2020-04-17,6.549427741394843e-07,0.9780557188512047,9.201095597332393e-13,0.02194362620520413,1
2020-04-20,7.251340129387048e-08,0.9991672883854176,3.597600132803691e-14,0.0008326391012955355,1
2020-04-21,2.3391987884963777e-09,0.9998744967415093,3.906319585953236e-15,0.00012550091834559403,1
2020-04-22,4.428441680316387e-06,0.9983404429367769,7.177482652167087e-12,0.0016551286127328548,1
2020-04-23,6.945042708245635e-05,0.9724870317027359,2.6584279122934963e-10,0.027443517603198467,1
2020-04-24,2.636488935611934e-24,0.5293203714638081,1.5055494388568728e-27,0.47067962853752615,3
2020-04-29,2.38630477932941e-17,0.4428460799354601,1.528645167537724e-20,0.5571539200635147,3
2020-04-30,2.2825431243253283e-24,0.07509363788706198,1.2874806765980666e-26,0.9249063621132034,3
2020-05-01,7.69676640344951e-29,0.005212121417578915,2.7429874074751886e-29,0.9947878785824428,3
2020-05-04,6.081103779962473e-25,0.0008685247626570099,3.920926659166621e-26,0.999131475237365,3
2020-05-05,7.765220100389639e-26,0.0032721663735687584,1.675468377264848e-26,0.9967278336259253,3
2020-05-06,3.6937771374138716e-23,0.006545246989421461,1.2891189223890237e-24,0.9934547530100105,3
2020-05-07,9.307962321396776e-23,0.005431086304428753,3.055008608665757e-24,0.9945689136941557,3
2020-05-08,8.605572420325183e-29,0.014415381528030045,7.110840181216117e-30,0.9855846184733208,3
2020-05-13,1.190890126656205e-19,0.4510860194741576,3.4150066317597293e-22,0.5489139805250606,1
2020-05-14,2.9690094101106356e-21,0.6030680547351357,8.815895931073958e-24,0.39693194526406117,1
2020-05-15,1.1645421746627792e-19,0.7523088823143788,2.667583281775617e-22,0.24769111768461452,1
2020-05-18,5.5958380830065965e-21,0.8017768950726295,2.1716117056628387e-23,0.19822310492775883,1
2020-05-19,1.2978231440621202e-20,0.828896332229655,6.596023889700218e-25,0.17110366777021419,1
2020-05-20,7.615908347117105e-19,0.975536379957836,1.1737097854800713e-22,0.02446362004095184,1
2020-05-21,1.8107771160713686e-18,0.9939620831664437,1.1744250215358461e-23,0.006037916833904777,1
2020-05-22,6.246562785327216e-15,0.9995586725121278,1.3355906353711502e-20,0.00044132748923019996,1
2020-05-25,1.1348061570616865e-14,0.9997778462818303,5.227355014731745e-22,0.00022215371811928292,1
2020-05-28,2.535923422448636e-13,0.9999535435695358,1.0195667954696439e-20,4.64564315976165e-05,1
2020-05-29,4.617234761776428e-13,0.9999137729462082,4.196867992442826e-21,8.622705301940388e-05,1
2020-06-01,6.607957453297352e-17,0.9997703724951842,4.74122046764448e-23,0.0002296275051156191,1
2020-06-02,4.2381055661741106e-16,0.9980708054716741,1.4282680838927216e-23,0.0019291945300230792,1
2020-06-03,4.524510542660624e-16,0.9997668310439988,2.371184895991016e-21,0.00023316895662621527,1
2020-06-04,1.1628476949754592e-11,0.9988538151450503,2.666488760625915e-19,0.0011461848441644256,1
2020-06-05,5.709938171478965e-12,0.9997771175204053,1.225099292975639e-18,0.00022288247422533715,1
2020-06-08,1.41118037429456e-08,0.9997081788297626,3.841434248128883e-16,0.0002918070590913315,1
2020-06-09,2.3761499498068347e-08,0.9997938017455249,4.597405238704359e-15,0.00020617449337866775,1
2020-06-10,6.439666051318843e-08,0.9990114093025845,1.5640548300478958e-13,0.000988526301346661,1
2020-06-11,7.604633508346475e-08,0.9415238685275322,3.021725105773249e-14,0.05847605542607956,1
2020-06-12,8.006785110394823e-09,0.41433083209497634,7.814606183092048e-17,0.5856691598981083,3
2020-06-15,2.7924311408251226e-07,0.992320584611286,3.2653146221199156e-13,0.007679136146771549,1
2020-06-16,6.916571744763128e-07,0.9996054522942772,1.6227092435708989e-12,0.00039385604755427887,1
2020-06-17,4.245507585288849e-05,0.9994768075024532,2.8342498293542602e-11,0.00048073739216103733,1
2020-06-18,0.0015543157406154862,0.9936019739224562,1.1941844517512852e-10,0.004843710216786948,1
2020-06-19,0.9055058894588209,0.08096973321030689,7.797927677040309e-07,0.01352359753937773,0
2020-06-22,0.9925482922375979,0.006893202454592531,6.488581113327517e-06,0.0005520167268361092,0
2020-06-23,0.9997060957112498,0.00013540778376735927,2.4730796431451542e-05,0.0001337657079884489,0
2020-06-24,0.9991788538727009,1.5201022247427262e-06,0.0007106868891591977,0.0001089391346369008,0
2020-06-25,0.998575489823583,9.239720223384252e-07,0.001197906651810375,0.00022567955408919578,0
2020-06-26,0.9983072443920965,8.718234632585771e-07,0.001511182614121227,0.00018070117059643947,0
2020-07-01,0.9998229608945123,2.9400493068172976e-06,0.00010809828929184514,6.600076592042554e-05,0
2020-07-02,0.9996600583875516,2.371083938861826e-06,0.00021885185649409933,0.00011871867217436483,0
2020-07-03,0.9959484352406702,2.2114711940409204e-06,0.003919413651245466,0.0001299396379266782,0
2020-07-08,0.965015603951882,2.3725271935888243e-06,0.033609014635302255,0.0013730088873090448,0
2020-07-09,0.654058295036722,7.667476698279188e-08,0.3422448906186066,0.00369673766917165,0
2020-07-10,0.025043836576290307,2.388571921556757e-09,0.9739113561809765,0.001044804854636475,2
2020-07-13,0.00048434629722691455,2.7817827910524387e-11,0.9994557684459952,5.988522799430351e-05,2
2020-07-14,5.660270588542862e-07,5.0112489892136714e-14,0.9999805839208893,1.8850052750010076e-05,2
2020-07-15,1.3684272447102532e-07,2.1575478504792773e-15,0.9999732004788253,2.6662678751843172e-05,2
2020-07-16,4.5779242264394314e-08,8.366281929009968e-16,0.9999575657147544,4.238850472463972e-05,2
2020-07-17,7.874856556057954e-06,9.954562128961547e-14,0.9999644269334578,2.7698209356081063e-05,2
2020-07-20,9.787464245326555e-06,6.92347343186941e-14,0.9999645594275793,2.5653108558234386e-05,2
2020-07-21,4.7822212299632175e-06,1.0714077841680358e-13,0.9999714174056313,2.3800373490249805e-05,2
2020-07-22,1.3204500794236598e-06,3.5318346171425446e-15,0.9999279429635757,7.073658588405844e-05,2
2020-07-23,1.0896112223042944e-06,1.8122422204956885e-14,0.9999809695355919,1.7940853872190755e-05,2
2020-07-24,1.0906089367787128e-06,1.1380444595363946e-14,0.9999807781379116,1.8131254877466707e-05,2
2020-07-27,6.491004428808367e-08,2.3764758788159757e-15,0.9999608286266861,3.9106464408263074e-05,2
2020-07-28,8.056839948379255e-09,1.3540064705567762e-16,0.9998883836937943,0.00011160825084410336,2
2020-07-29,5.024855323124958e-09,1.568836781960196e-15,0.9999773249061642,2.2670067808932167e-05,2
2020-07-30,8.652071067027571e-10,1.0889743840829966e-16,0.9999579045636063,4.2094569684566075e-05,2
2020-07-31,2.408536555632026e-10,1.2187746678067328e-15,0.9999461948642384,5.380489360906209e-05,2
2020-08-03,1.4402153110319273e-12,1.8429964494737033e-16,0.9994668295067481,0.0005331704901735046,2
2020-08-04,2.6300648725315934e-13,1.0194445529331472e-15,0.9992024368162591,0.0007975631849259376,2
2020-08-05,2.309272844022665e-13,5.530836566521652e-16,0.9989573282498126,0.0010426717490654653,2
2020-08-06,2.6690777887513418e-11,1.5782974370045065e-15,0.9995216716298926,0.00047832834330306374,2
2020-08-07,6.18338108055545e-12,3.5363930425866774e-15,0.9998034241930098,0.00019657580090716667,2
2020-08-10,1.3918108852374635e-12,3.9956350136451286e-16,0.9992129397039047,0.0007870602934995695,2
2020-08-13,4.465286515067569e-13,9.626362305396114e-17,0.9993234857330502,0.0006765142671445924,2
2020-08-14,2.0563586745077861e-10,2.4728528134812544e-15,0.9999161652304315,8.383456330914618e-05,2
2020-08-17,4.4763379012002566e-11,2.264111811414434e-16,0.9999013070329419,9.869292280756727e-05,2
2020-08-18,2.130787846803902e-09,1.2412997367180571e-15,0.9998544368006254,0.00014556106851685956,2
2020-08-19,1.4736150814382304e-09,1.8902409356693993e-15,0.9999309876824941,6.901084389305784e-05,2
2020-08-20,7.846347808146911e-10,3.0060098923502024e-16,0.9998705430500276,0.0001294561657664271,2
2020-08-21,1.1198254806215815e-09,4.616921982720039e-16,0.9999498308895896,5.016799220255639e-05,2
2020-08-24,1.0076786006015009e-08,6.586082364528702e-16,0.9999705049069919,2.9485017397067375e-05,2
2020-08-25,1.3216111348599726e-08,1.839732379433709e-15,0.999976665072024,2.3321711190627852e-05,2
2020-08-26,6.027983562681478e-09,1.3865967835592293e-16,0.9998901914854208,0.00010980248770150043,2
2020-08-27,4.609286029247011e-09,1.2586176724639754e-15,0.999965650841343,3.4344548419124676e-05,2
2020-08-28,9.59198083469942e-09,4.392699918618493e-15,0.9999518314394572,4.8158967288445416e-05,2
2020-08-31,8.321389167067242e-09,1.4249869628716544e-16,0.9996297913395057,0.0003702003383754147,2
2020-09-01,2.159214135111346e-09,1.830570922057113e-15,0.9999672010084631,3.2796833862887054e-05,2
2020-09-02,5.600093489693998e-08,5.494728241392065e-15,0.99997707980293,2.2864195561544758e-05,2
2020-09-03,2.8691944429374687e-10,1.0873827001916095e-16,0.9998976436691782,0.00010235604529330813,2
2020-09-04,2.634686936937846e-10,5.888881756353727e-16,0.9999484931818424,5.150655589447111e-05,2
2020-09-07,3.086070728929884e-10,6.780324826636494e-17,0.9999200079673065,7.99917252793796e-05,2
2020-09-10,3.4900123344413134e-07,1.3006981160857566e-14,0.9999686678927056,3.0983106736560235e-05,2
2020-09-11,5.284479278994758e-07,4.915711645250441e-15,0.9999583416739203,4.112987657804722e-05,2
2020-09-14,7.685924079516522e-07,2.6656470250366277e-14,0.999978026034529,2.1205373868204097e-05,2
2020-09-15,7.024648579657752e-05,2.2654167365799708e-12,0.9998907288469712,3.902466481937877e-05,2
2020-09-16,0.0020074694288560475,2.009382597400708e-10,0.9979151344473823,7.739592377992689e-05,2
2020-09-17,0.03183246677775913,3.0234910156987426e-09,0.9670765858582345,0.0010909443396901846,2
2020-09-18,0.8889803073975798,1.3816291600333067e-07,0.10773469616832997,0.003284858271994803,0
2020-09-21,0.9864379583148336,2.1277638650750173e-06,0.013248394156023283,0.00031151976626774984,0
2020-09-22,0.9988350436454986,2.429515061212333e-06,0.0009340642226715044,0.0002284626166397141,0
2020-09-23,0.9998144993293968,2.1989749358373e-06,0.00010892588006417913,7.43758154753314e-05,0
2020-09-24,0.9997842349706074,1.5441264238605713e-06,4.984056130120958e-05,0.00016438034095960272,0
2020-09-25,0.9998815896149111,2.097562878718406e-06,7.310462475169532e-05,4.3208196782767466e-05,0
2020-09-30,0.9997494167055521,1.3361907193777592e-06,0.00019098528909151124,5.826181435641454e-05,0
2020-10-01,0.9995909814398469,7.990635952047106e-07,0.0002773188983626715,0.00013090059718691427,0
2020-10-02,0.9998979253399971,3.3021845877064204e-06,4.233424770614148e-05,5.643822947356473e-05,0
2020-10-05,0.9992586072276053,3.517211095397839e-05,5.456086053405915e-05,0.0006516598005100678,0
2020-10-06,0.9525400937351739,0.0003668314187904172,0.0002721114593233554,0.04682096338666971,0
2020-10-07,0.0033565070291192243,1.4340387298273232e-09,3.7565951631305395e-09,0.9966434877816506,3
2020-10-08,0.9816528311687522,0.0002575366529472716,0.000612376230593444,0.01747725594714149,0
2020-10-09,0.9996327085263038,1.050230383575029e-05,8.32474406222076e-05,0.00027354173075672735,0
2020-10-15,0.999935429081463,6.712804005605917e-06,1.1328605447066789e-05,4.652950919840809e-05,0
2020-10-16,0.9998955585298658,1.2806523171641469e-05,6.024675237820094e-06,8.561027014810437e-05,0
2020-10-19,0.9999208232898804,1.8682701731058788e-05,5.017741949058514e-06,5.547626496437213e-05,0
2020-10-20,0.9997100144199116,8.857961896444726e-05,1.462390832622169e-06,0.00019994356957739442,0
2020-10-21,0.9996377448271497,0.00020443838402412875,1.1647314603270003e-06,0.0001566520565618503,0
2020-10-22,0.9991417253962958,0.0004540148237098799,7.177798488897146e-07,0.00040354199868881485,0
2020-10-23,0.9987117900924704,0.0011017358858440391,1.179302814177857e-06,0.00018529472022357337,0
2020-10-26,0.9976041791634984,0.002251014174913945,1.1944320852105434e-06,0.0001436122295937548,0
2020-10-27,0.9942973772515171,0.005247946536178351,8.158412074155135e-07,0.00045386037022829154,0
2020-10-28,0.9929275218714799,0.006627906490509953,7.063762388858765e-07,0.00044386526333440316,0
2020-10-29,0.9917604637249062,0.006532260572506164,5.220599398745177e-07,0.0017067536438704737,0
2020-10-30,0.9959464797984556,0.0026732660961318487,8.146453379197287e-07,0.001379439459573651,0
2020-11-02,0.9997681679486036,0.00012650716750521457,1.0458489088913341e-05,9.486639650608894e-05,0
2020-11-03,0.9992606994616119,7.90871620544629e-05,2.5391079080130527e-05,0.0006348222967853238,0
2020-11-04,0.9650681530659879,0.00042791457822890665,0.00020443758536448976,0.03429949476920944,0
2020-11-05,0.06387328167003546,2.2781581872834822e-08,6.530458199502827e-08,0.9361266302428587,3
2020-11-06,0.6729221235217889,0.00020329571141250468,2.707552889198201e-05,0.3268475052365182,0
2020-11-09,0.9455028511285672,0.0005198940505049346,2.2496616164626577e-05,0.05395475820492891,0
2020-11-10,0.9697846882613357,5.5584472915221586e-05,4.1486993474355715e-06,0.030155578567239393,0
2020-11-11,0.9946114672996794,0.00034823342019286687,1.809077148755877e-06,0.005038490204144852,0
2020-11-16,0.9992457660558055,0.00028612702631652953,9.693686775963836e-07,0.0004671375505803168,0
2020-11-17,0.9998682174921163,5.8692931585131e-05,2.6432153176806955e-06,7.044636034079663e-05,0
2020-11-18,0.9999141068984722,2.8179848531781527e-05,3.3393339459955315e-06,5.437392038084219e-05,0
2020-11-19,0.9999290215507863,1.1786461471483654e-05,2.3298352921328635e-05,3.5893636012513756e-05,0
2020-11-20,0.999518751930871,0.00032050630708047257,9.787948978303037e-07,0.00015976296572537394,0
2020-11-23,0.9994506283857295,0.00041789765792787817,1.0040838574799988e-06,0.00013046987277099076,0
2020-11-24,0.9995390104352584,0.00031795753488312483,1.2234306726590339e-06,0.0001418086008962191,0
2020-11-25,0.9996001874587225,0.00016393899126648968,9.478183440075064e-07,0.00023492573290364273,0
2020-11-26,0.9997510668843059,0.00011279513667401437,1.2108534484416182e-06,0.0001349271248650977,0
2020-12-01,0.9998594068926868,5.4386176090427556e-05,2.988155770504209e-06,8.321877569239514e-05,0
2020-12-02,0.9992621393389203,4.918655047166373e-05,1.161920193187997e-06,0.0006875121894974885,0
2020-12-03,0.999261170351645,0.0003481710112059312,7.279003068721233e-07,0.0003899307354250791,0
2020-12-04,0.9994754724673405,0.0002779664362934313,7.86006411115948e-07,0.0002457750890336165,0
2020-12-07,0.9996138877906107,0.00017205083226668938,1.1438659920253174e-06,0.00021291751026742984,0
2020-12-08,0.9995198430216875,5.5539725360823196e-05,2.178944578750013e-06,0.0004224383065886334,0
2020-12-09,0.9999137348271162,2.7944575385727737e-05,3.875150396001798e-06,5.4445448440742396e-05,0
2020-12-10,0.9999365029913295,1.5257628216510843e-05,5.142898227469043e-06,4.3096484002690474e-05,0
2020-12-11,0.9999402776892766,1.0447646798831081e-05,6.698920568701105e-06,4.257574370881508e-05,0
2020-12-14,0.9999336170683024,7.643744854415463e-06,1.908205528704195e-05,3.9657131764255326e-05,0
2020-12-15,0.999535528009696,1.159650636536533e-06,0.00038478091948282683,7.85314198579804e-05,0
2020-12-16,0.9992578709706516,7.125254968395071e-07,0.000607706661936093,0.00013370984214299193,0
2020-12-17,0.999596745865325,1.28530271610002e-06,0.0003405246629816847,6.144416721772003e-05,0
2020-12-18,0.9998101071781192,1.4070455855227925e-06,0.00011209987389167614,7.638590178861378e-05,0
2020-12-21,0.9998308027134335,1.6353268691740301e-06,0.00011681112732393884,5.075083225122007e-05,0
2020-12-22,0.9998445967231206,1.979536661614552e-06,9.385045642065505e-05,5.957328421908389e-05,0
2020-12-23,0.9998206750613916,1.3092924573783873e-05,4.912151593041913e-06,0.00016131986378715077,0
2020-12-24,0.9998946309971528,1.638361773254944e-05,2.7519756003191155e-06,8.623341038913156e-05,0
2020-12-25,0.9999309450228617,1.9026307983364283e-05,3.962165711332601e-06,4.60665042062628e-05,0
2020-12-30,0.9999066288484428,2.0000478865741143e-05,2.8979414406446478e-06,7.047273028731349e-05,0
2020-12-31,0.9999019847253712,1.6751339976768783e-05,3.144749859854159e-06,7.81191839195786e-05,0
2021-01-01,0.9999201995316019,2.0723993412023386e-05,4.175532294346952e-06,5.490094147290108e-05,0
2021-01-06,0.9998210837260112,1.2352844979282809e-05,4.094343639620465e-06,0.000162469083600504,0
2021-01-07,0.9973359462244998,9.090601903163371e-06,2.2895999331617957e-06,0.0026526735727547108,0
2021-01-08,0.9997262926416336,5.819010909426036e-06,7.949238694260012e-06,0.00025993910976923867,0
2021-01-11,0.9999260580679112,5.899454123383268e-06,1.058012507118525e-05,5.746235428648546e-05,0
2021-01-12,0.9998919221234842,4.255504750938942e-06,1.1586539055989959e-05,9.223583114217706e-05,0
2021-01-13,0.999813629319404,1.41630455685397e-06,2.5221959735583894e-05,0.00015973241650624664,0
2021-01-14,0.9996973333942931,1.945269639753696e-06,4.2138194091180094e-05,0.00025858314282853226,0
2021-01-15,0.9998995474341449,2.0870553308996543e-06,3.814214262585411e-05,6.022336739792492e-05,0
2021-01-18,0.9998748061273729,2.9294627707215598e-06,2.6728946815751573e-05,9.553546429927287e-05,0
2021-01-21,0.9999331242568753,3.896115859720377e-06,1.714472904001204e-05,4.583489748550697e-05,0
2021-01-22,0.9999280101631178,3.5268842823104664e-06,2.0992377166279414e-05,4.7470576905881713e-05,0
2021-01-25,0.9998184043974763,1.4965302094736758e-06,0.0001202661379460152,5.983293436880564e-05,0
2021-01-26,0.9998647723932838,2.5972045028589163e-06,6.736172635894e-05,6.526867652160782e-05,0
2021-01-27,0.9999174248267118,2.4042919097488375e-06,3.5717753192168333e-05,4.4453128611330234e-05,0
2021-01-28,0.9998790602745486,2.862752783346997e-06,2.1828614008835947e-05,9.624835940347206e-05,0
2021-01-29,0.9999312093292699,3.4168464793193007e-06,2.1689977340811653e-05,4.3683847819549566e-05,0
2021-02-01,0.9998805603202995,1.809308214933487e-06,4.150095823055019e-05,7.612941241081065e-05,0
2021-02-02,0.999900288543578,2.3775859145861716e-06,4.4235704047218934e-05,5.309816731041099e-05,0
2021-02-03,0.9999035172895296,2.3359339727264416e-06,4.997857654927862e-05,4.4168201395674566e-05,0
2021-02-04,0.9998028902646695,1.4669591273181887e-06,0.00012023875161871655,7.540402424925936e-05,0
2021-02-05,0.9995345159400536,1.1085244283687668e-06,0.0003638772082071892,0.00010049832742945138,0
2021-02-10,0.9987574671950006,8.677626289581292e-07,0.0011279305736512566,0.0001137344683887241,0
2021-02-11,0.9967650025096233,1.5884551770063263e-06,0.003168500757343278,6.490827766584348e-05,0
2021-02-12,0.9881785682704681,1.7385059745935535e-06,0.011674278451806033,0.00014541477337804237,0
2021-02-15,0.9429622349343594,1.0435405425622723e-06,0.055660031765361655,0.001376689760946786,0
2021-02-18,0.5836241340055462,3.9163736283127304e-07,0.41496843516828513,0.0014070391894919485,2
2021-02-19,0.3743639487147545,3.484205850655435e-07,0.6245948794040889,0.0010408234619974023,2
2021-02-24,0.23702702007164625,1.972832928900425e-06,0.7599039833375912,0.003067023758035951,2
2021-02-25,0.18777649365236523,9.159385342047977e-06,0.764420224239414,0.0477941227219903,2
2021-02-26,0.00044735575825743745,2.854322022569436e-11,0.08819205847017703,0.9113605857446958,3
2021-03-01,0.00391568595393456,5.2089302026004704e-06,0.4918364027243919,0.5042427023915863,2
2021-03-02,0.0010803182243183424,2.165416982732609e-07,0.4835182308838454,0.5154012343510895,2
2021-03-03,0.0032483110958344305,4.106596514363594e-08,0.4386400730177547,0.5581115748200394,2
2021-03-04,0.09717065194502031,9.077761084118464e-07,0.45677969104843463,0.44604874923034343,2
2021-03-05,0.3411080598083853,2.971729585219991e-06,0.4721671502475957,0.18672181821489522,2
2021-03-08,0.6042075393032537,6.24609368489264e-06,0.3784506956778132,0.017335518925835337,2
2021-03-09,0.954384150046318,2.6170766788252377e-06,0.04342062340956539,0.002192609466238737,0
2021-03-10,0.9952095081536907,8.578769234470831e-07,0.003992557482048766,0.0007970764876176457,0
2021-03-11,0.9994360906572731,1.6070294050425294e-06,0.0004267880653056025,0.00013551424772885535,0
2021-03-12,0.9997493820443023,1.7425577701333985e-06,7.060192163509212e-05,0.00017827347800325265,0
2021-03-15,0.9975415588551594,4.38746719499602e-07,3.137839053618805e-05,0.0024266240076169826,0
2021-03-16,0.9998921470245157,3.4539112448684644e-06,4.1192846460236906e-05,6.3206216499354e-05,0
2021-03-17,0.9999255142740954,7.708937310095829e-06,1.5288096679027753e-05,5.148869138997647e-05,0
2021-03-18,0.9988368535189139,4.4750860823173414e-05,8.158334202205186e-07,0.0011175797872751208,0
2021-03-19,0.9988931892555454,5.0337237604971156e-05,1.1942449515960446e-06,0.0010552792600961615,0
2021-03-22,0.9998567629594023,4.930438362682524e-05,2.4089543656440712e-06,9.152370160008846e-05,0
2021-03-23,0.9998227925041145,2.8226617279984997e-05,3.9697613735727375e-06,0.0001450111158852289,0
2021-03-24,0.9975112920551619,9.337674690087977e-06,2.859900729851999e-06,0.0024765103689135563,0
2021-03-25,0.9998613514700637,1.1476419463561282e-05,9.379465576112137e-06,0.00011779264410758106,0
2021-03-26,0.999943018586291,8.364722245156939e-06,9.005924789410665e-06,3.961076826759261e-05,0
2021-03-29,0.9998897367626454,4.474143643389284e-06,9.392384764017276e-06,9.639670982030292e-05,0
2021-03-30,0.9998524975837364,4.283924255169108e-06,1.3815809063646263e-05,0.0001294026843196582,0
2021-03-31,0.9996386087236003,2.2161029533806035e-06,0.0002466163033129859,0.0001125588696975331,0
2021-04-01,0.995702318900863,6.510404049345079e-06,0.0034689849309760654,0.0008221857652736868,0
2021-04-02,0.8293193078329583,3.98583356431811e-07,0.16581070077667479,0.004869592805381709,0
2021-04-07,0.6752079526586978,5.675771681448977e-07,0.3232386834655735,0.0015527962968919326,0
2021-04-08,0.43746805310546366,1.2210234497050507e-07,0.5607107517307446,0.0018210730614330194,0
2021-04-09,0.020292533100808592,3.770952634014332e-09,0.9786037190725542,0.0011037440561804121,2
2021-04-12,0.002470903018584746,4.997521491169751e-10,0.9973858928961564,0.00014320358645012704,2
2021-04-13,0.0005704626966376238,1.259549960485958e-10,0.9993715806518128,5.795652724488289e-05,2
2021-04-14,0.00021407985703024966,3.013829940833605e-11,0.9997290574981681,5.6862615998979756e-05,2
2021-04-15,0.00020306813065406424,3.237316103041427e-11,0.999751741128799,4.519070743184978e-05,2
2021-04-16,0.00036254902125991667,6.718872411691801e-11,0.9995549615891882,8.248932332486284e-05,2
2021-04-19,0.0003984480185443939,3.635309917261602e-11,0.999478572015066,0.0001229799289116564,2
2021-04-20,3.784595439036767e-05,2.080823782564451e-12,0.9999008288279244,6.132521688571285e-05,2
2021-04-21,3.5638539764892274e-05,1.9532394644630696e-12,0.9999333154417214,3.104601610229166e-05,2
2021-04-22,7.530573992564387e-05,2.6640801141927594e-12,0.9998839545913868,4.073966715172266e-05,2
2021-04-23,9.190991059770782e-05,5.643682033634957e-12,0.9998554922070826,5.259787682017695e-05,2
2021-04-28,0.0001008466636461202,5.773224233854286e-12,0.9998453007665669,5.385256576527759e-05,2
2021-04-29,6.23521389895388e-05,1.9102790570138107e-12,0.9998829089471779,5.473891167120372e-05,2
2021-04-30,3.964280351925044e-05,3.4555276800395084e-12,0.9999279634111812,3.239378111182837e-05,2
2021-05-03,1.8442626690676153e-06,2.10541681078135e-14,0.9998882370159591,0.00010991872278826347,2
2021-05-04,7.144422470031331e-06,2.0128306675321128e-13,0.9999632973309294,2.955824529629415e-05,2
2021-05-05,5.730319542499175e-06,6.071128141201452e-14,0.9999651671160342,2.910256495263853e-05,2
2021-05-06,1.0949162381613308e-05,2.0674190580279776e-13,0.9999665315843361,2.2519254635152155e-05,2
2021-05-07,1.6261255883601636e-05,2.682769911890978e-13,0.9999318834005971,5.1855342497778745e-05,2
2021-05-12,6.0381647956076425e-05,1.3155590162238603e-11,0.9998686410826468,7.097725601568322e-05,2
2021-05-13,0.0001455135222427644,6.830980446200977e-12,0.9991960002419854,0.0006584862273690221,2
2021-05-14,0.002621090356181692,2.9629649562963613e-09,0.9972846799588296,9.422672070589709e-05,2
2021-05-17,0.017886826721403903,3.260847590045966e-09,0.9818805528215795,0.0002326171964534796,2
2021-05-18,0.043528613065635255,2.3874165250950195e-08,0.9560496635067331,0.0004216995546428937,2
2021-05-19,0.05244384706755811,5.819937280877263e-08,0.9472343515182656,0.00032174321347062533,2
2021-05-20,0.04755190062006813,2.171450361006698e-08,0.9519409997356466,0.0005070779291750038,2
2021-05-21,0.0043737925786599624,3.8695219608425263e-10,0.9954200061428311,0.0002062008911632432,2
2021-05-24,0.00023538677234351713,4.795190037519929e-11,0.9997233295813732,4.128359730250601e-05,2
2021-05-25,7.210980726410268e-05,6.287679045220995e-12,0.9998867708389889,4.111934566647424e-05,2
2021-05-26,8.314573142443577e-05,4.7014251858243136e-12,0.9998700846950441,4.676956891066595e-05,2
2021-05-27,9.447812453654179e-05,5.969371422324619e-12,0.9998596827073227,4.58391632573068e-05,2
2021-05-28,6.773371539071478e-05,1.9012316813601757e-12,0.9998821977840268,5.006849893723586e-05,2
2021-05-31,3.4773113899346234e-05,2.318207478172993e-12,0.9999369261160552,2.8300768696607886e-05,2
2021-06-03,0.00012032489932474763,1.2999577721832063e-11,0.9998330130942508,4.666199496516698e-05,2
2021-06-04,0.00011776133422531184,1.2876815645875544e-11,0.9996575534427311,0.00022468521117046094,2
2021-06-07,0.00017026322339539114,1.716282600747139e-11,0.9995763987489786,0.00025333801028095234,2
2021-06-08,0.000213692973481218,7.787326308262264e-11,0.9997374848540993,4.8822093525639796e-05,2
2021-06-09,0.0004023587292627492,1.2162823171527692e-10,0.9994981812078512,9.94599424542159e-05,2
2021-06-10,0.0005135509049710312,1.938691616799146e-10,0.9992667692061735,0.00021967969596744467,2
2021-06-11,0.0002691715759027483,6.97338834684356e-11,0.9995602903868129,0.0001705379667936406,2
2021-06-14,0.0002915745778526927,1.0547471351235842e-10,0.9996093654008802,9.905991526305145e-05,2
2021-06-15,0.0014079593345200409,2.746247735457488e-10,0.9984653423315648,0.00012669805797425063,2
2021-06-16,0.021189875993328257,3.664809582553839e-09,0.9781934739749594,0.00061664636866855,2
2021-06-17,0.22513219839589926,1.3279094572873746e-08,0.7611726332282341,0.013695155095726571,2
2021-06-18,0.6174116832902791,9.526034540639247e-07,0.3639867453617659,0.018600618742959183,0
2021-06-21,0.8442959444742983,1.556498393109495e-06,0.04175529524882575,0.11394720377827028,0
2021-06-22,0.9948022726327195,1.633823779316394e-05,0.0022824667463288172,0.002898922384774014,0
2021-06-23,0.9997348099576185,4.199487593646873e-06,0.00010611619857994803,0.000154874357506484,0
2021-06-24,0.9999283101765896,5.062763965419817e-06,1.7549426909420196e-05,4.90776324772023e-05,0
2021-06-25,0.999944597864197,6.553172658270822e-06,1.1945927521491734e-05,3.690303666462782e-05,0
2021-06-28,0.9998903909157273,3.808734025387679e-05,1.0636115129665495e-05,6.0885627644356624e-05,0
2021-06-29,0.9986826009536746,0.001205533007887674,4.382785619441382e-06,0.00010748325382353543,0
2021-06-30,0.9876215549842852,0.011984590652256995,4.317568229400433e-06,0.0003895367968275006,0
2021-07-01,0.8683771679445037,0.12939904483473785,1.2585200637943989e-06,0.002222528700083667,0
2021-07-02,0.5881728555707155,0.4068988713881999,1.262144014717073e-06,0.0049270108968576184,0
2021-07-05,0.32446233154851156,0.6491978078962866,1.3708725517395176e-07,0.02633972346726286,0
2021-07-08,0.002119829614494781,0.9859246552850317,8.999311894914659e-11,0.011955515010119782,1
2021-07-09,8.054850438534563e-05,0.9994677072033504,4.6651245925490204e-11,0.00045174424548665706,1
2021-07-12,6.209666001098828e-06,0.9997641623757668,1.5685186075640767e-13,0.00022962795848765105,1
2021-07-13,1.425873860260877e-06,0.9999474412677135,1.5841537229321374e-13,5.113285876075993e-05,1
2021-07-14,8.6323479971788e-06,0.9997844810558998,3.348173510328229e-13,0.00020688659688383124,1
2021-07-15,6.465831948576934e-06,0.999730626687357,2.7228323609032346e-13,0.0002629074793717045,1
2021-07-16,1.1560661883278047e-06,0.9998405154553456,6.085931283074813e-13,0.00015832847693474577,1
2021-07-19,1.7520649223894615e-06,0.9989638292983948,4.694525158929588e-12,0.001034418630646233,1
2021-07-20,4.5061056714754426e-08,0.9362068165439059,4.455727299825572e-17,0.06379313839430845,1
2021-07-21,2.0979431407595324e-07,0.9990447354399248,5.070014646306659e-13,0.0009550547664939152,1
2021-07-22,3.545840599449604e-07,0.999746213352845,7.441262367217682e-15,0.0002534320648367763,1
2021-07-23,2.0394901014491985e-07,0.9999660099521499,2.7963292858101905e-15,3.378609727890235e-05,1
2021-07-26,2.974565635619744e-07,0.9999647565044778,1.3202562102761747e-15,3.494603870550071e-05,1
2021-07-27,5.042227852543315e-09,0.9999216361212989,9.273368914216697e-18,7.835883799141215e-05,1
2021-07-28,2.374360402058829e-09,0.9999463645340928,1.3264502393366189e-16,5.363309020519357e-05,1
2021-07-29,3.3220471755439313e-09,0.9993066411147427,3.725667660635961e-18,0.0006933555649540843,1
2021-07-30,5.251668089992547e-11,0.9999268501395209,1.0011488892381538e-18,7.314980749180114e-05,1
2021-08-02,5.233193506895615e-11,0.9999584132518119,3.7996677834057172e-19,4.158669464138499e-05,1
2021-08-03,3.036788330893032e-11,0.9999313409823125,4.8071397665721927e-20,6.865898893011844e-05,1
2021-08-04,1.206087287467598e-10,0.9999699071503143,4.663565155844632e-19,3.0092727531256223e-05,1
2021-08-05,1.8438796686020988e-10,0.9999514579862502,2.299442748561249e-19,4.854183046713413e-05,1
2021-08-06,2.000769272063282e-10,0.9999637831034416,6.156001914563616e-18,3.6216696926539726e-05,1
2021-08-09,1.8011622465786365e-10,0.9993764565310871,2.680444027660868e-19,0.0006235432901732564,1
2021-08-10,2.3455691114626256e-11,0.9999373999184688,6.533707979082151e-19,6.260005800169766e-05,1
2021-08-11,2.720338074101561e-11,0.9999692537564553,4.759671954215128e-19,3.0746216888216276e-05,1
2021-08-12,4.563547302857572e-11,0.9997879377935744,3.9913313760823954e-20,0.00021206216197011874,1
2021-08-13,2.266484962258513e-11,0.9999373191895002,7.59793671905525e-19,6.268078620423522e-05,1
2021-08-16,3.2950182710470824e-12,0.9998488936125034,2.071279506628682e-20,0.00015110638417604693,1
2021-08-17,1.685854825251938e-13,0.9998739614038686,7.946629578796473e-21,0.00012603859689227218,1
2021-08-18,1.211487295767923e-13,0.9998555560916733,3.691463532616818e-21,0.00014444390775486115,1
2021-08-19,4.201058386283759e-15,0.9999151888356034,4.817168698378107e-22,8.481116510304003e-05,1
2021-08-20,9.610202012872817e-16,0.9996829511775225,3.521364914469342e-23,0.0003170488236136521,1
2021-08-23,1.1953246356110109e-15,0.9999191954937047,6.041300315943863e-22,8.080450804275978e-05,1
2021-08-24,9.306301135870537e-17,0.9995656592895954,3.639509070127771e-24,0.00043434071142457064,1
2021-08-25,1.136434360509877e-16,0.9997979957990454,4.1172017868698207e-23,0.00020200420110458333,1
2021-08-26,8.579598060413595e-17,0.9997393079357547,1.7372780673239624e-23,0.00026069206378895955,1
2021-08-27,2.1189226958177096e-16,0.9997428531665338,2.179773965871146e-22,0.0002571468342290385,1
2021-08-30,9.662482539902543e-16,0.9990940423139552,2.6883854852313317e-23,0.0009059576871153143,1
2021-08-31,1.199339781749467e-15,0.999859692790385,3.253147881007881e-22,0.000140307211162187,1
2021-09-01,1.0586418482078104e-14,0.9999185057161428,2.2461109229434724e-22,8.149428297707916e-05,1
2021-09-02,6.669916146031627e-15,0.9999198370796614,1.0453185399533879e-22,8.016292110083487e-05,1
2021-09-03,4.28620246301469e-15,0.999890338083516,1.3377487893597343e-22,0.0001096619148430418,1
2021-09-06,5.86669907738484e-16,0.9997988165107377,1.6418510012109598e-23,0.00020118348886918386,1
2021-09-09,2.4954310474352223e-17,0.9998565149757535,2.0612302053761717e-23,0.00014348502534062963,1
2021-09-10,1.301875803955659e-16,0.9994351097609189,6.920693626434896e-24,0.0005648902373559843,1
2021-09-13,1.5212523210614563e-16,0.9998465490703237,2.5632452677883903e-23,0.00015345093008833013,1
2021-09-14,9.47527064812022e-16,0.9999239118141525,6.633632414275492e-23,7.608818586551305e-05,1
2021-09-15,6.933277908993701e-16,0.9998829445951963,2.5031983170167098e-23,0.00011705540376608798,1
2021-09-16,1.7646642022854616e-15,0.9998797901106061,2.9050489147635046e-22,0.00012020989053655811,1
2021-09-17,3.1002698035478135e-17,0.9994754292162817,1.9186170744627716e-24,0.0005245707825678815,1
2021-09-22,9.382884437609707e-16,0.9999067725279234,9.248600161619403e-22,9.322747323564252e-05,1
2021-09-23,3.4912029440496023e-15,0.9994268168677256,3.773486414379935e-21,0.0005731831305714529,1
2021-09-24,3.834929667128156e-18,0.9939271465174042,3.153460846421986e-24,0.006072853483142135,1
2021-09-29,2.3598528374237253e-16,0.9963178797895771,3.596021946503972e-21,0.0036821202096959677,1
2021-09-30,9.286516319335288e-16,0.9983372474218568,2.7213552932982713e-21,0.0016627525779735147,1
2021-10-01,2.141681359758259e-18,0.9996872585445999,5.251700033756269e-24,0.00031274145691591586,1
2021-10-04,5.922826162324943e-15,0.9997661154751917,3.123015288605726e-22,0.0002338845265989648,1
2021-10-05,9.262330630448095e-15,0.9998828621536994,7.892146633181507e-22,0.00011713784458046667,1
2021-10-06,2.0951061391966696e-15,0.9998443766705432,1.3097116269118447e-22,0.0001556233301678348,1
2021-10-07,9.353579630422039e-16,0.9998497782356484,5.617918542094988e-23,0.00015022176591119986,1
2021-10-08,2.090921988738926e-16,0.99986842073014,1.581994356992421e-22,0.00013157926910487344,1
2021-10-14,1.8218630870555856e-15,0.9987247856788828,1.0357698359285434e-22,0.001275214321114664,1
2021-10-15,5.954800111561124e-15,0.9995513014725116,6.461510858781343e-21,0.0004486985287152536,1
2021-10-18,2.7760498197258186e-15,0.9995818504931453,9.971947581062396e-21,0.00041814950738083254,1
2021-10-19,2.273914728181e-16,0.9960537504181685,1.0140006252786473e-22,0.0039462495805086175,1
2021-10-20,2.573512832458961e-16,0.9988358981635994,2.6773834010965942e-22,0.0011641018360821708,1
2021-10-21,5.838683734025909e-15,0.9996703923200323,1.1190256285127872e-21,0.00032960767964580783,1
2021-10-22,1.1680814085373918e-14,0.9998299162993094,1.4356629368830353e-21,0.00017008369989369838,1
2021-10-25,4.7821334176120244e-14,0.9998841471418283,2.4798427545506597e-21,0.00011585285739208477,1
2021-10-26,5.527205570807519e-13,0.9998419388577308,1.5629069959022642e-19,0.0001580611428725691,1
2021-10-27,5.0236805791126953e-11,0.9977025910297218,7.881742719176288e-17,0.0022974089211510408,1
2021-10-28,2.3420838057624546e-12,0.886208086978462,1.895166298160806e-20,0.1137919130208041,1
2021-10-29,8.209202285307492e-11,0.9920519906036479,3.651347405161225e-16,0.007948009314533004,1
2021-11-01,8.695151349863122e-13,0.9983506158493737,1.0128446788912672e-18,0.0016493841504562992,1
2021-11-02,1.4568709297026698e-13,0.9998430429158736,4.566740349865538e-19,0.00015695708361182948,1
2021-11-03,6.95076714357961e-13,0.9988689979431365,3.6662756887216944e-21,0.0011310020577955915,1
2021-11-04,7.324024983712973e-12,0.9999176570452147,5.937157563896192e-18,8.234294640082981e-05,1
2021-11-05,3.2848017443491064e-11,0.9991282987339917,3.5377090500670307e-19,0.0008717012315487908,1
2021-11-08,6.809879742430262e-12,0.9997714346689291,5.721451839127445e-19,0.0002285653247200694,1
2021-11-09,4.0611694219249486e-11,0.9999033987210584,1.12405568295724e-18,9.660123814030644e-05,1
2021-11-10,1.1209103011464206e-10,0.9998836118863221,2.782554826047465e-17,0.00011638800277731147,1
2021-11-11,2.661419565960396e-09,0.997420508112549,1.8623581725722486e-17,0.0025794892247210117,1
2021-11-16,1.3605814516559667e-07,0.9998353029312351,7.573106936736961e-14,0.00016456101120738582,1
2021-11-17,7.567594937099715e-07,0.9998343223669119,9.379847684965077e-15,0.00016492087409937165,1
2021-11-18,2.721898589129864e-07,0.9999513083634564,3.599537589282874e-14,4.841944768629923e-05,1
2021-11-19,1.66650398116807e-06,0.9993905766646481,1.0881045309345215e-14,0.0006077568301580545,1
2021-11-22,1.2398659629054017e-06,0.9998169409199459,8.930284743330028e-13,0.00018181921400913051,1
2021-11-23,3.256187764467208e-06,0.9993956974445725,3.587616183379018e-13,0.0006010463677008585,1
2021-11-24,1.3919967030052866e-05,0.9996117667937234,4.514297914199375e-12,0.0003743132331438729,1
2021-11-25,9.742288156279131e-06,0.9997278846958683,2.3618399476675896e-11,0.0002623729914196867,1
2021-11-30,3.635463369836043e-05,0.9969981819640236,1.3738165677552742e-10,0.0029654632638898455,1
2021-12-01,0.0001382683047831662,0.9057551462226634,1.4926694845171734e-12,0.09410658546992087,1
2021-12-02,2.261182707643086e-05,0.9979223971062714,5.106498551293189e-11,0.0020549910141382283,1
2021-12-03,5.026887190315481e-06,0.9998256174218334,2.454471038364546e-11,0.00016935566749257594,1
2021-12-06,3.755624283809237e-05,0.9983669438794873,5.4387930946738383e-11,0.0015954998249130008,1
2021-12-07,4.2763114597509776e-05,0.9934093753455793,2.0385190238667985e-11,0.006547861520681089,1
2021-12-08,0.000117400299687332,0.9985377605919594,6.522445357408852e-09,0.001344832585289184,1
2021-12-09,0.00016047368657228335,0.9902645494409368,1.548489201735251e-11,0.009574976858046761,1
2021-12-10,0.0003321444685250104,0.9990381628289149,3.3746751048341013e-09,0.0006296893283085774,1
2021-12-13,0.0005633941591348124,0.9988063485961738,4.000813090444104e-10,0.0006302568459738756,1
2021-12-14,0.0007891197741667466,0.9986028454172491,8.804259493479114e-10,0.0006080339266893382,1
2021-12-15,0.0009822697536744486,0.99867178586727,1.6994134926734228e-09,0.0003459426788600199,1
2021-12-16,0.0009112300750265002,0.9983230792300636,5.696131174856985e-10,0.0007656901265846807,1
2021-12-17,2.0290949767824728e-05,0.9995035992798856,1.5278904770846231e-12,0.0004761097697460585,1
2021-12-20,2.1148631528682456e-06,0.9997222521761947,4.339161817849863e-13,0.0002756329585657977,1
2021-12-21,2.974229029956734e-06,0.9997792595709414,2.2241544545528594e-13,0.00021776619902176908,1
2021-12-22,4.135595688081892e-06,0.9998478469137326,3.4708926026692665e-13,0.00014801748979035502,1
2021-12-23,8.36018687886165e-06,0.9998064404857512,1.1020798122618882e-13,0.0001851993255407314,1
2021-12-24,1.6463283185537e-06,0.9999401593419875,6.1375514119633e-14,5.819433105947747e-05,1
2021-12-29,1.2028353301976985e-05,0.9998923739189957,7.233915454465178e-13,9.559772793097388e-05,1
2021-12-30,8.259965668187734e-06,0.99966950288049,1.0723125054338394e-13,0.0003222371525471882,1
2021-12-31,7.39740461397878e-06,0.9999213977650839,3.4884244232836304e-12,7.120482527788403e-05,1
2022-01-03,2.177389658933817e-05,0.9993888472579017,2.0793036927545565e-11,0.0005893788257711953,1
2022-01-04,9.546807369280834e-05,0.9842542472286219,4.190373277191778e-12,0.01565028469250637,1
2022-01-05,6.119823054809927e-05,0.9990664195342728,3.57752697187935e-10,0.0008723818774774223,1
2022-01-06,3.233262018618436e-05,0.9995491288633221,4.065281801277387e-12,0.00041853851237626754,1
2022-01-07,7.495087824196313e-06,0.9999144296686577,3.2921376533241477e-12,7.80752385336771e-05,1
2022-01-10,9.194075284239141e-06,0.9995520960290724,8.887685804196096e-14,0.00043870989501016295,1
2022-01-11,5.47381669186436e-06,0.9998817464332567,3.6919844985086444e-13,0.00011277974843488373,1
2022-01-12,1.4071402372631842e-07,0.9999428425545431,1.0778693376382575e-14,5.701673094691906e-05,1
2022-01-13,1.7824578693435104e-06,0.9993894092295075,3.804864501310932e-15,0.0006088083128809417,1
2022-01-14,7.463331929182355e-07,0.9999391588890658,7.35811161324357e-14,6.0094776295838814e-05,1
2022-01-17,2.9570950629457985e-07,0.9998995783320334,3.779041222032525e-15,0.00010012595873846298,1
2022-01-20,1.285865426037717e-06,0.9998751716948993,9.323236679248923e-15,0.0001235424412486611,1
2022-01-21,1.5125912031691579e-06,0.9999391575467333,2.8234448112616547e-14,5.932986353379403e-05,1
2022-01-24,2.0404285677315493e-06,0.9999395565033117,3.144955656994021e-14,5.8403069542061884e-05,1
2022-01-25,3.278686661825503e-06,0.9998795141267341,1.8807616616387305e-14,0.00011720718784502666,1
2022-01-26,1.0931246561453155e-07,0.9999621921104889,2.395155672403455e-15,3.7698578025188935e-05,1
2022-01-27,5.11293443709419e-07,0.999882385296122,1.6217055995831564e-14,0.00011710341052764133,1
2022-01-28,2.8547174392648876e-08,0.9995818596679278,2.2996966477516994e-16,0.0004181117850573948,1
2022-02-02,6.777066592748334e-08,0.9999440173369578,1.141333026361799e-15,5.591489090658513e-05,1
2022-02-03,3.29272016829622e-07,0.9999587744008415,1.3517153700738542e-15,4.0896327594736016e-05,1
2022-02-04,3.1453376247048385e-07,0.9999457564496329,9.57268919638278e-16,5.392901484865601e-05,1
2022-02-07,2.572021322786272e-07,0.9999472623831621,2.5411213469703993e-15,5.248041430176531e-05,1
2022-02-08,1.410489985300975e-07,0.9999002032560356,3.1001378130087237e-15,9.965569468876281e-05,1
2022-02-09,2.7387450042179306e-08,0.9995647373938623,7.816795363601487e-17,0.0004352352173335284,1
2022-02-10,4.217652078933093e-08,0.9999388658568314,1.135377893794385e-14,6.109196492134513e-05,1
2022-02-11,9.352662492984142e-08,0.999433203909677,2.934827657193599e-15,0.0005667025625236351,1
2022-02-14,2.794447692965782e-07,0.9994332491186677,6.161052018393949e-13,0.000566471434928625,1
2022-02-15,4.1341998040346015e-07,0.9961541787845648,3.0139928495254695e-13,0.003845407795533014,1
2022-02-16,6.441872630836039e-07,0.9951602730482655,4.612411098517225e-14,0.0048390827627923004,1
2022-02-17,1.008681719053638e-05,0.9997169203256855,5.850551938526841e-12,0.00027299285231467983,1
2022-02-18,2.613917220621116e-07,0.9999076512510933,8.07039820082315e-14,9.208735786788818e-05,1
2022-02-21,6.873118847453931e-05,0.9989534380397891,5.362773497137288e-12,0.000977830766506181,1
2022-02-24,0.02564728724743208,0.9287266330818675,4.135598267092148e-08,0.045626038313982736,1
2022-02-25,0.04598818957446922,0.22557251368945075,2.1055322308075142e-07,0.7284390861828368,3
2022-02-28,0.05626620399538983,0.0349922317011543,4.602225177425521e-06,0.9087369620777297,3
2022-03-01,0.04628210796254093,0.013094300771588824,1.41026025001661e-05,0.940609488663244,3
2022-03-02,1.3568896777381368e-05,3.462277710660012e-09,1.676030221384131e-11,0.9999864276226355,3
2022-03-03,0.10492650449120894,0.0008466268221566074,7.064082367028912e-05,0.8941562278641169,3
2022-03-04,0.12008016599566113,0.0048494551454260045,0.00010833786905970443,0.8749620409886448,3
2022-03-07,6.051905538737356e-06,1.286015599410369e-09,1.500388155063327e-10,0.9999939466580552,3
2022-03-08,0.0038795473829518765,2.209713826498228e-05,1.5382388748873356e-05,0.9960829730897589,3
2022-03-09,0.00612495223125128,9.198844698021361e-05,3.419382204406217e-05,0.9937488655000177,3
2022-03-10,3.587392924246113e-09,1.872487426398042e-15,4.6128276811708306e-15,0.9999999964129529,3
2022-03-11,0.9143122706638981,0.00025297112664827883,0.00037861415627162286,0.08505614405180789,0
2022-03-14,0.9854352678398253,2.3216608928342048e-05,4.632802274179872e-05,0.014495187530317921,0
2022-03-15,0.9970914540695928,2.6795377292089993e-06,2.368738116510395e-05,0.002882179010536653,0
2022-03-16,0.9992472876063511,7.757402484550073e-06,5.8351396625802704e-06,0.000739119852877455,0
2022-03-17,0.9994958879359281,9.54713487333427e-06,2.5255223002155277e-06,0.0004920394075747117,0
2022-03-18,0.9982192683154846,7.717790687876871e-06,1.6984823747875671e-06,0.001771315413018304,0
2022-03-21,0.9996875108723015,3.4045156215901275e-05,5.555807321160066e-06,0.00027288816301751495,0
2022-03-22,0.9932539738725494,8.413841666960198e-06,2.1632860087165964e-06,0.006735448999976044,0
2022-03-23,0.9995426326601619,2.7970081404945222e-05,7.83111041198148e-06,0.00042156614956746725,0
2022-03-24,0.9977567861459573,0.00017001278468770867,3.9950341807730586e-05,0.002033250728395416,0
2022-03-25,0.8724163623081301,9.27842570934635e-05,0.0003045878933578988,0.12718626554057685,0
2022-03-28,0.2854708307971139,3.3639327784269607e-06,1.9854001373812246e-06,0.7145238198716585,3
2022-03-29,0.32643385791178925,0.0001736554147569272,7.171368746663324e-05,0.6733207729845457,3
2022-03-30,0.3286571623675702,7.020031718693516e-07,3.863853388497996e-06,0.6713382717776606,3
2022-03-31,0.9513166655348123,0.00012245553882114446,0.0002491514393814146,0.04831172748776739,0
2022-04-01,0.9883717781809609,0.00011106284367860024,6.003829709639561e-06,0.011511155146353678,0
2022-04-06,0.9929981355439331,4.131294100363813e-06,9.87472580328302e-06,0.006987858436691341,0
2022-04-07,0.994923917620757,1.8072474725025992e-06,1.7582956922062886e-05,0.005056692175253667,0
2022-04-08,0.9985518657624,2.485579632953867e-06,0.0006529595477882418,0.0007926891100096116,0
2022-04-11,0.9918634014282561,2.983937934410834e-05,0.0023847806921218915,0.005721978501987466,0
2022-04-12,0.7686519906852329,1.1587513130034424e-05,0.003216429311014188,0.22811999249127093,0
2022-04-13,0.3629337696296633,2.224947421017396e-07,0.0010549318482510957,0.6360110760280652,3
2022-04-14,0.5700353682525799,4.551294092245251e-05,0.33938301342821064,0.09053610537769412,2
2022-04-15,0.4928985456730842,6.039192588133284e-07,0.43592076049989587,0.07118008990934202,2
2022-04-20,0.3322493838389267,9.064375643096407e-06,0.6304534551674839,0.03728809661852271,2
2022-04-21,0.17469490759757653,8.976751348579047e-07,0.650525900218548,0.17477829450948604,2
2022-04-22,0.09086128864668835,1.078828778193428e-07,0.7297595245714323,0.179379078897965,2
2022-04-27,0.009627606364711836,2.3624420780459746e-08,0.9801661220133463,0.010206247997364788,2
2022-04-28,0.019246081600319945,9.044949989437329e-08,0.9779932347406173,0.002760593209654706,2
2022-04-29,0.28664534532878566,1.2408218569037393e-07,0.7087417955335721,0.004612735054330434,2
2022-05-02,0.5405353822241308,5.305895591429719e-07,0.45415404896181344,0.0053100382239986066,2
2022-05-03,0.8495647556595476,6.954471191269652e-07,0.06937920068311693,0.08105534820847374,0
2022-05-04,0.8825223261278636,7.993139101404395e-07,0.014321624393805939,0.10315525016324126,0
2022-05-05,0.9103013806395756,4.284247841674854e-06,0.00010358683807629255,0.08959074827500133,0
2022-05-06,0.951205945669262,4.004065788816731e-06,1.6303073088045374e-05,0.04877374719279126,0
2022-05-11,0.9981962865707499,2.9308590551640238e-05,4.081550128994507e-05,0.0017335893371466908,0
2022-05-12,0.9979420391525605,1.6055450201566278e-06,3.698821089314417e-05,0.0020193670932336354,0
2022-05-13,0.9985972239479457,1.6910248195465301e-06,0.0003912178356103353,0.0010098671920915265,0
2022-05-16,0.9946622279580244,1.128781843180787e-06,0.0002299244086187478,0.005106718853287418,0
2022-05-17,0.992483237468329,5.191555762510644e-06,0.00021803577806454803,0.007293535197089705,0
2022-05-18,0.9636434101350482,2.7201457708542496e-07,0.0003031871056539937,0.03605313074573884,0
2022-05-19,0.9911047829636881,2.3657225124112455e-06,0.0009558986036178209,0.00793695270963512,0
2022-05-20,0.9952363369365349,2.9670228950536325e-07,0.00020921845961821214,0.004554147902183721,0
2022-05-23,0.999542153161247,1.7334075126641856e-06,0.0001841061838217351,0.0002720072466967466,0
2022-05-24,0.9997225180495285,7.69114887877625e-07,6.843740899813642e-05,0.00020827542537501202,0
2022-05-25,0.9999320339990342,4.3854643680694416e-06,1.5226583233609286e-05,4.8353953671278045e-05,0
2022-05-26,0.9998178921104424,3.615960123366719e-06,1.390239161380051e-05,0.00016458953951753512,0
2022-05-27,0.9998700494912599,3.297357298278911e-06,1.570427338718464e-05,0.00011094887820705049,0
2022-05-30,0.9998565722366002,1.918367261165731e-06,4.04995341669497e-05,0.00010100986279594882,0
2022-06-02,0.9992969330973428,1.9410525509377095e-06,0.00013692273783234022,0.0005642031129290432,0
2022-06-03,0.9915007180943627,5.022685845897704e-07,2.3738064552436606e-05,0.008475041572108977,0
2022-06-06,0.9990026146521274,2.5138055633957528e-06,0.0006435931117164288,0.00035127843048276446,0
2022-06-07,0.9960150181949513,1.1943290077160529e-06,0.0035934043173315223,0.0003903831568925692,0
2022-06-08,0.9793559892094007,3.8001767826602193e-06,0.018154730685280555,0.0024854799274572517,0
2022-06-09,0.9072149190037125,7.501202177818262e-06,0.07243899125558399,0.020338588539423774,0
2022-06-10,0.7278627208744824,4.134172138342362e-05,0.08812594569616615,0.18396999170964304,0
2022-06-13,0.0015848952712578708,1.0350880061738068e-07,7.291034417379689e-05,0.9983420908770563,3
2022-06-14,3.4182567050166325e-18,2.6033674469670115e-23,9.59498221922946e-21,1.0,3
2022-06-15,0.013998252547751194,8.018324314748383e-06,0.02737060771999384,0.958623121407643,3
2022-06-16,0.01615677441435561,6.149663625330302e-08,0.002754489200152127,0.981088674890036,3
2022-06-17,0.6242634803261505,1.4565734206558274e-05,0.006696152172608233,0.3690258017676326,0
2022-06-20,0.7953069611286454,5.549734324632193e-06,0.0038709169507198725,0.20081657218514296,0
2022-06-23,0.9016041283010288,7.99653091721228e-06,0.0010426755650874127,0.09734519960191244,0
2022-06-24,0.9946093423386051,0.0007662298550642577,1.3197127434718611e-05,0.00461123067790202,0
2022-06-27,0.9985677499409366,0.001081000043573064,2.4139248379754652e-06,0.00034883608967904543,0
2022-06-28,0.995235510205195,0.003470232777929987,2.3406523507261893e-06,0.0012919163645126114,0
2022-06-29,0.9698294399941331,0.027181418571873228,6.087070422414832e-06,0.002983054363608226,0
2022-06-30,0.7738576578099174,0.19263982274007013,3.2694624351679514e-06,0.033499249988085525,0
2022-07-01,0.012741702506319081,0.91805861926416,1.5236010155198702e-08,0.06919966299366855,1
2022-07-04,4.020254868567734e-06,0.9513937105214261,1.0333541728012693e-12,0.048602269223480564,1
2022-07-07,1.5207233489085496e-08,0.9940716189691153,1.1591337076224171e-14,0.005928365823119182,1
2022-07-08,6.188270110982115e-12,0.9996867885448297,6.197411892106065e-17,0.0003132114480271359,1
2022-07-11,1.5357857666014768e-11,0.996845688290259,2.1281412981801385e-17,0.0031543116954575487,1
2022-07-12,2.0502860014664313e-11,0.934483672820664,4.1545130049722106e-17,0.06551632715841597,1
2022-07-13,8.460622101660318e-11,0.9295258677862532,1.2145699246336259e-14,0.0704741321306288,1
2022-07-14,8.312112474952812e-12,0.014011123106009174,2.9746779455336835e-19,0.9859888768865013,3
2022-07-15,4.681188360194358e-11,0.8096028371757065,3.4432268983635368e-15,0.19039716277869817,1
2022-07-18,5.712580970902414e-11,0.8958507259463759,1.8631015904254057e-17,0.10414927399730575,1
2022-07-19,2.6845449094228573e-11,0.9957620113976641,8.420486727448556e-17,0.004237988577244506,1
2022-07-20,8.417317635948236e-12,0.9988953397326868,1.0805760283024854e-18,0.0011046602601426153,1
2022-07-21,1.236571487850409e-12,0.9999089268713984,3.559112043776912e-19,9.107312583305138e-05,1
2022-07-22,1.1939394582452786e-11,0.999814948587459,1.3358692788727716e-19,0.0001850513995406328,1
2022-07-25,1.3523312216999871e-14,0.9998725766699693,4.791243033891444e-21,0.00012742332926864215,1
2022-07-26,1.8958911205591023e-13,0.9990347012547146,1.9316811493838995e-19,0.000965298743558043,1
2022-07-27,6.97200779707791e-12,0.9898469448303717,4.847192678403066e-17,0.010153055164381398,1
2022-07-28,2.5019411423505808e-11,0.8429865330356784,2.7564263981042534e-19,0.1570134669389653,1
2022-07-29,9.532179990827198e-13,0.9752368477236054,1.4473284238753005e-17,0.024763152273636138,1
2022-08-01,4.483433511646788e-08,0.9907808407756157,1.6981506313597948e-12,0.009219114389099952,1
2022-08-02,2.7922623119282507e-07,0.9812501414268374,4.970596744380589e-12,0.018749579340574262,1
2022-08-03,6.045859479123436e-08,0.9048259506336802,2.7011749957094963e-14,0.09517398890796651,1
2022-08-04,9.020537584932562e-06,0.972588148204961,1.9141027384368942e-11,0.02740283123665327,1
2022-08-05,9.743899574378e-08,0.9977317954085372,1.5555773312642204e-12,0.0022681071505996986,1
2022-08-08,1.0968523131703423e-06,0.9951069648027725,1.545030285398031e-11,0.004891938330722804,1
2022-08-09,0.000141089026511575,0.9642376545153734,1.6074129933378804e-09,0.035621254851045316,1
2022-08-10,4.6714098206904794e-05,0.3344339580709217,1.6116585375857552e-10,0.6655193276713018,3
2022-08-11,1.042423314568441e-06,0.03708567880589794,2.7207248166306153e-12,0.9629132787690667,3
2022-08-12,3.691212618251258e-05,0.21207424593028873,2.7827271285877956e-10,0.7878888416656386,3
2022-08-15,0.00036116376148439633,0.7415957736717623,3.872890499124053e-08,0.25804302383680455,1
2022-08-16,2.5919781613904655e-05,0.8129471716671519,1.7844039248588282e-10,0.1870269083734042,1
2022-08-17,5.1161054529855193e-05,0.9702131327061578,3.1985578697815887e-09,0.029735703039209853,1
2022-08-18,0.0005909938882514266,0.9642726814036743,2.7661378882524776e-08,0.03513629704848555,1
2022-08-19,0.01117992301874439,0.5946025169648143,1.0660769404052155e-07,0.3942174534102662,1
2022-08-22,0.01408597170638697,0.1637121132321883,5.718573851827339e-07,0.8222013432054232,3
2022-08-23,0.014481411033593372,0.005341740319400468,5.161616641027633e-08,0.9801767970311706,3
2022-08-24,0.6107182124561111,0.03563276356241602,8.820919848477177e-06,0.3536402030631455,0
2022-08-25,0.9305822618555984,0.03677616081240031,1.0286721000347378e-05,0.03263129061260311,0
2022-08-26,0.9760671950788349,0.012652441393130869,1.5068435749778705e-06,0.011278856682799166,0
2022-08-29,0.9898013564589991,0.005954938920784496,1.8576591459774597e-06,0.004241846960139815,0
2022-08-30,0.9921114386548994,0.0031078252969882073,6.504525097107328e-07,0.004780085594489566,0
2022-08-31,0.998937975603123,0.0006949286729068653,2.3813232492954285e-06,0.00036471440145896815,0
2022-09-01,0.999861087822316,4.6870428158877015e-05,6.727988017987067e-06,8.531376049642128e-05,0
2022-09-02,0.9990080715023271,8.354532055293446e-07,3.506383139111801e-05,0.0009560292144123379,0
2022-09-05,0.9984049067182623,2.3610956963312617e-06,3.491007850282688e-05,0.0015578221059497424,0
2022-09-08,0.9983496295788671,2.818145064452782e-06,0.000465174601860196,0.0011823776729882587,0
2022-09-09,0.9800539441680011,7.585473973929112e-07,0.002337860781892696,0.01760743650387432,0
2022-09-12,0.9680206329235849,3.2552653550399636e-06,0.009281304086721872,0.02269480772453553,0
2022-09-13,0.887004764503317,4.722461794284688e-05,0.035088553246657966,0.07785945763049162,0
2022-09-14,0.04231796383037337,8.674783885425368e-09,0.030372500950054917,0.9273095265450297,3
2022-09-15,0.056133881620614605,1.363561624376216e-06,0.8863440014655917,0.05752075335270386,2
2022-09-16,0.054551464087272086,9.96935457888942e-07,0.9336030197385949,0.011844519238965841,2
2022-09-19,0.04418768604371205,3.717248487710311e-06,0.9484916664062482,0.007316930302017185,2
2022-09-20,0.008567558826166097,5.760068338266843e-08,0.9146247333605662,0.07680765021237321,2
2022-09-21,0.002732320826930282,5.647532518843106e-07,0.9375001963231717,0.05976691809605138,2
2022-09-22,0.00011798476575341656,2.5481776482487005e-09,0.782815906070429,0.2170661066139908,2
2022-09-23,0.0013898595513386252,1.6851639562487082e-06,0.7774808982181108,0.22112755706528842,2
2022-09-26,8.490198319439386e-06,1.8333194360383414e-10,0.0022826092697083478,0.997708900347058,3
2022-09-27,7.348269635815337e-10,4.9609467009672706e-15,1.962200377690948e-08,0.9999999796418708,3
2022-09-28,3.1205402271368093e-06,2.564009937761107e-09,0.003202899884285077,0.9967939770118736,3
2022-09-29,6.340024952164858e-06,3.239586864675407e-09,0.00576840776674887,0.9942252489688338,3
2022-09-30,1.9329449804427205e-07,3.8443485944009103e-10,0.002147330135126848,0.9978524761861799,3
2022-10-03,6.346066679809688e-06,5.012504275433328e-08,0.03622593192413074,0.9637676718828445,3
2022-10-04,1.206196096048812e-08,4.024788888702608e-12,0.0017805481786646107,0.9982194397550085,3
2022-10-05,1.2992368475852993e-05,1.7546373867723506e-10,0.2910428989158674,0.7089441085384212,3
2022-10-06,1.3773035057650749e-05,9.78333145493024e-10,0.8842504446383394,0.11573578134758224,2
2022-10-07,3.3413178315053505e-06,1.4875935132302432e-09,0.9711474053217362,0.028849251873822628,2
2022-10-13,3.88583781802054e-06,5.730894924550148e-09,0.9833952219597503,0.016600886470110588,2
2022-10-14,2.822187722814054e-07,1.09873475247087e-13,0.9239797777245446,0.07601994005733113,2
2022-10-17,9.84281257899711e-07,2.8959717850722742e-11,0.9924007771888381,0.007598238501992782,2
2022-10-18,1.920468528299278e-07,2.1969681156802314e-12,0.9991700241320651,0.0008297838183329826,2
2022-10-19,1.331498294176955e-07,2.1109387532892957e-11,0.9995111354221029,0.000488731408576762,2
2022-10-20,9.575856798547937e-07,2.4363391713524284e-11,0.9816229452420916,0.018376097149164126,2
2022-10-21,1.9380807197453608e-07,2.2721891588234063e-11,0.7957147522669261,0.2042850539030745,2
2022-10-24,5.330591319332197e-09,2.1987631538950135e-13,0.3171982830122434,0.6828017116553841,3
2022-10-25,1.8512946773543206e-05,1.584792639708947e-07,0.4027141175783342,0.5972672109965991,3
2022-10-26,6.186269446502625e-08,6.61008437902591e-13,0.07870629374909142,0.921293644387973,3
2022-10-27,8.766797857323599e-05,1.7436867399152712e-10,0.2779681311251089,0.7219442007219938,3
2022-10-28,0.0006986569736657694,4.139989822837804e-09,0.9586782966749682,0.04062304221150312,2
2022-10-31,3.865849749376025e-05,1.2127972351970605e-09,0.99871117403888,0.0012501662499363002,2
2022-11-01,1.8457017264078506e-05,5.421045909994684e-11,0.9995659579070636,0.00041558502021708907,2
2022-11-02,2.657460326577767e-05,9.953814957070215e-10,0.9991817503362669,0.000791674064096829,2
2022-11-03,0.00021992653569099697,6.793829720815396e-10,0.9552714385565775,0.04450863422911031,2
2022-11-04,0.003523017428203136,1.3536181998106566e-07,0.7153121661151411,0.2811646810951999,2
2022-11-07,1.1641788121860908e-06,9.554264372616636e-15,0.0004617253094649951,0.9995371105130422,3
2022-11-08,0.01136675649007622,7.890398746656781e-06,0.8185065435736211,0.1701188095382496,2
2022-11-09,0.00564120566664571,7.358875919168466e-07,0.8351298789331328,0.15922817951348212,2
2022-11-10,0.0016073849220488642,5.429305535663523e-07,0.8178222472253215,0.18056982492118223,2
2022-11-11,4.6557377014968766e-10,6.214402627010835e-19,2.496702595872128e-08,0.9999999745668905,3
2022-11-16,0.005165191201040317,1.5523905374867647e-07,0.00833268415647026,0.9865019694019647,3
2022-11-17,0.2992408872000829,1.530686344678193e-05,0.07427185051657123,0.6264719554190297,3
2022-11-18,0.929479887057783,4.1240787254885595e-05,0.040082385078689206,0.030396487076813992,0
2022-11-21,0.9817984092684526,3.890631549878128e-06,0.016483977655304904,0.0017137224435496725,0
2022-11-22,0.9919428260117489,1.4404994193147377e-06,0.005405959341279026,0.002649774145788748,0
2022-11-23,0.9904237197721321,3.633534844428889e-06,0.0032407678805640547,0.006331878811423631,0
2022-11-24,0.9459355053816396,1.6957110647820398e-07,0.0034164909956111876,0.050647834051009574,0
2022-11-29,0.9793963375414112,1.1027458416723608e-06,0.008682272190608539,0.01192028752043179,0
2022-11-30,0.9909669292773136,1.6347391527199502e-06,0.0070310002804997935,0.0020004357018791525,0
2022-12-01,0.9910988289557385,7.311557297508333e-07,0.0027040997320795304,0.006196340158063429,0
2022-12-02,0.978612757785376,1.6143047108258844e-07,0.0009364092220961673,0.020450671563818662,0
2022-12-05,0.9839290943233183,6.234592913852613e-06,0.005179271486378301,0.010885399597289841,0
2022-12-06,0.9531686015343315,3.2108355068024213e-07,0.01605221159379406,0.03077886578707137,0
2022-12-07,0.9438289841989104,1.6784564043221297e-06,0.051051347919408,0.0051179894237160335,0
2022-12-08,0.9419384664877476,5.612316838284128e-07,0.05622681434793174,0.0018341579335405694,0
2022-12-09,0.9713619236380034,4.870470593819002e-06,0.02719302793002154,0.0014401779629722722,0
2022-12-12,0.9519380448704288,4.737176648587894e-05,0.020436438764546854,0.02757814459948928,0
2022-12-13,0.4393368703296658,3.005093759100834e-05,0.0023365142722668515,0.558296564460616,3
2022-12-14,0.0589599834313472,1.7078732675201294e-06,0.0001393575164460892,0.9408989511777878,3
2022-12-15,5.577717790122397e-05,1.650666052126036e-09,7.333984025010417e-07,0.9999434877716193,3
2022-12-16,0.0008399227643851079,1.9846602699620436e-08,0.00014706663286809477,0.9990129907544281,3
2022-12-19,0.09318587980067738,3.133285912620288e-05,0.08244632616711,0.8243364611731632,3
2022-12-20,0.09492940746915834,3.664651932728373e-05,0.08746671582905637,0.8175672301836856,3
2022-12-21,0.0024464292375239996,1.9594382078780196e-09,0.0040044283222784825,0.993549140479688,3
2022-12-22,0.0466089564702385,1.5302949132741802e-06,0.3532654174225122,0.6001240958130665,3
2022-12-23,0.0830102876130928,2.561148060418183e-06,0.885495840919983,0.03149131031928619,2
2022-12-26,0.07553179624829533,3.655053460093103e-07,0.920538925180596,0.00392891306673906,2
2022-12-29,0.06864099878088958,1.419424481780218e-07,0.928385110729816,0.002973748547922001,2
2022-12-30,0.05760964143629063,3.09546051561776e-08,0.9381038757682507,0.004286451839414842,2
2023-01-02,0.03905816344910589,1.117162528268612e-07,0.9600544114160846,0.0008873134178701562,2
2023-01-05,0.01588978852005861,2.850011658778291e-07,0.981008543926218,0.0031013825516924463,2
2023-01-06,0.001522777174539292,1.4191568328335984e-08,0.971387554372672,0.027089654259448506,2
2023-01-09,0.0009170600130284002,4.938834039034892e-10,0.9598701691010223,0.03921277039105001,2
2023-01-10,0.0008622158445140075,4.743649813271887e-09,0.9937748093600615,0.005362970052353594,2
2023-01-11,0.00047524023342361235,1.365148622722438e-09,0.9990722855022613,0.00045247289860641984,2
2023-01-12,0.00039848678561829246,5.395517108275078e-10,0.9993235588978459,0.0002779537755166645,2
2023-01-13,4.458980755003316e-06,5.56114153913304e-13,0.9995100365956935,0.00048550442384402037,2
2023-01-16,1.8175403995133145e-06,8.647942314803223e-11,0.9997602139942906,0.00023796837998667586,2
2023-01-19,6.493196473335441e-06,1.959661508719847e-14,0.9846926830633719,0.0153008237394997,2
2023-01-20,1.4947922155638e-06,1.4212063604221168e-11,0.9997270999030837,0.0002714052910233542,2
2023-01-23,7.117205652584893e-07,2.549603647081809e-14,0.9999073554525715,9.193282576226767e-05,2
2023-01-24,4.0580372632479527e-07,1.231704168722858e-14,0.9999839002907707,1.5693904174006005e-05,2
2023-01-25,1.4185891099834585e-07,1.3848485392643525e-14,0.9999803093425319,1.9548797776384907e-05,2
2023-01-26,1.1074396015744056e-06,8.390859214783653e-15,0.9997120566674815,0.00028683589332786355,2
2023-01-27,3.5496135652607103e-07,3.549658229144393e-13,0.9999506249735441,4.9020063643386414e-05,2
2023-02-01,9.198997586571868e-11,8.262616897172078e-16,0.9997648247284244,0.00023517518058384541,2
2023-02-02,1.5185093029247732e-10,5.017312046870939e-15,0.9993417655847929,0.0006582342629929153,2
2023-02-03,8.241306687868664e-09,5.826776230555816e-12,0.9977219251948286,0.0022780665585301293,2
2023-02-06,6.773910305333619e-11,2.666627887031439e-15,0.9224557257652117,0.07754427416609264,2
2023-02-07,3.352418743333393e-10,1.3745639558521206e-13,0.9439299466149943,0.05607005305032331,2
2023-02-08,1.6845989868521242e-10,6.220583942597542e-14,0.997140823668623,0.0028591761631940266,2
2023-02-09,8.014642670869664e-11,1.5400817614139133e-14,0.9998409568283021,0.0001590430910291682,2
2023-02-10,1.452736132564391e-10,7.777777085783122e-15,0.9998349492725124,0.00016505058219858464,2
2023-02-13,2.2618376967368444e-10,3.3096372493877816e-16,0.9989211747611084,0.001078825013661594,2
2023-02-14,7.387037877686423e-11,4.242132225693823e-15,0.9998831984891502,0.00011680143586976478,2
2023-02-15,4.665047361316648e-11,3.055515477708022e-15,0.9998694265430804,0.00013057341107289102,2
2023-02-16,3.912658991694607e-11,1.443994061872931e-15,0.99907142093216,0.0009285790271212444,2
2023-02-17,2.5760699415191873e-13,1.0325538499950776e-15,0.9987494471269577,0.0012505528728416957,2
2023-02-20,3.4767453509493805e-13,7.403164777715397e-15,0.9988756550229246,0.0011243449779881507,2
2023-02-23,4.454152087955544e-12,6.150407865082115e-14,0.9969571949663105,0.00304280502798459,2
2023-02-24,7.803631333462534e-12,2.410171925898603e-13,0.9792634446806543,0.020736555311012383,2
2023-02-27,7.438885120474051e-12,3.092941326100034e-15,0.8693267822700472,0.1306732177224426,2
2023-02-28,3.088965002916965e-11,2.8241257860785056e-13,0.9879584136160217,0.01204158635208672,2
2023-03-01,3.661977495972719e-10,3.1150949342601276e-12,0.9978545995887921,0.0021454000412495216,2
2023-03-02,2.7103327037187386e-10,7.47547876461193e-13,0.9931188201341219,0.006881179593086216,2
2023-03-03,6.374440883979864e-11,1.6998251225214893e-13,0.9145841665611993,0.08541583337493894,2
2023-03-06,2.395134352406956e-10,3.788526557882613e-12,0.7380633480999977,0.2619366516579104,2
2023-03-07,9.500982110041116e-10,1.3163669014848e-11,0.1625403821355083,0.8374596169022316,3
2023-03-08,3.837437247922304e-12,4.4303302069628485e-13,0.00895969792209358,0.9910403020737379,3
2023-03-09,3.165302914710784e-09,4.962941109561827e-10,0.04572919283180374,0.9542708035062117,3
2023-03-10,1.9268705474493734e-09,9.877323498682284e-11,0.03417545268950998,0.9658245452839009,3
2023-03-13,7.305413317281962e-11,7.83719349115269e-13,0.0009218718202842177,0.9990781281049752,3
2023-03-14,9.150554461754762e-42,2.5498453974151678e-55,3.454381652224925e-39,1.0,3
2023-03-15,6.030915160183016e-10,3.654847725251438e-11,0.0007247258580143761,0.9992752735006483,3
2023-03-16,1.8818179912601764e-28,1.3478605731171055e-38,9.326260691320757e-26,1.0,3
2023-03-17,2.000938856396828e-26,1.2923403217751986e-31,4.0085512538161715e-22,1.0,3
2023-03-20,8.578743083691112e-11,4.952363036972917e-14,9.462876490588988e-05,0.999905371150057,3
2023-03-21,3.749460118359211e-07,7.375579647450246e-09,0.04448729402257519,0.9555123236559087,3
2023-03-22,2.5088308439210777e-15,5.998240237066133e-19,2.5332537919651047e-09,0.9999999974679668,3
2023-03-23,5.9749637506907626e-15,1.0665665420808028e-17,1.5736561543222953e-10,0.9999999998435669,3
2023-03-24,3.712689971120664e-08,1.0571527656598524e-10,0.00117874051621139,0.9988212222523334,3
2023-03-27,8.642811633453881e-17,5.0659438359520116e-21,1.2475252429291538e-11,0.9999999999890861,3
2023-03-28,9.50636563349479e-10,3.342272976802051e-13,0.05655225253498211,0.9434477465131181,3
2023-03-29,9.938195083063793e-09,9.322412212241694e-12,0.8978190045326899,0.10218098551987652,2
2023-03-30,2.350927979810069e-09,1.602976220167162e-11,0.9858015347446971,0.014198462888627675,2
2023-03-31,1.9973689678062615e-09,7.138788908445226e-14,0.9903366710710166,0.009663326931761442,2
2023-04-03,9.334187864105102e-10,8.049548594828378e-13,0.9990520896814445,0.0009479093827247936,2
2023-04-04,1.728046734897381e-08,5.730858106077173e-12,0.9987768761125794,0.0012231066000354532,2
2023-04-05,3.949921048934777e-08,2.086318546996933e-15,0.9638614784452519,0.03613848205575085,2
2023-04-06,1.4993624178007076e-07,3.258360167162423e-12,0.995369433426838,0.004630416634910734,2
2023-04-07,2.2368495583788507e-07,1.1730810193369637e-11,0.9994915475701388,0.0005082287347054246,2
2023-04-12,2.6215719900403733e-05,1.149267337415017e-09,0.9987800756617293,0.0011937074706641266,2
2023-04-13,3.336106600241502e-05,5.0406307467047627e-11,0.9345253784113957,0.06544126047165855,2
2023-04-14,7.514342942324403e-05,1.0329961939707017e-10,0.9156421898214572,0.08428266664704066,2
2023-04-17,0.00015162959223623786,2.997220264799e-09,0.9966843211930106,0.003164046216043417,2
2023-04-18,7.880570554986728e-05,1.3322525974129458e-10,0.9996650181632833,0.0002561759961872748,2
2023-04-19,0.00029963989995918035,3.4143362265942457e-10,0.9995939550973512,0.00010640466171919636,2
2023-04-20,0.0012464155395639901,5.226979355447623e-09,0.9976539443272034,0.00109963490537356,2
2023-04-21,0.00431990916892114,7.422947977747558e-08,0.9659343682938668,0.029745648307961836,2
2023-04-26,0.006634611236149658,6.39608978761136e-09,0.07751451853522864,0.9158508638311742,3
2023-04-27,0.016357602102934667,2.34238482942772e-07,0.027371941697921627,0.9562702219605278,3
2023-04-28,0.6216742993116557,1.843518760276456e-05,0.03573321386187351,0.3425740516406304,0
2023-05-01,0.9460638742046035,2.5512552372178273e-05,0.020330129102309413,0.03358048414216294,0
2023-05-02,0.9891984286947909,3.7627928561709725e-06,0.0033146457846281088,0.007483162726024092,0
2023-05-03,0.9904521773594752,9.37280014793119e-07,0.0002526165549074829,0.009294268805083354,0
2023-05-04,0.997754182034406,2.831159559244844e-06,0.00015002371493393906,0.0020929630918269586,0
2023-05-05,0.9894658463063778,2.83566901071666e-06,1.6303947283959417e-05,0.010515014078984742,0
2023-05-10,0.9946766474528302,0.000869062607435925,1.8861590181111902e-05,0.004435428348449076,0
2023-05-11,0.9277589414584135,0.005863522889062057,6.825651091519566e-06,0.0663707100011822,0
2023-05-12,0.7530651221063132,0.0779257083307601,1.5671395215355003e-05,0.16899349816650636,0
2023-05-15,0.3378692468885247,0.16155975846951165,2.989397653243212e-06,0.5005680052435012,0
2023-05-16,0.054757874597362526,0.4130652705635211,1.2768944494071497e-07,0.5321767271500424,1
2023-05-17,0.013714875400590453,0.6317197871573079,7.375496288738755e-07,0.35456459989259925,1
2023-05-18,0.0012692280473069377,0.592467966006581,1.5213730049521258e-09,0.40626280442476526,1
2023-05-19,0.002015130442825721,0.9226893847904053,3.1629430588808094e-08,0.0752954531366145,1
2023-05-22,8.528236260662661e-05,0.9902571641202466,1.3084004192737204e-10,0.00965755338758767,1
2023-05-23,6.107681100219294e-06,0.9990902514376949,3.3236816874784957e-12,0.0009036408784276465,1
2023-05-24,1.5436801510303098e-06,0.9999270400026773,6.950422779561105e-13,7.141631676255527e-05,1
2023-05-25,1.3285665460172264e-06,0.9997580027014699,1.2377262745173503e-12,0.00024066873059644487,1
2023-05-26,1.5538604825931014e-06,0.9892495332339966,5.512632450773505e-13,0.01074891290321654,1
2023-05-29,2.781497650682309e-05,0.9840637532042861,9.725704430294873e-10,0.015908430846571325,1
2023-06-01,1.904476389287325e-05,0.973676455135327,7.720547172998479e-10,0.02630449933049426,1
2023-06-02,8.68871073153287e-06,0.8112273157680371,3.989725962602324e-13,0.18876399551960593,1
2023-06-05,0.00012887778433109276,0.9720997760644728,2.2894184341596783e-10,0.027771345923891532,1
2023-06-06,5.4948994955241415e-06,0.9993148407203024,8.61808381791121e-12,0.0006796643714570606,1
2023-06-07,1.4961995598065026e-06,0.9998222397422369,7.093827238514348e-13,0.00017626405665959147,1
2023-06-08,8.011364810474666e-07,0.999436344041444,2.5666495159146765e-13,0.0005628548227458432,1
2023-06-09,4.374964070950968e-05,0.998027344380682,6.3254394335836514e-12,0.0019289059722537685,1
2023-06-12,1.3860195460712261e-05,0.9994990798471572,1.1626447432098722e-11,0.0004870599462333286,1
2023-06-13,1.227138139493987e-05,0.9997691232972317,5.987960263480821e-12,0.0002186053158986524,1
2023-06-14,2.7265338299301188e-05,0.9995724034755308,4.809608594697172e-11,0.00040033113739643724,1
2023-06-15,0.0001051103118649753,0.9938772468018382,2.851300545499345e-10,0.006017642602025877,1
2023-06-16,0.00031508738222529506,0.9495114221771528,3.37786622022945e-11,0.05017349040554871,1
2023-06-19,0.00045367899228935507,0.9960807367080737,4.937898464667576e-09,0.0034655793611909937,1
2023-06-22,0.0003308883870733229,0.9990893653857091,5.362644759546237e-10,0.0005797456903547262,1
2023-06-23,0.00019359852095768114,0.9994894763459007,4.3402976494824004e-11,0.0003169250882170771,1
2023-06-28,1.1381199553627939e-05,0.9998951214069826,1.883834520283894e-12,9.34973933946873e-05,1
2023-06-29,9.769286520407844e-06,0.999736696838652,1.3783294142304149e-12,0.00025353387166401133,1
2023-06-30,2.4489389282950468e-05,0.9993907461711463,2.304369312750918e-11,0.000584764415425142,1
2023-07-03,8.195169521004261e-05,0.9980211092487371,2.407076046284572e-10,0.0018969388169468007,1
2023-07-04,0.000817407707460173,0.9736356993696657,7.619594268627917e-09,0.02554688530425239,1
2023-07-07,1.4514965726002667e-12,6.110612311324803e-14,1.102964573116635e-19,1.0,3
2023-07-10,0.015450751638784874,0.015480524616045495,3.9984213585178605e-07,0.9690683239023068,3
2023-07-11,0.07121502832724276,0.20119121403925824,1.165680704046092e-05,0.7275821008281705,3
2023-07-12,0.06285886932645844,0.1774413206965525,6.171027226110594e-06,0.7596936389492693,3
2023-07-13,0.00020674068445551076,0.004644353941702302,2.1420091798334973e-11,0.995148905351527,3
2023-07-14,0.013459059252299685,0.709525027013973,1.1842815995014386e-07,0.27701579530527415,1
2023-07-17,0.011227587424354342,0.9604187281674239,9.448399505161826e-08,0.028353589922417034,1
2023-07-18,0.005678948110618733,0.9927869550476495,9.232603968650427e-09,0.001534087608729649,1
2023-07-19,0.0024011170897440494,0.9973360537596768,2.8894823897369846e-09,0.000262826260914374,1
2023-07-20,0.0009463924743748335,0.99811950563493,8.939254007129444e-10,0.0009341009965720738,1
2023-07-21,0.00013681194142092952,0.9987072690698959,1.65439038209786e-10,0.0011559188250426114,1
2023-07-24,7.836979539734014e-05,0.9982397135823958,6.727802197050805e-11,0.001681916554204643,1
2023-07-25,0.0001717825650106113,0.9988212985598355,2.8099964615968414e-10,0.0010069185931847325,1
2023-07-26,0.009038343312281363,0.9744448843615134,1.7512852015359433e-09,0.016516770575413182,1
2023-07-27,0.20472762049598844,0.5132199928940941,2.3014463636514514e-08,0.28205236359476804,1
2023-07-28,0.7209659739663222,0.05130947900761403,7.807232373236921e-06,0.22771673979264337,0
2023-07-31,0.9222465710244747,0.005011246083144748,1.1485416936496619e-05,0.07273069747495825,0
2023-08-01,0.9956219925095544,0.00046443957572877295,2.576080178934508e-05,0.0038878071131820376,0
2023-08-02,0.9933613041891246,2.1158439531002204e-05,1.6852890658985902e-05,0.0066006844804730605,0
2023-08-03,0.9702370630979178,1.0117421165584736e-05,6.118448610531662e-05,0.029691634996499825,0
2023-08-04,0.9032936930113711,4.1312796465609575e-07,6.395578965779311e-06,0.0966994982820972,0
2023-08-07,0.963591148468596,5.2022336611816385e-06,5.2721312148197595e-05,0.03635092798420923,0
2023-08-08,0.9893689906095161,2.7490574328937246e-06,6.597174235873473e-05,0.010562288591961493,0
2023-08-09,0.9945293728320106,2.0876592816749768e-06,0.00012886058724351733,0.005339678921837811,0
2023-08-10,0.9988824252308147,1.254056043595522e-06,0.00014103401248616136,0.0009752866989520868,0
2023-08-11,0.9996576657814196,1.6999385054732662e-06,6.999861953319305e-05,0.00027063566173950225,0
2023-08-14,0.9998184821196938,1.833267164247693e-06,6.509312700778602e-05,0.0001145914879031823,0
2023-08-15,0.9987350469221069,1.7776551792947028e-06,3.528449282473583e-05,0.0012278909287019892,0
2023-08-16,0.9997901237975784,1.9519807443000107e-06,0.00010741692503357199,0.00010050729630424634,0
2023-08-17,0.9990815954415265,1.3164158455392328e-06,0.0005816667963708045,0.00033542134670098164,0
2023-08-18,0.996039436697845,3.468344557800813e-07,0.0020025682932536637,0.0019576481752870715,0
2023-08-21,0.9961259782928524,1.9967530714574967e-06,0.002546472554878519,0.0013255523980758882,0
2023-08-22,0.9864340954883527,2.4274827976589246e-07,0.0009038332295725632,0.012661828535081281,0
2023-08-23,0.9979550344271365,1.7507235288016373e-06,0.0007729502091069694,0.0012702646386822908,0
2023-08-24,0.9988187591764749,9.146607799029025e-07,8.075808068932745e-05,0.001099568082704417,0
2023-08-25,0.9998478327859729,2.5009199232869354e-06,5.47193131745575e-05,9.494698225015947e-05,0
2023-08-28,0.9995435943641026,1.5132269601034146e-06,3.3239400607762835e-05,0.0004216530081164144,0
2023-08-29,0.9999224304193137,3.636866393764572e-06,2.8756687371307514e-05,4.517602829187709e-05,0
2023-08-30,0.99992937152867,4.4631266661338766e-06,1.0280027910456459e-05,5.588531682954396e-05,0
2023-08-31,0.9999438261391523,1.0622639759619468e-05,6.473324904245546e-06,3.9077895343935126e-05,0
2023-09-01,0.9998368574502936,1.3108709876229062e-05,6.009744426899023e-06,0.00014402409585043222,0
2023-09-04,0.9972876864614278,4.470201923676461e-06,4.10099968312768e-06,0.0027037423382417535,0
2023-09-07,0.9997666057165127,1.6692945652372308e-05,6.478551412057476e-06,0.00021022278530363007,0
2023-09-08,0.9997096473925352,4.658965984413926e-06,1.1823050482670226e-05,0.0002738705921879206,0
2023-09-11,0.9997671969030271,1.6529026382572114e-06,0.0001659134800947119,6.523671526677185e-05,0
2023-09-12,0.9993560280687022,4.990625895617423e-07,0.00011118716135606359,0.0005322857089316381,0
2023-09-13,0.9997286089297218,1.6151769763262385e-06,0.00018148892670982806,8.828696556738196e-05,0
2023-09-14,0.9997469103329516,1.3789006395534947e-06,0.00017622350349198393,7.548726409584905e-05,0
2023-09-15,0.9997725310002896,1.8854992515154711e-06,7.994457344534261e-05,0.00014563892747738476,0
2023-09-18,0.9997283946891239,1.444951755888247e-06,0.00020811808105146532,6.204227754783256e-05,0
2023-09-19,0.9994398123375932,1.82014681296789e-06,0.0004540047016446985,0.00010436281420842147,0
2023-09-20,0.9975549874530539,4.77322085372098e-06,0.0019334638187151192,0.0005067755081159904,0
2023-09-21,0.9681027377382335,2.421781802979766e-05,0.00930318381534897,0.022569860627837272,0
2023-09-22,0.6580909266138786,5.567853620096608e-07,0.005694618267948153,0.3362138983326226,0
2023-09-25,0.6147529300869242,9.55275886272872e-05,0.017002098904449817,0.3681494434197603,0
2023-09-26,0.010965553486145361,1.2690105170484173e-10,3.942926798866624e-06,0.9890305034587074,3
2023-09-27,0.7209176145939568,0.00010161108733373848,0.06659152186574498,0.21238925245262988,0
2023-09-28,0.7364605482849775,1.1486732061924933e-05,0.06479636518514578,0.19873159979688376,0
2023-09-29,0.65556065770089,1.5508932280433785e-06,0.04763446309510575,0.2968033283102386,0
2023-10-02,0.6635079782419662,0.0002266879931377859,0.05935816789758947,0.276907165866359,0
2023-10-03,6.900784401334755e-05,8.575297858936051e-11,4.2630382111738006e-05,0.9998883616864794,3
2023-10-04,6.403360450385707e-07,4.766751704636823e-11,1.69060734066088e-06,0.9999976690078138,3
2023-10-05,5.868270417026514e-06,3.5949028030131985e-10,0.00013312495063355962,0.9998610064193011,3
2023-10-06,0.04869352951304545,2.4469586371503974e-05,0.12089535916765488,0.8303866417315385,3
2023-10-12,0.06361781714097482,1.1067525533724925e-07,0.004337102651566812,0.9320449695310582,3
2023-10-13,0.890339013331393,3.013185836903612e-05,0.006786092120636806,0.10284476268944495,0
2023-10-16,0.9944100158717534,1.6040301710501335e-05,0.0012900100745705482,0.0042839337508428325,0
2023-10-17,0.9993358075199715,1.5956372126451049e-06,0.00022450170699431967,0.000438095136518102,0
2023-10-18,0.9993141672539795,5.375462017058478e-06,0.00023093441184889624,0.0004495228708739733,0
2023-10-19,0.9765093830053679,8.280335237865753e-07,6.43352229579298e-05,0.023425453736851377,0
2023-10-20,0.9779212397222538,3.2182808372204873e-07,0.00024919895941073945,0.02182923948946141,0
2023-10-23,0.9988295368138267,2.3411597497382647e-06,0.00041573606128716994,0.0007523859644664999,0
2023-10-24,0.9997871695320258,1.4724036885807534e-06,7.953204156473005e-05,0.00013182602159687946,0
2023-10-25,0.9996558382409105,3.08751135877801e-06,2.5588322714459593e-05,0.0003154859253134386,0
2023-10-26,0.9995111480397181,5.7406986758342354e-06,4.17038665776126e-06,0.0004789408731405107,0
2023-10-27,0.9999324893412712,7.679462180648966e-06,8.882420939000364e-06,5.094877411231049e-05,0
2023-10-30,0.9999279323741825,1.1291076784056297e-05,9.105668925696374e-06,5.1670879266402226e-05,0
2023-10-31,0.9991952191528196,0.00010864406369361948,4.2445407603276605e-06,0.0006918922422033198,0
2023-11-01,0.9853097764244749,0.0010287702434601507,2.466224936984108e-06,0.01365898710532304,0
2023-11-02,0.9431921261732757,0.0022077000716990013,3.6060121708999053e-06,0.05459656774343128,0
2023-11-03,0.8120706375508596,0.00033777166719504645,8.714822518334414e-07,0.1875907192981053,0
2023-11-06,0.8749509815343439,0.029048734598043687,2.68976450392371e-06,0.09599759410391191,0
2023-11-07,0.8524922979423932,0.12897660941958936,3.873016646241411e-06,0.01852721962254693,0
2023-11-08,0.7509973591351065,0.22080627263021638,5.819910921545883e-06,0.028190548323927717,0
2023-11-09,0.5015507557670192,0.3863080338197161,6.180915493010613e-07,0.11214059232200317,0
2023-11-10,0.1575186878258443,0.8086536046929683,3.488933259656298e-07,0.03382735858798116,1
2023-11-13,0.05267243762890986,0.9151200645799155,5.907313298527764e-07,0.03220690706073174,1
2023-11-14,0.0032933154834875822,0.8547685880058825,2.4147096362097114e-08,0.1419380723647567,1
2023-11-15,0.0001562088644337665,0.7662084335262799,6.866425954163859e-12,0.23363535760316032,1
2023-11-16,0.0001650401631509621,0.9928779255151557,1.3433666620504886e-09,0.006957032976949941,1
2023-11-17,8.846315658953419e-07,0.9990427689537215,6.780920053594059e-13,0.0009563464128467259,1
2023-11-20,8.929766227498656e-07,0.9995774316760201,1.8363974320678828e-13,0.0004216753461288289,1
2023-11-21,8.052854543843462e-07,0.9997124235829976,2.0400308959352896e-14,0.00028677113095447584,1
2023-11-22,3.7468659244088573e-07,0.9999409975625289,1.1056565099019898e-14,5.8627749668901487e-05,1
2023-11-23,3.9017381113578194e-07,0.9999345419961803,2.343758867706813e-15,6.506783117302927e-05,1
2023-11-28,2.4681757813470565e-07,0.9999469726589382,4.426003554657751e-15,5.278052303799503e-05,1
2023-11-29,5.084975494162267e-07,0.9998174737682326,3.40786292760336e-15,0.00018201773316241406,1
2023-11-30,3.3616921379765286e-07,0.9998539429297127,7.588940326936711e-14,0.00014572090008976648,1
2023-12-01,2.6045588080873565e-07,0.9991933628866543,1.4399700409378933e-13,0.0008063766558187241,1
2023-12-04,2.762407511416036e-07,0.9949288216953461,3.8904570286882805e-13,0.005070902063540165,1
2023-12-05,1.4255688830954949e-08,0.9664432084556539,9.180451468121967e-14,0.0335567772902853,1
2023-12-06,6.933485817757767e-09,0.8918609905663862,5.76906728124455e-14,0.10813900250112742,1
2023-12-07,1.2572779345639894e-07,0.8763964127713555,8.959344037581235e-12,0.12360346149194425,1
2023-12-08,4.5226474161022244e-05,0.8249573655519302,1.3930352626860083e-10,0.17499740783370316,1
2023-12-11,0.05072404627281206,0.617445685826173,4.717400517720127e-07,0.33182979616010144,1
2023-12-12,0.09784694134744243,0.5328319260210054,3.387693910370151e-06,0.36931774493721514,1
2023-12-13,0.14021767035545918,0.11738646771727741,5.746539907676588e-07,0.7423952872733343,3
2023-12-14,0.19281993728719357,0.04403894940622715,1.5955656805895196e-05,0.7631251576486909,3
2023-12-15,0.2020563868938445,0.08537496409326666,3.596559603513619e-06,0.7125650524529418,3
2023-12-18,0.07267881714675314,0.7219859016836119,7.18125158295533e-08,0.2053352093576003,1
2023-12-19,0.014058049194165725,0.9757757942105454,1.6014974278986153e-08,0.010166140580777121,1
2023-12-20,0.005244038296145121,0.9931698270752558,2.1516565229529213e-09,0.0015861324774818488,1
2023-12-21,0.0006962785620090837,0.9989205510449701,4.743807307685793e-10,0.00038316991937790984,1
2023-12-22,8.139850737814484e-05,0.9992214083375041,9.264784678810378e-12,0.0006971931446472662,1
2023-12-25,1.5525195637701922e-05,0.9996454870064092,3.4332312344417943e-12,0.0003389877931357866,1
2023-12-29,4.8525950300668545e-06,0.9997723557041619,2.605062992389836e-12,0.00022279169686251137,1
2024-01-01,2.627405688235956e-06,0.999053092968604,3.9986849621980114e-14,0.0009442796245770068,1
2024-01-04,7.201182028654172e-07,0.9999098956865224,1.5049713601231456e-13,8.938419465693614e-05,1
2024-01-05,9.124905078801401e-06,0.9998703692099052,7.456929308122413e-13,0.00012050588568096599,1
2024-01-08,5.254660161178068e-05,0.9995334654032125,3.808936026424154e-12,0.0004139879904376284,1
2024-01-09,0.0003249418600699486,0.9994365785152117,3.580299203433721e-10,0.00023847926770993445,1
2024-01-10,0.000168333349772511,0.9994874779973181,2.1551508820319964e-10,0.0003441884391857126,1
2024-01-11,0.00015200514361972907,0.9981608834472434,7.584267164290886e-10,0.001687110651705376,1
2024-01-12,3.695375761525494e-06,0.9900409442906972,2.263322075375182e-12,0.009955360330796555,1
2024-01-15,7.850776955567374e-07,0.9902540258816964,1.2720459820743389e-11,0.00974518902934274,1
2024-01-18,8.242468232016333e-06,0.9849862261364791,7.471437624340955e-12,0.015005531388025994,1
2024-01-19,0.004584748050310543,0.9878607007317055,2.276853048205197e-08,0.007554528449758079,1
2024-01-22,0.026609349718472196,0.9684760973708677,5.700462286651624e-08,0.004914495905377144,1
2024-01-23,0.0976498959424834,0.8983183133807026,1.1847234167199742e-07,0.0040316722028154485,1
2024-01-24,0.2885088480971094,0.6954484113799702,9.998943000255347e-08,0.016042640533771246,1
2024-01-25,0.8313422694427335,0.1604746292594855,1.1761477816837346e-06,0.008181925151286741,0
2024-01-26,0.9817691835410256,0.015375718429807715,2.8961205100555147e-06,0.002852201907510693,0
2024-01-29,0.9985692222376288,0.0008668119979715329,4.244445588578905e-06,0.0005597213178585468,0
2024-01-30,0.9995119305467087,4.6951400430317815e-05,1.363388056910646e-05,0.00042748417179760593,0
2024-01-31,0.9990225466603874,7.049653191324208e-06,0.0007407030970378954,0.00022970059083484576,0
2024-02-01,0.9800269472174029,6.128997665174906e-05,0.01160203972993233,0.008309723074447927,0
2024-02-02,0.5395482196803849,5.356610653634553e-08,0.11009563779547171,0.35035608895636244,0
2024-02-07,0.007138607987853901,6.476222854000085e-10,0.9863072328872995,0.0065541584772916715,2
2024-02-08,6.838481030011851e-06,1.4522185594750001e-12,0.9999085465627015,8.461495461673507e-05,2
2024-02-09,1.1994472539170276e-06,2.7461431561122172e-14,0.9999797073381962,1.9093213391372862e-05,2
2024-02-12,8.414359243887726e-07,1.0774852856050891e-14,0.9999788658620244,2.029270089001715e-05,2
2024-02-13,9.538261985230175e-07,1.64873235436111e-13,0.9999525708196686,4.647535298104784e-05,2
2024-02-14,5.202665395020645e-07,7.0052345878919416e-15,0.9992381457345669,0.0007613340002751267,2
2024-02-15,6.543568206660421e-08,3.907057710269417e-14,0.9999749593814345,2.4975181094511458e-05,2
2024-02-16,2.3181720130859323e-08,1.3256997783254458e-15,0.999966036730402,3.3940087730967365e-05,2
2024-02-22,1.3943801518437804e-09,3.1831385445847016e-15,0.9999182501580786,8.174844581656677e-05,2
2024-02-23,4.2675981642367403e-10,4.2913258367591506e-15,0.9993460611821384,0.0006539383908058402,2
2024-02-26,2.7283580992437445e-10,1.2133575107427764e-15,0.9993667330782429,0.0006332666475279447,2
2024-02-27,1.5494552413903864e-09,6.318624186817955e-15,0.9999362880586613,6.371039037659163e-05,2
2024-02-28,3.455046311139998e-09,4.142487896747866e-16,0.9999384800255485,6.151652043995201e-05,2
2024-02-29,2.024074298078284e-08,1.0060795712342293e-15,0.999964219932573,3.575982818698123e-05,2
2024-03-01,1.5427666235587865e-08,9.52265015696254e-16,0.9999770529625379,2.2931610677142495e-05,2
2024-03-04,9.64274466317086e-09,8.102227236767479e-16,0.9999653807270936,3.46096297965509e-05,2
2024-03-05,6.716743039247302e-07,1.5351029959952072e-14,0.9999171342890177,8.21940372002453e-05,2
2024-03-06,1.7286056787436597e-05,2.233760419353071e-12,0.9999495876192676,3.312632020079563e-05,2
2024-03-07,5.131826382240183e-05,8.707923146280851e-13,0.9998004848299913,0.00014819690709883841,2
2024-03-08,2.946340911796364e-05,2.6763818582034044e-12,0.999899189736774,7.134685153769227e-05,2
2024-03-11,2.724091120825797e-07,6.990126540437593e-14,0.9998974998164044,0.00010222777346226461,2
2024-03-12,5.966147124245909e-06,3.050925866132904e-13,0.9997905065709135,0.0002035272805488532,2
2024-03-13,8.800196950738023e-07,7.899540438800468e-14,0.9999327239569017,6.639602416337876e-05,2
2024-03-14,8.304682742692919e-07,5.151013237568158e-14,0.9999621402603387,3.702927156766149e-05,2
2024-03-15,1.2154315961756076e-06,5.799379614289253e-15,0.9999215086165044,7.727595039758174e-05,2
2024-03-18,1.5961580772069409e-06,1.3446735022565935e-13,0.999979349099205,1.905474341008756e-05,2
2024-03-19,1.9896380878414863e-06,1.7130886983512652e-14,0.999917145482151,8.086488068484476e-05,2
2024-03-20,5.988429047224391e-07,2.539511829747663e-13,0.9999497771375129,4.96240177519765e-05,2
2024-03-21,8.096266030711917e-07,1.485449563066461e-14,0.9995897907370985,0.00040939963539018346,2
2024-03-22,8.589988399104364e-06,1.9924622676901325e-12,0.9999355960648353,5.581394553035809e-05,2
2024-03-25,6.034641480208378e-06,1.3360973015300224e-13,0.9999293400514632,6.462530836106918e-05,2
2024-03-26,6.98310285822046e-06,1.1678304683553787e-13,0.9999652033417659,2.7813553771335035e-05,2
2024-03-27,1.0218468380780234e-05,1.7286395398638102e-13,0.9999646858646976,2.509566589561832e-05,2
2024-03-28,1.2380737747447093e-05,1.3265286932252229e-13,0.9999376935686914,4.9925692454411194e-05,2
2024-03-29,9.377203249502578e-06,2.014725034128383e-13,0.9999540213377622,3.6601457561803236e-05,2
2024-04-04,1.0251739459903325e-06,1.7787320962885393e-14,0.9999676692447428,3.1305579977171574e-05,2
2024-04-05,2.8517619733582965e-07,3.9930278291323546e-13,0.9999539174382323,4.579738553079504e-05,2
2024-04-10,1.2063142805453153e-06,1.4290942459175977e-11,0.9974755743404566,0.0025232193306514144,2
2024-04-11,3.081705978396182e-07,1.2904943976137337e-14,0.6896583150822465,0.3103413767472318,2
2024-04-12,1.1678959218815785e-06,1.2072575915428645e-10,0.9733666653270903,0.026632166655770614,2
2024-04-15,6.082943579638774e-07,9.072312305670664e-11,0.9960089764491642,0.003990415166684265,2
2024-04-16,1.569897003327734e-06,5.218584305341789e-13,0.997492690333961,0.0025057397680310145,2
2024-04-17,3.898697476372583e-06,1.151565152399213e-11,0.9999029064738056,9.319481606434285e-05,2
2024-04-18,4.061625232327957e-06,8.870174279015065e-14,0.9998376964390263,0.0001582419372147927,2
2024-04-19,2.4445903912361764e-07,2.2128498508513426e-14,0.9999543198384325,4.5435702298865e-05,2
2024-04-22,8.692763691212433e-07,1.3873665346231103e-13,0.9999661876795791,3.29430455941115e-05,2
2024-04-23,0.0002607979291443034,2.3926566025251824e-11,0.9995316495003931,0.00020755254530306486,2
2024-04-24,0.02928206132224495,1.7341727201611475e-09,0.964757884894173,0.005960052049344811,2
2024-04-25,0.6556176088701126,2.9092634115825713e-07,0.3404156092258118,0.003966490976757508,0
2024-04-26,0.952603285957145,1.6902009820391822e-06,0.04674925595672081,0.0006457678854340932,0
2024-05-01,0.9965095524065916,2.062304484534434e-06,0.003076841876368778,0.0004115434137724974,0
2024-05-06,0.9998095127108602,9.84291094080648e-06,3.18006920651841e-05,0.00014884368459240784,0
2024-05-07,0.9998866533201226,3.503548566825371e-05,4.024374044533493e-06,7.428682022024146e-05,0
2024-05-08,0.999649005131085,0.00013645676411240496,3.1965498817255767e-06,0.00021134155424725465,0
2024-05-09,0.9989291014712316,0.0008390159586565944,3.714070977439436e-06,0.00022816850044557758,0
2024-05-10,0.9888053289418824,0.007595264498945933,1.0771987341035855e-05,0.0035886345726862225,0
2024-05-15,0.8380905225477281,0.056091463175008564,1.7724240645417454e-05,0.10580029003807064,0
2024-05-16,0.018851466705736303,0.02112374582775933,2.289445205873829e-10,0.9600247872386801,3
2024-05-17,0.0002886762861258785,0.9783159953379487,1.9477948725864076e-10,0.021395328179370607,1
2024-05-20,4.478229471192723e-06,0.9994210434199003,1.0347912738800843e-12,0.0005744783484602728,1
2024-05-21,1.8937261996321775e-09,0.9999617968190976,4.5297140326927823e-17,3.8201288128509965e-05,1
2024-05-22,2.091809899714437e-09,0.9999596812173962,5.2594926150792794e-18,4.031669109389881e-05,1
2024-05-23,3.3132542710578674e-11,0.999937747782113,1.1554418655700409e-19,6.225218299932914e-05,1
2024-05-24,5.055252859918581e-10,0.9999309806835059,5.470060310304085e-18,6.901881100048807e-05,1
2024-05-27,5.388888047706352e-09,0.9998664381708627,1.0149614313707379e-15,0.00013355643874313398,1
2024-05-30,6.230055251168468e-09,0.9957308191609908,1.5104027272745247e-17,0.004269174609599428,1
2024-05-31,7.913651912995752e-09,0.999867766864244,5.412895048588243e-16,0.0001322252223257049,1
2024-06-03,5.145429382049786e-10,0.9999732920006474,5.948626604025659e-18,2.6707485335460518e-05,1
2024-06-04,1.947095388082725e-09,0.999919767748984,2.339156555119054e-17,8.023030461177125e-05,1
2024-06-05,1.7160827328782e-08,0.9996127877275389,1.0390476529310953e-16,0.00038719511116526835,1
2024-06-06,1.3657353852872321e-07,0.999914963852998,1.2075072989411782e-13,8.489957279030419e-05,1
2024-06-07,1.6854645920416128e-07,0.9982130041056483,1.423153397296231e-13,0.001786827347490678,1
2024-06-10,5.409887959667422e-07,0.8504765189560096,4.124174436374683e-15,0.1495229400550843,1
2024-06-11,9.290034397639643e-06,0.9797899064742124,9.820128677624635e-12,0.02020080348088519,1
2024-06-12,1.8518725184707289e-06,0.9993373578486285,6.127905191447323e-12,0.0006607902710103837,1
2024-06-13,9.37576317546402e-07,0.9997088192838072,3.210207574905376e-14,0.00029024314111165625,1
2024-06-14,1.0089611047943644e-07,0.9999413950756485,7.781725352478043e-14,5.850402795944099e-05,1
2024-06-17,4.4566303976166446e-07,0.9979479128193985,7.742232716449219e-16,0.0020516415168448715,1
2024-06-18,8.504223762796965e-07,0.9999303764898544,1.1591527843033001e-13,6.877308796357062e-05,1
2024-06-19,1.2373337139435337e-06,0.9999546911063821,4.7996061282258745e-15,4.407156133194418e-05,1
2024-06-24,2.6878110756535523e-08,0.999968203039171,7.009577490038921e-17,3.177008181743755e-05,1
2024-06-25,1.1525281574949523e-08,0.9999524608851694,1.2639193041755323e-17,4.752759041277646e-05,1
2024-06-26,1.2693204790084497e-08,0.9999637413445962,1.821029932649159e-16,3.624596286770001e-05,1
2024-06-27,1.878046063157111e-08,0.9997859393574651,3.246356946804926e-17,0.00021404186310718405,1
2024-06-28,5.889211432212502e-09,0.9999560203499406,1.8201507924454368e-16,4.397376231452881e-05,1
2024-07-01,3.5504153788822326e-08,0.9998342243905547,3.1032235309561587e-15,0.00016574010630918508,1
2024-07-02,8.956809968682941e-08,0.9976932061954423,3.767224176901468e-16,0.002306704236376887,1
2024-07-03,8.928357241029841e-08,0.9999195694150371,2.877366923576707e-14,8.034130075161382e-05,1
2024-07-04,9.333626411563486e-10,0.9998552158188851,1.9987667435297434e-18,0.00014478324695187358,1
2024-07-09,1.1927298548414252e-08,0.999957691408872,1.0204769882661098e-16,4.229666290060395e-05,1
2024-07-10,1.6511450535198948e-08,0.9999523866702948,2.856854300776195e-17,4.759681910943169e-05,1
2024-07-11,1.9902835960600994e-08,0.999957807073521,2.4167397090395775e-16,4.2173022943652835e-05,1
2024-07-12,2.33208094619861e-08,0.9997322514633508,3.936580531788252e-17,0.00026772521415753943,1
2024-07-15,1.6523266291528508e-08,0.9998916440846658,2.405210272957568e-15,0.00010833939101030269,1
2024-07-16,1.6159172235582327e-08,0.9990647951098465,5.861645313786839e-17,0.0009351887292209538,1
2024-07-17,7.240516881960795e-09,0.9999480871571105,5.563466296631038e-16,5.190560338512722e-05,1
2024-07-18,3.395320457887512e-08,0.9999242845513575,1.1805482466682305e-16,7.568149508591626e-05,1
2024-07-19,2.2036894658521256e-10,0.9999166419185975,1.1591686011110614e-18,8.335785947614975e-05,1
2024-07-22,2.7988929566969257e-10,0.9999533878712885,8.297998791836235e-19,4.661184719787744e-05,1
2024-07-23,2.974101977038113e-09,0.9999734279446558,1.958031690674423e-17,2.6569082083307757e-05,1
2024-07-24,3.557129733175314e-09,0.9998684739067558,6.46071855974203e-17,0.00013152253742618327,1
2024-07-25,3.631803209992418e-11,0.9992337652904139,3.040513662971223e-19,0.0007662346716740707,1
2024-07-26,5.510667362191949e-12,0.9998264245306963,1.927756654120703e-19,0.00017357546202070905,1
2024-07-29,6.699923300052153e-12,0.9999651635582149,2.1358955092541312e-19,3.4836434912198984e-05,1
2024-07-30,3.976108452647257e-12,0.9998416121680007,1.3500054601815752e-20,0.00015838782845577185,1
2024-07-31,3.7520952856650166e-11,0.9999415999400771,1.0124637943655469e-17,5.840002164272708e-05,1
2024-08-01,8.601577146349418e-08,0.9985174595224924,1.9821684059714588e-14,0.0014824544605724845,1
2024-08-02,2.094621654365007e-07,0.9740257451192228,5.797325634511248e-13,0.02597404541866967,1
2024-08-05,1.628527638247918e-09,0.21794551867101294,3.6328598040962383e-16,0.7820544797015504,3
2024-08-06,7.677994468831799e-09,0.33866124568434053,3.8433214366186855e-14,0.6613387466389711,3
2024-08-07,2.231557598210909e-07,0.8439905427071958,7.963786824069007e-12,0.15600923413026782,1
2024-08-08,3.1048108289020826e-08,0.8884180548114826,5.819186089883635e-15,0.11158191413927152,1
2024-08-09,5.255415482676078e-09,0.9970873904857358,5.3728626465796367e-14,0.002912604258002489,1
2024-08-12,2.2353225727653493e-09,0.9977498862813662,2.7222269418729273e-14,0.002250111485051831,1
2024-08-13,3.4848928434628814e-09,0.9820831533706726,2.07448795931427e-15,0.017916843144614263,1
2024-08-14,3.602178717322782e-08,0.9879687651652975,1.6020999234847002e-12,0.012031198810921297,1
2024-08-15,2.0319774993569343e-08,0.8963373811438424,2.679543346271656e-16,0.10366259853583856,1
2024-08-16,2.059972123244809e-09,0.9936414123213464,5.928313860352625e-15,0.00635858561902058,1
2024-08-19,2.7066778837596556e-11,0.9992516558626046,1.7416822927245422e-16,0.0007483441090794369,1
2024-08-20,4.250848788860655e-11,0.9964551891086316,3.951244640978517e-19,0.0035448108499452663,1
2024-08-21,2.681725217875192e-11,0.9999030551908634,4.75890937484605e-18,9.694478081063988e-05,1
2024-08-22,4.840899745857778e-12,0.9999350467837543,1.5712213733397365e-19,6.495321308051778e-05,1
2024-08-23,4.8516592132659465e-12,0.9996853637376559,1.3673151063009275e-18,0.0003146362579658572,1
2024-08-26,3.997022363172122e-11,0.9961083909432392,4.0082438904240166e-20,0.0038916090153236684,1
2024-08-27,1.483695531939709e-10,0.9999005192048389,4.631495986591688e-17,9.948064783501982e-05,1
2024-08-28,1.9927066235973173e-10,0.9999236332680739,1.053787496017728e-18,7.636653346322908e-05,1
2024-08-29,4.1375634624897617e-10,0.9999440900415344,2.8771814832620862e-18,5.5909546046920255e-05,1
2024-08-30,1.5479444374068641e-09,0.999927892017355,2.60060686897984e-18,7.210643532673888e-05,1
2024-09-02,1.2698820864362989e-09,0.999966890164332,2.736725908477673e-17,3.310856656546812e-05,1
2024-09-05,1.4512324631273314e-08,0.9997681808713458,6.787321858594725e-17,0.00023180461814787458,1
2024-09-06,1.934152755926836e-08,0.9998182236009558,7.823582979449823e-15,0.00018175705671285167,1
2024-09-09,2.333729016706225e-09,0.9969891904147123,4.44603457254906e-18,0.003010807251070756,1
2024-09-10,7.851014089823897e-08,0.9998517243256609,1.5146717116208723e-14,0.0001481971654018561,1
2024-09-11,4.7712718959593794e-08,0.9999322501639792,1.3523076148565673e-15,6.770212193741173e-05,1
2024-09-12,1.7504038180080527e-07,0.9998648321099072,4.235856768024983e-15,0.00013499284950180222,1
2024-09-13,2.9039768232082973e-07,0.9996379938657213,1.5405305948330827e-15,0.00036171573712299093,1
2024-09-18,1.4263821464706946e-06,0.9999224378802295,1.8478188528959592e-13,7.613573703745098e-05,1
2024-09-19,4.8237994239187966e-08,0.9998434887566845,4.837037221183473e-15,0.000156463005029063,1
2024-09-20,1.1070728255229402e-08,0.9983890137106873,1.14125398566804e-17,0.0016109752196555552,1
2024-09-23,1.1893916638858851e-08,0.99993684334271,1.1724538058780028e-15,6.314476420648369e-05,1
2024-09-24,1.3830185710954667e-11,0.9999367693872746,2.904726250185826e-19,6.323060055270766e-05,1
2024-09-25,5.355081491922977e-12,0.9997372982129673,7.014527212346548e-20,0.0002627017810726029,1
2024-09-26,1.1282349271127381e-11,0.9995499044655445,1.1380264512204364e-18,0.0004500955235265099,1
2024-09-27,5.941718973975248e-11,0.9996730977168393,7.808043512959962e-17,0.00032690222376091947,1
2024-10-02,3.0566264240801447e-09,0.9936344277360661,3.638865327783455e-17,0.006365569205831928,1
2024-10-03,1.3039646847296281e-08,0.9995267655259774,1.3055938825447e-13,0.0004732214358280754,1
2024-10-04,5.195204285609617e-07,0.9969681455392501,2.1823432065044083e-12,0.003031334937835474,1
2024-10-07,2.872917185465453e-05,0.8807643987708065,5.5265069614809064e-11,0.11920687200327466,1
2024-10-08,9.443768869741198e-16,1.1814851777657855e-10,7.281052259015052e-25,0.9999999998835847,3
2024-10-09,0.0003150571200960553,0.9791438089753961,1.6540493075902902e-09,0.02054113225071421,1
2024-10-10,3.275226940239655e-05,0.998294608994121,6.422644440847301e-10,0.0016726380942767441,1
2024-10-11,1.1725355389396787e-05,0.997771728382036,6.511150036706431e-12,0.0022165462551849953,1
2024-10-17,7.052981570630913e-05,0.9988472337354019,5.913051032372409e-11,0.0010822363899682308,1
2024-10-18,3.992667926441778e-07,0.9998183124497145,2.916383881643345e-14,0.00018128828349891428,1
2024-10-21,3.2221166182823645e-07,0.9999224810851534,4.9408631742711376e-14,7.719670452300945e-05,1
2024-10-22,2.086510474798245e-06,0.9992671411531213,3.3153210007780345e-14,0.0007307723353729413,1
2024-10-23,2.1085229491546576e-06,0.9998439183602914,2.80028085441916e-13,0.00015397311788671375,1
2024-10-24,2.132145847651944e-06,0.9998840204820898,6.330812940562417e-14,0.00011384737091927968,1
2024-10-25,5.352164997772133e-06,0.999900323690225,1.3272272394915457e-13,9.43241441412747e-05,1
2024-10-28,1.04783948359686e-05,0.9999040629520374,6.127155774155183e-13,8.545865088664194e-05,1
2024-10-29,5.0211462521797904e-05,0.9998328025959577,4.7460530641293016e-12,0.00011698593743023308,1
2024-10-30,0.0017114586491330497,0.9974894095475624,2.2256798632338616e-10,0.0007991315794438439,1
2024-10-31,0.034376710445202935,0.9445668375754975,5.88228302234847e-09,0.021056446097981612,1
2024-11-01,0.13848165897651823,0.7714534125269659,4.499535664802857e-07,0.09006447854247601,1
2024-11-04,0.21743415606379085,0.4607900194632798,5.628448531921281e-07,0.32177526162884756,3
2024-11-05,0.27582935200280984,0.2774161422123486,5.617338490022604e-06,0.44674888844473976,3
2024-11-06,0.2679174640567113,0.12670869386563566,3.7576981534130754e-05,0.6053362650949801,3
2024-11-07,3.944007846050974e-09,5.088082647748327e-13,2.0020768737209237e-14,0.999999996056431,3
2024-11-08,0.0026407780126013244,1.1667913368698908e-07,1.2129899546576774e-07,0.9973589840088459,3
2024-11-11,0.4057100805974022,0.00013849439336335954,0.00021473103991180033,0.5939366939698001,0
2024-11-14,0.60839761945302,0.0007653246412198256,6.755533691756176e-06,0.3908303003737066,0
2024-11-15,0.9779582463532004,0.001805428279967381,3.0468136472563516e-05,0.020205857231977063,0
2024-11-18,0.9981484726094714,0.0006823438717909646,3.0272686838290024e-06,0.0011661562486453985,0
2024-11-19,0.9993174133681609,0.00048587802787249346,1.8468403194577973e-06,0.00019486176194204375,0
2024-11-20,0.9983458799169711,0.0014444898472789998,1.8874389983859005e-06,0.00020774279723786483,0
2024-11-21,0.9934399942950581,0.00591655097939128,5.24521501459164e-06,0.0006382095119775183,0
2024-11-22,0.9236996000340778,0.06989764104743247,3.0213788455779977e-06,0.006399737539097394,0
2024-11-25,0.2862360378386652,0.6949964993395693,5.787787785895474e-07,0.018766884043780466,1
2024-11-26,0.05372470741493158,0.9120296417774578,4.501299448733566e-09,0.03424564630812818,1
2024-11-27,0.0033537256457058157,0.9946999572141842,3.7066934934858758e-09,0.0019463134325775498,1
2024-11-28,0.0002710229544593763,0.9979990466643374,1.5847945630479452e-11,0.001729930363925677,1
2024-12-03,6.782601840547008e-07,0.9997797058088603,5.221928733984488e-14,0.00021961593120587767,1
2024-12-04,1.1122500427940199e-06,0.9999457586723174,4.584296137548817e-14,5.312907782504426e-05,1
2024-12-05,5.04924480928526e-06,0.9998911655423368,1.1339197325524309e-13,0.00010378521299092257,1
2024-12-06,1.1150711654531737e-06,0.9997875011287438,3.4655864414149974e-13,0.00021138380020178606,1
2024-12-09,7.912650441499423e-07,0.9971198354606929,5.587815394809034e-15,0.0028793732734949287,1
2024-12-10,1.0059056488774771e-06,0.9998127733064895,2.451160048913922e-12,0.00018622078372935544,1
2024-12-11,2.6384890001681455e-06,0.9993904372622814,2.644449270104262e-12,0.000606924244688238,1
2024-12-12,4.6180338805795134e-06,0.9956520846728923,7.680095260972685e-14,0.004343297293520946,1
2024-12-13,5.142168178745754e-06,0.999808153330769,1.2477423679083453e-11,0.00018670448883766056,1
2024-12-16,0.0009726875894294723,0.9983592456852276,1.3578411417844538e-10,0.0006680665892180812,1
2024-12-17,0.04326240093340474,0.9496294492745931,8.679250091503033e-09,0.007108141113755453,1
2024-12-18,0.1336905373632986,0.8493001816534126,1.7671841340447898e-07,0.017009104266355362,1
2024-12-19,0.4418719337128196,0.1924280629616064,1.6562737435092343e-07,0.3656998376982307,0
2024-12-20,0.7394216859016067,0.11925703111243639,8.856795136187051e-06,0.14131242619225556,0
2024-12-23,0.8760733146026917,0.09991519753501776,3.608737230597602e-06,0.024007879125391676,0
2024-12-24,0.9050732769238394,0.09056828973632816,1.5939760970347126e-06,0.0043568393644552745,0
2024-12-25,0.9147100629817619,0.08459716393822596,9.040421896562871e-07,0.0006918690395395298,0
2024-12-31,0.9215585548850829,0.07706941746728957,5.886334022578283e-07,0.0013714390136020677,0
2025-01-01,0.9388372185540643,0.05989221660975852,6.397709797745177e-07,0.001269925066869315,0
2025-01-06,0.9700718043297412,0.028706740287276964,8.410475996141348e-07,0.0012206143342315405,0
2025-01-07,0.990305492702849,0.004694571160712389,7.14713925432589e-07,0.004999221421378967,0
2025-01-08,0.9976539929472352,0.0008688769706606471,2.7354549722693036e-06,0.0014743946258157757,0
2025-01-09,0.9963801555860369,0.0005568455650347068,7.179592416338123e-07,0.003062280891369339,0
2025-01-10,0.9988968300244598,0.0006921827497681504,9.59193583027156e-07,0.00041002803250824127,0
2025-01-13,0.9990709867973789,0.0003243287238389416,1.2651137744181543e-06,0.0006034193632233519,0
2025-01-14,0.9989442890223856,9.73875974733929e-05,1.3164855929109933e-06,0.0009570068937264016,0
2025-01-15,0.9997790685574004,1.1033165240038562e-05,5.048486170657572e-06,0.00020484978999096588,0
2025-01-16,0.9985332485306374,7.74628476348447e-06,2.528218083003033e-06,0.0014564769647551867,0
2025-01-17,0.9997281214056791,0.00011676218099051506,1.5762497362507893e-06,0.00015354016479647881,0
2025-01-20,0.9997125074433932,7.450045316906355e-05,2.471613943663067e-06,0.00021052048852095262,0
2025-01-23,0.999155549156227,6.875089549008385e-05,1.036565155429609e-06,0.0007746633830725692,0
2025-01-24,0.9997454154340975,7.109952062453573e-05,1.3131599322408546e-06,0.00018217188460999757,0
2025-01-29,0.9998939773505601,1.632998727715945e-05,4.970756769800363e-06,8.472190605047727e-05,0
2025-01-30,0.9999312887190609,3.7833701568381825e-06,2.5592990742913817e-05,3.933492176819117e-05,0
2025-01-31,0.9999419646553223,4.45339112937658e-06,2.023372749430053e-05,3.334822525931203e-05,0
2025-02-03,0.9998147124536078,2.284417683246084e-06,1.598884685384108e-05,0.00016701428153256738,0
2025-02-04,0.9999225395720441,6.18101844245265e-06,1.3173344518369395e-05,5.8106066193061654e-05,0
2025-02-05,0.9995447768482778,2.784149670753048e-06,4.870194016423903e-06,0.000447568809006355,0
2025-02-06,0.998460087024276,1.0026861835649252e-05,5.138465764129173e-06,0.001524747647819352,0
2025-02-07,0.9997578514418319,3.1515979854810946e-06,0.00017935388487757848,5.964307658654545e-05,0
2025-02-12,0.9981691966188506,1.081117662826128e-06,0.001706350407180626,0.0001233718549169816,0
2025-02-13,0.9933122284186922,1.1829003045363798e-06,0.006550966091352451,0.00013562258957969814,0
2025-02-14,0.9807519757458362,3.043052490854226e-07,0.01810211473150365,0.0011456052181469866,0
2025-02-17,0.9565366717529701,1.0296963492674907e-06,0.04305357296059491,0.0004087255886233919,0
2025-02-20,0.9055168963188907,6.500835856829748e-07,0.0924582425583324,0.0020242110381061434,0
2025-02-21,0.9225138466186957,2.2849790548183717e-07,0.07304008282830521,0.0044458420538852185,0
2025-02-24,0.9700350904245214,1.2660387971269186e-06,0.028369059958420328,0.0015945835765117,0
2025-02-25,0.983903838640428,1.4689192021729989e-06,0.015411194659904894,0.0006834977813755153,0
2025-02-26,0.987288072328787,7.119493800450468e-07,0.006521293026006901,0.006189922695019395,0
2025-02-27,0.9931741461814405,1.8815204803487938e-06,0.006212434048201866,0.0006115382494862995,0
2025-02-28,0.9921775811176199,8.90882204693853e-07,0.005726289379504559,0.002095238621291163,0
2025-03-03,0.9839344849847272,1.241598687596159e-06,0.005481870935445031,0.01058240248070216,0
2025-03-04,0.9707562957412423,5.4986167336779616e-06,0.01039656289856301,0.01884164274369683,0
2025-03-05,0.8663184088598712,6.698557487847609e-06,0.008656287179726638,0.1250186054039298,0
2025-03-06,0.6127466705738849,1.2014734413429922e-07,0.000374177046001231,0.38687903223261233,0
2025-03-07,0.7795145668318499,2.9269481381863936e-06,0.0023881410000966222,0.21809436521966882,0
2025-03-10,0.9823194041084864,1.4275971601092346e-05,0.002496461648165953,0.015169858272316377,0
2025-03-11,0.9928203430957272,9.377953651911377e-07,0.00030492550782055796,0.0068737936006367665,0
2025-03-12,0.998089383624317,1.6576044700678149e-06,0.00011138887847616723,0.0017975698932398134,0
2025-03-13,0.9944144240730461,9.210180807505193e-07,2.488371912189543e-05,0.005559771189117139,0
2025-03-14,0.9998022165276325,3.1649817564952577e-06,5.487470531177445e-05,0.00013974378408030614,0
2025-03-17,0.9998418341259692,2.3527465640324425e-06,2.8163643658805208e-05,0.00012764948238915298,0
2025-03-18,0.9998064424462422,4.2172858762453374e-06,5.105447808559125e-05,0.00013828578800591807,0
2025-03-19,0.9982984778584965,4.448309525768531e-06,0.0015007585211759189,0.0001963153115839759,0
2025-03-20,0.9663799451702123,1.7008956575861435e-06,0.028323102613592867,0.005295251318868688,0
2025-03-21,0.0911975345907572,1.492009093995947e-08,0.9041086293018576,0.004693821187899168,2
2025-03-24,0.005706952374984792,3.6309172410344465e-10,0.9938793649090196,0.00041368235439269316,2
2025-03-25,6.027293095869671e-05,6.102535531954425e-12,0.9999079099966622,3.181706459363349e-05,2
2025-03-26,6.653165303421836e-06,2.470625817798949e-13,0.9999638066075717,2.9540226282695417e-05,2
2025-03-27,4.362903962050047e-06,7.016583698747842e-14,0.9999359584424578,5.967865421224399e-05,2
2025-03-28,2.7842131697060797e-06,6.531484108082489e-13,0.9999392280864908,5.7987698305348576e-05,2
2025-03-31,6.003207477467305e-05,4.760186753124408e-12,0.9994430882311389,0.0004968796905556052,2
2025-04-01,4.202219455843264e-05,6.175928179202278e-11,0.9997077128753175,0.00025026486928263577,2
2025-04-02,2.2673908659516452e-06,4.276185869502562e-11,0.9996306825729429,0.0003670499952228242,2
2025-04-03,3.685017412164207e-05,6.376417378630273e-10,0.9900605863948063,0.009902562793681149,2
2025-04-04,2.5510429866931344e-09,3.089806053900211e-16,0.0011453799659991322,0.9988546174831346,3
2025-04-07,1.8283419784005422e-10,6.284675158711507e-14,7.189660421737444e-07,0.9999992808518839,3
2025-04-08,3.076185868364064e-09,1.0427130647273905e-12,2.977999086115256e-05,0.999970216933125,3
2025-04-09,1.747168202740489e-07,5.693982942995144e-10,0.0020158051505406306,0.997984019563251,3
2025-04-10,9.391063144465102e-09,5.169748044480128e-11,9.727403086503423e-05,0.9999027165279286,3
2025-04-11,1.3977080966719214e-07,1.2353935777440268e-11,0.0005476477817161686,0.9994522124344849,3
2025-04-14,1.1655799998038502e-06,1.7973434079294455e-12,0.014923964139923028,0.9850748702794864,3
2025-04-15,2.3327067119278026e-05,1.5792683200819428e-08,0.9465659964802641,0.05341066065964201,2
2025-04-16,2.3613496999592137e-06,2.1527343557678668e-11,0.9641686388205358,0.03582899980841756,2
2025-04-17,4.821607814765527e-06,4.6769520669669466e-11,0.9975356915610452,0.002459486785797398,2
2025-04-18,1.8282860948840844e-05,5.45029251147341e-10,0.99960025782547,0.00038145877002433915,2
2025-04-24,0.0004335155894021589,1.2122994591876376e-09,0.9959993498369207,0.0035671333599270475,2
2025-04-25,0.0015809148085837476,1.384287958476255e-09,0.9880763763291714,0.010342707478940637,2
2025-04-30,0.12696619723558655,3.943634298797705e-07,0.870928925753389,0.0021044826486399525,2
2025-05-01,0.5283449325248187,3.3201915019400275e-07,0.47011408750519973,0.001540647952491429,0
2025-05-08,0.6869868479055582,3.7166743832129073e-07,0.30403537332944336,0.00897740709865306,0
2025-05-09,0.7628231992902539,7.156265822493412e-07,0.23495682931126916,0.00221925577062098,0
2025-05-12,0.8214510388201184,8.416554935213451e-07,0.17709523896463158,0.0014528805584969138,0
2025-05-13,0.8878703250700014,3.106908358838327e-07,0.09486161982533771,0.01726774441456579,0
2025-05-14,0.9337553951746885,5.569095459657087e-07,0.061910966236098264,0.004333081681236799,0
2025-05-15,0.9652078990762003,9.055194698606716e-07,0.034247692889013207,0.000543502513764373,0
2025-05-16,0.9993018656779004,7.716548324518823e-06,0.0005742189616711299,0.00011619881058065619,0
2025-05-19,0.9998746219304822,1.7890127776777176e-05,1.187472889732509e-05,9.561321418675008e-05,0
2025-05-20,0.9978290035537509,3.976089121136014e-06,2.7803957716374174e-06,0.002164239961665139,0
2025-05-21,0.9996870916026988,6.9001786172792865e-06,6.762386219198728e-06,0.00029924583313998713,0
2025-05-22,0.9997449293966868,4.729054896921106e-06,6.543562568378994e-06,0.00024379798517564595,0
2025-05-23,0.9998755719209078,6.626092956842649e-06,1.944026968764917e-05,9.836171672734627e-05,0
2025-05-26,0.9984186632687874,1.404860360680078e-06,0.0004494926383282963,0.001130439232680414,0
2025-05-29,0.9790473794605871,1.3999054577636677e-06,0.01807083383967993,0.002880386794413064,0
2025-05-30,0.8387380906385007,2.5263891258892945e-07,0.1583869927656832,0.002874663957295305,0
2025-06-02,0.12024981182866176,9.912781031995014e-08,0.878359468972609,0.0013906200697836875,2
2025-06-03,0.00547005867289786,8.584029827368818e-10,0.9927741765555913,0.0017557639148843118,2
2025-06-04,0.0004614693768825726,5.180455693034226e-11,0.9992930690484827,0.0002454615241607373,2
2025-06-05,2.1688181960207907e-06,1.4867770426821191e-13,0.9999552824259429,4.254875639922875e-05,2
2025-06-06,6.042364124903693e-07,2.984010383711426e-14,0.9999721095370213,2.7286226676953194e-05,2
2025-06-09,2.6317047010517916e-06,2.4529900024864062e-14,0.9999224733295838,7.489496611042954e-05,2
2025-06-10,1.1943902657924397e-06,1.6134755564243405e-14,0.9999632439710162,3.5561638639463464e-05,2
2025-06-11,7.185981829601633e-07,1.3237748899583611e-14,0.9999809342478696,1.8347154186512613e-05,2
2025-06-12,4.053709748144319e-06,8.105042443515903e-14,0.9999659437977562,3.0002494182538937e-05,2
2025-06-13,1.0130360220877225e-05,3.380460580599865e-13,0.9998696624643286,0.000120207176342948,2
2025-06-16,9.724025475951576e-06,7.02609576896578e-13,0.9997333806630363,0.00025689530936900555,2
2025-06-17,5.962403184938123e-05,3.5081317170795007e-11,0.9998669551351265,7.342079863028824e-05,2
2025-06-18,0.00031664734242276666,1.940387880707031e-11,0.9993442696983198,0.0003390829382443292,2
2025-06-19,0.00010298677390532155,5.7430453194108476e-11,0.999827889731664,6.912343621153938e-05,2
2025-06-24,9.221978068150675e-05,8.552624547965262e-12,0.9997229302709917,0.00018484993870967328,2
2025-06-25,0.0001248364127260897,1.423539495579857e-11,0.9997198252265127,0.0001553383474235536,2
2025-06-26,0.0001220804642871357,1.149904724645112e-11,0.9997836481313738,9.427139236187708e-05,2
2025-06-27,6.41864338799275e-06,4.855592830021684e-13,0.9999283424722505,6.52388852186014e-05,2
2025-06-30,0.00013081115552815602,2.4536986984489306e-11,0.9998303382586253,3.8850559967189326e-05,2
2025-07-01,0.0017852404470060147,2.0003971893310452e-10,0.9976926296938287,0.0005221296596339592,2
2025-07-02,7.8725332863502e-05,1.1465568866974396e-10,0.9996139817596909,0.00030729279294033354,2
2025-07-03,1.8627591432112245e-05,2.2919090341763797e-12,0.9995611173506836,0.0004202550541837454,2
2025-07-04,4.540450271750259e-08,1.4018746167690689e-14,0.9999153578490535,8.459674537214806e-05,2
2025-07-09,1.199101887556967e-08,1.342656181980313e-15,0.9999715243737084,2.8463636149841482e-05,2
2025-07-10,1.0365316183100338e-08,3.800958730188788e-16,0.9999670440894065,3.29455453700284e-05,2
2025-07-11,7.1824617885187275e-09,1.3191439049310564e-15,0.999973361433259,2.6631386086100796e-05,2
2025-07-14,1.2918981243442977e-08,2.7549530233651013e-15,0.9999047718863209,9.521519554990942e-05,2
2025-07-15,2.7938649633588623e-09,5.405067828504286e-16,0.999671251105923,0.00032874610141173755,2
2025-07-16,6.489587555699294e-10,2.248267315784705e-15,0.9999193927981123,8.060655114309655e-05,2
2025-07-17,4.651590005886702e-10,3.002928809518482e-15,0.9999356092734857,6.439026183771255e-05,2
2025-07-18,9.206982753015325e-13,1.13384841672768e-16,0.9993456422193419,0.0006543577807712097,2
2025-07-21,1.1714265012876975e-12,5.545061587212168e-15,0.9994485541884344,0.0005514458107574059,2
2025-07-22,4.6551827231474195e-12,6.625315765941946e-16,0.997381100244735,0.0026188997503654695,2
2025-07-23,3.002547572914416e-11,5.115369771330361e-15,0.9992079027115397,0.0007920972587099688,2
2025-07-24,1.78810189107677e-11,1.7927330522201363e-15,0.99978298287468,0.00021701710617379706,2
2025-07-25,2.541054802897148e-11,4.2312254559434334e-15,0.9997998863565659,0.00020011361750815236,2
2025-07-28,5.728478569266416e-11,7.187114487537804e-14,0.9990069727964784,0.000993027146057544,2
2025-07-29,1.4019853475892018e-11,1.9808295799510146e-14,0.9798580762299212,0.020141923754378316,2
2025-07-30,3.265631632914134e-11,3.5962675110023052e-12,0.9576439220453103,0.04235607791663228,2
2025-07-31,2.0407165935513555e-15,1.7800501003939897e-15,0.7108716070498402,0.2891283929512167,2
2025-08-01,1.2721866764239457e-12,5.526554207538197e-12,0.7490149712556337,0.2509850287384727,2
2025-08-04,1.2114142098951435e-11,3.2169002766974037e-15,0.7291357018916993,0.2708642980973172,2
2025-08-05,1.7109062072391423e-09,1.9269932128162583e-12,0.9737536809846005,0.026246317302520576,2
2025-08-06,1.231678907035173e-10,4.55749891397672e-13,0.9981472501740549,0.0018527497005099186,2
2025-08-07,1.308511023880847e-10,1.5061200801104526e-15,0.999129296500074,0.0008707033699099972,2
2025-08-08,3.7007059809550474e-09,5.591982638839406e-15,0.9999487239378927,5.12723603872031e-05,2
2025-08-11,6.3611779222287695e-09,1.0521087383029607e-15,0.99997405269654,2.5940941319253646e-05,2
2025-08-12,4.793116485923339e-09,4.064691229926617e-15,0.9999433078582854,5.668734896291841e-05,2
2025-08-13,2.820661158628796e-09,1.908902195294551e-16,0.9994990327698405,0.0005009644082484931,2
2025-08-14,3.3322008803489506e-09,5.150777059556753e-15,0.9999675281721337,3.2468497411144854e-05,2
2025-08-15,1.0145220049741709e-08,9.391289307310012e-16,0.9999574850678278,4.250478578472591e-05,2
2025-08-18,5.85487783507924e-09,1.1130298577416106e-15,0.9999329233956914,6.707074909917278e-05,2
2025-08-19,2.067836698228914e-08,9.541054532052563e-16,0.9998826098203406,0.00011736950304414275,2
2025-08-20,1.5179421845669312e-08,1.4803453111580921e-15,0.9999785963335454,2.1388487703756824e-05,2
2025-08-21,4.745505190961879e-08,3.3501266650690033e-15,0.9999823431748116,1.760936978308266e-05,2
2025-08-22,5.524226589360799e-11,1.9112066639289672e-16,0.9998920776048185,0.00010792233899200122,2
2025-08-25,3.3094964091625414e-10,1.3661685969413958e-16,0.9996470802411719,0.000352919428666646,2
2025-08-26,2.595343026836345e-09,3.714722042282104e-15,0.9999226983393427,7.729906479124823e-05,2
2025-08-27,6.143406058497852e-10,1.8942918912413826e-16,0.9999445838005502,5.541558434482083e-05,2
2025-08-28,1.8069815339679811e-09,5.386525512484077e-16,0.9999632847039684,3.6713490315810874e-05,2
2025-08-29,3.8090396280240145e-09,2.4720185211170537e-16,0.9999392935297543,6.0702662781035176e-05,2
2025-09-01,1.343371752906995e-08,3.2638648250659374e-15,0.9999713215039798,2.8665063575726705e-05,2
2025-09-04,6.86025523001753e-07,1.1277151259598633e-14,0.9998897967244775,0.00010951725055494675,2
2025-09-05,1.0026163453523955e-05,1.1981315094778812e-12,0.9999494233437161,4.055049334939899e-05,2
2025-09-08,6.209576858678111e-05,1.107980879529213e-12,0.9998581434774065,7.976075429866419e-05,2
2025-09-09,6.302057017678453e-05,4.530309536637885e-12,0.9998917004017523,4.527902195129228e-05,2
2025-09-10,0.00015981987831692384,2.2528543819657774e-11,0.9997971058567853,4.307424099285614e-05,2
2025-09-11,0.0014589214720782178,2.0430163455749857e-10,0.9984571443349604,8.393398857315507e-05,2
2025-09-12,0.014302894656745438,1.9324199334423296e-09,0.9852857073938432,0.00041139601731535094,2
2025-09-15,0.02855065482441409,2.5832815876769688e-08,0.9711601613408001,0.0002891580012979976,2
2025-09-16,0.0362957934563978,4.321591914960955e-08,0.9627757751311753,0.0009283881955347118,2
2025-09-17,0.024448774502463144,7.552822468217805e-09,0.9751083166644262,0.000442901280765665,2
2025-09-18,0.009840052600492526,1.0690320416020605e-08,0.9900475276163452,0.00011240909288973406,2
2025-09-19,0.003756799507005095,1.6452217143144847e-09,0.9958052735597386,0.000437925289703002,2
2025-09-22,0.008102632396314919,5.145186324439244e-09,0.9916754353134672,0.00022192714443998308,2
2025-09-23,0.08372522977288878,1.0011666056089923e-08,0.9145445986739648,0.0017301615417543673,2
2025-09-24,0.45454660359676136,2.5654748223177466e-07,0.5444395903288523,0.0010135495258118733,0
2025-09-25,0.5919758971200214,5.941684979679705e-07,0.40698162420863865,0.0010418845037130243,0
2025-09-26,0.619915657544927,3.853382598025185e-07,0.37900231257641326,0.0010816445397999824,0
2025-10-01,0.7737883529079017,7.099641221513762e-07,0.22546972609152033,0.0007412110355238074,0
2025-10-02,0.8400983516145749,1.0129838516037749e-06,0.15910367363024028,0.0007969617721677803,0
2025-10-03,0.8524341868068384,6.992902022530327e-07,0.14716353334533777,0.00040158055866856206,0
2025-10-06,0.9109259467631231,8.58479248456159e-07,0.08871993158349158,0.0003532631733751805,0
2025-10-07,0.9679702317771206,4.789677907478946e-07,0.030758142908062426,0.0012711463467871664,0
2025-10-08,0.9914110231494299,1.1852800749120955e-06,0.008330824658624144,0.00025696691089002033,0
2025-10-09,0.9991483934172584,2.8872366840966136e-06,0.0007839867753253142,6.473256933451337e-05,0
2025-10-10,0.999846164675068,2.4119519218565666e-06,8.296230640105382e-05,6.846106593597897e-05,0
2025-10-16,0.999837626906713,4.350205328863335e-06,8.70252445349182e-06,0.00014932036508859273,0
2025-10-17,0.9996659076242927,2.185554362909656e-06,1.432697519308745e-05,0.00031757984552822514,0
2025-10-20,0.9998982491962418,2.401805713471653e-06,4.773056711461418e-05,5.161843075849391e-05,0
2025-10-21,0.9999057992051565,2.6672003988709443e-06,5.155995648756097e-05,3.9973636295695676e-05,0
2025-10-22,0.9998897006524124,2.8414357079991796e-06,5.26740793661566e-05,5.478383075240587e-05,0
2025-10-23,0.999861062458214,2.8903252703596477e-06,9.755648078372652e-05,3.8490734427666813e-05,0
2025-10-24,0.999095688503202,2.8307677978523337e-06,0.0008412281821093469,6.0252546907241396e-05,0
2025-10-27,0.9886010450113282,8.682867623019778e-07,0.010969898737987415,0.00042818796286474265,0
2025-10-28,0.9744651803426695,1.2296691275655645e-06,0.02531535271311359,0.00021823727633157956,0
2025-10-29,0.9308269732040887,9.693974545696733e-07,0.06883501921165873,0.0003370381860941348,0
2025-10-30,0.888733371184362,1.7963652904500245e-06,0.10988713549256164,0.0013776969571049713,0
2025-10-31,0.3908410734828589,6.946436485204217e-08,0.6056273794462554,0.0035314776047594646,2
2025-11-03,0.042275688992664866,6.859866009513508e-09,0.9567720215490251,0.0009522825999224654,2
2025-11-06,0.00022115760221899796,1.7433773543422166e-11,0.9995725263502789,0.0002063160306070244,2
2025-11-07,9.524702022170738e-06,7.318994828310516e-13,0.9999592241675478,3.1251130922923574e-05,2
2025-11-10,1.5435944652393524e-05,4.880741626811708e-13,0.9999503113079967,3.425274569319451e-05,2
2025-11-11,5.181412327193421e-05,2.400656948435448e-12,0.9998497903010114,9.83955727721065e-05,2
2025-11-14,0.0003646660913073943,6.344357565322304e-11,0.9995563608614059,7.897298282976087e-05,2
2025-11-17,0.0006628996139461828,1.2824354775717347e-10,0.9992143088965411,0.0001227913623324253,2
2025-11-18,0.0007660983236206528,2.64436916243017e-10,0.9991373906540376,9.651075652455807e-05,2
2025-11-19,0.0014271856720973403,5.567959463467277e-10,0.9984679827961784,0.00010483097436126513,2
2025-11-20,0.0014039361072069963,1.2199552864449933e-09,0.9983915105661614,0.00020455210744737076,2
2025-11-21,0.0007756852567853426,1.448617392994125e-10,0.998555013518297,0.000669301080896934,2
2025-11-24,0.00033855404128739947,2.1096160582817706e-10,0.9996055431133175,5.590263454023022e-05,2
2025-11-25,0.00048751785782065953,1.560554847905048e-10,0.9994555206163406,5.696136870323718e-05,2
2025-11-26,0.0009716715246184829,1.2395197605826593e-10,0.9988286914181655,0.00019963693147282812,2
2025-11-27,0.00040057312030172116,5.784488371571762e-11,0.9995296358788007,6.979094394763827e-05,2
2025-12-02,1.1131531205616155e-05,3.540571447174843e-13,0.9999302128940757,5.8655573021483345e-05,2
2025-12-03,5.423989798193007e-07,1.8027707361262357e-14,0.9999725565849542,2.6901015881214203e-05,2
2025-12-04,5.009368462221393e-08,7.661384600290719e-16,0.999961315769464,3.86341358742278e-05,2
2025-12-05,4.031333137908157e-09,1.0415817837631924e-15,0.9999727966049615,2.71993646100507e-05,2
2025-12-08,2.9734089863245466e-11,1.2313625792242515e-16,0.9999022107090402,9.778926106195784e-05,2
2025-12-09,2.8607718607070515e-10,2.461185310297239e-15,0.9997356033870968,0.00026439632727657934,2
2025-12-10,1.0301122094446822e-11,4.438363064202316e-15,0.999394469311441,0.0006055306791443901,2
2025-12-11,1.1512280540086902e-11,2.74374585304329e-16,0.9986251204659035,0.0013748795209445944,2
2025-12-12,2.6007814122363636e-11,2.4888790911602244e-15,0.9998519145710337,0.00014808540138694858,2
2025-12-15,6.606151164528568e-11,5.206992253932713e-16,0.9998621854705435,0.00013781446465205687,2
2025-12-16,1.1950844134555393e-10,8.16012707098078e-16,0.9998298056908338,0.00017019419131259996,2
2025-12-17,2.798028420452898e-10,1.0099003348013274e-15,0.9997746782494107,0.00022532146912439702,2
2025-12-18,1.7678976256079678e-09,9.48702772667529e-16,0.9998675497383896,0.00013244849517924753,2
2025-12-19,5.050241155720312e-09,1.4977425260646553e-15,0.9999715180110647,2.8476939139041866e-05,2
2025-12-22,1.887176940955719e-08,7.57015244702717e-16,0.9999662565441918,3.372458353104562e-05,2
2025-12-23,7.243013720106506e-08,1.869350979277146e-15,0.999957960920803,4.196664847560376e-05,2
2025-12-24,9.203594302819878e-09,5.000365636811148e-16,0.9999495786630154,5.041213333571107e-05,2
2025-12-25,4.616938382376226e-09,1.1447031484546249e-14,0.9999686887849635,3.13065969817865e-05,2
2025-12-31,7.273602595256842e-06,5.3272753753855245e-11,0.9992164575531345,0.0007762687909631282,2
